Ph_Index1,Ph_Index2,GPS_Seconds,Latitude,Longitude,Along_Track_Dist,WGS84_Ellipsoid_Height,labels,Geoid_Corrected_Ortho_Height
3447947,3447947,1346004899.74262,37.7111070312227,23.351628046602,4196021.43727633,35.166862,1,-1.1805
3447948,3447948,1346004899.74262,37.7111070483599,23.3516280894515,4196021.43872401,35.956226,1,-0.3911
3447949,3447949,1346004899.74262,37.7111070457625,23.351628082957,4196021.43872544,35.836586,1,-0.5107
3447950,3447950,1346004899.74272,37.7111134954457,23.3516273580197,4196022.15726277,36.24585,1,-0.1015
3447951,3447951,1346004899.74272,37.7111134940064,23.3516273544209,4196022.15726373,36.179554,1,-0.1678
3447952,3447952,1346004899.74272,37.7111134945054,23.3516273556685,4196022.15726325,36.202538,1,-0.1448
3447953,3447953,1346004899.74272,37.7111134929003,23.3516273516552,4196022.15697333,36.128605,1,-0.2187
3447954,3447954,1346004899.74272,37.7111134915741,23.3516273483392,4196022.15697381,36.067516,1,-0.2798
3447955,3447955,1346004899.74282,37.7111199284263,23.3516265963956,4196022.87435195,35.97646,1,-0.3709
3447956,3447956,1346004899.74282,37.7111199189867,23.3516265727926,4196022.87348363,35.54165,1,-0.8057
3447957,3447957,1346004899.74282,37.7111199138872,23.351626560042,4196022.87319562,35.30676,1,-1.0406
3447958,3447958,1346004899.74282,37.7111199316671,23.3516266044987,4196022.87464091,36.125732,1,-0.2216
3447959,3447959,1346004899.74282,37.7111199118277,23.3516265548924,4196022.8729057,35.211895,1,-1.1354
3447960,3447960,1346004899.74282,37.7111199290144,23.351626597866,4196022.874351,36.003548,1,-0.3438
3447961,3447961,1346004899.74282,37.7111199253865,23.3516265887947,4196022.87406251,35.836437,1,-0.5109
3447962,3447962,1346004899.74282,37.7111199340052,23.3516266103451,4196022.87493083,36.233433,1,-0.1139
3447963,3447963,1346004899.74292,37.7111263764355,23.3516258673937,4196023.59288785,36.313457,1,-0.0339
3447964,3447964,1346004899.74292,37.7111263732762,23.3516258594943,4196023.59259841,36.16794,1,-0.1794
3447965,3447965,1346004899.74292,37.7111263717874,23.3516258557715,4196023.59259936,36.099358,1,-0.248
3447966,3447966,1346004899.74292,37.7111263749989,23.3516258638017,4196023.59288833,36.247288,1,-0.1
3447967,3447967,1346004899.74292,37.7111263727156,23.3516258580926,4196023.59259841,36.142117,1,-0.2052
3447968,3447968,1346004899.74302,37.7111328091407,23.3516251052247,4196024.30997512,36.03673,1,-0.3106
3447969,3447969,1346004899.74302,37.7111328087192,23.3516251041708,4196024.30997607,36.017315,1,-0.33
3447970,3447970,1346004899.74302,37.7111328122838,23.3516251130839,4196024.31026408,36.18151,1,-0.1658
3447971,3447971,1346004899.74302,37.7111328052775,23.3516250955651,4196024.30968711,35.858784,1,-0.4886
3447972,3447972,1346004899.74302,37.7111328112691,23.3516251105467,4196024.31026504,36.134773,1,-0.2126
3447973,3447973,1346004899.74302,37.7111328105903,23.3516251088492,4196024.31026551,36.1035,1,-0.2438
3447974,3447974,1346004899.74312,37.7111392533215,23.351624366817,4196025.0282211,36.203255,1,-0.1441
3447975,3447975,1346004899.74312,37.7111392509106,23.3516243607886,4196025.02793166,36.0922,1,-0.2551
3447976,3447976,1346004899.74312,37.7111392544574,23.3516243696573,4196025.02851054,36.25558,1,-0.0918
3447977,3447977,1346004899.74312,37.7111392290394,23.351624306101,4196025.02620122,35.084755,1,-1.2626
3447978,3447978,1346004899.74312,37.7111392481059,23.3516243537756,4196025.02793357,35.96301,1,-0.3843
3447979,3447979,1346004899.74312,37.7111392239215,23.3516242933042,4196025.02562329,34.849014,1,-1.4983
3447980,3447980,1346004899.74312,37.7111392525046,23.3516243647744,4196025.0282211,36.165627,1,-0.1817
3447981,3447981,1346004899.74312,37.7111392500937,23.3516243587461,4196025.02793262,36.054573,1,-0.2928
3447982,3447982,1346004899.74322,37.7111456900138,23.3516236148063,4196025.7458882,36.11655,1,-0.2308
3447983,3447983,1346004899.74322,37.7111456647089,23.3516235515325,4196025.74358031,34.950928,1,-1.3964
3447984,3447984,1346004899.74322,37.7111456893515,23.3516236131502,4196025.74559733,36.08604,1,-0.2613
3447985,3447985,1346004899.74332,37.7111521175606,23.3516228350175,4196026.46239993,35.52373,1,-0.8236
3447986,3447986,1346004899.74332,37.7111521320512,23.3516228712506,4196026.46384284,36.191216,1,-0.1561
3447987,3447987,1346004899.74332,37.7111521296225,23.3516228651777,4196026.46355388,36.07934,1,-0.268
3447988,3447988,1346004899.74332,37.7111521343536,23.3516228770077,4196026.46384093,36.29727,1,-0.0501
3447989,3447989,1346004899.74332,37.7111521131573,23.3516228240072,4196026.46211287,35.320904,1,-1.0264
3447990,3447990,1346004899.74332,37.7111520908435,23.3516227682124,4196026.4600949,34.293056,1,-2.0543
3447991,3447991,1346004899.74332,37.711152131088,23.3516228688423,4196026.46355292,36.14685,1,-0.2005
3447992,3447992,1346004899.74342,37.7111585678592,23.3516221172626,4196027.18121764,36.07115,1,-0.2762
3447993,3447993,1346004899.74342,37.7111585663234,23.3516221134225,4196027.18092868,36.00041,1,-0.3469
3447994,3447994,1346004899.74342,37.7111585678265,23.3516221171807,4196027.18121764,36.06964,1,-0.2777
3447995,3447995,1346004899.74342,37.7111585600195,23.3516220976596,4196027.18035266,35.710026,1,-0.6373
3447996,3447996,1346004899.74342,37.7111585699162,23.351622122406,4196027.18121669,36.1659,1,-0.1814
3447997,3447997,1346004899.74342,37.7111585452302,23.3516220606794,4196027.17920253,35.028778,1,-1.3186
3447998,3447998,1346004899.74342,37.7111585711887,23.351622125588,4196027.18150565,36.22452,1,-0.1228
3447999,3447999,1346004899.74342,37.711158540127,23.3516220479189,4196027.17862555,34.79371,1,-1.5536
3448000,3448000,1346004899.74352,37.7111650106521,23.3516213758524,4196027.89917228,36.1885,1,-0.1588
3448001,3448001,1346004899.74352,37.7111650098073,23.3516213737399,4196027.89917323,36.149582,1,-0.1978
3448002,3448002,1346004899.74352,37.7111649954748,23.3516213379017,4196027.89773318,35.489376,1,-0.858
3448003,3448003,1346004899.74352,37.711165009109,23.351621371994,4196027.89917514,36.11742,1,-0.2299
3448004,3448004,1346004899.74362,37.7111714188902,23.351620553204,4196028.61425063,34.80682,1,-1.5405
3448005,3448005,1346004899.74362,37.7111714464874,23.3516206222108,4196028.61654899,36.078064,1,-0.2693
3448006,3448006,1346004899.74362,37.7111714451009,23.3516206187439,4196028.61655089,36.014194,1,-0.3331
3448007,3448007,1346004899.74362,37.7111714103134,23.3516205317576,4196028.6133866,34.41174,1,-1.9356
3448008,3448008,1346004899.74362,37.7111714490438,23.351620628603,4196028.616837,36.19582,1,-0.1515
3448009,3448009,1346004899.74372,37.711177884786,23.3516198698632,4196029.33421657,35.997257,1,-0.3501
3448010,3448010,1346004899.74372,37.7111778896196,23.3516198819495,4196029.33479354,36.21991,1,-0.1274
3448011,3448011,1346004899.74372,37.7111778895267,23.3516198817172,4196029.33479354,36.215633,1,-0.1317
3448012,3448012,1346004899.74372,37.7111778875838,23.351619876859,4196029.33450553,36.126133,1,-0.2212
3448013,3448013,1346004899.74372,37.7111778662342,23.351619823474,4196029.33278319,35.142677,1,-1.2047
3448014,3448014,1346004899.74372,37.7111778595939,23.35161980687,4196029.33191726,34.8368,1,-1.5105
3448015,3448015,1346004899.74382,37.7111843257081,23.3516191292636,4196030.05217025,36.130505,1,-0.2168
3448016,3448016,1346004899.74382,37.7111843279596,23.3516191348936,4196030.0524573,36.23422,1,-0.1131
3448017,3448017,1346004899.74382,37.7111843282472,23.3516191356126,4196030.0524573,36.247463,1,-0.0999
3448018,3448018,1346004899.74382,37.711184326748,23.3516191318638,4196030.05216929,36.178406,1,-0.1689
3448019,3448019,1346004899.74382,37.7111843240798,23.3516191251921,4196030.05188033,36.055496,1,-0.2918
3448020,3448020,1346004899.74392,37.7111907592185,23.3516183652874,4196030.76926181,35.83899,1,-0.5083
3448021,3448021,1346004899.74392,37.7111907349926,23.3516183047097,4196030.76725623,34.723026,1,-1.6243
3448022,3448022,1346004899.74402,37.7111971700882,23.3516175499065,4196031.48463771,34.598206,1,-1.7491
3448023,3448023,1346004899.74402,37.7111971722801,23.3516175553874,4196031.48463485,34.699177,1,-1.6482
3448024,3448024,1346004899.74402,37.711197174851,23.3516175618163,4196031.48492286,34.81761,1,-1.5297
3448025,3448025,1346004899.74402,37.711197205352,23.3516176380853,4196031.48779151,36.22264,1,-0.1247
3448026,3448026,1346004899.74402,37.711197205097,23.3516176374477,4196031.48779151,36.210896,1,-0.1364
3448027,3448027,1346004899.74402,37.7111972060096,23.3516176397296,4196031.48779151,36.25293,1,-0.0944
3448028,3448028,1346004899.74402,37.7111972015772,23.3516176286462,4196031.48721549,36.04875,1,-0.2986
3448029,3448029,1346004899.74412,37.7112036385546,23.3516168787487,4196032.20488307,36.01617,1,-0.3312
3448030,3448030,1346004899.74412,37.7112036330039,23.3516168648687,4196032.20430896,35.760475,1,-0.5869
3448031,3448031,1346004899.74412,37.7112036416736,23.3516168865478,4196032.20517013,36.159847,1,-0.1875
3448032,3448032,1346004899.74412,37.7112036437205,23.3516168916662,4196032.20516726,36.25414,1,-0.0932
3448033,3448033,1346004899.74412,37.7112036412018,23.351616885368,4196032.20517108,36.138115,1,-0.2092
3448034,3448034,1346004899.74412,37.7112036084484,23.3516168034664,4196032.20201537,34.62932,1,-1.718
3448035,3448035,1346004899.74422,37.7112100826915,23.3516161419426,4196032.92312762,36.230778,1,-0.1166
3448036,3448036,1346004899.74422,37.7112100771362,23.3516161280512,4196032.92255351,35.97487,1,-0.3725
3448037,3448037,1346004899.74422,37.7112100811475,23.3516161380818,4196032.92283961,36.159653,1,-0.1877
3448038,3448038,1346004899.74422,37.7112100764018,23.3516161262149,4196032.92255542,35.94104,1,-0.4063
3448039,3448039,1346004899.74422,37.7112100783699,23.3516161311363,4196032.9225516,36.031704,1,-0.3156
3448040,3448040,1346004899.74422,37.7112100491765,23.351616058136,4196032.91997668,34.686886,1,-1.6604
3448041,3448041,1346004899.74432,37.7112165188803,23.3516153854831,4196033.64051291,36.085274,1,-0.2621
3448042,3448042,1346004899.74432,37.7112165184068,23.351615384299,4196033.64051291,36.06346,1,-0.2839
3448043,3448043,1346004899.74432,37.7112165194521,23.3516153869128,4196033.64051101,36.111614,1,-0.2357
3448044,3448044,1346004899.74432,37.7112164852464,23.3516153013787,4196033.63736197,34.535896,1,-1.8114
3448045,3448045,1346004899.74432,37.7112165189832,23.3516153857402,4196033.64051291,36.09001,1,-0.2573
3448046,3448046,1346004899.74432,37.7112165203264,23.3516153890992,4196033.6405091,36.15189,1,-0.1954
3448047,3448047,1346004899.74452,37.7112293967787,23.3516138920958,4196035.07585189,36.15599,1,-0.1913
3448048,3448048,1346004899.74452,37.7112293928041,23.3516138821567,4196035.07556769,35.972893,1,-0.3744
3448049,3448049,1346004899.74452,37.7112293956382,23.3516138892437,4196035.0758538,36.10345,1,-0.2439
3448050,3448050,1346004899.74452,37.7112293538126,23.3516137846544,4196035.0721421,34.176697,1,-2.1706
3448051,3448051,1346004899.74452,37.7112293983878,23.3516138961193,4196035.0761399,36.230114,1,-0.1172
3448052,3448052,1346004899.74452,37.7112293855366,23.3516138639837,4196035.0749974,35.638107,1,-0.7092
3448053,3448053,1346004899.74452,37.7112293960088,23.3516138901705,4196035.0758538,36.120525,1,-0.2268
3448054,3448054,1346004899.74452,37.7112293976529,23.3516138942818,4196035.07584998,36.196262,1,-0.1511
3448055,3448055,1346004899.74462,37.7112358331391,23.3516131418129,4196035.79323623,36.126263,1,-0.2211
3448056,3448056,1346004899.74462,37.7112358323575,23.3516131398585,4196035.79323623,36.09026,1,-0.2571
3448057,3448057,1346004899.74462,37.7112357946012,23.3516130454444,4196035.78981254,34.350952,1,-1.9964
3448058,3448058,1346004899.74462,37.7112358328796,23.3516131411639,4196035.79323623,36.114307,1,-0.233
3448059,3448059,1346004899.74462,37.71123579457,23.3516130453663,4196035.78981254,34.349514,1,-1.9978
3448060,3448060,1346004899.74462,37.7112358352779,23.3516131471611,4196035.79352424,36.224792,1,-0.1225
3448061,3448061,1346004899.74472,37.7112422699903,23.3516123930208,4196036.51062247,36.126114,1,-0.2212
3448062,3448062,1346004899.74472,37.7112422726313,23.3516123996251,4196036.51090667,36.24778,1,-0.0996
3448063,3448063,1346004899.74472,37.7112422319376,23.3516122978651,4196036.5074887,34.373142,1,-1.9742
3448064,3448064,1346004899.74472,37.71124226635,23.3516123839177,4196036.51033637,35.958416,1,-0.3889
3448065,3448065,1346004899.74472,37.7112422673508,23.3516123864204,4196036.51062629,36.00452,1,-0.3428
3448066,3448066,1346004899.74472,37.7112422615853,23.3516123720031,4196036.51005408,35.738922,1,-0.6084
3448067,3448067,1346004899.74472,37.7112422357451,23.3516123073863,4196036.50777289,34.548542,1,-1.7988
3448068,3448068,1346004899.74472,37.7112422687999,23.3516123900439,4196036.51062438,36.071274,1,-0.2761
3448069,3448069,1346004899.74472,37.7112422681434,23.3516123884023,4196036.51062438,36.041035,1,-0.3063
3448070,3448070,1346004899.74482,37.7112485981905,23.3516113622646,4196037.21805367,30.942463,0,-5.4049
3448071,3448071,1346004899.74482,37.711248710553,23.3516116485993,4196037.2279481,36.212967,1,-0.1344
3448072,3448072,1346004899.74482,37.7112487115891,23.3516116511904,4196037.2279481,36.2607,1,-0.0866
3448073,3448073,1346004899.74482,37.7112486720804,23.3516115523932,4196037.22445597,34.440643,1,-1.9067
3448074,3448074,1346004899.74492,37.7112551458605,23.3516108965052,4196037.94530937,36.15634,1,-0.191
3448075,3448075,1346004899.74492,37.7112551440155,23.3516108918914,4196037.94501838,36.071342,1,-0.276
3448076,3448076,1346004899.74492,37.7112551396305,23.3516108809261,4196037.94472774,35.86934,1,-0.478
3448077,3448077,1346004899.74492,37.711255146,23.3516108968541,4196037.94530937,36.162766,1,-0.1846
3448078,3448078,1346004899.74502,37.7112615829658,23.351610149201,4196038.66266885,36.19019,1,-0.1571
3448079,3448079,1346004899.74502,37.7112615839046,23.3516101515487,4196038.66295972,36.23344,1,-0.1139
3448080,3448080,1346004899.74502,37.7112615844838,23.3516101529971,4196038.6629596,36.260124,1,-0.0872
3448081,3448081,1346004899.74502,37.7112615424662,23.3516100479251,4196038.65918222,34.324467,1,-2.0229
3448082,3448082,1346004899.74502,37.711261581106,23.3516101445504,4196038.66266897,36.104515,1,-0.2428
3448083,3448083,1346004899.74502,37.7112615846087,23.3516101533093,4196038.6629596,36.265873,1,-0.0815
3448084,3448084,1346004899.74502,37.7112615811278,23.3516101446049,4196038.66266897,36.105522,1,-0.2418
3448085,3448085,1346004899.74512,37.7112680190043,23.3516093995342,4196039.38031795,36.182793,1,-0.1645
3448086,3448086,1346004899.74512,37.7112680149226,23.3516093893272,4196039.37973692,35.994755,1,-0.3526
3448087,3448087,1346004899.74512,37.7112680174595,23.3516093956711,4196039.38002756,36.111626,1,-0.2357
3448088,3448088,1346004899.74512,37.7112680190092,23.3516093995464,4196039.38031795,36.183018,1,-0.1643
3448089,3448089,1346004899.74512,37.7112680123048,23.3516093827808,4196039.37973764,35.874157,1,-0.4732
3448090,3448090,1346004899.74512,37.7112680221594,23.3516094074241,4196039.38060834,36.32814,1,-0.0192
3448091,3448091,1346004899.74512,37.7112680203471,23.351609402892,4196039.38031795,36.24465,1,-0.1027
3448092,3448092,1346004899.74512,37.7112679839379,23.3516093118445,4196039.37712433,34.567352,1,-1.78
3448093,3448093,1346004899.74522,37.7112744110976,23.3516085352689,4196040.09361341,34.070663,1,-2.2767
3448094,3448094,1346004899.74522,37.711274455334,23.3516086458902,4196040.09767535,36.108555,1,-0.2388
3448095,3448095,1346004899.74522,37.7112744202907,23.3516085582578,4196040.09448412,34.49417,1,-1.8532
3448096,3448096,1346004899.74522,37.7112744566671,23.3516086492238,4196040.09767511,36.169968,1,-0.1774
3448097,3448097,1346004899.74522,37.711274456379,23.3516086485035,4196040.09767535,36.156696,1,-0.1906
3448098,3448098,1346004899.74522,37.7112744494872,23.3516086312691,4196040.09709504,35.839203,1,-0.5081
3448099,3448099,1346004899.74532,37.7112808627283,23.3516078252332,4196040.81242206,34.79803,1,-1.5493
3448100,3448100,1346004899.74532,37.7112808876562,23.3516078875703,4196040.81474164,35.94642,1,-0.4009
3448101,3448101,1346004899.74532,37.7112808941136,23.3516079037185,4196040.81532147,36.243904,1,-0.1034
3448102,3448102,1346004899.74532,37.7112808936797,23.3516079026334,4196040.81532195,36.223915,1,-0.1234
3448103,3448103,1346004899.74532,37.7112808531668,23.3516078013229,4196040.81155231,34.357548,1,-1.9898
3448104,3448104,1346004899.74532,37.7112808914934,23.351607897166,4196040.81503155,36.12319,1,-0.2241
3448105,3448105,1346004899.74532,37.7112808536805,23.3516078026074,4196040.81155207,34.38121,1,-1.9661
3448106,3448106,1346004899.74542,37.7112873318516,23.3516071542571,4196041.53296735,36.251472,1,-0.0959
3448107,3448107,1346004899.74542,37.7112872955351,23.3516070634401,4196041.52949026,34.57842,1,-1.7689
3448108,3448108,1346004899.74542,37.7112873280607,23.3516071447772,4196041.53238704,36.07683,1,-0.2705
3448109,3448109,1346004899.74542,37.7112873315764,23.3516071535687,4196041.53296783,36.238792,1,-0.1085
3448110,3448110,1346004899.74552,37.7112937656244,23.3516064002459,4196042.25003078,36.17354,1,-0.1738
3448111,3448111,1346004899.74552,37.7112937662578,23.3516064018298,4196042.25003078,36.202717,1,-0.1446
3448112,3448112,1346004899.74552,37.7112937663069,23.3516064019526,4196042.25003078,36.20498,1,-0.1424
3448113,3448113,1346004899.74552,37.7112937651043,23.3516063989452,4196042.25003126,36.14958,1,-0.1978
3448114,3448114,1346004899.74552,37.7112937691566,23.3516064090787,4196042.25032022,36.336258,1,-0.0111
3448115,3448115,1346004899.74562,37.7113002006299,23.3516056446524,4196042.96738555,36.073044,1,-0.2743
3448116,3448116,1346004899.74562,37.7113002023954,23.3516056490674,4196042.9673846,36.154377,1,-0.193
3448117,3448117,1346004899.74562,37.7113001989296,23.3516056404004,4196042.96709516,35.994713,1,-0.3526
3448118,3448118,1346004899.74562,37.7113002008997,23.3516056453272,4196042.96738508,36.085476,1,-0.2619
3448119,3448119,1346004899.74562,37.7113002007965,23.351605645069,4196042.96738508,36.08072,1,-0.2666
3448120,3448120,1346004899.74562,37.7113002028408,23.3516056501812,4196042.96767499,36.174896,1,-0.1724
3448121,3448121,1346004899.74572,37.711306630025,23.3516048804146,4196043.68415954,35.811687,1,-0.5356
3448122,3448122,1346004899.74572,37.7113066326986,23.3516048871005,4196043.6844485,35.93486,1,-0.4125
3448123,3448123,1346004899.74572,37.7113066379759,23.3516049002977,4196043.68473651,36.177982,1,-0.1694
3448124,3448124,1346004899.74582,37.7113130769593,23.351604155393,4196044.40237834,36.279453,1,-0.0679
3448125,3448125,1346004899.74582,37.7113130684801,23.3516041341885,4196044.40180185,35.888817,1,-0.4585
3448126,3448126,1346004899.74592,37.7113195093468,23.3516033993985,4196045.1194413,36.17509,1,-0.1722
3448127,3448127,1346004899.74592,37.711319509812,23.3516034005619,4196045.11973169,36.196526,1,-0.1508
3448128,3448128,1346004899.74592,37.7113195056686,23.3516033902004,4196045.11915281,36.00564,1,-0.3417
3448129,3448129,1346004899.74592,37.7113195054282,23.351603389599,4196045.11915281,35.99456,1,-0.3528
3448130,3448130,1346004899.74592,37.7113194726502,23.351603307629,4196045.11626699,34.48448,1,-1.8629
3448131,3448131,1346004899.74592,37.7113195070949,23.3516033937671,4196045.11944273,36.07135,1,-0.276
3448132,3448132,1346004899.74592,37.7113195003742,23.3516033769601,4196045.11886575,35.761723,1,-0.5856
3448133,3448133,1346004899.74602,37.7113259463826,23.3516026504035,4196045.8370836,36.206413,1,-0.1409
3448134,3448134,1346004899.74602,37.7113259457916,23.3516026489255,4196045.8370836,36.179188,1,-0.1681
3448135,3448135,1346004899.74602,37.7113259452196,23.3516026474951,4196045.83708456,36.152836,1,-0.1945
3448136,3448136,1346004899.74612,37.7113323810846,23.3516019009966,4196046.55443456,36.228683,1,-0.1187
3448137,3448137,1346004899.74612,37.7113323799715,23.3516018982131,4196046.55414369,36.177406,1,-0.1699
3448138,3448138,1346004899.74612,37.711332338351,23.3516017941289,4196046.55039766,34.259926,1,-2.0874
3448139,3448139,1346004899.74612,37.7113323803247,23.3516018990964,4196046.55414369,36.193676,1,-0.1537
3448140,3448140,1346004899.74612,37.711332381518,23.3516019020806,4196046.55443456,36.248653,1,-0.0987
3448141,3448141,1346004899.74622,37.711338813943,23.3516011473934,4196047.2714956,36.176342,1,-0.171
3448142,3448142,1346004899.74622,37.7113388134421,23.3516011461407,4196047.27120473,36.15326,1,-0.1941
3448143,3448143,1346004899.74622,37.711338811809,23.3516011420568,4196047.27120664,36.078026,1,-0.2693
3448144,3448144,1346004899.74622,37.7113388102571,23.3516011381756,4196047.27091672,36.006523,1,-0.3408
3448145,3448145,1346004899.74622,37.7113387773863,23.3516010559723,4196047.26803854,34.492146,1,-1.8552
3448146,3448146,1346004899.74622,37.7113388125973,23.3516011440281,4196047.27120569,36.11434,1,-0.233
3448147,3448147,1346004899.74622,37.7113388128002,23.3516011445353,4196047.27120569,36.123688,1,-0.2236
3448148,3448148,1346004899.74632,37.7113452095185,23.3516002959568,4196047.9851053,34.328518,1,-2.0188
3448149,3448149,1346004899.74632,37.711345250534,23.3516003985287,4196047.98884752,36.21814,1,-0.1292
3448150,3448150,1346004899.74632,37.7113452476195,23.35160039124,4196047.98855951,36.083866,1,-0.2635
3448151,3448151,1346004899.74632,37.711345208199,23.3516002926569,4196047.98510721,34.267723,1,-2.0796
3448152,3448152,1346004899.74632,37.7113452508732,23.3516003993769,4196047.98884561,36.233765,1,-0.1136
3448153,3448153,1346004899.74632,37.7113452429615,23.3516003795915,4196047.98827245,35.86927,1,-0.4781
3448154,3448154,1346004899.74632,37.7113452481038,23.3516003924512,4196047.98855856,36.10618,1,-0.2412
3448155,3448155,1346004899.74632,37.7113452106881,23.3516002988817,4196047.98510339,34.3824,1,-1.9649
3448156,3448156,1346004899.74632,37.7113452494701,23.351600395868,4196047.98884847,36.169125,1,-0.1782
3448157,3448157,1346004899.74642,37.7113516423054,23.351599543031,4196048.70217111,34.29414,1,-2.0532
3448158,3448158,1346004899.74642,37.7113516853662,23.3515996507183,4196048.70590761,36.278,1,-0.0693
3448159,3448159,1346004899.74642,37.711351682502,23.3515996435554,4196048.70591047,36.146046,1,-0.2013
3448160,3448160,1346004899.74642,37.7113516831134,23.3515996450843,4196048.70590951,36.17421,1,-0.1731
3448161,3448161,1346004899.74642,37.711351634122,23.3515995225656,4196048.701597,33.917118,1,-2.4302
3448162,3448162,1346004899.74642,37.711351680409,23.3515996383212,4196048.70562151,36.049618,1,-0.2977
3448163,3448163,1346004899.74642,37.7113516806247,23.3515996388606,4196048.70562151,36.059555,1,-0.2878
3448164,3448164,1346004899.74642,37.7113516822447,23.351599642912,4196048.70591047,36.13419,1,-0.2131
3448165,3448165,1346004899.74652,37.7113581147447,23.3515988846922,4196049.42297533,36.00921,1,-0.3381
3448166,3448166,1346004899.74652,37.711358115413,23.3515988863635,4196049.42297533,36.039997,1,-0.3073
3448167,3448167,1346004899.74652,37.7113580821027,23.3515988030602,4196049.41981199,34.50535,1,-1.842
3448168,3448168,1346004899.74652,37.7113581175491,23.3515988917057,4196049.42297246,36.138412,1,-0.2089
3448169,3448169,1346004899.74662,37.7113645511233,23.3515981366243,4196050.14032724,36.07408,1,-0.2733
3448170,3448170,1346004899.74662,37.7113645548364,23.3515981459104,4196050.1406143,36.24515,1,-0.1022
3448171,3448171,1346004899.74662,37.7113645536882,23.3515981430389,4196050.1406162,36.192253,1,-0.1551
3448172,3448172,1346004899.74662,37.7113645527545,23.3515981407037,4196050.14032629,36.14923,1,-0.1981
3448173,3448173,1346004899.74662,37.7113645515541,23.3515981377018,4196050.14032724,36.093933,1,-0.2534
3448174,3448174,1346004899.74662,37.7113645514168,23.3515981373583,4196050.14032724,36.0876,1,-0.2597
3448175,3448175,1346004899.74662,37.7113645543847,23.3515981447805,4196050.1406143,36.22434,1,-0.123
3448176,3448176,1346004899.74672,37.711370941177,23.3515972781851,4196050.85337141,34.104378,1,-2.243
3448177,3448177,1346004899.74672,37.7113709831269,23.3515973830957,4196050.85710027,36.03709,1,-0.3102
3448178,3448178,1346004899.74672,37.7113709859297,23.3515973901051,4196050.85738828,36.16622,1,-0.1811
3448179,3448179,1346004899.74672,37.7113709479279,23.351597295068,4196050.85394552,34.415405,1,-1.9319
3448180,3448180,1346004899.74682,37.7113774175985,23.3515966362092,4196051.57445409,36.125366,1,-0.222
3448181,3448181,1346004899.74682,37.711377420442,23.3515966433205,4196051.5747402,36.256374,1,-0.091
3448182,3448182,1346004899.74682,37.7113774165813,23.3515966336655,4196051.57445505,36.078506,1,-0.2688
3448183,3448183,1346004899.74682,37.7113773800964,23.3515965424215,4196051.57101228,34.397564,1,-1.9498
3448184,3448184,1346004899.74682,37.711377382179,23.3515965476298,4196051.57130029,34.493515,1,-1.8538
3448185,3448185,1346004899.74682,37.7113773774794,23.3515965358767,4196051.57072523,34.276993,1,-2.0703
3448186,3448186,1346004899.74682,37.7113774154701,23.3515966308864,4196051.57416608,36.02731,1,-0.32
3448187,3448187,1346004899.74682,37.7113774175615,23.3515966361166,4196051.57445409,36.12366,1,-0.2237
3448188,3448188,1346004899.74692,37.7113838563398,23.3515958954615,4196052.29209592,36.333797,1,-0.0135
3448189,3448189,1346004899.74692,37.7113838527115,23.3515958863876,4196052.29180887,36.16663,1,-0.1807
3448190,3448190,1346004899.74692,37.711383848513,23.3515958758876,4196052.29123285,35.973194,1,-0.3741
3448191,3448191,1346004899.74692,37.7113838535644,23.3515958885206,4196052.29180887,36.205925,1,-0.1414
3448192,3448192,1346004899.74692,37.7113838157159,23.351595793866,4196052.28836992,34.46215,1,-1.8852
3448193,3448193,1346004899.74692,37.7113838573672,23.351595898031,4196052.29209402,36.38113,1,0.0338
3448194,3448194,1346004899.74692,37.711383851996,23.3515958845981,4196052.2915199,36.133663,1,-0.2137
3448195,3448195,1346004899.74702,37.7113902814575,23.3515951261501,4196053.00829961,36.014843,1,-0.3325
3448196,3448196,1346004899.74702,37.7113902860157,23.3515951375497,4196053.00887373,36.224854,1,-0.1225
3448197,3448197,1346004899.74702,37.7113902842634,23.3515951331674,4196053.00858572,36.14412,1,-0.2032
3448198,3448198,1346004899.74702,37.7113902848748,23.3515951346963,4196053.00858381,36.172287,1,-0.175
3448199,3448199,1346004899.74702,37.7113902823089,23.3515951282792,4196053.00858858,36.054066,1,-0.2933
3448200,3448200,1346004899.74702,37.7113902832088,23.3515951305299,4196053.00858667,36.09553,1,-0.2518
3448201,3448201,1346004899.74702,37.7113902788586,23.3515951196504,4196053.0080116,35.895103,1,-0.4522
3448202,3448202,1346004899.74702,37.7113902840153,23.3515951325469,4196053.00858572,36.132687,1,-0.2146
3448203,3448203,1346004899.74712,37.7113967176812,23.3515943800923,4196053.72565248,36.13141,1,-0.2159
3448204,3448204,1346004899.74712,37.7113967169517,23.3515943782679,4196053.72565439,36.0978,1,-0.2495
3448205,3448205,1346004899.74712,37.7113967171375,23.3515943787324,4196053.72565439,36.106358,1,-0.241
3448206,3448206,1346004899.74712,37.7113966708076,23.3515942628662,4196053.72165086,33.971806,1,-2.3755
3448207,3448207,1346004899.74722,37.7114031507052,23.3515936315572,4196054.4427202,36.201237,1,-0.1461
3448208,3448208,1346004899.74732,37.7114095836942,23.3515928784317,4196055.15979173,36.193687,1,-0.1536
3448209,3448209,1346004899.74732,37.7114095827688,23.3515928761173,4196055.15979364,36.151054,1,-0.1963
3448210,3448210,1346004899.74732,37.7114095827088,23.3515928759673,4196055.15979364,36.14829,1,-0.199
3448211,3448211,1346004899.74732,37.7114095844239,23.3515928802565,4196055.16008165,36.227306,1,-0.12
3448212,3448212,1346004899.74732,37.7114095847785,23.3515928811433,4196055.16008165,36.243645,1,-0.1037
3448213,3448213,1346004899.74742,37.7114160111877,23.3515921171044,4196055.87628915,36.034004,1,-0.3133
3448214,3448214,1346004899.74742,37.7114160163982,23.3515921301355,4196055.87686136,36.27407,1,-0.0733
3448215,3448215,1346004899.74742,37.7114160122495,23.3515921197599,4196055.87657716,36.082924,1,-0.2644
3448216,3448216,1346004899.74742,37.7114160141459,23.3515921245027,4196055.87657335,36.1703,1,-0.177
3448217,3448217,1346004899.74742,37.7114160131075,23.3515921219058,4196055.87657526,36.122456,1,-0.2249
3448218,3448218,1346004899.74752,37.7114224462772,23.3515913702888,4196056.5936506,36.148914,1,-0.1984
3448219,3448219,1346004899.74752,37.7114224000777,23.3515912547466,4196056.58965852,34.02033,1,-2.327
3448220,3448220,1346004899.74752,37.7114224428154,23.3515913616308,4196056.5933645,35.989414,1,-0.3579
3448221,3448221,1346004899.74752,37.7114224498423,23.3515913792047,4196056.59393289,36.31317,1,-0.0342
3448222,3448222,1346004899.74752,37.7114219880218,23.3515902135052,4196056.55287721,14.846816,0,-21.5005
3448223,3448223,1346004899.74762,37.7114288800892,23.3515906256723,4196057.31011369,36.30357,1,-0.0438
3448224,3448224,1346004899.74762,37.7114288768737,23.3515906176305,4196057.3098227,36.15542,1,-0.1919
3448225,3448225,1346004899.74762,37.711428878488,23.3515906216677,4196057.3101137,36.229794,1,-0.1175
3448226,3448226,1346004899.74762,37.7114288744554,23.3515906115823,4196057.3095317,36.043995,1,-0.3033
3448227,3448227,1346004899.74762,37.7114288770351,23.351590618034,4196057.3098227,36.162853,1,-0.1845
3448228,3448228,1346004899.74762,37.7114288804557,23.3515906265889,4196057.31011369,36.320454,1,-0.0269
3448229,3448229,1346004899.74772,37.711435305237,23.351589855084,4196058.02658042,35.986862,1,-0.3605
3448230,3448230,1346004899.74772,37.7114352217066,23.3515896461777,4196058.01902023,32.138264,0,-4.2091
3448231,3448231,1346004899.74772,37.7114352639845,23.3515897519132,4196058.0228003,34.086185,1,-2.2612
3448232,3448232,1346004899.74772,37.7114352614047,23.3515897454612,4196058.02250943,33.967323,1,-2.38
3448233,3448233,1346004899.74772,37.7114353061553,23.3515898573805,4196058.0265803,36.02917,1,-0.3182
3448234,3448234,1346004899.74772,37.7114353123024,23.3515898727542,4196058.02716187,36.312397,1,-0.0349
3448235,3448235,1346004899.74772,37.711435258055,23.3515897370836,4196058.02221867,33.81299,1,-2.5343
3448236,3448236,1346004899.74772,37.7114353080371,23.3515898620869,4196058.02687117,36.115875,1,-0.2315
3448237,3448237,1346004899.74772,37.7114352591927,23.3515897399291,4196058.0225096,33.865406,1,-2.4819
3448238,3448238,1346004899.74772,37.7114353074438,23.351589860603,4196058.02687123,36.08854,1,-0.2588
3448239,3448239,1346004899.74782,37.7114417375849,23.3515891080786,4196058.74362734,36.103695,1,-0.2436
3448240,3448240,1346004899.74782,37.7114416923579,23.3515889949672,4196058.73955968,34.019882,1,-2.3275
3448241,3448241,1346004899.74782,37.7114417388746,23.3515891113043,4196058.74362722,36.16312,1,-0.1842
3448242,3448242,1346004899.74782,37.7114417382597,23.3515891097663,4196058.74362734,36.134785,1,-0.2126
3448243,3448243,1346004899.74782,37.7114417020212,23.3515890191349,4196058.74043134,34.465115,1,-1.8822
3448244,3448244,1346004899.74782,37.7114417393915,23.3515891125971,4196058.7436271,36.186935,1,-0.1604
3448245,3448245,1346004899.74782,37.7114417383326,23.3515891099486,4196058.74362722,36.138145,1,-0.2092
3448246,3448246,1346004899.74792,37.7114481695513,23.3515883556684,4196059.46038237,36.12833,1,-0.219
3448247,3448247,1346004899.74792,37.7114481698957,23.3515883565296,4196059.46038237,36.1442,1,-0.2031
3448248,3448248,1346004899.74792,37.7114481724272,23.3515883628608,4196059.46067277,36.260834,1,-0.0865
3448249,3448249,1346004899.74792,37.7114472236167,23.3515859631165,4196059.37618175,-7.926546,0,-44.2739
3448250,3448250,1346004899.74792,37.7114474018532,23.3515864142401,4196059.39215222,0.3798508,0,-35.9675
3448251,3448251,1346004899.74802,37.7114546022745,23.3515876107429,4196060.17742649,36.28999,1,-0.0573
3448252,3448252,1346004899.74802,37.7114545988106,23.3515876020797,4196060.17713633,36.13039,1,-0.2169
3448253,3448253,1346004899.74802,37.7114545997192,23.3515876043521,4196060.17713633,36.172256,1,-0.1751
3448254,3448254,1346004899.74802,37.7114545993416,23.3515876034077,4196060.17713633,36.154858,1,-0.1925
3448255,3448255,1346004899.74802,37.7114546037845,23.3515876145196,4196060.17771712,36.359566,1,0.0122
3448256,3448256,1346004899.74812,37.7114610299062,23.3515868486494,4196060.89388981,36.142807,1,-0.2045
3448257,3448257,1346004899.74822,37.7114674587675,23.3515860952396,4196061.61064187,36.154785,1,-0.1926
3448258,3448258,1346004899.74822,37.711467305138,23.3515857056528,4196061.59702817,28.98195,0,-7.3654
3448259,3448259,1346004899.74822,37.711467460298,23.3515860990673,4196061.61064091,36.2253,1,-0.122
3448260,3448260,1346004899.74822,37.7114674559308,23.3515860881448,4196061.61035195,36.02408,1,-0.3233
3448261,3448261,1346004899.74822,37.7114674569965,23.3515860908103,4196061.61035147,36.073185,1,-0.2742
3448262,3448262,1346004899.74822,37.7114674567826,23.3515860902752,4196061.61035147,36.063328,1,-0.284
3448263,3448263,1346004899.74822,37.7114674580751,23.3515860935078,4196061.61064187,36.122883,1,-0.2245
3448264,3448264,1346004899.74832,37.7114738814368,23.3515853319589,4196062.32652226,35.984123,1,-0.3632
3448265,3448265,1346004899.74832,37.7114738327306,23.3515852101436,4196062.32218066,33.739956,1,-2.6074
3448266,3448266,1346004899.74832,37.7114738843382,23.3515853392154,4196062.32681265,36.11781,1,-0.2295
3448267,3448267,1346004899.74832,37.7114738882092,23.3515853488968,4196062.32739249,36.29617,1,-0.0512
3448268,3448268,1346004899.74842,37.7114803158201,23.3515845885486,4196063.04385367,36.191193,1,-0.1561
3448269,3448269,1346004899.74842,37.7114803152417,23.3515845871019,4196063.04385415,36.164543,1,-0.1828
3448270,3448270,1346004899.74842,37.7114803166232,23.3515845905572,4196063.04385367,36.2282,1,-0.1191
3448271,3448271,1346004899.74842,37.711480313756,23.3515845833861,4196063.04356375,36.09609,1,-0.2512
3448272,3448272,1346004899.74852,37.7114866902597,23.3515837008482,4196063.75569096,33.739307,1,-2.608
3448273,3448273,1346004899.74852,37.7114867439106,23.3515838350315,4196063.7603139,36.21133,1,-0.136
3448274,3448274,1346004899.74852,37.711486692164,23.351583705611,4196063.75568953,33.827053,1,-2.5203
3448275,3448275,1346004899.74852,37.7114867374119,23.3515838187779,4196063.75973549,35.911896,1,-0.4354
3448276,3448276,1346004899.74852,37.711486694089,23.3515837104254,4196063.75597945,33.91575,1,-2.4316
3448277,3448277,1346004899.74852,37.7114867376054,23.3515838192619,4196063.75973549,35.92081,1,-0.4265
3448278,3448278,1346004899.74852,37.7114866939934,23.3515837101864,4196063.75597945,33.911343,1,-2.436
3448279,3448279,1346004899.74852,37.7114867447882,23.3515838372264,4196063.76031294,36.251766,1,-0.0956
3448280,3448280,1346004899.74862,37.7114931693756,23.351583070554,4196064.47677651,36.037125,1,-0.3102
3448281,3448281,1346004899.74862,37.7114931698286,23.3515830716869,4196064.47677603,36.058,1,-0.2893
3448282,3448282,1346004899.74862,37.7114931723269,23.3515830779353,4196064.47706547,36.17311,1,-0.1742
3448283,3448283,1346004899.74862,37.7114931199991,23.3515829470609,4196064.47215357,33.762043,1,-2.5853
3448284,3448284,1346004899.74862,37.7114931726802,23.3515830788189,4196064.47706452,36.18939,1,-0.1579
3448285,3448285,1346004899.74862,37.7114931722542,23.3515830777536,4196064.47706547,36.16976,1,-0.1776
3448286,3448286,1346004899.74862,37.7114931710066,23.3515830746333,4196064.47677508,36.112278,1,-0.2351
3448287,3448287,1346004899.74862,37.7114931727172,23.3515830789116,4196064.47706452,36.191097,1,-0.1562
3448288,3448288,1346004899.74862,37.7114931151729,23.3515829349903,4196064.47186604,33.53967,1,-2.8077
3448289,3448289,1346004899.74862,37.7114931715195,23.3515830759162,4196064.47677508,36.13591,1,-0.2114
3448290,3448290,1346004899.74872,37.7114995506284,23.3515822011459,4196065.18919697,33.92912,1,-2.4182
3448291,3448291,1346004899.74872,37.7114995942877,23.3515823103406,4196065.1929473,35.94079,1,-0.4065
3448292,3448292,1346004899.74872,37.7114995982054,23.3515823201391,4196065.19323531,36.121304,1,-0.226
3448293,3448293,1346004899.74872,37.7114995938465,23.3515823092372,4196065.1929473,35.92046,1,-0.4269
3448294,3448294,1346004899.74872,37.71149959752,23.3515823184249,4196065.19323531,36.08972,1,-0.2576
3448295,3448295,1346004899.74872,37.7114996002711,23.3515823253054,4196065.19352475,36.21648,1,-0.1309
3448296,3448296,1346004899.74872,37.7114995449985,23.3515821870652,4196065.18861857,33.669716,1,-2.6776
3448297,3448297,1346004899.74872,37.711499599729,23.3515823239495,4196065.19352475,36.1915,1,-0.1558
3448298,3448298,1346004899.74872,37.7114995987149,23.3515823214133,4196065.19323435,36.144775,1,-0.2026
3448299,3448299,1346004899.74872,37.7114996004636,23.351582325787,4196065.19352475,36.225353,1,-0.122
3448300,3448300,1346004899.74882,37.7115060270814,23.3515815654614,4196065.90998641,36.13458,1,-0.2128
3448301,3448301,1346004899.74882,37.7115060287929,23.351581569742,4196065.9099845,36.21344,1,-0.1339
3448302,3448302,1346004899.74882,37.7115060254589,23.3515815614034,4196065.90969554,36.05982,1,-0.2875
3448303,3448303,1346004899.74882,37.7115059767611,23.3515814396067,4196065.90537062,33.815987,1,-2.5313
3448304,3448304,1346004899.74882,37.7115060281863,23.3515815682248,4196065.9099845,36.18549,1,-0.1618
3448305,3448305,1346004899.74882,37.711506030843,23.3515815748695,4196065.91027346,36.307903,1,-0.0394
3448306,3448306,1346004899.74892,37.7115124555749,23.3515808154889,4196066.62644377,36.233894,1,-0.1134
3448307,3448307,1346004899.74892,37.7115124553585,23.3515808149475,4196066.62644473,36.223923,1,-0.1234
3448308,3448308,1346004899.74892,37.711512403611,23.3515806855229,4196066.62183371,33.83956,1,-2.5078
3448309,3448309,1346004899.74892,37.7115124516717,23.3515808057266,4196066.62615672,36.054047,1,-0.2933
3448310,3448310,1346004899.74892,37.7115124527273,23.3515808083668,4196066.62615576,36.102688,1,-0.2446
3448311,3448311,1346004899.74892,37.7115124530741,23.3515808092341,4196066.62615576,36.118664,1,-0.2287
3448312,3448312,1346004899.74892,37.711511859182,23.3515793077894,4196066.57342806,8.471173,0,-27.8762
3448313,3448313,1346004899.74902,37.7115188257538,23.3515799153034,4196067.33801356,33.57355,1,-2.7738
3448314,3448314,1346004899.74902,37.7115188842355,23.3515800615715,4196067.34319487,36.26822,1,-0.0791
3448315,3448315,1346004899.74902,37.711518881879,23.3515800556777,4196067.34290686,36.159637,1,-0.1877
3448316,3448316,1346004899.74912,37.7115252561285,23.3515791713488,4196068.05447283,33.790817,1,-2.5565
3448317,3448317,1346004899.74912,37.7115253077908,23.3515793005614,4196068.05907622,36.171276,1,-0.1761
3448318,3448318,1346004899.74912,37.7115253063393,23.3515792969309,4196068.05907813,36.104393,1,-0.2429
3448319,3448319,1346004899.74912,37.7115253070141,23.3515792986186,4196068.05907717,36.135483,1,-0.2119
3448320,3448320,1346004899.74912,37.711525255207,23.3515791690439,4196068.05447379,33.748356,1,-2.599
3448321,3448321,1346004899.74912,37.7115253054618,23.3515792947361,4196068.05907813,36.063957,1,-0.2834
3448322,3448322,1346004899.74912,37.7115253080538,23.3515793012191,4196068.05936709,36.18339,1,-0.1639
3448323,3448323,1346004899.74912,37.7115253088041,23.3515793030956,4196068.05936614,36.217964,1,-0.1294
3448324,3448324,1346004899.74912,37.7115253074949,23.3515792998213,4196068.05907717,36.157642,1,-0.1897
3448325,3448325,1346004899.74922,37.7115317346671,23.3515785435095,4196068.77553836,36.154984,1,-0.1924
3448326,3448326,1346004899.74922,37.7115317353901,23.3515785453178,4196068.77582923,36.1883,1,-0.159
3448327,3448327,1346004899.74932,37.7115381582946,23.3515777840222,4196069.49171248,36.093277,1,-0.2541
3448328,3448328,1346004899.74932,37.7115381568547,23.3515777804209,4196069.49171439,36.02693,1,-0.3204
3448329,3448329,1346004899.74932,37.7115381600083,23.3515777883083,4196069.4920024,36.17224,1,-0.1751
3448330,3448330,1346004899.74932,37.7115381622473,23.3515777939083,4196069.49199954,36.27541,1,-0.0719
3448331,3448331,1346004899.74932,37.7115380961938,23.3515776287006,4196069.48625556,33.231815,1,-3.1155
3448332,3448332,1346004899.74932,37.7115380946939,23.3515776249491,4196069.48596564,33.1627,1,-3.1846
3448333,3448333,1346004899.74942,37.7115445847086,23.3515770271712,4196070.20817748,36.087914,1,-0.2594
3448334,3448334,1346004899.74942,37.7115445849753,23.3515770278382,4196070.20817748,36.1002,1,-0.2471
3448335,3448335,1346004899.74942,37.7115445823069,23.3515770211642,4196070.20788851,35.977245,1,-0.3701
3448336,3448336,1346004899.74942,37.7115445896946,23.3515770396417,4196070.20846167,36.317654,1,-0.0297
3448337,3448337,1346004899.74942,37.7115445846074,23.3515770269181,4196070.20817748,36.083252,1,-0.2641
3448338,3448338,1346004899.74942,37.7115445859561,23.3515770302914,4196070.20817557,36.145397,1,-0.2019
3448339,3448339,1346004899.74952,37.7115509535134,23.3515761319355,4196070.91947547,33.532597,1,-2.8147
3448340,3448340,1346004899.74952,37.7115510075323,23.3515762670441,4196070.92406169,36.021683,1,-0.3257
3448341,3448341,1346004899.74952,37.7115510049287,23.3515762605323,4196070.92406455,35.90172,1,-0.4456
3448342,3448342,1346004899.74952,37.7115510097626,23.3515762726224,4196070.9243497,36.124454,1,-0.2229
3448343,3448343,1346004899.74952,37.7115510089558,23.3515762706047,4196070.9243516,36.08728,1,-0.2601
3448344,3448344,1346004899.74952,37.7115510106695,23.3515762748909,4196070.92434874,36.166245,1,-0.1811
3448345,3448345,1346004899.74952,37.7115510121202,23.3515762785192,4196070.92463771,36.23309,1,-0.1142
3448346,3448346,1346004899.74962,37.711557377419,23.3515753752097,4196071.63536254,33.532696,1,-2.8146
3448347,3448347,1346004899.74962,37.7115574281257,23.3515755020345,4196071.63994971,35.86917,1,-0.4782
3448348,3448348,1346004899.74962,37.7115574323429,23.3515755125824,4196071.64023486,36.063496,1,-0.2838
3448349,3448349,1346004899.74962,37.7115573765625,23.3515753730675,4196071.63536444,33.49323,1,-2.8541
3448350,3448350,1346004899.74962,37.7115574341519,23.3515755171069,4196071.64052477,36.14685,1,-0.2005
3448351,3448351,1346004899.74962,37.7115574347079,23.3515755184977,4196071.64052382,36.17247,1,-0.1749
3448352,3448352,1346004899.74962,37.7115574312876,23.351575509943,4196071.64023677,36.01487,1,-0.3325
3448353,3448353,1346004899.74962,37.711557432653,23.3515755133581,4196071.64052668,36.077785,1,-0.2696
3448354,3448354,1346004899.74972,37.7115638024373,23.3515746169553,4196072.35183516,33.512474,1,-2.8349
3448355,3448355,1346004899.74972,37.7115638580464,23.3515747560423,4196072.35670367,36.074856,1,-0.2725
3448356,3448356,1346004899.74972,37.7115638607692,23.3515747628524,4196072.35698977,36.200317,1,-0.147
3448357,3448357,1346004899.74972,37.7115638583047,23.3515747566882,4196072.35670176,36.086758,1,-0.2606
3448358,3448358,1346004899.74972,37.7115638593129,23.35157475921,4196072.35670176,36.133213,1,-0.2141
3448359,3448359,1346004899.74982,37.7115787835384,23.3515954953184,4196073.83033839,431.93616,0,395.5888
3448360,3448360,1346004899.74982,37.711570230597,23.3515738672677,4196073.06830493,33.653786,1,-2.6935
3448361,3448361,1346004899.74982,37.7115702838998,23.3515740005867,4196073.07288066,36.10991,1,-0.2374
3448362,3448362,1346004899.74982,37.7115702315558,23.3515738696658,4196073.06830302,33.697968,1,-2.6494
3448363,3448363,1346004899.74982,37.7115702853864,23.3515740043051,4196073.07316962,36.17841,1,-0.1689
3448364,3448364,1346004899.74982,37.7115702826945,23.3515739975721,4196073.07288352,36.05437,1,-0.293
3448365,3448365,1346004899.74982,37.7115702811064,23.3515739936,4196073.0725936,35.981194,1,-0.3661
3448366,3448366,1346004899.74982,37.7115702838559,23.351574000477,4196073.07288066,36.107887,1,-0.2394
3448367,3448367,1346004899.74992,37.7115767022349,23.3515732320569,4196073.78848544,35.903664,1,-0.4437
3448368,3448368,1346004899.74992,37.7115767087686,23.3515732483988,4196073.78905764,36.204727,1,-0.1426
3448369,3448369,1346004899.74992,37.7115766524422,23.3515731075167,4196073.78419772,33.609272,1,-2.7381
3448370,3448370,1346004899.74992,37.711576708105,23.351573246739,4196073.78905764,36.17415,1,-0.1732
3448371,3448371,1346004899.74992,37.711576709894,23.3515732512135,4196073.78934756,36.256584,1,-0.0908
3448372,3448372,1346004899.74992,37.7115766522987,23.3515731071577,4196073.78419772,33.602657,1,-2.7447
3448373,3448373,1346004899.75002,37.7115910405752,23.3515924882783,4196075.20992365,404.46063,0,368.1133
3448374,3448374,1346004899.75002,37.7115831283691,23.3515724787429,4196074.50495616,35.985645,1,-0.3617
3448375,3448375,1346004899.75002,37.7115830762939,23.3515723484933,4196074.50038424,33.586067,1,-2.7613
3448376,3448376,1346004899.75002,37.7115831349132,23.3515724951107,4196074.50552645,36.287186,1,-0.0601
3448377,3448377,1346004899.75002,37.7115830756443,23.3515723468684,4196074.50009432,33.55613,1,-2.7912
3448378,3448378,1346004899.75012,37.7115895522025,23.3515717254169,4196075.22084513,36.06701,1,-0.2803
3448379,3448379,1346004899.75012,37.7115895493757,23.3515717183466,4196075.22085086,35.936752,1,-0.4106
3448380,3448380,1346004899.75012,37.7115895522527,23.3515717255425,4196075.22084513,36.069324,1,-0.278
3448381,3448381,1346004899.75012,37.711589553831,23.35157172949,4196075.22113505,36.142048,1,-0.2053
3448382,3448382,1346004899.75012,37.7115895539343,23.3515717297486,4196075.22113505,36.146812,1,-0.2005
3448383,3448383,1346004899.75022,37.7115959753076,23.3515709710048,4196075.93702784,36.13215,1,-0.2152
3448384,3448384,1346004899.75022,37.7115959764548,23.3515709738743,4196075.93702593,36.185013,1,-0.1623
3448385,3448385,1346004899.75022,37.7115959773154,23.3515709760267,4196075.93702403,36.224667,1,-0.1227
3448386,3448386,1346004899.75022,37.7115959770636,23.3515709753969,4196075.93702403,36.213062,1,-0.1343
3448387,3448387,1346004899.75022,37.7115959783835,23.3515709786982,4196075.93731394,36.273884,1,-0.0735
3448388,3448388,1346004899.75022,37.7115959713992,23.3515709612291,4196075.93674555,35.95205,1,-0.3953
3448389,3448389,1346004899.75022,37.7115959226419,23.3515708392774,4196075.93217555,33.70534,1,-2.642
3448390,3448390,1346004899.75022,37.7115959792819,23.3515709809452,4196075.93731204,36.31528,1,-0.0321
3448391,3448391,1346004899.75032,37.7116023995853,23.3515702152542,4196076.65321437,36.18059,1,-0.1667
3448392,3448392,1346004899.75032,37.7116023442472,23.3515700768422,4196076.64807788,33.630634,1,-2.7167
3448393,3448393,1346004899.75032,37.7116023976283,23.3515702103592,4196076.65292826,36.090412,1,-0.2569
3448394,3448394,1346004899.75032,37.711602343077,23.3515700739153,4196076.64807978,33.576714,1,-2.7706
3448395,3448395,1346004899.75032,37.7116024004675,23.3515702174609,4196076.65321246,36.221245,1,-0.1261
3448396,3448396,1346004899.75032,37.7116023989153,23.3515702135785,4196076.65292636,36.14972,1,-0.1976
3448397,3448397,1346004899.75032,37.7116023962812,23.3515702069899,4196076.65293017,36.02834,1,-0.319
3448398,3448398,1346004899.75042,37.7116088220134,23.3515694604709,4196077.36841532,36.246704,1,-0.1006
3448399,3448399,1346004899.75042,37.7116088193675,23.3515694538528,4196077.36812434,36.12478,1,-0.2226
3448400,3448400,1346004899.75042,37.711608815203,23.3515694434367,4196077.36783337,35.932884,1,-0.4145
3448401,3448401,1346004899.75042,37.7116087636459,23.351569314481,4196077.36317765,33.55714,1,-2.7902
3448402,3448402,1346004899.75042,37.7116088219109,23.3515694602145,4196077.36841532,36.24198,1,-0.1054
3448403,3448403,1346004899.75052,37.71161518092,23.351568542715,4196078.07875775,33.31819,1,-3.0291
3448404,3448404,1346004899.75052,37.7116152409354,23.3515686928271,4196078.08399128,36.0837,1,-0.2636
3448405,3448405,1346004899.75052,37.7116152417628,23.3515686948966,4196078.08428233,36.121826,1,-0.2255
3448406,3448406,1346004899.75052,37.7116152432955,23.3515686987302,4196078.08428215,36.19245,1,-0.1549
3448407,3448407,1346004899.75052,37.7116152423899,23.351568696465,4196078.08428221,36.150723,1,-0.1966
3448408,3448408,1346004899.75062,37.711621661647,23.3515679354323,4196078.79985725,36.109196,1,-0.2381
3448409,3448409,1346004899.75062,37.7116216621947,23.3515679368021,4196078.79985713,36.134434,1,-0.2129
3448410,3448410,1346004899.75062,37.711621611325,23.3515678095649,4196078.79520832,33.790344,1,-2.557
3448411,3448411,1346004899.75062,37.7116216640229,23.3515679413749,4196078.800148,36.218678,1,-0.1287
3448412,3448412,1346004899.75062,37.7116216098054,23.3515678057641,4196078.79520856,33.72032,1,-2.627
3448413,3448413,1346004899.75062,37.7116216618841,23.3515679360251,4196078.79985725,36.120117,1,-0.2272
3448414,3448414,1346004899.75072,37.7116280879345,23.3515671877376,4196079.51601254,36.321434,1,-0.0259
3448415,3448415,1346004899.75072,37.7116280822626,23.3515671735509,4196079.51572286,36.060074,1,-0.2873
3448416,3448416,1346004899.75072,37.7116280855474,23.3515671817671,4196079.51601325,36.21144,1,-0.1359
3448417,3448417,1346004899.75072,37.7116280834415,23.3515671764998,4196079.51572262,36.114403,1,-0.2329
3448418,3448418,1346004899.75082,37.7116345066654,23.3515664269265,4196080.23158609,36.291748,1,-0.0556
3448419,3448419,1346004899.75082,37.7116345046312,23.3515664218384,4196080.23158656,36.19801,1,-0.1493
3448420,3448420,1346004899.75082,37.7116345039437,23.3515664201189,4196080.23158656,36.16633,1,-0.181
3448421,3448421,1346004899.75082,37.7116344418392,23.3515662647799,4196080.22578393,33.30452,1,-3.0428
3448422,3448422,1346004899.75082,37.7116345032167,23.3515664183005,4196080.23129593,36.13283,1,-0.2145
3448423,3448423,1346004899.75082,37.711634504447,23.3515664213778,4196080.23158656,36.189526,1,-0.1578
3448424,3448424,1346004899.75092,37.7116409241091,23.3515656586614,4196080.94716011,36.1328,1,-0.2145
3448425,3448425,1346004899.75092,37.7116409200472,23.3515656485016,4196080.94687067,35.94563,1,-0.4017
3448426,3448426,1346004899.75092,37.71164092818,23.3515656688439,4196080.94744979,36.320396,1,-0.0269
3448427,3448427,1346004899.75092,37.7116407519778,23.3515652227585,4196080.93179666,28.106567,0,-8.2408
3448428,3448428,1346004899.75092,37.7116408668165,23.3515655153577,4196080.94194185,33.492718,1,-2.8546
3448429,3448429,1346004899.75092,37.7116409240292,23.3515656584615,4196080.94716011,36.12912,1,-0.2182
3448430,3448430,1346004899.75102,37.7116472827902,23.3515647492103,4196081.65751921,33.37253,1,-2.9748
3448431,3448431,1346004899.75102,37.7116473462711,23.3515649079932,4196081.66302191,36.29779,1,-0.0495
3448432,3448432,1346004899.75102,37.7116473419445,23.3515648971712,4196081.66273295,36.098415,1,-0.2489
3448433,3448433,1346004899.75102,37.7116473368481,23.3515648844237,4196081.66215311,35.863567,1,-0.4838
3448434,3448434,1346004899.75102,37.711647341089,23.3515648950314,4196081.66273342,36.058994,1,-0.2883
3448435,3448435,1346004899.75102,37.7116473459178,23.3515649071094,4196081.66302239,36.28151,1,-0.0658
3448436,3448436,1346004899.75102,37.7116473434339,23.3515649008966,4196081.66273247,36.16705,1,-0.1803
3448437,3448437,1346004899.75112,37.7116537624889,23.351564138234,4196082.37830578,36.119164,1,-0.2282
3448438,3448438,1346004899.75112,37.711653762227,23.3515641375791,4196082.37830578,36.107098,1,-0.2402
3448439,3448439,1346004899.75112,37.7116537067245,23.3515639987519,4196082.3733853,33.54948,1,-2.7979
3448440,3448440,1346004899.75122,37.711660123991,23.3515632374212,4196083.08896147,33.525898,1,-2.8214
3448441,3448441,1346004899.75122,37.7116601827462,23.3515633843847,4196083.09416758,36.233414,1,-0.1139
3448442,3448442,1346004899.75122,37.711660180302,23.351563378271,4196083.09387766,36.120777,1,-0.2266
3448443,3448443,1346004899.75122,37.7116601808023,23.3515633795225,4196083.09387766,36.143837,1,-0.2035
3448444,3448444,1346004899.75122,37.7116601784967,23.3515633737555,4196083.09358822,36.03759,1,-0.3097
3448445,3448445,1346004899.75132,37.7116666008433,23.3515626209205,4196083.80974089,36.178654,1,-0.1687
3448446,3448446,1346004899.75132,37.7116665389701,23.3515624661575,4196083.80395876,33.32745,1,-3.0199
3448447,3448447,1346004899.75132,37.7116666000342,23.3515626188966,4196083.80945002,36.14137,1,-0.206
3448448,3448448,1346004899.75132,37.7116666013615,23.3515626222166,4196083.80974041,36.202534,1,-0.1448
3448449,3448449,1346004899.75132,37.7116666011277,23.3515626216318,4196083.80974041,36.19176,1,-0.1556
3448450,3448450,1346004899.75142,37.711673017496,23.3515618596591,4196084.52502238,36.164272,1,-0.1831
3448451,3448451,1346004899.75142,37.7116730190168,23.3515618634632,4196084.52502142,36.234356,1,-0.113
3448452,3448452,1346004899.75152,37.7116794364447,23.3515610999404,4196085.24059473,36.186466,1,-0.1609
3448453,3448453,1346004899.75152,37.7116794363676,23.3515610997474,4196085.24059473,36.18291,1,-0.1644
3448454,3448454,1346004899.75152,37.7116793789863,23.3515609562193,4196085.23540055,33.538685,1,-2.8087
3448455,3448455,1346004899.75152,37.7116794340422,23.3515610939309,4196085.24030625,36.075752,1,-0.2716
3448456,3448456,1346004899.75162,37.7116858441831,23.3515603180066,4196085.95501124,35.799202,1,-0.5481
3448457,3448457,1346004899.75162,37.7116858509852,23.351560335021,4196085.95558726,36.11266,1,-0.2347
3448458,3448458,1346004899.75162,37.7116858477742,23.3515603269892,4196085.95529925,35.96469,1,-0.3826
3448459,3448459,1346004899.75162,37.7116858489163,23.3515603298458,4196085.95558916,36.01732,1,-0.33
3448460,3448460,1346004899.75172,37.7116922070457,23.3515594296539,4196086.66568362,33.451195,1,-2.8961
3448461,3448461,1346004899.75172,37.7116922651134,23.3515595748998,4196086.67087065,36.12707,1,-0.2203
3448462,3448462,1346004899.75172,37.7116922659979,23.3515595771125,4196086.67087065,36.167835,1,-0.1795
3448463,3448463,1346004899.75172,37.7116922649367,23.351559574458,4196086.6708716,36.11893,1,-0.2284
3448464,3448464,1346004899.75172,37.7116922633113,23.3515595703924,4196086.67058169,36.04403,1,-0.3033
3448465,3448465,1346004899.75172,37.7116922010359,23.3515594146214,4196086.6651076,33.17425,1,-3.1731
3448466,3448466,1346004899.75172,37.7116922652639,23.3515595752765,4196086.67087065,36.13401,1,-0.2133
3448467,3448467,1346004899.75172,37.7116922672023,23.351559580125,4196086.67086874,36.223335,1,-0.124
3448468,3448468,1346004899.75172,37.7116922070647,23.3515594297015,4196086.66568362,33.452072,1,-2.8953
3448469,3448469,1346004899.75172,37.7116922574039,23.351559555616,4196086.67000471,35.771805,1,-0.5755
3448470,3448470,1346004899.75182,37.7117040901362,23.3515724900354,4196087.8678435,287.9811,0,251.6338
3448471,3448471,1346004899.75182,37.7116986808978,23.3515588097265,4196087.38615595,36.06078,1,-0.2866
3448472,3448472,1346004899.75182,37.7116986825793,23.3515588139324,4196087.386155,36.138268,1,-0.2091
3448473,3448473,1346004899.75182,37.7116986838749,23.351558817173,4196087.38644396,36.197968,1,-0.1494
3448474,3448474,1346004899.75192,37.7117050968834,23.3515580508957,4196088.10114847,36.111176,1,-0.2362
3448475,3448475,1346004899.75192,37.7117050990038,23.3515580561997,4196088.10143744,36.208893,1,-0.1384
3448476,3448476,1346004899.75192,37.7117050972394,23.3515580517863,4196088.10143934,36.127583,1,-0.2198
3448477,3448477,1346004899.75192,37.7117050933158,23.3515580419719,4196088.10086142,35.946774,1,-0.4006
3448478,3448478,1346004899.75202,37.7117114567186,23.3515571474385,4196088.81155001,33.50532,1,-2.842
3448479,3448479,1346004899.75202,37.7117114578263,23.3515571502093,4196088.81154906,33.556366,1,-2.791
3448480,3448480,1346004899.75212,37.7117179292782,23.3515565317921,4196089.53172003,36.201687,1,-0.1456
3448481,3448481,1346004899.75212,37.7117178551116,23.3515563462756,4196089.52511202,32.783897,1,-3.5634
3448482,3448482,1346004899.75222,37.711724345209,23.3515557703322,4196090.24700819,36.219955,1,-0.1274
3448483,3448483,1346004899.75222,37.7117243428994,23.3515557645551,4196090.24701105,36.11352,1,-0.2338
3448484,3448484,1346004899.75222,37.7117243447998,23.3515557693086,4196090.24700819,36.201096,1,-0.1462
3448485,3448485,1346004899.75222,37.7117242782749,23.3515556029061,4196090.24126993,33.135445,1,-3.2119
3448486,3448486,1346004899.75222,37.7117243463089,23.3515557730833,4196090.24729811,36.270638,1,-0.0767
3448487,3448487,1346004899.75222,37.711724340524,23.3515557586132,4196090.24672304,36.004055,1,-0.3433
3448488,3448488,1346004899.75222,37.7117243443735,23.3515557682422,4196090.2470101,36.18145,1,-0.1659
3448489,3448489,1346004899.75222,37.7117243453957,23.3515557707992,4196090.24700819,36.228558,1,-0.1188
3448490,3448490,1346004899.75232,37.7117310667965,23.3515551438659,4196090.99509608,36.186806,1,-0.1605
3448491,3448491,1346004899.75232,37.711731063921,23.3515551366731,4196090.99480902,36.05429,1,-0.293
3448492,3448492,1346004899.75242,37.711737462301,23.3515543734973,4196091.70806013,36.21079,1,-0.1365
3448493,3448493,1346004899.75242,37.711737460738,23.3515543695876,4196091.70806109,36.13876,1,-0.2086
3448494,3448494,1346004899.75242,37.7117374620181,23.3515543727896,4196091.70806013,36.197754,1,-0.1496
3448495,3448495,1346004899.75242,37.7117374031843,23.3515542256208,4196091.70290266,33.486427,1,-2.8609
3448496,3448496,1346004899.75252,37.7117438527678,23.3515535964041,4196092.42074,36.110813,1,-0.2365
3448497,3448497,1346004899.75252,37.7117438582394,23.351553610091,4196092.42131411,36.362972,1,0.0156
3448498,3448498,1346004899.75252,37.7117438501384,23.3515535898267,4196092.42045294,35.98964,1,-0.3577
3448499,3448499,1346004899.75252,37.7117438515767,23.3515535934247,4196092.42045008,36.055923,1,-0.2914
3448500,3448500,1346004899.75252,37.7117438549055,23.3515536017514,4196092.42073714,36.209328,1,-0.138
3448501,3448501,1346004899.75252,37.7117438533652,23.3515535978985,4196092.42074,36.138348,1,-0.209
3448502,3448502,1346004899.75252,37.711743855482,23.3515536031934,4196092.42102801,36.235897,1,-0.1114
3448503,3448503,1346004899.75252,37.7117438544811,23.3515536006898,4196092.42073714,36.18977,1,-0.1576
3448504,3448504,1346004899.75262,37.7117532607396,23.3515604490239,4196093.40204607,176.51593,0,140.1686
3448505,3448505,1346004899.75262,37.7117502446601,23.3515528187565,4196093.13342177,36.009007,1,-0.3383
3448506,3448506,1346004899.75262,37.7117502440284,23.3515528171765,4196093.13342272,35.979897,1,-0.3674
3448507,3448507,1346004899.75262,37.7117502501381,23.3515528324593,4196093.13399588,36.261456,1,-0.0859
3448508,3448508,1346004899.75262,37.7117502400773,23.351552807293,4196093.13313662,35.79781,1,-0.5495
3448509,3448509,1346004899.75262,37.7117502454787,23.3515528208042,4196093.13341986,36.04673,1,-0.3006
3448510,3448510,1346004899.75262,37.7117501907688,23.3515526839507,4196093.12855517,33.525448,1,-2.8219
3448511,3448511,1346004899.75262,37.7117502468078,23.3515528241289,4196093.13370978,36.107983,1,-0.2394
3448512,3448512,1346004899.75262,37.7117502458243,23.3515528216687,4196093.13341986,36.062656,1,-0.2847
3448513,3448513,1346004899.75272,37.7117565763296,23.3515518963325,4196093.8406695,33.23982,1,-3.1075
3448514,3448514,1346004899.75272,37.7117566373992,23.3515520490944,4196093.84610163,36.054188,1,-0.2931
3448515,3448515,1346004899.75272,37.7117566389704,23.3515520530248,4196093.84639155,36.1266,1,-0.2207
3448516,3448516,1346004899.75272,37.7117566374679,23.3515520492662,4196093.84610163,36.05735,1,-0.29
3448517,3448517,1346004899.75272,37.7117566389246,23.3515520529101,4196093.84639155,36.124485,1,-0.2229
3448518,3448518,1346004899.75272,37.7117566368833,23.351552047804,4196093.84610354,36.030415,1,-0.3169
3448519,3448519,1346004899.75272,37.7117566419386,23.3515520604495,4196093.84667765,36.263386,1,-0.0839
3448520,3448520,1346004899.75272,37.7117566393012,23.3515520538521,4196093.84638964,36.141838,1,-0.2055
3448521,3448521,1346004899.75272,37.7117566403891,23.3515520565735,4196093.84638773,36.191975,1,-0.1554
3448522,3448522,1346004899.75272,37.71175663966,23.3515520547496,4196093.84638964,36.158375,1,-0.189
3448523,3448523,1346004899.75282,37.711762993682,23.3515511841101,4196094.55564677,34.351547,0,-1.9958
3448524,3448524,1346004899.75282,37.7117630317182,23.3515512792556,4196094.55907618,36.104435,1,-0.2429
3448525,3448525,1346004899.75282,37.711763032508,23.3515512812311,4196094.55936419,36.14083,1,-0.2065
3448526,3448526,1346004899.75282,37.7117630307353,23.3515512767969,4196094.55907618,36.059135,1,-0.2882
3448527,3448527,1346004899.75282,37.7117630353495,23.3515512883389,4196094.55936037,36.27178,1,-0.0756
3448528,3448528,1346004899.75282,37.7117629684837,23.3515511210782,4196094.55365168,33.190296,1,-3.157
3448529,3448529,1346004899.75292,37.7117694187907,23.351550497147,4196095.27147852,35.928448,1,-0.4189
3448530,3448530,1346004899.75292,37.7117694233126,23.3515505084584,4196095.27176081,36.136837,1,-0.2105
3448531,3448531,1346004899.75292,37.7117694262417,23.3515505157854,4196095.27204691,36.271824,1,-0.0755
3448532,3448532,1346004899.75292,37.7117694206981,23.3515505019184,4196095.27147661,36.01635,1,-0.331
3448533,3448533,1346004899.75292,37.7117694225131,23.3515505064586,4196095.27176272,36.099995,1,-0.2473
3448534,3448534,1346004899.75302,37.7117758130533,23.3515497288864,4196095.98445498,36.015846,1,-0.3315
3448535,3448535,1346004899.75302,37.7117757569386,23.3515495885184,4196095.97931849,33.429817,1,-2.9175
3448536,3448536,1346004899.75302,37.7117758135114,23.3515497300324,4196095.98445498,36.03696,1,-0.3104
3448537,3448537,1346004899.75302,37.711775755736,23.3515495855103,4196095.97932039,33.374397,1,-2.9729
3448538,3448538,1346004899.75302,37.7117757573091,23.3515495894453,4196095.97931849,33.44689,1,-2.9004
3448539,3448539,1346004899.75302,37.7117758150983,23.3515497340021,4196095.98445307,36.110096,1,-0.2372
3448540,3448540,1346004899.75302,37.7117758167299,23.3515497380834,4196095.98474108,36.185287,1,-0.162
3448541,3448541,1346004899.75312,37.7117822051992,23.3515489611782,4196096.69714533,36.113174,1,-0.2342
3448542,3448542,1346004899.75312,37.7117821470933,23.3515488158292,4196096.69172274,33.43538,1,-2.912
3448543,3448543,1346004899.75312,37.7117822061857,23.3515489636457,4196096.69714342,36.158638,1,-0.1887
3448544,3448544,1346004899.75322,37.7117885970747,23.3515481884737,4196097.4092568,36.126835,1,-0.2205
3448545,3448545,1346004899.75322,37.711788533938,23.35154803054,4196097.40343724,33.21719,1,-3.1301
3448546,3448546,1346004899.75322,37.7117885941427,23.3515481811393,4196097.40896582,35.991714,1,-0.3556
3448547,3448547,1346004899.75322,37.7117885992736,23.3515481939741,4196097.40925678,36.228172,1,-0.1192
3448548,3448548,1346004899.75322,37.7117885375674,23.3515480396189,4196097.40372821,33.384453,1,-2.9629
3448549,3448549,1346004899.75322,37.7117885376276,23.3515480397695,4196097.40372821,33.387226,1,-2.9601
3448550,3448550,1346004899.75322,37.7117885941442,23.351548181143,4196097.40896582,35.99178,1,-0.3556
3448551,3448551,1346004899.75332,37.7117949860162,23.3515474144389,4196098.12161781,36.115505,1,-0.2318
3448552,3448552,1346004899.75332,37.7117949833615,23.3515474077983,4196098.121327,35.993164,1,-0.3542
3448553,3448553,1346004899.75332,37.7117949863505,23.3515474152751,4196098.12161781,36.13091,1,-0.2164
3448554,3448554,1346004899.75332,37.7117949867389,23.3515474162466,4196098.12161775,36.148808,1,-0.1985
3448555,3448555,1346004899.75332,37.7117949502222,23.3515473249018,4196098.11841949,34.46594,0,-1.8814
3448556,3448556,1346004899.75332,37.7117949917955,23.3515474288956,4196098.12190844,36.381844,1,0.0345
3448557,3448557,1346004899.75342,37.7118013180603,23.3515464939208,4196098.82874908,33.413624,1,-2.9337
3448558,3448558,1346004899.75342,37.7118013702758,23.3515466245355,4196098.83339776,35.81997,1,-0.5274
3448559,3448559,1346004899.75342,37.7118013783057,23.3515466446219,4196098.83426954,36.190025,1,-0.1573
3448560,3448560,1346004899.75352,37.7118077618717,23.3515458588095,4196099.54604973,35.96948,1,-0.3779
3448561,3448561,1346004899.75352,37.7118077011943,23.3515457070275,4196099.54082431,33.17317,1,-3.1742
3448562,3448562,1346004899.75352,37.7118077599223,23.3515458539333,4196099.54605021,35.879642,1,-0.4677
3448563,3448563,1346004899.75352,37.7118077632966,23.3515458623738,4196099.54634036,36.035145,1,-0.3122
3448564,3448564,1346004899.75352,37.7118077657216,23.3515458684399,4196099.54663076,36.146904,1,-0.2004
3448565,3448565,1346004899.75352,37.7118077648305,23.3515458662109,4196099.54634013,36.10584,1,-0.2415
3448566,3448566,1346004899.75362,37.7118141547536,23.3515450921334,4196100.25899257,36.109573,1,-0.2378
3448567,3448567,1346004899.75362,37.7118141558386,23.3515450948476,4196100.25899233,36.15958,1,-0.1878
3448568,3448568,1346004899.75362,37.7118141569065,23.3515450975189,4196100.25899209,36.208794,1,-0.1385
3448569,3448569,1346004899.75372,37.7118205452257,23.3515443252442,4196100.97135343,36.245296,1,-0.102
3448570,3448570,1346004899.75372,37.7118204802702,23.3515441627606,4196100.96555604,33.251827,1,-3.0955
3448571,3448571,1346004899.75372,37.7118205439097,23.3515443219524,4196100.97135415,36.18465,1,-0.1627
3448572,3448572,1346004899.75372,37.7118205430997,23.3515443199261,4196100.97135415,36.14732,1,-0.2
3448573,3448573,1346004899.75372,37.7118205434858,23.3515443208919,4196100.97135415,36.165115,1,-0.1822
3448574,3448574,1346004899.75382,37.7118293592754,23.3515496913171,4196101.89974417,149.31854,0,112.9712
3448575,3448575,1346004899.75382,37.7118269278077,23.351543539434,4196101.68313565,36.036205,1,-0.3111
3448576,3448576,1346004899.75382,37.7118269204953,23.3515435211424,4196101.68255677,35.699215,1,-0.6481
3448577,3448577,1346004899.75382,37.7118269324289,23.351543550994,4196101.68371596,36.249176,1,-0.0982
3448578,3448578,1346004899.75382,37.7118268690721,23.3515433925092,4196101.67792143,33.32938,1,-3.018
3448579,3448579,1346004899.75382,37.7118268577866,23.351543364279,4196101.67705311,32.809288,1,-3.538
3448580,3448580,1346004899.75382,37.7118268687019,23.3515433915831,4196101.67792191,33.312317,1,-3.035
3448581,3448581,1346004899.75382,37.711826866768,23.3515433867456,4196101.67763199,33.223194,1,-3.1241
3448582,3448582,1346004899.75392,37.7118333178643,23.3515427681391,4196102.39578976,36.102528,1,-0.2448
3448583,3448583,1346004899.75392,37.7118332609983,23.3515426258908,4196102.39057888,33.481857,1,-2.8655
3448584,3448584,1346004899.75392,37.7118333170946,23.3515427662136,4196102.39549889,36.06705,1,-0.2803
3448585,3448585,1346004899.75392,37.7118333188328,23.3515427705617,4196102.39578881,36.14716,1,-0.2002
3448586,3448586,1346004899.75392,37.7118333168358,23.3515427655662,4196102.39549889,36.055126,1,-0.2922
3448587,3448587,1346004899.75392,37.7118333221603,23.3515427788854,4196102.39607872,36.30051,1,-0.0468
3448588,3448588,1346004899.75392,37.7118333245162,23.3515427847785,4196102.39636864,36.409077,1,0.0617
3448589,3448589,1346004899.75392,37.711833256729,23.3515426152112,4196102.39028992,33.285103,1,-3.0622
3448590,3448590,1346004899.75402,37.7118397031182,23.351541990628,4196103.10757222,36.053776,1,-0.2936
3448591,3448591,1346004899.75402,37.7118396444729,23.351541843929,4196103.10236659,33.35111,1,-2.9962
3448592,3448592,1346004899.75402,37.7118397026482,23.3515419894526,4196103.10757269,36.03212,1,-0.3152
3448593,3448593,1346004899.75402,37.7118396384965,23.3515418289791,4196103.10207858,33.075684,1,-3.2717
3448594,3448594,1346004899.75402,37.7118396974842,23.3515419765348,4196103.10728468,35.794132,1,-0.5532
3448595,3448595,1346004899.75402,37.7118396400508,23.3515418328673,4196103.10207762,33.147316,1,-3.2
3448596,3448596,1346004899.75412,37.7118460910265,23.3515412155642,4196103.81993737,36.05804,1,-0.2893
3448597,3448597,1346004899.75412,37.711846097439,23.3515412316049,4196103.82051529,36.35356,1,0.0062
3448598,3448598,1346004899.75412,37.7118460940769,23.3515412231948,4196103.82022681,36.19862,1,-0.1487
3448599,3448599,1346004899.75412,37.7118460940672,23.3515412231705,4196103.82022681,36.19817,1,-0.1492
3448600,3448600,1346004899.75422,37.7118524797656,23.3515404483649,4196104.53230204,36.206573,1,-0.1408
3448601,3448601,1346004899.75422,37.7118524772247,23.3515404420088,4196104.5320126,36.089474,1,-0.2579
3448602,3448602,1346004899.75422,37.7118524819136,23.351540453738,4196104.532591,36.305565,1,-0.0418
3448603,3448603,1346004899.75422,37.7118524746633,23.3515404356016,4196104.53172268,35.97143,1,-0.3759
3448604,3448604,1346004899.75422,37.7118524799125,23.3515404487323,4196104.53230109,36.213345,1,-0.134
3448605,3448605,1346004899.75422,37.7118524779543,23.3515404438339,4196104.53201165,36.123096,1,-0.2242
3448606,3448606,1346004899.75432,37.7118588682959,23.3515396764395,4196105.24466767,36.2759,1,-0.0714
3448607,3448607,1346004899.75432,37.7118587989229,23.3515395029049,4196105.2383181,33.07884,1,-3.2685
3448608,3448608,1346004899.75432,37.7118588669983,23.3515396731936,4196105.24437775,36.216103,1,-0.1312
3448609,3448609,1346004899.75432,37.7118588643493,23.3515396665671,4196105.24438014,36.09402,1,-0.2533
3448610,3448610,1346004899.75432,37.7118587995684,23.3515395045198,4196105.2386085,33.10859,1,-3.2387
3448611,3448611,1346004899.75432,37.7118588651623,23.3515396686008,4196105.24437918,36.131485,1,-0.2159
3448612,3448612,1346004899.75432,37.7118588656863,23.3515396699117,4196105.24437918,36.155636,1,-0.1917
3448613,3448613,1346004899.75442,37.7118652460436,23.3515388833161,4196105.95587887,35.954002,1,-0.3933
3448614,3448614,1346004899.75442,37.7118652535893,23.3515389021913,4196105.95674576,36.301743,1,-0.0456
3448615,3448615,1346004899.75442,37.7118651891961,23.3515387411139,4196105.95097794,33.334183,1,-3.0132
3448616,3448616,1346004899.75442,37.711865250489,23.3515388944361,4196105.95645775,36.158867,1,-0.1885
3448617,3448617,1346004899.75442,37.7118652504206,23.3515388942651,4196105.95645775,36.155716,1,-0.1916
3448618,3448618,1346004899.75442,37.7118652504648,23.3515388943757,4196105.95645775,36.157753,1,-0.1896
3448619,3448619,1346004899.75452,37.7118716333491,23.3515381098865,4196106.66824879,36.00272,1,-0.3446
3448620,3448620,1346004899.75452,37.7118716378953,23.3515381212589,4196106.66853489,36.212234,1,-0.1351
3448621,3448621,1346004899.75452,37.711871633273,23.3515381096961,4196106.66824879,35.99921,1,-0.3481
3448622,3448622,1346004899.75462,37.7118780198973,23.3515373403251,4196107.38032689,36.121937,1,-0.2254
3448623,3448623,1346004899.75462,37.7118779471454,23.3515371583384,4196107.37370362,32.76916,1,-3.5782
3448624,3448624,1346004899.75462,37.7118780247149,23.3515373523762,4196107.38061394,36.34396,1,-0.0034
3448625,3448625,1346004899.75462,37.7118779939465,23.3515372754098,4196107.37802376,34.925987,0,-1.4213
3448626,3448626,1346004899.75462,37.7118780195972,23.3515373395745,4196107.38032689,36.10811,1,-0.2392
3448627,3448627,1346004899.75462,37.7118779599788,23.3515371904406,4196107.37485566,33.360588,1,-2.9867
3448628,3448628,1346004899.75462,37.7118780229848,23.3515373480483,4196107.3806149,36.26422,1,-0.0831
3448629,3448629,1346004899.75462,37.7118780244991,23.3515373518363,4196107.38061394,36.33401,1,-0.0133
3448630,3448630,1346004899.75472,37.7118843993499,23.3515365487884,4196108.09183564,35.844025,1,-0.5033
3448631,3448631,1346004899.75472,37.7118844048465,23.3515365625378,4196108.09211983,36.097332,1,-0.25
3448632,3448632,1346004899.75472,37.7118844072714,23.3515365686036,4196108.09240879,36.209084,1,-0.1383
3448633,3448633,1346004899.75472,37.7118844068779,23.3515365676193,4196108.09240975,36.19095,1,-0.1564
3448634,3448634,1346004899.75472,37.7118844064426,23.3515365665305,4196108.09240975,36.17089,1,-0.1764
3448635,3448635,1346004899.75482,37.711890786886,23.351535783222,4196108.80391468,36.04373,1,-0.3036
3448636,3448636,1346004899.75482,37.7118907879882,23.351535785979,4196108.80391373,36.094524,1,-0.2528
3448637,3448637,1346004899.75482,37.7118907850764,23.3515357786953,4196108.80362668,35.960335,1,-0.387
3448638,3448638,1346004899.75482,37.7118907886165,23.3515357875507,4196108.8042046,36.12348,1,-0.2239
3448639,3448639,1346004899.75482,37.7118907886708,23.3515357876865,4196108.8042046,36.12598,1,-0.2214
3448640,3448640,1346004899.75482,37.7118907866497,23.3515357826308,4196108.80391659,36.03284,1,-0.3145
3448641,3448641,1346004899.75482,37.711890783964,23.3515357759128,4196108.80362763,35.909073,1,-0.4383
3448642,3448642,1346004899.75482,37.711890723179,23.3515356238606,4196108.79816403,33.107788,1,-3.2395
3448643,3448643,1346004899.75482,37.7118907906329,23.3515357925947,4196108.80420269,36.216408,1,-0.1309
3448644,3448644,1346004899.75492,37.7118971721476,23.3515350077287,4196109.51600327,36.068207,1,-0.2791
3448645,3448645,1346004899.75492,37.7118971059702,23.3515348421876,4196109.50996746,33.018414,1,-3.3289
3448646,3448646,1346004899.75492,37.7118971127632,23.3515348591801,4196109.51054062,33.33147,1,-3.0159
3448647,3448647,1346004899.75492,37.7118971698425,23.3515350019626,4196109.51571431,35.961975,1,-0.3854
3448648,3448648,1346004899.75492,37.7118971114377,23.3515348558643,4196109.51054348,33.270382,1,-3.077
3448649,3448649,1346004899.75492,37.7118971750953,23.3515350151022,4196109.51629033,36.20405,1,-0.1433
3448650,3448650,1346004899.75492,37.7118971737547,23.3515350117487,4196109.51600041,36.14227,1,-0.2051
3448651,3448651,1346004899.75492,37.711897175817,23.3515350169076,4196109.51628937,36.23731,1,-0.11
3448652,3448652,1346004899.75502,37.71190348675,23.351534066211,4196110.22147908,33.028805,1,-3.3185
3448653,3448653,1346004899.75502,37.7119035559307,23.3515342392647,4196110.22779622,36.217007,1,-0.1303
3448654,3448654,1346004899.75502,37.7119035547769,23.3515342363784,4196110.2275063,36.16383,1,-0.1835
3448655,3448655,1346004899.75502,37.7119035533048,23.351534232696,4196110.22750916,36.09599,1,-0.2513
3448656,3448656,1346004899.75502,37.7119035535053,23.3515342331975,4196110.22750821,36.10523,1,-0.2421
3448657,3448657,1346004899.75512,37.7119099391825,23.3515334602321,4196110.93959774,36.18294,1,-0.1644
3448658,3448658,1346004899.75512,37.7119099375918,23.351533456253,4196110.93930973,36.109634,1,-0.2377
3448659,3448659,1346004899.75512,37.7119099398478,23.3515334618965,4196110.93959774,36.213608,1,-0.1337
3448660,3448660,1346004899.75512,37.7119099374805,23.3515334559746,4196110.93930973,36.104507,1,-0.2428
3448661,3448661,1346004899.75512,37.7119098647765,23.3515332741074,4196110.93270935,32.753937,1,-3.5934
3448662,3448662,1346004899.75512,37.7119099390816,23.3515334599797,4196110.93959774,36.178295,1,-0.169
3448663,3448663,1346004899.75512,37.7119099397165,23.351533461568,4196110.93959774,36.207554,1,-0.1398
3448664,3448664,1346004899.75512,37.7119099397534,23.3515334616601,4196110.93959774,36.20925,1,-0.1381
3448665,3448665,1346004899.75522,37.7119163197298,23.3515326801592,4196111.65111222,36.128727,1,-0.2186
3448666,3448666,1346004899.75522,37.7119163078397,23.3515326504164,4196111.64996399,35.580772,0,-0.7666
3448667,3448667,1346004899.75522,37.7119163202927,23.3515326815671,4196111.65111126,36.154667,1,-0.1927
3448668,3448668,1346004899.75532,37.7119226325377,23.3515317313663,4196112.3563229,32.969395,1,-3.3779
3448669,3448669,1346004899.75532,37.7119227037152,23.351531909415,4196112.36291565,36.249615,1,-0.0977
3448670,3448670,1346004899.75532,37.7119227010419,23.3515319027279,4196112.36262764,36.12642,1,-0.2209
3448671,3448671,1346004899.75532,37.7119227035194,23.3515319089252,4196112.36291565,36.240593,1,-0.1067
3448672,3448672,1346004899.75532,37.7119227008138,23.3515319021571,4196112.3626286,36.115902,1,-0.2314
3448673,3448673,1346004899.75542,37.7119350110856,23.3515461177146,4196113.60244431,312.21506,0,275.8677
3448674,3448674,1346004899.75542,37.7119290842687,23.3515311258192,4196113.0744349,36.141205,1,-0.2061
3448675,3448675,1346004899.75542,37.7119290842745,23.3515311258337,4196113.0744349,36.14147,1,-0.2059
3448676,3448676,1346004899.75542,37.7119290793753,23.3515311135784,4196113.07386078,35.91569,1,-0.4316
3448677,3448677,1346004899.75542,37.7119290673747,23.3515310835592,4196113.07271447,35.36264,1,-0.9847
3448678,3448678,1346004899.75542,37.7119290840916,23.3515311253761,4196113.0744368,36.13304,1,-0.2143
3448679,3448679,1346004899.75542,37.7119290070714,23.3515309327119,4196113.06756558,32.58356,1,-3.7638
3448680,3448680,1346004899.75552,37.7119354644068,23.3515303419005,4196113.78596177,36.030014,1,-0.3173
3448681,3448681,1346004899.75552,37.7119354667453,23.3515303477501,4196113.78595795,36.137783,1,-0.2096
3448682,3448682,1346004899.75552,37.7119354640089,23.3515303409053,4196113.78596177,36.01168,1,-0.3357
3448683,3448683,1346004899.75552,37.7119354665699,23.3515303473114,4196113.78595795,36.1297,1,-0.2176
3448684,3448684,1346004899.75552,37.7119354636563,23.3515303400231,4196113.78567185,35.995426,1,-0.3519
3448685,3448685,1346004899.75552,37.7119354672488,23.3515303490095,4196113.78624787,36.160984,1,-0.1864
3448686,3448686,1346004899.75562,37.7119418489522,23.3515295747056,4196114.49776902,36.22578,1,-0.1216
3448687,3448687,1346004899.75562,37.7119418509532,23.3515295797111,4196114.4977652,36.317997,1,-0.0293
3448688,3448688,1346004899.75562,37.7119418470587,23.351529569969,4196114.49748101,36.13852,1,-0.2088
3448689,3448689,1346004899.75562,37.711941776798,23.3515293942136,4196114.49119248,32.90055,1,-3.4468
3448690,3448690,1346004899.75562,37.7119418479602,23.3515295722241,4196114.49777092,36.180065,1,-0.1673
3448691,3448691,1346004899.75572,37.7119482290267,23.3515287920414,4196115.2092997,36.143913,1,-0.2034
3448692,3448692,1346004899.75572,37.7119482313974,23.3515287979717,4196115.20929589,36.25317,1,-0.0942
3448693,3448693,1346004899.75572,37.7119482292086,23.3515287924965,4196115.2092997,36.152298,1,-0.195
3448694,3448694,1346004899.75572,37.7119482286777,23.3515287911684,4196115.2092997,36.127834,1,-0.2195
3448695,3448695,1346004899.75572,37.7119482274025,23.3515287879785,4196115.20900979,36.06906,1,-0.2783
3448696,3448696,1346004899.75572,37.7119482321718,23.3515287999088,4196115.2095839,36.288857,1,-0.0585
3448697,3448697,1346004899.75582,37.7119546093791,23.3515280157581,4196115.92053666,36.17838,1,-0.169
3448698,3448698,1346004899.75582,37.7119546082326,23.3515280128902,4196115.92053856,36.125546,1,-0.2218
3448699,3448699,1346004899.75582,37.7119546071502,23.3515280101826,4196115.92054047,36.07566,1,-0.2717
3448700,3448700,1346004899.75582,37.7119546091089,23.3515280150821,4196115.92053666,36.165924,1,-0.1814
3448701,3448701,1346004899.75582,37.7119546100439,23.3515280174212,4196115.92082657,36.20902,1,-0.1383
3448702,3448702,1346004899.75592,37.7119609160372,23.3515270558208,4196116.62550988,32.832367,1,-3.515
3448703,3448703,1346004899.75592,37.7119609903019,23.3515272415921,4196116.63206925,36.25486,1,-0.0925
3448704,3448704,1346004899.75592,37.7119609885166,23.3515272371262,4196116.63207116,36.17258,1,-0.1748
3448705,3448705,1346004899.75592,37.7119609887453,23.3515272376984,4196116.63207116,36.183125,1,-0.1642
3448706,3448706,1346004899.75592,37.7119609877711,23.3515272352615,4196116.63207306,36.13823,1,-0.2091
3448707,3448707,1346004899.75602,37.7119673678574,23.3515264546989,4196117.34332146,36.104103,1,-0.2432
3448708,3448708,1346004899.75602,37.7119673639321,23.3515264448799,4196117.34303727,35.92321,1,-0.4241
3448709,3448709,1346004899.75602,37.7119673734515,23.3515264686924,4196117.34389176,36.361908,1,0.0146
3448710,3448710,1346004899.75602,37.7119673653156,23.3515264483406,4196117.34332528,35.986965,1,-0.3604
3448711,3448711,1346004899.75602,37.71196736732,23.3515264533545,4196117.34332146,36.079338,1,-0.268
3448712,3448712,1346004899.75612,37.7119736740786,23.3515254948505,4196118.04752207,32.76577,1,-3.5816
3448713,3448713,1346004899.75612,37.7119737478369,23.3515256793552,4196118.05421037,36.164925,1,-0.1824
3448714,3448714,1346004899.75612,37.7119737474463,23.3515256783781,4196118.05421043,36.146923,1,-0.2004
3448715,3448715,1346004899.75622,37.711980128491,23.3515249015619,4196118.76569951,36.187637,1,-0.1597
3448716,3448716,1346004899.75622,37.711980125359,23.3515248937273,4196118.76540899,36.0433,1,-0.304
3448717,3448717,1346004899.75622,37.7119801281076,23.3515249006028,4196118.76569951,36.169968,1,-0.1774
3448718,3448718,1346004899.75622,37.7119801279352,23.3515249001715,4196118.76569951,36.16202,1,-0.1853
3448719,3448719,1346004899.75622,37.7119801263003,23.3515248960818,4196118.76540888,36.086678,1,-0.2607
3448720,3448720,1346004899.75622,37.7119801261926,23.3515248958125,4196118.76540888,36.081715,1,-0.2656
3448721,3448721,1346004899.75632,37.7119865071784,23.3515241245009,4196119.47689796,36.222412,1,-0.1249
3448722,3448722,1346004899.75632,37.7119865064547,23.3515241226906,4196119.47689796,36.18906,1,-0.1583
3448723,3448723,1346004899.75632,37.7119865023084,23.3515241123189,4196119.4766078,35.997982,1,-0.3494
3448724,3448724,1346004899.75632,37.7119865055061,23.3515241203178,4196119.47689796,36.145348,1,-0.202
3448725,3448725,1346004899.75642,37.7119928142452,23.3515231639532,4196120.18200517,32.883873,1,-3.4635
3448726,3448726,1346004899.75642,37.7119928863076,23.3515233442156,4196120.18838811,36.20487,1,-0.1425
3448727,3448727,1346004899.75642,37.7119928878154,23.3515233479872,4196120.1883874,36.274353,1,-0.073
3448728,3448728,1346004899.75642,37.7119928863746,23.3515233443833,4196120.18838811,36.20796,1,-0.1394
3448729,3448729,1346004899.75642,37.7119928842985,23.3515233391899,4196120.18809748,36.11228,1,-0.2351
3448730,3448730,1346004899.75652,37.7119992626728,23.3515225626544,4196120.899297,36.16231,1,-0.185
3448731,3448731,1346004899.75652,37.7119991869838,23.3515223733202,4196120.89262891,32.674187,1,-3.6731
3448732,3448732,1346004899.75662,37.7120055721471,23.3515216094248,4196121.60470557,32.96409,1,-3.3832
3448733,3448733,1346004899.75662,37.7120056389726,23.3515217765872,4196121.61049915,36.04374,1,-0.3036
3448734,3448734,1346004899.75662,37.7120056368748,23.3515217713395,4196121.61020875,35.94706,1,-0.4003
3448735,3448735,1346004899.75662,37.7120056422072,23.3515217846783,4196121.61078859,36.192802,1,-0.1545
3448736,3448736,1346004899.75662,37.712005640782,23.3515217811132,4196121.61078906,36.12712,1,-0.2202
3448737,3448737,1346004899.75662,37.7120056363849,23.3515217701139,4196121.61020875,35.92448,1,-0.4229
3448738,3448738,1346004899.75662,37.7120056405754,23.3515217805965,4196121.61078906,36.117603,1,-0.2297
3448739,3448739,1346004899.75662,37.7120056425331,23.3515217854937,4196121.61078859,36.207825,1,-0.1395
3448740,3448740,1346004899.75672,37.7120120174244,23.3515210015274,4196122.32170034,36.12636,1,-0.221
3448741,3448741,1346004899.75672,37.7120120185853,23.3515210044314,4196122.32199073,36.179863,1,-0.1675
3448742,3448742,1346004899.75672,37.712012017851,23.3515210025944,4196122.32169986,36.14602,1,-0.2013
3448743,3448743,1346004899.75672,37.7120120201047,23.351521008232,4196122.32198978,36.249886,1,-0.0974
3448744,3448744,1346004899.75672,37.7120120188088,23.3515210049903,4196122.32199025,36.190163,1,-0.1572
3448745,3448745,1346004899.75682,37.7120183979003,23.351520227175,4196123.03319287,36.228943,1,-0.1184
3448746,3448746,1346004899.75682,37.7120183941647,23.3515202178305,4196123.03290343,36.056786,1,-0.2905
3448747,3448747,1346004899.75682,37.712018394658,23.3515202190646,4196123.03290343,36.079525,1,-0.2678
3448748,3448748,1346004899.75682,37.7120184000429,23.3515202325348,4196123.03348279,36.327686,1,-0.0196
3448749,3448749,1346004899.75682,37.7120183977461,23.3515202267894,4196123.03319287,36.22184,1,-0.1255
3448750,3448750,1346004899.75682,37.7120183982279,23.3515202279946,4196123.03319287,36.24404,1,-0.1033
3448751,3448751,1346004899.75682,37.7120183950714,23.3515202200985,4196123.03290296,36.09857,1,-0.2488
3448752,3448752,1346004899.75692,37.7120247720245,23.3515194425448,4196123.74410749,36.14049,1,-0.2068
3448753,3448753,1346004899.75692,37.7120247739129,23.3515194472685,4196123.74410653,36.227516,1,-0.1198
3448754,3448754,1346004899.75692,37.7120247000008,23.3515192623795,4196123.73774886,32.82129,1,-3.526
3448755,3448755,1346004899.75692,37.7120247718332,23.3515194420664,4196123.74410749,36.131676,1,-0.2157
3448756,3448756,1346004899.75692,37.712024772241,23.3515194430864,4196123.74410749,36.15047,1,-0.1969
3448757,3448757,1346004899.75692,37.7120247712533,23.3515194406156,4196123.74410844,36.10495,1,-0.2424
3448758,3448758,1346004899.75702,37.7120311497033,23.3515186624372,4196124.45531297,36.1422,1,-0.2051
3448759,3448759,1346004899.75702,37.7120311487419,23.3515186600323,4196124.45531392,36.097893,1,-0.2494
3448760,3448760,1346004899.75702,37.7120311429347,23.3515186455057,4196124.45473552,35.83027,1,-0.5171
3448761,3448761,1346004899.75702,37.712031078784,23.3515184850347,4196124.44895816,32.8739,1,-3.4734
3448762,3448762,1346004899.75702,37.7120311496621,23.3515186623341,4196124.45531297,36.1403,1,-0.207
3448763,3448763,1346004899.75702,37.7120311498248,23.3515186627411,4196124.45531297,36.1478,1,-0.1995
3448764,3448764,1346004899.75702,37.7120311509536,23.3515186655647,4196124.45531249,36.199818,1,-0.1475
3448765,3448765,1346004899.75712,37.7120374907549,23.3515177963042,4196125.16305328,34.55729,0,-1.79
3448766,3448766,1346004899.75712,37.7120374493811,23.3515176928088,4196125.15959144,32.650585,1,-3.6968
3448767,3448767,1346004899.75712,37.7120375243275,23.3515178802851,4196125.16622997,36.104477,1,-0.2429
3448768,3448768,1346004899.75712,37.7120375270998,23.3515178872199,4196125.16651845,36.232235,1,-0.1151
3448769,3448769,1346004899.75712,37.7120375260713,23.3515178846471,4196125.16622853,36.184837,1,-0.1625
3448770,3448770,1346004899.75712,37.7120375245687,23.3515178808885,4196125.16622901,36.115593,1,-0.2317
3448771,3448771,1346004899.75712,37.7120375283139,23.3515178902571,4196125.16651797,36.28819,1,-0.0591
3448772,3448772,1346004899.75712,37.7120375277769,23.3515178889136,4196125.16651797,36.26344,1,-0.0839
3448773,3448773,1346004899.75722,37.7120439019997,23.351517101375,4196125.87743783,36.133236,1,-0.2141
3448774,3448774,1346004899.75722,37.7120439011974,23.3515170993681,4196125.87714791,36.096264,1,-0.2511
3448775,3448775,1346004899.75722,37.7120438994572,23.3515170950149,4196125.87714887,36.016064,1,-0.3313
3448776,3448776,1346004899.75722,37.7120438942021,23.3515170818695,4196125.87657094,35.773884,1,-0.5735
3448777,3448777,1346004899.75722,37.7120439027271,23.3515171031946,4196125.87743688,36.16676,1,-0.1806
3448778,3448778,1346004899.75722,37.7120439001376,23.3515170967171,4196125.87714887,36.047424,1,-0.2999
3448779,3448779,1346004899.75722,37.712043827224,23.3515169143259,4196125.87080407,32.687218,1,-3.6601
3448780,3448780,1346004899.75732,37.7120502789748,23.3515163263035,4196126.58835626,36.23086,1,-0.1165
3448781,3448781,1346004899.75732,37.7120502742229,23.3515163144168,4196126.5880692,36.01187,1,-0.3355
3448782,3448782,1346004899.75732,37.7120502759143,23.3515163186478,4196126.58806825,36.089817,1,-0.2575
3448783,3448783,1346004899.75732,37.712050275655,23.3515163179991,4196126.58806825,36.07787,1,-0.2695
3448784,3448784,1346004899.75742,37.7120566540325,23.351515547025,4196127.29927659,36.25337,1,-0.094
3448785,3448785,1346004899.75742,37.7120566531842,23.351515544903,4196127.29927755,36.21427,1,-0.1331
3448786,3448786,1346004899.75742,37.7120566550497,23.3515155495696,4196127.29927564,36.300247,1,-0.0471
3448787,3448787,1346004899.75742,37.712056652,23.3515155419409,4196127.2992785,36.159702,1,-0.1876
3448788,3448788,1346004899.75742,37.7120566479825,23.351515531891,4196127.29870057,35.974552,1,-0.3728
3448789,3448789,1346004899.75742,37.712056653146,23.3515155448076,4196127.29927755,36.212513,1,-0.1348
3448790,3448790,1346004899.75742,37.7120566481906,23.3515155324117,4196127.29870057,35.984142,1,-0.3632
3448791,3448791,1346004899.75752,37.712063024836,23.3515147527023,4196128.00991559,36.00534,1,-0.342
3448792,3448792,1346004899.75752,37.712063029033,23.3515147632009,4196128.01020265,36.198757,1,-0.1486
3448793,3448793,1346004899.75752,37.7120630276921,23.3515147598466,4196128.0102036,36.136963,1,-0.2104
3448794,3448794,1346004899.75752,37.712063026855,23.3515147577528,4196128.01020456,36.09839,1,-0.2489
3448795,3448795,1346004899.75762,37.7120693985779,23.3515139663054,4196128.7208426,35.905636,1,-0.4417
3448796,3448796,1346004899.75762,37.7120694062716,23.351513985551,4196128.72141671,36.260197,1,-0.0871
3448797,3448797,1346004899.75762,37.7120693287828,23.3515137917154,4196128.71451497,32.689156,1,-3.6582
3448798,3448798,1346004899.75762,37.7120694028064,23.3515139768828,4196128.7211287,36.100506,1,-0.2468
3448799,3448799,1346004899.75762,37.7120694020583,23.3515139750116,4196128.72113061,36.066032,1,-0.2813
3448800,3448800,1346004899.75762,37.7120693307125,23.3515137965424,4196128.71451307,32.778088,1,-3.5692
3448801,3448801,1346004899.75762,37.7120694027106,23.3515139766432,4196128.72113061,36.09609,1,-0.2512
3448802,3448802,1346004899.75762,37.7120693290522,23.3515137923895,4196128.71451497,32.701576,1,-3.6458
3448803,3448803,1346004899.75772,37.7120757787972,23.3515132016654,4196129.43205571,36.20473,1,-0.1426
3448804,3448804,1346004899.75772,37.7120757724798,23.3515131858628,4196129.4314816,35.913597,1,-0.4337
3448805,3448805,1346004899.75772,37.7120757780026,23.3515131996777,4196129.43205571,36.16811,1,-0.1792
3448806,3448806,1346004899.75772,37.7120756929621,23.3515129869521,4196129.42429662,32.249058,1,-4.0983
3448807,3448807,1346004899.75782,37.7120821535673,23.3515124189712,4196130.14298749,36.17771,1,-0.1696
3448808,3448808,1346004899.75782,37.7120821448285,23.3515123971113,4196130.14212442,35.774986,1,-0.5723
3448809,3448809,1346004899.75782,37.7120821517374,23.3515124143937,4196130.14269757,36.09338,1,-0.254
3448810,3448810,1346004899.75782,37.712082154319,23.3515124208514,4196130.14298654,36.21235,1,-0.135
3448811,3448811,1346004899.75792,37.7120885240065,23.3515116309826,4196130.85334134,36.051033,1,-0.2963
3448812,3448812,1346004899.75792,37.7120885291574,23.3515116438673,4196130.85391736,36.28841,1,-0.0589
3448813,3448813,1346004899.75792,37.7120885290935,23.3515116437073,4196130.85391736,36.28546,1,-0.0619
3448814,3448814,1346004899.75792,37.7120885251006,23.3515116337194,4196130.85363126,36.101456,1,-0.2459
3448815,3448815,1346004899.75792,37.7120885260314,23.3515116360477,4196130.85363126,36.14435,1,-0.203
3448816,3448816,1346004899.75792,37.712088525582,23.3515116349236,4196130.85363126,36.123642,1,-0.2237
3448817,3448817,1346004899.75802,37.7120948998823,23.3515108571406,4196131.56427407,36.187107,1,-0.1602
3448818,3448818,1346004899.75802,37.7120949009289,23.3515108597585,4196131.56456399,36.235336,1,-0.112
3448819,3448819,1346004899.75802,37.712094900197,23.3515108579279,4196131.56427407,36.20161,1,-0.1457
3448820,3448820,1346004899.75802,37.7120948985927,23.3515108539148,4196131.56427598,36.127678,1,-0.2197
3448821,3448821,1346004899.75802,37.7120949001188,23.3515108577321,4196131.56427407,36.198006,1,-0.1493
3448822,3448822,1346004899.75802,37.7120949005004,23.3515108586868,4196131.56456399,36.21559,1,-0.1317
3448823,3448823,1346004899.75802,37.7120948931234,23.3515108402335,4196131.56370092,35.875626,1,-0.4717
3448824,3448824,1346004899.75802,37.7120949000732,23.351510857618,4196131.56427407,36.195904,1,-0.1514
3448825,3448825,1346004899.75802,37.7120949020275,23.3515108625066,4196131.56456208,36.285965,1,-0.0614
3448826,3448826,1346004899.75812,37.7121012723988,23.3515100704517,4196132.27492547,36.092873,1,-0.2545
3448827,3448827,1346004899.75812,37.7121012710705,23.351510067129,4196132.27492643,36.03166,1,-0.3157
3448828,3448828,1346004899.75812,37.7121012700961,23.3515100646915,4196132.27492833,35.98675,1,-0.3606
3448829,3448829,1346004899.75812,37.712101276531,23.3515100807882,4196132.27550149,36.283302,1,-0.064
3448830,3448830,1346004899.75822,37.7121076464392,23.3515092930921,4196132.98586393,36.16826,1,-0.1791
3448831,3448831,1346004899.75822,37.7121076461322,23.3515092923241,4196132.98586583,36.15411,1,-0.1932
3448832,3448832,1346004899.75822,37.7121076458855,23.3515092917071,4196132.98586583,36.142742,1,-0.2046
3448833,3448833,1346004899.75822,37.7121076456397,23.3515092910923,4196132.98586583,36.131416,1,-0.2159
3448834,3448834,1346004899.75832,37.7121140220067,23.3515085150946,4196133.69680715,36.238174,1,-0.1092
3448835,3448835,1346004899.75832,37.7121140146933,23.3515084968005,4196133.69623685,35.901142,1,-0.4462
3448836,3448836,1346004899.75832,37.7121140212148,23.3515085131139,4196133.69680715,36.201683,1,-0.1457
3448837,3448837,1346004899.75832,37.7121140195392,23.3515085089225,4196133.69651914,36.124466,1,-0.2229
3448838,3448838,1346004899.75842,37.7121203894079,23.3515077271562,4196134.40688634,36.118313,1,-0.229
3448839,3448839,1346004899.75842,37.7121203878339,23.351507723219,4196134.40688825,36.04578,1,-0.3016
3448840,3448840,1346004899.75842,37.7121203913603,23.35150773204,4196134.40717435,36.208286,1,-0.139
3448841,3448841,1346004899.75842,37.7121203886565,23.3515077252767,4196134.40688825,36.083687,1,-0.2636
3448842,3448842,1346004899.75842,37.7121203906913,23.3515077303666,4196134.40688443,36.17746,1,-0.1699
3448843,3448843,1346004899.75842,37.7121203910062,23.3515077311544,4196134.40717435,36.191975,1,-0.1554
3448844,3448844,1346004899.75852,37.7121267629643,23.3515069451592,4196135.11754537,36.1184,1,-0.2289
3448845,3448845,1346004899.75852,37.7121267586788,23.3515069344391,4196135.11726308,35.920902,1,-0.4264
3448846,3448846,1346004899.75852,37.7121267623654,23.3515069436609,4196135.11754728,36.090797,1,-0.2565
3448847,3448847,1346004899.75852,37.7121267631292,23.3515069455715,4196135.11754537,36.125996,1,-0.2213
3448848,3448848,1346004899.75852,37.7121267646653,23.351506949414,4196135.11783529,36.196785,1,-0.1506
3448849,3448849,1346004899.75862,37.7121331333498,23.3515061607183,4196135.82821393,36.071026,1,-0.2763
3448850,3448850,1346004899.75862,37.7121331367556,23.3515061692377,4196135.82849813,36.227978,1,-0.1194
3448851,3448851,1346004899.75862,37.712133134838,23.3515061644408,4196135.82821202,36.139606,1,-0.2077
3448852,3448852,1346004899.75862,37.7121330592673,23.3515059754046,4196135.82135892,32.656998,1,-3.6903
3448853,3448853,1346004899.75862,37.7121331340409,23.3515061624469,4196135.82821202,36.102875,1,-0.2445
3448854,3448854,1346004899.75872,37.7121395075971,23.3515053864351,4196136.53887487,36.2126,1,-0.1347
3448855,3448855,1346004899.75882,37.7121458811559,23.3515046059365,4196137.24954534,36.24573,1,-0.1016
3448856,3448856,1346004899.75882,37.712145878901,23.3515046002959,4196137.24954915,36.141815,1,-0.2055
3448857,3448857,1346004899.75882,37.7121458798494,23.3515046026682,4196137.24954724,36.185516,1,-0.1618
3448858,3448858,1346004899.75892,37.7121522503181,23.3515038147349,4196137.95945185,36.083538,1,-0.2638
3448859,3448859,1346004899.75892,37.7121521731355,23.351503621667,4196137.95247167,32.526657,1,-3.8207
3448860,3448860,1346004899.75892,37.7121522505166,23.3515038152315,4196137.95945185,36.09269,1,-0.2546
3448861,3448861,1346004899.75892,37.7121521699534,23.351503613707,4196137.95218086,32.380013,1,-3.9673
3448862,3448862,1346004899.75892,37.7121522544556,23.3515038250847,4196137.95974266,36.27421,1,-0.0731
3448863,3448863,1346004899.75892,37.7121522475359,23.3515038077753,4196137.95916098,35.955322,1,-0.392
3448864,3448864,1346004899.75892,37.7121522522571,23.3515038195852,4196137.95945179,36.172894,1,-0.1744
3448865,3448865,1346004899.75902,37.7121586206377,23.3515030320758,4196138.66978198,36.07597,1,-0.2714
3448866,3448866,1346004899.75902,37.7121586206712,23.3515030321595,4196138.66978198,36.077515,1,-0.2698
3448867,3448867,1346004899.75902,37.712158541864,23.351502835028,4196138.66280716,32.44577,1,-3.9016
3448868,3448868,1346004899.75902,37.7121585764197,23.3515029214669,4196138.66571325,34.03823,0,-2.3091
3448869,3448869,1346004899.75902,37.7121586248842,23.3515030426981,4196138.67007249,36.271664,1,-0.0757
3448870,3448870,1346004899.75902,37.7121586219398,23.351503035333,4196138.66978186,36.13598,1,-0.2114
3448871,3448871,1346004899.75902,37.7121586197923,23.3515030299612,4196138.6697821,36.037014,1,-0.3103
3448872,3448872,1346004899.75902,37.71215862158,23.351503034433,4196138.66978186,36.119396,1,-0.2279
3448873,3448873,1346004899.75912,37.7121649906734,23.3515022441926,4196139.38011318,35.978085,1,-0.3693
3448874,3448874,1346004899.75912,37.7121649935967,23.351502251505,4196139.38040357,36.112804,1,-0.2345
3448875,3448875,1346004899.75912,37.7121649987741,23.3515022644559,4196139.38098484,36.351395,1,0.0041
3448876,3448876,1346004899.75912,37.7121649905578,23.3515022439033,4196139.38011318,35.972755,1,-0.3746
3448877,3448877,1346004899.75912,37.7121649964259,23.3515022585821,4196139.38069421,36.243183,1,-0.1042
3448878,3448878,1346004899.75912,37.712164996073,23.3515022576993,4196139.38069421,36.22692,1,-0.1204
3448879,3448879,1346004899.75912,37.7121649952696,23.3515022556896,4196139.38069445,36.189896,1,-0.1574
3448880,3448880,1346004899.75912,37.7121649943964,23.3515022535053,4196139.38040357,36.149654,1,-0.1977
3448881,3448881,1346004899.75912,37.7121645587282,23.3515011529908,4196139.34177965,15.8838005,0,-20.4635
3448882,3448882,1346004899.75922,37.7121713637246,23.3515014692964,4196140.09073513,36.11675,1,-0.2306
3448883,3448883,1346004899.75922,37.7121712853122,23.3515012731527,4196140.08377069,32.50321,1,-3.8441
3448884,3448884,1346004899.75922,37.7121713634443,23.3515014685953,4196140.09073537,36.103832,1,-0.2435
3448885,3448885,1346004899.75922,37.7121713646074,23.3515014715046,4196140.091026,36.157433,1,-0.1899
3448886,3448886,1346004899.75922,37.7121713617259,23.3515014642969,4196140.09073561,36.024643,1,-0.3227
3448887,3448887,1346004899.75922,37.7121713652803,23.3515014731879,4196140.091026,36.188442,1,-0.1589
3448888,3448888,1346004899.75922,37.7121713645533,23.3515014713694,4196140.09102624,36.15494,1,-0.1924
3448889,3448889,1346004899.75932,37.7121777280193,23.3515006729506,4196140.80077833,35.86179,1,-0.4855
3448890,3448890,1346004899.75932,37.7121777332106,23.3515006859363,4196140.80106753,36.10102,1,-0.2463
3448891,3448891,1346004899.75932,37.712177734197,23.3515006884037,4196140.80135864,36.14648,1,-0.2009
3448892,3448892,1346004899.75932,37.7121777322678,23.3515006835781,4196140.801068,36.057575,1,-0.2898
3448893,3448893,1346004899.75942,37.7121841051017,23.3514999040571,4196141.51169222,36.11837,1,-0.229
3448894,3448894,1346004899.75942,37.7121841051575,23.3514999041966,4196141.51169222,36.12094,1,-0.2264
3448895,3448895,1346004899.75942,37.7121841064689,23.351499907477,4196141.51198262,36.181374,1,-0.166
3448896,3448896,1346004899.75942,37.7121841062132,23.3514999068374,4196141.51169175,36.16959,1,-0.1777
3448897,3448897,1346004899.75952,37.7121903922315,23.3514989155752,4196142.21478909,32.326645,1,-4.0207
3448898,3448898,1346004899.75952,37.7121904794336,23.3514991337052,4196142.22260683,36.34523,1,-0.0021
3448899,3448899,1346004899.75952,37.712190472453,23.3514991162439,4196142.22173661,36.02354,1,-0.3238
3448900,3448900,1346004899.75962,37.7121968457438,23.3514983387381,4196142.9326536,36.12431,1,-0.223
3448901,3448901,1346004899.75962,37.7121968460803,23.3514983395798,4196142.9326536,36.139816,1,-0.2075
3448902,3448902,1346004899.75962,37.7121968416378,23.3514983284674,4196142.93207377,35.935093,1,-0.4122
3448903,3448903,1346004899.75962,37.7121968444163,23.3514983354175,4196142.93236321,36.063133,1,-0.2842
3448904,3448904,1346004899.75962,37.7121968453062,23.3514983376436,4196142.93236273,36.104145,1,-0.2432
3448905,3448905,1346004899.75962,37.7121968446206,23.3514983359286,4196142.93236321,36.072548,1,-0.2748
3448906,3448906,1346004899.75972,37.7122032142459,23.3514975546613,4196143.64270037,36.101074,1,-0.2463
3448907,3448907,1346004899.75972,37.712203127237,23.3514973370149,4196143.63489455,32.0914,3,-4.2559
3448908,3448908,1346004899.75972,37.7122032113824,23.3514975474986,4196143.64241045,35.969116,1,-0.3782
3448909,3448909,1346004899.75972,37.712203214103,23.3514975543038,4196143.64270037,36.09449,1,-0.2528
3448910,3448910,1346004899.75972,37.7122032131956,23.3514975520341,4196143.64270085,36.052673,1,-0.2947
3448911,3448911,1346004899.75972,37.7122032176262,23.3514975631168,4196143.64298933,36.256847,1,-0.0905
3448912,3448912,1346004899.75972,37.7122032163013,23.3514975598027,4196143.64298981,36.195793,1,-0.1515
3448913,3448913,1346004899.75982,37.7122095861759,23.3514967745952,4196144.35332983,36.157337,1,-0.19
3448914,3448914,1346004899.75982,37.7122095855928,23.3514967731367,4196144.35332983,36.130466,1,-0.2169
3448915,3448915,1346004899.75982,37.7122095869211,23.3514967764592,4196144.35332888,36.191677,1,-0.1557
3448916,3448916,1346004899.75982,37.7122095877904,23.3514967786337,4196144.3533284,36.23174,1,-0.1156
3448917,3448917,1346004899.75982,37.7122095868677,23.3514967763257,4196144.35332888,36.189217,1,-0.1581
3448918,3448918,1346004899.75992,37.7122159469503,23.3514959720167,4196145.06280201,35.79582,1,-0.5515
3448919,3448919,1346004899.75992,37.712215955975,23.3514959945912,4196145.0636689,36.211708,1,-0.1356
3448920,3448920,1346004899.75992,37.7122159558034,23.351495994162,4196145.0636689,36.2038,1,-0.1435
3448921,3448921,1346004899.76002,37.7122223256667,23.3514952097406,4196145.77401226,36.182304,1,-0.165
3448922,3448922,1346004899.76002,37.7122223290866,23.3514952182953,4196145.77430027,36.339905,1,-0.0074
3448923,3448923,1346004899.76002,37.7122222490926,23.3514950181966,4196145.76708859,32.653515,1,-3.6938
3448924,3448924,1346004899.76002,37.7122223275127,23.3514952143584,4196145.77430218,36.267376,1,-0.08
3448925,3448925,1346004899.76002,37.7122223251706,23.3514952084997,4196145.77401226,36.159443,1,-0.1879
3448926,3448926,1346004899.76002,37.7122223130283,23.3514951781267,4196145.77285736,35.599884,1,-0.7475
3448927,3448927,1346004899.76002,37.7122223234656,23.3514952042349,4196145.7737233,36.08087,1,-0.2665
3448928,3448928,1346004899.76012,37.7122286950032,23.3514944293793,4196146.48435562,36.232475,1,-0.1149
3448929,3448929,1346004899.76012,37.7122286915454,23.3514944207299,4196146.48406762,36.073128,1,-0.2742
3448930,3448930,1346004899.76012,37.7122286969876,23.3514944343432,4196146.48435372,36.32392,1,-0.0234
3448931,3448931,1346004899.76012,37.7122286936362,23.35149442596,4196146.48406571,36.16948,1,-0.1779
3448932,3448932,1346004899.76012,37.7122286947424,23.3514944287269,4196146.48435658,36.220455,1,-0.1269
3448933,3448933,1346004899.76012,37.7122286944387,23.3514944279672,4196146.48435658,36.20646,1,-0.1409
3448934,3448934,1346004899.76012,37.7122286076924,23.3514942109787,4196146.47657364,32.20891,1,-4.1384
3448935,3448935,1346004899.76012,37.7122286959963,23.3514944318635,4196146.48435467,36.27824,1,-0.0691
3448936,3448936,1346004899.76012,37.7122286101195,23.3514942170499,4196146.47657078,32.32076,1,-4.0266
3448937,3448937,1346004899.76012,37.7122266824011,23.3514893360801,4196146.30505341,-57.55092,0,-93.8983
3448938,3448938,1346004899.76022,37.712235061997,23.3514936385656,4196147.19441288,36.095505,1,-0.2518
3448939,3448939,1346004899.76022,37.7122350620523,23.3514936387039,4196147.19441288,36.098053,1,-0.2493
3448940,3448940,1346004899.76022,37.7122350644018,23.3514936445809,4196147.19470185,36.206326,1,-0.141
3448941,3448941,1346004899.76022,37.7122350639391,23.3514936434236,4196147.19470185,36.185,1,-0.1623
3448942,3448942,1346004899.76022,37.7122350622454,23.351493639187,4196147.19441288,36.106953,1,-0.2404
3448943,3448943,1346004899.76022,37.7122350638607,23.3514936432276,4196147.19470185,36.181393,1,-0.1659
3448944,3448944,1346004899.76032,37.7122414268341,23.3514928477202,4196147.90418309,35.954727,1,-0.3926
3448945,3448945,1346004899.76032,37.7122414324832,23.351492861851,4196147.90475911,36.215057,1,-0.1323
3448946,3448946,1346004899.76032,37.7122414299057,23.3514928554037,4196147.90447205,36.09628,1,-0.2511
3448947,3448947,1346004899.76032,37.7122413397963,23.3514926246446,4196147.8964135,31.849445,3,-4.4979
3448948,3448948,1346004899.76032,37.7122414313776,23.3514928590854,4196147.90476101,36.16411,1,-0.1832
3448949,3448949,1346004899.76032,37.7122414346004,23.3514928671469,4196147.90504807,36.312622,1,-0.0347
3448950,3448950,1346004899.76042,37.7122477993944,23.3514920715872,4196148.61482209,36.090324,1,-0.257
3448951,3448951,1346004899.76042,37.7122478022522,23.3514920787356,4196148.61511105,36.22202,1,-0.1253
3448952,3448952,1346004899.76042,37.7122478023761,23.3514920790456,4196148.6151101,36.22773,1,-0.1196
3448953,3448953,1346004899.76052,37.7122541669502,23.3514912882842,4196149.32488507,36.09051,1,-0.2568
3448954,3448954,1346004899.76052,37.7122541647359,23.3514912827453,4196149.32488793,35.98847,1,-0.3589
3448955,3448955,1346004899.76052,37.7122541669575,23.3514912883025,4196149.32488507,36.090847,1,-0.2565
3448956,3448956,1346004899.76052,37.7122541702578,23.3514912965577,4196149.32517308,36.24293,1,-0.1044
3448957,3448957,1346004899.76052,37.7122539631118,23.3514907730431,4196149.30678147,26.602726,0,-9.7446
3448958,3448958,1346004899.76052,37.7122541688284,23.3514912929823,4196149.32517403,36.177063,1,-0.1703
3448959,3448959,1346004899.76052,37.7122539647598,23.3514907771654,4196149.30707138,26.678673,0,-9.6687
3448960,3448960,1346004899.76052,37.712254166175,23.3514912863449,4196149.32488507,36.054783,1,-0.2926
3448961,3448961,1346004899.76062,37.7122605357073,23.3514905033652,4196150.03524083,36.066162,1,-0.2812
3448962,3448962,1346004899.76062,37.7122605382889,23.3514905098228,4196150.03552979,36.185127,1,-0.1622
3448963,3448963,1346004899.76062,37.712260531362,23.3514904924958,4196150.03495472,35.865917,1,-0.4814
3448964,3448964,1346004899.76062,37.7122605387249,23.3514905109134,4196150.03552979,36.205223,1,-0.1421
3448965,3448965,1346004899.76062,37.7122605359641,23.3514905040076,4196150.03524083,36.077995,1,-0.2693
3448966,3448966,1346004899.76062,37.7122605377758,23.3514905085394,4196150.03552979,36.161488,1,-0.1858
3448967,3448967,1346004899.76072,37.7122669043166,23.3514897234104,4196150.74530667,36.129856,1,-0.2175
3448968,3448968,1346004899.76072,37.7122668994913,23.3514897113404,4196150.74502247,35.90749,1,-0.4398
3448969,3448969,1346004899.76072,37.7122669040711,23.3514897227963,4196150.74530667,36.11854,1,-0.2288
3448970,3448970,1346004899.76072,37.7122669018111,23.3514897171432,4196150.74531048,36.014397,1,-0.3329
3448971,3448971,1346004899.76072,37.7122669009566,23.3514897150057,4196150.74501961,35.975018,1,-0.3723
3448972,3448972,1346004899.76082,37.7122732694229,23.3514889350389,4196151.45538014,36.03933,1,-0.308
3448973,3448973,1346004899.76082,37.7122731793955,23.3514887044862,4196151.44735401,31.796307,3,-4.551
3448974,3448974,1346004899.76082,37.7122732695752,23.3514889354198,4196151.45538014,36.046345,1,-0.301
3448975,3448975,1346004899.76082,37.7122732719619,23.3514889413897,4196151.45566815,36.15633,1,-0.191
3448976,3448976,1346004899.76082,37.7122732682047,23.3514889319916,4196151.45509022,35.98319,1,-0.3641
3448977,3448977,1346004899.76082,37.712273274066,23.3514889466529,4196151.45566529,36.253292,1,-0.094
3448978,3448978,1346004899.76082,37.7122732661429,23.3514889268341,4196151.45509308,35.888176,1,-0.4592
3448979,3448979,1346004899.76092,37.7122796371582,23.3514881486012,4196152.16545456,35.98953,1,-0.3578
3448980,3448980,1346004899.76092,37.7122796390189,23.3514881532557,4196152.16574257,36.075275,1,-0.2721
3448981,3448981,1346004899.76092,37.7122796418094,23.3514881602357,4196152.16573971,36.20387,1,-0.1435
3448982,3448982,1346004899.76092,37.7122796381847,23.3514881511688,4196152.16545361,36.03683,1,-0.3105
3448983,3448983,1346004899.76092,37.7122796365834,23.3514881471634,4196152.16545647,35.96304,1,-0.3843
3448984,3448984,1346004899.76102,37.7122860047107,23.351487362038,4196152.87553471,35.93816,1,-0.4092
3448985,3448985,1346004899.76102,37.7122859193965,23.3514871432754,4196152.8680951,31.912346,3,-4.435
3448986,3448986,1346004899.76102,37.7122860032502,23.3514873583847,4196152.87553566,35.870857,1,-0.4765
3448987,3448987,1346004899.76112,37.7122923737683,23.3514865845439,4196153.58590096,36.05027,1,-0.2971
3448988,3448988,1346004899.76112,37.7122923766918,23.3514865918567,4196153.58618706,36.18499,1,-0.1623
3448989,3448989,1346004899.76112,37.7122923727042,23.3514865818822,4196153.58561104,36.001232,1,-0.3461
3448990,3448990,1346004899.76112,37.7122922889743,23.3514863670828,4196153.5781762,32.048435,3,-4.2989
3448991,3448991,1346004899.76112,37.71229237855,23.351486596505,4196153.58618515,36.270626,1,-0.0767
3448992,3448992,1346004899.76112,37.7122923717893,23.3514865795936,4196153.58561295,35.959072,1,-0.3883
3448993,3448993,1346004899.76122,37.7122987393323,23.3514857936478,4196154.29569596,35.920433,1,-0.4269
3448994,3448994,1346004899.76122,37.7122987397038,23.3514857945772,4196154.29569596,35.937553,1,-0.4098
3448995,3448995,1346004899.76122,37.7122987414771,23.3514857990128,4196154.29598397,36.019268,1,-0.3281
3448996,3448996,1346004899.76122,37.7122987424216,23.3514858013754,4196154.29598206,36.062794,1,-0.2845
3448997,3448997,1346004899.76122,37.7122987428915,23.351485802551,4196154.29598206,36.08445,1,-0.2629
3448998,3448998,1346004899.76122,37.7122987430766,23.3514858030138,4196154.29598206,36.09298,1,-0.2544
3448999,3448999,1346004899.76122,37.7122987405822,23.3514857967743,4196154.29598587,35.97803,1,-0.3693
3449000,3449000,1346004899.76132,37.7123051095508,23.3514850196846,4196155.00606888,36.098846,1,-0.2485
3449001,3449001,1346004899.76132,37.7123051094623,23.3514850194631,4196155.00606888,36.09477,1,-0.2526
3449002,3449002,1346004899.76132,37.7123050261906,23.3514848111685,4196154.99863976,32.25741,1,-4.0899
3449003,3449003,1346004899.76132,37.7123051111503,23.3514850236854,4196155.00635689,36.172554,1,-0.1748
3449004,3449004,1346004899.76132,37.7123051081264,23.3514850161215,4196155.00607079,36.033207,1,-0.3141
3449005,3449005,1346004899.76132,37.7123051117792,23.3514850252587,4196155.00635689,36.201538,1,-0.1458
3449006,3449006,1346004899.76132,37.7123051096374,23.3514850199012,4196155.00606888,36.102837,1,-0.2445
3449007,3449007,1346004899.76142,37.7123114753872,23.3514842350623,4196155.71615952,36.08145,1,-0.2659
3449008,3449008,1346004899.76142,37.7123114729882,23.3514842290616,4196155.71587342,35.9709,1,-0.3764
3449009,3449009,1346004899.76142,37.7123114795287,23.351484245422,4196155.71644371,36.272305,1,-0.075
3449010,3449010,1346004899.76142,37.7123113869178,23.3514840084084,4196155.70816773,31.910267,3,-4.4371
3449011,3449011,1346004899.76142,37.7123114772724,23.3514842397779,4196155.71615761,36.168327,1,-0.179
3449012,3449012,1346004899.76142,37.71231147821,23.3514842421234,4196155.7161557,36.211536,1,-0.1358
3449013,3449013,1346004899.76152,37.7123178468547,23.3514834598415,4196156.42653817,36.242073,1,-0.1053
3449014,3449014,1346004899.76152,37.7123178446843,23.3514834544124,4196156.42625016,36.142056,1,-0.2053
3449015,3449015,1346004899.76152,37.7123178443203,23.3514834535019,4196156.42625206,36.125282,1,-0.2221
3449016,3449016,1346004899.76162,37.7123242092343,23.3514826671564,4196157.13606041,36.077114,1,-0.2702
3449017,3449017,1346004899.76162,37.7123242110344,23.3514826716592,4196157.13634842,36.16007,1,-0.1873
3449018,3449018,1346004899.76162,37.7123242105319,23.3514826704024,4196157.13634842,36.136917,1,-0.2104
3449019,3449019,1346004899.76162,37.7123242133272,23.3514826773943,4196157.1363427,36.265724,1,-0.0816
3449020,3449020,1346004899.76162,37.7123242088912,23.3514826662982,4196157.13606041,36.061306,1,-0.286
3449021,3449021,1346004899.76162,37.7123242102645,23.3514826697334,4196157.13635033,36.12459,1,-0.2227
3449022,3449022,1346004899.76162,37.7123242121917,23.3514826745541,4196157.13634461,36.2134,1,-0.1339
3449023,3449023,1346004899.76162,37.7123242123819,23.3514826750298,4196157.13634461,36.222164,1,-0.1252
3449024,3449024,1346004899.76162,37.7123242094238,23.3514826676306,4196157.13605851,36.085854,1,-0.2615
3449025,3449025,1346004899.76162,37.7123242120139,23.3514826741093,4196157.13634461,36.205204,1,-0.1421
3449026,3449026,1346004899.76172,37.7123305727913,23.3514818775147,4196157.84519536,35.96877,1,-0.3786
3449027,3449027,1346004899.76172,37.7123305792648,23.3514818937072,4196157.84577716,36.26708,1,-0.0803
3449028,3449028,1346004899.76172,37.7123305784303,23.3514818916198,4196157.84577719,36.228622,1,-0.1187
3449029,3449029,1346004899.76172,37.7123305757132,23.3514818848233,4196157.84548626,36.103413,1,-0.2439
3449030,3449030,1346004899.76172,37.7123305766924,23.3514818872726,4196157.84548623,36.148537,1,-0.1988
3449031,3449031,1346004899.76172,37.7123304848741,23.3514816522426,4196157.83734134,31.823048,3,-4.5243
3449032,3449032,1346004899.76182,37.7123369438595,23.3514811071188,4196158.55553228,36.21523,1,-0.1321
3449033,3449033,1346004899.76182,37.7123369427387,23.3514811043152,4196158.5555324,36.163578,1,-0.1838
3449034,3449034,1346004899.76182,37.7123369440616,23.3514811076243,4196158.55553228,36.22454,1,-0.1228
3449035,3449035,1346004899.76182,37.7123369405655,23.3514810988793,4196158.55524153,36.06343,1,-0.2839
3449036,3449036,1346004899.76182,37.7123369406045,23.3514810989768,4196158.55524153,36.06523,1,-0.2821
3449037,3449037,1346004899.76182,37.7123369377696,23.3514810918856,4196158.55495078,35.93459,1,-0.4127
3449038,3449038,1346004899.76192,37.7123433094895,23.3514803184075,4196159.26557929,36.12889,1,-0.2184
3449039,3449039,1346004899.76192,37.7123433054101,23.3514803082034,4196159.26528901,35.940903,1,-0.4064
3449040,3449040,1346004899.76192,37.7123433106,23.3514803211851,4196159.26557905,36.18006,1,-0.1673
3449041,3449041,1346004899.76192,37.7123433088247,23.3514803167446,4196159.26557941,36.09826,1,-0.2491
3449042,3449042,1346004899.76192,37.7123433089184,23.3514803169789,4196159.26557941,36.102573,1,-0.2448
3449043,3449043,1346004899.76192,37.7123432662171,23.3514802101672,4196159.26180357,34.13481,0,-2.2125
3449044,3449044,1346004899.76192,37.7123433051855,23.3514803076416,4196159.26528901,35.930553,1,-0.4168
3449045,3449045,1346004899.76202,37.7123496742316,23.3514795327149,4196159.97533602,36.094143,1,-0.2532
3449046,3449046,1346004899.76202,37.712349677645,23.3514795412531,4196159.97562641,36.25144,1,-0.0959
3449047,3449047,1346004899.76202,37.7123496768807,23.3514795393412,4196159.97562665,36.216217,1,-0.1311
3449048,3449048,1346004899.76202,37.712349676577,23.3514795385817,4196159.97562665,36.202225,1,-0.1451
3449049,3449049,1346004899.76202,37.7123496705093,23.351479523404,4196159.9750461,35.922607,1,-0.4247
3449050,3449050,1346004899.76202,37.7123496741348,23.3514795324727,4196159.97533602,36.08968,1,-0.2577
3449051,3449051,1346004899.76212,37.7123624307823,23.3514949073402,4196161.25461501,333.64908,0,297.3017
3449052,3449052,1346004899.76212,37.7123560431264,23.3514787526835,4196160.68567533,36.16822,1,-0.1791
3449053,3449053,1346004899.76212,37.712356040635,23.3514787464516,4196160.68538493,36.05341,1,-0.2939
3449054,3449054,1346004899.76222,37.7123624081429,23.3514779681769,4196161.39543456,36.15573,1,-0.1916
3449055,3449055,1346004899.76222,37.7123624091371,23.3514779706636,4196161.39543432,36.20154,1,-0.1458
3449056,3449056,1346004899.76222,37.7123624093461,23.3514779711865,4196161.39543385,36.211174,1,-0.1362
3449057,3449057,1346004899.76222,37.7123623993531,23.3514779461903,4196161.39456481,35.75068,1,-0.5967
3449058,3449058,1346004899.76222,37.7123624094454,23.3514779714348,4196161.39543385,36.215748,1,-0.1316
3449059,3449059,1346004899.76222,37.7123624066754,23.3514779645061,4196161.39543504,36.088104,1,-0.2592
3449060,3449060,1346004899.76222,37.7123624046958,23.3514779595545,4196161.39514488,35.996883,1,-0.3505
3449061,3449061,1346004899.76222,37.7123624081604,23.3514779682205,4196161.39543456,36.156532,1,-0.1908
3449062,3449062,1346004899.76232,37.7123687763229,23.351477186843,4196162.10548538,36.206127,1,-0.1412
3449063,3449063,1346004899.76232,37.7123686879098,23.3514769603324,4196162.09766716,32.037598,3,-4.3097
3449064,3449064,1346004899.76232,37.7123687759145,23.3514771858215,4196162.10548538,36.18731,1,-0.16
3449065,3449065,1346004899.76232,37.7123686888181,23.3514769626044,4196162.09795803,32.079456,3,-4.2679
3449066,3449066,1346004899.76232,37.712368768178,23.3514771664698,4196162.1049065,35.8308,1,-0.5165
3449067,3449067,1346004899.76232,37.712368774236,23.351477181623,4196162.10548586,36.10996,1,-0.2374
3449068,3449068,1346004899.76232,37.7123687771347,23.3514771888736,4196162.10577578,36.243534,1,-0.1038
3449069,3449069,1346004899.76232,37.7123687717713,23.3514771754578,4196162.10519594,35.99638,1,-0.351
3449070,3449070,1346004899.76242,37.7123751424624,23.3514764056169,4196162.81553644,36.254295,1,-0.093
3449071,3449071,1346004899.76242,37.712375140236,23.3514764000477,4196162.815247,36.151695,1,-0.1956
3449072,3449072,1346004899.76252,37.7123814143925,23.351475378628,4196163.51720661,31.783607,3,-4.5637
3449073,3449073,1346004899.76252,37.7123815054357,23.3514756117169,4196163.5253014,36.07332,1,-0.274
3449074,3449074,1346004899.76252,37.7123815079373,23.3514756179744,4196163.52529949,36.1886,1,-0.1587
3449075,3449075,1346004899.76252,37.7123815057588,23.351475612525,4196163.5253014,36.088207,1,-0.2591
3449076,3449076,1346004899.76262,37.7123878727133,23.3514748337812,4196164.23535532,36.18214,1,-0.1652
3449077,3449077,1346004899.76262,37.7123878724469,23.3514748331148,4196164.23535532,36.169865,1,-0.1775
3449078,3449078,1346004899.76262,37.7123878748926,23.3514748392324,4196164.23535389,36.282566,1,-0.0648
3449079,3449079,1346004899.76262,37.7123878712279,23.3514748300655,4196164.23506588,36.11369,1,-0.2336
3449080,3449080,1346004899.76262,37.7123877809147,23.351474598803,4196164.22697634,31.857624,3,-4.4897
3449081,3449081,1346004899.76262,37.7123878727255,23.3514748338115,4196164.23535532,36.182697,1,-0.1646
3449082,3449082,1346004899.76262,37.7123878734589,23.3514748356462,4196164.23535484,36.2165,1,-0.1308
3449083,3449083,1346004899.76262,37.7123878730692,23.3514748346714,4196164.23535532,36.19854,1,-0.1488
3449084,3449084,1346004899.76272,37.7123942372256,23.3514740441609,4196164.94512362,36.07995,1,-0.2674
3449085,3449085,1346004899.76272,37.712394238216,23.3514740466381,4196164.94512266,36.125587,1,-0.2217
3449086,3449086,1346004899.76272,37.712394236554,23.3514740424811,4196164.94512362,36.049004,1,-0.2983
3449087,3449087,1346004899.76272,37.7123942383908,23.3514740470755,4196164.94512266,36.133644,1,-0.2137
3449088,3449088,1346004899.76272,37.7123942345594,23.3514740374919,4196164.94483418,35.95709,1,-0.3902
3449089,3449089,1346004899.76282,37.7124006029797,23.3514732628304,4196165.65489,36.126076,1,-0.2213
3449090,3449090,1346004899.76282,37.7124006029933,23.3514732628644,4196165.65489,36.1267,1,-0.2206
3449091,3449091,1346004899.76282,37.7124006028954,23.3514732626196,4196165.65489,36.122192,1,-0.2251
3449092,3449092,1346004899.76282,37.7124006035042,23.3514732641423,4196165.65489,36.150246,1,-0.1971
3449093,3449093,1346004899.76282,37.7124006025098,23.3514732616551,4196165.65489,36.104424,1,-0.2429
3449094,3449094,1346004899.76282,37.7124006036831,23.35147326459,4196165.65488905,36.158493,1,-0.1888
3449095,3449095,1346004899.76292,37.7124069686952,23.3514724816015,4196166.36495012,36.173927,1,-0.1734
3449096,3449096,1346004899.76292,37.7124069680943,23.3514724800983,4196166.36466021,36.146233,1,-0.2011
3449097,3449097,1346004899.76292,37.7124069678432,23.3514724794703,4196166.36466021,36.134663,1,-0.2127
3449098,3449098,1346004899.76292,37.7124068748708,23.3514722415571,4196166.35659117,31.756083,3,-4.5913
3449099,3449099,1346004899.76292,37.7124069699934,23.3514724848488,4196166.36495012,36.23375,1,-0.1136
3449100,3449100,1346004899.76302,37.7124133352794,23.3514716977575,4196167.07472223,36.17771,1,-0.1696
3449101,3449101,1346004899.76302,37.7124133370889,23.3514717022837,4196167.0750112,36.261093,1,-0.0862
3449102,3449102,1346004899.76302,37.7124133318359,23.3514716891441,4196167.07443422,36.019028,1,-0.3283
3449103,3449103,1346004899.76302,37.7124132370841,23.3514714467803,4196167.06608194,31.558458,3,-4.7889
3449104,3449104,1346004899.76302,37.7124132407779,23.3514714560196,4196167.06636995,31.72867,3,-4.6187
3449105,3449105,1346004899.76302,37.7124133343736,23.3514716954918,4196167.07472319,36.135967,1,-0.2114
3449106,3449106,1346004899.76302,37.7124133294437,23.3514716831605,4196167.07443709,35.908794,1,-0.4385
3449107,3449107,1346004899.76302,37.7124133324666,23.3514716907217,4196167.0747251,36.04809,1,-0.2992
3449108,3449108,1346004899.76312,37.7124196964268,23.3514709054775,4196167.78420824,36.021538,1,-0.3258
3449109,3449109,1346004899.76312,37.7124196979472,23.3514709092805,4196167.78449816,36.091595,1,-0.2557
3449110,3449110,1346004899.76312,37.7124197000543,23.351470914551,4196167.78478712,36.188694,1,-0.1586
3449111,3449111,1346004899.76312,37.7124196976661,23.3514709085774,4196167.78449816,36.078644,1,-0.2687
3449112,3449112,1346004899.76312,37.7124196996443,23.3514709135255,4196167.78449625,36.169804,1,-0.1775
3449113,3449113,1346004899.76312,37.7124197000546,23.3514709145519,4196167.78478712,36.18871,1,-0.1586
3449114,3449114,1346004899.76312,37.7124196900681,23.3514708895722,4196167.78363318,35.72852,1,-0.6188
3449115,3449115,1346004899.76322,37.7124260666312,23.3514701310507,4196168.49456305,36.19828,1,-0.1491
3449116,3449116,1346004899.76322,37.7124260657617,23.3514701288758,4196168.494564,36.158215,1,-0.1891
3449117,3449117,1346004899.76322,37.7124260647939,23.3514701264551,4196168.49456495,36.11362,1,-0.2337
3449118,3449118,1346004899.76332,37.7124324320161,23.3514693447399,4196169.20463366,36.155758,1,-0.1916
3449119,3449119,1346004899.76332,37.712432430054,23.3514693398321,4196169.20434469,36.065346,1,-0.282
3449120,3449120,1346004899.76332,37.712432432663,23.351469346358,4196169.20463366,36.18557,1,-0.1618
3449121,3449121,1346004899.76332,37.7124324310688,23.3514693423704,4196169.20434374,36.112106,1,-0.2352
3449122,3449122,1346004899.76332,37.7124324329875,23.3514693471695,4196169.20463366,36.20052,1,-0.1468
3449123,3449123,1346004899.76332,37.7124324271089,23.3514693324653,4196169.20405668,35.92963,1,-0.4177
3449124,3449124,1346004899.76342,37.7124387962972,23.3514685608107,4196169.91441626,36.152428,1,-0.1949
3449125,3449125,1346004899.76342,37.7124387929074,23.3514685523319,4196169.9141292,35.996227,1,-0.3511
3449126,3449126,1346004899.76342,37.7124387984123,23.3514685661012,4196169.9144134,36.249893,1,-0.0974
3449127,3449127,1346004899.76342,37.7124387991854,23.351468568035,4196169.91470331,36.28552,1,-0.0618
3449128,3449128,1346004899.76342,37.7124388015809,23.351468574027,4196169.91470141,36.39591,1,0.0486
3449129,3449129,1346004899.76342,37.7124387957579,23.3514685594617,4196169.91412539,36.12758,1,-0.2198
3449130,3449130,1346004899.76342,37.7124387976068,23.3514685640864,4196169.9144153,36.212776,1,-0.1346
3449131,3449131,1346004899.76342,37.7124387936306,23.3514685541406,4196169.91412729,36.02955,1,-0.3178
3449132,3449132,1346004899.76352,37.7124451606666,23.35146777726,4196170.62419981,36.155643,1,-0.1917
3449133,3449133,1346004899.76352,37.712445159543,23.3514677744495,4196170.62390989,36.103867,1,-0.2435
3449134,3449134,1346004899.76352,37.7124451614471,23.3514677792122,4196170.6241979,36.19161,1,-0.1557
3449135,3449135,1346004899.76362,37.7124515300964,23.3514670015392,4196171.33427424,36.30694,1,-0.0404
3449136,3449136,1346004899.76362,37.7124515246358,23.3514669878807,4196171.33369822,36.055313,1,-0.292
3449137,3449137,1346004899.76362,37.7124515268622,23.3514669934497,4196171.33398718,36.157906,1,-0.1894
3449138,3449138,1346004899.76362,37.7124515274825,23.3514669950012,4196171.33398527,36.18649,1,-0.1608
3449139,3449139,1346004899.76372,37.7124578938627,23.3514662167753,4196172.04406256,36.28681,1,-0.0605
3449140,3449140,1346004899.76372,37.712457890155,23.3514662075011,4196172.04377741,36.11596,1,-0.2314
3449141,3449141,1346004899.76372,37.712457890091,23.351466207341,4196172.04377741,36.113007,1,-0.2343
3449142,3449142,1346004899.76372,37.7124577950579,23.3514659642758,4196172.03518004,31.63953,3,-4.7078
3449143,3449143,1346004899.76372,37.7124578914027,23.351466210622,4196172.04377455,36.17345,1,-0.1739
3449144,3449144,1346004899.76382,37.7124642570118,23.3514654256268,4196172.75356955,36.1528,1,-0.1945
3449145,3449145,1346004899.76382,37.712464257744,23.3514654274582,4196172.75385851,36.186543,1,-0.1608
3449146,3449146,1346004899.76382,37.7124642545958,23.3514654195837,4196172.75357241,36.041473,1,-0.3059
3449147,3449147,1346004899.76382,37.7124642568058,23.3514654251115,4196172.75356955,36.143307,1,-0.204
3449148,3449148,1346004899.76382,37.7124642579468,23.3514654279654,4196172.75385851,36.195885,1,-0.1515
3449149,3449149,1346004899.76382,37.7124642547617,23.3514654199985,4196172.75357241,36.049114,1,-0.2982
3449150,3449150,1346004899.76392,37.7124706189941,23.3514646366692,4196173.46336836,36.05424,1,-0.2931
3449151,3449151,1346004899.76392,37.7124706221724,23.3514646446193,4196173.46365446,36.200703,1,-0.1466
3449152,3449152,1346004899.76392,37.7124706235385,23.3514646480362,4196173.46365255,36.26365,1,-0.0837
3449153,3449153,1346004899.76402,37.7124769897817,23.3514638648832,4196174.17374224,36.27567,1,-0.0717
3449154,3449154,1346004899.76402,37.7124769888151,23.3514638624653,4196174.17345232,36.231125,1,-0.1162
3449155,3449155,1346004899.76402,37.712476981388,23.351463843888,4196174.17288202,35.888885,1,-0.4585
3449156,3449156,1346004899.76402,37.7124769878619,23.3514638600812,4196174.17345423,36.187206,1,-0.1601
3449157,3449157,1346004899.76412,37.7124833505176,23.3514630730512,4196174.88296694,36.122795,1,-0.2245
3449158,3449158,1346004899.76412,37.7124833508982,23.351463074003,4196174.88296694,36.14033,1,-0.207
3449159,3449159,1346004899.76412,37.7124833485626,23.3514630681611,4196174.88297075,36.032707,1,-0.3146
3449160,3449160,1346004899.76412,37.7124833502205,23.351463072308,4196174.88296885,36.109104,1,-0.2382
3449161,3449161,1346004899.76412,37.7124833495682,23.3514630706764,4196174.88296885,36.079044,1,-0.2683
3449162,3449162,1346004899.76412,37.7124833494364,23.3514630703469,4196174.88296885,36.072975,1,-0.2744
3449163,3449163,1346004899.76422,37.7124897191664,23.3514622961454,4196175.59335131,36.24845,1,-0.0989
3449164,3449164,1346004899.76422,37.7124896186968,23.3514620394837,4196175.5842132,31.524504,3,-4.8228
3449165,3449165,1346004899.76422,37.7124897149779,23.3514622856688,4196175.5927772,36.055447,1,-0.2919
3449166,3449166,1346004899.76422,37.7124897168203,23.3514622902772,4196175.5930633,36.140343,1,-0.207
3449167,3449167,1346004899.76432,37.7124959868397,23.3514612663966,4196176.29431337,31.715416,3,-4.6319
3449168,3449168,1346004899.76432,37.7124960779835,23.3514614997314,4196176.30258555,36.00962,1,-0.3377
3449169,3449169,1346004899.76432,37.7124960785482,23.351461501144,4196176.30258555,36.035645,1,-0.3117
3449170,3449170,1346004899.76432,37.7124960776004,23.3514614987733,4196176.30229754,35.99197,1,-0.3554
3449171,3449171,1346004899.76432,37.7124960791858,23.3514615027387,4196176.30258364,36.06502,1,-0.2823
3449172,3449172,1346004899.76432,37.7124960797616,23.351461504179,4196176.30258364,36.091557,1,-0.2558
3449173,3449173,1346004899.76442,37.7125024454868,23.3514607201653,4196177.01239771,36.084633,1,-0.2627
3449174,3449174,1346004899.76442,37.7125024478736,23.3514607261353,4196177.01268191,36.194614,1,-0.1527
3449175,3449175,1346004899.76442,37.7125024444654,23.3514607176106,4196177.01239962,36.037567,1,-0.3098
3449176,3449176,1346004899.76442,37.7125024507004,23.3514607332059,4196177.01296991,36.32487,1,-0.0225
3449177,3449177,1346004899.76452,37.7125087083788,23.3514596784658,4196177.71260395,31.329842,3,-5.0175
3449178,3449178,1346004899.76452,37.7125088119731,23.3514599429422,4196177.72191427,36.19775,1,-0.1496
3449179,3449179,1346004899.76452,37.7125088107109,23.351459939785,4196177.72162328,36.139584,1,-0.2078
3449180,3449180,1346004899.76452,37.7125088129447,23.3514599453724,4196177.72191425,36.24252,1,-0.1048
3449181,3449181,1346004899.76462,37.7125151770187,23.3514591574082,4196178.43167707,36.161,1,-0.1863
3449182,3449182,1346004899.76462,37.7125151764113,23.3514591558889,4196178.43167718,36.13301,1,-0.2143
3449183,3449183,1346004899.76472,37.7125215423442,23.351458377633,4196179.14144029,36.225067,1,-0.1223
3449184,3449184,1346004899.76472,37.7125215448998,23.351458384025,4196179.14173093,36.342823,1,-0.0045
3449185,3449185,1346004899.76472,37.7125214377329,23.3514581106134,4196179.13214435,31.310314,3,-5.037
3449186,3449186,1346004899.76472,37.7125215409531,23.3514583741533,4196179.14144065,36.16096,1,-0.1864
3449187,3449187,1346004899.76472,37.7125215419754,23.3514583767105,4196179.14144041,36.208073,1,-0.1393
3449188,3449188,1346004899.76482,37.7125279018019,23.3514575782767,4196179.85091498,35.93168,1,-0.4157
3449189,3449189,1346004899.76482,37.7125279036328,23.3514575828564,4196179.85091474,36.01605,1,-0.3313
3449190,3449190,1346004899.76482,37.7125279062456,23.3514575893916,4196179.85120489,36.136444,1,-0.2109
3449191,3449191,1346004899.76482,37.7125279060962,23.3514575890179,4196179.85120489,36.12956,1,-0.2178
3449192,3449192,1346004899.76482,37.7125279061504,23.3514575891535,4196179.85120489,36.132057,1,-0.2153
3449193,3449193,1346004899.76492,37.7125342737558,23.3514568152233,4196180.56126025,36.301716,1,-0.0456
3449194,3449194,1346004899.76492,37.7125342717004,23.3514568100821,4196180.56126096,36.207005,1,-0.1403
3449195,3449195,1346004899.76492,37.7125342709512,23.3514568082083,4196180.56096985,36.17248,1,-0.1749
3449196,3449196,1346004899.76492,37.7125342683619,23.3514568017318,4196180.56097081,36.05317,1,-0.2942
3449197,3449197,1346004899.76492,37.7125342705521,23.3514568072099,4196180.56097033,36.15409,1,-0.1932
3449198,3449198,1346004899.76492,37.7125342710301,23.3514568084055,4196180.56096985,36.176113,1,-0.1712
3449199,3449199,1346004899.76502,37.7125405293972,23.3514557559455,4196181.26146152,31.21787,3,-5.1295
3449200,3449200,1346004899.76502,37.7125406294784,23.351456011633,4196181.27015593,35.92385,1,-0.4235
3449201,3449201,1346004899.76502,37.7125406321328,23.3514560182721,4196181.27044632,36.04616,1,-0.3012
3449202,3449202,1346004899.76502,37.7125406330212,23.3514560204943,4196181.27073696,36.087097,1,-0.2602
3449203,3449203,1346004899.76502,37.7125406345074,23.3514560242117,4196181.270736,36.155582,1,-0.1918
3449204,3449204,1346004899.76512,37.7125469968981,23.3514552373562,4196181.98021319,36.08486,1,-0.2625
3449205,3449205,1346004899.76512,37.7125469986514,23.3514552417416,4196181.98050358,36.16565,1,-0.1817
3449206,3449206,1346004899.76512,37.7125469970353,23.3514552376994,4196181.98021319,36.091183,1,-0.2562
3449207,3449207,1346004899.76522,37.7125533648038,23.351454464345,4196182.69027092,36.267982,1,-0.0794
3449208,3449208,1346004899.76522,37.7125533073824,23.3514543207193,4196182.68535235,33.622055,0,-2.7253
3449209,3449209,1346004899.76522,37.7125533603956,23.351454453319,4196182.68998196,36.064857,1,-0.2825
3449210,3449210,1346004899.76522,37.7125533538758,23.3514544370111,4196182.68940308,35.764427,1,-0.5829
3449211,3449211,1346004899.76522,37.7125533631352,23.3514544601715,4196182.69027188,36.191097,1,-0.1562
3449212,3449212,1346004899.76522,37.7125533627732,23.3514544592658,4196182.69027188,36.17441,1,-0.1729
3449213,3449213,1346004899.76522,37.7125533647279,23.351454464155,4196182.69027092,36.264484,1,-0.0829
3449214,3449214,1346004899.76532,37.712559731553,23.3514536835072,4196183.40033104,36.30998,1,-0.0374
3449215,3449215,1346004899.76532,37.7125597284974,23.3514536758645,4196183.40004208,36.169178,1,-0.1782
3449216,3449216,1346004899.76532,37.7125597278284,23.3514536741912,4196183.40004256,36.138355,1,-0.209
3449217,3449217,1346004899.76542,37.7125660924396,23.3514528930217,4196184.10981324,36.16865,1,-0.1787
3449218,3449218,1346004899.76542,37.7125660905778,23.3514528883647,4196184.1095238,36.08286,1,-0.2645
3449219,3449219,1346004899.76542,37.7125660915095,23.3514528906953,4196184.10981419,36.125793,1,-0.2215
3449220,3449220,1346004899.76542,37.7125660913213,23.3514528902245,4196184.10981419,36.11712,1,-0.2302
3449221,3449221,1346004899.76552,37.7125724587112,23.3514521110598,4196184.81987765,36.187313,1,-0.16
3449222,3449222,1346004899.76552,37.7125724568802,23.3514521064801,4196184.81958821,36.102947,1,-0.2444
3449223,3449223,1346004899.76552,37.7125724583094,23.3514521100548,4196184.81958678,36.1688,1,-0.1785
3449224,3449224,1346004899.76552,37.7125724575297,23.3514521081045,4196184.81958725,36.13287,1,-0.2145
3449225,3449225,1346004899.76552,37.7125724530674,23.3514520969432,4196184.81929924,35.927254,1,-0.4201
3449226,3449226,1346004899.76552,37.7125724559684,23.3514521041994,4196184.81958821,36.06093,1,-0.2864
3449227,3449227,1346004899.76562,37.7125788229655,23.3514513290562,4196185.52936079,36.19954,1,-0.1478
3449228,3449228,1346004899.76562,37.7125788204905,23.3514513228659,4196185.52936365,36.085495,1,-0.2618
3449229,3449229,1346004899.76562,37.7125788234399,23.3514513302429,4196185.52965166,36.221397,1,-0.1259
3449230,3449230,1346004899.76572,37.7125851878665,23.3514505437134,4196186.23943045,36.15312,1,-0.1942
3449231,3449231,1346004899.76572,37.7125851883975,23.3514505450415,4196186.2394295,36.177586,1,-0.1697
3449232,3449232,1346004899.76572,37.712585190122,23.3514505493549,4196186.23942854,36.25705,1,-0.0903
3449233,3449233,1346004899.76582,37.7125915497365,23.351449755782,4196186.94891932,36.053257,1,-0.2941
3449234,3449234,1346004899.76582,37.7125915514151,23.3514497599807,4196186.94891836,36.130604,1,-0.2167
3449235,3449235,1346004899.76582,37.7125915498246,23.3514497560025,4196186.94891932,36.057316,1,-0.29
3449236,3449236,1346004899.76582,37.7125915514835,23.3514497601518,4196186.94891741,36.13376,1,-0.2136
3449237,3449237,1346004899.76592,37.7125979155932,23.3514489728538,4196187.65870097,36.04835,1,-0.299
3449238,3449238,1346004899.76592,37.7125979165456,23.351448975236,4196187.65869906,36.09224,1,-0.2551
3449239,3449239,1346004899.76592,37.7125979193378,23.3514489822199,4196187.65898897,36.220898,1,-0.1264
3449240,3449240,1346004899.76592,37.7125979181411,23.3514489792268,4196187.65898993,36.165756,1,-0.1816
3449241,3449241,1346004899.76602,37.7126042856342,23.3514482053728,4196188.36905959,36.322178,1,-0.0252
3449242,3449242,1346004899.76602,37.7126042824428,23.3514481973905,4196188.36877253,36.17512,1,-0.1722
3449243,3449243,1346004899.76602,37.7126042815707,23.3514481952092,4196188.36877348,36.134937,1,-0.2124
3449244,3449244,1346004899.76602,37.7126042803464,23.3514481921467,4196188.36848357,36.07852,1,-0.2688
3449245,3449245,1346004899.76612,37.712610650722,23.3514474205231,4196189.07884505,36.27873,1,-0.0686
3449246,3449246,1346004899.76612,37.712610644898,23.3514474059559,4196189.07826998,36.01037,1,-0.337
3449247,3449247,1346004899.76612,37.7126105434699,23.3514471469038,4196189.0693598,31.242424,3,-5.1049
3449248,3449248,1346004899.76612,37.7126106493407,23.3514474170682,4196189.07884695,36.21508,1,-0.1323
3449249,3449249,1346004899.76612,37.7126106487948,23.3514474157028,4196189.07855608,36.18993,1,-0.1574
3449250,3449250,1346004899.76622,37.7126170133714,23.3514466345447,4196189.78834345,36.20856,1,-0.1388
3449251,3449251,1346004899.76622,37.7126170109835,23.351446628572,4196189.78834727,36.09853,1,-0.2488
3449252,3449252,1346004899.76622,37.7126170112283,23.3514466291844,4196189.78834536,36.10981,1,-0.2375
3449253,3449253,1346004899.76622,37.7126169082512,23.3514463662581,4196189.7791548,31.270498,3,-5.0768
3449254,3449254,1346004899.76632,37.7126233759479,23.3514458433932,4196190.4981375,36.045708,1,-0.3016
3449255,3449255,1346004899.76632,37.7126233747924,23.3514458405031,4196190.49784758,35.992462,1,-0.3549
3449256,3449256,1346004899.76632,37.7126233795064,23.3514458522938,4196190.49842455,36.20968,1,-0.1377
3449257,3449257,1346004899.76632,37.7126233784081,23.3514458495467,4196190.49813464,36.15907,1,-0.1883
3449258,3449258,1346004899.76632,37.712623375938,23.3514458433686,4196190.4981375,36.045254,1,-0.3021
3449259,3449259,1346004899.76632,37.7126233792335,23.3514458516113,4196190.49842455,36.197105,1,-0.1502
3449260,3449260,1346004899.76632,37.7126233801973,23.351445854022,4196190.49842265,36.241512,1,-0.1058
3449261,3449261,1346004899.76632,37.7126233802068,23.3514458540457,4196190.49842265,36.24195,1,-0.1054
3449262,3449262,1346004899.76642,37.7126297418766,23.3514450655858,4196191.20792868,36.12267,1,-0.2247
3449263,3449263,1346004899.76652,37.7126360026721,23.3514440194367,4196191.90855505,31.258797,3,-5.0885
3449264,3449264,1346004899.76652,37.7126361099802,23.3514442931946,4196191.91800978,36.297646,1,-0.0497
3449265,3449265,1346004899.76652,37.7126361043567,23.3514442791292,4196191.91743471,36.03853,1,-0.3088
3449266,3449266,1346004899.76652,37.7126361090867,23.3514442909598,4196191.91801169,36.256477,1,-0.0909
3449267,3449267,1346004899.76662,37.7126424694011,23.3514434940795,4196192.62723448,35.982796,1,-0.3645
3449268,3449268,1346004899.76662,37.7126424725422,23.351443501936,4196192.62752154,36.127533,1,-0.2198
3449269,3449269,1346004899.76662,37.7126424740081,23.3514435056026,4196192.6278105,36.19508,1,-0.1523
3449270,3449270,1346004899.76662,37.7126424694975,23.3514434943205,4196192.62723448,35.987236,1,-0.3601
3449271,3449271,1346004899.76672,37.7126488398239,23.3514427224479,4196193.33761313,36.17241,1,-0.1749
3449272,3449272,1346004899.76672,37.7126488375281,23.3514427167055,4196193.33761599,36.06662,1,-0.2807
3449273,3449273,1346004899.76672,37.7126487360231,23.3514424574632,4196193.32845881,31.295185,3,-5.0522
3449274,3449274,1346004899.76672,37.7126488396155,23.3514427219266,4196193.33761313,36.162807,1,-0.1845
3449275,3449275,1346004899.76672,37.7126488378074,23.3514427174041,4196193.33761599,36.07949,1,-0.2678
3449276,3449276,1346004899.76682,37.7126552041433,23.3514419404886,4196194.04741862,36.16558,1,-0.1818
3449277,3449277,1346004899.76682,37.7126550953542,23.3514416630275,4196194.03769495,31.058517,3,-5.2888
3449278,3449278,1346004899.76682,37.7126552018626,23.3514419347843,4196194.04713061,36.060493,1,-0.2868
3449279,3449279,1346004899.76682,37.7126552081684,23.3514419505563,4196194.04770281,36.35105,1,0.0037
3449280,3449280,1346004899.76682,37.7126552045448,23.3514419414929,4196194.04741671,36.184086,1,-0.1632
3449281,3449281,1346004899.76682,37.7126552046,23.3514419416308,4196194.04741671,36.186626,1,-0.1607
3449282,3449282,1346004899.76682,37.7126552029723,23.3514419375599,4196194.04742052,36.11163,1,-0.2357
3449283,3449283,1346004899.76692,37.712661569615,23.351441156389,4196194.75722697,36.12169,1,-0.2256
3449284,3449284,1346004899.76692,37.7126615751385,23.3514411702044,4196194.75779917,36.3762,1,0.0289
3449285,3449285,1346004899.76692,37.7126615721859,23.3514411628194,4196194.75751307,36.24015,1,-0.1072
3449286,3449286,1346004899.76692,37.7126615713854,23.3514411608173,4196194.75751498,36.20327,1,-0.1441
3449287,3449287,1346004899.76692,37.7126615636033,23.3514411413527,4196194.75665285,35.844685,1,-0.5027
3449288,3449288,1346004899.76692,37.712661569006,23.3514411548659,4196194.75722697,36.093628,1,-0.2537
3449289,3449289,1346004899.76692,37.7126615694902,23.3514411560768,4196194.75722697,36.115936,1,-0.2314
3449290,3449290,1346004899.76692,37.712661571804,23.3514411618643,4196194.75751498,36.222553,1,-0.1248
3449291,3449291,1346004899.76702,37.7126679345086,23.3514403757716,4196195.46703532,36.13568,1,-0.2117
3449292,3449292,1346004899.76702,37.7126679316431,23.3514403686044,4196195.46675112,36.003647,1,-0.3437
3449293,3449293,1346004899.76702,37.7126679328096,23.3514403715221,4196195.46703913,36.057396,1,-0.2899
3449294,3449294,1346004899.76712,37.7126742998141,23.3514395961295,4196196.17685129,36.165634,1,-0.1817
3449295,3449295,1346004899.76712,37.712674297197,23.3514395895837,4196196.17656329,36.045044,1,-0.3023
3449296,3449296,1346004899.76712,37.7126743001226,23.3514395969013,4196196.17684939,36.17985,1,-0.1675
3449297,3449297,1346004899.76712,37.7126742976512,23.3514395907199,4196196.17685511,36.065975,1,-0.2814
3449298,3449298,1346004899.76722,37.7126806669356,23.3514388159922,4196196.8869591,36.188698,1,-0.1586
3449299,3449299,1346004899.76722,37.7126806525115,23.3514387799149,4196196.88552859,35.52407,0,-0.8233
3449300,3449300,1346004899.76722,37.7126806657379,23.3514388129964,4196196.88696101,36.133507,1,-0.2138
3449301,3449301,1346004899.76722,37.7126806616551,23.3514388027845,4196196.88638689,35.94538,1,-0.402
3449302,3449302,1346004899.76722,37.7126806657922,23.3514388131322,4196196.88696101,36.13601,1,-0.2113
3449303,3449303,1346004899.76732,37.7126870263146,23.3514380212182,4196197.59571936,35.93588,1,-0.4115
3449304,3449304,1346004899.76732,37.7126870261598,23.3514380208311,4196197.59571936,35.928745,1,-0.4186
3449305,3449305,1346004899.76732,37.7126870336074,23.3514380394587,4196197.59630136,36.271908,1,-0.0754
3449306,3449306,1346004899.76732,37.7126869215142,23.3514377537355,4196197.58640722,31.012642,3,-5.3347
3449307,3449307,1346004899.76732,37.712687031585,23.3514380344005,4196197.59601036,36.178726,1,-0.1686
3449308,3449308,1346004899.76732,37.712686927623,23.3514377690145,4196197.58698923,31.294117,3,-5.0532
3449309,3449309,1346004899.76732,37.7126870288084,23.3514380274556,4196197.59601036,36.050785,1,-0.2966
3449310,3449310,1346004899.76742,37.7126933982182,23.3514372529071,4196198.3060708,36.17258,1,-0.1748
3449311,3449311,1346004899.76752,37.7126996736314,23.3514362378244,4196199.00799614,31.865423,3,-4.4819
3449312,3449312,1346004899.76752,37.7126997630046,23.3514364667202,4196199.01584094,36.077797,1,-0.2695
3449313,3449313,1346004899.76752,37.7126997653952,23.3514364726995,4196199.01613169,36.18795,1,-0.1594
3449314,3449314,1346004899.76752,37.7126997667552,23.3514364761011,4196199.01613157,36.250618,1,-0.0967
3449315,3449315,1346004899.76752,37.7126996564913,23.3514361949539,4196199.00654333,31.075653,3,-5.2717
3449316,3449316,1346004899.76752,37.7126997687056,23.3514364809794,4196199.01642233,36.340485,1,-0.0069
3449317,3449317,1346004899.76762,37.7127060234993,23.3514354192228,4196199.71632116,31.166992,3,-5.1803
3449318,3449318,1346004899.76762,37.7127061282257,23.351435686519,4196199.72561186,36.086784,1,-0.2606
3449319,3449319,1346004899.76762,37.7127061321762,23.3514356963999,4196199.72619289,36.268814,1,-0.0785
3449320,3449320,1346004899.76762,37.7127061316575,23.3514356951027,4196199.72619312,36.244915,1,-0.1024
3449321,3449321,1346004899.76762,37.7127061298604,23.3514356906077,4196199.72590249,36.16211,1,-0.1852
3449322,3449322,1346004899.76762,37.7127061280719,23.3514356861346,4196199.72561186,36.079704,1,-0.2676
3449323,3449323,1346004899.76772,37.7127124945249,23.3514349089307,4196200.43567413,36.141655,1,-0.2057
3449324,3449324,1346004899.76772,37.7127124975583,23.3514349165177,4196200.43596428,36.281425,1,-0.0659
3449325,3449325,1346004899.76782,37.7127188612297,23.3514341272904,4196201.14573734,36.123875,1,-0.2235
3449326,3449326,1346004899.76782,37.7127187508578,23.3514338458743,4196201.13588064,30.943966,3,-5.4034
3449327,3449327,1346004899.76782,37.7127188563216,23.3514341150145,4196201.14515703,35.897724,1,-0.4496
3449328,3449328,1346004899.76782,37.7127188602288,23.3514341247869,4196201.14544647,36.077755,1,-0.2696
3449329,3449329,1346004899.76792,37.712725226771,23.3514333476246,4196201.85551065,36.135853,1,-0.2115
3449330,3449330,1346004899.76792,37.7127251204977,23.3514330764603,4196201.84595102,31.144804,3,-5.2025
3449331,3449331,1346004899.76802,37.7127314783375,23.3514322724565,4196202.55515474,30.710339,3,-5.637
3449332,3449332,1346004899.76802,37.712731597222,23.351432575163,4196202.56586545,36.282463,1,-0.0649
3449333,3449333,1346004899.76802,37.712731592367,23.3514325630201,4196202.56557649,36.05876,1,-0.2886
3449334,3449334,1346004899.76802,37.7127315929473,23.3514325644715,4196202.56557649,36.0855,1,-0.2618
3449335,3449335,1346004899.76812,37.7127379596748,23.3514317875728,4196203.27535098,36.143677,1,-0.2037
3449336,3449336,1346004899.76822,37.7127443233512,23.3514309979584,4196203.98513024,35.969437,1,-0.3779
3449337,3449337,1346004899.76822,37.7127443232469,23.3514309976975,4196203.98513024,35.96463,1,-0.3827
3449338,3449338,1346004899.76822,37.712744328872,23.3514310117666,4196203.98570913,36.223816,1,-0.1235
3449339,3449339,1346004899.76822,37.7127443262332,23.3514310051666,4196203.98541969,36.102226,1,-0.2451
3449340,3449340,1346004899.76822,37.7127443248369,23.3514310016743,4196203.98542016,36.03789,1,-0.3094
3449341,3449341,1346004899.76822,37.7127443260919,23.3514310048133,4196203.98541969,36.09572,1,-0.2516
3449342,3449342,1346004899.76822,37.7127443290834,23.3514310122954,4196203.98570865,36.23356,1,-0.1138
3449343,3449343,1346004899.76832,37.7127506922911,23.3514302263757,4196204.69548839,36.120617,1,-0.2267
3449344,3449344,1346004899.76832,37.7127506911053,23.3514302234097,4196204.69519799,36.065975,1,-0.2814
3449345,3449345,1346004899.76832,37.7127506967878,23.3514302376225,4196204.6957764,36.327805,1,-0.0195
3449346,3449346,1346004899.76832,37.712750578524,23.3514299364698,4196204.68509,30.784313,3,-5.563
3449347,3449347,1346004899.76832,37.7127506947211,23.3514302324534,4196204.69548696,36.23258,1,-0.1148
3449348,3449348,1346004899.76842,37.7127570591004,23.3514294543272,4196205.4052667,36.25641,1,-0.0909
3449349,3449349,1346004899.76842,37.7127570583658,23.3514294524897,4196205.4052667,36.22256,1,-0.1248
3449350,3449350,1346004899.76842,37.712757057873,23.3514294512573,4196205.40526765,36.199856,1,-0.1475
3449351,3449351,1346004899.76852,37.7127634238631,23.351428667084,4196206.11505025,36.118286,1,-0.229
3449352,3449352,1346004899.76852,37.7127634222414,23.3514286630281,4196206.1150512,36.043568,1,-0.3038
3449353,3449353,1346004899.76852,37.7127634251969,23.3514286704203,4196206.11533921,36.17975,1,-0.1676
3449354,3449354,1346004899.76852,37.712763425285,23.3514286706406,4196206.11533921,36.183807,1,-0.1635
3449355,3449355,1346004899.76852,37.7127634249381,23.3514286697728,4196206.11534017,36.16782,1,-0.1795
3449356,3449356,1346004899.76852,37.7127634188031,23.3514286544283,4196206.11476319,35.88514,1,-0.4622
3449357,3449357,1346004899.76862,37.7127783703392,23.3514495898308,4196207.58956617,435.7456,0,399.3983
3449358,3449358,1346004899.76862,37.7127697874268,23.3514278816969,4196206.82483476,36.00748,1,-0.3399
3449359,3449359,1346004899.76862,37.7127697894896,23.3514278868562,4196206.82483285,36.102524,1,-0.2448
3449360,3449360,1346004899.76862,37.712769793886,23.3514278978523,4196206.82541173,36.3051,1,-0.0422
3449361,3449361,1346004899.76862,37.7127696709049,23.3514275849019,4196206.81446164,30.544271,3,-5.8031
3449362,3449362,1346004899.76862,37.7127696768557,23.3514275997859,4196206.81503862,30.818466,3,-5.5289
3449363,3449363,1346004899.76862,37.7127697900041,23.351427888143,4196206.82512372,36.126232,1,-0.2211
3449364,3449364,1346004899.76862,37.7127697891837,23.3514278860912,4196206.82483285,36.088432,1,-0.2589
3449365,3449365,1346004899.76872,37.7127761581579,23.3514271091307,4196207.53520005,36.134506,1,-0.2128
3449366,3449366,1346004899.76872,37.7127761580305,23.3514271088118,4196207.53520005,36.12863,1,-0.2187
3449367,3449367,1346004899.76872,37.7127761562636,23.3514271043927,4196207.53491109,36.047222,1,-0.3001
3449368,3449368,1346004899.76882,37.7127825294131,23.3514263427215,4196208.24556344,36.36801,1,0.0207
3449369,3449369,1346004899.76882,37.712782523253,23.3514263273144,4196208.24498647,36.08418,1,-0.2632
3449370,3449370,1346004899.76882,37.7127825206674,23.3514263208472,4196208.24469941,35.96504,1,-0.3823
3449371,3449371,1346004899.76882,37.7127825242372,23.351426329776,4196208.24498552,36.129528,1,-0.2178
3449372,3449372,1346004899.76882,37.7127825253403,23.3514263325349,4196208.24527543,36.18035,1,-0.167
3449373,3449373,1346004899.76892,37.7127888939118,23.3514255542998,4196208.95535558,36.197567,1,-0.1498
3449374,3449374,1346004899.76892,37.7127887797182,23.3514252633295,4196208.94529527,30.841665,3,-5.5057
3449375,3449375,1346004899.76892,37.7127887817769,23.3514252684784,4196208.94529336,30.93652,3,-5.4108
3449376,3449376,1346004899.76902,37.7127952591267,23.3514247725079,4196209.66514962,36.14224,1,-0.2051
3449377,3449377,1346004899.76902,37.7127952569238,23.3514247669983,4196209.66486066,36.04074,1,-0.3066
3449378,3449378,1346004899.76902,37.7127952563199,23.3514247654878,4196209.66486066,36.012913,1,-0.3344
3449379,3449379,1346004899.76902,37.7127952604516,23.3514247758218,4196209.66543763,36.203285,1,-0.1441
3449380,3449380,1346004899.76902,37.712795258547,23.351424771058,4196209.66514962,36.11553,1,-0.2318
3449381,3449381,1346004899.76902,37.7127952609736,23.3514247771273,4196209.66543763,36.227337,1,-0.12
3449382,3449382,1346004899.76902,37.7127952603705,23.3514247756188,4196209.66543763,36.199547,1,-0.1478
3449383,3449383,1346004899.76912,37.7128016273214,23.3514239930474,4196210.37523359,36.131355,1,-0.216
3449384,3449384,1346004899.76912,37.7128016298363,23.3514239993376,4196210.37552064,36.247234,1,-0.1001
3449385,3449385,1346004899.76912,37.7128016290765,23.3514239974372,4196210.37552255,36.212223,1,-0.1351
3449386,3449386,1346004899.76912,37.7128016285094,23.3514239960189,4196210.37552255,36.186096,1,-0.1612
3449387,3449387,1346004899.76912,37.7128016248798,23.3514239869408,4196210.37523645,36.01886,1,-0.3285
3449388,3449388,1346004899.76912,37.7128012656398,23.3514230777231,4196210.3430795,19.27795,0,-17.0694
3449389,3449389,1346004899.76922,37.7128079914956,23.3514232083625,4196211.08503144,36.017136,1,-0.3302
3449390,3449390,1346004899.76922,37.7128079915518,23.351423208503,4196211.08503049,36.019726,1,-0.3276
3449391,3449391,1346004899.76922,37.7128079912832,23.3514232078311,4196211.08503144,36.007347,1,-0.34
3449392,3449392,1346004899.76922,37.7128079979544,23.3514232245166,4196211.0856046,36.31473,1,-0.0326
3449393,3449393,1346004899.76922,37.71280799131,23.3514232078982,4196211.08503144,36.008583,1,-0.3388
3449394,3449394,1346004899.76932,37.7128143619322,23.3514224342112,4196211.79540914,36.098396,1,-0.2489
3449395,3449395,1346004899.76932,37.7128143582038,23.3514224248859,4196211.79512399,35.9266,1,-0.4207
3449396,3449396,1346004899.76942,37.7128207272132,23.3514216519891,4196212.50521272,36.023815,1,-0.3235
3449397,3449397,1346004899.76942,37.7128207303369,23.3514216598018,4196212.50549882,36.16774,1,-0.1796
3449398,3449398,1346004899.76942,37.7128207246194,23.3514216455016,4196212.50492471,35.9043,1,-0.443
3449399,3449399,1346004899.76942,37.7128206110979,23.3514213562143,4196212.49490159,30.57941,3,-5.7679
3449400,3449400,1346004899.76942,37.7128207275416,23.3514216528103,4196212.50521272,36.03894,1,-0.3084
3449401,3449401,1346004899.76942,37.7128206148688,23.3514213656456,4196212.49518769,30.753157,3,-5.5942
3449402,3449402,1346004899.76942,37.7128207288814,23.3514216561614,4196212.50550073,36.100677,1,-0.2467
3449403,3449403,1346004899.76952,37.7128270970927,23.3514208761317,4196213.21559709,36.067837,1,-0.2795
3449404,3449404,1346004899.76952,37.7128270973633,23.3514208768086,4196213.21559709,36.080307,1,-0.267
3449405,3449405,1346004899.76962,37.712833465047,23.3514201002763,4196213.92569345,36.10467,1,-0.2427
3449406,3449406,1346004899.76962,37.7128334609062,23.3514200899198,4196213.92540925,35.913883,1,-0.4335
3449407,3449407,1346004899.76962,37.712833354466,23.3514198183442,4196213.91597169,30.915281,3,-5.4321
3449408,3449408,1346004899.76962,37.712833463196,23.3514200956468,4196213.92540544,36.019382,1,-0.328
3449409,3449409,1346004899.76962,37.7128334641931,23.3514200981407,4196213.92569535,36.065327,1,-0.282
3449410,3449410,1346004899.76962,37.7128334662244,23.3514201032212,4196213.92569154,36.15892,1,-0.1884
3449411,3449411,1346004899.76972,37.7128397232245,23.351419039357,4196214.62607949,30.895704,3,-5.4516
3449412,3449412,1346004899.76972,37.7128398376197,23.3514193308284,4196214.63607782,36.260826,1,-0.0865
3449413,3449413,1346004899.76972,37.7128398353076,23.3514193250457,4196214.63608354,36.154297,1,-0.193
3449414,3449414,1346004899.76972,37.7128398362312,23.3514193273557,4196214.63608163,36.19685,1,-0.1505
3449415,3449415,1346004899.76982,37.7128462002965,23.3514185414403,4196215.34589761,36.042347,1,-0.305
3449416,3449416,1346004899.76982,37.7128461980039,23.3514185357061,4196215.34561151,35.936714,1,-0.4106
3449417,3449417,1346004899.76982,37.7128462021065,23.3514185459673,4196215.3458957,36.125748,1,-0.2216
3449418,3449418,1346004899.76992,37.7128524545864,23.3514174704584,4196216.04573243,30.641933,3,-5.7054
3449419,3449419,1346004899.76992,37.7128525703959,23.3514177654665,4196216.05629533,36.072205,1,-0.2751
3449420,3449420,1346004899.76992,37.7128524565223,23.3514174753003,4196216.04602044,30.73113,3,-5.6162
3449421,3449421,1346004899.76992,37.7128525706268,23.3514177660439,4196216.05629533,36.08284,1,-0.2645
3449422,3449422,1346004899.76992,37.7128524578681,23.3514174786661,4196216.04601663,30.793137,3,-5.5542
3449423,3449423,1346004899.76992,37.7128525705042,23.3514177657372,4196216.05629533,36.077194,1,-0.2701
3449424,3449424,1346004899.76992,37.7128525721698,23.3514177699031,4196216.05629152,36.15394,1,-0.1934
3449425,3449425,1346004899.76992,37.7128525766023,23.3514177809891,4196216.05657571,36.358166,1,0.0108
3449426,3449426,1346004899.76992,37.7128525710424,23.3514177670833,4196216.05629342,36.10199,1,-0.2453
3449427,3449427,1346004899.76992,37.7128525728724,23.3514177716603,4196216.05628961,36.18631,1,-0.161
3449428,3449428,1346004899.77002,37.7128589402538,23.3514169936922,4196216.76640123,36.17207,1,-0.1753
3449429,3449429,1346004899.77002,37.7128589391585,23.3514169909528,4196216.76640313,36.121605,1,-0.2257
3449430,3449430,1346004899.77002,37.7128589431436,23.3514170009199,4196216.76668733,36.305218,1,-0.0421
3449431,3449431,1346004899.77002,37.7128589408498,23.351416995183,4196216.76639932,36.19953,1,-0.1478
3449432,3449432,1346004899.77002,37.7128589397762,23.3514169924976,4196216.76640123,36.150063,1,-0.1973
3449433,3449433,1346004899.77012,37.7128653104611,23.3514162176352,4196217.47680467,36.194183,1,-0.1532
3449434,3449434,1346004899.77012,37.7128653037859,23.3514162009398,4196217.47623437,35.88662,1,-0.4607
3449435,3449435,1346004899.77012,37.712865309717,23.3514162157742,4196217.47680658,36.1599,1,-0.1874
3449436,3449436,1346004899.77022,37.7128716785347,23.3514154408555,4196218.18627927,36.195705,1,-0.1516
3449437,3449437,1346004899.77022,37.7128716696487,23.3514154186309,4196218.18540672,35.78628,1,-0.5611
3449438,3449438,1346004899.77022,37.7128716769151,23.3514154368049,4196218.1859884,36.121086,1,-0.2262
3449439,3449439,1346004899.77022,37.712871682363,23.3514154504305,4196218.18657009,36.372097,1,0.0248
3449440,3449440,1346004899.77022,37.7128716797005,23.3514154437712,4196218.18627921,36.24942,1,-0.0979
3449441,3449441,1346004899.77032,37.7128780479924,23.3514146625583,4196218.89663533,36.170208,1,-0.1771
3449442,3449442,1346004899.77032,37.7128780405727,23.351414644001,4196218.8957632,35.828342,1,-0.519
3449443,3449443,1346004899.77032,37.7128779293299,23.351414360416,4196218.88588241,30.608515,3,-5.7388
3449444,3449444,1346004899.77032,37.7128780494506,23.3514146662053,4196218.89663521,36.237392,1,-0.1099
3449445,3449445,1346004899.77032,37.7128780425848,23.3514146490335,4196218.89605395,35.921055,1,-0.4263
3449446,3449446,1346004899.77042,37.7128844165269,23.351413886744,4196219.6067007,36.18297,1,-0.1644
3449447,3449447,1346004899.77042,37.7128844112982,23.3514138736666,4196219.60611967,35.942055,1,-0.4053
3449448,3449448,1346004899.77042,37.7128844177026,23.3514138896844,4196219.60670046,36.237137,1,-0.1102
3449449,3449449,1346004899.77042,37.7128844150048,23.3514138829371,4196219.60640983,36.11284,1,-0.2345
3449450,3449450,1346004899.77042,37.7128844156831,23.3514138846334,4196219.60670082,36.14409,1,-0.2032
3449451,3449451,1346004899.77042,37.7128844169731,23.3514138878599,4196219.60670046,36.203526,1,-0.1438
3449452,3449452,1346004899.77042,37.7128844125261,23.3514138767374,4196219.60641042,35.998627,1,-0.3487
3449453,3449453,1346004899.77042,37.7128837962186,23.351412319231,4196219.55152265,7.3194156,0,-29.0279
3449454,3449454,1346004899.77052,37.7128907860282,23.3514131131574,4196220.31705729,36.23352,1,-0.1138
3449455,3449455,1346004899.77052,37.7128907844125,23.3514131091163,4196220.31676642,36.159073,1,-0.1883
3449456,3449456,1346004899.77052,37.7128907862239,23.3514131136468,4196220.31705705,36.242535,1,-0.1048
3449457,3449457,1346004899.77052,37.712890786569,23.35141311451,4196220.31705705,36.25844,1,-0.0889
3449458,3449458,1346004899.77062,37.7128971540585,23.3514123307202,4196221.02712432,36.122005,1,-0.2253
3449459,3449459,1346004899.77062,37.7128971528693,23.3514123277459,4196221.02683369,36.067215,1,-0.2801
3449460,3449460,1346004899.77062,37.7128971527293,23.3514123273958,4196221.02683369,36.06076,1,-0.2866
3449461,3449461,1346004899.77072,37.7129035188027,23.3514115448475,4196221.73690192,35.93963,1,-0.4077
3449462,3449462,1346004899.77072,37.712903524353,23.3514115587292,4196221.73748175,36.19536,1,-0.152
3449463,3449463,1346004899.77072,37.7129035214629,23.3514115515007,4196221.73719183,36.062195,1,-0.2851
3449464,3449464,1346004899.77072,37.7129035236443,23.3514115569568,4196221.73719088,36.16271,1,-0.1846
3449465,3449465,1346004899.77082,37.7129098917298,23.3514107742636,4196222.44755141,36.03982,1,-0.3075
3449466,3449466,1346004899.77082,37.7129097671252,23.3514104572617,4196222.4365503,30.20439,3,-6.1429
3449467,3449467,1346004899.77082,37.7129098945674,23.3514107813606,4196222.44784085,36.170563,1,-0.1768
3449468,3449468,1346004899.77082,37.712909775716,23.351410478748,4196222.43712822,30.60021,3,-5.7471
3449469,3449469,1346004899.77082,37.712909893942,23.3514107797964,4196222.44755045,36.14175,1,-0.2056
3449470,3449470,1346004899.77082,37.7129098926713,23.3514107766185,4196222.44755093,36.083206,1,-0.2641
3449471,3449471,1346004899.77082,37.7129098929834,23.351410777399,4196222.44755093,36.097584,1,-0.2498
3449472,3449472,1346004899.77092,37.7129162646758,23.3514100085053,4196223.15790907,36.221283,1,-0.1261
3449473,3449473,1346004899.77092,37.7129162623978,23.3514100028078,4196223.15791003,36.11632,1,-0.231
3449474,3449474,1346004899.77092,37.7129162641083,23.3514100070859,4196223.15790955,36.195133,1,-0.1522
3449475,3449475,1346004899.77092,37.7129162614972,23.3514100005553,4196223.15761963,36.074825,1,-0.2725
3449476,3449476,1346004899.77092,37.7129162627638,23.3514100037233,4196223.15791003,36.133186,1,-0.2141
3449477,3449477,1346004899.77102,37.7129226311995,23.3514092215016,4196223.86798111,36.012215,1,-0.3351
3449478,3449478,1346004899.77102,37.7129226342005,23.3514092290074,4196223.86827008,36.150486,1,-0.1968
3449479,3449479,1346004899.77102,37.7129225109444,23.3514089153788,4196223.85728518,30.377195,3,-5.9701
3449480,3449480,1346004899.77102,37.7129226371476,23.3514092363783,4196223.86855999,36.286274,1,-0.0611
3449481,3449481,1346004899.77102,37.7129226341179,23.3514092288008,4196223.86827008,36.14668,1,-0.2007
3449482,3449482,1346004899.77102,37.7129226337938,23.3514092279901,4196223.86827103,36.131744,1,-0.2156
3449483,3449483,1346004899.77112,37.712929004044,23.3514084550803,4196224.57863203,36.174625,1,-0.1727
3449484,3449484,1346004899.77112,37.7129288814921,23.3514081432132,4196224.56765572,30.433786,3,-5.9135
3449485,3449485,1346004899.77112,37.7129290064994,23.3514084612213,4196224.57892147,36.287754,1,-0.0596
3449486,3449486,1346004899.77112,37.7129290054154,23.3514084585101,4196224.57863156,36.23781,1,-0.1095
3449487,3449487,1346004899.77122,37.712935258498,23.3514073820125,4196225.27860466,30.693169,3,-5.6542
3449488,3449488,1346004899.77122,37.7129353752699,23.351407679423,4196225.28899542,36.167686,1,-0.1796
3449489,3449489,1346004899.77122,37.7129353755304,23.3514076800745,4196225.28899542,36.179688,1,-0.1676
3449490,3449490,1346004899.77122,37.7129353770775,23.3514076839439,4196225.28928486,36.25097,1,-0.0964
3449491,3449491,1346004899.77122,37.7129353761616,23.3514076816531,4196225.28928582,36.20877,1,-0.1386
3449492,3449492,1346004899.77122,37.7129352538752,23.3514073704506,4196225.27831665,30.480175,3,-5.8672
3449493,3449493,1346004899.77132,37.7129417431493,23.3514069001647,4196225.9990708,36.086662,1,-0.2607
3449494,3449494,1346004899.77132,37.7129417448197,23.3514069043426,4196225.99935976,36.163628,1,-0.1837
3449495,3449495,1346004899.77132,37.7129417435158,23.3514069010814,4196225.99906985,36.10355,1,-0.2438
3449496,3449496,1346004899.77132,37.7129417452569,23.351406905436,4196225.99935976,36.183773,1,-0.1636
3449497,3449497,1346004899.77132,37.7129417446961,23.3514069040334,4196225.99935976,36.157932,1,-0.1894
3449498,3449498,1346004899.77142,37.7129481149351,23.3514061254843,4196226.70972697,36.090714,1,-0.2566
3449499,3449499,1346004899.77142,37.7129481148749,23.3514061253339,4196226.70972697,36.08794,1,-0.2594
3449500,3449500,1346004899.77142,37.7129481189607,23.3514061355525,4196226.71001498,36.276188,1,-0.0711
3449501,3449501,1346004899.77142,37.7129481171962,23.3514061311394,4196226.71001593,36.194893,1,-0.1524
3449502,3449502,1346004899.77142,37.7129481057952,23.351406102625,4196226.70886198,35.669598,1,-0.6777
3449503,3449503,1346004899.77142,37.7129481132493,23.3514061212681,4196226.70943705,36.013042,1,-0.3343
3449504,3449504,1346004899.77142,37.712944021123,23.3513957741536,4196226.34499709,-154.5042,0,-190.8515
3449505,3449505,1346004899.77152,37.7129544888579,23.3514053609131,4196227.42038218,36.27319,1,-0.0741
3449506,3449506,1346004899.77152,37.7129544850645,23.3514053514257,4196227.42009512,36.098415,1,-0.2489
3449507,3449507,1346004899.77152,37.7129544844466,23.3514053498802,4196227.4198033,36.069942,1,-0.2774
3449508,3449508,1346004899.77162,37.7129608552746,23.3514045723725,4196228.13046614,36.014786,1,-0.3325
3449509,3449509,1346004899.77162,37.7129608578313,23.3514045787667,4196228.13046423,36.13258,1,-0.2148
3449510,3449510,1346004899.77162,37.7129608586674,23.3514045808579,4196228.13075415,36.171104,1,-0.1762
3449511,3449511,1346004899.77162,37.7129608572146,23.3514045772243,4196228.13046423,36.104164,1,-0.2432
3449512,3449512,1346004899.77162,37.7129608566123,23.3514045757179,4196228.13046519,36.076416,1,-0.2709
3449513,3449513,1346004899.77162,37.7129608596281,23.3514045832606,4196228.1307532,36.215366,1,-0.132
3449514,3449514,1346004899.77172,37.7129672280161,23.3514038093903,4196228.84083144,36.21511,1,-0.1322
3449515,3449515,1346004899.77172,37.7129672242518,23.3514037999754,4196228.84054533,36.04167,1,-0.3057
3449516,3449516,1346004899.77172,37.7129672239567,23.3514037992374,4196228.84054533,36.028076,1,-0.3193
3449517,3449517,1346004899.77182,37.7129735979932,23.3514030293138,4196229.55120627,36.1054,1,-0.2419
3449518,3449518,1346004899.77182,37.7129735983636,23.3514030302402,4196229.55120627,36.122467,1,-0.2249
3449519,3449519,1346004899.77182,37.7129735973077,23.3514030275995,4196229.55120722,36.07382,1,-0.2735
3449520,3449520,1346004899.77182,37.7129734721126,23.3514027091244,4196229.54000155,30.211252,3,-6.1361
3449521,3449521,1346004899.77182,37.7129735941261,23.3514030196422,4196229.55092017,35.92723,1,-0.4201
3449522,3449522,1346004899.77182,37.7129735983763,23.3514030302721,4196229.55120627,36.123055,1,-0.2243
3449523,3449523,1346004899.77182,37.7129735898757,23.3514030090117,4196229.55063406,35.73139,1,-0.6159
3449524,3449524,1346004899.77192,37.7129799683789,23.3514022550163,4196230.2615811,36.094246,1,-0.2531
3449525,3449525,1346004899.77192,37.7129799688637,23.3514022562286,4196230.2615811,36.116577,1,-0.2308
3449526,3449526,1346004899.77192,37.712979968292,23.3514022547988,4196230.2615811,36.090237,1,-0.2571
3449527,3449527,1346004899.77192,37.7129798439609,23.351401938485,4196230.25038306,30.267488,3,-6.0798
3449528,3449528,1346004899.77192,37.7129799705508,23.3514022604482,4196230.26187006,36.194313,1,-0.153
3449529,3449529,1346004899.77192,37.7129799685115,23.3514022553479,4196230.2615811,36.100353,1,-0.247
3449530,3449530,1346004899.77192,37.7129799703729,23.3514022600032,4196230.26187006,36.18611,1,-0.1612
3449531,3449531,1346004899.77192,37.7129799642853,23.3514022447779,4196230.261295,35.905632,1,-0.4417
3449532,3449532,1346004899.77192,37.7129799682716,23.3514022547478,4196230.2615811,36.0893,1,-0.258
3449533,3449533,1346004899.77192,37.7129799674641,23.3514022527283,4196230.26158301,36.052094,1,-0.2952
3449534,3449534,1346004899.77202,37.7129862185248,23.3514011744129,4196230.96134535,30.441023,3,-5.9063
3449535,3449535,1346004899.77202,37.712986214285,23.351401163809,4196230.96076933,30.24568,3,-6.1017
3449536,3449536,1346004899.77202,37.712986340139,23.3514014839311,4196230.97195879,36.138588,1,-0.2087
3449537,3449537,1346004899.77202,37.7129863415808,23.3514014875372,4196230.9722468,36.20502,1,-0.1423
3449538,3449538,1346004899.77202,37.7129863431101,23.3514014913619,4196230.97224585,36.27548,1,-0.0719
3449539,3449539,1346004899.77202,37.7129863397093,23.3514014828565,4196230.97195879,36.11879,1,-0.2285
3449540,3449540,1346004899.77202,37.7129863405445,23.3514014849454,4196230.97195689,36.157272,1,-0.1901
3449541,3449541,1346004899.77202,37.7129862187858,23.3514011750654,4196230.96134535,30.453045,3,-5.8943
3449542,3449542,1346004899.77202,37.7129863430589,23.351401491234,4196230.97224585,36.27312,1,-0.0742
3449543,3449543,1346004899.77202,37.7129856064894,23.3513996276205,4196230.90653483,1.9592909,0,-34.388
3449544,3449544,1346004899.77212,37.7129927129912,23.3514007103713,4196231.68262736,36.13788,1,-0.2095
3449545,3449545,1346004899.77212,37.7129927117039,23.3514007071518,4196231.68262926,36.078568,1,-0.2688
3449546,3449546,1346004899.77222,37.712999084119,23.3513999372503,4196232.39300887,36.137276,1,-0.2101
3449547,3449547,1346004899.77222,37.7129990777564,23.3513999213373,4196232.39243571,35.844124,1,-0.5032
3449548,3449548,1346004899.77222,37.712999084563,23.3513999383608,4196232.39300696,36.157734,1,-0.1896
3449549,3449549,1346004899.77232,37.7130051788885,23.3513991446782,4196233.07315413,36.242123,1,-0.1052
3449550,3449550,1346004899.77232,37.7130050544727,23.3513988281628,4196233.06198946,30.415663,3,-5.9317
3449551,3449551,1346004899.77232,37.7130051805077,23.3513991487276,4196233.07315127,36.31672,1,-0.0306
3449552,3449552,1346004899.77232,37.7130051762458,23.351399138069,4196233.07286803,36.120365,1,-0.227
3449553,3449553,1346004899.77232,37.7130051798063,23.3513991469735,4196233.07315318,36.284405,1,-0.0629
3449554,3449554,1346004899.77242,37.7130115691476,23.3513983708333,4196233.78557745,36.195366,1,-0.152
3449555,3449555,1346004899.77242,37.7130115677722,23.3513983673936,4196233.78557936,36.131996,1,-0.2153
3449556,3449556,1346004899.77242,37.7130114399266,23.3513980423001,4196233.77413718,30.147514,3,-6.1998
3449557,3449557,1346004899.77252,37.7130177437968,23.3513970571345,4196234.47884909,26.19975,0,-10.1476
3449558,3449558,1346004899.77252,37.713017959631,23.3513976022841,4196234.4982926,36.238106,1,-0.1092
3449559,3449559,1346004899.77252,37.7130179553248,23.3513975915143,4196234.49771658,36.039707,1,-0.3076
3449560,3449560,1346004899.77252,37.7130179573929,23.3513975966866,4196234.49800459,36.13499,1,-0.2123
3449561,3449561,1346004899.77262,37.7130242235135,23.3513965115031,4196235.19929091,30.34524,3,-6.0021
3449562,3449562,1346004899.77262,37.7130243466374,23.3513968247881,4196235.21043364,36.11219,1,-0.2351
3449563,3449563,1346004899.77262,37.7130243469618,23.3513968255996,4196235.21043173,36.127136,1,-0.2202
3449564,3449564,1346004899.77262,37.7130243476949,23.351396827433,4196235.21043173,36.16091,1,-0.1864
3449565,3449565,1346004899.77262,37.7130243490908,23.3513968309242,4196235.21071974,36.225227,1,-0.1221
3449566,3449566,1346004899.77262,37.7130243511132,23.3513968359821,4196235.21071593,36.318405,1,-0.0289
3449567,3449567,1346004899.77262,37.7130241980783,23.3513964478906,4196235.197004,29.17337,0,-7.174
3449568,3449568,1346004899.77272,37.7130307359843,23.3513960479103,4196235.9228665,35.998028,1,-0.3493
3449569,3449569,1346004899.77272,37.7130307388721,23.3513960551326,4196235.9231526,36.131077,1,-0.2163
3449570,3449570,1346004899.77272,37.7130307401449,23.3513960583157,4196235.92314879,36.189716,1,-0.1576
3449571,3449571,1346004899.77282,37.7130371276863,23.3513952816805,4196236.63558737,36.07192,1,-0.2754
3449572,3449572,1346004899.77282,37.7130371286164,23.3513952840065,4196236.63558546,36.11477,1,-0.2326
3449573,3449573,1346004899.77292,37.7130435223235,23.3513945175713,4196237.34831015,36.185207,1,-0.1621
3449574,3449574,1346004899.77292,37.713043523248,23.3513945198833,4196237.34860007,36.2278,1,-0.1195
3449575,3449575,1346004899.77302,37.7130590352432,23.3514168143745,4196238.87298987,460.94125,0,424.5939
3449576,3449576,1346004899.77302,37.7130499095696,23.3513937395696,4196238.0600819,36.034588,1,-0.3127
3449577,3449577,1346004899.77302,37.7130499164519,23.3513937567821,4196238.06066367,36.351677,1,0.0043
3449578,3449578,1346004899.77302,37.7130499111912,23.3513937436253,4196238.06008184,36.109303,1,-0.238
3449579,3449579,1346004899.77312,37.7130650710745,23.3514151471329,4196239.55400786,444.41147,0,408.0641
3449580,3449580,1346004899.77312,37.7130563033971,23.3513929730056,4196238.77276692,36.094814,1,-0.2525
3449581,3449581,1346004899.77312,37.7130563043278,23.3513929753332,4196238.77305779,36.137695,1,-0.2096
3449582,3449582,1346004899.77312,37.7130563062561,23.3513929801559,4196238.77305755,36.22654,1,-0.1208
3449583,3449583,1346004899.77312,37.713056306731,23.3513929813437,4196238.77305755,36.24842,1,-0.0989
3449584,3449584,1346004899.77312,37.7130563031542,23.3513929723981,4196238.77276692,36.083626,1,-0.2637
3449585,3449585,1346004899.77312,37.7130563047682,23.3513929764347,4196238.77305767,36.157986,1,-0.1893
3449586,3449586,1346004899.77312,37.7130563043,23.3513929752638,4196238.77305779,36.136414,1,-0.2109
3449587,3449587,1346004899.77312,37.7130563027788,23.3513929714592,4196238.77276692,36.066326,1,-0.281
3449588,3449588,1346004899.77312,37.7130563042454,23.3513929751273,4196238.77305779,36.133904,1,-0.2134
3449589,3449589,1346004899.77322,37.7130625676514,23.3513918818159,4196239.47412417,30.171003,3,-6.1763
3449590,3449590,1346004899.77322,37.7130626928844,23.3513922003773,4196239.48545191,36.035156,1,-0.3122
3449591,3449591,1346004899.77322,37.7130626951945,23.3513922061549,4196239.48545155,36.14159,1,-0.2057
3449592,3449592,1346004899.77322,37.7130626943272,23.3513922039858,4196239.48545167,36.101635,1,-0.2457
3449593,3449593,1346004899.77322,37.7130626958591,23.351392207817,4196239.48545155,36.17221,1,-0.1751
3449594,3449594,1346004899.77322,37.7130626932873,23.3513922013851,4196239.48545191,36.053722,1,-0.2936
3449595,3449595,1346004899.77332,37.7130690884868,23.3513914378549,4196240.19842717,36.161934,1,-0.1854
3449596,3449596,1346004899.77332,37.7130690865175,23.3513914329297,4196240.19813678,36.0712,1,-0.2761
3449597,3449597,1346004899.77332,37.7130690889529,23.3513914390204,4196240.19842694,36.183407,1,-0.1639
3449598,3449598,1346004899.77332,37.7130690874386,23.3513914352332,4196240.1981363,36.11364,1,-0.2337
3449599,3449599,1346004899.77332,37.7130690876583,23.3513914357828,4196240.19842741,36.123764,1,-0.2236
3449600,3449600,1346004899.77332,37.7130690883655,23.3513914375514,4196240.19842717,36.156345,1,-0.191
3449601,3449601,1346004899.77332,37.7130690878,23.3513914361371,4196240.19842741,36.13029,1,-0.217
3449602,3449602,1346004899.77342,37.7130754774631,23.3513906635673,4196240.91082141,36.063778,1,-0.2836
3449603,3449603,1346004899.77342,37.7130754774458,23.351390663524,4196240.91082141,36.06298,1,-0.2844
3449604,3449604,1346004899.77342,37.7130754778505,23.3513906645362,4196240.91082117,36.081627,1,-0.2657
3449605,3449605,1346004899.77342,37.7130754792465,23.3513906680274,4196240.91082093,36.145943,1,-0.2014
3449606,3449606,1346004899.77342,37.7130754803313,23.3513906707405,4196240.91111157,36.195923,1,-0.1514
3449607,3449607,1346004899.77342,37.7130749814866,23.3513894070704,4196240.86644814,12.929798,0,-23.4175
3449608,3449608,1346004899.77352,37.7130818714868,23.3513898967314,4196241.62379715,36.10313,1,-0.2442
3449609,3449609,1346004899.77352,37.7130818731318,23.3513899008454,4196241.62379644,36.17892,1,-0.1684
3449610,3449610,1346004899.77352,37.7130818711761,23.3513898959544,4196241.62350628,36.088818,1,-0.2585
3449611,3449611,1346004899.77352,37.7130818692318,23.3513898910917,4196241.623507,35.999237,1,-0.3481
3449612,3449612,1346004899.77352,37.713081872598,23.3513898995105,4196241.62379691,36.154327,1,-0.193
3449613,3449613,1346004899.77352,37.7130818703841,23.3513898939736,4196241.62350652,36.052326,1,-0.295
3449614,3449614,1346004899.77362,37.7130882614637,23.3513891245979,4196242.33619187,36.03667,1,-0.3107
3449615,3449615,1346004899.77362,37.7130882626976,23.351389127684,4196242.33619139,36.09352,1,-0.2538
3449616,3449616,1346004899.77362,37.7130882630777,23.3513891286344,4196242.33619139,36.11103,1,-0.2363
3449617,3449617,1346004899.77362,37.7130882633498,23.3513891293149,4196242.33619139,36.123566,1,-0.2238
3449618,3449618,1346004899.77362,37.7130882619198,23.3513891257387,4196242.33619187,36.057686,1,-0.2896
3449619,3449619,1346004899.77362,37.7130882640592,23.3513891310893,4196242.33648226,36.156254,1,-0.1911
3449620,3449620,1346004899.77362,37.7130882635362,23.3513891297813,4196242.33619139,36.13216,1,-0.2152
3449621,3449621,1346004899.77362,37.7130882635646,23.3513891298522,4196242.33619139,36.133465,1,-0.2139
3449622,3449622,1346004899.77362,37.713088136601,23.3513888069615,4196242.32489846,30.189554,3,-6.1578
3449623,3449623,1346004899.77362,37.7130882644645,23.3513891321028,4196242.33648226,36.174923,1,-0.1724
3449624,3449624,1346004899.77372,37.7130946568853,23.3513883609262,4196243.04916832,36.126293,1,-0.221
3449625,3449625,1346004899.77372,37.7130946556616,23.3513883578657,4196243.0491688,36.069912,1,-0.2774
3449626,3449626,1346004899.77382,37.7131010508572,23.3513875984687,4196243.76214382,36.230038,1,-0.1173
3449627,3449627,1346004899.77382,37.7131010504139,23.3513875973601,4196243.76185248,36.209614,1,-0.1377
3449628,3449628,1346004899.77382,37.7131010416677,23.3513875754861,4196243.7612755,35.806652,1,-0.5407
3449629,3449629,1346004899.77382,37.7131010500403,23.3513875964256,4196243.76185343,36.1924,1,-0.1549
3449630,3449630,1346004899.77382,37.7131010489631,23.3513875937316,4196243.76185391,36.142773,1,-0.2046
3449631,3449631,1346004899.77392,37.7131074419415,23.3513868236505,4196244.47454092,36.10625,1,-0.2411
3449632,3449632,1346004899.77392,37.7131074429012,23.3513868260509,4196244.47483132,36.150467,1,-0.1969
3449633,3449633,1346004899.77392,37.7131074395472,23.3513868176624,4196244.47454235,35.995934,1,-0.3514
3449634,3449634,1346004899.77392,37.7131074415503,23.3513868226721,4196244.47454092,36.088226,1,-0.2591
3449635,3449635,1346004899.77402,37.7131138361507,23.3513860615047,4196245.1875169,36.20764,1,-0.1397
3449636,3449636,1346004899.77402,37.7131138350722,23.3513860588073,4196245.18751786,36.157948,1,-0.1894
3449637,3449637,1346004899.77402,37.713113711008,23.3513857431669,4196245.17625782,30.3476,3,-5.9997
3449638,3449638,1346004899.77402,37.713113833276,23.351386054315,4196245.18722842,36.07519,1,-0.2721
3449639,3449639,1346004899.77412,37.7131202276935,23.3513852925615,4196245.90020582,36.179745,1,-0.1676
3449640,3449640,1346004899.77412,37.7131202285831,23.3513852947863,4196245.90020487,36.22073,1,-0.1266
3449641,3449641,1346004899.77412,37.7131202262282,23.3513852888969,4196245.89991686,36.112236,1,-0.2351
3449642,3449642,1346004899.77422,37.7131266226619,23.351384527072,4196246.61318514,36.215607,1,-0.1317
3449643,3449643,1346004899.77422,37.7131266162408,23.351384511013,4196246.61260912,35.919765,1,-0.4276
3449644,3449644,1346004899.77422,37.7131266221902,23.3513845258925,4196246.61318514,36.193874,1,-0.1535
3449645,3449645,1346004899.77432,37.713133012285,23.3513837530963,4196247.32558653,36.08683,1,-0.2605
3449646,3449646,1346004899.77432,37.7131330115977,23.3513837513775,4196247.32558748,36.05517,1,-0.2922
3449647,3449647,1346004899.77432,37.7131330117113,23.3513837516615,4196247.32558748,36.0604,1,-0.2869
3449648,3449648,1346004899.77442,37.7131394080773,23.3513829894528,4196248.0385668,36.148502,1,-0.1988
3449649,3449649,1346004899.77442,37.7131394059076,23.3513829840264,4196248.03856966,36.04854,1,-0.2988
3449650,3449650,1346004899.77442,37.7131394069636,23.3513829866676,4196248.03856871,36.097195,1,-0.2501
3449651,3449651,1346004899.77442,37.7131392835577,23.3513826726725,4196248.02763293,30.31715,3,-6.0302
3449652,3449652,1346004899.77442,37.7131394097058,23.3513829935258,4196248.03885672,36.223537,1,-0.1238
3449653,3449653,1346004899.77452,37.7131458033609,23.3513822244424,4196248.75154993,36.180885,1,-0.1665
3449654,3449654,1346004899.77452,37.7131458044313,23.3513822271196,4196248.75183985,36.2302,1,-0.1171
3449655,3449655,1346004899.77452,37.7131458062506,23.3513822316696,4196248.75183794,36.314026,1,-0.0333
3449656,3449656,1346004899.77452,37.7131458010172,23.3513822185809,4196248.75155184,36.072903,1,-0.2744
3449657,3449657,1346004899.77452,37.7131456655844,23.3513818745063,4196248.73947356,29.738731,3,-6.6086
3449658,3449658,1346004899.77452,37.7131457974847,23.3513822097462,4196248.75126574,35.91015,1,-0.4372
3449659,3449659,1346004899.77462,37.7131520651786,23.3513811251845,4196249.45275042,30.051792,3,-6.2955
3449660,3449660,1346004899.77462,37.7131521922187,23.351381448269,4196249.46395705,35.999283,1,-0.3481
3449661,3449661,1346004899.77462,37.7131521955842,23.3513814566862,4196249.46453497,36.154346,1,-0.193
3449662,3449662,1346004899.77462,37.7131521937517,23.3513814521031,4196249.46424601,36.069916,1,-0.2774
3449663,3449663,1346004899.77472,37.7131602656401,23.3513849333315,4196250.32653353,114.27585,0,77.9285
3449664,3449664,1346004899.77472,37.7131585879458,23.3513806891984,4196250.17723009,36.128624,1,-0.2187
3449665,3449665,1346004899.77472,37.7131585881136,23.3513806896179,4196250.17723009,36.136353,1,-0.211
3449666,3449666,1346004899.77472,37.7131585870133,23.3513806868661,4196250.17694018,36.08566,1,-0.2617
3449667,3449667,1346004899.77472,37.7131585894046,23.3513806928468,4196250.17722914,36.195835,1,-0.1515
3449668,3449668,1346004899.77482,37.7131649834056,23.3513799243962,4196250.89021609,36.152435,1,-0.1949
3449669,3449669,1346004899.77482,37.7131649843352,23.3513799267213,4196250.89021513,36.19527,1,-0.1521
3449670,3449670,1346004899.77482,37.7131649807491,23.3513799177523,4196250.88992903,36.030045,1,-0.3173
3449671,3449671,1346004899.77482,37.7131649814014,23.3513799193837,4196250.88992808,36.060097,1,-0.2872
3449672,3449672,1346004899.77482,37.7131648559998,23.3513796003965,4196250.87873671,30.188082,3,-6.1593
3449673,3449673,1346004899.77482,37.7131593640249,23.3513657149368,4196250.38949225,-225.47751,0,-261.8248
3449674,3449674,1346004899.77492,37.7131713734092,23.351379150882,4196251.60262892,36.0074,1,-0.3399
3449675,3449675,1346004899.77492,37.7131713766067,23.3513791588787,4196251.60291598,36.154716,1,-0.1926
3449676,3449676,1346004899.77492,37.7131713753455,23.3513791557245,4196251.60291693,36.09661,1,-0.2507
3449677,3449677,1346004899.77492,37.7131713750508,23.3513791549874,4196251.60291693,36.08303,1,-0.2643
3449678,3449678,1346004899.77492,37.7131713790135,23.3513791648983,4196251.60320303,36.26561,1,-0.0817
3449679,3449679,1346004899.77502,37.7131777723726,23.3513783947304,4196252.31590483,36.182262,1,-0.1651
3449680,3449680,1346004899.77502,37.7131777698894,23.35137838852,4196252.31590864,36.067852,1,-0.2795
3449681,3449681,1346004899.77512,37.7131841630754,23.3513776278641,4196253.02860758,36.147163,1,-0.2002
3449682,3449682,1346004899.77512,37.7131841583797,23.3513776161201,4196253.02803156,35.930813,1,-0.4165
3449683,3449683,1346004899.77512,37.7131841631163,23.3513776279664,4196253.02860758,36.149048,1,-0.1983
3449684,3449684,1346004899.77512,37.7131841619512,23.3513776250524,4196253.02831766,36.095367,1,-0.252
3449685,3449685,1346004899.77522,37.71319055163,23.3513768456028,4196253.741029,35.83268,1,-0.5147
3449686,3449686,1346004899.77522,37.7131904224657,23.3513765172039,4196253.72958872,29.787275,3,-6.5601
3449687,3449687,1346004899.77522,37.7131905596039,23.3513768655457,4196253.7416012,36.20007,1,-0.1473
3449688,3449688,1346004899.77522,37.7131905546673,23.3513768531991,4196253.7413151,35.97262,1,-0.3747
3449689,3449689,1346004899.77522,37.7131905614268,23.3513768701048,4196253.74188921,36.284058,1,-0.0633
3449690,3449690,1346004899.77522,37.7131905538146,23.3513768510666,4196253.74102709,35.933334,1,-0.414
3449691,3449691,1346004899.77532,37.7131969481407,23.3513760882081,4196254.45402262,35.967907,1,-0.3794
3449692,3449692,1346004899.77532,37.7131969514333,23.351376096443,4196254.45430872,36.119614,1,-0.2277
3449693,3449693,1346004899.77532,37.7131969435853,23.351376076815,4196254.45373842,35.758022,1,-0.5893
3449694,3449694,1346004899.77532,37.7131969547294,23.3513761046864,4196254.45459482,36.271473,1,-0.0759
3449695,3449695,1346004899.77542,37.7132033495445,23.35137533804,4196255.16759417,36.23627,1,-0.1111
3449696,3449696,1346004899.77542,37.7132033504936,23.3513753404137,4196255.16759226,36.28,1,-0.0673
3449697,3449697,1346004899.77542,37.7132033462863,23.3513753298913,4196255.16730807,36.086155,1,-0.2612
3449698,3449698,1346004899.77542,37.7132033490451,23.351375336791,4196255.16759417,36.21326,1,-0.1341
3449699,3449699,1346004899.77552,37.7132140784955,23.3513855393573,4196256.26665995,238.15132,0,201.804
3449700,3449700,1346004899.77552,37.713209740187,23.3513745659437,4196255.8800194,36.09227,1,-0.2551
3449701,3449701,1346004899.77562,37.713216127487,23.3513737804941,4196256.59245226,35.702267,1,-0.6451
3449702,3449702,1346004899.77562,37.7132161350725,23.3513737994656,4196256.59302065,36.05176,1,-0.2956
3449703,3449703,1346004899.77562,37.7132161337114,23.3513737960614,4196256.59302256,35.989048,1,-0.3583
3449704,3449704,1346004899.77562,37.7132161368013,23.3513738037894,4196256.59331057,36.131416,1,-0.2159
3449705,3449705,1346004899.77562,37.7132161371337,23.3513738046207,4196256.59330866,36.14673,1,-0.2006
3449706,3449706,1346004899.77562,37.7132161391955,23.3513738097771,4196256.59359667,36.241722,1,-0.1056
3449707,3449707,1346004899.77572,37.713222533476,23.3513730467894,4196257.30631182,36.257103,1,-0.0902
3449708,3449708,1346004899.77572,37.7132225332521,23.3513730462292,4196257.30631182,36.246784,1,-0.1006
3449709,3449709,1346004899.77572,37.7132225328081,23.3513730451188,4196257.30631182,36.22633,1,-0.121
3449710,3449710,1346004899.77572,37.7132224901566,23.3513729384463,4196257.30260775,34.261192,0,-2.0861
3449711,3449711,1346004899.77572,37.7132225305622,23.3513730395017,4196257.30602381,36.12285,1,-0.2245
3449712,3449712,1346004899.77572,37.7132225312509,23.3513730412242,4196257.30631563,36.154583,1,-0.1928
3449713,3449713,1346004899.77582,37.7132289264545,23.3513722753924,4196258.01856427,36.117725,1,-0.2296
3449714,3449714,1346004899.77582,37.7132289239696,23.3513722691775,4196258.01827333,36.00323,1,-0.3441
3449715,3449715,1346004899.77582,37.7132289298965,23.3513722840008,4196258.0188552,36.27631,1,-0.071
3449716,3449716,1346004899.77582,37.7132289283125,23.3513722800393,4196258.01885526,36.203327,1,-0.144
3449717,3449717,1346004899.77582,37.713228927695,23.3513722784949,4196258.01885526,36.174877,1,-0.1725
3449718,3449718,1346004899.77592,37.7132353232136,23.3513715186479,4196258.7318239,36.239677,1,-0.1077
3449719,3449719,1346004899.77592,37.7132353142944,23.3513714963407,4196258.73095177,35.82873,1,-0.5186
3449720,3449720,1346004899.77592,37.7132351873266,23.3513711734334,4196258.71961473,29.88448,3,-6.4629
3449721,3449721,1346004899.77592,37.7132353227231,23.3513715174213,4196258.73153291,36.217083,1,-0.1303
3449722,3449722,1346004899.77592,37.7132353182038,23.3513715061183,4196258.7312424,36.008858,1,-0.3385
3449723,3449723,1346004899.77592,37.7132353216657,23.3513715147765,4196258.73153303,36.168358,1,-0.179
3449724,3449724,1346004899.77592,37.7132353214988,23.3513715143593,4196258.73153315,36.16067,1,-0.1867
3449725,3449725,1346004899.77592,37.7132353193472,23.3513715089781,4196258.73124228,36.06154,1,-0.2858
3449726,3449726,1346004899.77592,37.7132353230875,23.3513715183327,4196258.7318239,36.23387,1,-0.1135
3449727,3449727,1346004899.77592,37.7132353241177,23.3513715209093,4196258.73182378,36.281338,1,-0.066
3449728,3449728,1346004899.77602,37.713241717356,23.3513707504006,4196259.44450138,36.14969,1,-0.1976
3449729,3449729,1346004899.77602,37.7132417174357,23.3513707506,4196259.44450138,36.153362,1,-0.194
3449730,3449730,1346004899.77602,37.7132417062275,23.3513707225679,4196259.4436302,35.63695,1,-0.7104
3449731,3449731,1346004899.77602,37.7132417188648,23.3513707541741,4196259.44479213,36.219204,1,-0.1281
3449732,3449732,1346004899.77612,37.7132481114059,23.3513699869601,4196260.15746913,36.139824,1,-0.2075
3449733,3449733,1346004899.77612,37.7132481113157,23.3513699867344,4196260.15746937,36.13567,1,-0.2117
3449734,3449734,1346004899.77612,37.7132481117937,23.35136998793,4196260.15746913,36.157692,1,-0.1896
3449735,3449735,1346004899.77612,37.7132479754532,23.3513696415805,4196260.14527879,29.781582,3,-6.5658
3449736,3449736,1346004899.77612,37.7132481151082,23.3513699962196,4196260.15775953,36.310406,1,-0.0369
3449737,3449737,1346004899.77612,37.7132481068436,23.3513699755495,4196260.15717946,35.92962,1,-0.4177
3449738,3449738,1346004899.77622,37.7132606943372,23.3513848736213,4196261.42174612,324.30713,0,287.9598
3449739,3449739,1346004899.77622,37.713254506926,23.3513692272494,4196260.87043653,36.19444,1,-0.1529
3449740,3449740,1346004899.77622,37.7132545074897,23.3513692286593,4196260.87043629,36.220413,1,-0.1269
3449741,3449741,1346004899.77622,37.7132545038184,23.3513692194774,4196260.87014638,36.05126,1,-0.2961
3449742,3449742,1346004899.77622,37.7132543463626,23.3513688203172,4196260.85622535,28.702261,0,-7.6451
3449743,3449743,1346004899.77632,37.7132608983353,23.3513684523254,4196261.58311496,35.968735,1,-0.3786
3449744,3449744,1346004899.77632,37.7132609012125,23.3513684595214,4196261.58340464,36.1013,1,-0.246
3449745,3449745,1346004899.77632,37.7132609043711,23.3513684674212,4196261.58369456,36.24683,1,-0.1005
3449746,3449746,1346004899.77632,37.7132609012913,23.3513684597185,4196261.58340464,36.10493,1,-0.2424
3449747,3449747,1346004899.77632,37.7132609064675,23.3513684726644,4196261.58398495,36.343422,1,-0.0039
3449748,3449748,1346004899.77642,37.7132672982779,23.351367703808,4196262.29666195,36.221066,1,-0.1263
3449749,3449749,1346004899.77642,37.713267297709,23.351367702385,4196262.29637108,36.19485,1,-0.1525
3449750,3449750,1346004899.77652,37.7132736915108,23.3513669335946,4196263.00933991,36.073647,1,-0.2737
3449751,3449751,1346004899.77652,37.7132735534759,23.351366583006,4196262.99718724,29.619429,3,-6.7279
3449752,3449752,1346004899.77652,37.7132736943011,23.3513669405731,4196263.00962887,36.2022,1,-0.1451
3449753,3449753,1346004899.77662,37.7132800837132,23.3513661658859,4196263.72201787,35.963932,1,-0.3834
3449754,3449754,1346004899.77662,37.7132799404996,23.351365802345,4196263.70929585,29.271105,3,-7.0762
3449755,3449755,1346004899.77662,37.7132800880187,23.3513661766543,4196263.7225977,36.162308,1,-0.185
3449756,3449756,1346004899.77672,37.7132864839649,23.3513654134119,4196264.43556462,36.134804,1,-0.2125
3449757,3449757,1346004899.77672,37.7132864860222,23.3513654185573,4196264.43585501,36.22959,1,-0.1177
3449758,3449758,1346004899.77672,37.7132864862634,23.3513654191605,4196264.43585406,36.240704,1,-0.1066
3449759,3449759,1346004899.77672,37.7132864822931,23.3513654092305,4196264.4352747,36.057774,1,-0.2896
3449760,3449760,1346004899.77672,37.7132864860075,23.3513654185203,4196264.43585501,36.228912,1,-0.1184
3449761,3449761,1346004899.77672,37.71328648376,23.3513654128994,4196264.4355651,36.125362,1,-0.222
3449762,3449762,1346004899.77672,37.7132864867353,23.3513654203406,4196264.43585406,36.262444,1,-0.0849
3449763,3449763,1346004899.77682,37.7132928785009,23.3513646517421,4196265.14853344,36.12783,1,-0.2195
3449764,3449764,1346004899.77682,37.7132928743555,23.3513646413742,4196265.14795456,35.936832,1,-0.4105
3449765,3449765,1346004899.77682,37.713292879457,23.3513646541334,4196265.14853249,36.171883,1,-0.1755
3449766,3449766,1346004899.77682,37.7132928810345,23.3513646580788,4196265.14882241,36.244568,1,-0.1028
3449767,3449767,1346004899.77692,37.7132992765316,23.3513638939333,4196265.86179123,36.19191,1,-0.1554
3449768,3449768,1346004899.77692,37.713299278128,23.351363897926,4196265.86179123,36.265465,1,-0.0819
3449769,3449769,1346004899.77692,37.7132992750626,23.3513638902593,4196265.86150132,36.124226,1,-0.2231
3449770,3449770,1346004899.77692,37.7132992734027,23.3513638861077,4196265.86150322,36.047745,1,-0.2996
3449771,3449771,1346004899.77692,37.7132992749312,23.3513638899307,4196265.86150227,36.11817,1,-0.2292
3449772,3449772,1346004899.77702,37.7133056701492,23.3513631302042,4196266.57447014,36.138485,1,-0.2089
3449773,3449773,1346004899.77702,37.7133056441495,23.3513630651777,4196266.57216416,34.94055,0,-1.4068
3449774,3449774,1346004899.77702,37.713305671165,23.3513631327448,4196266.57476101,36.18529,1,-0.162
3449775,3449775,1346004899.77712,37.713312068024,23.3513623722607,4196267.28773079,36.191566,1,-0.1558
3449776,3449776,1346004899.77712,37.7133120669053,23.3513623694628,4196267.28773175,36.140022,1,-0.2073
3449777,3449777,1346004899.77712,37.7133120670622,23.3513623698552,4196267.28773175,36.14725,1,-0.2001
3449778,3449778,1346004899.77712,37.7133119186781,23.351361993381,4196267.27448044,29.216148,3,-7.1312
3449779,3449779,1346004899.77712,37.713312067457,23.3513623708428,4196267.28773175,36.165443,1,-0.1819
3449780,3449780,1346004899.77712,37.7133120713263,23.35136238052,4196267.2880188,36.34372,1,-0.0036
3449781,3449781,1346004899.77712,37.7133120654433,23.3513623658064,4196267.28744088,36.072662,1,-0.2747
3449782,3449782,1346004899.77712,37.7133120681241,23.351362372511,4196267.28773079,36.196175,1,-0.1512
3449783,3449783,1346004899.77722,37.7133184631796,23.3513616126508,4196268.00069962,36.20551,1,-0.1418
3449784,3449784,1346004899.77722,37.7133184607386,23.3513616065459,4196268.00041066,36.093044,1,-0.2543
3449785,3449785,1346004899.77722,37.7133184531739,23.3513615876262,4196267.99983559,35.7445,1,-0.6028
3449786,3449786,1346004899.77722,37.7133184672707,23.3513616228831,4196268.00098668,36.394012,1,0.0467
3449787,3449787,1346004899.77732,37.713324854968,23.3513608397752,4196268.71338425,35.974983,1,-0.3724
3449788,3449788,1346004899.77732,37.7133248571038,23.3513608451171,4196268.71367322,36.073395,1,-0.2739
3449789,3449789,1346004899.77732,37.7133248599107,23.3513608521372,4196268.71396123,36.20272,1,-0.1446
3449790,3449790,1346004899.77742,37.7133311089746,23.3513597220933,4196269.41371117,29.388308,3,-6.959
3449791,3449791,1346004899.77742,37.7133312509594,23.3513600825635,4196269.42635689,36.024593,1,-0.3227
3449792,3449792,1346004899.77752,37.713337650337,23.3513593289941,4196270.13990841,36.141212,1,-0.2061
3449793,3449793,1346004899.77752,37.7133376537743,23.351359337591,4196270.14019547,36.299587,1,-0.0477
3449794,3449794,1346004899.77752,37.7133376506948,23.3513593298888,4196270.13990841,36.157696,1,-0.1896
3449795,3449795,1346004899.77752,37.7133376464091,23.3513593191701,4196270.13962231,35.96023,1,-0.3871
3449796,3449796,1346004899.77752,37.7133376497167,23.3513593274426,4196270.13990937,36.11263,1,-0.2347
3449797,3449797,1346004899.77752,37.7133376470892,23.351359320871,4196270.13962136,35.991566,1,-0.3558
3449798,3449798,1346004899.77752,37.7133376530511,23.3513593357822,4196270.14019547,36.266266,1,-0.0811
3449799,3449799,1346004899.77762,37.7133440448117,23.3513585683316,4196270.85259209,36.118732,1,-0.2286
3449800,3449800,1346004899.77762,37.7133440480513,23.3513585764339,4196270.85287915,36.267994,1,-0.0793
3449801,3449801,1346004899.77762,37.7133440460184,23.3513585713494,4196270.85288106,36.174328,1,-0.173
3449802,3449802,1346004899.77762,37.7133440434135,23.3513585648344,4196270.852594,36.054306,1,-0.293
3449803,3449803,1346004899.77762,37.7133440470941,23.3513585740398,4196270.85287915,36.223892,1,-0.1234
3449804,3449804,1346004899.77772,37.7133504393545,23.3513578030299,4196271.56557141,36.010704,1,-0.3366
3449805,3449805,1346004899.77772,37.7133504382005,23.3513578001436,4196271.56557236,35.95753,1,-0.3898
3449806,3449806,1346004899.77772,37.713350439274,23.3513578028285,4196271.56557141,36.006992,1,-0.3403
3449807,3449807,1346004899.77772,37.7133504412476,23.3513578077648,4196271.56585942,36.09793,1,-0.2494
3449808,3449808,1346004899.77782,37.7133568378357,23.3513570527653,4196272.27883397,36.17127,1,-0.1761
3449809,3449809,1346004899.77782,37.7133568390289,23.3513570557496,4196272.27912293,36.226246,1,-0.1211
3449810,3449810,1346004899.77792,37.7133632336801,23.3513562911144,4196272.99181424,36.121986,1,-0.2253
3449811,3449811,1346004899.77792,37.7133632323026,23.3513562876689,4196272.99181519,36.058514,1,-0.2888
3449812,3449812,1346004899.77802,37.7133696289122,23.3513555331356,4196273.70479451,36.131943,1,-0.2154
3449813,3449813,1346004899.77802,37.713369626144,23.351355526212,4196273.70479737,36.00439,1,-0.3429
3449814,3449814,1346004899.77802,37.7133696293425,23.3513555342118,4196273.70508347,36.151768,1,-0.1956
3449815,3449815,1346004899.77812,37.7133760241999,23.3513547755151,4196274.41777287,36.14425,1,-0.2031
3449816,3449816,1346004899.77812,37.7133760232303,23.3513547730898,4196274.41777478,36.09957,1,-0.2478
3449817,3449817,1346004899.77812,37.7133760251475,23.3513547778849,4196274.41806279,36.18791,1,-0.1594
3449818,3449818,1346004899.77812,37.7133760249584,23.351354777412,4196274.41806469,36.179195,1,-0.1681
3449819,3449819,1346004899.77822,37.7133824166965,23.3513540061479,4196275.13047276,35.94008,1,-0.4073
3449820,3449820,1346004899.77832,37.7133886743682,23.3513528994455,4196275.83118306,29.517393,3,-6.8299
3449821,3449821,1346004899.77832,37.7133888162162,23.3513532595759,4196275.84403477,36.14745,1,-0.1999
3449822,3449822,1346004899.77832,37.7133886725239,23.3513528948329,4196275.83118687,29.432419,3,-6.9149
3449823,3449823,1346004899.77832,37.7133888167151,23.3513532608238,4196275.84403287,36.17044,1,-0.1769
3449824,3449824,1346004899.77832,37.7133888170999,23.3513532617862,4196275.84403287,36.188168,1,-0.1592
3449825,3449825,1346004899.77842,37.713395213945,23.3513525087697,4196276.55701504,36.272583,1,-0.0748
3449826,3449826,1346004899.77842,37.7133952117555,23.3513525032935,4196276.55701886,36.1717,1,-0.1756
3449827,3449827,1346004899.77842,37.7133952121022,23.3513525041606,4196276.55701886,36.18767,1,-0.1597
3449828,3449828,1346004899.77852,37.7134016011116,23.3513517317998,4196277.26943837,35.911488,1,-0.4358
3449829,3449829,1346004899.77852,37.7134016061132,23.3513517443092,4196277.26971875,36.14194,1,-0.2054
3449830,3449830,1346004899.77852,37.7134016049015,23.3513517412787,4196277.26972065,36.086113,1,-0.2612
3449831,3449831,1346004899.77852,37.7134016052538,23.3513517421599,4196277.26972065,36.10235,1,-0.245
3449832,3449832,1346004899.77862,37.7134080022565,23.3513509848765,4196277.98228486,36.104065,1,-0.2433
3449833,3449833,1346004899.77862,37.7134080021355,23.3513509845738,4196277.98228486,36.098488,1,-0.2488
3449834,3449834,1346004899.77862,37.7134079999398,23.3513509790822,4196277.9819939,35.99732,1,-0.35
3449835,3449835,1346004899.77862,37.7134080036758,23.3513509884264,4196277.98228484,36.16946,1,-0.1779
3449836,3449836,1346004899.77862,37.7134080010258,23.3513509817985,4196277.98199388,36.04736,1,-0.3
3449837,3449837,1346004899.77872,37.7134143997973,23.3513502343859,4196278.69524169,36.222343,1,-0.125
3449838,3449838,1346004899.77872,37.7134143972692,23.351350228063,4196278.69524193,36.105858,1,-0.2415
3449839,3449839,1346004899.77872,37.7134143998624,23.3513502345488,4196278.69524169,36.22534,1,-0.122
3449840,3449840,1346004899.77872,37.7134143994879,23.3513502336122,4196278.69524175,36.208088,1,-0.1392
3449841,3449841,1346004899.77872,37.7134143992234,23.3513502329506,4196278.69524175,36.1959,1,-0.1514
3449842,3449842,1346004899.77882,37.7134207960676,23.351349476004,4196279.40848869,36.195187,1,-0.1521
3449843,3449843,1346004899.77882,37.7134206469408,23.3513490976673,4196279.39512593,29.229706,3,-7.1176
3449844,3449844,1346004899.77882,37.7134207961084,23.351349476106,4196279.40848869,36.197063,1,-0.1503
3449845,3449845,1346004899.77882,37.7134207957712,23.3513494752626,4196279.40848881,36.181526,1,-0.1658
3449846,3449846,1346004899.77882,37.7134207964877,23.3513494770548,4196279.40848869,36.214542,1,-0.1328
3449847,3449847,1346004899.77882,37.7134207938386,23.351349470429,4196279.40819806,36.09248,1,-0.2549
3449848,3449848,1346004899.77892,37.7134270553775,23.3513483749948,4196280.10925227,29.852037,3,-6.4953
3449849,3449849,1346004899.77892,37.7134271918434,23.3513487216657,4196280.12144381,36.234158,1,-0.1132
3449850,3449850,1346004899.77892,37.7134271872354,23.3513487101405,4196280.12086278,36.021835,1,-0.3255
3449851,3449851,1346004899.77892,37.7134271894211,23.3513487156072,4196280.12115342,36.122547,1,-0.2248
3449852,3449852,1346004899.77892,37.7134270475072,23.3513483553103,4196280.1086722,29.4894,3,-6.8579
3449853,3449853,1346004899.77892,37.7134271904661,23.3513487182209,4196280.12115318,36.170696,1,-0.1766
3449854,3449854,1346004899.77902,37.7134335767267,23.3513479403801,4196280.83352834,35.7725,1,-0.5748
3449855,3449855,1346004899.77902,37.7134335839979,23.351347958566,4196280.83410817,36.10753,1,-0.2398
3449856,3449856,1346004899.77902,37.713433584746,23.3513479604372,4196280.83410817,36.142,1,-0.2053
3449857,3449857,1346004899.77902,37.7134335760587,23.3513479387094,4196280.83323771,35.741722,1,-0.6056
3449858,3449858,1346004899.77902,37.7134335859,23.3513479633234,4196280.83410794,36.19517,1,-0.1522
3449859,3449859,1346004899.77902,37.7134335893996,23.3513479720762,4196280.83468872,36.35642,1,0.0091
3449860,3449860,1346004899.77922,37.7134463770305,23.3513464451217,4196282.26030761,36.084976,1,-0.2624
3449861,3449861,1346004899.77922,37.7134463785152,23.351346448835,4196282.26030713,36.153385,1,-0.194
3449862,3449862,1346004899.77932,37.713452773211,23.3513456930298,4196282.97326022,36.148582,1,-0.1988
3449863,3449863,1346004899.77932,37.7134527715081,23.3513456887705,4196282.97297031,36.070114,1,-0.2772
3449864,3449864,1346004899.77932,37.7134527703472,23.3513456858671,4196282.97297078,36.016624,1,-0.3307
3449865,3449865,1346004899.77932,37.7134527694671,23.3513456836658,4196282.97297126,35.976074,1,-0.3713
3449866,3449866,1346004899.77942,37.7134591725272,23.3513449441177,4196283.68650323,36.27074,1,-0.0766
3449867,3449867,1346004899.77942,37.7134591705945,23.3513449392839,4196283.68650371,36.18169,1,-0.1656
3449868,3449868,1346004899.77942,37.7134591690102,23.3513449353214,4196283.68621379,36.108692,1,-0.2386
3449869,3449869,1346004899.77942,37.7134591655644,23.351344926703,4196283.68592483,35.94992,1,-0.3974
3449870,3449870,1346004899.77952,37.713465564837,23.3513441830121,4196284.39916641,36.15996,1,-0.1874
3449871,3449871,1346004899.77962,37.7134719579839,23.3513434243461,4196285.11182958,36.089973,1,-0.2574
3449872,3449872,1346004899.77962,37.7134718185273,23.3513430701937,4196285.09941417,29.569992,3,-6.7773
3449873,3449873,1346004899.77972,37.7134783564687,23.3513426743931,4196285.82507116,36.1805,1,-0.1668
3449874,3449874,1346004899.77972,37.713478358776,23.3513426801638,4196285.82536107,36.28681,1,-0.0605
3449875,3449875,1346004899.77982,37.7134847524538,23.3513419235424,4196286.53802377,36.246212,1,-0.1011
3449876,3449876,1346004899.77992,37.7134911456774,23.351341161164,4196287.2509802,36.09957,1,-0.2478
3449877,3449877,1346004899.77992,37.7134911482274,23.3513411675417,4196287.25126916,36.217064,1,-0.1303
3449878,3449878,1346004899.78002,37.7134975413267,23.3513404052313,4196287.96393472,36.067566,1,-0.2798
3449879,3449879,1346004899.78002,37.7134973842485,23.3513400070047,4196287.94982892,28.735605,3,-7.6117
3449880,3449880,1346004899.78012,37.713503935225,23.3513396502976,4196288.67659837,36.04572,1,-0.3016
3449881,3449881,1346004899.78012,37.7135039381342,23.3513396575739,4196288.67688638,36.179768,1,-0.1676
3449882,3449882,1346004899.78012,37.7135039378013,23.3513396567413,4196288.67688733,36.16443,1,-0.1829
3449883,3449883,1346004899.78012,37.7135039383637,23.3513396581479,4196288.67688638,36.190342,1,-0.157
3449884,3449884,1346004899.78012,37.7135039390228,23.3513396597962,4196288.67688638,36.22071,1,-0.1266
3449885,3449885,1346004899.78022,37.7135103333496,23.3513389063294,4196289.3898409,36.221798,1,-0.1255
3449886,3449886,1346004899.78022,37.7135103300353,23.35133889804,4196289.38955289,36.069084,1,-0.2783
3449887,3449887,1346004899.78032,37.7135165849181,23.3513377858624,4196290.08987218,29.46624,3,-6.8811
3449888,3449888,1346004899.78032,37.7135167269624,23.3513381464883,4196290.10250837,36.10551,1,-0.2418
3449889,3449889,1346004899.78032,37.7135167293281,23.3513381524051,4196290.10279733,36.214516,1,-0.1328
3449890,3449890,1346004899.78032,37.7135167267105,23.3513381458583,4196290.10250837,36.093906,1,-0.2534
3449891,3449891,1346004899.78042,37.7135231164738,23.3513373817911,4196290.81488782,35.891563,1,-0.4558
3449892,3449892,1346004899.78042,37.7135231197679,23.3513373900302,4196290.81517488,36.04335,1,-0.304
3449893,3449893,1346004899.78052,37.7135295173343,23.3513366409071,4196291.52842218,36.116394,1,-0.2309
3449894,3449894,1346004899.78052,37.713529519146,23.3513366454386,4196291.52871209,36.199875,1,-0.1475
3449895,3449895,1346004899.78052,37.7135295143202,23.3513366333686,4196291.52813512,35.977512,1,-0.3698
3449896,3449896,1346004899.78052,37.7135295094508,23.3513366211898,4196291.52785093,35.753147,1,-0.5942
3449897,3449897,1346004899.78052,37.7135295161071,23.3513366378378,4196291.52842504,36.05985,1,-0.2875
3449898,3449898,1346004899.78062,37.7135359127138,23.3513358917325,4196292.24137861,36.180313,1,-0.167
3449899,3449899,1346004899.78062,37.7135359133794,23.3513358933972,4196292.24137861,36.21098,1,-0.1364
3449900,3449900,1346004899.78062,37.7135359100431,23.3513358850526,4196292.24109155,36.05725,1,-0.2901
3449901,3449901,1346004899.78062,37.7135359104643,23.3513358861061,4196292.24109155,36.07666,1,-0.2707
3449902,3449902,1346004899.78062,37.7135359144655,23.3513358961137,4196292.2413767,36.26103,1,-0.0863
3449903,3449903,1346004899.78062,37.7135359122014,23.3513358904508,4196292.24137956,36.1567,1,-0.1906
3449904,3449904,1346004899.78072,37.7135423070949,23.3513351355041,4196292.95405084,36.114388,1,-0.2329
3449905,3449905,1346004899.78072,37.7135423063487,23.351335133638,4196292.95405179,36.08001,1,-0.2673
3449906,3449906,1346004899.78072,37.7135423027075,23.3513351245309,4196292.95376569,35.91223,1,-0.4351
3449907,3449907,1346004899.78072,37.7135423058948,23.3513351325026,4196292.95405179,36.05909,1,-0.2882
3449908,3449908,1346004899.78082,37.7135487030436,23.3513343886298,4196293.66700822,36.21264,1,-0.1347
3449909,3449909,1346004899.78082,37.713548704781,23.3513343929753,4196293.66729623,36.292694,1,-0.0546
3449910,3449910,1346004899.78082,37.713548702385,23.3513343869826,4196293.66700822,36.182293,1,-0.165
3449911,3449911,1346004899.78082,37.7135487025069,23.3513343872876,4196293.66700822,36.187912,1,-0.1594
3449912,3449912,1346004899.78092,37.7135550979918,23.3513336347128,4196294.37997037,36.181274,1,-0.1661
3449913,3449913,1346004899.78092,37.7135550978694,23.3513336344065,4196294.37997037,36.175632,1,-0.1717
3449914,3449914,1346004899.78092,37.7135550470798,23.3513335073761,4196294.37539464,33.83539,0,-2.5119
3449915,3449915,1346004899.78092,37.7135550992237,23.3513336377938,4196294.37996847,36.238037,1,-0.1093
3449916,3449916,1346004899.78092,37.7135548712342,23.3513330622084,4196294.35966665,25.638601,0,-10.7087
3449917,3449917,1346004899.78102,37.7135614902071,23.3513328794086,4196295.09264547,36.116238,1,-0.2311
3449918,3449918,1346004899.78102,37.7135614904041,23.3513328799012,4196295.09264547,36.125313,1,-0.222
3449919,3449919,1346004899.78112,37.7135678857116,23.3513321278062,4196295.80561239,36.119553,1,-0.2278
3449920,3449920,1346004899.78112,37.713567882389,23.3513321194959,4196295.80532628,35.966454,1,-0.3809
3449921,3449921,1346004899.78112,37.7135678862239,23.3513321290873,4196295.80561239,36.143154,1,-0.2042
3449922,3449922,1346004899.78112,37.7135678861842,23.3513321289881,4196295.80561239,36.141327,1,-0.206
3449923,3449923,1346004899.78112,37.713567728998,23.3513317304896,4196295.79162198,28.804295,3,-7.543
3449924,3449924,1346004899.78122,37.7135742820317,23.3513313837068,4196296.51857358,36.253006,1,-0.0943
3449925,3449925,1346004899.78122,37.713574276751,23.3513313704994,4196296.51799947,36.00969,1,-0.3376
3449926,3449926,1346004899.78122,37.7135742783564,23.3513313745146,4196296.51799756,36.08366,1,-0.2637
3449927,3449927,1346004899.78132,37.7135806738782,23.3513306239093,4196297.23096448,36.097443,1,-0.2499
3449928,3449928,1346004899.78142,37.7135870662179,23.3513298706448,4196297.94309719,36.054394,1,-0.2929
3449929,3449929,1346004899.78142,37.7135870675018,23.3513298738559,4196297.94309718,36.113552,1,-0.2338
3449930,3449930,1346004899.78142,37.7135870691913,23.3513298780815,4196297.94338814,36.1914,1,-0.1559
3449931,3449931,1346004899.78142,37.7135870698872,23.351329879822,4196297.94338814,36.223465,1,-0.1239
3449932,3449932,1346004899.78142,37.713587069173,23.3513298780358,4196297.94338814,36.190556,1,-0.1568
3449933,3449933,1346004899.78142,37.7135870693692,23.3513298785264,4196297.94338814,36.199596,1,-0.1477
3449934,3449934,1346004899.78152,37.7135934611736,23.3513291196074,4196298.65603802,36.052372,1,-0.295
3449935,3449935,1346004899.78152,37.7135934652541,23.3513291298131,4196298.65632865,36.24039,1,-0.1069
3449936,3449936,1346004899.78152,37.7135934623979,23.3513291226695,4196298.65603784,36.108788,1,-0.2385
3449937,3449937,1346004899.78152,37.7135934642632,23.3513291273348,4196298.65603778,36.194736,1,-0.1526
3449938,3449938,1346004899.78162,37.7135998556986,23.3513283729855,4196299.36868629,36.123684,1,-0.2237
3449939,3449939,1346004899.78162,37.7135997075134,23.3513279969988,4196299.35561344,29.201351,3,-7.146
3449940,3449940,1346004899.78162,37.7135997099683,23.3513280031389,4196299.35561309,29.314468,3,-7.0329
3449941,3449941,1346004899.78162,37.7135998539513,23.3513283686152,4196299.36839554,36.04317,1,-0.3042
3449942,3449942,1346004899.78172,37.7136062425194,23.3513276076046,4196300.08075318,35.84552,1,-0.5018
3449943,3449943,1346004899.78172,37.713606240833,23.3513276033866,4196300.08075366,35.767815,1,-0.5795
3449944,3449944,1346004899.78182,37.7136126422221,23.3513268749602,4196300.79397998,36.1666,1,-0.1807
3449945,3449945,1346004899.78182,37.713612641154,23.3513268722886,4196300.79398021,36.117382,1,-0.23
3449946,3449946,1346004899.78192,37.7136190358147,23.3513261275585,4196301.50662551,36.211964,1,-0.1354
3449947,3449947,1346004899.78192,37.7136190314532,23.3513261166498,4196301.50633607,36.010994,1,-0.3363
3449948,3449948,1346004899.78192,37.7136190355671,23.3513261269393,4196301.50662551,36.200558,1,-0.1468
3449949,3449949,1346004899.78202,37.7136254276692,23.3513253713525,4196302.21927104,36.09542,1,-0.2519
3449950,3449950,1346004899.78202,37.7136254255745,23.3513253661134,4196302.21898064,35.9989,1,-0.3484
3449951,3449951,1346004899.78202,37.7136254332702,23.3513253853614,4196302.21985039,36.353504,1,0.0062
3449952,3449952,1346004899.78212,37.7136318230828,23.3513246295763,4196302.93220505,36.236794,1,-0.1105
3449953,3449953,1346004899.78232,37.7136446001286,23.3513231082113,4196304.35662398,35.815685,1,-0.5317
3449954,3449954,1346004899.78232,37.7136443481722,23.35132247268,4196304.33408294,24.111746,0,-12.2356
3449955,3449955,1346004899.78242,37.7136510027488,23.3513223811307,4196305.07013449,36.2206,1,-0.1267
3449956,3449956,1346004899.78242,37.7136509963609,23.3513223651539,4196305.06955657,35.926258,1,-0.4211
3449957,3449957,1346004899.78242,37.7136510040456,23.3513223843742,4196305.07013354,36.280354,1,-0.067
3449958,3449958,1346004899.78242,37.7136509996162,23.3513223732958,4196305.06984553,36.076256,1,-0.2711
3449959,3449959,1346004899.78252,37.7136573938773,23.3513216308632,4196305.78248677,36.1905,1,-0.1568
3449960,3449960,1346004899.78252,37.7136572466169,23.3513212571892,4196305.76950345,29.310715,3,-7.0366
3449961,3449961,1346004899.78252,37.7136573900619,23.3513216213204,4196305.78219781,36.01469,1,-0.3326
3449962,3449962,1346004899.78252,37.7136573936558,23.3513216303091,4196305.78248677,36.18029,1,-0.167
3449963,3449963,1346004899.78252,37.7136573921352,23.3513216265059,4196305.78219638,36.11022,1,-0.2371
3449964,3449964,1346004899.78252,37.7136573954565,23.3513216348129,4196305.78248486,36.263264,1,-0.0841
3449965,3449965,1346004899.78252,37.7136573915428,23.3513216250242,4196305.78219733,36.082928,1,-0.2644
3449966,3449966,1346004899.78252,37.7136573954458,23.3513216347861,4196305.78248486,36.26277,1,-0.0846
3449967,3449967,1346004899.78262,37.7136637855577,23.3513208775615,4196306.49513135,36.1049,1,-0.2424
3449968,3449968,1346004899.78272,37.7136701738001,23.3513201212296,4196307.20719323,35.955677,1,-0.3917
3449969,3449969,1346004899.78282,37.713676565534,23.3513193692298,4196307.91954789,35.8867,1,-0.4606
3449970,3449970,1346004899.78282,37.7136765732125,23.3513193884348,4196307.92041383,36.240517,1,-0.1068
3449971,3449971,1346004899.78292,37.7136829634036,23.3513186381576,4196308.63276562,36.195522,1,-0.1518
3449972,3449972,1346004899.78292,37.713682816049,23.351318264248,4196308.61953244,29.31137,3,-7.036
3449973,3449973,1346004899.78292,37.7136829613067,23.3513186329129,4196308.63247666,36.0989,1,-0.2484
3449974,3449974,1346004899.78302,37.7136893514288,23.3513178780765,4196309.34483228,35.97039,1,-0.3769
3449975,3449975,1346004899.78302,37.7136893483793,23.3513178704492,4196309.34454427,35.829872,1,-0.5175
3449976,3449976,1346004899.78302,37.7136893586644,23.3513178961736,4196309.34540543,36.303795,1,-0.0435
3449977,3449977,1346004899.78312,37.7136957471923,23.3513171429437,4196310.057762,36.19717,1,-0.1502
3449978,3449978,1346004899.78312,37.7136957456923,23.3513171391921,4196310.05747304,36.128056,1,-0.2193
3449979,3449979,1346004899.78312,37.7136957439014,23.3513171347128,4196310.05747494,36.045536,1,-0.3018
3449980,3449980,1346004899.78322,37.713701986239,23.3513160110989,4196310.75662598,29.11611,3,-7.2312
3449981,3449981,1346004899.78322,37.7137021367349,23.3513163928651,4196310.76982579,36.145027,1,-0.2023
3449982,3449982,1346004899.78332,37.7137085287951,23.3513156447162,4196311.48247037,36.12897,1,-0.2184
3449983,3449983,1346004899.78332,37.713708531647,23.3513156518491,4196311.48275838,36.260384,1,-0.087
3449984,3449984,1346004899.78332,37.7137031778358,23.3513021113047,4196311.00584779,-213.06596,0,-249.4133
3449985,3449985,1346004899.78342,37.7137149270035,23.3513149125707,4196312.19539914,36.404213,1,0.0569
3449986,3449986,1346004899.78342,37.7137149225867,23.3513149015239,4196312.19511399,36.2007,1,-0.1466
3449987,3449987,1346004899.78342,37.7137149207901,23.3513148970304,4196312.19482598,36.117912,1,-0.2294
3449988,3449988,1346004899.78342,37.7137149246356,23.3513149066484,4196312.195402,36.295105,1,-0.0522
3449989,3449989,1346004899.78342,37.7137149226511,23.3513149016849,4196312.19511399,36.203663,1,-0.1437
3449990,3449990,1346004899.78352,37.7137213095417,23.351314146851,4196312.90718255,36.0533,1,-0.294
3449991,3449991,1346004899.78362,37.713727701869,23.3513134012671,4196313.61954007,36.07396,1,-0.2734
3449992,3449992,1346004899.78372,37.7137340947637,23.3513126627329,4196314.33218274,36.21693,1,-0.1304
3449993,3449993,1346004899.78372,37.7137340909862,23.3513126532847,4196314.33189854,36.042866,1,-0.3045
3449994,3449994,1346004899.78382,37.713746203577,23.3513263817635,4196315.55401311,302.5906,0,266.2433
3449995,3449995,1346004899.78382,37.7137404835822,23.3513119146539,4196315.0442532,36.18062,1,-0.1667
3449996,3449996,1346004899.78382,37.7137404851311,23.3513119185278,4196315.04453931,36.251987,1,-0.0953
3449997,3449997,1346004899.78382,37.7137404825422,23.3513119120526,4196315.0442532,36.132694,1,-0.2146
3449998,3449998,1346004899.78392,37.7137468709464,23.3513111586081,4196315.75632748,35.99821,1,-0.3491
3449999,3449999,1346004899.78392,37.7137468751648,23.3513111691589,4196315.7569035,36.19259,1,-0.1547
3450000,3450000,1346004899.78392,37.7137467299884,23.351310800698,4196315.74376569,29.408749,3,-6.9386
3450001,3450001,1346004899.78392,37.7137468696113,23.3513111552688,4196315.75632939,35.936687,1,-0.4106
3450002,3450002,1346004899.78392,37.7137468709828,23.3513111586992,4196315.75632748,35.999886,1,-0.3474
3450003,3450003,1346004899.78402,37.7137532644459,23.3513104235553,4196316.46897397,36.195072,1,-0.1523
3450004,3450004,1346004899.78402,37.7137532607283,23.3513104142573,4196316.46868787,36.023773,1,-0.3236
3450005,3450005,1346004899.78402,37.713753264367,23.3513104233579,4196316.46897397,36.191437,1,-0.1559
3450006,3450006,1346004899.78412,37.7137596569965,23.3513096818119,4196317.18162427,36.269398,1,-0.0779
3450007,3450007,1346004899.78412,37.7137596542684,23.3513096749887,4196317.18134007,36.143692,1,-0.2036
3450008,3450008,1346004899.78412,37.7137596565305,23.3513096806466,4196317.18133435,36.24793,1,-0.0994
3450009,3450009,1346004899.78412,37.7137596573267,23.351309682638,4196317.18162427,36.28462,1,-0.0627
3450010,3450010,1346004899.78412,37.7137596553442,23.3513096776795,4196317.18133816,36.193264,1,-0.1541
3450011,3450011,1346004899.78422,37.7137658832964,23.3513085243768,4196317.87859732,28.68251,3,-7.6648
3450012,3450012,1346004899.78422,37.7137660452659,23.351308934839,4196317.89285538,36.240173,1,-0.1072
3450013,3450013,1346004899.78432,37.7137722873135,23.3513078126661,4196318.5921097,29.303473,3,-7.0439
3450014,3450014,1346004899.78432,37.7137724324861,23.3513081811171,4196318.60490294,36.08716,1,-0.2602
3450015,3450015,1346004899.78442,37.7137788212681,23.3513074369711,4196319.31723996,36.103184,1,-0.2442
3450016,3450016,1346004899.78442,37.7137788229679,23.3513074412225,4196319.31723972,36.18151,1,-0.1658
3450017,3450017,1346004899.78442,37.7137788235411,23.3513074426561,4196319.3172396,36.20792,1,-0.1394
3450018,3450018,1346004899.78452,37.7137852083128,23.3513066841858,4196320.02899428,35.960873,1,-0.3865
3450019,3450019,1346004899.78462,37.7137916006498,23.3513059503176,4196320.74161883,36.15975,1,-0.1876
3450020,3450020,1346004899.78462,37.713791595661,23.35130593784,4196320.74103828,35.92987,1,-0.4175
3450021,3450021,1346004899.78472,37.7137979881618,23.3513052000985,4196321.45366212,36.05827,1,-0.2891
3450022,3450022,1346004899.78482,37.713804225631,23.3513040749387,4196322.15208884,29.046238,3,-7.3011
3450023,3450023,1346004899.78492,37.7138107675922,23.3513037177895,4196322.87803384,36.175713,1,-0.1716
3450024,3450024,1346004899.78492,37.7138107702488,23.3513037244341,4196322.87832375,36.29813,1,-0.0492
3450025,3450025,1346004899.78492,37.7138107675693,23.3513037177322,4196322.87803384,36.17466,1,-0.1727
3450026,3450026,1346004899.78502,37.7138171528492,23.351302969049,4196323.58978339,36.08793,1,-0.2594
3450027,3450027,1346004899.78512,37.7138235392521,23.3513022238958,4196324.30153247,36.063145,1,-0.2842
3450028,3450028,1346004899.78522,37.713829776858,23.3513011019554,4196325.00028725,29.09795,3,-7.2494
3450029,3450029,1346004899.78522,37.7138299257942,23.3513014798174,4196325.01357051,36.05509,1,-0.2922
3450030,3450030,1346004899.78522,37.7138299283066,23.3513014861011,4196325.01356908,36.17086,1,-0.1765
3450031,3450031,1346004899.78532,37.7138363132327,23.3513007387122,4196325.7253172,36.098778,1,-0.2486
3450032,3450032,1346004899.78532,37.713836314425,23.3513007416943,4196325.72560712,36.153717,1,-0.1936
3450033,3450033,1346004899.78532,37.7138363125989,23.3513007371269,4196325.72531768,36.069572,1,-0.2778
3450034,3450034,1346004899.78542,37.7138427034853,23.3513000003992,4196326.43764373,36.19498,1,-0.1524
3450035,3450035,1346004899.78542,37.7138427046489,23.3513000033095,4196326.43764277,36.2486,1,-0.0987
3450036,3450036,1346004899.78542,37.7138427011193,23.3512999944816,4196326.43735476,36.08596,1,-0.2614
3450037,3450037,1346004899.78552,37.7138490741333,23.3512992187763,4196327.14824076,35.486202,1,-0.8611
3450038,3450038,1346004899.78552,37.7138490850207,23.3512992460068,4196327.14910384,35.98789,1,-0.3594
3450039,3450039,1346004899.78552,37.7138490883979,23.3512992544534,4196327.14939185,36.143505,1,-0.2038
3450040,3450040,1346004899.78552,37.7138490890819,23.3512992561641,4196327.14939185,36.175022,1,-0.1723
3450041,3450041,1346004899.78562,37.7138554753696,23.3512985094212,4196327.86142894,36.10999,1,-0.2373
3450042,3450042,1346004899.78562,37.7138554785213,23.3512985173037,4196327.86171694,36.255215,1,-0.0921
3450043,3450043,1346004899.78572,37.7138618653401,23.3512977726396,4196328.57346411,36.225563,1,-0.1218
3450044,3450044,1346004899.78572,37.7138618569536,23.3512977516641,4196328.57289096,35.83912,1,-0.5082
3450045,3450045,1346004899.78582,37.7138682503917,23.3512970292913,4196329.28521033,36.21319,1,-0.1341
3450046,3450046,1346004899.78582,37.7138682396197,23.3512970023495,4196329.28434916,35.71682,1,-0.6305
3450047,3450047,1346004899.78582,37.7138682491656,23.3512970262246,4196329.28521128,36.15669,1,-0.1906
3450048,3450048,1346004899.78582,37.7138682484555,23.3512970244487,4196329.28492232,36.12397,1,-0.2234
3450049,3450049,1346004899.78582,37.7138682496062,23.3512970273267,4196329.28521128,36.17699,1,-0.1703
3450050,3450050,1346004899.78582,37.713868249823,23.3512970278689,4196329.28521128,36.18698,1,-0.1604
3450051,3450051,1346004899.78592,37.7138746358394,23.3512962876925,4196329.9969575,36.23019,1,-0.1171
3450052,3450052,1346004899.78592,37.7138746316097,23.3512962771136,4196329.9966714,36.035286,1,-0.312
3450053,3450053,1346004899.78592,37.7138746330612,23.3512962807439,4196329.99666949,36.102173,1,-0.2452
3450054,3450054,1346004899.78592,37.7138744785843,23.3512958890263,4196329.98288031,28.889702,3,-7.4576
3450055,3450055,1346004899.78592,37.7138746360954,23.3512962883328,4196329.9969575,36.241985,1,-0.1054
3450056,3450056,1346004899.78602,37.7138810226019,23.3512955451638,4196330.70870372,36.23131,1,-0.116
3450057,3450057,1346004899.78602,37.7138810207734,23.3512955405907,4196330.70870658,36.14706,1,-0.2003
3450058,3450058,1346004899.78602,37.7138810248429,23.3512955507689,4196330.70899268,36.33458,1,-0.0128
3450059,3450059,1346004899.78612,37.7138874054886,23.3512947986899,4196331.42045279,36.15288,1,-0.1945
3450060,3450060,1346004899.78612,37.7138874056286,23.3512947990399,4196331.42045279,36.15933,1,-0.188
3450061,3450061,1346004899.78622,37.7138937936686,23.3512940612454,4196332.13219901,36.242123,1,-0.1052
3450062,3450062,1346004899.78622,37.713893786755,23.3512940439539,4196332.1316268,35.923546,1,-0.4238
3450063,3450063,1346004899.78622,37.7138937920241,23.3512940571324,4196332.13220187,36.166344,1,-0.181
3450064,3450064,1346004899.78622,37.713893788365,23.3512940479807,4196332.13191481,35.997734,1,-0.3496
3450065,3450065,1346004899.78632,37.7139001750986,23.3512933126744,4196332.84365912,36.119564,1,-0.2278
3450066,3450066,1346004899.78632,37.7139001791548,23.3512933228194,4196332.84394522,36.306473,1,-0.0409
3450067,3450067,1346004899.78632,37.7138996236431,23.3512919173694,4196332.79439517,10.426099,0,-25.9212
3450068,3450068,1346004899.78642,37.7139065623954,23.3512925745757,4196333.55569812,36.191326,1,-0.156
3450069,3450069,1346004899.78642,37.71390656664,23.3512925851919,4196333.55598231,36.386913,1,0.0396
3450070,3450070,1346004899.78642,37.713906559336,23.351292566924,4196333.55541106,36.05035,1,-0.297
3450071,3450071,1346004899.78642,37.7139065617284,23.3512925729076,4196333.5554082,36.16059,1,-0.1867
3450072,3450072,1346004899.78652,37.7139127576782,23.3512913566421,4196334.25028201,27.420374,0,-8.927
3450073,3450073,1346004899.78662,37.7139193250723,23.3512910759072,4196334.97833605,35.908813,1,-0.4385
3450074,3450074,1346004899.78662,37.7139193311741,23.3512910911683,4196334.97890826,36.18998,1,-0.1574
3450075,3450075,1346004899.78672,37.7139257170952,23.3512903569687,4196335.69065638,36.321617,1,-0.0257
3450076,3450076,1346004899.78672,37.7139257125843,23.3512903456867,4196335.69008227,36.113758,1,-0.2336
3450077,3450077,1346004899.78672,37.7139257108269,23.3512903412913,4196335.69008418,36.03278,1,-0.3146
3450078,3450078,1346004899.78682,37.7139321009787,23.3512896134877,4196336.40212031,36.283764,1,-0.0636
3450079,3450079,1346004899.78692,37.7139384820292,23.3512888686978,4196337.11329432,36.215195,1,-0.1321
3450080,3450080,1346004899.78702,37.7139448653223,23.3512881253387,4196337.82476206,36.174564,1,-0.1728
3450081,3450081,1346004899.78702,37.7139448636452,23.3512881211441,4196337.82476588,36.097282,1,-0.2501
3450082,3450082,1346004899.78702,37.7139448653591,23.3512881254307,4196337.82476206,36.176258,1,-0.1711
3450083,3450083,1346004899.78702,37.7139448643713,23.3512881229602,4196337.82476397,36.130745,1,-0.2166
3450084,3450084,1346004899.78712,37.7139512496868,23.351287390258,4196338.53572972,36.280163,1,-0.0672
3450085,3450085,1346004899.78712,37.71395124185,23.3512873706577,4196338.53514822,35.91905,1,-0.4283
3450086,3450086,1346004899.78712,37.7139512431635,23.3512873739428,4196338.53514816,35.979572,1,-0.3678
3450087,3450087,1346004899.78712,37.7139512480358,23.3512873861288,4196338.53572978,36.204086,1,-0.1432
3450088,3450088,1346004899.78722,37.7139576309673,23.3512866484546,4196339.24717034,36.259243,1,-0.0881
3450089,3450089,1346004899.78722,37.7139576293954,23.3512866445231,4196339.24687959,36.18681,1,-0.1605
3450090,3450090,1346004899.78732,37.7139640121915,23.3512859023426,4196339.95831861,36.160618,1,-0.1867
3450091,3450091,1346004899.78732,37.7139640127954,23.3512859038531,4196339.95831837,36.18845,1,-0.1589
3450092,3450092,1346004899.78742,37.7139703894486,23.3512851520999,4196340.66917528,35.97947,1,-0.3679
3450093,3450093,1346004899.78742,37.7139703948803,23.3512851656848,4196340.66975583,36.22976,1,-0.1176
3450094,3450094,1346004899.78742,37.7139703944362,23.351285164574,4196340.66975583,36.209293,1,-0.138
3450095,3450095,1346004899.78742,37.7139703921682,23.3512851589017,4196340.66946544,36.104786,1,-0.2425
3450096,3450096,1346004899.78752,37.7139766223634,23.3512840313326,4196341.3672768,28.977913,3,-7.3694
3450097,3450097,1346004899.78752,37.7139767764422,23.3512844220471,4196341.38119258,36.172047,1,-0.1753
3450098,3450098,1346004899.78752,37.7139767774978,23.3512844246871,4196341.3811921,36.220688,1,-0.1266
3450099,3450099,1346004899.78762,37.713983003847,23.3512832883187,4196342.07872285,28.929403,3,-7.4179
3450100,3450100,1346004899.78762,37.7139831573822,23.3512836776731,4196342.0923375,36.098488,1,-0.2488
3450101,3450101,1346004899.78762,37.713983157988,23.3512836791883,4196342.09233703,36.126404,1,-0.2209
3450102,3450102,1346004899.78772,37.7139895365425,23.351282934647,4196342.803481,36.04345,1,-0.3039
3450103,3450103,1346004899.78772,37.7139895367821,23.3512829352461,4196342.803481,36.05449,1,-0.2928
3450104,3450104,1346004899.78772,37.713989489738,23.3512828175873,4196342.79913796,33.886734,0,-2.4606
3450105,3450105,1346004899.78782,37.7139959187182,23.3512821999863,4196343.51462306,36.14033,1,-0.207
3450106,3450106,1346004899.78782,37.7139959201517,23.3512822035714,4196343.51491345,36.206383,1,-0.141
3450107,3450107,1346004899.78782,37.713995913864,23.3512821878458,4196343.5143341,35.916653,1,-0.4307
3450108,3450108,1346004899.78782,37.7139957693616,23.3512818210838,4196343.50131835,29.163794,3,-7.1835
3450109,3450109,1346004899.78792,37.7140023020995,23.3512814641909,4196344.22605409,36.218197,1,-0.1291
3450110,3450110,1346004899.78792,37.7140023020079,23.3512814639618,4196344.22605409,36.213974,1,-0.1334
3450111,3450111,1346004899.78792,37.7140023031231,23.3512814667511,4196344.22634448,36.265366,1,-0.082
3450112,3450112,1346004899.78802,37.7140086796069,23.3512807195103,4196344.9369048,36.12616,1,-0.2212
3450113,3450113,1346004899.78802,37.7140086807152,23.3512807222823,4196344.9371952,36.17723,1,-0.1701
3450114,3450114,1346004899.78812,37.7140149047736,23.3512795843213,4196345.63448466,28.845697,3,-7.5016
3450115,3450115,1346004899.78812,37.714015060613,23.3512799794354,4196345.64833631,36.120945,1,-0.2264
3450116,3450116,1346004899.78822,37.7140214425559,23.351279247513,4196346.3594736,36.25981,1,-0.0875
3450117,3450117,1346004899.78822,37.7140214433533,23.3512792495074,4196346.35947265,36.29656,1,-0.0508
3450118,3450118,1346004899.78832,37.7140278199804,23.3512785001503,4196347.07032432,36.11624,1,-0.2311
3450119,3450119,1346004899.78842,37.7140341980047,23.3512777601009,4196347.78146304,36.101368,1,-0.246
3450120,3450120,1346004899.78842,37.7140342012796,23.3512777682914,4196347.7817501,36.252274,1,-0.0951
3450121,3450121,1346004899.78842,37.714034199545,23.3512777639532,4196347.78146113,36.172344,1,-0.175
3450122,3450122,1346004899.78852,37.7140405769466,23.3512770231857,4196348.49230994,36.142296,1,-0.205
3450123,3450123,1346004899.78852,37.7140405763782,23.3512770217643,4196348.4923109,36.116104,1,-0.2312
3450124,3450124,1346004899.78852,37.7140405776038,23.3512770248294,4196348.49230994,36.172577,1,-0.1748
3450125,3450125,1346004899.78862,37.7140469528509,23.3512762795151,4196349.20286883,36.05685,1,-0.2905
3450126,3450126,1346004899.78862,37.7140468645572,23.3512760533356,4196349.19510879,31.894049,0,-4.4533
3450127,3450127,1346004899.78862,37.7140469533578,23.3512762807827,4196349.2031597,36.080204,1,-0.2671
3450128,3450128,1346004899.78862,37.714046952567,23.3512762788049,4196349.20286979,36.043766,1,-0.3036
3450129,3450129,1346004899.78872,37.7140533307957,23.3512755417904,4196349.91400661,36.079086,1,-0.2682
3450130,3450130,1346004899.78872,37.7140533294003,23.3512755383006,4196349.91371669,36.01479,1,-0.3325
3450131,3450131,1346004899.78872,37.7140533292831,23.3512755380076,4196349.91371669,36.00939,1,-0.3379
3450132,3450132,1346004899.78872,37.7140533309862,23.3512755422669,4196349.91400661,36.087864,1,-0.2595
3450133,3450133,1346004899.78882,37.714059712766,23.3512748100044,4196350.62514247,36.212967,1,-0.1344
3450134,3450134,1346004899.78882,37.7140597124852,23.3512748093022,4196350.62514342,36.20003,1,-0.1473
3450135,3450135,1346004899.78892,37.7140659288819,23.3512736638829,4196351.32164802,28.711533,3,-7.6358
3450136,3450136,1346004899.78892,37.7140660919045,23.3512740769564,4196351.33598746,36.317753,1,-0.0296
3450137,3450137,1346004899.78892,37.7140659340499,23.351273676808,4196351.32193221,28.949667,3,-7.3977
3450138,3450138,1346004899.78892,37.7140660849558,23.3512740595779,4196351.33541431,35.997562,1,-0.3498
3450139,3450139,1346004899.78902,37.7140724643484,23.3512733230396,4196352.04655303,36.040344,1,-0.307
3450140,3450140,1346004899.78902,37.7140724632387,23.3512733202643,4196352.04626311,35.989212,1,-0.3581
3450141,3450141,1346004899.78912,37.7140788376641,23.3512725721529,4196352.75682677,35.817055,1,-0.5303
3450142,3450142,1346004899.78912,37.7140788461903,23.3512725934767,4196352.75768794,36.20993,1,-0.1374
3450143,3450143,1346004899.78922,37.7140852177875,23.3512718441154,4196353.46796359,36.009018,1,-0.3383
3450144,3450144,1346004899.78932,37.7140951236826,23.3512800311746,4196354.49302329,200.3805,0,164.0332
3450145,3450145,1346004899.78932,37.7140915947866,23.3512711091155,4196354.1788124,36.07108,1,-0.2763
3450146,3450146,1346004899.78932,37.7140915942935,23.3512711078821,4196354.1788124,36.04835,1,-0.299
3450147,3450147,1346004899.78942,37.7140979721969,23.3512703710239,4196354.88966216,36.078636,1,-0.2687
3450148,3450148,1346004899.78952,37.7141043474869,23.3512696334554,4196355.60022582,36.09023,1,-0.2571
3450149,3450149,1346004899.78962,37.7141107250769,23.3512688975211,4196356.31107749,36.134476,1,-0.2129
3450150,3450150,1346004899.78962,37.7141107276699,23.351268904006,4196356.31107368,36.25396,1,-0.0934
3450151,3450151,1346004899.78962,37.714110726536,23.3512689011702,4196356.31107558,36.20171,1,-0.1456
3450152,3450152,1346004899.78972,37.7141171021162,23.3512681660367,4196357.02163543,36.25519,1,-0.0921
3450153,3450153,1346004899.78982,37.7141234732217,23.3512674155961,4196357.73191871,36.029274,1,-0.3181
3450154,3450154,1346004899.78982,37.7141233259843,23.351267042008,4196357.71881332,29.150461,3,-7.1969
3450155,3450155,1346004899.78992,37.7141298484941,23.3512666812104,4196358.44183063,36.09398,1,-0.2534
3450156,3450156,1346004899.79002,37.7141362234165,23.3512659420288,4196359.15237346,36.072777,1,-0.2746
3450157,3450157,1346004899.79002,37.7141362255966,23.3512659474812,4196359.15266421,36.173233,1,-0.1741
3450158,3450158,1346004899.79002,37.7141362235395,23.3512659423364,4196359.15237346,36.07844,1,-0.2689
3450159,3450159,1346004899.79012,37.7141424430244,23.351264814889,4196359.8489758,28.902615,3,-7.4447
3450160,3450160,1346004899.79012,37.7141425972293,23.3512652058997,4196359.86262336,36.10246,1,-0.2449
3450161,3450161,1346004899.79012,37.7141425988957,23.3512652100674,4196359.86291399,36.17925,1,-0.1681
3450162,3450162,1346004899.79012,37.7141425998726,23.3512652125105,4196359.86291399,36.224262,1,-0.1231
3450163,3450163,1346004899.79022,37.7141489745745,23.3512644744915,4196360.57345309,36.22192,1,-0.1254
3450164,3450164,1346004899.79022,37.7141489704278,23.3512644641212,4196360.57316318,36.03085,1,-0.3165
3450165,3450165,1346004899.79022,37.714148968697,23.3512644597924,4196360.57287278,35.95109,1,-0.3962
3450166,3450166,1346004899.79022,37.7141489715914,23.3512644670311,4196360.57316294,36.084465,1,-0.2629
3450167,3450167,1346004899.79032,37.7141553458512,23.3512637337339,4196361.28370037,36.163853,1,-0.1835
3450168,3450168,1346004899.79032,37.7141553437612,23.3512637285071,4196361.28341022,36.06755,1,-0.2798
3450169,3450169,1346004899.79032,37.7141553466551,23.3512637357446,4196361.28370013,36.2009,1,-0.1464
3450170,3450170,1346004899.79042,37.7141617184784,23.351262992241,4196361.99394693,36.095116,1,-0.2522
3450171,3450171,1346004899.79042,37.7141617166827,23.3512629877503,4196361.99394741,36.01238,1,-0.335
3450172,3450172,1346004899.79042,37.7141617165352,23.3512629873813,4196361.99394741,36.005577,1,-0.3418
3450173,3450173,1346004899.79052,37.714168091762,23.3512622582167,4196362.70419111,36.158806,1,-0.1885
3450174,3450174,1346004899.79052,37.7141680932466,23.3512622619294,4196362.70448103,36.22721,1,-0.1201
3450175,3450175,1346004899.79052,37.7141680889487,23.3512622511809,4196362.70419207,36.02917,1,-0.3182
3450176,3450176,1346004899.79052,37.7141680908133,23.3512622558441,4196362.70419159,36.11509,1,-0.2322
3450177,3450177,1346004899.79052,37.7141680901343,23.3512622541461,4196362.70419159,36.083805,1,-0.2635
3450178,3450178,1346004899.79052,37.7141674363618,23.3512605977025,4196362.64600029,5.581908,0,-30.7654
3450179,3450179,1346004899.79062,37.7141744638023,23.3512615169703,4196363.41443481,36.092392,1,-0.2549
3450180,3450180,1346004899.79062,37.7141744643527,23.3512615183468,4196363.41472569,36.117752,1,-0.2296
3450181,3450181,1346004899.79062,37.7141744628117,23.351261514493,4196363.41443529,36.046745,1,-0.3006
3450182,3450182,1346004899.79072,37.7141808371699,23.3512607848691,4196364.12496748,36.18938,1,-0.158
3450183,3450183,1346004899.79072,37.7141808369559,23.3512607843337,4196364.12496748,36.17952,1,-0.1678
3450184,3450184,1346004899.79082,37.7141872048274,23.3512600393433,4196364.83462944,36.038025,1,-0.3093
3450185,3450185,1346004899.79092,37.7141935800159,23.3512593085387,4196365.54515972,36.161,1,-0.1863
3450186,3450186,1346004899.79092,37.7141935810293,23.3512593110732,4196365.54515924,36.207695,1,-0.1396
3450187,3450187,1346004899.79102,37.7141999473214,23.3512585638431,4196366.25482073,36.023067,1,-0.3243
3450188,3450188,1346004899.79102,37.7141999507824,23.3512585724988,4196366.25510874,36.18255,1,-0.1648
3450189,3450189,1346004899.79102,37.7141999488505,23.3512585676673,4196366.25511065,36.093525,1,-0.2538
3450190,3450190,1346004899.79102,37.7141999453295,23.3512585588619,4196366.25482168,35.93129,1,-0.416
3450191,3450191,1346004899.79112,37.7142063224154,23.3512578345118,4196366.96534815,36.171402,1,-0.1759
3450192,3450192,1346004899.79122,37.7142125350175,23.3512566943097,4196367.6614789,28.75303,3,-7.5943
3450193,3450193,1346004899.79122,37.7142126939921,23.3512570972377,4196367.67558851,36.172565,1,-0.1748
3450194,3450194,1346004899.79122,37.7142126947224,23.3512570990641,4196367.67558756,36.206215,1,-0.1411
3450195,3450195,1346004899.79132,37.7142190631999,23.3512563598597,4196368.38553801,36.166985,1,-0.1804
3450196,3450196,1346004899.79132,37.714219063132,23.3512563596897,4196368.38553801,36.163853,1,-0.1835
3450197,3450197,1346004899.79152,37.7142316439985,23.3512544831592,4196369.79135599,28.756262,3,-7.5911
3450198,3450198,1346004899.79152,37.7142317901505,23.3512548540167,4196369.80428495,35.584927,1,-0.7624
3450199,3450199,1346004899.79152,37.7142317999848,23.3512548786106,4196369.80514708,36.03807,1,-0.3093
3450200,3450200,1346004899.79162,37.7142381719488,23.3512541506755,4196370.51538172,36.204403,1,-0.1429
3450201,3450201,1346004899.79172,37.7142445391556,23.3512534067246,4196371.22504416,36.079086,1,-0.2682
3450202,3450202,1346004899.79172,37.7142445432115,23.3512534168677,4196371.22533026,36.265976,1,-0.0814
3450203,3450203,1346004899.79182,37.7142509054877,23.3512526713647,4196371.93470087,36.10341,1,-0.2439
3450204,3450204,1346004899.79182,37.7142509030412,23.3512526652465,4196371.93441381,35.99068,1,-0.3567
3450205,3450205,1346004899.79192,37.714257274232,23.3512519329497,4196372.64436045,36.07902,1,-0.2683
3450206,3450206,1346004899.79202,37.714263641363,23.3512511963088,4196373.35402098,36.082813,1,-0.2645
3450207,3450207,1346004899.79212,37.7142700103813,23.3512504602633,4196374.06397142,36.101196,1,-0.2461
3450208,3450208,1346004899.79222,37.7142763767007,23.3512497232732,4196374.77363291,36.09776,1,-0.2496
3450209,3450209,1346004899.79232,37.7142830032736,23.3512488487412,4196375.5130414,36.30084,1,-0.0465
3450210,3450210,1346004899.79232,37.7142829961522,23.3512488309317,4196375.5124711,35.972694,1,-0.3746
3450211,3450211,1346004899.79232,37.714282998878,23.3512488377484,4196375.51275721,36.098293,1,-0.249
3450212,3450212,1346004899.79232,37.7142830011737,23.3512488434897,4196375.51275339,36.20408,1,-0.1433
3450213,3450213,1346004899.79232,37.7142830029928,23.3512488480388,4196375.5130414,36.287895,1,-0.0594
3450214,3450214,1346004899.79242,37.714289350975,23.351248112182,4196376.22067156,36.13413,1,-0.2132
3450215,3450215,1346004899.79252,37.7142956981564,23.3512473751859,4196376.92801371,35.95903,1,-0.3883
3450216,3450216,1346004899.79252,37.7142956964535,23.3512473709273,4196376.92801752,35.88056,1,-0.4668
3450217,3450217,1346004899.79252,37.7142956972754,23.3512473729828,4196376.92801561,35.918438,1,-0.4289
3450218,3450218,1346004899.79252,37.7142957031741,23.3512473877344,4196376.92858591,36.19024,1,-0.1571
3450219,3450219,1346004899.79252,37.7142957024116,23.3512473858273,4196376.92829599,36.155098,1,-0.1922
3450220,3450220,1346004899.79262,37.7143020516618,23.3512466598041,4196377.63592234,36.177925,1,-0.1694
3450221,3450221,1346004899.79262,37.714301889139,23.3512462480091,4196377.62167826,28.594902,3,-7.7524
3450222,3450222,1346004899.79262,37.7143020532983,23.3512466638969,4196377.63620844,36.253338,1,-0.094
3450223,3450223,1346004899.79272,37.7143083962745,23.3512459178805,4196378.34270485,35.911858,1,-0.4355
3450224,3450224,1346004899.79272,37.71430840458,23.3512459386509,4196378.3432865,36.294556,1,-0.0528
3450225,3450225,1346004899.79272,37.7143084001451,23.3512459275601,4196378.34299569,36.090206,1,-0.2571
3450226,3450226,1346004899.79282,37.7143147472018,23.3512451977121,4196379.05031405,36.042297,1,-0.305
3450227,3450227,1346004899.79282,37.7143147496451,23.3512452038223,4196379.05060481,36.154877,1,-0.1925
3450228,3450228,1346004899.79292,37.7143210955209,23.3512444718313,4196379.75792132,36.067474,1,-0.2799
3450229,3450229,1346004899.79292,37.7143211007418,23.3512444848875,4196379.75821148,36.30804,1,-0.0393
3450230,3450230,1346004899.79302,37.7143274467705,23.3512437491281,4196380.46552633,36.155277,1,-0.1921
3450231,3450231,1346004899.79302,37.7143273722062,23.351243562661,4196380.45885156,32.719547,0,-3.6278
3450232,3450232,1346004899.79302,37.714327449259,23.3512437553512,4196380.46581648,36.26994,1,-0.0774
3450233,3450233,1346004899.79312,37.7143337966609,23.3512430287577,4196381.1734197,36.282227,1,-0.0651
3450234,3450234,1346004899.79312,37.7143336334907,23.3512426153543,4196381.15863036,28.669497,3,-7.6778
3450235,3450235,1346004899.79312,37.7143337935325,23.3512430209343,4196381.17312978,36.138077,1,-0.2093
3450236,3450236,1346004899.79322,37.7143401423374,23.3512422936721,4196381.88044046,36.14228,1,-0.2051
3450237,3450237,1346004899.79322,37.7143401427551,23.3512422947168,4196381.88073133,36.161526,1,-0.1858
3450238,3450238,1346004899.79322,37.7143401440119,23.3512422978597,4196381.88073109,36.219437,1,-0.1279
3450239,3450239,1346004899.79332,37.7143464911236,23.3512415720677,4196382.5880401,36.247063,1,-0.1003
3450240,3450240,1346004899.79342,37.7143528382713,23.3512408421619,4196383.29534791,36.203293,1,-0.144
3450241,3450241,1346004899.79342,37.7143528256467,23.3512408105917,4196383.2944815,35.621597,1,-0.7257
3450242,3450242,1346004899.79342,37.7143528369603,23.3512408388835,4196383.29534839,36.14289,1,-0.2044
3450243,3450243,1346004899.79352,37.7143591779225,23.3512400991865,4196384.00207637,35.91521,1,-0.4321
3450244,3450244,1346004899.79352,37.7143591855187,23.3512401181822,4196384.00294517,36.26522,1,-0.0821
3450245,3450245,1346004899.79352,37.7143591827284,23.3512401112047,4196384.00265525,36.136654,1,-0.2107
3450246,3450246,1346004899.79352,37.7143591851893,23.3512401173585,4196384.00294517,36.250042,1,-0.0973
3450247,3450247,1346004899.79372,37.7143718759122,23.3512386571551,4196385.41726469,36.154095,1,-0.1932
3450248,3450248,1346004899.79372,37.7143718736102,23.3512386513985,4196385.41697524,36.048027,1,-0.2993
3450249,3450249,1346004899.79392,37.7143845654674,23.3512371967861,4196386.83158134,36.058075,1,-0.2893
3450250,3450250,1346004899.79412,37.7143972541533,23.3512357368868,4196388.24560569,35.974354,1,-0.373
3450251,3450251,1346004899.79412,37.714397257169,23.3512357444279,4196388.2458937,36.113304,1,-0.234
3450252,3450252,1346004899.79412,37.7143972544549,23.351235737641,4196388.24560569,35.98825,1,-0.3591
3450253,3450253,1346004899.79422,37.7144034437688,23.3512346131551,4196388.93910335,28.684721,3,-7.6626
3450254,3450254,1346004899.79422,37.7144036057623,23.3512350235904,4196388.95348285,36.242916,1,-0.1044
3450255,3450255,1346004899.79432,37.7144099464707,23.3512342886,4196389.6602032,36.10891,1,-0.2384
3450256,3450256,1346004899.79432,37.7144099479421,23.3512342922794,4196389.66020225,36.176704,1,-0.1706
3450257,3450257,1346004899.79432,37.7144099447244,23.3512342842335,4196389.65991424,36.02845,1,-0.3189
3450258,3450258,1346004899.79432,37.7144099486484,23.3512342940456,4196389.66049217,36.209248,1,-0.1381
3450259,3450259,1346004899.79442,37.7144162933806,23.3512335647771,4196390.36750339,36.18591,1,-0.1614
3450260,3450260,1346004899.79452,37.7144226370678,23.3512328384307,4196391.0745108,36.213745,1,-0.1336
3450261,3450261,1346004899.79462,37.7144289796567,23.35123210497,4196391.78152393,36.1159,1,-0.2314
3450262,3450262,1346004899.79462,37.7144289785104,23.3512321021037,4196391.78123401,36.06308,1,-0.2843
3450263,3450263,1346004899.79462,37.7144289681536,23.3512320762062,4196391.7803757,35.585896,1,-0.7614
3450264,3450264,1346004899.79472,37.7144353228212,23.3512313784553,4196392.48824142,36.143524,1,-0.2038
3450265,3450265,1346004899.79472,37.7144353230277,23.3512313789715,4196392.48824142,36.153038,1,-0.1943
3450266,3450266,1346004899.79472,37.7144353209428,23.3512313737582,4196392.48824428,36.056976,1,-0.2904
3450267,3450267,1346004899.79472,37.7144353239013,23.3512313811561,4196392.48853038,36.19329,1,-0.154
3450268,3450268,1346004899.79472,37.7144353225886,23.3512313778734,4196392.48824142,36.132805,1,-0.2145
3450269,3450269,1346004899.79482,37.714441663348,23.3512306409486,4196393.19496654,35.974186,1,-0.3731
3450270,3450270,1346004899.79482,37.7144416649793,23.3512306450275,4196393.19525455,36.049347,1,-0.298
3450271,3450271,1346004899.79492,37.7144478399098,23.3512294935713,4196393.88709758,28.25462,3,-8.0927
3450272,3450272,1346004899.79492,37.7144480097415,23.3512299235892,4196393.902261,36.173737,1,-0.1736
3450273,3450273,1346004899.79492,37.7144478373537,23.35122948718,4196393.88680957,28.136852,3,-8.2105
3450274,3450274,1346004899.79492,37.7144480077202,23.3512299185349,4196393.90197299,36.080605,1,-0.2667
3450275,3450275,1346004899.79492,37.714448007518,23.3512299180294,4196393.90197299,36.071293,1,-0.276
3450276,3450276,1346004899.79502,37.7144543459626,23.3512291813128,4196394.60869907,35.9159,1,-0.4314
3450277,3450277,1346004899.79502,37.7144543383387,23.3512291622496,4196394.60783885,35.564644,1,-0.7827
3450278,3450278,1346004899.79512,37.7144606926035,23.3512284606525,4196395.31599735,36.062183,1,-0.2852
3450279,3450279,1346004899.79512,37.7144606918134,23.3512284586768,4196395.31570743,36.02578,1,-0.3216
3450280,3450280,1346004899.79522,37.7144670330648,23.3512277349174,4196396.02242778,36.108852,1,-0.2385
3450281,3450281,1346004899.79532,37.7144733771439,23.3512270088175,4196396.72943805,36.158783,1,-0.1886
3450282,3450282,1346004899.79532,37.7144733759229,23.3512270057645,4196396.72943996,36.102528,1,-0.2448
3450283,3450283,1346004899.79532,37.7144733771692,23.3512270088807,4196396.72943805,36.15995,1,-0.1874
3450284,3450284,1346004899.79542,37.7144797190537,23.3512262826982,4196397.43645404,36.206417,1,-0.1409
3450285,3450285,1346004899.79552,37.7144860623001,23.3512255552251,4196398.14262818,36.23552,1,-0.1118
3450286,3450286,1346004899.79552,37.7144860605664,23.3512255508903,4196398.1426282,36.155647,1,-0.1917
3450287,3450287,1346004899.79562,37.7144924001159,23.3512248197487,4196398.84904381,36.115105,1,-0.2322
3450288,3450288,1346004899.79562,37.7144924001682,23.3512248198794,4196398.84904381,36.11751,1,-0.2298
3450289,3450289,1346004899.79572,37.7145038494186,23.3512370049414,4196400.01099207,273.9712,0,237.6239
3450290,3450290,1346004899.79572,37.7144987408675,23.3512240870882,4196399.55574848,36.05288,1,-0.2945
3450291,3450291,1346004899.79582,37.7145050846614,23.3512233673803,4196400.26274147,36.227703,1,-0.1196
3450292,3450292,1346004899.79582,37.7145050808723,23.3512233579062,4196400.26245131,36.05313,1,-0.2942
3450293,3450293,1346004899.79582,37.7145050829988,23.3512233632231,4196400.26245083,36.151104,1,-0.1962
3450294,3450294,1346004899.79582,37.7145050870253,23.3512233732907,4196400.26303186,36.336613,1,-0.0107
3450295,3450295,1346004899.79582,37.7145050846198,23.3512233672762,4196400.26274147,36.225784,1,-0.1216
3450296,3450296,1346004899.79582,37.7145050809974,23.3512233582188,4196400.26245131,36.05889,1,-0.2884
3450297,3450297,1346004899.79582,37.7145050853944,23.351223369213,4196400.26274147,36.261475,1,-0.0859
3450298,3450298,1346004899.79592,37.7145114248953,23.3512226342175,4196400.96944274,36.161076,1,-0.1863
3450299,3450299,1346004899.79592,37.7145114203219,23.3512226227823,4196400.96886219,35.950367,1,-0.397
3450300,3450300,1346004899.79592,37.714511425036,23.3512226345691,4196400.96944274,36.167553,1,-0.1798
3450301,3450301,1346004899.79592,37.7145114247117,23.3512226337583,4196400.96944298,36.152615,1,-0.1947
3450302,3450302,1346004899.79592,37.7145114239843,23.3512226319397,4196400.96944298,36.119102,1,-0.2282
3450303,3450303,1346004899.79602,37.7145177613858,23.3512218970112,4196401.67556157,36.01848,1,-0.3289
3450304,3450304,1346004899.79602,37.7145177648921,23.3512219057781,4196401.67585101,36.18002,1,-0.1673
3450305,3450305,1346004899.79602,37.7145177625926,23.3512219000286,4196401.6758522,36.074078,1,-0.2733
3450306,3450306,1346004899.79612,37.7145241045683,23.3512211719546,4196402.38254966,36.10638,1,-0.241
3450307,3450307,1346004899.79612,37.7145241049085,23.3512211728052,4196402.38254966,36.122055,1,-0.2253
3450308,3450308,1346004899.79612,37.7145241072686,23.3512211787063,4196402.38283958,36.230793,1,-0.1165
3450309,3450309,1346004899.79612,37.7145241080408,23.351221180637,4196402.3828391,36.26637,1,-0.081
3450310,3450310,1346004899.79622,37.7145304410396,23.3512204354045,4196403.08895721,35.9812,1,-0.3661
3450311,3450311,1346004899.79622,37.7145304411441,23.3512204356657,4196403.08895721,35.986015,1,-0.3613
3450312,3450312,1346004899.79632,37.7145367863784,23.3512197164141,4196403.79594173,36.186375,1,-0.161
3450313,3450313,1346004899.79632,37.7145367827131,23.3512197072498,4196403.79565229,36.017506,1,-0.3298
3450314,3450314,1346004899.79642,37.7145431212626,23.3512189765413,4196404.5020565,36.005608,1,-0.3417
3450315,3450315,1346004899.79642,37.7145431253385,23.3512189867319,4196404.50234498,36.193386,1,-0.1539
3450316,3450316,1346004899.79642,37.7145431272962,23.3512189916266,4196404.5026349,36.283577,1,-0.0638
3450317,3450317,1346004899.79652,37.7145494644693,23.3512182577774,4196405.20903816,36.216743,1,-0.1306
3450318,3450318,1346004899.79652,37.7145493480279,23.3512179612898,4196405.19864406,30.7579,0,-5.5894
3450319,3450319,1346004899.79652,37.7145494613096,23.3512182498773,4196405.20874919,36.07117,1,-0.2762
3450320,3450320,1346004899.79652,37.714549462462,23.3512182527585,4196405.20874872,36.12426,1,-0.2231
3450321,3450321,1346004899.79662,37.7145558038111,23.3512175246946,4196405.91544094,36.171062,1,-0.1763
3450322,3450322,1346004899.79662,37.7145557989016,23.3512175124198,4196405.91515293,35.944878,1,-0.4025
3450323,3450323,1346004899.79662,37.7145558028426,23.3512175222732,4196405.91544141,36.126442,1,-0.2209
3450324,3450324,1346004899.79662,37.7145558058133,23.3512175297007,4196405.91573038,36.263306,1,-0.084
3450325,3450325,1346004899.79672,37.7145619690631,23.3512163562077,4196406.60656299,28.105844,3,-8.2415
3450326,3450326,1346004899.79692,37.7145746373841,23.3512148703779,4196408.01881542,27.663881,3,-8.6835
3450327,3450327,1346004899.79702,37.7145811554703,23.3512145905403,4196408.74133911,35.978443,1,-0.3689
3450328,3450328,1346004899.79712,37.7145874969195,23.3512138688761,4196409.44802703,36.155407,1,-0.1919
3450329,3450329,1346004899.79722,37.7145938370319,23.3512131391262,4196410.15442504,36.190872,1,-0.1565
3450330,3450330,1346004899.79722,37.7145936411759,23.3512126441047,4196410.13719596,27.073633,3,-9.2737
3450331,3450331,1346004899.79722,37.7145935911632,23.3512125190663,4196410.13259735,24.769587,0,-11.5777
3450332,3450332,1346004899.79732,37.714600174698,23.3512124083835,4196410.86082591,36.20758,1,-0.1398
3450333,3450333,1346004899.79732,37.7146001727373,23.3512124034813,4196410.86082782,36.117252,1,-0.2301
3450334,3450334,1346004899.79742,37.7146065153149,23.3512116802453,4196411.56751575,36.279938,1,-0.0674
3450335,3450335,1346004899.79742,37.7146065134781,23.351211675653,4196411.5675167,36.195316,1,-0.152
3450336,3450336,1346004899.79742,37.7146065100863,23.3512116671733,4196411.56723155,36.039062,1,-0.3083
3450337,3450337,1346004899.79742,37.7146065133413,23.3512116753109,4196411.56751861,36.18901,1,-0.1583
3450338,3450338,1346004899.79752,37.7146128515826,23.3512109463272,4196412.27391662,36.245476,1,-0.1019
3450339,3450339,1346004899.79752,37.7146126731277,23.3512104948192,4196412.25786628,27.930008,3,-8.4173
3450340,3450340,1346004899.79752,37.7146128406284,23.3512109189407,4196412.2727684,35.74083,1,-0.6065
3450341,3450341,1346004899.79762,37.7146191853918,23.3512102014606,4196412.97974433,36.01707,1,-0.3303
3450342,3450342,1346004899.79762,37.7146191865027,23.3512102042378,4196412.98003425,36.068245,1,-0.2791
3450343,3450343,1346004899.79762,37.7146191911679,23.3512102159012,4196412.9803194,36.283165,1,-0.0642
3450344,3450344,1346004899.79762,37.7146191897869,23.3512102124485,4196412.98032035,36.219543,1,-0.1278
3450345,3450345,1346004899.79762,37.7146191898056,23.3512102124954,4196412.98032035,36.22041,1,-0.1269
3450346,3450346,1346004899.79772,37.7146255267126,23.3512094804375,4196413.68643226,36.22786,1,-0.1195
3450347,3450347,1346004899.79772,37.714625525202,23.3512094766609,4196413.68643417,36.15827,1,-0.1891
3450348,3450348,1346004899.79772,37.714625525208,23.3512094766759,4196413.68643417,36.158546,1,-0.1888
3450349,3450349,1346004899.79772,37.7146255224483,23.3512094697765,4196413.68614807,36.031414,1,-0.3159
3450350,3450350,1346004899.79782,37.7146318651756,23.351208747438,4196414.39312686,36.22592,1,-0.1214
3450351,3450351,1346004899.79792,37.7146381991557,23.3512080082657,4196415.09895267,36.110214,1,-0.2371
3450352,3450352,1346004899.79792,37.7146381964047,23.3512080013882,4196415.09866657,35.983482,1,-0.3639
3450353,3450353,1346004899.79792,37.7146381982858,23.3512080060909,4196415.09895458,36.070137,1,-0.2772
3450354,3450354,1346004899.79792,37.7146382020656,23.3512080155405,4196415.09923877,36.244267,1,-0.1031
3450355,3450355,1346004899.79802,37.7146445360563,23.3512072715339,4196415.80536022,36.04758,1,-0.2998
3450356,3450356,1346004899.79812,37.7146508775077,23.3512065511837,4196416.51205005,36.286938,1,-0.0604
3450357,3450357,1346004899.79812,37.7146508774672,23.3512065510824,4196416.51205005,36.285072,1,-0.0623
3450358,3450358,1346004899.79812,37.7146508752858,23.351206545629,4196416.51176204,36.18458,1,-0.1628
3450359,3450359,1346004899.79822,37.7146572113548,23.3512058069326,4196417.2181734,36.094128,1,-0.2532
3450360,3450360,1346004899.79822,37.7146570357903,23.3512053626706,4196417.20249118,27.912086,3,-8.4352
3450361,3450361,1346004899.79822,37.7146572139127,23.3512058133272,4196417.21846141,36.21196,1,-0.1354
3450362,3450362,1346004899.79822,37.7146572092538,23.3512058016802,4196417.2178873,35.99734,1,-0.35
3450363,3450363,1346004899.79832,37.7146635496903,23.3512050788779,4196417.92457904,36.200035,1,-0.1473
3450364,3450364,1346004899.79842,37.714669886903,23.3512043478286,4196418.63004983,36.25539,1,-0.0919
3450365,3450365,1346004899.79842,37.7146697035079,23.3512038839958,4196418.61376673,27.712696,3,-8.6346
3450366,3450366,1346004899.79842,37.7146698862466,23.3512043461877,4196418.63004989,36.225155,1,-0.1222
3450367,3450367,1346004899.79842,37.7146698827438,23.3512043374308,4196418.62975914,36.06379,1,-0.2835
3450368,3450368,1346004899.79852,37.7146762212762,23.3512036098945,4196419.33614588,36.188057,1,-0.1593
3450369,3450369,1346004899.79852,37.7146762217954,23.3512036111927,4196419.33643687,36.211975,1,-0.1354
3450370,3450370,1346004899.79852,37.7146762211069,23.3512036094714,4196419.33614588,36.18026,1,-0.1671
3450371,3450371,1346004899.79852,37.7146762192982,23.3512036049498,4196419.33614612,36.09694,1,-0.2504
3450372,3450372,1346004899.79862,37.7146825562863,23.3512028735441,4196420.04224039,36.15441,1,-0.1929
3450373,3450373,1346004899.79862,37.7146825538419,23.3512028674334,4196420.04224086,36.04181,1,-0.3055
3450374,3450374,1346004899.79872,37.7146888859218,23.3512021187944,4196420.74804461,35.790337,1,-0.557
3450375,3450375,1346004899.79872,37.7146888915147,23.3512021327761,4196420.74862516,36.04798,1,-0.2994
3450376,3450376,1346004899.79872,37.7146888936708,23.351202138166,4196420.74862445,36.1473,1,-0.2
3450377,3450377,1346004899.79872,37.7146888951422,23.3512021418445,4196420.74891508,36.215088,1,-0.1322
3450378,3450378,1346004899.79872,37.7146887145406,23.351201685004,4196420.73266829,27.801199,3,-8.5461
3450379,3450379,1346004899.79872,37.7146888932853,23.3512021372023,4196420.74862445,36.129543,1,-0.2178
3450380,3450380,1346004899.79872,37.7146888955861,23.3512021429542,4196420.74891508,36.235535,1,-0.1118
3450381,3450381,1346004899.79872,37.7146888923969,23.3512021349813,4196420.74862493,36.08862,1,-0.2587
3450382,3450382,1346004899.79882,37.7146952276423,23.3512013991579,4196421.45471657,36.073917,1,-0.2734
3450383,3450383,1346004899.79882,37.7146952304334,23.3512014061354,4196421.45500672,36.20249,1,-0.1448
3450384,3450384,1346004899.79892,37.7147015675221,23.3512006699271,4196422.16138828,36.18946,1,-0.1579
3450385,3450385,1346004899.79892,37.7147015643092,23.3512006618955,4196422.16109837,36.04146,1,-0.3059
3450386,3450386,1346004899.79892,37.7147015689806,23.3512006735733,4196422.16138781,36.25665,1,-0.0907
3450387,3450387,1346004899.79892,37.7147015658138,23.3512006656567,4196422.16109789,36.110767,1,-0.2366
3450388,3450388,1346004899.79902,37.7147078984933,23.3511999232992,4196422.86718882,35.985172,1,-0.3622
3450389,3450389,1346004899.79902,37.7147079050739,23.3511999397497,4196422.8677677,36.28831,1,-0.059
3450390,3450390,1346004899.79902,37.7147078958281,23.3511999166365,4196422.86689938,35.862396,1,-0.4849
3450391,3450391,1346004899.79902,37.7147079018621,23.3511999317206,4196422.86747826,36.140358,1,-0.207
3450392,3450392,1346004899.79912,37.7147142364526,23.3511991891188,4196423.57356823,36.01916,1,-0.3282
3450393,3450393,1346004899.79912,37.7147142371177,23.3511991907815,4196423.57356775,36.049797,1,-0.2975
3450394,3450394,1346004899.79922,37.714720565995,23.3511984387413,4196424.27907837,35.75556,1,-0.5918
3450395,3450395,1346004899.79922,37.7147205700369,23.3511984488454,4196424.27965773,35.941753,1,-0.4056
3450396,3450396,1346004899.79922,37.7147205757101,23.3511984630274,4196424.27994526,36.20309,1,-0.1442
3450397,3450397,1346004899.79932,37.7147267180036,23.3511972341595,4196424.96899498,27.13562,3,-9.2117
3450398,3450398,1346004899.79932,37.7147269131854,23.3511977274302,4196424.98632324,36.220894,1,-0.1264
3450399,3450399,1346004899.79932,37.7147269109936,23.3511977219512,4196424.98632467,36.11993,1,-0.2274
3450400,3450400,1346004899.79942,37.7147330589685,23.3511965121035,4196425.67567337,27.403957,3,-8.9434
3450401,3450401,1346004899.79942,37.7147332465012,23.35119698625,4196425.69241131,36.136833,1,-0.2105
3450402,3450402,1346004899.79942,37.7147332463785,23.3511969859434,4196425.69241131,36.131184,1,-0.2162
3450403,3450403,1346004899.79952,37.7147395840689,23.3511962506193,4196426.39878786,36.164215,1,-0.1831
3450404,3450404,1346004899.79952,37.7147395858623,23.3511962551025,4196426.39878786,36.24683,1,-0.1005
3450405,3450405,1346004899.79952,37.7147395830382,23.3511962480429,4196426.39878881,36.11674,1,-0.2306
3450406,3450406,1346004899.79982,37.7147585895299,23.3511940345235,4196428.51734007,36.100098,1,-0.2472
3450407,3450407,1346004899.79982,37.714758404842,23.3511935675001,4196428.50064886,27.49843,3,-8.8489
3450408,3450408,1346004899.79982,37.7147585902729,23.3511940363808,4196428.51733912,36.134323,1,-0.213
3450409,3450409,1346004899.79992,37.7147649257611,23.3511932997906,4196429.22342623,36.161148,1,-0.1862
3450410,3450410,1346004899.79992,37.7147649271634,23.3511933032961,4196429.22371614,36.225746,1,-0.1216
3450411,3450411,1346004899.80002,37.7147712435779,23.3511925138768,4196429.92807901,35.28857,1,-1.0588
3450412,3450412,1346004899.80002,37.7147712611179,23.3511925577213,4196429.92980612,36.09652,1,-0.2508
3450413,3450413,1346004899.80002,37.7147710768326,23.3511920917101,4196429.91313875,27.51348,3,-8.8339
3450414,3450414,1346004899.80012,37.7147775977289,23.3511918185616,4196430.63589418,36.091026,1,-0.2563
3450415,3450415,1346004899.80012,37.7147775972905,23.3511918174658,4196430.63589514,36.070835,1,-0.2765
3450416,3450416,1346004899.80022,37.7147839341807,23.3511910837051,4196431.34227121,36.16636,1,-0.181
3450417,3450417,1346004899.80022,37.7147839335578,23.3511910821481,4196431.34227217,36.137665,1,-0.2097
3450418,3450418,1346004899.80022,37.7147839328184,23.3511910802998,4196431.3419832,36.103607,1,-0.2437
3450419,3450419,1346004899.80022,37.7147839327073,23.351191080022,4196431.3419832,36.098488,1,-0.2488
3450420,3450420,1346004899.80032,37.7147902690734,23.3511903397575,4196432.04836214,36.08387,1,-0.2635
3450421,3450421,1346004899.80032,37.7147902693246,23.3511903403854,4196432.04836214,36.09544,1,-0.2519
3450422,3450422,1346004899.80032,37.7147902717216,23.3511903463773,4196432.0486511,36.205856,1,-0.1415
3450423,3450423,1346004899.80042,37.71479660356,23.351189599468,4196432.75445402,36.070435,1,-0.2769
3450424,3450424,1346004899.80042,37.7147966032487,23.3511895986898,4196432.75445402,36.056095,1,-0.2912
3450425,3450425,1346004899.80042,37.7147966067439,23.3511896074266,4196432.75474012,36.217094,1,-0.1302
3450426,3450426,1346004899.80052,37.7148029419062,23.3511888685443,4196433.460832,36.23536,1,-0.112
3450427,3450427,1346004899.80052,37.7148029407189,23.3511888655765,4196433.46083391,36.18067,1,-0.1667
3450428,3450428,1346004899.80052,37.7148029394977,23.351188862524,4196433.46083487,36.12442,1,-0.2229
3450429,3450429,1346004899.80062,37.7148090943208,23.351187662276,4196434.15091265,27.65508,3,-8.6923
3450430,3450430,1346004899.80062,37.7148092734701,23.3511881154318,4196434.16693247,36.001293,1,-0.346
3450431,3450431,1346004899.80062,37.7148092765845,23.3511881232166,4196434.16721857,36.14475,1,-0.2026
3450432,3450432,1346004899.80072,37.7148156122254,23.3511873849261,4196434.87331141,36.185642,1,-0.1617
3450433,3450433,1346004899.80082,37.7148219470465,23.3511866393231,4196435.57940996,36.101803,1,-0.2455
3450434,3450434,1346004899.80092,37.7148282764469,23.3511858847739,4196436.28522432,35.855045,1,-0.4923
3450435,3450435,1346004899.80092,37.7148282785468,23.3511858900228,4196436.28522242,35.95177,1,-0.3956
3450436,3450436,1346004899.80092,37.7148282849534,23.3511859060363,4196436.28579271,36.246864,1,-0.1005
3450437,3450437,1346004899.80112,37.7148409550153,23.3511844190797,4196437.69828547,36.183712,1,-0.1636
3450438,3450438,1346004899.80112,37.7148409541986,23.3511844170383,4196437.69828737,36.14609,1,-0.2012
3450439,3450439,1346004899.80122,37.7148472898552,23.351183671893,4196438.40380547,36.095318,1,-0.252
3450440,3450440,1346004899.80122,37.7148472933723,23.351183680684,4196438.40409631,36.257317,1,-0.09
3450441,3450441,1346004899.80132,37.7148536264209,23.351182933769,4196439.11017066,36.175865,1,-0.1715
3450442,3450442,1346004899.80132,37.7148536251789,23.3511829306645,4196439.10987991,36.118656,1,-0.2287
3450443,3450443,1346004899.80132,37.7148536281084,23.3511829379867,4196439.11017055,36.25359,1,-0.0937
3450444,3450444,1346004899.80132,37.7148536214418,23.3511829213238,4196439.10958928,35.946526,1,-0.4008
3450445,3450445,1346004899.80142,37.7148599613378,23.3511821861778,4196439.81624407,36.092327,1,-0.255
3450446,3450446,1346004899.80142,37.7148599622099,23.3511821883576,4196439.81624395,36.1325,1,-0.2148
3450447,3450447,1346004899.80142,37.7148599570534,23.351182175469,4196439.81595379,35.89499,1,-0.4523
3450448,3450448,1346004899.80142,37.7148599614437,23.3511821864423,4196439.81624407,36.097202,1,-0.2501
3450449,3450449,1346004899.80142,37.7148599606801,23.3511821845339,4196439.81624419,36.062035,1,-0.2853
3450450,3450450,1346004899.80152,37.7148663017165,23.3511814567603,4196440.52289695,36.34597,1,-0.0014
3450451,3450451,1346004899.80162,37.7148726298425,23.3511806913445,4196441.2286796,35.94673,1,-0.4006
3450452,3450452,1346004899.80172,37.7148789675748,23.3511799544352,4196441.93504042,36.075184,1,-0.2722
3450453,3450453,1346004899.80172,37.714878971289,23.3511799637184,4196441.93532986,36.246258,1,-0.1011
3450454,3450454,1346004899.80172,37.7148789700563,23.3511799606374,4196441.93533033,36.18948,1,-0.1579
3450455,3450455,1346004899.80182,37.7148853050222,23.3511792114134,4196442.64140099,36.10161,1,-0.2457
3450456,3450456,1346004899.80182,37.7148852994261,23.3511791974264,4196442.64082164,35.843857,1,-0.5035
3450457,3450457,1346004899.80182,37.7148851226357,23.3511787501991,4196442.62518758,27.606771,3,-8.7406
3450458,3450458,1346004899.80182,37.7148853066474,23.3511792154753,4196442.64169139,36.17646,1,-0.1709
3450459,3450459,1346004899.80202,37.7148979707028,23.3511777157352,4196444.05325002,35.9844,1,-0.3629
3450460,3450460,1346004899.80212,37.7149043100303,23.3511769759569,4196444.75990027,36.09047,1,-0.2569
3450461,3450461,1346004899.80212,37.7149041231915,23.351176503623,4196444.74343509,27.390694,3,-8.9566
3450462,3450462,1346004899.80222,37.7149106486317,23.3511762387944,4196445.46654862,36.247375,1,-0.1
3450463,3450463,1346004899.80222,37.7149106466665,23.3511762338826,4196445.46625918,36.15686,1,-0.1905
3450464,3450464,1346004899.80232,37.71491747095,23.351176715848,4196446.21617526,58.782116,0,22.4348
3450465,3450465,1346004899.80232,37.7149169825694,23.3511754845093,4196446.17262,36.099625,1,-0.2477
3450466,3450466,1346004899.80232,37.7149169844591,23.3511754892324,4196446.17290896,36.18666,1,-0.1607
3450467,3450467,1346004899.80242,37.7149233175286,23.3511747371823,4196446.87898082,36.082825,1,-0.2645
3450468,3450468,1346004899.80242,37.714923313231,23.3511747264412,4196446.87840194,35.884884,1,-0.4625
3450469,3450469,1346004899.80252,37.714929657489,23.3511739968626,4196447.58562964,36.20614,1,-0.1412
3450470,3450470,1346004899.80252,37.7149296553399,23.3511739914913,4196447.58534068,36.107155,1,-0.2402
3450471,3450471,1346004899.80262,37.7149359873239,23.3511732356157,4196448.29141444,35.94663,1,-0.4007
3450472,3450472,1346004899.80262,37.714935994136,23.3511732526412,4196448.29199046,36.260376,1,-0.087
3450473,3450473,1346004899.80262,37.7149359916385,23.3511732463993,4196448.2917015,36.145348,1,-0.202
3450474,3450474,1346004899.80262,37.7149359855747,23.3511732312439,4196448.29112548,35.866062,1,-0.4813
3450475,3450475,1346004899.80262,37.7149359869245,23.3511732346176,4196448.29112452,35.928234,1,-0.4191
3450476,3450476,1346004899.80262,37.7149359905631,23.3511732437114,4196448.29170245,36.095818,1,-0.2515
3450477,3450477,1346004899.80272,37.7149421443602,23.3511720316245,4196448.98167247,27.543648,3,-8.8037
3450478,3450478,1346004899.80272,37.7149423278474,23.3511724955653,4196448.99806518,36.08881,1,-0.2585
3450479,3450479,1346004899.80282,37.7149486610898,23.3511717416717,4196449.70413989,35.978806,1,-0.3685
3450480,3450480,1346004899.80282,37.7149486626426,23.3511717455525,4196449.70413798,36.050323,1,-0.297
3450481,3450481,1346004899.80282,37.7149486667194,23.3511717557415,4196449.70471591,36.238087,1,-0.1092
3450482,3450482,1346004899.80302,37.7149613381866,23.35117025365,4196451.11715621,36.14841,1,-0.1989
3450483,3450483,1346004899.80302,37.714961336005,23.3511702481976,4196451.11715907,36.04793,1,-0.2994
3450484,3450484,1346004899.80302,37.7149613349785,23.3511702456322,4196451.11686915,36.000656,1,-0.3467
3450485,3450485,1346004899.80312,37.7149676706284,23.3511694909739,4196451.8232376,35.902023,1,-0.4453
3450486,3450486,1346004899.80322,37.7149807444326,23.3511857680871,4196453.13005847,349.53357,0,313.1862
3450487,3450487,1346004899.80322,37.7149740129445,23.3511687572817,4196452.53018016,36.19285,1,-0.1545
3450488,3450488,1346004899.80342,37.7149866841996,23.35116724956,4196453.94292468,36.05707,1,-0.2903
3450489,3450489,1346004899.80342,37.7149866835047,23.3511672478232,4196453.94292563,36.025066,1,-0.3223
3450490,3450490,1346004899.80352,37.714993016226,23.3511664832221,4196454.64901656,35.7723,1,-0.575
3450491,3450491,1346004899.80352,37.7149930253069,23.3511665059171,4196454.64987487,36.190533,1,-0.1568
3450492,3450492,1346004899.80352,37.7149930235043,23.3511665014121,4196454.64958686,36.107513,1,-0.2398
3450493,3450493,1346004899.80362,37.7149993608613,23.3511657526544,4196455.35596007,36.14997,1,-0.1974
3450494,3450494,1346004899.80362,37.7149993603679,23.3511657514211,4196455.35596198,36.127243,1,-0.2201
3450495,3450495,1346004899.80362,37.7149993594332,23.3511657490852,4196455.35596389,36.084198,1,-0.2631
3450496,3450496,1346004899.80372,37.7150056978629,23.3511649973666,4196456.06263083,36.08364,1,-0.2637
3450497,3450497,1346004899.80372,37.7150057012605,23.3511650058576,4196456.06291694,36.240116,1,-0.1072
3450498,3450498,1346004899.80372,37.7150056936551,23.3511649868507,4196456.06205672,35.88985,1,-0.4575
3450499,3450499,1346004899.80392,37.7150183748912,23.3511634971549,4196457.47568244,36.160267,1,-0.1871
3450500,3450500,1346004899.80402,37.7150247143205,23.3511627507147,4196458.1823532,36.275356,1,-0.072
3450501,3450501,1346004899.80402,37.7150247076541,23.3511627340545,4196458.1817829,35.968338,1,-0.379
3450502,3450502,1346004899.80412,37.7150310455787,23.3511619829123,4196458.88771023,36.004562,1,-0.3428
3450503,3450503,1346004899.80412,37.7150310469227,23.351161986271,4196458.88800104,36.066456,1,-0.2809
3450504,3450504,1346004899.80422,37.715037390305,23.3511612432647,4196459.59493179,36.264164,1,-0.0832
3450505,3450505,1346004899.80432,37.7150437270643,23.351160487885,4196460.30157168,36.237366,1,-0.11
3450506,3450506,1346004899.80432,37.7150437261073,23.3511604854933,4196460.30128105,36.19329,1,-0.154
3450507,3450507,1346004899.80442,37.7150500617843,23.3511597216851,4196461.00792129,36.023,1,-0.3243
3450508,3450508,1346004899.80442,37.7150500655134,23.3511597310043,4196461.00821145,36.194736,1,-0.1526
3450509,3450509,1346004899.80452,37.7150564071154,23.3511589812131,4196461.71514065,36.290485,1,-0.0569
3450510,3450510,1346004899.80452,37.7150564051867,23.3511589763933,4196461.7148505,36.201664,1,-0.1457
3450511,3450511,1346004899.80452,37.715056402929,23.3511589707513,4196461.71485121,36.09769,1,-0.2496
3450512,3450512,1346004899.80462,37.7150627375378,23.3511582076289,4196462.42090971,35.951385,1,-0.396
3450513,3450513,1346004899.80472,37.7150690783092,23.3511574590958,4196463.12783892,36.08173,1,-0.2656
3450514,3450514,1346004899.80482,37.7150754171027,23.351156699851,4196463.83477004,36.026653,1,-0.3207
3450515,3450515,1346004899.80482,37.7150753237741,23.3511564612699,4196463.82638342,31.634373,0,-4.713
3450516,3450516,1346004899.80482,37.715075420903,23.3511567093481,4196463.83505852,36.20167,1,-0.1457
3450517,3450517,1346004899.80492,37.7150817546385,23.3511559415766,4196464.54111989,35.99317,1,-0.3542
3450518,3450518,1346004899.80492,37.7150817593919,23.3511559534554,4196464.54169877,36.21208,1,-0.1353
3450519,3450519,1346004899.80492,37.715081758731,23.3511559518039,4196464.54169924,36.181644,1,-0.1657
3450520,3450520,1346004899.80492,37.7150817522431,23.3511559355906,4196464.54112132,35.88286,1,-0.4645
3450521,3450521,1346004899.80502,37.7150880953604,23.3511551854737,4196465.248051,36.011757,1,-0.3356
3450522,3450522,1346004899.80512,37.7150944313856,23.3511544217263,4196465.9546941,35.89323,1,-0.4541
3450523,3450523,1346004899.80512,37.7150944345701,23.3511544296842,4196465.95498259,36.039883,1,-0.3075
3450524,3450524,1346004899.80512,37.7150944368766,23.3511544354481,4196465.95498021,36.146103,1,-0.2012
3450525,3450525,1346004899.80522,37.7151007766898,23.351153680302,4196466.66191275,36.194042,1,-0.1533
3450526,3450526,1346004899.80522,37.7151007745418,23.3511536749343,4196466.66162283,36.095123,1,-0.2522
3450527,3450527,1346004899.80522,37.7151007760405,23.3511536786793,4196466.66191275,36.164135,1,-0.1832
3450528,3450528,1346004899.80522,37.7151007685824,23.351153660042,4196466.66104586,35.82068,1,-0.5267
3450529,3450529,1346004899.80532,37.7151071139487,23.3511529178977,4196467.36855681,36.116203,1,-0.2311
3450530,3450530,1346004899.80532,37.7151071168727,23.3511529252046,4196467.36884482,36.25086,1,-0.0965
3450531,3450531,1346004899.80532,37.7151071158152,23.3511529225619,4196467.3685549,36.202156,1,-0.1452
3450532,3450532,1346004899.80532,37.7151069251864,23.3511524408399,4196467.35155661,27.32914,3,-9.0182
3450533,3450533,1346004899.80542,37.7151132714998,23.3511516952315,4196468.05907996,27.573002,3,-8.7743
3450534,3450534,1346004899.80542,37.7151134544236,23.3511521576968,4196468.07549078,36.091152,1,-0.2562
3450535,3450535,1346004899.80542,37.7151134538887,23.3511521563602,4196468.07520087,36.06652,1,-0.2808
3450536,3450536,1346004899.80552,37.7151195984252,23.3511509052261,4196468.76487811,27.002567,3,-9.3448
3450537,3450537,1346004899.80562,37.7151261335207,23.3511506398641,4196469.48907454,36.10421,1,-0.2431
3450538,3450538,1346004899.80562,37.7151261348244,23.351150643122,4196469.48907359,36.16425,1,-0.1831
3450539,3450539,1346004899.80572,37.7151324743613,23.3511498778598,4196470.19601328,36.070137,1,-0.2772
3450540,3450540,1346004899.80572,37.7151324771461,23.3511498848186,4196470.19630034,36.198376,1,-0.149
3450541,3450541,1346004899.80572,37.7151324775011,23.3511498857057,4196470.19630034,36.21472,1,-0.1326
3450542,3450542,1346004899.80582,37.7151388125359,23.3511491082675,4196470.90266688,35.90435,1,-0.443
3450543,3450543,1346004899.80582,37.7151388169596,23.3511491193217,4196470.9032429,36.108063,1,-0.2393
3450544,3450544,1346004899.80582,37.7151386608993,23.3511487239938,4196470.88917906,28.827139,3,-7.5202
3450545,3450545,1346004899.80582,37.7151388126223,23.3511491084833,4196470.90266688,35.908325,1,-0.439
3450546,3450546,1346004899.80582,37.7151388167876,23.3511491188919,4196470.9032429,36.100143,1,-0.2472
3450547,3450547,1346004899.80592,37.7151451594327,23.3511483644842,4196471.61018355,36.218155,1,-0.1292
3450548,3450548,1346004899.80592,37.7151451589679,23.3511483633228,4196471.61018546,36.196754,1,-0.1506
3450549,3450549,1346004899.80602,37.7151514983102,23.3511475947681,4196472.31713374,36.06641,1,-0.2809
3450550,3450550,1346004899.80602,37.7151515000106,23.3511475990171,4196472.31713088,36.144714,1,-0.2026
3450551,3450551,1346004899.80602,37.7151514999439,23.3511475988504,4196472.31713088,36.14164,1,-0.2057
3450552,3450552,1346004899.80612,37.715157841353,23.3511468394549,4196473.02407534,36.1841,1,-0.1632
3450553,3450553,1346004899.80612,37.7151578388808,23.3511468332773,4196473.02408011,36.070255,1,-0.2771
3450554,3450554,1346004899.80612,37.715157842229,23.351146841644,4196473.02436621,36.22444,1,-0.1229
3450555,3450555,1346004899.80612,37.7151578395289,23.3511468348968,4196473.0240782,36.1001,1,-0.2472
3450556,3450556,1346004899.80622,37.7151641843897,23.3511460831629,4196473.73131354,36.29197,1,-0.0554
3450557,3450557,1346004899.80622,37.7151641791202,23.3511460699954,4196473.73102839,36.04931,1,-0.298
3450558,3450558,1346004899.80622,37.715164180662,23.351146073848,4196473.73102648,36.120308,1,-0.227
3450559,3450559,1346004899.80632,37.7151705238111,23.3511453119142,4196474.43826754,36.13663,1,-0.2107
3450560,3450560,1346004899.80632,37.7151705211079,23.3511453051594,4196474.43797953,36.01215,1,-0.3352
3450561,3450561,1346004899.80632,37.7151705201416,23.3511453027448,4196474.43798144,35.96765,1,-0.3797
3450562,3450562,1346004899.80632,37.7151705252007,23.3511453153863,4196474.43826563,36.20062,1,-0.1467
3450563,3450563,1346004899.80642,37.7151768643386,23.3511445473968,4196475.1452244,36.109417,1,-0.2379
3450564,3450564,1346004899.80652,37.7151832050918,23.3511437775019,4196475.85218318,35.99557,1,-0.3518
3450565,3450565,1346004899.80652,37.7151832109268,23.3511437920822,4196475.85275729,36.264267,1,-0.0831
3450566,3450566,1346004899.80652,37.715183209175,23.3511437877049,4196475.85275729,36.183598,1,-0.1637
3450567,3450567,1346004899.80662,37.715189552051,23.3511430270646,4196476.55971606,36.24441,1,-0.1029
3450568,3450568,1346004899.80662,37.7151895474848,23.3511430156546,4196476.55943377,36.03414,1,-0.3132
3450569,3450569,1346004899.80662,37.7151895487589,23.3511430188381,4196476.55942996,36.092808,1,-0.2545
3450570,3450570,1346004899.80662,37.7151895501647,23.351143022351,4196476.55971987,36.157547,1,-0.1898
3450571,3450571,1346004899.80672,37.7151958895845,23.3511422471141,4196477.26669009,35.96188,1,-0.3855
3450572,3450572,1346004899.80672,37.7151957026647,23.3511417746919,4196477.24986537,27.26019,3,-9.0871
3450573,3450573,1346004899.80672,37.7151958930259,23.3511422557135,4196477.26697619,36.120354,1,-0.227
3450574,3450574,1346004899.80672,37.7151958931783,23.3511422560942,4196477.26697619,36.12737,1,-0.22
3450575,3450575,1346004899.80682,37.7152022350418,23.3511414908968,4196477.97394068,36.120853,1,-0.2265
3450576,3450576,1346004899.80682,37.7152022352223,23.351141491348,4196477.97394068,36.12917,1,-0.2182
3450577,3450577,1346004899.80682,37.7152022330795,23.3511414859936,4196477.9739445,36.030495,1,-0.3168
3450578,3450578,1346004899.80682,37.7152022276466,23.3511414724181,4196477.9733742,35.780315,1,-0.567
3450579,3450579,1346004899.80682,37.7152022387493,23.3511415001609,4196477.97422678,36.29158,1,-0.0558
3450580,3450580,1346004899.80692,37.7152083879429,23.3511402420051,4196478.66381896,27.217646,3,-9.1297
3450581,3450581,1346004899.80692,37.7152085770471,23.3511407198815,4196478.68068427,36.01985,1,-0.3275
3450582,3450582,1346004899.80692,37.7152085818899,23.3511407319824,4196478.68097493,36.24286,1,-0.1045
3450583,3450583,1346004899.80702,37.7152149214064,23.3511399588592,4196479.38789967,36.107002,1,-0.2403
3450584,3450584,1346004899.80702,37.7152149236304,23.3511399644163,4196479.3881903,36.20941,1,-0.1379
3450585,3450585,1346004899.80712,37.7152212663422,23.3511391932814,4196480.09540609,36.12279,1,-0.2245
3450586,3450586,1346004899.80712,37.7152212692113,23.3511392004504,4196480.09569636,36.254906,1,-0.0924
3450587,3450587,1346004899.80722,37.7152274184227,23.3511379443612,4196480.78550414,27.239828,3,-9.1075
3450588,3450588,1346004899.80722,37.7152276066345,23.3511384200017,4196480.80233148,36.000835,1,-0.3465
3450589,3450589,1346004899.80722,37.7152276107993,23.3511384304083,4196480.80291227,36.192616,1,-0.1547
3450590,3450590,1346004899.80722,37.7152274152849,23.3511379365209,4196480.78550485,27.09534,3,-9.252
3450591,3450591,1346004899.80732,37.7152339561527,23.351137663762,4196481.51041869,36.205532,1,-0.1418
3450592,3450592,1346004899.80732,37.7152339544677,23.3511376595517,4196481.51012829,36.12794,1,-0.2194
3450593,3450593,1346004899.80742,37.7152401011095,23.3511363949185,4196482.19996408,26.972244,3,-9.3751
3450594,3450594,1346004899.80742,37.7152402978464,23.3511368918563,4196482.21734479,36.125736,1,-0.2216
3450595,3450595,1346004899.80742,37.7152402946097,23.3511368837688,4196482.21705488,35.976696,1,-0.3706
3450596,3450596,1346004899.80752,37.7152466427293,23.3511361268438,4196482.92485169,36.181416,1,-0.1659
3450597,3450597,1346004899.80752,37.715246643257,23.3511361281624,4196482.92485121,36.205715,1,-0.1416
3450598,3450598,1346004899.80762,37.7152529849024,23.3511353490234,4196483.63207177,36.01373,1,-0.3336
3450599,3450599,1346004899.80762,37.7152529883635,23.3511353576715,4196483.63236025,36.1731,1,-0.1742
3450600,3450600,1346004899.80762,37.7152529885266,23.3511353580789,4196483.63236025,36.180607,1,-0.1667
3450601,3450601,1346004899.80772,37.7152593294066,23.3511345808899,4196484.33958128,36.028797,1,-0.3185
3450602,3450602,1346004899.80772,37.7152593293286,23.3511345806949,4196484.33958128,36.025204,1,-0.3221
3450603,3450603,1346004899.80772,37.7152593333185,23.3511345906643,4196484.33986977,36.20893,1,-0.1384
3450604,3450604,1346004899.80772,37.7152593302472,23.3511345829903,4196484.33958033,36.06751,1,-0.2798
3450605,3450605,1346004899.80782,37.7152656770963,23.3511338146627,4196485.04738215,36.091698,1,-0.2556
3450606,3450606,1346004899.80782,37.7152656787711,23.3511338188474,4196485.04738072,36.168816,1,-0.1785
3450607,3450607,1346004899.80792,37.7152720237833,23.3511330448235,4196485.75518445,36.096516,1,-0.2508
3450608,3450608,1346004899.80792,37.715272024277,23.3511330460571,4196485.75518349,36.11925,1,-0.2281
3450609,3450609,1346004899.80792,37.7152720242444,23.3511330459756,4196485.75518349,36.11775,1,-0.2296
3450610,3450610,1346004899.80802,37.7152783701158,23.3511322779397,4196486.46269635,36.160057,1,-0.1873
3450611,3450611,1346004899.80802,37.7152783722264,23.3511322832134,4196486.46298626,36.257244,1,-0.0901
3450612,3450612,1346004899.80812,37.7152847155454,23.3511315076795,4196487.17021111,36.16987,1,-0.1775
3450613,3450613,1346004899.80812,37.7152847081616,23.35113148923,4196487.16963509,35.82987,1,-0.5175
3450614,3450614,1346004899.80812,37.7152847131759,23.3511315017588,4196487.16992215,36.06076,1,-0.2866
3450615,3450615,1346004899.80822,37.7152910579382,23.351130723748,4196487.87744072,35.940475,1,-0.4069
3450616,3450616,1346004899.80822,37.7152910610861,23.3511307316133,4196487.87772873,36.085423,1,-0.2619
3450617,3450617,1346004899.80822,37.7152910626716,23.3511307355749,4196487.87801865,36.158432,1,-0.1889
3450618,3450618,1346004899.80832,37.7152974099392,23.3511299676443,4196488.58582524,36.228184,1,-0.1192
3450619,3450619,1346004899.80832,37.7152974086377,23.3511299643924,4196488.58553723,36.16826,1,-0.1791
3450620,3450620,1346004899.80832,37.7152974104639,23.3511299689554,4196488.58582524,36.252346,1,-0.095
3450621,3450621,1346004899.80832,37.7152974071817,23.3511299607544,4196488.58553818,36.10121,1,-0.2461
3450622,3450622,1346004899.80842,37.7153037597883,23.3511292000664,4196489.29363469,36.317192,1,-0.0301
3450623,3450623,1346004899.80842,37.715303755608,23.3511291896216,4196489.29334858,36.12471,1,-0.2226
3450624,3450624,1346004899.80842,37.7153037545485,23.3511291869743,4196489.29334954,36.07592,1,-0.2714
3450625,3450625,1346004899.80842,37.7153037573688,23.3511291940212,4196489.29363755,36.205788,1,-0.1415
3450626,3450626,1346004899.80852,37.715310102785,23.3511284191752,4196490.00115994,36.16513,1,-0.1822
3450627,3450627,1346004899.80852,37.7153101024905,23.3511284184394,4196490.00116089,36.15157,1,-0.1958
3450628,3450628,1346004899.80852,37.7153101018314,23.3511284167926,4196490.00116089,36.121223,1,-0.2261
3450629,3450629,1346004899.80872,37.7153227946475,23.3511268685872,4196491.41650418,36.092857,1,-0.2545
3450630,3450630,1346004899.80872,37.7153227863432,23.3511268478384,4196491.41564206,35.710487,1,-0.6368
3450631,3450631,1346004899.80872,37.7153227876532,23.3511268511116,4196491.41593197,35.770805,1,-0.5765
3450632,3450632,1346004899.80872,37.7153227981208,23.3511268772655,4196491.41679123,36.25279,1,-0.0945
3450633,3450633,1346004899.80882,37.715329143766,23.3511260945512,4196492.12432602,36.096943,1,-0.2504
3450634,3450634,1346004899.80882,37.7153291456543,23.3511260992692,4196492.12461403,36.18389,1,-0.1634
3450635,3450635,1346004899.80882,37.7153289156043,23.351125519123,4196492.10396985,25.496977,0,-10.8504
3450636,3450636,1346004899.80892,37.7153354902301,23.351125317667,4196492.83214978,36.052814,1,-0.2945
3450637,3450637,1346004899.80892,37.7153354947044,23.3511253288463,4196492.83243493,36.258835,1,-0.0885
3450638,3450638,1346004899.80892,37.7153354916478,23.3511253212091,4196492.83214692,36.11809,1,-0.2292
3450639,3450639,1346004899.80892,37.7153354941887,23.3511253275579,4196492.83243493,36.235092,1,-0.1122
3450640,3450640,1346004899.80892,37.7153354942365,23.351125327677,4196492.83243493,36.237286,1,-0.11
3450641,3450641,1346004899.80902,37.715341837427,23.3511245414343,4196493.53997639,36.029217,1,-0.3181
3450642,3450642,1346004899.80902,37.7153418399689,23.3511245477853,4196493.54026345,36.146255,1,-0.2011
3450643,3450643,1346004899.80902,37.7153418394773,23.351124546557,4196493.54026536,36.12362,1,-0.2237
3450644,3450644,1346004899.80902,37.7153418407968,23.3511245498539,4196493.54026249,36.18438,1,-0.163
3450645,3450645,1346004899.80912,37.7153481881451,23.3511237678551,4196494.24809483,36.0673,1,-0.28
3450646,3450646,1346004899.80912,37.7153481909441,23.3511237748487,4196494.24838093,36.196182,1,-0.1512
3450647,3450647,1346004899.80912,37.7153481902721,23.3511237731696,4196494.24838284,36.165237,1,-0.1821
3450648,3450648,1346004899.80932,37.7153608891891,23.3511222210953,4196495.66434124,36.172123,1,-0.1752
3450649,3450649,1346004899.80942,37.7153672381304,23.3511214394846,4196496.37247494,36.087765,1,-0.2596
3450650,3450650,1346004899.80942,37.7153672386717,23.351121440837,4196496.37247494,36.112686,1,-0.2346
3450651,3450651,1346004899.80942,37.7153672360961,23.3511214344019,4196496.37218693,35.9941,1,-0.3532
3450652,3450652,1346004899.80952,37.7153735889462,23.3511206663091,4196497.08060483,36.1631,1,-0.1842
3450653,3450653,1346004899.80952,37.7153735880146,23.3511206639814,4196497.08060673,36.120205,1,-0.2271
3450654,3450654,1346004899.80952,37.7153735897819,23.3511206683972,4196497.08060292,36.201584,1,-0.1458
3450655,3450655,1346004899.80962,37.7153799375175,23.3511198863127,4196497.78845433,36.121246,1,-0.2261
3450656,3450656,1346004899.80962,37.7153799407137,23.3511198942984,4196497.78873852,36.268414,1,-0.0789
3450657,3450657,1346004899.80962,37.7153799389182,23.3511198898125,4196497.78874234,36.18574,1,-0.1616
3450658,3450658,1346004899.80972,37.7153862931494,23.3511191175817,4196498.4966481,36.299923,1,-0.0474
3450659,3450659,1346004899.80982,37.7153926393405,23.3511183291967,4196499.20444686,36.120472,1,-0.2269
3450660,3450660,1346004899.80982,37.7153926301451,23.3511183062222,4196499.2035749,35.697083,1,-0.6503
3450661,3450661,1346004899.80982,37.7153926405768,23.3511183322855,4196499.20444674,36.177395,1,-0.1699
3450662,3450662,1346004899.80982,37.7153923541565,23.3511176059658,4196499.17916174,22.801123,0,-13.5462
3450663,3450663,1346004899.80992,37.7153989944896,23.3511175570037,4196499.91311831,36.252186,1,-0.0951
3450664,3450664,1346004899.80992,37.7153989743233,23.3511175066188,4196499.91137595,35.323658,1,-1.0237
3450665,3450665,1346004899.81002,37.7154053450578,23.3511167721318,4196500.62120945,36.158726,1,-0.1886
3450666,3450666,1346004899.81012,37.7154116987788,23.3511159988615,4196501.32988221,36.283257,1,-0.0641
3450667,3450667,1346004899.81012,37.7154116942575,23.3511159875651,4196501.32930166,36.07508,1,-0.2723
3450668,3450668,1346004899.81012,37.7154116960126,23.3511159919502,4196501.3295923,36.15589,1,-0.1914
3450669,3450669,1346004899.81012,37.715411694871,23.351115989098,4196501.32959253,36.10333,1,-0.244
3450670,3450670,1346004899.81022,37.7154180440419,23.3511152032175,4196502.0376857,36.003933,1,-0.3434
3450671,3450671,1346004899.81022,37.715418045589,23.3511152070829,4196502.03768546,36.075165,1,-0.2722
3450672,3450672,1346004899.81022,37.7154180486144,23.3511152146416,4196502.03797514,36.214462,1,-0.1329
3450673,3450673,1346004899.81022,37.7154180462298,23.3511152086839,4196502.03768499,36.104668,1,-0.2427
3450674,3450674,1346004899.81022,37.7154180489702,23.3511152155307,4196502.0379749,36.230846,1,-0.1165
3450675,3450675,1346004899.81022,37.7154180470303,23.3511152106838,4196502.03768475,36.141525,1,-0.2058
3450676,3450676,1346004899.81022,37.7154178549237,23.3511147253627,4196502.02058918,27.20213,3,-9.1452
3450677,3450677,1346004899.81022,37.715417800033,23.3511145882211,4196502.01566298,24.674807,0,-11.6725
3450678,3450678,1346004899.81032,37.7154242057694,23.3511139374591,4196502.72898824,27.078192,3,-9.2691
3450679,3450679,1346004899.81032,37.7154242060994,23.3511139382835,4196502.72898824,27.093384,3,-9.254
3450680,3450680,1346004899.81032,37.715424205821,23.3511139375879,4196502.72898824,27.080566,3,-9.2668
3450681,3450681,1346004899.81032,37.71542439724,23.3511144211899,4196502.74607141,35.988274,1,-0.3591
3450682,3450682,1346004899.81042,37.7154307536427,23.3511136508809,4196503.45474584,36.192726,1,-0.1546
3450683,3450683,1346004899.81042,37.7154306736207,23.3511134455988,4196503.44780357,32.414062,1,-3.9333
3450684,3450684,1346004899.81042,37.7154307525793,23.351113648224,4196503.45474631,36.143764,1,-0.2036
3450685,3450685,1346004899.81042,37.7154307450957,23.3511136295266,4196503.45416839,35.7992,1,-0.5481
3450686,3450686,1346004899.81042,37.7154307541259,23.351113652088,4196503.45474584,36.21497,1,-0.1324
3450687,3450687,1346004899.81042,37.7154307521668,23.3511136471933,4196503.45474631,36.124767,1,-0.2226
3450688,3450688,1346004899.81052,37.7154392685394,23.3511183260745,4196504.35592563,136.71614,0,100.3688
3450689,3450689,1346004899.81062,37.7154434523403,23.3511120662845,4196504.87123687,35.820724,1,-0.5266
3450690,3450690,1346004899.81062,37.7154434612954,23.3511120886581,4196504.87210424,36.233036,1,-0.1143
3450691,3450691,1346004899.81072,37.7154496148493,23.3511107974564,4196505.56259782,26.872112,3,-9.4752
3450692,3450692,1346004899.81072,37.7154498108056,23.3511112923893,4196505.58020742,35.98862,1,-0.3587
3450693,3450693,1346004899.81072,37.7154498092524,23.3511112885087,4196505.58020885,35.917107,1,-0.4302
3450694,3450694,1346004899.81072,37.7154498092398,23.3511112884772,4196505.57991798,35.916527,1,-0.4308
3450695,3450695,1346004899.81082,37.7154561695392,23.3511105228628,4196506.28917844,36.241108,1,-0.1062
3450696,3450696,1346004899.81082,37.7154561687815,23.3511105209695,4196506.28917939,36.20622,1,-0.1411
3450697,3450697,1346004899.81082,37.7154559723977,23.35111002497,4196506.27158267,27.070059,3,-9.2773
3450698,3450698,1346004899.81082,37.7154561673639,23.351110517428,4196506.28888852,36.140953,1,-0.2064
3450699,3450699,1346004899.81092,37.7154625172239,23.3511097194969,4196506.99728925,35.88266,1,-0.4647
3450700,3450700,1346004899.81092,37.7154625229309,23.3511097337554,4196506.99786622,36.14542,1,-0.2019
3450701,3450701,1346004899.81102,37.7154688793943,23.3511089560147,4196507.7065521,36.263252,1,-0.0841
3450702,3450702,1346004899.81102,37.7154688796666,23.3511089566949,4196507.70655114,36.275787,1,-0.0715
3450703,3450703,1346004899.81102,37.715468873091,23.3511089402666,4196507.70597608,35.973038,1,-0.3743
3450704,3450704,1346004899.81102,37.7154688772601,23.3511089506825,4196507.706554,36.16499,1,-0.1823
3450705,3450705,1346004899.81112,37.7154752329508,23.3511081697354,4196508.41524274,36.232063,1,-0.1153
3450706,3450706,1346004899.81112,37.7154752322165,23.351108167901,4196508.41524274,36.198257,1,-0.1491
3450707,3450707,1346004899.81132,37.7154879460826,23.3511065984417,4196509.83292253,36.226543,1,-0.1208
3450708,3450708,1346004899.81132,37.7154879430893,23.3511065909632,4196509.83292539,36.088726,1,-0.2586
3450709,3450709,1346004899.81132,37.7154879424107,23.3511065892679,4196509.83263547,36.057484,1,-0.2899
3450710,3450710,1346004899.81142,37.7154942983156,23.3511058050097,4196510.54162461,36.08843,1,-0.2589
3450711,3450711,1346004899.81142,37.715494298181,23.3511058046734,4196510.54162461,36.082233,1,-0.2651
3450712,3450712,1346004899.81142,37.7154942992699,23.3511058073939,4196510.54162366,36.132366,1,-0.215
3450713,3450713,1346004899.81152,37.7155006606176,23.3511050304791,4196511.25090177,36.31121,1,-0.0361
3450714,3450714,1346004899.81152,37.7155006590963,23.3511050266783,4196511.25090463,36.24117,1,-0.1062
3450715,3450715,1346004899.81162,37.7155070079125,23.3511042221325,4196511.95903546,35.914734,1,-0.4326
3450716,3450716,1346004899.81172,37.7155133662892,23.3511034401798,4196512.66832406,36.012863,1,-0.3345
3450717,3450717,1346004899.81172,37.7155133706173,23.3511034509931,4196512.66860921,36.212135,1,-0.1352
3450718,3450718,1346004899.81172,37.7155133701458,23.3511034498152,4196512.66860921,36.19043,1,-0.1569
3450719,3450719,1346004899.81172,37.7155133687048,23.3511034462149,4196512.66831929,36.12408,1,-0.2233
3450720,3450720,1346004899.81182,37.7155197307195,23.3511026670883,4196513.37789781,36.286808,1,-0.0605
3450721,3450721,1346004899.81192,37.7155260790918,23.3511018625184,4196514.086042,35.980164,1,-0.3672
3450722,3450722,1346004899.81202,37.7155324382823,23.3511010737396,4196514.79534299,35.98132,1,-0.366
3450723,3450723,1346004899.81202,37.715532442293,23.3511010837598,4196514.79562719,36.165977,1,-0.1814
3450724,3450724,1346004899.81202,37.715532440667,23.3511010796976,4196514.79533918,36.091118,1,-0.2562
3450725,3450725,1346004899.81232,37.7155513020442,23.3510990129474,4196516.89660413,36.173115,1,-0.1742
3450726,3450726,1346004899.81232,37.7155513006931,23.351099009572,4196516.89660794,36.110912,1,-0.2364
3450727,3450727,1346004899.81242,37.7155606244242,23.3511056486493,4196517.87041433,173.31573,0,136.9684
3450728,3450728,1346004899.81242,37.7155576748315,23.3510981995588,4196517.60767514,36.102352,1,-0.245
3450729,3450729,1346004899.81242,37.7155576768412,23.3510982045796,4196517.60796125,36.19488,1,-0.1525
3450730,3450730,1346004899.81242,37.7155576772605,23.3510982056272,4196517.60796125,36.214184,1,-0.1332
3450731,3450731,1346004899.81252,37.715564046434,23.3510973868583,4196518.31846006,36.04804,1,-0.2993
3450732,3450732,1346004899.81272,37.7155767955182,23.3510957669987,4196519.74014633,36.07031,1,-0.277
3450733,3450733,1346004899.81272,37.7155767985993,23.3510957746963,4196519.74043685,36.212162,1,-0.1352
3450734,3450734,1346004899.81272,37.71557679663,23.3510957697763,4196519.74014622,36.121494,1,-0.2258
3450735,3450735,1346004899.81282,37.7155831715226,23.3510949563536,4196520.45144408,36.082336,1,-0.265
3450736,3450736,1346004899.81282,37.7155831724577,23.3510949586895,4196520.45144408,36.125385,1,-0.222
3450737,3450737,1346004899.81282,37.7155829759509,23.3510944624136,4196520.43402856,26.984177,3,-9.3632
3450738,3450738,1346004899.81302,37.7155959219826,23.3510933323004,4196521.87375587,36.074303,1,-0.273
3450739,3450739,1346004899.81312,37.7156020958462,23.3510920124314,4196522.56710547,26.725163,3,-9.6222
3450740,3450740,1346004899.81322,37.7156086742225,23.3510917125801,4196523.2963683,36.171974,1,-0.1754
3450741,3450741,1346004899.81332,37.7156150484698,23.3510908911654,4196524.00738972,36.02345,1,-0.3239
3450742,3450742,1346004899.81332,37.7156150522793,23.3510909006825,4196524.00767868,36.198833,1,-0.1485
3450743,3450743,1346004899.81332,37.7156150477763,23.3510908894329,4196524.00738972,35.99152,1,-0.3558
3450744,3450744,1346004899.81332,37.7156150526996,23.3510909017324,4196524.00796955,36.21818,1,-0.1292
3450745,3450745,1346004899.81342,37.7156214235534,23.3510900755871,4196524.7187044,35.985264,1,-0.3621
3450746,3450746,1346004899.81342,37.7156214292939,23.3510900899282,4196524.71928232,36.249546,1,-0.0978
3450747,3450747,1346004899.81342,37.7156214241466,23.3510900770689,4196524.71870344,36.012573,1,-0.3348
3450748,3450748,1346004899.81342,37.7156214273048,23.351090084959,4196524.71899241,36.157974,1,-0.1894
3450749,3450749,1346004899.81352,37.7156278011266,23.3510892600059,4196525.43031328,35.95865,1,-0.3887
3450750,3450750,1346004899.81352,37.7156278038566,23.3510892668263,4196525.43031138,36.08434,1,-0.263
3450751,3450751,1346004899.81352,37.7156278041353,23.3510892675225,4196525.43031138,36.097168,1,-0.2502
3450752,3450752,1346004899.81362,37.7156341851738,23.3510884593775,4196526.14221161,36.21463,1,-0.1327
3450753,3450753,1346004899.81362,37.7156341834627,23.3510884551028,4196526.14221257,36.135853,1,-0.2115
3450754,3450754,1346004899.81362,37.7156341853154,23.3510884597313,4196526.14221161,36.22115,1,-0.1262
3450755,3450755,1346004899.81362,37.7156341821358,23.3510884517876,4196526.14192312,36.07476,1,-0.2726
3450756,3450756,1346004899.81362,37.7156341833916,23.351088454925,4196526.14221257,36.13258,1,-0.2148
3450757,3450757,1346004899.81362,37.7156341860504,23.3510884615675,4196526.14221066,36.25499,1,-0.0923
3450758,3450758,1346004899.81362,37.7156339157741,23.3510877809912,4196526.1182639,23.717577,0,-12.6298
3450759,3450759,1346004899.81372,37.7156439549871,23.3510962174484,4196527.15615147,194.11938,0,157.772
3450760,3450760,1346004899.81372,37.7156405613705,23.3510876429181,4196526.8535363,36.181328,1,-0.166
3450761,3450761,1346004899.81372,37.7156405619112,23.3510876442688,4196526.85353535,36.20622,1,-0.1411
3450762,3450762,1346004899.81382,37.7156469378233,23.3510868259009,4196527.56486386,36.144566,1,-0.2028
3450763,3450763,1346004899.81382,37.7156469409579,23.3510868337321,4196527.56515187,36.28888,1,-0.0585
3450764,3450764,1346004899.81392,37.7156533141391,23.351086002363,4196528.27648896,35.998825,1,-0.3485
3450765,3450765,1346004899.81402,37.7156594949713,23.351084688916,4196528.97027653,26.831509,3,-9.5158
3450766,3450766,1346004899.81402,37.7156596945078,23.3510851927675,4196528.98811215,36.112133,1,-0.2352
3450767,3450767,1346004899.81402,37.7156596960177,23.3510851965397,4196528.98840111,36.18165,1,-0.1657
3450768,3450768,1346004899.81402,37.715659694041,23.3510851916015,4196528.98811215,36.09065,1,-0.2567
3450769,3450769,1346004899.81412,37.7156660783753,23.3510843857573,4196529.70031994,36.284058,1,-0.0633
3450770,3450770,1346004899.81432,37.7156788329499,23.3510827404081,4196531.12330883,36.065098,1,-0.2822
3450771,3450771,1346004899.81442,37.7156852118621,23.3510819225925,4196531.83495014,36.052197,1,-0.2951
3450772,3450772,1346004899.81442,37.715685214282,23.3510819286381,4196531.83523911,36.163605,1,-0.1837
3450773,3450773,1346004899.81452,37.7156915978332,23.3510811163021,4196532.5471751,36.26221,1,-0.0851
3450774,3450774,1346004899.81452,37.7156915948367,23.3510811088158,4196532.54688805,36.124252,1,-0.2231
3450775,3450775,1346004899.81462,37.7156979716218,23.3510802834667,4196533.25854367,35.984486,1,-0.3628
3450776,3450776,1346004899.81462,37.7156979704328,23.3510802804963,4196533.2582547,35.929745,1,-0.4176
3450777,3450777,1346004899.81472,37.7157043585175,23.351079477291,4196533.97106903,36.208344,1,-0.139
3450778,3450778,1346004899.81472,37.7157043558398,23.3510794706012,4196533.97078102,36.085064,1,-0.2623
3450779,3450779,1346004899.81472,37.715704360969,23.3510794834156,4196533.97106426,36.32121,1,-0.0261
3450780,3450780,1346004899.81472,37.7157043570333,23.3510794735829,4196533.97077912,36.14001,1,-0.2073
3450781,3450781,1346004899.81492,37.7157171222806,23.3510778416543,4196535.39498013,36.23944,1,-0.1079
3450782,3450782,1346004899.81502,37.7157266626032,23.3510850011977,4196536.38837689,183.19905,0,146.8517
3450783,3450783,1346004899.81502,37.7157235008671,23.3510770165137,4196536.10665577,36.12607,1,-0.2213
3450784,3450784,1346004899.81512,37.7157298814045,23.3510761902091,4196536.81862896,36.001095,1,-0.3462
3450785,3450785,1346004899.81522,37.7157362647873,23.3510753749796,4196537.53060215,36.080944,1,-0.2664
3450786,3450786,1346004899.81522,37.7157362658006,23.3510753775111,4196537.53060025,36.127594,1,-0.2197
3450787,3450787,1346004899.81532,37.7157426471288,23.3510745611285,4196538.24257916,36.186813,1,-0.1605
3450788,3450788,1346004899.81532,37.7157426418669,23.3510745479825,4196538.24200695,35.94456,1,-0.4028
3450789,3450789,1346004899.81532,37.7157424479166,23.3510740580765,4196538.22491711,26.921146,3,-9.4262
3450790,3450790,1346004899.81532,37.7157424190837,23.351073986042,4196538.22235173,25.593723,0,-10.7536
3450791,3450791,1346004899.81532,37.7157426457627,23.3510745577157,4196538.24258106,36.12392,1,-0.2234
3450792,3450792,1346004899.81532,37.7157426457228,23.3510745576158,4196538.24258106,36.12208,1,-0.2253
3450793,3450793,1346004899.81532,37.7157426392475,23.3510745414384,4196538.24201077,35.82397,1,-0.5234
3450794,3450794,1346004899.81532,37.7157426452515,23.3510745564384,4196538.24258297,36.100384,1,-0.247
3450795,3450795,1346004899.81542,37.715748829011,23.3510732299381,4196538.93619465,26.777796,3,-9.5695
3450796,3450796,1346004899.81542,37.7157490289987,23.3510737349289,4196538.95393067,36.07917,1,-0.2682
3450797,3450797,1346004899.81542,37.715749028016,23.3510737324738,4196538.95393073,36.033928,1,-0.3134
3450798,3450798,1346004899.81542,37.7157490267297,23.3510737292604,4196538.95393073,35.974712,1,-0.3726
3450799,3450799,1346004899.81542,37.7157490300211,23.3510737374833,4196538.95422154,36.12624,1,-0.2211
3450800,3450800,1346004899.81542,37.7157490087561,23.351073684356,4196538.95218616,35.147232,1,-1.2001
3450801,3450801,1346004899.81552,37.7157554113707,23.3510729141617,4196539.66612899,36.071987,1,-0.2753
3450802,3450802,1346004899.81552,37.7157554167469,23.3510729275934,4196539.66671013,36.3195,1,-0.0278
3450803,3450803,1346004899.81552,37.7157554144573,23.3510729218731,4196539.6664195,36.21409,1,-0.1332
3450804,3450804,1346004899.81552,37.7157552112817,23.3510724089169,4196539.64840662,26.76595,3,-9.5814
3450805,3450805,1346004899.81562,37.7157615928929,23.3510715802713,4196540.36033046,26.622883,3,-9.7245
3450806,3450806,1346004899.81562,37.7157617926762,23.3510720847535,4196540.37803947,35.91485,1,-0.4325
3450807,3450807,1346004899.81562,37.7157615414728,23.3510714518054,4196540.35568511,24.255579,0,-12.0918
3450808,3450808,1346004899.81572,37.7157681780622,23.3510712695716,4196541.09053361,36.020016,1,-0.3273
3450809,3450809,1346004899.81572,37.7157681815976,23.3510712784041,4196541.09082376,36.182774,1,-0.1646
3450810,3450810,1346004899.81572,37.7157681837158,23.3510712836961,4196541.09111416,36.280296,1,-0.067
3450811,3450811,1346004899.81572,37.7157681801932,23.3510712748955,4196541.09053313,36.118122,1,-0.2292
3450812,3450812,1346004899.81582,37.7157745658248,23.3510704543757,4196541.80303037,36.133972,1,-0.2134
3450813,3450813,1346004899.81592,37.7157809489494,23.3510696316505,4196542.51523983,36.1091,1,-0.2382
3450814,3450814,1346004899.81592,37.7157809488569,23.3510696314195,4196542.51523983,36.104843,1,-0.2425
3450815,3450815,1346004899.81602,37.7157942183772,23.3510862002701,4196543.84122574,356.42816,0,320.0808
3450816,3450816,1346004899.81602,37.7157873362323,23.3510688133885,4196543.22774231,36.17529,1,-0.172
3450817,3450817,1346004899.81612,37.7157937180596,23.3510679855808,4196543.93995964,36.06525,1,-0.2821
3450818,3450818,1346004899.81622,37.7158001050436,23.3510671647565,4196544.65246879,36.092484,1,-0.2549
3450819,3450819,1346004899.81622,37.7158001063687,23.3510671680671,4196544.65246832,36.15349,1,-0.1938
3450820,3450820,1346004899.81632,37.7158062923936,23.3510658439265,4196545.34707558,26.909815,3,-9.4375
3450821,3450821,1346004899.81632,37.7158064882189,23.3510663385278,4196545.36469185,36.01957,1,-0.3278
3450822,3450822,1346004899.81642,37.7158128784479,23.3510655240477,4196546.07749855,36.171505,1,-0.1758
3450823,3450823,1346004899.81642,37.7158128765845,23.3510655193921,4196546.07749998,36.085716,1,-0.2616
3450824,3450824,1346004899.81652,37.7158192578556,23.3510646866699,4196546.7894417,35.9007,1,-0.4466
3450825,3450825,1346004899.81652,37.7158192653629,23.3510647054263,4196546.79001772,36.246326,1,-0.101
3450826,3450826,1346004899.81662,37.7158254459664,23.3510633651533,4196547.48439085,26.71659,3,-9.6307
3450827,3450827,1346004899.81662,37.7158254469517,23.3510633676152,4196547.48438989,26.761955,3,-9.5854
3450828,3450828,1346004899.81662,37.715825649319,23.3510638785646,4196547.50225317,36.172905,1,-0.1744
3450829,3450829,1346004899.81672,37.7158320396004,23.3510630616707,4196548.21536123,36.291164,1,-0.0562
3450830,3450830,1346004899.81682,37.7158384220169,23.3510622293063,4196548.92731535,36.12319,1,-0.2241
3450831,3450831,1346004899.81682,37.7158384229419,23.3510622316172,4196548.92760526,36.165775,1,-0.1816
3450832,3450832,1346004899.81682,37.7158384245495,23.3510622356338,4196548.92760431,36.239788,1,-0.1075
3450833,3450833,1346004899.81692,37.7158446155133,23.3510609137764,4196549.62289583,27.064075,3,-9.2833
3450834,3450834,1346004899.81692,37.7158448079652,23.3510613999568,4196549.63985502,36.018543,1,-0.3288
3450835,3450835,1346004899.81692,37.7158448109654,23.3510614074525,4196549.64014398,36.15667,1,-0.1907
3450836,3450836,1346004899.81692,37.7158448118329,23.3510614096199,4196549.6404339,36.19661,1,-0.1507
3450837,3450837,1346004899.81692,37.7158448127001,23.3510614117865,4196549.64043295,36.23653,1,-0.1108
3450838,3450838,1346004899.81692,37.7158448100157,23.3510614050797,4196549.64014398,36.112946,1,-0.2344
3450839,3450839,1346004899.81702,37.7158437137396,23.3510416723148,4196549.68604719,-312.13184,0,-348.4792
3450840,3450840,1346004899.81712,37.715857584441,23.3510597553296,4196551.06552564,36.073303,1,-0.274
3450841,3450841,1346004899.81712,37.7158573780853,23.351059234409,4196551.04715216,26.478718,3,-9.8686
3450842,3450842,1346004899.81722,37.7158639679159,23.351058922459,4196551.77778971,35.908287,1,-0.439
3450843,3450843,1346004899.81722,37.7158639746043,23.3510589391697,4196551.77836286,36.216213,1,-0.1311
3450844,3450844,1346004899.81722,37.7158637672588,23.3510584157746,4196551.75971472,26.576052,3,-9.7713
3450845,3450845,1346004899.81732,37.715870358903,23.3510581026017,4196552.4906336,35.990368,1,-0.357
3450846,3450846,1346004899.81742,37.715876747541,23.3510572811369,4196553.20348512,36.04096,1,-0.3064
3450847,3450847,1346004899.81742,37.7158767473777,23.3510572807288,4196553.20348512,36.03344,1,-0.3139
3450848,3450848,1346004899.81752,37.7158831400057,23.3510564635042,4196553.91662847,36.169228,1,-0.1781
3450849,3450849,1346004899.81752,37.7158831386711,23.3510564601697,4196553.91663038,36.107784,1,-0.2396
3450850,3450850,1346004899.81752,37.7158831394895,23.3510564622143,4196553.91662847,36.14546,1,-0.2019
3450851,3450851,1346004899.81752,37.7158831395412,23.3510564623435,4196553.91662847,36.14784,1,-0.1995
3450852,3450852,1346004899.81762,37.7158895272252,23.3510556370562,4196554.62919962,36.132954,1,-0.2144
3450853,3450853,1346004899.81782,37.7159022980071,23.3510539679367,4196556.05437052,35.772778,1,-0.5746
3450854,3450854,1346004899.81782,37.7159023062603,23.3510539885573,4196556.05494081,36.15275,1,-0.1946
3450855,3450855,1346004899.81782,37.7159023046549,23.3510539845463,4196556.05494272,36.07884,1,-0.2685
3450856,3450856,1346004899.81792,37.7159086957096,23.3510531606209,4196556.76781999,36.100136,1,-0.2472
3450857,3450857,1346004899.81792,37.7159086968714,23.3510531635238,4196556.76810991,36.153625,1,-0.1937
3450858,3450858,1346004899.81792,37.7159086963326,23.3510531621775,4196556.76810991,36.12882,1,-0.2185
3450859,3450859,1346004899.81802,37.7159150826909,23.3510523308642,4196557.48070871,36.0114,1,-0.3359
3450860,3450860,1346004899.81802,37.7159150863872,23.3510523400995,4196557.480991,36.181572,1,-0.1658
3450861,3450861,1346004899.81812,37.7159214805743,23.3510515226988,4196558.19416582,36.326878,1,-0.0205
3450862,3450862,1346004899.81812,37.7159214747991,23.3510515082695,4196558.19359552,36.060993,1,-0.2863
3450863,3450863,1346004899.81822,37.7159276663195,23.3510501833535,4196558.8883223,26.856155,3,-9.4912
3450864,3450864,1346004899.81822,37.7159278667685,23.3510506895323,4196558.9063519,36.178875,1,-0.1685
3450865,3450865,1346004899.81832,37.7159342568518,23.3510498606314,4196559.61916638,36.11558,1,-0.2318
3450866,3450866,1346004899.81832,37.7159340619519,23.3510493683156,4196559.60173154,27.048328,3,-9.299
3450867,3450867,1346004899.81832,37.7159342522669,23.3510498491758,4196559.61887587,35.90449,1,-0.4428
3450868,3450868,1346004899.81842,37.7159406503336,23.3510490446237,4196560.3325646,36.286808,1,-0.0605
3450869,3450869,1346004899.81852,37.7159470406178,23.3510482150337,4196561.04538477,36.213657,1,-0.1337
3450870,3450870,1346004899.81862,37.715953427067,23.3510473852969,4196561.75791705,36.129982,1,-0.2174
3450871,3450871,1346004899.81872,37.7159598127221,23.3510465480104,4196562.47074497,35.912853,1,-0.4345
3450872,3450872,1346004899.81872,37.7159598170115,23.3510465587277,4196562.47103394,36.110332,1,-0.237
3450873,3450873,1346004899.81892,37.7159810810769,23.35106633282,4196564.65307034,430.7332,0,394.3859
3450874,3450874,1346004899.81892,37.7159726017517,23.3510449110791,4196563.89727676,36.179638,1,-0.1677
3450875,3450875,1346004899.81892,37.7159725978653,23.3510449013686,4196563.89698828,36.00071,1,-0.3466
3450876,3450876,1346004899.81902,37.7159789953662,23.351044087076,4196564.61069477,36.21449,1,-0.1328
3450877,3450877,1346004899.81902,37.7159789909287,23.3510440759885,4196564.61040628,36.01019,1,-0.3371
3450878,3450878,1346004899.81902,37.7159789279608,23.3510439186578,4196564.60462416,33.11118,0,-3.2362
3450879,3450879,1346004899.81902,37.7159789929436,23.3510440810228,4196564.61040533,36.10295,1,-0.2444
3450880,3450880,1346004899.81912,37.7159853825479,23.3510432515007,4196565.32353676,36.032234,1,-0.3151
3450881,3450881,1346004899.81922,37.7159917775089,23.3510424298658,4196566.03696096,36.11193,1,-0.2354
3450882,3450882,1346004899.81932,37.7159981540869,23.3510415668281,4196566.74865568,35.424625,1,-0.9227
3450883,3450883,1346004899.81932,37.7159981681104,23.3510416018673,4196566.74980867,36.070263,1,-0.2771
3450884,3450884,1346004899.81942,37.7160045614546,23.3510407752526,4196567.46324194,36.058937,1,-0.2884
3450885,3450885,1346004899.81952,37.7160109554627,23.3510399548541,4196568.17667711,36.157818,1,-0.1895
3450886,3450886,1346004899.81952,37.7160109537467,23.3510399505666,4196568.17638815,36.07882,1,-0.2685
3450887,3450887,1346004899.81952,37.7160108815627,23.3510397648533,4196568.1700548,32.66126,0,-3.6861
3450888,3450888,1346004899.81962,37.7160173504274,23.3510391314045,4196568.89011801,36.205097,1,-0.1422
3450889,3450889,1346004899.81962,37.7160173525967,23.3510391368246,4196568.89040697,36.304966,1,-0.0424
3450890,3450890,1346004899.81962,37.7160173489614,23.3510391277413,4196568.88982904,36.1376,1,-0.2097
3450891,3450891,1346004899.81972,37.7160237437733,23.3510383084953,4196569.60327185,36.257767,1,-0.0896
3450892,3450892,1346004899.81982,37.7160299379841,23.3510369772515,4196570.2989086,26.95271,3,-9.3946
3450893,3450893,1346004899.81992,37.7160365254877,23.3510366440267,4196571.02960051,36.023434,1,-0.3239
3450894,3450894,1346004899.81992,37.7160365225768,23.3510366367533,4196571.02931345,35.889416,1,-0.4579
3450895,3450895,1346004899.82002,37.7160429217517,23.3510358222228,4196571.74305857,36.10022,1,-0.2471
3450896,3450896,1346004899.82002,37.7160429228088,23.3510358248641,4196571.74334753,36.148888,1,-0.1984
3450897,3450897,1346004899.82002,37.7160429224201,23.351035823893,4196571.74334753,36.130993,1,-0.2163
3450898,3450898,1346004899.82002,37.7160429197899,23.3510358173209,4196571.74305952,36.0099,1,-0.3374
3450899,3450899,1346004899.82012,37.7160493167996,23.3510350020223,4196572.45651949,36.201523,1,-0.1458
3450900,3450900,1346004899.82022,37.7160557090903,23.3510341695741,4196573.1699909,36.08109,1,-0.2662
3450901,3450901,1346004899.82022,37.7160557124106,23.3510341778703,4196573.17027796,36.233955,1,-0.1134
3450902,3450902,1346004899.82032,37.7160621046692,23.351033350012,4196573.88346231,36.19284,1,-0.1545
3450903,3450903,1346004899.82032,37.7160619019432,23.3510328381103,4196573.86542833,26.765104,3,-9.5822
3450904,3450904,1346004899.82032,37.7160620972392,23.3510333314468,4196573.88260019,35.85076,1,-0.4966
3450905,3450905,1346004899.82042,37.7160684991281,23.3510325223207,4196574.59694326,36.15851,1,-0.1888
3450906,3450906,1346004899.82052,37.7160748931301,23.3510316981857,4196575.31013525,36.18423,1,-0.1631
3450907,3450907,1346004899.82062,37.716081286169,23.351030866341,4196576.0236305,36.071377,1,-0.276
3450908,3450908,1346004899.82062,37.7160812874394,23.3510308695155,4196576.02362669,36.129868,1,-0.2175
3450909,3450909,1346004899.82062,37.7160812894538,23.3510308745489,4196576.0239147,36.22261,1,-0.1247
3450910,3450910,1346004899.82082,37.7160940746742,23.3510292179019,4196577.450333,36.113995,1,-0.2333
3450911,3450911,1346004899.82082,37.7160936331962,23.3510281040622,4196577.41097486,15.599805,0,-20.7475
3450912,3450912,1346004899.82092,37.7161063502156,23.3510432498559,4196578.68726583,309.74496,0,273.3976
3450913,3450913,1346004899.82092,37.7161002723911,23.3510278916687,4196578.14562073,26.892412,3,-9.4549
3450914,3450914,1346004899.82092,37.7161004739564,23.3510284006805,4196578.16366625,36.266777,1,-0.0806
3450915,3450915,1346004899.82092,37.716100276826,23.3510279027503,4196578.1462028,27.096596,3,-9.2507
3450916,3450916,1346004899.82092,37.7161004697227,23.3510283901016,4196578.16337517,36.071854,1,-0.2755
3450917,3450917,1346004899.82092,37.716100470798,23.3510283927885,4196578.1633752,36.12136,1,-0.226
3450918,3450918,1346004899.82092,37.7161004686682,23.3510283874667,4196578.16308418,36.023308,1,-0.324
3450919,3450919,1346004899.82102,37.7161068671634,23.3510275732206,4196578.87709498,36.224857,1,-0.1225
3450920,3450920,1346004899.82102,37.7161068696208,23.351027579361,4196578.87709492,36.337997,1,-0.0093
3450921,3450921,1346004899.82102,37.7161068653494,23.3510275686878,4196578.87680411,36.14134,1,-0.206
3450922,3450922,1346004899.82102,37.71610686299,23.3510275627923,4196578.87651324,36.03271,1,-0.3146
3450923,3450923,1346004899.82112,37.7161132645088,23.351026750867,4196579.59081718,36.27995,1,-0.0674
3450924,3450924,1346004899.82122,37.7161196530488,23.3510259113066,4196580.30367025,36.011753,1,-0.3356
3450925,3450925,1346004899.82132,37.7161260537403,23.3510250969026,4196581.01768824,36.209774,1,-0.1376
3450926,3450926,1346004899.82142,37.7161324461062,23.3510242665185,4196581.73083779,36.10689,1,-0.2404
3450927,3450927,1346004899.82142,37.7161324465213,23.3510242675559,4196581.73083731,36.126007,1,-0.2213
3450928,3450928,1346004899.82142,37.7161324429676,23.3510242586758,4196581.73054763,35.962387,1,-0.3849
3450929,3450929,1346004899.82152,37.7161388459071,23.3510234495332,4196582.44486114,36.253372,1,-0.094
3450930,3450930,1346004899.82152,37.7161388439163,23.3510234445585,4196582.44457099,36.161713,1,-0.1856
3450931,3450931,1346004899.82152,37.7161388471635,23.3510234526725,4196582.44486066,36.311214,1,-0.0361
3450932,3450932,1346004899.82162,37.7161452395323,23.3510226219669,4196583.15830752,36.198215,1,-0.1491
3450933,3450933,1346004899.82162,37.7161452403647,23.3510226240471,4196583.15830704,36.23654,1,-0.1108
3450934,3450934,1346004899.82162,37.7161452390855,23.3510226208506,4196583.158308,36.177647,1,-0.1697
3450935,3450935,1346004899.82162,37.7161452386254,23.3510226197008,4196583.15801713,36.15646,1,-0.1909
3450936,3450936,1346004899.82162,37.7161452375976,23.3510226171325,4196583.1580176,36.109142,1,-0.2382
3450937,3450937,1346004899.82172,37.7161516338461,23.3510217909687,4196583.87175795,36.082092,1,-0.2652
3450938,3450938,1346004899.82182,37.7161580309566,23.3510209718376,4196584.58520981,36.17773,1,-0.1696
3450939,3450939,1346004899.82182,37.7161580319568,23.3510209743369,4196584.58550021,36.22378,1,-0.1236
3450940,3450940,1346004899.82182,37.7161580254727,23.3510209581343,4196584.5849218,35.925247,1,-0.4221
3450941,3450941,1346004899.82182,37.7161580117049,23.3510209237311,4196584.58376595,35.291367,1,-1.056
3450942,3450942,1346004899.82192,37.7161644250357,23.3510201450147,4196585.29866692,36.129177,1,-0.2182
3450943,3450943,1346004899.82192,37.7161644238132,23.3510201419597,4196585.2986674,36.072887,1,-0.2744
3450944,3450944,1346004899.82192,37.7161644248863,23.3510201446412,4196585.29866692,36.122295,1,-0.225
3450945,3450945,1346004899.82202,37.7161754865386,23.351031109676,4196586.42815873,253.23819,0,216.8909
3450946,3450946,1346004899.82202,37.716170818932,23.3510193176317,4196586.01212689,36.067726,1,-0.2796
3450947,3450947,1346004899.82202,37.7161708232233,23.3510193283551,4196586.0124149,36.265305,1,-0.082
3450948,3450948,1346004899.82202,37.7161708207741,23.3510193222349,4196586.01241633,36.15254,1,-0.1948
3450949,3450949,1346004899.82202,37.7161708207167,23.3510193220917,4196586.01241633,36.1499,1,-0.1974
3450950,3450950,1346004899.82212,37.716177214423,23.3510184891354,4196586.72559258,35.987602,1,-0.3597
3450951,3450951,1346004899.82212,37.7161772218578,23.3510185077138,4196586.72645947,36.329906,1,-0.0174
3450952,3450952,1346004899.82222,37.7161836130495,23.3510176734069,4196587.43963811,36.13541,1,-0.2119
3450953,3450953,1346004899.82222,37.7161836122452,23.3510176713971,4196587.43934819,36.09838,1,-0.249
3450954,3450954,1346004899.82232,37.7161900086513,23.3510168500574,4196588.15310952,36.13991,1,-0.2074
3450955,3450955,1346004899.82232,37.716190011164,23.3510168563362,4196588.15339848,36.2556,1,-0.0917
3450956,3450956,1346004899.82232,37.7161900078563,23.3510168480708,4196588.15311047,36.10331,1,-0.244
3450957,3450957,1346004899.82242,37.7161964081345,23.3510160313487,4196588.86716363,36.231445,1,-0.1159
3450958,3450958,1346004899.82242,37.7161964092281,23.3510160340817,4196588.86716267,36.2818,1,-0.0655
3450959,3450959,1346004899.82242,37.7161964099993,23.3510160360088,4196588.86716172,36.317307,1,-0.03
3450960,3450960,1346004899.82242,37.7161964082135,23.3510160315464,4196588.86716363,36.23509,1,-0.1122
3450961,3450961,1346004899.82252,37.71620280526,23.3510152067128,4196589.58064267,36.21067,1,-0.1367
3450962,3450962,1346004899.82252,37.7162028009979,23.3510151960623,4196589.58035657,36.01444,1,-0.3329
3450963,3450963,1346004899.82252,37.7162028036157,23.3510152026038,4196589.58064553,36.134964,1,-0.2124
3450964,3450964,1346004899.82262,37.7162091979117,23.3510143758836,4196590.29412934,36.06806,1,-0.2793
3450965,3450965,1346004899.82262,37.7162090050189,23.3510138885133,4196590.27688977,27.09278,3,-9.2546
3450966,3450966,1346004899.82262,37.7162091986928,23.3510143778354,4196590.29412934,36.104023,1,-0.2433
3450967,3450967,1346004899.82272,37.7162155975795,23.3510135575684,4196591.00790688,36.157234,1,-0.1901
3450968,3450968,1346004899.82272,37.7162155987972,23.3510135606114,4196591.0081968,36.2133,1,-0.134
3450969,3450969,1346004899.82292,37.7162281934052,23.3510114170751,4196592.41769692,27.037125,3,-9.3102
3450970,3450970,1346004899.82292,37.7162283904813,23.3510119149039,4196592.4351854,36.205048,1,-0.1423
3450971,3450971,1346004899.82292,37.7162283274297,23.3510117573436,4196592.42973897,33.30205,0,-3.0453
3450972,3450972,1346004899.82302,37.7162347905747,23.351011097704,4196593.1492643,36.304245,1,-0.0431
3450973,3450973,1346004899.82302,37.7162347877703,23.351011090696,4196593.1489782,36.175125,1,-0.1722
3450974,3450974,1346004899.82302,37.7162347843325,23.3510110821052,4196593.14869114,36.01684,1,-0.3305
3450975,3450975,1346004899.82312,37.7162409900398,23.3510097788473,4196593.84530922,27.156807,3,-9.1905
3450976,3450976,1346004899.82312,37.7162409868059,23.3510097707659,4196593.84502217,27.00791,3,-9.3394
3450977,3450977,1346004899.82312,37.7162411851929,23.3510102718743,4196593.86277291,36.236217,1,-0.1111
3450978,3450978,1346004899.82322,37.7162475830231,23.3510094491185,4196594.57657334,36.225536,1,-0.1218
3450979,3450979,1346004899.82332,37.7162537845731,23.3510081355943,4196595.27265069,27.16867,3,-9.1787
3450980,3450980,1346004899.82332,37.7162539780428,23.3510086244181,4196595.29009148,36.170605,1,-0.1767
3450981,3450981,1346004899.82342,37.7162603756853,23.351007801345,4196596.00361344,36.146168,1,-0.2012
3450982,3450982,1346004899.82342,37.7162603762276,23.3510078027002,4196596.00390336,36.171135,1,-0.1762
3450983,3450983,1346004899.82342,37.716260375987,23.351007802099,4196596.00361344,36.160057,1,-0.1873
3450984,3450984,1346004899.82342,37.716260374329,23.3510077979558,4196596.00361535,36.08372,1,-0.2636
3450985,3450985,1346004899.82362,37.716272966493,23.3510056441706,4196597.41299912,26.669395,3,-9.6779
3450986,3450986,1346004899.82362,37.716273171028,23.3510061606512,4196597.43125245,36.180832,1,-0.1665
3450987,3450987,1346004899.82362,37.7162731720596,23.351006163229,4196597.43125054,36.22833,1,-0.119
3450988,3450988,1346004899.82362,37.7162731709823,23.3510061605369,4196597.43125245,36.178726,1,-0.1686
3450989,3450989,1346004899.82362,37.7162731658052,23.3510061475996,4196597.43067834,35.940365,1,-0.407
3450990,3450990,1346004899.82372,37.7162793525358,23.3510047974419,4196598.1256952,26.192036,0,-10.1553
3450991,3450991,1346004899.82382,37.7162859659035,23.3510045191062,4196598.85801348,36.182674,1,-0.1647
3450992,3450992,1346004899.82382,37.7162859657409,23.3510045186998,4196598.85801351,36.17519,1,-0.1721
3450993,3450993,1346004899.82382,37.7162859649286,23.3510045166699,4196598.85801351,36.13779,1,-0.2095
3450994,3450994,1346004899.82382,37.7162859628542,23.351004511486,4196598.85772261,36.04228,1,-0.3051
3450995,3450995,1346004899.82382,37.7162859665202,23.3510045206473,4196598.85801348,36.21107,1,-0.1363
3450996,3450996,1346004899.82392,37.7162923613913,23.3510036962619,4196599.57147813,36.136482,1,-0.2109
3450997,3450997,1346004899.82392,37.7162923565812,23.3510036842417,4196599.57118762,35.915016,1,-0.4323
3450998,3450998,1346004899.82392,37.7162923572199,23.3510036858376,4196599.57118762,35.94442,1,-0.4029
3450999,3450999,1346004899.82392,37.7162923628348,23.3510036998692,4196599.571769,36.20294,1,-0.1444
3451000,3451000,1346004899.82402,37.716298763303,23.3510028846213,4196600.28581751,36.29663,1,-0.0507
3451001,3451001,1346004899.82402,37.7162987525556,23.3510028577635,4196600.28465534,35.801796,1,-0.5455
3451002,3451002,1346004899.82402,37.7162987613565,23.3510028797569,4196600.28552687,36.20701,1,-0.1403
3451003,3451003,1346004899.82412,37.7163051570915,23.351002057861,4196600.99899662,36.16904,1,-0.1783
3451004,3451004,1346004899.82432,37.7163179528753,23.3510004204052,4196602.426525,36.19996,1,-0.1474
3451005,3451005,1346004899.82442,37.7163243489249,23.3509995998846,4196603.14029396,36.172764,1,-0.1746
3451006,3451006,1346004899.82442,37.7163243471903,23.3509995955497,4196603.14000356,36.0929,1,-0.2544
3451007,3451007,1346004899.82452,37.7163307457116,23.3509987764183,4196603.85377538,36.090763,1,-0.2566
3451008,3451008,1346004899.82462,37.7163371474492,23.3509979655583,4196604.5681299,36.23589,1,-0.1114
3451009,3451009,1346004899.82472,37.7163435303329,23.3509971128351,4196605.28046119,35.600018,1,-0.7473
3451010,3451010,1346004899.82472,37.7163435435279,23.3509971458105,4196605.28161705,36.207558,1,-0.1398
3451011,3451011,1346004899.82472,37.7163435414658,23.3509971406569,4196605.28132713,36.11261,1,-0.2347
3451012,3451012,1346004899.82472,37.7163435406657,23.3509971386576,4196605.28132808,36.075775,1,-0.2716
3451013,3451013,1346004899.82482,37.7163499309342,23.3509962996385,4196605.99453295,35.691578,1,-0.6558
3451014,3451014,1346004899.82482,37.7163499365548,23.3509963136848,4196605.99482,35.950367,1,-0.397
3451015,3451015,1346004899.82482,37.7163497470575,23.3509958347632,4196605.97807777,27.131134,3,-9.2162
3451016,3451016,1346004899.82482,37.7163499403391,23.3509963231423,4196605.99510801,36.12461,1,-0.2227
3451017,3451017,1346004899.82492,37.7163563311721,23.3509954908121,4196606.70831526,35.853767,1,-0.4936
3451018,3451018,1346004899.82492,37.7163563364612,23.3509955040299,4196606.70889223,36.097294,1,-0.25
3451019,3451019,1346004899.82492,37.7163563264791,23.3509954790839,4196606.70802725,35.637688,1,-0.7096
3451020,3451020,1346004899.82502,37.7163627352299,23.3509946918134,4196607.42267835,36.191547,1,-0.1558
3451021,3451021,1346004899.82502,37.7163627328336,23.3509946858249,4196607.42238939,36.081215,1,-0.2661
3451022,3451022,1346004899.82522,37.7163755259308,23.3509930461792,4196608.84968698,35.97716,1,-0.3702
3451023,3451023,1346004899.82522,37.7163755223474,23.3509930372239,4196608.84939897,35.812172,1,-0.5352
3451024,3451024,1346004899.82532,37.7163819271341,23.3509922409629,4196609.56377161,36.183445,1,-0.1639
3451025,3451025,1346004899.82532,37.7163819264304,23.3509922392045,4196609.56348074,36.151047,1,-0.1963
3451026,3451026,1346004899.82552,37.7163947198494,23.3509906023005,4196610.99080122,36.062855,1,-0.2845
3451027,3451027,1346004899.82552,37.7163924593321,23.3509848887212,4196610.78946245,-69.14815,0,-105.4955
3451028,3451028,1346004899.82562,37.7163954303729,23.3509754156772,4196611.19788587,-228.56453,0,-264.9119
3451029,3451029,1346004899.82572,37.7164075156214,23.3509889776925,4196612.41813124,36.172802,1,-0.1745
3451030,3451030,1346004899.82572,37.716407516431,23.3509889797157,4196612.41842115,36.210075,1,-0.1373
3451031,3451031,1346004899.82572,37.7164075142927,23.3509889743719,4196612.41813314,36.11162,1,-0.2357
3451032,3451032,1346004899.82582,37.7164139156144,23.3509881662025,4196613.13223779,36.23807,1,-0.1093
3451033,3451033,1346004899.82582,37.7164139114337,23.3509881557545,4196613.13166178,36.04558,1,-0.3018
3451034,3451034,1346004899.82582,37.7164139147229,23.3509881639748,4196613.13194788,36.19703,1,-0.1503
3451035,3451035,1346004899.82592,37.716420295413,23.3509873046297,4196613.84434068,35.37441,1,-0.9729
3451036,3451036,1346004899.82592,37.716420303129,23.3509873239135,4196613.84491194,35.729687,1,-0.6176
3451037,3451037,1346004899.82592,37.7164201160735,23.3509868510769,4196613.82830847,27.02274,3,-9.3246
3451038,3451038,1346004899.82602,37.7164267079942,23.350986530391,4196614.55930841,36.108986,1,-0.2383
3451039,3451039,1346004899.82602,37.7164267091174,23.350986533198,4196614.55930651,36.1607,1,-0.1866
3451040,3451040,1346004899.82602,37.7164267080847,23.3509865306172,4196614.55930841,36.11315,1,-0.2342
3451041,3451041,1346004899.82602,37.7164267086322,23.3509865319854,4196614.55930841,36.13836,1,-0.209
3451042,3451042,1346004899.82612,37.7164331045837,23.350985711587,4196615.27285326,36.020596,1,-0.3267
3451043,3451043,1346004899.82622,37.7164395058243,23.3509849098337,4196615.98697222,36.235416,1,-0.1119
3451044,3451044,1346004899.82632,37.7164458992873,23.3509840890731,4196616.70023668,36.093525,1,-0.2538
3451045,3451045,1346004899.82632,37.7164457008745,23.3509835878465,4196616.68253839,26.863596,3,-9.4837
3451046,3451046,1346004899.82632,37.7164458991472,23.3509840887229,4196616.70023668,36.087074,1,-0.2603
3451047,3451047,1346004899.82642,37.716452294384,23.3509832678295,4196617.41379679,35.940594,1,-0.4067
3451048,3451048,1346004899.82642,37.7164522967037,23.3509832736268,4196617.41379297,36.047398,1,-0.2999
3451049,3451049,1346004899.82652,37.7164586957645,23.3509824677491,4196618.12763727,36.166412,1,-0.1809
3451050,3451050,1346004899.82662,37.7164650915582,23.3509816489995,4196618.84066965,36.04604,1,-0.3013
3451051,3451051,1346004899.82662,37.7164650901746,23.3509816455415,4196618.84037869,35.98233,1,-0.365
3451052,3451052,1346004899.82662,37.716465094974,23.3509816575365,4196618.84096052,36.20332,1,-0.144
3451053,3451053,1346004899.82662,37.7164650983055,23.3509816658626,4196618.84125142,36.356716,1,0.0094
3451054,3451054,1346004899.82662,37.7164650888757,23.3509816422954,4196618.84037872,35.922527,1,-0.4248
3451055,3451055,1346004899.82672,37.7164714872108,23.3509808355399,4196619.55416261,36.011784,1,-0.3356
3451056,3451056,1346004899.82672,37.7164714895827,23.3509808414679,4196619.55416231,36.121,1,-0.2263
3451057,3451057,1346004899.82682,37.7164843495825,23.3509963614554,4196620.84385406,336.86548,0,300.5181
3451058,3451058,1346004899.82682,37.716477887492,23.3509800291254,4196620.26794802,36.10488,1,-0.2425
3451059,3451059,1346004899.82692,37.7164842796536,23.3509792079189,4196620.98115455,35.914032,1,-0.4333
3451060,3451060,1346004899.82692,37.7164842824882,23.3509792150033,4196620.98144495,36.04455,1,-0.3028
3451061,3451061,1346004899.82702,37.7164904857464,23.3509779118235,4196621.67783391,26.975998,3,-9.3713
3451062,3451062,1346004899.82702,37.7164906807428,23.3509784045227,4196621.69494378,36.04872,1,-0.2986
3451063,3451063,1346004899.82702,37.7164906831571,23.3509784105568,4196621.69523417,36.159885,1,-0.1875
3451064,3451064,1346004899.82702,37.7164906800066,23.3509784026828,4196621.69494401,36.01482,1,-0.3325
3451065,3451065,1346004899.82702,37.7164906838237,23.3509784122227,4196621.69523369,36.19058,1,-0.1568
3451066,3451066,1346004899.82712,37.7164970769654,23.350977594485,4196622.40844499,36.049488,1,-0.2978
3451067,3451067,1346004899.82712,37.7164968804556,23.350977098002,4196622.39105736,26.907068,3,-9.4403
3451068,3451068,1346004899.82722,37.7165032738251,23.3509762763508,4196623.10428535,26.69116,3,-9.6562
3451069,3451069,1346004899.82722,37.7165034768472,23.3509767891113,4196623.12252962,36.13345,1,-0.2139
3451070,3451070,1346004899.82722,37.7165034740331,23.3509767820782,4196623.1222397,36.003876,1,-0.3435
3451071,3451071,1346004899.82722,37.7165034803961,23.350976797981,4196623.12281906,36.296856,1,-0.0505
3451072,3451072,1346004899.82732,37.7165098728898,23.3509759796836,4196623.83603536,36.13103,1,-0.2163
3451073,3451073,1346004899.82732,37.7165098699489,23.3509759723336,4196623.83574592,35.99562,1,-0.3517
3451074,3451074,1346004899.82732,37.716509876137,23.3509759877993,4196623.8363248,36.28055,1,-0.0668
3451075,3451075,1346004899.82742,37.716516272837,23.3509751755539,4196624.54983388,36.223347,1,-0.124
3451076,3451076,1346004899.82742,37.7165162717311,23.3509751727898,4196624.54954349,36.172424,1,-0.1749
3451077,3451077,1346004899.82752,37.7165226606648,23.3509743466947,4196625.2624756,35.84825,1,-0.4991
3451078,3451078,1346004899.82752,37.716522664806,23.3509743570447,4196625.26276456,36.03893,1,-0.3084
3451079,3451079,1346004899.82752,37.7165226674018,23.3509743635325,4196625.26305353,36.158455,1,-0.1889
3451080,3451080,1346004899.82762,37.7165288639688,23.350973046861,4196625.95895874,26.797745,3,-9.5496
3451081,3451081,1346004899.82762,37.7165290635559,23.3509735510423,4196625.97656833,36.08192,1,-0.2654
3451082,3451082,1346004899.82762,37.7165288614215,23.3509730404946,4196625.95866977,26.680458,3,-9.6669
3451083,3451083,1346004899.82772,37.7165354589978,23.3509727423522,4196626.69008504,36.063454,1,-0.2839
3451084,3451084,1346004899.82782,37.7165418547436,23.3509719350052,4196627.40360414,36.062164,1,-0.2852
3451085,3451085,1346004899.82782,37.716541858054,23.3509719432789,4196627.40389215,36.214592,1,-0.1327
3451086,3451086,1346004899.82782,37.7165418530529,23.3509719307794,4196627.40331422,35.984314,1,-0.363
3451087,3451087,1346004899.82782,37.7165418543971,23.3509719341392,4196627.40331422,36.04621,1,-0.3011
3451088,3451088,1346004899.82792,37.7165482512352,23.3509711251106,4196628.11712801,36.010742,1,-0.3366
3451089,3451089,1346004899.82792,37.7165482555604,23.3509711359208,4196628.11741506,36.209896,1,-0.1374
3451090,3451090,1346004899.82792,37.7165482533539,23.350971130406,4196628.1171261,36.1083,1,-0.239
3451091,3451091,1346004899.82812,37.7165610446759,23.350969513288,4196629.54418146,36.027092,1,-0.3202
3451092,3451092,1346004899.82812,37.7165610467162,23.3509695183874,4196629.54417955,36.12104,1,-0.2263
3451093,3451093,1346004899.82822,37.7165674477003,23.3509687215578,4196630.2579981,36.287052,1,-0.0603
3451094,3451094,1346004899.82822,37.7165672358673,23.3509681867615,4196630.23931848,26.438938,3,-9.9084
3451095,3451095,1346004899.82822,37.7165674342872,23.3509686880342,4196630.25684797,35.66945,1,-0.6779
3451096,3451096,1346004899.82832,37.7165738391866,23.3509679066251,4196630.9712454,36.10726,1,-0.2401
3451097,3451097,1346004899.82832,37.7165738379114,23.3509679034378,4196630.97095548,36.048542,1,-0.2988
3451098,3451098,1346004899.82832,37.7165738413208,23.3509679119593,4196630.97124254,36.205532,1,-0.1418
3451099,3451099,1346004899.82832,37.7165738382032,23.3509679041671,4196630.97095548,36.061977,1,-0.2854
3451100,3451100,1346004899.82842,37.716580233375,23.3509670990849,4196631.6844927,36.055737,1,-0.2916
3451101,3451101,1346004899.82842,37.7165802311178,23.3509670934435,4196631.68420564,35.951805,1,-0.3955
3451102,3451102,1346004899.82842,37.716580228996,23.3509670881403,4196631.68391859,35.854107,1,-0.4932
3451103,3451103,1346004899.82852,37.7165866310438,23.3509662958878,4196632.39803468,36.080666,1,-0.2667
3451104,3451104,1346004899.82852,37.7165866292054,23.3509662912931,4196632.39774667,35.996017,1,-0.3513
3451105,3451105,1346004899.82862,37.7165930234112,23.3509654901053,4196633.11099874,36.041092,1,-0.3062
3451106,3451106,1346004899.82872,37.7165994217236,23.3509646898395,4196633.82483732,36.103893,1,-0.2434
3451107,3451107,1346004899.82872,37.7165994274635,23.3509647041857,4196633.82512056,36.36819,1,0.0209
3451108,3451108,1346004899.82882,37.7166058191185,23.3509638929588,4196634.53809511,36.216503,1,-0.1308
3451109,3451109,1346004899.82882,37.7166058195998,23.3509638941616,4196634.53838502,36.238663,1,-0.1087
3451110,3451110,1346004899.82882,37.716605816269,23.3509638858368,4196634.53809988,36.085297,1,-0.262
3451111,3451111,1346004899.82892,37.7166122159199,23.3509630902739,4196635.2516514,36.218395,1,-0.1289
3451112,3451112,1346004899.82902,37.7166252906859,23.3509791715238,4196636.560207,347.11752,0,310.7702
3451113,3451113,1346004899.82922,37.7166313975135,23.3509606743846,4196637.39147913,36.021244,1,-0.3261
3451114,3451114,1346004899.82932,37.7166377957957,23.3509598782153,4196638.10504686,36.109882,1,-0.2375
3451115,3451115,1346004899.82932,37.7166377982403,23.3509598843253,4196638.10504114,36.222443,1,-0.1249
3451116,3451116,1346004899.82942,37.7166441885644,23.3509590738139,4196638.81749833,36.03411,1,-0.3132
3451117,3451117,1346004899.82942,37.716644191497,23.3509590811438,4196638.81778926,36.169147,1,-0.1782
3451118,3451118,1346004899.82942,37.7166441922354,23.3509590829893,4196638.81778926,36.203148,1,-0.1442
3451119,3451119,1346004899.82942,37.7166441858931,23.3509590671375,4196638.81720742,35.911114,1,-0.4362
3451120,3451120,1346004899.82962,37.7166569758451,23.3509574669226,4196640.2436543,35.896503,1,-0.4508
3451121,3451121,1346004899.82962,37.7166569736357,23.3509574614001,4196640.24365466,35.794765,1,-0.5526
3451122,3451122,1346004899.82962,37.7166569829286,23.3509574846271,4196640.24423509,36.222668,1,-0.1247
3451123,3451123,1346004899.82962,37.716656980374,23.3509574782421,4196640.24423568,36.105038,1,-0.2423
3451124,3451124,1346004899.82972,37.7166633778969,23.3509566831162,4196640.95775144,36.178856,1,-0.1685
3451125,3451125,1346004899.82982,37.7166697709514,23.3509558825772,4196641.67068737,36.139946,1,-0.2074
3451126,3451126,1346004899.82982,37.7166697732857,23.3509558884117,4196641.67097776,36.247433,1,-0.0999
3451127,3451127,1346004899.82982,37.7166697727277,23.3509558870169,4196641.670978,36.221737,1,-0.1256
3451128,3451128,1346004899.82992,37.7166761659484,23.3509550876547,4196642.38391512,36.195847,1,-0.1515
3451129,3451129,1346004899.82992,37.7166761676789,23.3509550919801,4196642.38420575,36.27553,1,-0.0718
3451130,3451130,1346004899.82992,37.7166761672793,23.3509550909812,4196642.38420575,36.25713,1,-0.0902
3451131,3451131,1346004899.82992,37.7166761649427,23.350955085141,4196642.38391535,36.149536,1,-0.1978
3451132,3451132,1346004899.82992,37.7166761656234,23.3509550868424,4196642.38391535,36.18088,1,-0.1665
3451133,3451133,1346004899.83002,37.7166825552046,23.3509542741511,4196643.09685676,35.905113,1,-0.4422
3451134,3451134,1346004899.83002,37.7166823457531,23.350953745283,4196643.07803123,26.166428,3,-10.1809
3451135,3451135,1346004899.83012,37.7166889561675,23.3509534906839,4196643.81037681,36.158985,1,-0.1884
3451136,3451136,1346004899.83012,37.7166887423002,23.3509529507776,4196643.79156749,26.216957,3,-10.1304
3451137,3451137,1346004899.83012,37.7166889592545,23.3509534983999,4196643.81066625,36.301132,1,-0.0462
3451138,3451138,1346004899.83012,37.7166889581767,23.3509534957059,4196643.81066673,36.251503,1,-0.0958
3451139,3451139,1346004899.83022,37.7166953466112,23.3509526867082,4196644.52332084,36.02188,1,-0.3255
3451140,3451140,1346004899.83022,37.7166953493739,23.3509526936135,4196644.52361076,36.149094,1,-0.1982
3451141,3451141,1346004899.83022,37.7166953454358,23.3509526837702,4196644.52332227,35.96776,1,-0.3796
3451142,3451142,1346004899.83022,37.7166953507393,23.3509526970261,4196644.52361028,36.211964,1,-0.1354
3451143,3451143,1346004899.83032,37.7167017444215,23.3509518969343,4196645.23684662,36.141968,1,-0.2054
3451144,3451144,1346004899.83042,37.71670814046,23.3509511085288,4196645.95008199,36.274033,1,-0.0733
3451145,3451145,1346004899.83042,37.7167081393044,23.3509511056404,4196645.95008247,36.22082,1,-0.1265
3451146,3451146,1346004899.83062,37.7167209250473,23.3509495104138,4196647.37598388,36.12336,1,-0.224
3451147,3451147,1346004899.83062,37.7167209205292,23.350949499121,4196647.37569587,35.915318,1,-0.432
3451148,3451148,1346004899.83072,37.7167273162136,23.3509487122596,4196648.0889384,36.04906,1,-0.2983
3451149,3451149,1346004899.83082,37.7167337115249,23.3509479202891,4196648.8021838,36.08405,1,-0.2633
3451150,3451150,1346004899.83092,37.7167401063144,23.3509471328423,4196649.5154311,36.188995,1,-0.1583
3451151,3451151,1346004899.83102,37.716746499739,23.3509463378203,4196650.22839229,36.14969,1,-0.1976
3451152,3451152,1346004899.83102,37.7167464991793,23.3509463364213,4196650.22839229,36.123917,1,-0.2234
3451153,3451153,1346004899.83112,37.7167528936333,23.3509455498117,4196650.94135254,36.22615,1,-0.1212
3451154,3451154,1346004899.83122,37.7167592882402,23.3509447594327,4196651.65460746,36.25418,1,-0.0932
3451155,3451155,1346004899.83122,37.7167592878831,23.3509447585402,4196651.65460937,36.237736,1,-0.1096
3451156,3451156,1346004899.83122,37.7167592574363,23.3509446824382,4196651.6517369,34.835762,1,-1.5116
3451157,3451157,1346004899.83172,37.7167912473386,23.3509408005985,4196655.21890228,36.115875,1,-0.2315
3451158,3451158,1346004899.83172,37.7167912456621,23.3509407964079,4196655.21861427,36.038677,1,-0.3087
3451159,3451159,1346004899.83182,37.7167976333962,23.3509399940486,4196655.93131607,35.79079,1,-0.5565
3451160,3451160,1346004899.83182,37.7167976389841,23.3509400080157,4196655.93188827,36.048096,1,-0.2992
3451161,3451161,1346004899.83192,37.7168040302162,23.3509392202806,4196656.64458625,36.056015,1,-0.2913
3451162,3451162,1346004899.83202,37.7168102009522,23.3509378819364,4196657.33759277,25.91127,3,-10.4361
3451163,3451163,1346004899.83202,37.7168104216661,23.3509384389749,4196657.35728042,36.16876,1,-0.1786
3451164,3451164,1346004899.83202,37.7168104232851,23.3509384430218,4196657.35727661,36.24331,1,-0.104
3451165,3451165,1346004899.83212,37.7168165844496,23.350937071654,4196658.04974525,25.489536,0,-10.8578
3451166,3451166,1346004899.83212,37.7168165893936,23.3509370840117,4196658.05002945,25.717194,0,-10.6301
3451167,3451167,1346004899.83212,37.7168168175741,23.3509376597143,4196658.07055633,36.31851,1,-0.0288
3451168,3451168,1346004899.83212,37.7168168056599,23.3509376299342,4196658.06941574,35.76989,1,-0.5774
3451169,3451169,1346004899.83212,37.7168168148389,23.3509376528776,4196658.07027214,36.19256,1,-0.1548
3451170,3451170,1346004899.83212,37.7168168154427,23.3509376543868,4196658.07027023,36.220364,1,-0.127
3451171,3451171,1346004899.83222,37.7168231982112,23.3509368480043,4196658.78151712,35.856922,1,-0.4904
3451172,3451172,1346004899.83222,37.7168229941731,23.3509363326459,4196658.76347742,26.367289,3,-9.98
3451173,3451173,1346004899.83222,37.7168232038714,23.3509368621524,4196658.78209904,36.11756,1,-0.2298
3451174,3451174,1346004899.83232,37.7168355553804,23.3509503980904,4196660.03234989,306.24582,0,269.8985
3451175,3451175,1346004899.83232,37.7168295382384,23.3509351914604,4196659.4959423,26.234974,3,-10.1124
3451176,3451176,1346004899.83232,37.7168297501806,23.3509357265924,4196659.51484037,36.088737,1,-0.2586
3451177,3451177,1346004899.83232,37.7168297489269,23.3509357234585,4196659.51484048,36.031002,1,-0.3163
3451178,3451178,1346004899.83232,37.7168297523153,23.3509357319283,4196659.51513124,36.187035,1,-0.1603
3451179,3451179,1346004899.83242,37.7168361331131,23.3509349693591,4196660.22662717,36.204002,1,-0.1433
3451180,3451180,1346004899.83252,37.716842511766,23.3509341973869,4196660.93783265,36.042316,1,-0.305
3451181,3451181,1346004899.83252,37.716842514525,23.3509342042834,4196660.93812305,36.16936,1,-0.178
3451182,3451182,1346004899.83252,37.7168425155971,23.3509342069632,4196660.93812281,36.21873,1,-0.1286
3451183,3451183,1346004899.83262,37.7168488935022,23.3509334390367,4196661.64932782,36.117836,1,-0.2295
3451184,3451184,1346004899.83272,37.716855273694,23.3509326727736,4196662.36053282,36.04229,1,-0.305
3451185,3451185,1346004899.83272,37.7168552755371,23.3509326773808,4196662.36082298,36.127163,1,-0.2202
3451186,3451186,1346004899.83282,37.7168616011913,23.3509317806965,4196663.06710249,33.635418,0,-2.7119
3451187,3451187,1346004899.83292,37.7168680365834,23.3509311542522,4196663.78352267,36.11688,1,-0.2305
3451188,3451188,1346004899.83292,37.7168680354471,23.3509311514118,4196663.78352362,36.064556,1,-0.2828
3451189,3451189,1346004899.83302,37.71687441604,23.3509303938793,4196664.49472672,36.11769,1,-0.2296
3451190,3451190,1346004899.83302,37.7168744151997,23.350930391779,4196664.4947272,36.079,1,-0.2683
3451191,3451191,1346004899.83302,37.7168744192137,23.3509304018124,4196664.49501568,36.263832,1,-0.0835
3451192,3451192,1346004899.83312,37.7168807980191,23.350929635736,4196665.20622164,36.154575,1,-0.1928
3451193,3451193,1346004899.83312,37.7168807952573,23.3509296288326,4196665.2059322,36.0274,1,-0.3199
3451194,3451194,1346004899.83312,37.7168807981035,23.3509296359471,4196665.20622164,36.158463,1,-0.1889
3451195,3451195,1346004899.83332,37.7168935554077,23.3509281106923,4196666.62863308,36.03565,1,-0.3117
3451196,3451196,1346004899.83342,37.7168999365846,23.350927358195,4196667.33983666,36.145336,1,-0.202
3451197,3451197,1346004899.83342,37.716899937314,23.3509273600182,4196667.3398357,36.17892,1,-0.1684
3451198,3451198,1346004899.83342,37.7168999358119,23.3509273562635,4196667.33983761,36.109753,1,-0.2376
3451199,3451199,1346004899.83352,37.7169063154925,23.3509266009031,4196668.05104214,36.157845,1,-0.1895
3451200,3451200,1346004899.83352,37.7169063167048,23.3509266039332,4196668.05104119,36.213665,1,-0.1337
3451201,3451201,1346004899.83362,37.7169126940134,23.3509258385365,4196668.76225144,36.072258,1,-0.2751
3451202,3451202,1346004899.83372,37.7169190761079,23.3509250859668,4196669.47374684,36.15846,1,-0.1889
3451203,3451203,1346004899.83372,37.7169188371584,23.3509244833331,4196669.45245797,25.061111,0,-11.2862
3451204,3451204,1346004899.83372,37.7169188513566,23.350924518823,4196669.45360714,25.714907,3,-10.6324
3451205,3451205,1346004899.83372,37.7169188541883,23.3509245259013,4196669.45389611,25.845304,3,-10.502
3451206,3451206,1346004899.83372,37.7169190773307,23.3509250890233,4196669.47374588,36.214767,1,-0.1326
3451207,3451207,1346004899.83372,37.7169190792418,23.3509250938003,4196669.47403485,36.30277,1,-0.0446
3451208,3451208,1346004899.83382,37.7169252463124,23.3509238042368,4196670.16626889,26.488073,3,-9.8593
3451209,3451209,1346004899.83382,37.7169254494104,23.3509243172554,4196670.18437821,35.934536,1,-0.4128
3451210,3451210,1346004899.83392,37.7169318336616,23.350923571784,4196670.89587265,36.13437,1,-0.213
3451211,3451211,1346004899.83392,37.7169318351072,23.3509235753976,4196670.8958717,36.200935,1,-0.1464
3451212,3451212,1346004899.83392,37.7169318359556,23.3509235775182,4196670.89616162,36.24,1,-0.1073
3451213,3451213,1346004899.83402,37.7169382126988,23.3509228191001,4196671.60708195,36.188744,1,-0.1586
3451214,3451214,1346004899.83402,37.7169382117431,23.3509228167112,4196671.60679203,36.144733,1,-0.2026
3451215,3451215,1346004899.83402,37.7169382138989,23.3509228220999,4196671.60708004,36.244003,1,-0.1033
3451216,3451216,1346004899.83412,37.7169445903438,23.3509220637718,4196672.31800038,36.18605,1,-0.1613
3451217,3451217,1346004899.83412,37.71694458755,23.3509220567885,4196672.31771332,36.057404,1,-0.2899
3451218,3451218,1346004899.83422,37.7169509686933,23.3509213060566,4196673.02921444,36.135265,1,-0.2121
3451219,3451219,1346004899.83432,37.7169573446545,23.3509205481693,4196673.73984867,36.068985,1,-0.2784
3451220,3451220,1346004899.83432,37.7169573477858,23.3509205559961,4196673.74013478,36.213173,1,-0.1342
3451221,3451221,1346004899.83432,37.7169573487505,23.3509205584076,4196673.74013287,36.257595,1,-0.0897
3451222,3451222,1346004899.83432,37.7169573448577,23.3509205486773,4196673.73984677,36.078342,1,-0.269
3451223,3451223,1346004899.83442,37.7169637247412,23.3509197964319,4196674.45106083,36.11204,1,-0.2353
3451224,3451224,1346004899.83442,37.7169637244526,23.3509197957106,4196674.45106083,36.098755,1,-0.2486
3451225,3451225,1346004899.83442,37.7169637292872,23.3509198077951,4196674.45163494,36.321377,1,-0.026
3451226,3451226,1346004899.83452,37.7169701024388,23.3509190395299,4196675.16198689,36.05195,1,-0.2954
3451227,3451227,1346004899.83452,37.7169701065525,23.3509190498123,4196675.16256291,36.24137,1,-0.106
3451228,3451228,1346004899.83452,37.7169701045988,23.350919044929,4196675.1622749,36.15141,1,-0.1959
3451229,3451229,1346004899.83452,37.7169700923524,23.3509190143182,4196675.16112858,35.587494,1,-0.7598
3451230,3451230,1346004899.83452,37.7169701054178,23.3509190469761,4196675.16227299,36.18912,1,-0.1582
3451231,3451231,1346004899.83452,37.7169701019707,23.3509190383599,4196675.16198689,36.03039,1,-0.3169
3451232,3451232,1346004899.83462,37.7169764860034,23.3509183030671,4196675.87348324,36.35633,1,0.009
3451233,3451233,1346004899.83462,37.7169764809259,23.3509182903757,4196675.87320286,36.122528,1,-0.2248
3451234,3451234,1346004899.83472,37.7169828611301,23.3509175463047,4196676.58441502,36.278923,1,-0.0684
3451235,3451235,1346004899.83472,37.7169828620279,23.3509175485487,4196676.58441311,36.320263,1,-0.0271
3451236,3451236,1346004899.83482,37.7169892336219,23.3509167787648,4196677.29477269,35.999363,1,-0.348
3451237,3451237,1346004899.83482,37.7169892295337,23.3509167685461,4196677.29448849,35.81111,1,-0.5362
3451238,3451238,1346004899.83482,37.716989020034,23.3509162395323,4196677.27594334,26.069912,3,-10.2774
3451239,3451239,1346004899.83482,37.7169890254368,23.350916253037,4196677.27622563,26.318699,3,-10.0286
3451240,3451240,1346004899.83482,37.7169892366451,23.3509167863213,4196677.29505879,36.13857,1,-0.2088
3451241,3451241,1346004899.83492,37.7169956107691,23.3509160286122,4196678.00570256,36.028328,1,-0.319
3451242,3451242,1346004899.83492,37.7169956063708,23.3509160176184,4196678.00542027,35.825798,1,-0.5215
3451243,3451243,1346004899.83502,37.7170019922858,23.350915284991,4196678.71643219,36.174397,1,-0.1729
3451244,3451244,1346004899.83502,37.7170019893108,23.3509152775548,4196678.7161412,36.037403,1,-0.3099
3451245,3451245,1346004899.83502,37.7170019940532,23.3509152894086,4196678.71672319,36.25578,1,-0.0916
3451246,3451246,1346004899.83502,37.7170015482823,23.3509141644668,4196678.67685577,15.540677,0,-20.8067
3451247,3451247,1346004899.83512,37.7170083706662,23.3509145394492,4196679.42733403,36.273277,1,-0.0741
3451248,3451248,1346004899.83512,37.7170083635801,23.3509145217371,4196679.42675247,35.94698,1,-0.4004
3451249,3451249,1346004899.83512,37.7170083644821,23.3509145239917,4196679.42675247,35.988514,1,-0.3588
3451250,3451250,1346004899.83512,37.7170083677692,23.3509145322078,4196679.42704316,36.139874,1,-0.2075
3451251,3451251,1346004899.83512,37.7170083650856,23.3509145255,4196679.4270434,36.0163,1,-0.331
3451252,3451252,1346004899.83512,37.7170083651398,23.3509145256355,4196679.4270434,36.018795,1,-0.3285
3451253,3451253,1346004899.83522,37.7170147484648,23.3509137882312,4196680.13852575,36.26433,1,-0.083
3451254,3451254,1346004899.83522,37.7170147489697,23.3509137894934,4196680.13852551,36.287582,1,-0.0598
3451255,3451255,1346004899.83532,37.7170211235826,23.3509130360311,4196680.84913471,36.225887,1,-0.1214
3451256,3451256,1346004899.83532,37.7170211205031,23.3509130283336,4196680.84884431,36.084084,1,-0.2633
3451257,3451257,1346004899.83532,37.7170211220932,23.3509130323082,4196680.84884384,36.157303,1,-0.19
3451258,3451258,1346004899.83532,37.7170211181984,23.350913022573,4196680.84855368,35.97796,1,-0.3694
3451259,3451259,1346004899.83532,37.7170211234201,23.3509130356249,4196680.84913471,36.218403,1,-0.1289
3451260,3451260,1346004899.83542,37.7170274925598,23.3509122741915,4196681.55916193,35.99855,1,-0.3488
3451261,3451261,1346004899.83542,37.7170274949661,23.3509122802062,4196681.55945208,36.109356,1,-0.238
3451262,3451262,1346004899.83552,37.7170338706645,23.3509115259477,4196682.27006009,36.022816,1,-0.3245
3451263,3451263,1346004899.83552,37.7170338728009,23.3509115312879,4196682.27035024,36.121193,1,-0.2261
3451264,3451264,1346004899.83562,37.7170402493932,23.3509107849569,4196682.98124769,36.169575,1,-0.1778
3451265,3451265,1346004899.83562,37.7170402466352,23.3509107780631,4196682.98095729,36.042576,1,-0.3048
3451266,3451266,1346004899.83562,37.7170402449353,23.3509107738141,4196682.98066738,35.9643,1,-0.383
3451267,3451267,1346004899.83562,37.7170402484028,23.3509107824813,4196682.98095682,36.12397,1,-0.2234
3451268,3451268,1346004899.83572,37.7170466299624,23.3509100443048,4196683.69243362,36.31977,1,-0.0276
3451269,3451269,1346004899.83572,37.7170466193905,23.3509100178799,4196683.69127443,35.832962,1,-0.5144
3451270,3451270,1346004899.83582,37.7170530013133,23.3509092862877,4196684.4027498,36.139137,1,-0.2082
3451271,3451271,1346004899.83602,37.7170657512392,23.3509077854137,4196685.82396057,36.04118,1,-0.3062
3451272,3451272,1346004899.83602,37.7170657525988,23.3509077888121,4196685.82395961,36.103786,1,-0.2435
3451273,3451273,1346004899.83602,37.7170657539505,23.3509077921909,4196685.82424905,36.16603,1,-0.1813
3451274,3451274,1346004899.83612,37.7170721274644,23.3509070366673,4196686.53456571,36.01555,1,-0.3318
3451275,3451275,1346004899.83612,37.7170719203581,23.3509065136466,4196686.51609638,26.38464,3,-9.9627
3451276,3451276,1346004899.83612,37.7170721298671,23.3509070426728,4196686.53485515,36.126186,1,-0.2211
3451277,3451277,1346004899.83612,37.7170721285155,23.3509070392943,4196686.53485611,36.063946,1,-0.2834
3451278,3451278,1346004899.83612,37.7170721305491,23.3509070443775,4196686.53485467,36.15759,1,-0.1897
3451279,3451279,1346004899.83622,37.7170785071691,23.350906302259,4196687.24574783,36.243523,1,-0.1038
3451280,3451280,1346004899.83622,37.7170785083557,23.3509063052249,4196687.24574688,36.298164,1,-0.0492
3451281,3451281,1346004899.83622,37.717078507064,23.3509063019964,4196687.24574783,36.238686,1,-0.1086
3451282,3451282,1346004899.83622,37.7170785060419,23.3509062994417,4196687.24574878,36.19162,1,-0.1557
3451283,3451283,1346004899.83632,37.7170848812951,23.350905549596,4196687.95635345,36.132957,1,-0.2144
3451284,3451284,1346004899.83632,37.7170847132707,23.350905124263,4196687.94137027,28.301676,0,-8.0457
3451285,3451285,1346004899.83642,37.7170912544143,23.3509048000401,4196688.66666915,36.069294,1,-0.278
3451286,3451286,1346004899.83652,37.7170976326982,23.3509040590657,4196689.37756183,36.161674,1,-0.1857
3451287,3451287,1346004899.83652,37.7170976382087,23.3509040728391,4196689.37813785,36.415413,1,0.0681
3451288,3451288,1346004899.83662,37.7171040080109,23.3509033162706,4196690.08816555,36.21037,1,-0.137
3451289,3451289,1346004899.83662,37.7171040069876,23.3509033137127,4196690.0881665,36.163246,1,-0.1841
3451290,3451290,1346004899.83662,37.7171040053592,23.3509033096426,4196690.08816745,36.088264,1,-0.2591
3451291,3451291,1346004899.83672,37.7171103807842,23.3509025627831,4196690.79877403,36.060223,1,-0.2871
3451292,3451292,1346004899.83692,37.7171231294573,23.3509010704362,4196692.2196944,36.00787,1,-0.3395
3451293,3451293,1346004899.83692,37.7171231328366,23.3509010788827,4196692.21998146,36.16347,1,-0.1839
3451294,3451294,1346004899.83692,37.7171231336733,23.3509010809739,4196692.22027137,36.202,1,-0.1453
3451295,3451295,1346004899.83702,37.7171295058967,23.350900332907,4196692.93058803,36.130363,1,-0.217
3451296,3451296,1346004899.83702,37.7171295054766,23.3509003318571,4196692.93058994,36.111023,1,-0.2363
3451297,3451297,1346004899.83702,37.7171295022753,23.3509003238554,4196692.93030288,35.96361,1,-0.3837
3451298,3451298,1346004899.83712,37.717135879896,23.3508995848991,4196693.6409066,36.058353,1,-0.289
3451299,3451299,1346004899.83712,37.7171358812993,23.3508995884066,4196693.64119651,36.122967,1,-0.2244
3451300,3451300,1346004899.83712,37.7171358795592,23.3508995840571,4196693.6409085,36.04284,1,-0.3045
3451301,3451301,1346004899.83722,37.7171422540895,23.3508988429274,4196694.35151413,36.088,1,-0.2593
3451302,3451302,1346004899.83722,37.7171422526863,23.3508988394202,4196694.35151603,36.023388,1,-0.3239
3451303,3451303,1346004899.83732,37.7171486314418,23.3508981044536,4196695.06240966,36.180817,1,-0.1665
3451304,3451304,1346004899.83732,37.7171486328341,23.3508981079336,4196695.06240966,36.244926,1,-0.1024
3451305,3451305,1346004899.83742,37.7171550044111,23.350897360557,4196695.77273109,36.164394,1,-0.1829
3451306,3451306,1346004899.83752,37.7171613743875,23.3508966097336,4196696.48276641,36.01521,1,-0.3321
3451307,3451307,1346004899.83752,37.7171613780664,23.3508966189287,4196696.48305061,36.18461,1,-0.1627
3451308,3451308,1346004899.83762,37.717167751461,23.3508958722244,4196697.19366577,36.110332,1,-0.237
3451309,3451309,1346004899.83762,37.7171677522589,23.3508958742188,4196697.19366577,36.14707,1,-0.2003
3451310,3451310,1346004899.83762,37.7171677544238,23.3508958796298,4196697.19395187,36.246758,1,-0.1006
3451311,3451311,1346004899.83782,37.7171804986123,23.3508943862864,4196698.61431434,36.080574,1,-0.2668
3451312,3451312,1346004899.83782,37.7171804957483,23.3508943791281,4196698.61432006,35.948696,1,-0.3986
3451313,3451313,1346004899.83782,37.7171805002399,23.3508943903546,4196698.61460044,36.15552,1,-0.1918
3451314,3451314,1346004899.83782,37.7171804962211,23.3508943803098,4196698.61431816,35.970467,1,-0.3769
3451315,3451315,1346004899.83792,37.7171868741655,23.3508936463689,4196699.32440406,36.117004,1,-0.2303
3451316,3451316,1346004899.83792,37.7171868740428,23.3508936460623,4196699.32440406,36.11136,1,-0.236
3451317,3451317,1346004899.83792,37.7171868753616,23.3508936493586,4196699.32469499,36.172085,1,-0.1753
3451318,3451318,1346004899.83812,37.717199621298,23.3508921684252,4196700.74528998,36.20226,1,-0.1451
3451319,3451319,1346004899.83822,37.7172059964942,23.3508914292965,4196701.45587641,36.23935,1,-0.108
3451320,3451320,1346004899.83822,37.7172059945377,23.3508914244065,4196701.45558602,36.14926,1,-0.1981
3451321,3451321,1346004899.83822,37.7172059944444,23.3508914241732,4196701.45558602,36.144962,1,-0.2024
3451322,3451322,1346004899.83832,37.7172123640184,23.3508906764397,4196702.16559035,36.015114,1,-0.3322
3451323,3451323,1346004899.83832,37.7172123674936,23.3508906851256,4196702.16588003,36.175137,1,-0.1722
3451324,3451324,1346004899.83842,37.7172187421258,23.3508899455366,4196702.87646419,36.19516,1,-0.1522
3451325,3451325,1346004899.83852,37.7172251156994,23.3508892087295,4196703.58675605,36.258232,1,-0.0891
3451326,3451326,1346004899.83862,37.7172314875744,23.3508884631602,4196704.29704791,36.159904,1,-0.1874
3451327,3451327,1346004899.83862,37.7172314881219,23.3508884645286,4196704.29704744,36.185116,1,-0.1622
3451328,3451328,1346004899.83872,37.7172378564277,23.3508877204148,4196705.00704795,36.101547,1,-0.2458
3451329,3451329,1346004899.83872,37.7172378561371,23.3508877196885,4196705.00704795,36.08817,1,-0.2592
3451330,3451330,1346004899.83882,37.7172440085045,23.3508864210058,4196705.69769698,25.796465,3,-10.5509
3451331,3451331,1346004899.83882,37.7172442292156,23.3508869780002,4196705.71733838,36.053577,1,-0.2938
3451332,3451332,1346004899.83882,37.7172442301553,23.3508869803489,4196705.71733743,36.096848,1,-0.2505
3451333,3451333,1346004899.83882,37.7172441934562,23.3508868886241,4196705.71416122,34.407,0,-1.9403
3451334,3451334,1346004899.83892,37.7172506049859,23.3508862484292,4196706.4279154,36.23444,1,-0.1129
3451335,3451335,1346004899.83902,37.7172569771083,23.350885510153,4196707.13820344,36.2513,1,-0.096
3451336,3451336,1346004899.83902,37.7172567521705,23.350884942597,4196707.1180132,25.799582,3,-10.5478
3451337,3451337,1346004899.83902,37.7172569751975,23.350885505377,4196707.13791353,36.163315,1,-0.184
3451338,3451338,1346004899.83902,37.7172569771219,23.3508855101868,4196707.13820344,36.251923,1,-0.0954
3451339,3451339,1346004899.83912,37.7172633512566,23.350884772376,4196707.84849054,36.277897,1,-0.0694
3451340,3451340,1346004899.83912,37.7172633446313,23.3508847558171,4196707.84791452,35.97283,1,-0.3745
3451341,3451341,1346004899.83922,37.7172697160767,23.3508840166447,4196708.55820257,35.966244,1,-0.3811
3451342,3451342,1346004899.83922,37.7172697205251,23.3508840277629,4196708.55848962,36.171074,1,-0.1763
3451343,3451343,1346004899.83922,37.7172697218596,23.3508840310982,4196708.55877954,36.23252,1,-0.1148
3451344,3451344,1346004899.83932,37.7172760902299,23.350883279657,4196709.26878053,36.000645,1,-0.3467
3451345,3451345,1346004899.83932,37.7172760915557,23.3508832829707,4196709.26877958,36.06169,1,-0.2856
3451346,3451346,1346004899.83942,37.7172824662876,23.3508825478035,4196709.97935659,36.126423,1,-0.2209
3451347,3451347,1346004899.83952,37.7172888385516,23.3508818117985,4196710.68935186,36.168552,1,-0.1788
3451348,3451348,1346004899.83952,37.717288625074,23.3508812728927,4196710.670389,26.244587,3,-10.1027
3451349,3451349,1346004899.83962,37.7172952074999,23.3508810678611,4196711.3993519,36.06154,1,-0.2858
3451350,3451350,1346004899.83972,37.7173015842374,23.35088033877,4196712.11021692,36.22919,1,-0.1181
3451351,3451351,1346004899.83972,37.7173015814177,23.3508803317227,4196712.10992986,36.099358,1,-0.248
3451352,3451352,1346004899.83982,37.7173077419638,23.3508790622482,4196712.80129415,26.308931,3,-10.0384
3451353,3451353,1346004899.83982,37.7173079530489,23.3508795951703,4196712.81992704,36.122696,1,-0.2246
3451354,3451354,1346004899.83992,37.7173143279271,23.3508788620925,4196713.53050405,36.211407,1,-0.1359
3451355,3451355,1346004899.84002,37.7173207023461,23.3508781331486,4196714.24078828,36.369633,1,0.0223
3451356,3451356,1346004899.84012,37.7173270696121,23.350877381667,4196714.950795,36.114197,1,-0.2331
3451357,3451357,1346004899.84012,37.7173268505092,23.3508768287099,4196714.93105394,25.931278,3,-10.4161
3451358,3451358,1346004899.84012,37.7173268596025,23.3508768514367,4196714.93191415,26.349981,3,-9.9974
3451359,3451359,1346004899.84032,37.7173398160566,23.3508759143207,4196716.371373,36.2484,1,-0.0989
3451360,3451360,1346004899.84032,37.7173398136837,23.3508759083902,4196716.3710869,36.13914,1,-0.2082
3451361,3451361,1346004899.84042,37.7173461861159,23.3508751756448,4196717.08137781,36.21799,1,-0.1293
3451362,3451362,1346004899.84052,37.7173525553609,23.350874430235,4196717.79138643,36.065487,1,-0.2818
3451363,3451363,1346004899.84062,37.7173589268669,23.3508736956982,4196718.50138933,36.107277,1,-0.2401
3451364,3451364,1346004899.84072,37.7173650656389,23.3508723692389,4196719.19035362,25.250603,3,-11.0967
3451365,3451365,1346004899.84072,37.7173650741151,23.3508723904232,4196719.19093527,25.640892,3,-10.7064
3451366,3451366,1346004899.84082,37.7173716702909,23.3508722232322,4196719.92127769,36.127136,1,-0.2202
3451367,3451367,1346004899.84092,37.717377834599,23.3508709612501,4196720.61296277,26.454643,3,-9.8927
3451368,3451368,1346004899.84102,37.7173844141457,23.3508707529411,4196721.34152811,36.180145,1,-0.1672
3451369,3451369,1346004899.84112,37.7173907835317,23.3508700142432,4196722.05150573,36.136932,1,-0.2104
3451370,3451370,1346004899.84112,37.7173905699888,23.3508694751964,4196722.03236716,26.210144,3,-10.1372
3451371,3451371,1346004899.84122,37.7173996447253,23.3508755679629,4196722.98337619,151.97073,0,115.6234
3451372,3451372,1346004899.84122,37.7173971560216,23.3508692785358,4196722.76177304,36.151497,1,-0.1958
3451373,3451373,1346004899.84132,37.7174035251219,23.3508685395103,4196723.47174852,36.09963,1,-0.2477
3451374,3451374,1346004899.84132,37.7174035231058,23.3508685344717,4196723.47145813,36.006798,1,-0.3405
3451375,3451375,1346004899.84132,37.7174035285174,23.3508685479965,4196723.47203796,36.255974,1,-0.0914
3451376,3451376,1346004899.84132,37.7174033098634,23.3508679961789,4196723.4523484,26.09387,3,-10.2535
3451377,3451377,1346004899.84152,37.7174162711181,23.3508670715389,4196724.89227646,36.1863,1,-0.161
3451378,3451378,1346004899.84162,37.7174226396069,23.3508663314917,4196725.60195797,36.11243,1,-0.2349
3451379,3451379,1346004899.84162,37.7174226344738,23.3508663186631,4196725.60167043,35.87608,1,-0.4713
3451380,3451380,1346004899.84162,37.7174226407404,23.3508663343245,4196725.60224836,36.16462,1,-0.1827
3451381,3451381,1346004899.84172,37.7174290109248,23.3508655986643,4196726.31221931,36.170723,1,-0.1766
3451382,3451382,1346004899.84192,37.7174502677876,23.3508856425688,4196728.4910137,432.4093,0,396.062
3451383,3451383,1346004899.84192,37.7174417553179,23.3508641328455,4196727.73244875,36.286163,1,-0.0612
3451384,3451384,1346004899.84202,37.7174481181983,23.3508633743564,4196728.44184416,35.873745,1,-0.4736
3451385,3451385,1346004899.84202,37.7174481213285,23.3508633821794,4196728.44213312,36.01787,1,-0.3295
3451386,3451386,1346004899.84212,37.7174544942652,23.3508626588616,4196729.15238874,36.24491,1,-0.1024
3451387,3451387,1346004899.84222,37.7174608640472,23.350861917832,4196729.86235922,36.153355,1,-0.194
3451388,3451388,1346004899.84232,37.7174672336783,23.3508611814808,4196730.57232969,36.143696,1,-0.2036
3451389,3451389,1346004899.84232,37.7174672326825,23.3508611789922,4196730.57233064,36.097843,1,-0.2495
3451390,3451390,1346004899.84232,37.7174672353203,23.3508611855845,4196730.57232683,36.2193,1,-0.128
3451391,3451391,1346004899.84242,37.7174736064418,23.3508604480752,4196731.28258817,36.19219,1,-0.1551
3451392,3451392,1346004899.84252,37.7174797570947,23.3508591592671,4196731.97304456,26.008251,3,-10.3391
3451393,3451393,1346004899.84262,37.717486344918,23.3508589688125,4196732.70253103,36.055653,1,-0.2917
3451394,3451394,1346004899.84262,37.7174863470654,23.3508589741793,4196732.70252817,36.154533,1,-0.1928
3451395,3451395,1346004899.84262,37.7174863500108,23.3508589815401,4196732.70281522,36.290146,1,-0.0572
3451396,3451396,1346004899.84272,37.7174925014051,23.3508576947032,4196733.39330213,26.142677,3,-10.2047
3451397,3451397,1346004899.84282,37.7174990874313,23.35085749985,4196734.12275903,36.109447,1,-0.2379
3451398,3451398,1346004899.84282,37.7174990834922,23.3508574900057,4196734.12218397,35.928074,1,-0.4193
3451399,3451399,1346004899.84282,37.7174990872374,23.3508574993654,4196734.12276094,36.100517,1,-0.2468
3451400,3451400,1346004899.84282,37.7174990890223,23.3508575038261,4196734.12275808,36.1827,1,-0.1646
3451401,3451401,1346004899.84292,37.7175054535671,23.350856755108,4196734.8321554,35.94573,1,-0.4016
3451402,3451402,1346004899.84292,37.7175054567929,23.3508567631695,4196734.8324415,36.094254,1,-0.2531
3451403,3451403,1346004899.84302,37.7175118243369,23.3508560170071,4196735.54242151,35.908836,1,-0.4385
3451404,3451404,1346004899.84302,37.7175118300154,23.350856031198,4196735.54299181,36.17029,1,-0.177
3451405,3451405,1346004899.84312,37.7175181998245,23.3508552956745,4196736.25267427,36.17738,1,-0.17
3451406,3451406,1346004899.84312,37.717518199606,23.3508552951283,4196736.25267427,36.167316,1,-0.18
3451407,3451407,1346004899.84312,37.7175181822525,23.3508552517605,4196736.25124948,35.368298,0,-0.979
3451408,3451408,1346004899.84322,37.7175245709256,23.3508545633848,4196736.96293657,36.244667,1,-0.1027
3451409,3451409,1346004899.84322,37.7175245701697,23.3508545614957,4196736.96293848,36.20986,1,-0.1375
3451410,3451410,1346004899.84332,37.7175309394304,23.3508538196381,4196737.67262857,36.10563,1,-0.2417
3451411,3451411,1346004899.84332,37.7175309392483,23.350853819183,4196737.67262857,36.097244,1,-0.2501
3451412,3451412,1346004899.84332,37.7175309392097,23.3508538190864,4196737.67262857,36.095467,1,-0.2519
3451413,3451413,1346004899.84342,37.7175373119246,23.3508530908112,4196738.38289087,36.238255,1,-0.1091
3451414,3451414,1346004899.84342,37.7175373085227,23.3508530823097,4196738.38260667,36.08162,1,-0.2657
3451415,3451415,1346004899.84342,37.7175373096569,23.3508530851442,4196738.38260477,36.133842,1,-0.2135
3451416,3451416,1346004899.84352,37.7175436777878,23.3508523402303,4196739.09208654,35.97529,1,-0.372
3451417,3451417,1346004899.84352,37.7175436831731,23.3508523536887,4196739.09237738,36.22325,1,-0.1241
3451418,3451418,1346004899.84362,37.7175500517521,23.3508516150216,4196739.80233317,36.176495,1,-0.1708
3451419,3451419,1346004899.84372,37.7175564222009,23.3508508760211,4196740.51228725,36.12874,1,-0.2186
3451420,3451420,1346004899.84382,37.7175627906479,23.3508501369308,4196741.22223984,36.076477,1,-0.2709
3451421,3451421,1346004899.84382,37.717562578801,23.3508496021623,4196741.20337497,26.228117,3,-10.1192
3451422,3451422,1346004899.84392,37.7175689365841,23.3508488313994,4196741.91218029,25.597628,3,-10.7497
3451423,3451423,1346004899.84402,37.7175755314805,23.3508486634378,4196742.64214074,36.066326,1,-0.281
3451424,3451424,1346004899.84402,37.7175755331443,23.3508486675957,4196742.64243089,36.142933,1,-0.2044
3451425,3451425,1346004899.84412,37.7175819031564,23.3508479272431,4196743.35237967,36.075603,1,-0.2717
3451426,3451426,1346004899.84412,37.7175819083779,23.3508479402917,4196743.3529595,36.316013,1,-0.0313
3451427,3451427,1346004899.84412,37.7175818992846,23.3508479175672,4196743.35209071,35.89733,1,-0.45
3451428,3451428,1346004899.84412,37.7175819052347,23.3508479324367,4196743.35266959,36.17129,1,-0.176
3451429,3451429,1346004899.84412,37.7175819075044,23.3508479381087,4196743.35266863,36.275795,1,-0.0715
3451430,3451430,1346004899.84422,37.7175882755546,23.3508471977291,4196744.0626167,36.20549,1,-0.1418
3451431,3451431,1346004899.84432,37.717594645664,23.3508464574337,4196744.7725638,36.142437,1,-0.2049
3451432,3451432,1346004899.84442,37.7176010089624,23.3508457049754,4196745.48193108,35.852993,1,-0.4943
3451433,3451433,1346004899.84442,37.7176010130745,23.3508457152516,4196745.48251044,36.042328,1,-0.305
3451434,3451434,1346004899.84452,37.7176073902591,23.3508449924152,4196746.19303357,36.304543,1,-0.0428
3451435,3451435,1346004899.84462,37.7176135292019,23.3508436737008,4196746.88249527,25.590248,3,-10.7571
3451436,3451436,1346004899.84462,37.7176137513418,23.3508442341798,4196746.90211045,35.912426,1,-0.4349
3451437,3451437,1346004899.84462,37.7176137570823,23.350844248525,4196746.90268837,36.17673,1,-0.1706
3451438,3451438,1346004899.84472,37.717620125823,23.3508435043293,4196747.61263405,36.04936,1,-0.298
3451439,3451439,1346004899.84472,37.7176201296039,23.3508435137777,4196747.61292206,36.223442,1,-0.1239
3451440,3451440,1346004899.84482,37.7176264943643,23.3508427644566,4196748.32257782,35.9997,1,-0.3476
3451441,3451441,1346004899.84492,37.7176328682863,23.3508420329148,4196749.03281056,36.10978,1,-0.2376
3451442,3451442,1346004899.84492,37.7176328640467,23.35084202232,4196749.0325235,35.914574,1,-0.4328
3451443,3451443,1346004899.84492,37.7176328682924,23.3508420329299,4196749.03281056,36.110058,1,-0.2373
3451444,3451444,1346004899.84502,37.7176392385536,23.3508412970437,4196749.74275242,36.13833,1,-0.209
3451445,3451445,1346004899.84502,37.7176392405382,23.350841302003,4196749.74304139,36.229702,1,-0.1176
3451446,3451446,1346004899.84512,37.7176456079906,23.3508405589285,4196750.45269619,36.127907,1,-0.2194
3451447,3451447,1346004899.84512,37.7176456099142,23.3508405637356,4196750.45298611,36.216476,1,-0.1309
3451448,3451448,1346004899.84522,37.7176519783138,23.3508398178858,4196751.16293179,36.07006,1,-0.2773
3451449,3451449,1346004899.84522,37.7176519815776,23.350839826042,4196751.16321885,36.220337,1,-0.127
3451450,3451450,1346004899.84522,37.7176519814686,23.3508398257694,4196751.16321885,36.215313,1,-0.132
3451451,3451451,1346004899.84532,37.7176583456507,23.3508390741582,4196751.8725866,35.96124,1,-0.3861
3451452,3451452,1346004899.84532,37.7176583500496,23.3508390851508,4196751.8728727,36.163776,1,-0.1836
3451453,3451453,1346004899.84542,37.7176647171541,23.350838340647,4196752.58282029,36.043285,1,-0.3041
3451454,3451454,1346004899.84542,37.7176645037711,23.3508378020633,4196752.5636047,26.124405,3,-10.2229
3451455,3451455,1346004899.84542,37.7176647181049,23.350838343023,4196752.58281838,36.087063,1,-0.2603
3451456,3451456,1346004899.84552,37.7176710901705,23.3508376107129,4196753.29305207,36.193962,1,-0.1534
3451457,3451457,1346004899.84552,37.7176708689761,23.3508370526104,4196753.27327858,25.915434,3,-10.4319
3451458,3451458,1346004899.84552,37.7176710888217,23.3508376073422,4196753.29276215,36.131855,1,-0.2155
3451459,3451459,1346004899.84562,37.7176774578543,23.3508368622759,4196754.00271164,36.010582,1,-0.3368
3451460,3451460,1346004899.84562,37.7176774617421,23.3508368719913,4196754.00328766,36.189583,1,-0.1578
3451461,3451461,1346004899.84562,37.7176774599358,23.3508368674773,4196754.00299965,36.106415,1,-0.2409
3451462,3451462,1346004899.84572,37.7176838319205,23.3508361345314,4196754.7132343,36.207287,1,-0.14
3451463,3451463,1346004899.84572,37.7176836126943,23.3508355813502,4196754.69348751,26.01941,3,-10.3279
3451464,3451464,1346004899.84572,37.7176838261866,23.3508361202027,4196754.71266018,35.943283,1,-0.4041
3451465,3451465,1346004899.84572,37.7176838325284,23.3508361360505,4196754.71323239,36.23528,1,-0.1121
3451466,3451466,1346004899.84582,37.7176902052939,23.3508353998612,4196755.42346894,36.28342,1,-0.0639
3451467,3451467,1346004899.84592,37.7176965704829,23.3508346494658,4196756.13313424,36.068817,1,-0.2785
3451468,3451468,1346004899.84592,37.7176965702981,23.350834649004,4196756.13313424,36.06031,1,-0.287
3451469,3451469,1346004899.84592,37.7176965734123,23.3508346567861,4196756.13342034,36.203693,1,-0.1436
3451470,3451470,1346004899.84592,37.7176965725084,23.3508346545274,4196756.13313042,36.16208,1,-0.1853
3451471,3451471,1346004899.84602,37.7177029434152,23.3508339132089,4196756.84337174,36.12191,1,-0.2254
3451472,3451472,1346004899.84612,37.717717956621,23.3508550136447,4196758.32348381,438.34216,0,401.9948
3451473,3451473,1346004899.84612,37.7177093145124,23.3508331770761,4196757.55361306,36.176453,1,-0.1709
3451474,3451474,1346004899.84612,37.7177093164854,23.3508331820063,4196757.55360924,36.26729,1,-0.08
3451475,3451475,1346004899.84622,37.7177156838502,23.3508324313189,4196758.26357018,36.061024,1,-0.2863
3451476,3451476,1346004899.84632,37.7177218170041,23.3508310945192,4196758.95165195,25.0596,3,-11.2877
3451477,3451477,1346004899.84662,37.7177411709355,23.3508294845255,4196761.10354889,36.28962,1,-0.0577
3451478,3451478,1346004899.84662,37.7177411657612,23.3508294715958,4196761.1029681,36.051388,1,-0.2959
3451479,3451479,1346004899.84672,37.7177475371617,23.3508287295546,4196761.8131851,36.022133,1,-0.3252
3451480,3451480,1346004899.84682,37.7177539108577,23.3508279979029,4196762.52369106,36.184013,1,-0.1633
3451481,3451481,1346004899.84692,37.7177602832486,23.3508272577054,4196763.23390568,36.196354,1,-0.151
3451482,3451482,1346004899.84702,37.7177666547294,23.3508265149058,4196763.94411981,36.16468,1,-0.1827
3451483,3451483,1346004899.84702,37.7177666549932,23.3508265155649,4196763.94411981,36.176826,1,-0.1705
3451484,3451484,1346004899.84712,37.7177766454943,23.3508349224086,4196764.97664678,204.65015,0,168.3028
3451485,3451485,1346004899.84712,37.7177730266763,23.3508257779011,4196764.65433204,36.239716,1,-0.1076
3451486,3451486,1346004899.84722,37.7177793937115,23.3508250282801,4196765.36396396,36.086365,1,-0.261
3451487,3451487,1346004899.84722,37.7177793937557,23.3508250283903,4196765.36396396,36.088398,1,-0.2589
3451488,3451488,1346004899.84722,37.7177793970483,23.3508250366181,4196765.36425293,36.239994,1,-0.1073
3451489,3451489,1346004899.84742,37.7177921309585,23.3508235309504,4196766.7838105,35.8315,1,-0.5158
3451490,3451490,1346004899.84742,37.7177921385899,23.3508235500199,4196766.78467787,36.18286,1,-0.1645
3451491,3451491,1346004899.84752,37.7177985106252,23.3508228068526,4196767.49488867,36.16517,1,-0.1822
3451492,3451492,1346004899.84772,37.7178112545027,23.3508213238741,4196768.91531027,36.200726,1,-0.1466
3451493,3451493,1346004899.84772,37.7178112487792,23.3508213095722,4196768.91473425,35.93721,1,-0.4101
3451494,3451494,1346004899.84782,37.7178176237032,23.3508205774473,4196769.62523306,36.13222,1,-0.2151
3451495,3451495,1346004899.84782,37.7178176253998,23.3508205816868,4196769.62552297,36.210335,1,-0.137
3451496,3451496,1346004899.84782,37.7178174118533,23.350820042727,4196769.60653627,26.284212,3,-10.0631
3451497,3451497,1346004899.84792,37.7178239959179,23.3508198331908,4196770.33573664,36.112362,1,-0.235
3451498,3451498,1346004899.84802,37.7178303629658,23.3508190805871,4196771.04537046,35.93927,1,-0.4081
3451499,3451499,1346004899.84812,37.7178367413139,23.350818350844,4196771.75615919,36.196194,1,-0.1511
3451500,3451500,1346004899.84832,37.7178494847867,23.3508168620246,4196773.17687929,36.1799,1,-0.1674
3451501,3451501,1346004899.84842,37.7178558539519,23.3508161130309,4196773.88680589,36.09259,1,-0.2547
3451502,3451502,1346004899.84852,37.7178622286648,23.350815372495,4196774.59731138,36.170185,1,-0.1772
3451503,3451503,1346004899.84852,37.7178622264173,23.350815366879,4196774.59702528,36.066708,1,-0.2806
3451504,3451504,1346004899.84862,37.7178685954968,23.350814616789,4196775.30695379,35.969223,1,-0.3781
3451505,3451505,1346004899.84872,37.7178749634888,23.3508138684982,4196776.01688421,35.9059,1,-0.4414
3451506,3451506,1346004899.84872,37.7178749706741,23.3508138864523,4196776.01745642,36.236717,1,-0.1106
3451507,3451507,1346004899.84882,37.7178813443146,23.3508131418832,4196776.72796667,36.25532,1,-0.092
3451508,3451508,1346004899.84892,37.7178875025512,23.3508118582298,4196777.41936338,26.346527,3,-10.0008
3451509,3451509,1346004899.84892,37.7178877125396,23.3508123882851,4196777.43790472,36.108704,1,-0.2386
3451510,3451510,1346004899.84902,37.7178940828591,23.350811634482,4196778.1481365,35.967697,1,-0.3796
3451511,3451511,1346004899.84912,37.7179004611306,23.350810905039,4196778.85893286,36.276802,1,-0.0705
3451512,3451512,1346004899.84912,37.7179004592742,23.3508109004004,4196778.85893667,36.19133,1,-0.156
3451513,3451513,1346004899.84922,37.7179068293556,23.3508101448547,4196779.5682694,36.029213,1,-0.3181
3451514,3451514,1346004899.84932,37.717913202603,23.3508094018839,4196780.27875861,36.099937,1,-0.2474
3451515,3451515,1346004899.84942,37.7179193642834,23.3508081194545,4196780.97037622,26.2448,3,-10.1025
3451516,3451516,1346004899.84942,37.71791957891,23.3508086610939,4196780.98953721,36.220478,1,-0.1269
3451517,3451517,1346004899.84942,37.7179195804917,23.3508086650463,4196780.98953697,36.293304,1,-0.054
3451518,3451518,1346004899.84962,37.717932326043,23.3508071692731,4196782.41021916,36.28558,1,-0.0618
3451519,3451519,1346004899.84982,37.7179450675602,23.3508056613619,4196783.83089992,36.076992,1,-0.2703
3451520,3451520,1346004899.84982,37.7179450688555,23.3508056645985,4196783.83089945,36.136627,1,-0.2107
3451521,3451521,1346004899.84992,37.7179514426375,23.3508049198953,4196784.54138395,36.209442,1,-0.1379
3451522,3451522,1346004899.84992,37.7179514403944,23.3508049142905,4196784.54109403,36.10617,1,-0.2412
3451523,3451523,1346004899.85002,37.717957814608,23.3508041651645,4196785.25186893,36.10746,1,-0.2399
3451524,3451524,1346004899.85002,37.7179578165929,23.3508041701242,4196785.25186798,36.19885,1,-0.1485
3451525,3451525,1346004899.85012,37.7179641872628,23.3508034165752,4196785.96206209,36.120434,1,-0.2269
3451526,3451526,1346004899.85022,37.7179705602716,23.3508026633577,4196786.67254707,36.05821,1,-0.2891
3451527,3451527,1346004899.85032,37.7179769351284,23.3508019191782,4196787.38303014,36.164406,1,-0.1829
3451528,3451528,1346004899.85032,37.7179769322354,23.3508019119494,4196787.38303301,36.031208,1,-0.3161
3451529,3451529,1346004899.85042,37.7179833131524,23.3508011773882,4196788.09409353,36.324814,1,-0.0225
3451530,3451530,1346004899.85052,37.7179896830831,23.3508004197862,4196788.80429002,36.195854,1,-0.1515
3451531,3451531,1346004899.85052,37.7179896819961,23.3508004170702,4196788.80400011,36.14581,1,-0.2015
3451532,3451532,1346004899.85062,37.7179960576978,23.3507996683527,4196789.51477644,36.190834,1,-0.1565
3451533,3451533,1346004899.85062,37.7179960557823,23.3507996635665,4196789.51477834,36.102646,1,-0.2447
3451534,3451534,1346004899.85072,37.718002211479,23.3507983641849,4196790.20571348,26.00766,3,-10.3397
3451535,3451535,1346004899.85072,37.7180024298104,23.3507989150675,4196790.2252638,36.15377,1,-0.1936
3451536,3451536,1346004899.85072,37.7180024303677,23.3507989164598,4196790.2252638,36.17943,1,-0.1679
3451537,3451537,1346004899.85082,37.7180088015306,23.3507981602264,4196790.93546125,36.094288,1,-0.253
3451538,3451538,1346004899.85082,37.7180088039672,23.3507981663145,4196790.93575021,36.206467,1,-0.1409
3451539,3451539,1346004899.85102,37.7180215534782,23.3507966650843,4196792.35701868,36.266273,1,-0.0811
3451540,3451540,1346004899.85112,37.7180279278195,23.3507959100658,4196793.06750986,36.226658,1,-0.1207
3451541,3451541,1346004899.85112,37.7180277115704,23.3507953643899,4196793.04830572,26.176449,3,-10.1709
3451542,3451542,1346004899.85112,37.7180279238636,23.3507959001816,4196793.06722376,36.04453,1,-0.3028
3451543,3451543,1346004899.85112,37.7180279224564,23.3507958966656,4196793.06722566,35.979744,1,-0.3676
3451544,3451544,1346004899.85112,37.7180279251701,23.350795903446,4196793.06751367,36.10468,1,-0.2427
3451545,3451545,1346004899.85122,37.7180342987898,23.3507951510006,4196793.77800485,36.11476,1,-0.2326
3451546,3451546,1346004899.85132,37.7180406681966,23.3507943824577,4196794.48821851,35.838825,1,-0.5085
3451547,3451547,1346004899.85142,37.7180470487808,23.35079364621,4196795.19928476,36.160324,1,-0.187
3451548,3451548,1346004899.85142,37.7180470487327,23.35079364609,4196795.19928476,36.15811,1,-0.1892
3451549,3451549,1346004899.85142,37.7180470447647,23.3507936361755,4196795.19899866,35.97543,1,-0.3719
3451550,3451550,1346004899.85152,37.7180604913238,23.3508107474253,4196796.53977319,365.02063,0,328.6733
3451551,3451551,1346004899.85152,37.7180534226564,23.3507928876198,4196795.90978548,36.08082,1,-0.2665
3451552,3451552,1346004899.85152,37.7180532070227,23.3507923434852,4196795.89063951,26.05898,3,-10.2884
3451553,3451553,1346004899.85152,37.7180534185283,23.3507928773053,4196795.90950128,35.890762,1,-0.4566
3451554,3451554,1346004899.85162,37.7180597987131,23.3507921388374,4196796.6205742,36.18447,1,-0.1629
3451555,3451555,1346004899.85162,37.718059799581,23.350792141006,4196796.6205723,36.22443,1,-0.1229
3451556,3451556,1346004899.85182,37.7180725482913,23.3507906281096,4196798.04187128,36.173264,1,-0.1741
3451557,3451557,1346004899.85182,37.7180725497427,23.3507906317359,4196798.04215929,36.24008,1,-0.1073
3451558,3451558,1346004899.85182,37.7180725490534,23.3507906300136,4196798.04186937,36.208344,1,-0.139
3451559,3451559,1346004899.85182,37.7180725463538,23.3507906232685,4196798.04187509,36.08406,1,-0.2633
3451560,3451560,1346004899.85182,37.7180723334508,23.3507900859593,4196798.02276537,26.187965,3,-10.1594
3451561,3451561,1346004899.85192,37.7180789226839,23.3507898683314,4196798.75267145,36.09841,1,-0.2489
3451562,3451562,1346004899.85202,37.7180853009924,23.3507891224882,4196799.4630414,36.28311,1,-0.0642
3451563,3451563,1346004899.85202,37.7180852947454,23.3507891068794,4196799.46245981,35.995502,1,-0.3518
3451564,3451564,1346004899.85202,37.7180850798368,23.3507885645605,4196799.44326726,26.007086,3,-10.3402
3451565,3451565,1346004899.85202,37.7180852969711,23.3507891124406,4196799.46245972,36.097973,1,-0.2494
3451566,3451566,1346004899.85202,37.7180852974532,23.3507891136452,4196799.46275068,36.12017,1,-0.2272
3451567,3451567,1346004899.85212,37.7180916723535,23.3507883588436,4196800.1732241,36.146343,1,-0.201
3451568,3451568,1346004899.85212,37.7180916730877,23.3507883606781,4196800.17351497,36.180145,1,-0.1672
3451569,3451569,1346004899.85212,37.7180916742992,23.3507883637051,4196800.17351485,36.23592,1,-0.1114
3451570,3451570,1346004899.85222,37.7180980446879,23.3507875969932,4196800.88369728,36.04942,1,-0.2979
3451571,3451571,1346004899.85242,37.7181107092614,23.3507863707071,4196802.29326189,36.20999,1,-0.1373
3451572,3451572,1346004899.85242,37.7181107066865,23.3507863642737,4196802.29297197,36.091446,1,-0.2559
3451573,3451573,1346004899.85252,37.7181170912285,23.350785596651,4196803.00489271,36.2593,1,-0.088
3451574,3451574,1346004899.85252,37.7181170859023,23.3507855833433,4196803.00431288,36.014088,1,-0.3332
3451575,3451575,1346004899.85252,37.7181170898361,23.350785593172,4196803.00489319,36.195198,1,-0.1521
3451576,3451576,1346004899.85262,37.7181234744711,23.3507848201318,4196803.71681536,36.274536,1,-0.0728
3451577,3451577,1346004899.85262,37.7181234734414,23.350784817559,4196803.71652496,36.22713,1,-0.1202
3451578,3451578,1346004899.85272,37.7181298574791,23.3507840423638,4196804.42844809,36.27376,1,-0.0736
3451579,3451579,1346004899.85282,37.7181362358639,23.35078325737,4196805.13979328,36.14252,1,-0.2048
3451580,3451580,1346004899.85292,37.7181425147665,23.3507822178118,4196805.84218538,31.331894,0,-5.0154
3451581,3451581,1346004899.85292,37.7181426175328,23.3507824799274,4196805.85142839,36.157326,1,-0.19
3451582,3451582,1346004899.85302,37.7181490004213,23.350781699897,4196806.56306541,36.13558,1,-0.2118
3451583,3451583,1346004899.85302,37.7181489993083,23.3507816971162,4196806.56306637,36.084335,1,-0.263
3451584,3451584,1346004899.85302,37.7181489982908,23.350781694574,4196806.56306684,36.037495,1,-0.3098
3451585,3451585,1346004899.85322,37.7181617620328,23.3507801324777,4196807.98634708,35.97258,1,-0.3748
3451586,3451586,1346004899.85332,37.7181681458335,23.3507793577839,4196808.69827831,36.06515,1,-0.2822
3451587,3451587,1346004899.85332,37.7181681486895,23.3507793649196,4196808.69856823,36.196636,1,-0.1507
3451588,3451588,1346004899.85332,37.7181681418451,23.3507793478187,4196808.69770039,35.88153,1,-0.4658
3451589,3451589,1346004899.85332,37.7181679262501,23.3507788037984,4196808.67869747,25.861645,3,-10.4857
3451590,3451590,1346004899.85342,37.7181745346713,23.3507785900565,4196809.41049946,36.297024,1,-0.0503
3451591,3451591,1346004899.85342,37.71817453035,23.3507785792596,4196809.4102124,36.09808,1,-0.2493
3451592,3451592,1346004899.85352,37.7181814432848,23.3507791414116,4196810.16900814,60.823948,0,24.4766
3451593,3451593,1346004899.85352,37.7181809127748,23.350777799865,4196810.12185848,36.117287,1,-0.23
3451594,3451594,1346004899.85352,37.7181809006632,23.3507777696039,4196810.1207074,35.559685,1,-0.7877
3451595,3451595,1346004899.85362,37.7181872957212,23.3507770161626,4196810.83350933,36.067955,1,-0.2794
3451596,3451596,1346004899.85362,37.7181872992255,23.3507770249183,4196810.8340863,36.22929,1,-0.118
3451597,3451597,1346004899.85372,37.7181936807109,23.3507762419306,4196811.54573811,36.19533,1,-0.152
3451598,3451598,1346004899.85372,37.718193668044,23.3507762102821,4196811.54458988,35.612167,1,-0.7352
3451599,3451599,1346004899.85392,37.7182064476793,23.3507746791132,4196812.96933926,36.209167,1,-0.1382
3451600,3451600,1346004899.85402,37.7182126120862,23.3507733415759,4196813.6615218,25.984793,3,-10.3625
3451601,3451601,1346004899.85402,37.718212830746,23.3507738932552,4196813.68129147,36.14578,1,-0.2016
3451602,3451602,1346004899.85422,37.7182255987762,23.3507723294622,4196815.10490978,36.179462,1,-0.1679
3451603,3451603,1346004899.85442,37.7182383561796,23.3507707417333,4196816.52797306,35.792446,1,-0.5549
3451604,3451604,1346004899.85442,37.7182383676777,23.3507707704617,4196816.52882755,36.321804,1,-0.0255
3451605,3451605,1346004899.85442,37.718238279625,23.350770545107,4196816.52111996,32.173763,0,-4.1736
3451606,3451606,1346004899.85442,37.7182383646952,23.3507707630099,4196816.52854145,36.184498,1,-0.1628
3451607,3451607,1346004899.85442,37.7182383623813,23.3507707572284,4196816.52825344,36.077965,1,-0.2694
3451608,3451608,1346004899.85452,37.7182447446064,23.3507699663031,4196817.24022472,35.952015,1,-0.3953
3451609,3451609,1346004899.85452,37.7182446665161,23.35076976584,4196817.23337925,32.262634,0,-4.0847
3451610,3451610,1346004899.85452,37.7182447517088,23.3507699840489,4196817.24079502,36.279003,1,-0.0683
3451611,3451611,1346004899.85462,37.7182511338113,23.3507691922389,4196817.9524802,36.142742,1,-0.2046
3451612,3451612,1346004899.85462,37.7182511340952,23.3507691929482,4196817.95277012,36.155815,1,-0.1915
3451613,3451613,1346004899.85472,37.7182572952427,23.3507678481364,4196818.64479244,25.835855,3,-10.5115
3451614,3451614,1346004899.85472,37.7182575177163,23.3507684093467,4196818.66445339,36.172424,1,-0.1749
3451615,3451615,1346004899.85482,37.7182639033121,23.3507676299406,4196819.37586387,36.27233,1,-0.075
3451616,3451616,1346004899.85492,37.7182700652501,23.3507662809844,4196820.06802642,25.892004,3,-10.4553
3451617,3451617,1346004899.85492,37.7182702746087,23.3507668094273,4196820.08691668,35.624786,1,-0.7225
3451618,3451618,1346004899.85492,37.7182702860144,23.3507668379249,4196820.08778834,36.149887,1,-0.1974
3451619,3451619,1346004899.85492,37.7182702852109,23.3507668359174,4196820.08778846,36.112896,1,-0.2344
3451620,3451620,1346004899.85492,37.7182702841783,23.3507668333374,4196820.08778846,36.065357,1,-0.282
3451621,3451621,1346004899.85502,37.7182766646979,23.3507660402983,4196820.79942321,35.92549,1,-0.4218
3451622,3451622,1346004899.85512,37.7182828340525,23.3507647087612,4196821.4921981,25.877577,3,-10.4698
3451623,3451623,1346004899.85512,37.7182830572413,23.3507652717603,4196821.51192962,36.247086,1,-0.1002
3451624,3451624,1346004899.85522,37.7182894347536,23.3507644701073,4196822.22327625,35.95981,1,-0.3875
3451625,3451625,1346004899.85522,37.7182892119384,23.3507639080415,4196822.20355975,25.607502,3,-10.7398
3451626,3451626,1346004899.85522,37.718289177423,23.350763816451,4196822.20037019,23.924244,0,-12.4231
3451627,3451627,1346004899.85522,37.7182894391011,23.3507644809698,4196822.2238568,36.15996,1,-0.1874
3451628,3451628,1346004899.85532,37.7182958266279,23.3507636988081,4196822.93607508,36.24171,1,-0.1056
3451629,3451629,1346004899.85532,37.7182956031786,23.3507631351576,4196822.91608321,25.86021,3,-10.4871
3451630,3451630,1346004899.85552,37.7183085926005,23.3507621201685,4196824.35993611,36.149204,1,-0.1981
3451631,3451631,1346004899.85552,37.7183085708104,23.3507620657249,4196824.35791051,35.14602,1,-1.2013
3451632,3451632,1346004899.85562,37.7183149759668,23.3507613310069,4196825.07157695,36.113953,1,-0.2334
3451633,3451633,1346004899.85572,37.7183213631817,23.350760550941,4196825.78409182,36.251602,1,-0.0957
3451634,3451634,1346004899.85572,37.7183213564821,23.3507605342016,4196825.7835139,35.943157,1,-0.4042
3451635,3451635,1346004899.85582,37.7183277471979,23.3507597573791,4196826.49602925,36.15014,1,-0.1972
3451636,3451636,1346004899.85592,37.7183341289254,23.3507589625787,4196827.20767724,36.026703,1,-0.3206
3451637,3451637,1346004899.85592,37.7183341318315,23.3507589698399,4196827.20796716,36.1605,1,-0.1868
3451638,3451638,1346004899.85592,37.7183341314715,23.3507589689405,4196827.20796716,36.143925,1,-0.2034
3451639,3451639,1346004899.85592,37.7183341349985,23.3507589777529,4196827.20825517,36.306305,1,-0.041
3451640,3451640,1346004899.85592,37.7183341295755,23.3507589642031,4196827.20767724,36.056633,1,-0.2907
3451641,3451641,1346004899.85592,37.7183341282055,23.3507589607802,4196827.20767819,35.993565,1,-0.3538
3451642,3451642,1346004899.85602,37.7183402784213,23.3507575766885,4196827.89886987,25.025656,3,-11.3217
3451643,3451643,1346004899.85602,37.7183405142898,23.3507581713726,4196827.91990983,35.978935,1,-0.3684
3451644,3451644,1346004899.85602,37.7183405159711,23.3507581755733,4196827.91990887,36.05634,1,-0.291
3451645,3451645,1346004899.85602,37.7183405190181,23.3507581831864,4196827.92019688,36.196617,1,-0.1507
3451646,3451646,1346004899.85612,37.718346904663,23.3507573921829,4196828.63243043,36.157627,1,-0.1897
3451647,3451647,1346004899.85612,37.7183469051912,23.3507573935026,4196828.63243043,36.181942,1,-0.1654
3451648,3451648,1346004899.85612,37.7183466833207,23.3507568337929,4196828.61284768,25.87311,3,-10.4742
3451649,3451649,1346004899.85612,37.7183468994989,23.3507573792801,4196828.63214337,35.919876,1,-0.4275
3451650,3451650,1346004899.85612,37.7183469039309,23.3507573903538,4196828.63243138,36.123924,1,-0.2234
3451651,3451651,1346004899.85612,37.7183469062602,23.3507573961736,4196828.63272034,36.23116,1,-0.1162
3451652,3451652,1346004899.85622,37.7183532893909,23.3507566033859,4196829.34466588,36.159935,1,-0.1874
3451653,3451653,1346004899.85622,37.7183532882157,23.3507566004496,4196829.34437596,36.10583,1,-0.2415
3451654,3451654,1346004899.85622,37.7183532906787,23.3507566066037,4196829.34466492,36.219227,1,-0.1281
3451655,3451655,1346004899.85622,37.7183532884449,23.3507566010225,4196829.34437596,36.116386,1,-0.2309
3451656,3451656,1346004899.85622,37.7183528084536,23.3507553856756,4196829.30178677,13.735619,0,-22.6117
3451657,3451657,1346004899.85632,37.7183596735359,23.3507558126463,4196830.05661332,36.131363,1,-0.216
3451658,3451658,1346004899.85632,37.7183596761533,23.3507558191862,4196830.05690228,36.251865,1,-0.0955
3451659,3451659,1346004899.85642,37.7183660587658,23.3507550191466,4196830.76856553,36.061104,1,-0.2862
3451660,3451660,1346004899.85642,37.7183658366286,23.350754458769,4196830.74902951,25.739985,3,-10.6074
3451661,3451661,1346004899.85652,37.7183724431102,23.3507542279501,4196831.48081147,36.033722,1,-0.3136
3451662,3451662,1346004899.85652,37.7183724455978,23.3507542341655,4196831.48080766,36.148247,1,-0.1991
3451663,3451663,1346004899.85662,37.7183786028818,23.3507528648295,4196832.17268407,25.481525,3,-10.8658
3451664,3451664,1346004899.85672,37.7183852201739,23.3507526600906,4196832.90559041,36.265137,1,-0.0822
3451665,3451665,1346004899.85682,37.7183916045278,23.350751862538,4196833.61755692,36.138885,1,-0.2085
3451666,3451666,1346004899.85682,37.7183916045545,23.3507518626048,4196833.61755692,36.140114,1,-0.2072
3451667,3451667,1346004899.85702,37.7184043776318,23.3507502820608,4196835.04207265,36.164997,1,-0.1823
3451668,3451668,1346004899.85712,37.718410761265,23.350749486363,4196835.75404774,36.081867,1,-0.2655
3451669,3451669,1346004899.85722,37.7184171440506,23.3507486831234,4196836.46603238,35.8684,1,-0.4789
3451670,3451670,1346004899.85722,37.7184171510731,23.3507487006698,4196836.4668945,36.191708,1,-0.1556
3451671,3451671,1346004899.85722,37.7184171507389,23.3507486998346,4196836.4668945,36.17632,1,-0.171
3451672,3451672,1346004899.85722,37.718416844725,23.3507479245262,4196836.43947064,21.89938,0,-14.448
3451673,3451673,1346004899.85732,37.7184235353372,23.3507479056891,4196837.17887532,36.130287,1,-0.217
3451674,3451674,1346004899.85742,37.7184299209048,23.3507471085526,4196837.89115369,36.03764,1,-0.3097
3451675,3451675,1346004899.85742,37.7184299175934,23.3507471002788,4196837.8908714,35.885185,1,-0.4622
3451676,3451676,1346004899.85752,37.7184363031082,23.3507463075876,4196838.60285985,35.874172,1,-0.4732
3451677,3451677,1346004899.85752,37.7184363089611,23.3507463222116,4196838.60343015,36.14363,1,-0.2037
3451678,3451678,1346004899.85752,37.718436082186,23.350745750239,4196838.58319318,25.608953,3,-10.7384
3451679,3451679,1346004899.85752,37.7184363082305,23.3507463203863,4196838.60343205,36.11,1,-0.2373
3451680,3451680,1346004899.85762,37.7184426992269,23.35074553581,4196839.31545905,36.25697,1,-0.0904
3451681,3451681,1346004899.85762,37.7184426994978,23.3507455364868,4196839.31545905,36.26944,1,-0.0779
3451682,3451682,1346004899.85772,37.7184490859844,23.3507447454135,4196840.02768409,36.296165,1,-0.0512
3451683,3451683,1346004899.85782,37.7184554678579,23.3507439424183,4196840.73961967,36.107075,1,-0.2403
3451684,3451684,1346004899.85782,37.7184554708458,23.3507439498838,4196840.73991018,36.244633,1,-0.1027
3451685,3451685,1346004899.85792,37.71846185703,23.3507431522771,4196841.45213788,36.16297,1,-0.1844
3451686,3451686,1346004899.85792,37.7184618608418,23.3507431618015,4196841.45242804,36.338463,1,-0.0089
3451687,3451687,1346004899.85802,37.7184679929366,23.3507417235873,4196842.1420378,24.461235,3,-11.8861
3451688,3451688,1346004899.85802,37.7184681810577,23.3507421989821,4196842.15885752,33.216343,0,-3.131
3451689,3451689,1346004899.85822,37.7184810184479,23.3507407693347,4196843.58941048,36.11761,1,-0.2297
3451690,3451690,1346004899.85822,37.7184807821648,23.3507401735997,4196843.56827324,25.14516,3,-11.2022
3451691,3451691,1346004899.85822,37.7184810158461,23.3507407628337,4196843.58912104,35.997826,1,-0.3495
3451692,3451692,1346004899.85832,37.7184874078035,23.3507399831496,4196844.30193394,36.25645,1,-0.0909
3451693,3451693,1346004899.85842,37.7184937938069,23.3507391882311,4196845.01416939,36.23779,1,-0.1095
3451694,3451694,1346004899.85852,37.7185001825335,23.3507383947725,4196845.72669714,36.253727,1,-0.0936
3451695,3451695,1346004899.85852,37.7185001785416,23.3507383847983,4196845.72611826,36.069946,1,-0.2774
3451696,3451696,1346004899.85852,37.7184999365444,23.3507377747836,4196845.7047407,24.834412,3,-11.5129
3451697,3451697,1346004899.85862,37.7185065666266,23.3507375943846,4196846.43864792,36.1409,1,-0.2064
3451698,3451698,1346004899.85862,37.7185065690433,23.3507376004232,4196846.43893688,36.252163,1,-0.0952
3451699,3451699,1346004899.85872,37.7185129557108,23.3507368011361,4196847.15117901,36.167175,1,-0.1802
3451700,3451700,1346004899.85882,37.7185191243753,23.3507354614393,4196847.84411019,26.123592,3,-10.2237
3451701,3451701,1346004899.85882,37.7185193430677,23.350736013226,4196847.86371296,36.28621,1,-0.0611
3451702,3451702,1346004899.85892,37.7185257277245,23.3507352082575,4196848.57567185,36.102703,1,-0.2446
3451703,3451703,1346004899.85892,37.718525726039,23.350735204046,4196848.57567375,36.025105,1,-0.3222
3451704,3451704,1346004899.85902,37.7185321146572,23.3507344136499,4196849.28821247,36.108707,1,-0.2386
3451705,3451705,1346004899.85902,37.7185318877034,23.3507338412193,4196849.26777428,25.565735,3,-10.7816
3451706,3451706,1346004899.85902,37.7185321167311,23.3507344188319,4196849.28821057,36.20419,1,-0.1431
3451707,3451707,1346004899.85912,37.7185385067133,23.3507336265382,4196850.00104302,36.26009,1,-0.0872
3451708,3451708,1346004899.85912,37.7185385068749,23.350733626942,4196850.00104206,36.267532,1,-0.0798
3451709,3451709,1346004899.85912,37.7185385045115,23.3507336210367,4196850.00075501,36.158722,1,-0.1886
3451710,3451710,1346004899.85912,37.7185382979471,23.3507330995513,4196849.98234814,26.554451,3,-9.7929
3451711,3451711,1346004899.85912,37.7185384996014,23.350733608768,4196850.00017708,35.932663,1,-0.4147
3451712,3451712,1346004899.85932,37.7185512453528,23.3507319477703,4196851.42239731,34.63621,1,-1.7111
3451713,3451713,1346004899.85932,37.7185512808893,23.3507320365639,4196851.42555493,36.272285,1,-0.0751
3451714,3451714,1346004899.85932,37.7185512778788,23.3507320290417,4196851.42526787,36.133682,1,-0.2137
3451715,3451715,1346004899.85932,37.7185512751908,23.3507320223252,4196851.42527169,36.00993,1,-0.3374
3451716,3451716,1346004899.85932,37.7185512778751,23.3507320290325,4196851.42526787,36.133514,1,-0.2138
3451717,3451717,1346004899.85932,37.7185505790669,23.3507302615376,4196851.36324089,3.5841734,0,-32.7632
3451718,3451718,1346004899.85942,37.7185576579319,23.3507312110404,4196852.13724964,35.724144,1,-0.6232
3451719,3451719,1346004899.85942,37.7185576658613,23.3507312308533,4196852.13782089,36.089207,1,-0.2581
3451720,3451720,1346004899.85942,37.7185576678473,23.3507312358158,4196852.13810986,36.18064,1,-0.1667
3451721,3451721,1346004899.85942,37.7185576650655,23.350731228865,4196852.13782185,36.05257,1,-0.2948
3451722,3451722,1346004899.85952,37.718564059286,23.3507304459772,4196852.8509528,36.292606,1,-0.0547
3451723,3451723,1346004899.85952,37.7185640564693,23.3507304389391,4196852.85066574,36.162926,1,-0.1844
3451724,3451724,1346004899.85952,37.7185640583203,23.350730443564,4196852.85066288,36.248142,1,-0.0992
3451725,3451725,1346004899.85962,37.7185704419904,23.350729639029,4196853.56293648,36.087467,1,-0.2599
3451726,3451726,1346004899.85972,37.7185768338095,23.3507288495886,4196854.2757861,36.211723,1,-0.1356
3451727,3451727,1346004899.85972,37.7185768325118,23.350728846346,4196854.27549809,36.151978,1,-0.1954
3451728,3451728,1346004899.85972,37.7185768341989,23.3507288505615,4196854.2757861,36.22965,1,-0.1177
3451729,3451729,1346004899.85982,37.7185832192751,23.3507280490008,4196854.98806446,36.128582,1,-0.2188
3451730,3451730,1346004899.86012,37.7186023824235,23.3507256575826,4196857.12520474,36.087563,1,-0.2598
3451731,3451731,1346004899.86012,37.7186023808312,23.350725653604,4196857.12520855,36.014256,1,-0.3331
3451732,3451732,1346004899.86022,37.7186087729778,23.3507248637173,4196857.83807629,36.141354,1,-0.206
3451733,3451733,1346004899.86022,37.7186087698221,23.3507248558321,4196857.83779209,35.996067,1,-0.3513
3451734,3451734,1346004899.86022,37.7186087731399,23.3507248641224,4196857.83807629,36.148815,1,-0.1985
3451735,3451735,1346004899.86032,37.7186151650073,23.350724073305,4196858.55094975,36.26075,1,-0.0866
3451736,3451736,1346004899.86032,37.7186151594321,23.3507240593744,4196858.55037945,36.004074,1,-0.3433
3451737,3451737,1346004899.86032,37.7186149537981,23.3507235402044,4196858.53213757,26.442577,3,-9.9048
3451738,3451738,1346004899.86032,37.7186151612779,23.3507240639865,4196858.55066555,36.089054,1,-0.2583
3451739,3451739,1346004899.86032,37.7186151637695,23.3507240702124,4196858.55066174,36.203766,1,-0.1436
3451740,3451740,1346004899.86042,37.7186215506816,23.350723271608,4196859.26261655,36.169846,1,-0.1775
3451741,3451741,1346004899.86042,37.7186215504317,23.3507232709836,4196859.26261655,36.15834,1,-0.189
3451742,3451742,1346004899.86042,37.7186215520499,23.350723275027,4196859.26261652,36.232845,1,-0.1145
3451743,3451743,1346004899.86042,37.7186215511568,23.3507232727953,4196859.26261654,36.191723,1,-0.1556
3451744,3451744,1346004899.86052,37.7186279382785,23.3507224746691,4196859.97485561,36.16835,1,-0.179
3451745,3451745,1346004899.86062,37.7186343261963,23.3507216733245,4196860.68738718,36.091805,1,-0.2555
3451746,3451746,1346004899.86062,37.7186343274912,23.3507216765601,4196860.68767781,36.15142,1,-0.1959
3451747,3451747,1346004899.86062,37.7186343308044,23.350721684839,4196860.6879682,36.303963,1,-0.0434
3451748,3451748,1346004899.86072,37.7186407155959,23.3507208804716,4196861.40021045,36.16902,1,-0.1783
3451749,3451749,1346004899.86072,37.7186407127769,23.3507208734277,4196861.39992029,36.039234,1,-0.3081
3451750,3451750,1346004899.86082,37.7186471068517,23.3507200870623,4196862.11303503,36.241966,1,-0.1054
3451751,3451751,1346004899.86082,37.7186470987494,23.3507200668168,4196862.11216457,35.868935,1,-0.4784
3451752,3451752,1346004899.86082,37.7186471053521,23.3507200833151,4196862.11274464,36.17292,1,-0.1744
3451753,3451753,1346004899.86082,37.7186471042228,23.3507200804934,4196862.11274488,36.12093,1,-0.2264
3451754,3451754,1346004899.86092,37.7186534920039,23.3507192832042,4196862.82528097,36.11953,1,-0.2278
3451755,3451755,1346004899.86102,37.718659882696,23.3507184880078,4196863.53781778,36.162518,1,-0.1848
3451756,3451756,1346004899.86102,37.7186598814929,23.3507184850015,4196863.53781826,36.107124,1,-0.2402
3451757,3451757,1346004899.86112,37.7186662719625,23.3507176940653,4196864.25064785,36.225597,1,-0.1217
3451758,3451758,1346004899.86112,37.718666268379,23.3507176851111,4196864.25006754,36.06061,1,-0.2867
3451759,3451759,1346004899.86112,37.718666261549,23.3507176680447,4196864.24948866,35.74616,1,-0.6012
3451760,3451760,1346004899.86122,37.7186726593416,23.3507168902389,4196864.96289856,36.112236,1,-0.2351
3451761,3451761,1346004899.86122,37.7186726591338,23.3507168897196,4196864.96289856,36.102665,1,-0.2447
3451762,3451762,1346004899.86122,37.7186726549609,23.3507168792927,4196864.96261007,35.91055,1,-0.4368
3451763,3451763,1346004899.86122,37.7186718885812,23.3507149429019,4196864.89436752,0.24992004,0,-36.0974
3451764,3451764,1346004899.86132,37.7186790382192,23.3507160699991,4196865.67457516,35.69329,1,-0.654
3451765,3451765,1346004899.86142,37.7186851843908,23.3507146627749,4196866.36546738,24.464613,3,-11.8827
3451766,3451766,1346004899.86142,37.7186854341663,23.3507152922525,4196866.38798935,36.05843,1,-0.2889
3451767,3451767,1346004899.86142,37.7186854286803,23.3507152785444,4196866.38741095,35.80586,1,-0.5415
3451768,3451768,1346004899.86142,37.7186854357652,23.3507152962477,4196866.38798792,36.132046,1,-0.2153
3451769,3451769,1346004899.86152,37.7186915942706,23.3507139146941,4196867.08005364,25.381804,3,-10.9655
3451770,3451770,1346004899.86152,37.7186918244943,23.3507144953177,4196867.10053665,36.07547,1,-0.2719
3451771,3451771,1346004899.86162,37.7186982122765,23.3507136918757,4196867.8130892,35.9736,1,-0.3737
3451772,3451772,1346004899.86162,37.7186980026283,23.3507131626643,4196867.79435045,26.22722,3,-10.1201
3451773,3451773,1346004899.86162,37.7186982179297,23.3507137060016,4196867.81366713,36.23387,1,-0.1135
3451774,3451774,1346004899.86162,37.718698217867,23.3507137058451,4196867.81366713,36.230988,1,-0.1163
3451775,3451775,1346004899.86172,37.718704604893,23.3507129053704,4196868.52593023,36.18032,1,-0.167
3451776,3451776,1346004899.86182,37.7187109945448,23.3507121063291,4196869.23877794,36.16128,1,-0.1861
3451777,3451777,1346004899.86192,37.7187171538258,23.3507107311631,4196869.9309128,25.527884,3,-10.8195
3451778,3451778,1346004899.86192,37.7187173766036,23.350711293185,4196869.95076067,35.87877,1,-0.4686
3451779,3451779,1346004899.86192,37.7187173790822,23.3507112993783,4196869.95075876,35.99288,1,-0.3545
3451780,3451780,1346004899.86202,37.71872376956,23.3507105071526,4196870.66360838,36.096478,1,-0.2509
3451781,3451781,1346004899.86202,37.7187237717872,23.3507105127179,4196870.66389734,36.199017,1,-0.1483
3451782,3451782,1346004899.86212,37.7187301575821,23.3507097086787,4196871.3761738,36.085552,1,-0.2618
3451783,3451783,1346004899.86222,37.7187365487442,23.3507089179457,4196872.08873922,36.217785,1,-0.1296
3451784,3451784,1346004899.86222,37.7187365465074,23.3507089123563,4196872.08874113,36.1148,1,-0.2325
3451785,3451785,1346004899.86222,37.7187363190211,23.3507083385661,4196872.06836493,25.547117,3,-10.8002
3451786,3451786,1346004899.86232,37.718742933459,23.3507081060076,4196872.80102713,35.964146,1,-0.3832
3451787,3451787,1346004899.86232,37.7187429347893,23.3507081093318,4196872.80131514,36.025394,1,-0.3219
3451788,3451788,1346004899.86242,37.7187489977059,23.3507064874875,4196873.48465902,20.854078,0,-15.4933
3451789,3451789,1346004899.86252,37.7187557114645,23.3507065082876,4196874.22647268,35.93548,1,-0.4119
3451790,3451790,1346004899.86252,37.7187557134416,23.3507065132282,4196874.22646982,36.02651,1,-0.3208
3451791,3451791,1346004899.86262,37.7187639854802,23.3507104755907,4196875.10698015,123.69283,0,87.3455
3451792,3451792,1346004899.86262,37.7187621023837,23.350705716593,4196874.93905241,36.051353,1,-0.296
3451793,3451793,1346004899.86272,37.7187683562803,23.3507045720862,4196875.63963205,29.675625,0,-6.6717
3451794,3451794,1346004899.86282,37.7187748843045,23.3507041282046,4196876.3648041,36.19575,1,-0.1516
3451795,3451795,1346004899.86282,37.7187748821418,23.3507041228004,4196876.36451609,36.09618,1,-0.2512
3451796,3451796,1346004899.86282,37.7187748850844,23.3507041301535,4196876.3648041,36.23166,1,-0.1157
3451797,3451797,1346004899.86292,37.7187812725608,23.3507033246639,4196877.07711107,36.09797,1,-0.2494
3451798,3451798,1346004899.86312,37.7187940541401,23.3507017350893,4196878.50289042,36.22029,1,-0.127
3451799,3451799,1346004899.86312,37.7187940515662,23.3507017286577,4196878.50260241,36.10179,1,-0.2455
3451800,3451800,1346004899.86312,37.7187940514591,23.35070172839,4196878.50260241,36.09686,1,-0.2505
3451801,3451801,1346004899.86312,37.7187940550365,23.3507017373295,4196878.50288851,36.261566,1,-0.0858
3451802,3451802,1346004899.86322,37.718800444903,23.3507009424983,4196879.21500717,36.319523,1,-0.0278
3451803,3451803,1346004899.86322,37.7188004396947,23.3507009294838,4196879.21442529,36.07973,1,-0.2676
3451804,3451804,1346004899.86332,37.7188068330527,23.3507001385223,4196879.92755285,36.21298,1,-0.1344
3451805,3451805,1346004899.86342,37.7188132184941,23.3506993327489,4196880.63980905,36.06856,1,-0.2788
3451806,3451806,1346004899.86342,37.7188132226582,23.3506993431541,4196880.64009944,36.260277,1,-0.0871
3451807,3451807,1346004899.86342,37.7188132184149,23.3506993325508,4196880.63980905,36.06491,1,-0.2824
3451808,3451808,1346004899.86352,37.7188193835865,23.3506979709877,4196881.33232788,25.68417,3,-10.6632
3451809,3451809,1346004899.86362,37.7188259972747,23.3506977358895,4196882.06490782,36.053314,1,-0.294
3451810,3451810,1346004899.86362,37.7188260005984,23.350697744195,4196882.06519798,36.20634,1,-0.141
3451811,3451811,1346004899.86362,37.7188260013257,23.3506977460123,4196882.06548861,36.239826,1,-0.1075
3451812,3451812,1346004899.86372,37.7188321525709,23.3506963496284,4196882.75688103,25.216429,3,-11.1309
3451813,3451813,1346004899.86372,37.718832383124,23.350696931097,4196882.77746037,35.92541,1,-0.4219
3451814,3451814,1346004899.86382,37.7188387783082,23.3506961446349,4196883.49059371,36.138958,1,-0.2084
3451815,3451815,1346004899.86382,37.7188387788227,23.3506961459206,4196883.49059371,36.162647,1,-0.1847
3451816,3451816,1346004899.86392,37.7188449385467,23.350694770729,4196884.18260029,25.52833,3,-10.819
3451817,3451817,1346004899.86402,37.7188515568668,23.3506945472229,4196884.91570643,36.108196,1,-0.2391
3451818,3451818,1346004899.86412,37.7188579461514,23.3506937510542,4196885.62855605,36.13608,1,-0.2113
3451819,3451819,1346004899.86412,37.718857944753,23.3506937475597,4196885.62826661,36.071697,1,-0.2756
3451820,3451820,1346004899.86422,37.7188643354933,23.3506929500585,4196886.34111861,36.078453,1,-0.2689
3451821,3451821,1346004899.86422,37.7188643371211,23.3506929541262,4196886.34111718,36.1534,1,-0.1939
3451822,3451822,1346004899.86432,37.7188707263206,23.3506921578035,4196887.05397109,36.17646,1,-0.1709
3451823,3451823,1346004899.86432,37.7188707262066,23.3506921575185,4196887.05397204,36.171207,1,-0.1761
3451824,3451824,1346004899.86432,37.7188707208511,23.3506921441359,4196887.05339411,35.924637,1,-0.4227
3451825,3451825,1346004899.86442,37.7188768839798,23.3506907725809,4196887.74577883,25.35697,3,-10.9904
3451826,3451826,1346004899.86442,37.7188771170845,23.3506913604324,4196887.76653746,36.18348,1,-0.1639
3451827,3451827,1346004899.86442,37.7188771169956,23.3506913602103,4196887.76653746,36.179386,1,-0.1679
3451828,3451828,1346004899.86442,37.7188771114225,23.3506913462837,4196887.76625136,35.922794,1,-0.4245
3451829,3451829,1346004899.86442,37.7188771169004,23.3506913599722,4196887.76653746,36.175,1,-0.1723
3451830,3451830,1346004899.86452,37.718883504918,23.35069056078,4196888.4791067,36.142914,1,-0.2044
3451831,3451831,1346004899.86452,37.7188832714494,23.3506899720178,4196888.45836428,25.299639,3,-11.0477
3451832,3451832,1346004899.86452,37.7188835067051,23.3506905652456,4196888.47939757,36.225193,1,-0.1221
3451833,3451833,1346004899.86452,37.718883502032,23.350690553568,4196888.47881869,36.010036,1,-0.3373
3451834,3451834,1346004899.86462,37.7188898969027,23.3506897665561,4196889.19196776,36.2055,1,-0.1418
3451835,3451835,1346004899.86462,37.7188898953892,23.3506897627741,4196889.19196967,36.13582,1,-0.2115
3451836,3451836,1346004899.86482,37.718902674838,23.3506881682053,4196890.61712054,36.13982,1,-0.2075
3451837,3451837,1346004899.86492,37.7189090615634,23.3506873660272,4196891.32970313,36.047318,1,-0.3
3451838,3451838,1346004899.86492,37.7189090637948,23.3506873716032,4196891.32970027,36.150055,1,-0.1973
3451839,3451839,1346004899.86502,37.7189154544337,23.3506865742847,4196892.04257563,36.149937,1,-0.1974
3451840,3451840,1346004899.86522,37.7189279837044,23.3506843498034,4196893.44568709,24.540352,3,-11.807
3451841,3451841,1346004899.86522,37.7189282317403,23.3506849749746,4196893.46775416,36.054363,1,-0.293
3451842,3451842,1346004899.86522,37.7189242149757,23.3506748250457,4196893.10995749,-150.8546,0,-187.2019
3451843,3451843,1346004899.86532,37.7189346248062,23.3506841889835,4196894.18063239,36.25357,1,-0.0938
3451844,3451844,1346004899.86532,37.7189346196966,23.3506841762151,4196894.18034819,36.018322,1,-0.329
3451845,3451845,1346004899.86542,37.7189410094057,23.3506833819368,4196894.89294318,36.063038,1,-0.2843
3451846,3451846,1346004899.86552,37.7189473992901,23.3506825882037,4196895.60554389,36.115925,1,-0.2314
3451847,3451847,1346004899.86552,37.718947179512,23.3506820336434,4196895.58610037,25.902906,3,-10.4444
3451848,3451848,1346004899.86572,37.7189678485109,23.3507003756047,4196897.71437529,393.0335,0,356.6862
3451849,3451849,1346004899.86572,37.7189601794317,23.3506809970188,4196897.03104476,36.151672,1,-0.1957
3451850,3451850,1346004899.86572,37.7189601600264,23.3506809485265,4196897.02933196,35.258236,1,-1.0891
3451851,3451851,1346004899.86572,37.7189601825335,23.35068100477,4196897.03133086,36.294483,1,-0.0529
3451852,3451852,1346004899.86582,37.718966566754,23.3506801972411,4196897.7433689,36.08717,1,-0.2602
3451853,3451853,1346004899.86582,37.7189665671695,23.3506801982794,4196897.74336699,36.1063,1,-0.241
3451854,3451854,1346004899.86592,37.7189729606033,23.350679408909,4196898.45656279,36.23577,1,-0.1116
3451855,3451855,1346004899.86602,37.7189793469158,23.3506786068761,4196899.16889647,36.125362,1,-0.222
3451856,3451856,1346004899.86602,37.7189793459231,23.3506786043955,4196899.16860846,36.07966,1,-0.2677
3451857,3451857,1346004899.86602,37.718979343523,23.3506785983977,4196899.16861228,35.969154,1,-0.3782
3451858,3451858,1346004899.86602,37.7189793433584,23.3506785979865,4196899.16861228,35.96158,1,-0.3858
3451859,3451859,1346004899.86602,37.7189793519759,23.350678619521,4196899.16917876,36.358337,1,0.011
3451860,3451860,1346004899.86612,37.7189857388401,23.3506778138405,4196899.88111825,36.182915,1,-0.1644
3451861,3451861,1346004899.86612,37.7189857371076,23.3506778095108,4196899.88082744,36.10314,1,-0.2442
3451862,3451862,1346004899.86622,37.7189921290159,23.3506770217534,4196900.5936801,36.251133,1,-0.0962
3451863,3451863,1346004899.86632,37.7189982747909,23.3506756087267,4196901.28476031,24.885391,3,-11.4619
3451864,3451864,1346004899.86632,37.7189985147763,23.3506762137916,4196901.30595334,36.028835,1,-0.3185
3451865,3451865,1346004899.86632,37.7189982062728,23.3506754321501,4196901.27866371,21.636513,0,-14.7108
3451866,3451866,1346004899.86652,37.7190112954212,23.3506746261521,4196902.73137505,36.0935,1,-0.2538
3451867,3451867,1346004899.86652,37.7190112915243,23.3506746164139,4196902.73108513,35.91408,1,-0.4333
3451868,3451868,1346004899.86652,37.7190112962642,23.3506746282585,4196902.73166568,36.13231,1,-0.215
3451869,3451869,1346004899.86662,37.719017437687,23.3506732098474,4196903.421928,24.655416,3,-11.6919
3451870,3451870,1346004899.86662,37.7190176852442,23.3506738338372,4196903.44423349,36.147503,1,-0.1998
3451871,3451871,1346004899.86662,37.7190176812709,23.350673823908,4196903.44365318,35.964565,1,-0.3828
3451872,3451872,1346004899.86672,37.7190240791723,23.3506730469629,4196904.15709169,36.303448,1,-0.0439
3451873,3451873,1346004899.86672,37.7190240767692,23.3506730409577,4196904.15709312,36.192806,1,-0.1545
3451874,3451874,1346004899.86672,37.7190240800582,23.3506730491768,4196904.15738304,36.344234,1,-0.0031
3451875,3451875,1346004899.86682,37.7190304609522,23.3506722349096,4196904.86908491,35.98839,1,-0.3589
3451876,3451876,1346004899.86682,37.7190304663724,23.3506722484545,4196904.86966379,36.237946,1,-0.1094
3451877,3451877,1346004899.86682,37.7190304635916,23.3506722415053,4196904.86937482,36.109913,1,-0.2374
3451878,3451878,1346004899.86692,37.7190368578487,23.3506714558257,4196905.58252771,36.282345,1,-0.065
3451879,3451879,1346004899.86692,37.7190368024332,23.3506713173437,4196905.57761438,33.730934,0,-2.6164
3451880,3451880,1346004899.86702,37.7190432425047,23.3506706513434,4196906.29452379,36.101135,1,-0.2462
3451881,3451881,1346004899.86702,37.7190432389679,23.350670642505,4196906.29423482,35.938293,1,-0.409
3451882,3451882,1346004899.86702,37.7190432419351,23.3506706499199,4196906.29452379,36.07491,1,-0.2724
3451883,3451883,1346004899.86712,37.7190496349898,23.3506698616305,4196907.00738962,36.193485,1,-0.1539
3451884,3451884,1346004899.86722,37.7190560233704,23.3506690668616,4196907.71996934,36.18534,1,-0.162
3451885,3451885,1346004899.86722,37.7190560215017,23.3506690621919,4196907.71997125,36.099308,1,-0.248
3451886,3451886,1346004899.86732,37.7190624105508,23.3506682643092,4196908.43255479,36.03512,1,-0.3122
3451887,3451887,1346004899.86742,37.7190688009558,23.3506674750269,4196909.14513643,36.12192,1,-0.2254
3451888,3451888,1346004899.86742,37.719068803645,23.3506674817471,4196909.14542539,36.245735,1,-0.1016
3451889,3451889,1346004899.86752,37.7190751915098,23.3506666863385,4196909.85772092,36.216507,1,-0.1308
3451890,3451890,1346004899.86762,37.7190815822705,23.3506658933993,4196910.57060297,36.233917,1,-0.1134
3451891,3451891,1346004899.86762,37.7190815811023,23.3506658904799,4196910.57060392,36.18013,1,-0.1672
3451892,3451892,1346004899.86762,37.7190815791977,23.3506658857204,4196910.570314,36.09244,1,-0.2549
3451893,3451893,1346004899.86772,37.7190879682357,23.3506650937036,4196911.28290613,36.119205,1,-0.2281
3451894,3451894,1346004899.86782,37.7190943626821,23.3506643104454,4196911.99607904,36.308357,1,-0.039
3451895,3451895,1346004899.86792,37.7191007469101,23.3506635068892,4196912.70809991,36.115784,1,-0.2316
3451896,3451896,1346004899.86792,37.7191007435884,23.3506634985881,4196912.70781381,35.96285,1,-0.3845
3451897,3451897,1346004899.86792,37.7191007502033,23.350663515119,4196912.70838697,36.26741,1,-0.0799
3451898,3451898,1346004899.86802,37.7191071381825,23.3506627161905,4196913.42099149,36.161003,1,-0.1863
3451899,3451899,1346004899.86812,37.7191135275939,23.3506619260894,4196914.13359411,36.209362,1,-0.138
3451900,3451900,1346004899.86812,37.7191135263239,23.3506619229157,4196914.13330419,36.15089,1,-0.1964
3451901,3451901,1346004899.86822,37.7191267944834,23.3506785109621,4196915.45882661,356.2314,0,319.8841
3451902,3451902,1346004899.86822,37.7191199142474,23.3506611243601,4196914.84591539,36.04427,1,-0.3031
3451903,3451903,1346004899.86832,37.7191263055357,23.3506603394714,4196915.55852373,36.18147,1,-0.1659
3451904,3451904,1346004899.86832,37.7191263051314,23.3506603384611,4196915.55852373,36.162857,1,-0.1845
3451905,3451905,1346004899.86832,37.7191260340726,23.3506596503706,4196915.53450449,23.49436,3,-12.853
3451906,3451906,1346004899.86832,37.719126296785,23.3506603176032,4196915.55766351,35.778572,1,-0.5688
3451907,3451907,1346004899.86842,37.7191326943217,23.3506595436036,4196916.27113969,36.11706,1,-0.2303
3451908,3451908,1346004899.86842,37.7191326948122,23.3506595448292,4196916.27113779,36.13964,1,-0.2077
3451909,3451909,1346004899.86842,37.719132693836,23.3506595423896,4196916.27113969,36.094696,1,-0.2526
3451910,3451910,1346004899.86852,37.7191390810224,23.3506587477924,4196916.98346956,36.04561,1,-0.3017
3451911,3451911,1346004899.86852,37.7191390847321,23.3506587570629,4196916.98375375,36.216408,1,-0.1309
3451912,3451912,1346004899.86852,37.7191390846117,23.350658756762,4196916.98375566,36.210865,1,-0.1365
3451913,3451913,1346004899.86862,37.7191454746481,23.3506579645709,4196917.69637735,36.20667,1,-0.1407
3451914,3451914,1346004899.86862,37.719145474632,23.3506579645308,4196917.69637735,36.20593,1,-0.1414
3451915,3451915,1346004899.86872,37.7191518537836,23.3506571504156,4196918.40814645,35.789616,1,-0.5577
3451916,3451916,1346004899.86872,37.7191518549571,23.3506571533483,4196918.40814455,35.843647,1,-0.5037
3451917,3451917,1346004899.86872,37.7191518602237,23.3506571665098,4196918.40871675,36.086132,1,-0.2612
3451918,3451918,1346004899.86882,37.7191582484546,23.3506563753723,4196919.12105615,36.089256,1,-0.2581
3451919,3451919,1346004899.86892,37.7191646362589,23.350655583287,4196919.83293182,36.071075,1,-0.2763
3451920,3451920,1346004899.86892,37.7191643802302,23.3506549327515,4196919.81024993,24.094545,3,-12.2528
3451921,3451921,1346004899.86902,37.7191757360204,23.350666695592,4196920.96518797,255.27492,0,218.9276
3451922,3451922,1346004899.86902,37.7191710254067,23.3506547950312,4196920.54550654,36.11934,1,-0.228
3451923,3451923,1346004899.86902,37.7191710265673,23.3506547979316,4196920.54550642,36.172775,1,-0.1746
3451924,3451924,1346004899.86922,37.7191838082155,23.3506532257161,4196921.97094864,36.340572,1,-0.0068
3451925,3451925,1346004899.86922,37.7191838068813,23.3506532223818,4196921.97094888,36.279144,1,-0.0682
3451926,3451926,1346004899.86922,37.7191838067453,23.350653222042,4196921.97094888,36.27288,1,-0.0745
3451927,3451927,1346004899.86932,37.7191901900691,23.3506524151585,4196922.68294686,35.96997,1,-0.3774
3451928,3451928,1346004899.86932,37.7191901927553,23.3506524218717,4196922.68323702,36.093655,1,-0.2537
3451929,3451929,1346004899.86942,37.7191994245182,23.3506588190415,4196923.64893311,168.44464,0,132.0973
3451930,3451930,1346004899.86942,37.7191965845264,23.3506516414085,4196923.3958146,36.268955,1,-0.0784
3451931,3451931,1346004899.86942,37.719196583041,23.3506516376963,4196923.39581508,36.20056,1,-0.1468
3451932,3451932,1346004899.86952,37.7192029665555,23.3506508319261,4196924.10781688,35.90969,1,-0.4376
3451933,3451933,1346004899.86962,37.7192093584391,23.3506500523895,4196924.82068795,36.0935,1,-0.2538
3451934,3451934,1346004899.86972,37.7192157488317,23.3506492644629,4196925.53327102,36.122707,1,-0.2246
3451935,3451935,1346004899.86982,37.7192221387239,23.3506484806125,4196926.24585551,36.218277,1,-0.1291
3451936,3451936,1346004899.86992,37.7192285266117,23.3506476870979,4196926.95815247,36.135677,1,-0.2117
3451937,3451937,1346004899.86992,37.7192285184087,23.350647666598,4196926.95757693,35.75799,1,-0.5893
3451938,3451938,1346004899.86992,37.7192285271799,23.3506476885179,4196926.95844335,36.161835,1,-0.1855
3451939,3451939,1346004899.86992,37.719228523701,23.3506476798237,4196926.95815486,36.001656,1,-0.3457
3451940,3451940,1346004899.86992,37.7192285274513,23.350647689196,4196926.95844335,36.17433,1,-0.173
3451941,3451941,1346004899.87002,37.7192349138912,23.3506468973985,4196927.67074222,36.114532,1,-0.2328
3451942,3451942,1346004899.87002,37.7192346265986,23.3506461687223,4196927.64507598,22.698465,3,-13.6489
3451943,3451943,1346004899.87012,37.7192413042236,23.3506461106816,4196928.38333243,36.148125,1,-0.1992
3451944,3451944,1346004899.87022,37.7192476638397,23.3506452525458,4196929.09304255,34.857002,1,-1.4903
3451945,3451945,1346004899.87022,37.7192476912034,23.3506453209302,4196929.09563559,36.11689,1,-0.2304
3451946,3451946,1346004899.87032,37.7192540830738,23.3506445387623,4196929.80822867,36.225063,1,-0.1223
3451947,3451947,1346004899.87032,37.7192539704443,23.3506442519369,4196929.79844874,30.945097,0,-5.4022
3451948,3451948,1346004899.87042,37.7192604682647,23.3506437452531,4196930.52053851,36.11528,1,-0.2321
3451949,3451949,1346004899.87052,37.7192668587406,23.3506429603219,4196931.23313731,36.16313,1,-0.1842
3451950,3451950,1346004899.87052,37.719266858284,23.3506429591807,4196931.23313731,36.14211,1,-0.2052
3451951,3451951,1346004899.87062,37.7192732432595,23.3506421658623,4196931.94516105,36.02635,1,-0.321
3451952,3451952,1346004899.87072,37.7192796365551,23.3506413887146,4196932.65805263,36.208023,1,-0.1393
3451953,3451953,1346004899.87072,37.7192796359562,23.3506413872178,4196932.65805358,36.18045,1,-0.1669
3451954,3451954,1346004899.87092,37.7192924126459,23.3506398142965,4196934.08298034,36.181725,1,-0.1656
3451955,3451955,1346004899.87092,37.7192923183776,23.3506395733556,4196934.07467765,31.747133,0,-4.6002
3451956,3451956,1346004899.87092,37.7192924149595,23.3506398200783,4196934.08326835,36.288246,1,-0.0591
3451957,3451957,1346004899.87092,37.7192924131777,23.3506398156255,4196934.08298034,36.206207,1,-0.1411
3451958,3451958,1346004899.87092,37.7192924135329,23.3506398165133,4196934.08297938,36.222565,1,-0.1248
3451959,3451959,1346004899.87102,37.7192988017622,23.3506390328304,4196934.79530066,36.26484,1,-0.0825
3451960,3451960,1346004899.87112,37.7193051857415,23.3506382389113,4196935.50734157,36.113552,1,-0.2338
3451961,3451961,1346004899.87122,37.719311573667,23.3506374502512,4196936.21996325,36.058456,1,-0.2889
3451962,3451962,1346004899.87122,37.719311320077,23.3506368111456,4196936.19709224,24.288288,3,-12.059
3451963,3451963,1346004899.87122,37.7193115760524,23.3506374562128,4196936.21995753,36.16829,1,-0.179
3451964,3451964,1346004899.87132,37.7193179617482,23.3506366673647,4196936.93229312,36.100365,1,-0.247
3451965,3451965,1346004899.87132,37.7193179643791,23.3506366739397,4196936.93257922,36.2215,1,-0.1258
3451966,3451966,1346004899.87152,37.7193307354922,23.350635086755,4196938.35668391,35.90415,1,-0.4432
3451967,3451967,1346004899.87152,37.7193307437113,23.3506351072956,4196938.35754222,36.282578,1,-0.0648
3451968,3451968,1346004899.87162,37.719337125496,23.3506343098708,4196939.06931132,36.041256,1,-0.3061
3451969,3451969,1346004899.87162,37.71933712883,23.3506343182029,4196939.06959742,36.194763,1,-0.1526
3451970,3451970,1346004899.87172,37.7193435184398,23.3506335405589,4196939.78153792,36.312794,1,-0.0345
3451971,3451971,1346004899.87172,37.7193435088612,23.3506335166206,4196939.78066543,35.87177,1,-0.4756
3451972,3451972,1346004899.87182,37.719349903835,23.3506327479808,4196940.49382997,36.154636,1,-0.1927
3451973,3451973,1346004899.87182,37.7193499043623,23.3506327492987,4196940.49382985,36.178917,1,-0.1684
3451974,3451974,1346004899.87182,37.7193499012217,23.3506327414499,4196940.49353922,36.034313,1,-0.313
3451975,3451975,1346004899.87192,37.719356290507,23.3506319639975,4196941.20583129,36.145245,1,-0.2021
3451976,3451976,1346004899.87192,37.7193562884144,23.3506319587676,4196941.20583177,36.048893,1,-0.2984
3451977,3451977,1346004899.87192,37.7193562912787,23.350631965926,4196941.20612228,36.180775,1,-0.1666
3451978,3451978,1346004899.87202,37.7193626790844,23.3506311802002,4196941.91841567,36.13828,1,-0.2091
3451979,3451979,1346004899.87202,37.7193626766394,23.3506311740897,4196941.91812504,36.025703,1,-0.3216
3451980,3451980,1346004899.87212,37.7193690695239,23.3506304064661,4196942.63099945,36.30707,1,-0.0403
3451981,3451981,1346004899.87212,37.719369068616,23.3506304041973,4196942.63070882,36.265274,1,-0.0821
3451982,3451982,1346004899.87222,37.7193754532843,23.3506296164615,4196943.34300387,36.17074,1,-0.1766
3451983,3451983,1346004899.87222,37.7193754558737,23.3506296229328,4196943.34300292,36.28996,1,-0.0574
3451984,3451984,1346004899.87252,37.7193946553359,23.350627082646,4196945.48575461,35.818108,1,-0.5292
3451985,3451985,1346004899.87252,37.7193946609349,23.350627096639,4196945.48633349,36.075905,1,-0.2714
3451986,3451986,1346004899.87272,37.7194074277987,23.3506255559972,4196946.90977252,36.030193,1,-0.3171
3451987,3451987,1346004899.87282,37.7194138156431,23.3506247948693,4196947.621781,36.170483,1,-0.1769
3451988,3451988,1346004899.87282,37.7194138132285,23.350624788835,4196947.62178386,36.05931,1,-0.288
3451989,3451989,1346004899.87292,37.7194201981135,23.3506240257306,4196948.33350337,36.153442,1,-0.1939
3451990,3451990,1346004899.87292,37.7194201984355,23.3506240265353,4196948.33350242,36.168266,1,-0.1791
3451991,3451991,1346004899.87292,37.7194201982794,23.3506240261451,4196948.33350337,36.16108,1,-0.1863
3451992,3451992,1346004899.87292,37.7194201984018,23.3506240264509,4196948.33350242,36.16671,1,-0.1806
3451993,3451993,1346004899.87312,37.7194329676025,23.3506224951351,4196949.75723899,36.248608,1,-0.0987
3451994,3451994,1346004899.87312,37.7194326864068,23.3506217816689,4196949.73220313,23.113016,3,-13.2343
3451995,3451995,1346004899.87312,37.7194326851153,23.350621778441,4196949.73220408,23.053547,3,-13.2938
3451996,3451996,1346004899.87322,37.7194393478007,23.3506217216129,4196950.46867431,36.134354,1,-0.213
3451997,3451997,1346004899.87322,37.7194393492622,23.3506217252654,4196950.46867335,36.201645,1,-0.1457
3451998,3451998,1346004899.87332,37.7194470208995,23.3506242122025,4196951.29532111,96.12444,0,59.7771
3451999,3451999,1346004899.87332,37.7194457355618,23.3506209624363,4196951.1806885,36.283165,1,-0.0642
3452000,3452000,1346004899.87342,37.7194521159525,23.3506201902488,4196951.89212764,36.18264,1,-0.1647
3452001,3452001,1346004899.87342,37.719452113619,23.3506201844169,4196951.8921305,36.075195,1,-0.2721
3452002,3452002,1346004899.87352,37.7194585018352,23.3506194272274,4196952.60414565,36.249798,1,-0.0975
3452003,3452003,1346004899.87382,37.7194776454137,23.3506171154869,4196954.73877013,35.99293,1,-0.3544
3452004,3452004,1346004899.87382,37.7194776496111,23.3506171259768,4196954.73905433,36.18619,1,-0.1611
3452005,3452005,1346004899.87382,37.7194776494465,23.3506171255655,4196954.73905623,36.178616,1,-0.1687
3452006,3452006,1346004899.87392,37.719484030697,23.3506163526406,4196955.45050586,36.04196,1,-0.3054
3452007,3452007,1346004899.87392,37.7194840319971,23.3506163558896,4196955.45079577,36.101818,1,-0.2455
3452008,3452008,1346004899.87392,37.7194840343999,23.3506163618947,4196955.45108188,36.212452,1,-0.1349
3452009,3452009,1346004899.87402,37.7194904129072,23.3506155875086,4196956.16224444,36.039402,1,-0.3079
3452010,3452010,1346004899.87402,37.719490411463,23.3506155838995,4196956.16195453,35.97291,1,-0.3744
3452011,3452011,1346004899.87412,37.7194967970059,23.3506148225245,4196956.87398684,36.038517,1,-0.3088
3452012,3452012,1346004899.87412,37.7194968022636,23.3506148356645,4196956.87455905,36.2806,1,-0.0667
3452013,3452013,1346004899.87442,37.7195159453238,23.3506125300301,4196959.00893176,36.041523,1,-0.3058
3452014,3452014,1346004899.87452,37.719522328035,23.3506117679955,4196959.71995421,36.07023,1,-0.2771
3452015,3452015,1346004899.87462,37.7195287124187,23.3506110057374,4196960.43166448,36.09372,1,-0.2536
3452016,3452016,1346004899.87472,37.7195348121551,23.3506095217847,4196961.11810793,22.824877,3,-13.5225
3452017,3452017,1346004899.87472,37.7195350955934,23.3506102408527,4196961.14337446,36.063732,1,-0.2836
3452018,3452018,1346004899.87472,37.7195350970253,23.3506102444313,4196961.14337434,36.12966,1,-0.2177
3452019,3452019,1346004899.87482,37.7195414799959,23.3506094844103,4196961.8550836,36.180035,1,-0.1673
3452020,3452020,1346004899.87492,37.7195478656834,23.3506087265878,4196962.56679215,36.270077,1,-0.0773
3452021,3452021,1346004899.87502,37.719554243746,23.3506079550776,4196963.27821149,36.098755,1,-0.2486
3452022,3452022,1346004899.87512,37.7195603450183,23.350606481499,4196963.96472968,22.996786,3,-13.3505
3452023,3452023,1346004899.87512,37.7195606264627,23.3506071955825,4196963.98962917,36.143833,1,-0.2035
3452024,3452024,1346004899.87522,37.7195670113849,23.3506064370001,4196964.70162858,36.20497,1,-0.1424
3452025,3452025,1346004899.87522,37.7195670101577,23.3506064339331,4196964.70133867,36.148464,1,-0.1989
3452026,3452026,1346004899.87522,37.7195670087791,23.3506064304878,4196964.70133914,36.08499,1,-0.2623
3452027,3452027,1346004899.87522,37.7195667297216,23.3506057223699,4196964.6764573,23.04785,3,-13.2995
3452028,3452028,1346004899.87532,37.7195733917385,23.3506056723592,4196965.41275682,36.145405,1,-0.2019
3452029,3452029,1346004899.87542,37.7195794569995,23.3506041049387,4196966.09615602,21.304007,3,-15.0433
3452030,3452030,1346004899.87552,37.7195861558415,23.3506041526883,4196966.83588495,36.188763,1,-0.1586
3452031,3452031,1346004899.87562,37.7195925400492,23.3506033938171,4196967.54759397,36.225155,1,-0.1222
3452032,3452032,1346004899.87582,37.719605304756,23.3506018728846,4196968.97072591,36.220703,1,-0.1266
3452033,3452033,1346004899.87592,37.7196116754074,23.3506010862059,4196969.68128576,35.726387,1,-0.6209
3452034,3452034,1346004899.87592,37.7196116848237,23.3506011097387,4196969.68214883,36.159943,1,-0.1874
3452035,3452035,1346004899.87592,37.7196113856026,23.3506003512313,4196969.65538205,22.194408,3,-14.1529
3452036,3452036,1346004899.87602,37.7196180649769,23.3506003471642,4196970.39328088,36.105038,1,-0.2423
3452037,3452037,1346004899.87602,37.7196180640444,23.3506003448337,4196970.39328184,36.062103,1,-0.2852
3452038,3452038,1346004899.87602,37.7196180674979,23.3506003534645,4196970.39356984,36.22111,1,-0.1262
3452039,3452039,1346004899.87622,37.7196308330245,23.3505988324628,4196971.81670942,36.182167,1,-0.1652
3452040,3452040,1346004899.87622,37.7196308316561,23.350598829043,4196971.81671228,36.119164,1,-0.2282
3452041,3452041,1346004899.87632,37.7196372163574,23.3505980788893,4196972.52842321,36.27928,1,-0.0681
3452042,3452042,1346004899.87642,37.7196435953051,23.350597309722,4196973.23956384,36.088737,1,-0.2586
3452043,3452043,1346004899.87642,37.719643598473,23.350597317639,4196973.2398509,36.234596,1,-0.1127
3452044,3452044,1346004899.87652,37.7196499804732,23.3505965614218,4196973.95127859,36.273975,1,-0.0734
3452045,3452045,1346004899.87652,37.7196499787877,23.3505965572095,4196973.95128145,36.196373,1,-0.151
3452046,3452046,1346004899.87662,37.7196563477462,23.3505957687379,4196974.66156377,35.63705,1,-0.7103
3452047,3452047,1346004899.87662,37.7196563580596,23.3505957945126,4196974.66242208,36.11191,1,-0.2354
3452048,3452048,1346004899.87672,37.7196627430653,23.3505950415012,4196975.37414064,36.205635,1,-0.1417
3452049,3452049,1346004899.87682,37.719669123596,23.3505942826175,4196976.08557596,36.182617,1,-0.1647
3452050,3452050,1346004899.87702,37.7196818908233,23.3505927712838,4196977.50902833,36.250423,1,-0.0969
3452051,3452051,1346004899.87712,37.7196882684966,23.3505920062349,4196978.21988954,36.100887,1,-0.2464
3452052,3452052,1346004899.87712,37.7196882696258,23.350592009057,4196978.22017755,36.15288,1,-0.1945
3452053,3452053,1346004899.87722,37.7196946507262,23.3505912528911,4196978.93132867,36.16277,1,-0.1846
3452054,3452054,1346004899.87722,37.7196946515956,23.3505912550638,4196978.93161859,36.2028,1,-0.1445
3452055,3452055,1346004899.87732,37.7197010356318,23.3505905013896,4196979.64265321,36.25875,1,-0.0886
3452056,3452056,1346004899.87732,37.7197010324433,23.350590493421,4196979.64236233,36.11194,1,-0.2354
3452057,3452057,1346004899.87732,37.7197010369474,23.3505905046773,4196979.6426532,36.31932,1,-0.028
3452058,3452058,1346004899.87742,37.7197074155607,23.3505897429226,4196980.35377042,36.21789,1,-0.1294
3452059,3452059,1346004899.87742,37.7197074153546,23.3505897424075,4196980.35377042,36.2084,1,-0.1389
3452060,3452060,1346004899.87742,37.7197074115831,23.350589732982,4196980.35347979,36.034748,1,-0.3126
3452061,3452061,1346004899.87752,37.7197137959139,23.3505889808454,4196981.06517802,36.11055,1,-0.2368
3452062,3452062,1346004899.87762,37.7197201772296,23.3505882264567,4196981.77658461,36.136635,1,-0.2107
3452063,3452063,1346004899.87762,37.7197201769926,23.3505882258643,4196981.77658485,36.12572,1,-0.2216
3452064,3452064,1346004899.87772,37.7197265614763,23.3505874747153,4196982.48828147,36.2116,1,-0.1357
3452065,3452065,1346004899.87782,37.719732940297,23.3505867146894,4196983.1993966,36.12579,1,-0.2215
3452066,3452066,1346004899.87782,37.7197329426878,23.3505867206646,4196983.19968675,36.235874,1,-0.1115
3452067,3452067,1346004899.87782,37.7197329394144,23.3505867124839,4196983.19939707,36.085155,1,-0.2622
3452068,3452068,1346004899.87782,37.7197329429465,23.3505867213109,4196983.19968651,36.247784,1,-0.0996
3452069,3452069,1346004899.87792,37.7197393237799,23.3505859616308,4196983.91109274,36.168533,1,-0.1788
3452070,3452070,1346004899.87802,37.7197457034029,23.3505852041937,4196984.62220715,36.122543,1,-0.2248
3452071,3452071,1346004899.87812,37.7197520842368,23.3505844450914,4196985.3336129,36.046146,1,-0.3012
3452072,3452072,1346004899.87812,37.7197520839692,23.3505844444226,4196985.3336129,36.033825,1,-0.3135
3452073,3452073,1346004899.87812,37.7197520885752,23.3505844559334,4196985.33390091,36.2459,1,-0.1014
3452074,3452074,1346004899.87822,37.7197584648728,23.3505836907551,4196986.0450177,36.04958,1,-0.2978
3452075,3452075,1346004899.87832,37.7197648478948,23.3505829376832,4196986.75642203,36.076656,1,-0.2707
3452076,3452076,1346004899.87832,37.7197648455583,23.350582931844,4196986.75613259,35.969078,1,-0.3783
3452077,3452077,1346004899.87832,37.7197648457599,23.3505829323478,4196986.75642346,35.97836,1,-0.369
3452078,3452078,1346004899.87832,37.7197645605264,23.3505822088106,4196986.73101805,22.656897,3,-13.6904
3452079,3452079,1346004899.87852,37.7197776120634,23.3505814326524,4196988.17952155,36.135967,1,-0.2114
3452080,3452080,1346004899.87852,37.7197776147371,23.3505814393343,4196988.17952059,36.25907,1,-0.0883
3452081,3452081,1346004899.87862,37.7197839900333,23.3505806727471,4196988.89034842,36.021885,1,-0.3255
3452082,3452082,1346004899.87872,37.7197903713089,23.3505799213672,4196989.60175322,36.06125,1,-0.2861
3452083,3452083,1346004899.87872,37.7197903745848,23.3505799295539,4196989.60204123,36.21208,1,-0.1353
3452084,3452084,1346004899.87872,37.719790084738,23.3505791944905,4196989.57642744,22.67822,3,-13.6691
3452085,3452085,1346004899.87892,37.719803136424,23.3505784257915,4196991.02485465,36.261642,1,-0.0857
3452086,3452086,1346004899.87892,37.7198031362229,23.3505784252889,4196991.02485465,36.252384,1,-0.095
3452087,3452087,1346004899.87902,37.719809519069,23.3505776736258,4196991.73626135,36.280064,1,-0.0673
3452088,3452088,1346004899.87902,37.7198092054148,23.3505768790675,4196991.70840453,21.65005,3,-14.6973
3452089,3452089,1346004899.87912,37.7198158969123,23.3505769146862,4196992.44738196,36.166096,1,-0.1812
3452090,3452090,1346004899.87912,37.7198158956634,23.3505769115653,4196992.44709204,36.108597,1,-0.2387
3452091,3452091,1346004899.87912,37.7198156008453,23.3505761640807,4196992.42098044,22.345848,3,-14.0015
3452092,3452092,1346004899.87912,37.7198156082191,23.3505761825086,4196992.42155455,22.68536,3,-13.662
3452093,3452093,1346004899.87952,37.7198414201713,23.3505739010874,4196995.29244708,36.093147,1,-0.2542
3452094,3452094,1346004899.87952,37.7198414231301,23.3505739084819,4196995.29273508,36.229385,1,-0.118
3452095,3452095,1346004899.87962,37.7198477972355,23.3505731364097,4196996.00358008,35.86101,1,-0.4863
3452096,3452096,1346004899.87992,37.7198669464663,23.3505708987435,4196998.13811491,36.175938,1,-0.1714
3452097,3452097,1346004899.88002,37.7198733247039,23.3505701378754,4196998.84925459,36.00153,1,-0.3458
3452098,3452098,1346004899.88002,37.7198733298082,23.3505701506315,4196998.84953497,36.23655,1,-0.1108
3452099,3452099,1346004899.88002,37.7198730329383,23.3505693980264,4196998.82331656,22.379358,3,-13.968
3452100,3452100,1346004899.88012,37.7198797091166,23.3505693974421,4196999.56011808,36.1967,1,-0.1506
3452101,3452101,1346004899.88022,37.7198860876125,23.3505686426102,4197000.27122011,36.12343,1,-0.2239
3452102,3452102,1346004899.88032,37.7198924701715,23.3505678931577,4197000.9826118,36.15048,1,-0.1969
3452103,3452103,1346004899.88032,37.71989247194,23.3505678975772,4197000.98290243,36.231907,1,-0.1154
3452104,3452104,1346004899.88042,37.7198988500622,23.3505671422099,4197001.69400277,36.142998,1,-0.2043
3452105,3452105,1346004899.88052,37.7199052349066,23.3505663988589,4197002.40568271,36.27679,1,-0.0705
3452106,3452106,1346004899.88072,37.719917993593,23.3505648902006,4197003.82787933,36.127464,1,-0.2199
3452107,3452107,1346004899.88072,37.7199179965526,23.3505648975968,4197003.82816877,36.26373,1,-0.0836
3452108,3452108,1346004899.88082,37.7199240618013,23.3505633503852,4197004.51148596,21.583614,3,-14.7637
3452109,3452109,1346004899.88092,37.7199307570539,23.3505633941975,4197005.25065413,36.200603,1,-0.1467
3452110,3452110,1346004899.88112,37.7199435165052,23.350561888865,4197006.673139,36.09153,1,-0.2558
3452111,3452111,1346004899.88112,37.7199435205128,23.3505618988799,4197006.67342701,36.276047,1,-0.0713
3452112,3452112,1346004899.88112,37.7199435187813,23.3505618945528,4197006.67313757,36.196323,1,-0.151
3452113,3452113,1346004899.88112,37.7199435160594,23.3505618877508,4197006.673139,36.071003,1,-0.2763
3452114,3452114,1346004899.88122,37.7199498942054,23.3505611338735,4197007.38394585,35.988342,1,-0.359
3452115,3452115,1346004899.88132,37.7199562781365,23.3505603896378,4197008.09562197,36.085003,1,-0.2623
3452116,3452116,1346004899.88132,37.7199562811097,23.350560397068,4197008.09590998,36.2219,1,-0.1254
3452117,3452117,1346004899.88142,37.7199626613082,23.3505596486363,4197008.80700579,36.234745,1,-0.1126
3452118,3452118,1346004899.88142,37.7199626576126,23.3505596394007,4197008.80671778,36.064587,1,-0.2827
3452119,3452119,1346004899.88142,37.7199623658137,23.3505588994798,4197008.78079214,22.44092,3,-13.9064
3452120,3452120,1346004899.88152,37.7199690375278,23.3505588854377,4197009.51810827,35.977295,1,-0.37
3452121,3452121,1346004899.88152,37.7199690426569,23.3505588982552,4197009.51839438,36.213448,1,-0.1339
3452122,3452122,1346004899.88162,37.7199754141416,23.3505581283473,4197010.22891703,35.825974,1,-0.5214
3452123,3452123,1346004899.88162,37.7199754218998,23.3505581477351,4197010.22949114,36.18318,1,-0.1642
3452124,3452124,1346004899.88162,37.71997542343,23.3505581515594,4197010.2297801,36.25364,1,-0.0937
3452125,3452125,1346004899.88172,37.7199818029554,23.3505573969133,4197010.94087973,36.14922,1,-0.1981
3452126,3452126,1346004899.88182,37.7199881814678,23.350556644851,4197011.6519784,36.086094,1,-0.2612
3452127,3452127,1346004899.88192,37.7199945657543,23.3505559023779,4197012.36365595,36.201603,1,-0.1457
3452128,3452128,1346004899.88202,37.720000945373,23.3505551533464,4197013.07475557,36.190067,1,-0.1573
3452129,3452129,1346004899.88202,37.72000094535,23.3505551532889,4197013.07475557,36.189007,1,-0.1583
3452130,3452130,1346004899.88212,37.7200073267145,23.3505544037719,4197013.78614798,36.17058,1,-0.1768
3452131,3452131,1346004899.88212,37.7200070248432,23.3505536386863,4197013.75920858,22.083181,3,-14.2642
3452132,3452132,1346004899.88222,37.7200137006181,23.350553645683,4197014.49667158,35.984005,1,-0.3633
3452133,3452133,1346004899.88222,37.7200136680416,23.3505535642744,4197014.49380865,34.484097,1,-1.8632
3452134,3452134,1346004899.88232,37.7200200835697,23.3505529053486,4197015.20806017,36.12669,1,-0.2206
3452135,3452135,1346004899.88252,37.7200328462329,23.3505514119467,4197016.63084879,36.175903,1,-0.1714
3452136,3452136,1346004899.88262,37.7200392252625,23.3505506571668,4197017.34195986,36.050972,1,-0.2964
3452137,3452137,1346004899.88262,37.7200392227735,23.3505506509467,4197017.34167185,35.93637,1,-0.411
3452138,3452138,1346004899.88272,37.7200456100262,23.3505499168178,4197018.05364504,36.190163,1,-0.1572
3452139,3452139,1346004899.88272,37.7200456073878,23.3505499102245,4197018.05335894,36.068684,1,-0.2787
3452140,3452140,1346004899.88282,37.720051988124,23.3505491648834,4197018.76446619,36.110073,1,-0.2373
3452141,3452141,1346004899.88282,37.7200519902033,23.3505491700796,4197018.7647542,36.205814,1,-0.1415
3452142,3452142,1346004899.88302,37.7200647461105,23.3505476606075,4197020.18605365,35.941784,1,-0.4056
3452143,3452143,1346004899.88302,37.7200647498065,23.3505476698436,4197020.18634434,36.111958,1,-0.2354
3452144,3452144,1346004899.88302,37.7200647526149,23.350547676862,4197020.18663509,36.24127,1,-0.1061
3452145,3452145,1346004899.88312,37.7200711298634,23.3505469230725,4197020.89771761,36.122158,1,-0.2252
3452146,3452146,1346004899.88312,37.7200711298143,23.3505469229497,4197020.89771761,36.119892,1,-0.2274
3452147,3452147,1346004899.88312,37.7200711328809,23.3505469306132,4197020.89800812,36.261093,1,-0.0862
3452148,3452148,1346004899.88312,37.7200708219376,23.3505461428661,4197020.87011768,21.756021,3,-14.5913
3452149,3452149,1346004899.88322,37.7200780907102,23.3505476388464,4197021.66075958,63.068653,0,26.7213
3452150,3452150,1346004899.88332,37.7200838891353,23.3505454226892,4197022.31987919,36.016113,1,-0.3312
3452151,3452151,1346004899.88332,37.7200838894282,23.3505454234211,4197022.31987919,36.029602,1,-0.3177
3452152,3452152,1346004899.88332,37.7200838937554,23.3505454342345,4197022.32045998,36.228832,1,-0.1185
3452153,3452153,1346004899.88332,37.7200833582865,23.350544080053,4197022.27259459,11.291865,0,-25.0555
3452154,3452154,1346004899.88342,37.7200902719859,23.350544678154,4197023.03154005,36.06721,1,-0.2801
3452155,3452155,1346004899.88362,37.7201030337195,23.3505431893185,4197024.45398583,36.16146,1,-0.1859
3452156,3452156,1346004899.88362,37.7201030307107,23.3505431817996,4197024.45369639,36.022926,1,-0.3244
3452157,3452157,1346004899.88362,37.7201030319767,23.3505431849631,4197024.45369591,36.08121,1,-0.2661
3452158,3452158,1346004899.88372,37.7201094122612,23.3505424342073,4197025.16506495,36.013733,1,-0.3336
3452159,3452159,1346004899.88392,37.7201221783856,23.350540951715,4197026.58808722,36.22147,1,-0.1259
3452160,3452160,1346004899.88392,37.7201221779487,23.3505409506232,4197026.5877973,36.20135,1,-0.146
3452161,3452161,1346004899.88412,37.720134935517,23.3505394469383,4197028.00995125,36.01412,1,-0.3332
3452162,3452162,1346004899.88412,37.7201349376695,23.3505394523172,4197028.01024117,36.113224,1,-0.2341
3452163,3452163,1346004899.88422,37.7201413142847,23.3505386976022,4197028.72102894,35.963066,1,-0.3843
3452164,3452164,1346004899.88432,37.7201477024647,23.3505379668469,4197029.43297161,36.25748,1,-0.0899
3452165,3452165,1346004899.88442,37.7201540777555,23.3505372088874,4197030.14376034,36.045635,1,-0.3017
3452166,3452166,1346004899.88452,37.7201604610347,23.3505364659422,4197030.85541786,36.113647,1,-0.2337
3452167,3452167,1346004899.88462,37.7201668411199,23.3505357200119,4197031.56649555,36.121723,1,-0.2256
3452168,3452168,1346004899.88462,37.7201665651086,23.3505350195728,4197031.54208149,23.22506,3,-13.1223
3452169,3452169,1346004899.88472,37.720173221497,23.3505349698547,4197032.27786411,36.055237,1,-0.2921
3452170,3452170,1346004899.88482,37.7201795834356,23.3505341786094,4197032.98722042,35.226875,1,-1.1205
3452171,3452171,1346004899.88482,37.7201796053951,23.3505342334844,4197032.98922886,36.23794,1,-0.1094
3452172,3452172,1346004899.88482,37.7201796007124,23.3505342217827,4197032.98894466,36.02234,1,-0.325
3452173,3452173,1346004899.88492,37.7201859744873,23.3505334551507,4197033.6994511,35.650887,1,-0.6964
3452174,3452174,1346004899.88502,37.7201923668831,23.3505327400306,4197034.41167797,36.2238,1,-0.1235
3452175,3452175,1346004899.88502,37.7201923640554,23.3505327329645,4197034.41168274,36.093605,1,-0.2537
3452176,3452176,1346004899.88512,37.7201987471801,23.3505319897037,4197035.12305225,36.151543,1,-0.1958
3452177,3452177,1346004899.88522,37.7202051259601,23.350531240558,4197035.83413662,36.09641,1,-0.2509
3452178,3452178,1346004899.88532,37.7202115057756,23.3505304890184,4197036.54522289,36.000774,1,-0.3466
3452179,3452179,1346004899.88532,37.7202115092766,23.3505304977672,4197036.545509,36.161972,1,-0.1854
3452180,3452180,1346004899.88542,37.7202178887487,23.3505297503331,4197037.25659527,36.13744,1,-0.2099
3452181,3452181,1346004899.88542,37.7202178896058,23.3505297524749,4197037.25688328,36.176903,1,-0.1704
3452182,3452182,1346004899.88562,37.7202306425087,23.3505282424616,4197038.67848934,35.847656,1,-0.4997
3452183,3452183,1346004899.88562,37.7202306473495,23.3505282545582,4197038.67906155,36.070538,1,-0.2768
3452184,3452184,1346004899.88572,37.7202369612364,23.3505273378237,4197039.38416828,32.929996,0,-3.4173
3452185,3452185,1346004899.88582,37.7202434106568,23.3505267652943,4197040.10089208,36.126728,1,-0.2206
3452186,3452186,1346004899.88582,37.7202434127898,23.3505267706245,4197040.1011829,36.224937,1,-0.1224
3452187,3452187,1346004899.88592,37.7202497896298,23.3505260164982,4197040.81195434,36.07561,1,-0.2717
3452188,3452188,1346004899.88592,37.7202497909857,23.3505260198863,4197040.81224521,36.13804,1,-0.2093
3452189,3452189,1346004899.88602,37.7202561723755,23.3505252721198,4197041.52359708,36.109833,1,-0.2375
3452190,3452190,1346004899.88602,37.7202561746971,23.3505252779211,4197041.52359672,36.216724,1,-0.1306
3452191,3452191,1346004899.88612,37.7202625496257,23.3505245189443,4197042.23436661,35.977764,1,-0.3696
3452192,3452192,1346004899.88612,37.7202625522711,23.3505245255548,4197042.23465677,36.099564,1,-0.2478
3452193,3452193,1346004899.88612,37.7202625517824,23.3505245243336,4197042.23465701,36.07706,1,-0.2703
3452194,3452194,1346004899.88622,37.7202689321415,23.3505237739093,4197042.94600721,35.999718,1,-0.3476
3452195,3452195,1346004899.88632,37.7202753157654,23.3505230365704,4197043.65735503,36.15937,1,-0.188
3452196,3452196,1346004899.88652,37.7202880752141,23.3505215372721,4197045.07976027,36.02929,1,-0.318
3452197,3452197,1346004899.88652,37.7202880801415,23.350521549585,4197045.08004923,36.256157,1,-0.0912
3452198,3452198,1346004899.88652,37.7202880792144,23.3505215472684,4197045.08004923,36.21347,1,-0.1339
3452199,3452199,1346004899.88652,37.7202880794109,23.3505215477594,4197045.08004923,36.22252,1,-0.1248
3452200,3452200,1346004899.88662,37.7202944609452,23.3505208000592,4197045.79139586,36.195606,1,-0.1517
3452201,3452201,1346004899.88662,37.7202944617155,23.350520801984,4197045.79139586,36.23107,1,-0.1163
3452202,3452202,1346004899.88672,37.7203008354891,23.3505200398027,4197046.50216408,35.933422,1,-0.4139
3452203,3452203,1346004899.88672,37.720300839785,23.3505200505376,4197046.50245257,36.131218,1,-0.2161
3452204,3452204,1346004899.88672,37.7203008436937,23.3505200603048,4197046.50274106,36.31118,1,-0.0362
3452205,3452205,1346004899.88682,37.720307220674,23.3505193010951,4197047.21379967,36.072605,1,-0.2747
3452206,3452206,1346004899.88682,37.720307221242,23.3505193025144,4197047.21379872,36.098755,1,-0.2486
3452207,3452207,1346004899.88692,37.7203136019211,23.3505185574512,4197047.92514439,36.11701,1,-0.2303
3452208,3452208,1346004899.88692,37.7203135968972,23.3505185448972,4197047.92456647,35.885696,1,-0.4616
3452209,3452209,1346004899.88692,37.7203135986405,23.3505185492534,4197047.92485543,35.96596,1,-0.3814
3452210,3452210,1346004899.88692,37.7203136037867,23.3505185621132,4197047.92514248,36.202904,1,-0.1444
3452211,3452211,1346004899.88702,37.7203199851139,23.3505178136204,4197048.63648911,36.16238,1,-0.185
3452212,3452212,1346004899.88702,37.7203199821468,23.3505178062061,4197048.6362011,36.02577,1,-0.3216
3452213,3452213,1346004899.88702,37.7203199838068,23.350517810354,4197048.63649102,36.102196,1,-0.2451
3452214,3452214,1346004899.88712,37.7203263650142,23.3505170664578,4197049.34783669,36.14263,1,-0.2047
3452215,3452215,1346004899.88712,37.7203263599342,23.3505170537637,4197049.34725972,35.908737,1,-0.4386
3452216,3452216,1346004899.88712,37.7203263597958,23.3505170534178,4197049.34725972,35.902363,1,-0.445
3452217,3452217,1346004899.88732,37.7203391279465,23.3505155747333,4197050.77052804,36.156425,1,-0.1909
3452218,3452218,1346004899.88732,37.7203387954254,23.3505147331086,4197050.7409174,20.658,3,-15.6893
3452219,3452219,1346004899.88752,37.720351887446,23.3505140740706,4197052.19264432,36.00754,1,-0.3398
3452220,3452220,1346004899.88752,37.7203518820789,23.3505140606591,4197052.19236012,35.760426,1,-0.5869
3452221,3452221,1346004899.88752,37.7203518906212,23.350514082005,4197052.19293137,36.153732,1,-0.1936
3452222,3452222,1346004899.88752,37.7203518897209,23.3505140797553,4197052.19293233,36.11228,1,-0.2351
3452223,3452223,1346004899.88772,37.7203646541486,23.350512591017,4197053.61592026,36.185486,1,-0.1618
3452224,3452224,1346004899.88792,37.7203774165839,23.3505110968796,4197055.03833027,36.161945,1,-0.1854
3452225,3452225,1346004899.88792,37.7203774183944,23.3505111014036,4197055.03861828,36.245304,1,-0.102
3452226,3452226,1346004899.88792,37.7203774194501,23.3505111040417,4197055.03861638,36.29391,1,-0.0534
3452227,3452227,1346004899.88802,37.7203837968907,23.3505103498552,4197055.74968167,36.150085,1,-0.1973
3452228,3452228,1346004899.88822,37.7203965591203,23.3505088495429,4197057.172394,36.021652,1,-0.3257
3452229,3452229,1346004899.88822,37.7203965600529,23.3505088518734,4197057.172394,36.064594,1,-0.2827
3452230,3452230,1346004899.88832,37.7204029440902,23.3505081138111,4197057.88374539,36.220455,1,-0.1269
3452231,3452231,1346004899.88832,37.7204029444267,23.350508114652,4197057.8840334,36.23595,1,-0.1114
3452232,3452232,1346004899.88832,37.7204029394848,23.3505081023032,4197057.8834612,36.008415,1,-0.3389
3452233,3452233,1346004899.88842,37.7204093222392,23.3505073609083,4197058.5948164,36.103825,1,-0.2435
3452234,3452234,1346004899.88842,37.7204093201152,23.3505073556008,4197058.59482022,36.00603,1,-0.3413
3452235,3452235,1346004899.88852,37.7204157067509,23.3505066187987,4197059.30646535,36.191162,1,-0.1562
3452236,3452236,1346004899.88852,37.7204157071289,23.3505066197432,4197059.30646344,36.208565,1,-0.1388
3452237,3452237,1346004899.88852,37.7204157034558,23.3505066105648,4197059.30617924,36.039448,1,-0.3079
3452238,3452238,1346004899.88882,37.7204347460167,23.3505041105207,4197061.43056521,31.260931,0,-5.0864
3452239,3452239,1346004899.88882,37.720434841468,23.3505043543872,4197061.43898532,35.749935,1,-0.5974
3452240,3452240,1346004899.88892,37.7204412317021,23.350503630993,4197062.1511868,36.18244,1,-0.1649
3452241,3452241,1346004899.88892,37.7204412292478,23.3505036248603,4197062.1508964,36.069443,1,-0.2779
3452242,3452242,1346004899.88902,37.7204472973126,23.3505020855773,4197062.83439288,21.478657,3,-14.8687
3452243,3452243,1346004899.88922,37.7204603758744,23.3505013886377,4197064.28517208,36.161686,1,-0.1856
3452244,3452244,1346004899.88922,37.7204603745215,23.3505013852571,4197064.28517303,36.099396,1,-0.2479
3452245,3452245,1346004899.88922,37.7204603741241,23.3505013842641,4197064.28488216,36.081097,1,-0.2662
3452246,3452246,1346004899.88932,37.720466757878,23.3505006440623,4197064.99649868,36.209023,1,-0.1383
3452247,3452247,1346004899.88932,37.7204667543063,23.3505006351374,4197064.99620971,36.044575,1,-0.3028
3452248,3452248,1346004899.88942,37.7204731402006,23.3504998951469,4197065.70811662,36.18188,1,-0.1655
3452249,3452249,1346004899.88942,37.7204731376995,23.350499888897,4197065.70782718,36.066723,1,-0.2806
3452250,3452250,1346004899.88942,37.7204731397217,23.3504998939501,4197065.70782623,36.15983,1,-0.1875
3452251,3452251,1346004899.88952,37.7204795221324,23.3504991500644,4197066.41944275,36.222687,1,-0.1246
3452252,3452252,1346004899.88962,37.7204858994747,23.3504983883695,4197067.13048134,35.962963,1,-0.3844
3452253,3452253,1346004899.88962,37.7204858988047,23.3504983866953,4197067.13019094,35.932117,1,-0.4152
3452254,3452254,1346004899.88962,37.7204859018818,23.3504983943842,4197067.1304799,36.07379,1,-0.2735
3452255,3452255,1346004899.88972,37.7204922898318,23.3504976590232,4197067.84267482,36.300804,1,-0.0465
3452256,3452256,1346004899.88992,37.7205050486071,23.3504961549311,4197069.26474819,36.136433,1,-0.2109
3452257,3452257,1346004899.89002,37.7205114282092,23.3504953981738,4197069.97607765,35.97397,1,-0.3734
3452258,3452258,1346004899.89002,37.7205114348708,23.3504954148193,4197069.97665367,36.280678,1,-0.0667
3452259,3452259,1346004899.89002,37.720511428832,23.3504953997299,4197069.97607765,36.00264,1,-0.3447
3452260,3452260,1346004899.89002,37.7205114340718,23.3504954128231,4197069.97665462,36.243896,1,-0.1034
3452261,3452261,1346004899.89002,37.7205114324383,23.3504954087413,4197069.9763647,36.168686,1,-0.1786
3452262,3452262,1346004899.89022,37.7205241940748,23.3504939057202,4197071.39902172,36.03806,1,-0.3093
3452263,3452263,1346004899.89022,37.7205241964351,23.3504939116181,4197071.39931068,36.146736,1,-0.2006
3452264,3452264,1346004899.89032,37.7205305762032,23.3504931596851,4197072.11034832,36.074192,1,-0.2731
3452265,3452265,1346004899.89042,37.7205369648113,23.3504924246708,4197072.82254371,36.31929,1,-0.028
3452266,3452266,1346004899.89042,37.7205369621581,23.350492418041,4197072.8222557,36.19713,1,-0.1502
3452267,3452267,1346004899.89052,37.7205433416849,23.3504916651124,4197073.53329715,36.10986,1,-0.2375
3452268,3452268,1346004899.89052,37.7205433436438,23.3504916700072,4197073.53358516,36.20005,1,-0.1473
3452269,3452269,1346004899.89062,37.7205497253974,23.3504909174656,4197074.24491939,36.125893,1,-0.2214
3452270,3452270,1346004899.89062,37.7205497274607,23.3504909226212,4197074.2452074,36.220886,1,-0.1264
3452271,3452271,1346004899.89072,37.7205561081559,23.3504901722066,4197074.95653972,36.18372,1,-0.1636
3452272,3452272,1346004899.89072,37.7205561043054,23.3504901625852,4197074.95625457,36.006435,1,-0.3409
3452273,3452273,1346004899.89082,37.7205624927396,23.3504894263252,4197075.66816196,36.236134,1,-0.1112
3452274,3452274,1346004899.89082,37.7205624892226,23.3504894175372,4197075.66787777,36.074207,1,-0.2731
3452275,3452275,1346004899.89092,37.7205688725151,23.3504886731948,4197076.37920818,36.152855,1,-0.1945
3452276,3452276,1346004899.89092,37.7205685507892,23.3504878585795,4197076.35062847,21.15153,3,-15.1958
3452277,3452277,1346004899.89102,37.7205752578027,23.3504879286485,4197077.09112415,36.23388,1,-0.1135
3452278,3452278,1346004899.89112,37.7205816378565,23.350487175784,4197077.8024641,36.15958,1,-0.1878
3452279,3452279,1346004899.89112,37.7205816395124,23.3504871799216,4197077.80246029,36.235817,1,-0.1115
3452280,3452280,1346004899.89112,37.7205816400801,23.3504871813403,4197077.80246029,36.26196,1,-0.0854
3452281,3452281,1346004899.89122,37.7205880208331,23.3504864250275,4197078.51380405,36.130333,1,-0.217
3452282,3452282,1346004899.89122,37.7205880168491,23.3504864150727,4197078.51351986,35.946903,1,-0.4004
3452283,3452283,1346004899.89132,37.7205944006198,23.3504856710544,4197079.22515163,36.039833,1,-0.3075
3452284,3452284,1346004899.89132,37.7205944007797,23.350485671454,4197079.22515163,36.047195,1,-0.3001
3452285,3452285,1346004899.89142,37.7206007834371,23.3504849242459,4197079.93582842,36.083748,1,-0.2636
3452286,3452286,1346004899.89152,37.7206077797852,23.3504857165447,4197080.70206529,64.48466,0,28.1373
3452287,3452287,1346004899.89152,37.7206071682273,23.3504841723698,4197080.64772397,36.0445,1,-0.3028
3452288,3452288,1346004899.89152,37.7206071694152,23.350484175338,4197080.64772385,36.09919,1,-0.2481
3452289,3452289,1346004899.89162,37.7206135525262,23.3504834289881,4197081.3593269,36.15578,1,-0.1916
3452290,3452290,1346004899.89162,37.7206135531634,23.3504834305802,4197081.35932678,36.185116,1,-0.1622
3452291,3452291,1346004899.89182,37.7206263148818,23.3504819209474,4197082.78194958,35.997276,1,-0.3501
3452292,3452292,1346004899.89182,37.7206263136305,23.3504819178206,4197082.78195006,35.939663,1,-0.4077
3452293,3452293,1346004899.89192,37.720632700618,23.3504811754718,4197083.49384075,36.08104,1,-0.2663
3452294,3452294,1346004899.89192,37.7206327011256,23.3504811767401,4197083.49384075,36.10441,1,-0.2429
3452295,3452295,1346004899.89192,37.7206327030178,23.3504811814682,4197083.49413091,36.191532,1,-0.1558
3452296,3452296,1346004899.89212,37.7206454684321,23.3504796796288,4197084.91703969,36.1615,1,-0.1858
3452297,3452297,1346004899.89222,37.7206518074947,23.3504788217732,4197085.62459069,34.177654,1,-2.1697
3452298,3452298,1346004899.89222,37.7206518463288,23.3504789188085,4197085.62805969,35.965656,1,-0.3817
3452299,3452299,1346004899.89222,37.7206518467523,23.3504789198667,4197085.62805969,35.985153,1,-0.3622
3452300,3452300,1346004899.89222,37.7206518504516,23.3504789291101,4197085.62834817,36.155476,1,-0.1919
3452301,3452301,1346004899.89232,37.7206582133064,23.350478262459,4197086.33701783,36.125546,1,-0.2218
3452302,3452302,1346004899.89232,37.7206582167168,23.3504782709805,4197086.3373068,36.282566,1,-0.0648
3452303,3452303,1346004899.89232,37.7206582139383,23.3504782640378,4197086.33701736,36.154636,1,-0.1927
3452304,3452304,1346004899.89242,37.720664600512,23.350477515989,4197087.04919559,36.29925,1,-0.0481
3452305,3452305,1346004899.89242,37.7206645968351,23.3504775068016,4197087.04861575,36.12996,1,-0.2174
3452306,3452306,1346004899.89252,37.7206709821699,23.3504767553978,4197087.76050454,36.215363,1,-0.132
3452307,3452307,1346004899.89252,37.7206709786319,23.3504767465574,4197087.76021558,36.052467,1,-0.2949
3452308,3452308,1346004899.89262,37.7206773688087,23.3504760020121,4197088.47239286,36.27103,1,-0.0763
3452309,3452309,1346004899.89282,37.7206901355282,23.35047448305,4197089.89588624,36.1615,1,-0.1858
3452310,3452310,1346004899.89282,37.7206901335859,23.3504744781967,4197089.89559633,36.072067,1,-0.2753
3452311,3452311,1346004899.89282,37.7206901356879,23.350474483449,4197089.89588529,36.16885,1,-0.1785
3452312,3452312,1346004899.89292,37.7206965189729,23.350473720898,4197090.60748845,36.06358,1,-0.2838
3452313,3452313,1346004899.89302,37.720702905364,23.350472970825,4197091.31937867,36.186745,1,-0.1606
3452314,3452314,1346004899.89312,37.7207092872724,23.3504722092878,4197092.03098279,36.10135,1,-0.246
3452315,3452315,1346004899.89312,37.7207092907542,23.3504722179877,4197092.0312708,36.261658,1,-0.0857
3452316,3452316,1346004899.89322,37.7207156766481,23.3504714611646,4197092.74316674,36.26997,1,-0.0774
3452317,3452317,1346004899.89322,37.7207156746378,23.3504714561416,4197092.74287778,36.177414,1,-0.1699
3452318,3452318,1346004899.89322,37.7207156750919,23.3504714572763,4197092.74287683,36.198322,1,-0.149
3452319,3452319,1346004899.89342,37.7207284455256,23.3504699444323,4197094.16667157,36.23369,1,-0.1136
3452320,3452320,1346004899.89352,37.7207348273127,23.3504691815326,4197094.87828237,36.134003,1,-0.2133
3452321,3452321,1346004899.89352,37.7207348284691,23.3504691844219,4197094.87828046,36.18724,1,-0.1601
3452322,3452322,1346004899.89362,37.7207412098357,23.3504684152249,4197095.58989698,35.97841,1,-0.3689
3452323,3452323,1346004899.89362,37.72074121392,23.3504684254304,4197095.59018308,36.16646,1,-0.1809
3452324,3452324,1346004899.89372,37.7207475980535,23.3504676678608,4197096.30179483,36.170452,1,-0.1769
3452325,3452325,1346004899.89382,37.7207539839908,23.3504669095512,4197097.01370126,36.167717,1,-0.1796
3452326,3452326,1346004899.89382,37.7207539810334,23.3504669021616,4197097.01341516,36.03155,1,-0.3158
3452327,3452327,1346004899.89382,37.7207539843756,23.3504669105126,4197097.01369935,36.185432,1,-0.1619
3452328,3452328,1346004899.89392,37.7207603651316,23.3504661439699,4197097.72532159,36.02958,1,-0.3178
3452329,3452329,1346004899.89392,37.7207603687975,23.3504661531296,4197097.72560579,36.19836,1,-0.149
3452330,3452330,1346004899.89402,37.7207667574833,23.3504654011524,4197098.43780404,36.317825,1,-0.0295
3452331,3452331,1346004899.89422,37.7207795248478,23.3504638761897,4197099.86058095,36.173985,1,-0.1734
3452332,3452332,1346004899.89422,37.7207792052959,23.350463067028,4197099.83207531,21.27273,3,-15.0746
3452333,3452333,1346004899.89432,37.7207859098498,23.3504631191839,4197100.57245986,36.204956,1,-0.1424
3452334,3452334,1346004899.89432,37.7207859072719,23.3504631127427,4197100.57216922,36.086266,1,-0.2611
3452335,3452335,1346004899.89432,37.7207858579871,23.3504629895959,4197100.5678095,33.81709,1,-2.5302
3452336,3452336,1346004899.89432,37.7207859060553,23.3504631097029,4197100.57216928,36.03025,1,-0.3171
3452337,3452337,1346004899.89432,37.7207859109682,23.3504631219784,4197100.5724598,36.256447,1,-0.0909
3452338,3452338,1346004899.89442,37.7207922509248,23.3504622471692,4197101.28027199,34.123657,1,-2.2237
3452339,3452339,1346004899.89442,37.7207922963799,23.3504623607466,4197101.28433798,36.216503,1,-0.1308
3452340,3452340,1346004899.89452,37.7207986773562,23.3504615931442,4197101.99592553,36.0578,1,-0.2895
3452341,3452341,1346004899.89462,37.7208050593044,23.3504608277012,4197102.70751295,35.94169,1,-0.4056
3452342,3452342,1346004899.89462,37.7208047322111,23.3504599996971,4197102.67822347,20.693201,3,-15.6541
3452343,3452343,1346004899.89472,37.7208114474564,23.3504600725091,4197103.41938959,36.021446,1,-0.3259
3452344,3452344,1346004899.89482,37.7208178361375,23.3504593183692,4197104.13184772,36.12341,1,-0.2239
3452345,3452345,1346004899.89482,37.7208178386564,23.3504593246631,4197104.13184629,36.239384,1,-0.108
3452346,3452346,1346004899.89492,37.7208242222654,23.3504585625616,4197104.84372363,36.19329,1,-0.154
3452347,3452347,1346004899.89502,37.7208306099515,23.3504578053963,4197105.55589042,36.245155,1,-0.1022
3452348,3452348,1346004899.89512,37.7208369927324,23.3504570406861,4197106.26747785,36.156647,1,-0.1907
3452349,3452349,1346004899.89522,37.7208433754972,23.3504562756661,4197106.97906623,36.06527,1,-0.2821
3452350,3452350,1346004899.89522,37.7208433799457,23.3504562867814,4197106.97935377,36.27009,1,-0.0772
3452351,3452351,1346004899.89522,37.7208433781971,23.3504562824123,4197106.9793552,36.18958,1,-0.1578
3452352,3452352,1346004899.89532,37.7208497621202,23.350455515035,4197107.69094453,36.06178,1,-0.2856
3452353,3452353,1346004899.89542,37.7208557820772,23.3504538322341,4197108.37025056,19.073257,0,-17.2741
3452354,3452354,1346004899.89562,37.7208689175037,23.3504532352605,4197109.82658182,36.094913,1,-0.2524
3452355,3452355,1346004899.89562,37.7208689179472,23.3504532363687,4197109.82658182,36.115334,1,-0.232
3452356,3452356,1346004899.89562,37.7208689183809,23.3504532374524,4197109.82658086,36.135303,1,-0.212
3452357,3452357,1346004899.89572,37.7208752787802,23.3504524102178,4197110.53645406,34.915936,1,-1.4314
3452358,3452358,1346004899.89572,37.7208753046753,23.3504524749211,4197110.53875432,36.108208,1,-0.2391
3452359,3452359,1346004899.89582,37.7208816921129,23.350451719959,4197111.25063405,36.219265,1,-0.1281
3452360,3452360,1346004899.89582,37.7208816922867,23.3504517203933,4197111.25063405,36.22727,1,-0.1201
3452361,3452361,1346004899.89592,37.7208880777541,23.3504509552566,4197111.96281228,36.157887,1,-0.1894
3452362,3452362,1346004899.89592,37.7208880777338,23.3504509552059,4197111.96281228,36.156956,1,-0.1904
3452363,3452363,1346004899.89592,37.7208880806073,23.3504509623859,4197111.96309934,36.289257,1,-0.0581
3452364,3452364,1346004899.89602,37.7208944673677,23.3504502051931,4197112.67498098,36.36494,1,0.0176
3452365,3452365,1346004899.89602,37.7208944600375,23.3504501868773,4197112.67440782,36.027443,1,-0.3199
3452366,3452366,1346004899.89602,37.720894459547,23.3504501856517,4197112.67440973,36.00486,1,-0.3425
3452367,3452367,1346004899.89602,37.7208944634507,23.3504501954057,4197112.67469488,36.184593,1,-0.1627
3452368,3452368,1346004899.89612,37.7209008381624,23.3504494078383,4197113.3854321,35.703438,1,-0.6439
3452369,3452369,1346004899.89612,37.7209008482388,23.3504494330159,4197113.38658223,36.16738,1,-0.18
3452370,3452370,1346004899.89612,37.7209008429102,23.3504494197016,4197113.38600717,35.922043,1,-0.4253
3452371,3452371,1346004899.89632,37.7209136246424,23.3504479145244,4197114.8109406,36.265816,1,-0.0815
3452372,3452372,1346004899.89642,37.7209200052839,23.3504471409678,4197115.52225767,36.051456,1,-0.2959
3452373,3452373,1346004899.89642,37.7209200023222,23.3504471335674,4197115.52197061,35.915092,1,-0.4322
3452374,3452374,1346004899.89642,37.7209200031831,23.3504471357185,4197115.52196966,35.954727,1,-0.3926
3452375,3452375,1346004899.89652,37.7209263981537,23.350446392715,4197116.23501668,36.31043,1,-0.0369
3452376,3452376,1346004899.89652,37.7209260687266,23.3504455588823,4197116.20557103,20.954401,3,-15.3929
3452377,3452377,1346004899.89662,37.7209327797375,23.350445620977,4197116.94633756,36.135338,1,-0.212
3452378,3452378,1346004899.89662,37.7209324567024,23.3504448031161,4197116.91777501,21.073612,3,-15.2737
3452379,3452379,1346004899.89672,37.7209391645799,23.350444857114,4197117.65823636,36.10824,1,-0.2391
3452380,3452380,1346004899.89692,37.7209519396503,23.350443337061,4197119.08262143,36.208256,1,-0.1391
3452381,3452381,1346004899.89692,37.7209519393824,23.3504433363917,4197119.08262143,36.195923,1,-0.1514
3452382,3452382,1346004899.89702,37.720958321703,23.3504425602652,4197119.79348518,35.95586,1,-0.3915
3452383,3452383,1346004899.89702,37.7209579968531,23.3504417378695,4197119.76468555,20.81055,3,-15.5368
3452384,3452384,1346004899.89712,37.7209647143751,23.3504418099168,4197120.50622657,36.19351,1,-0.1538
3452385,3452385,1346004899.89722,37.7209710970038,23.350441039191,4197121.21780405,36.05436,1,-0.293
3452386,3452386,1346004899.89722,37.7209711012456,23.3504410497899,4197121.21809444,36.24966,1,-0.0977
3452387,3452387,1346004899.89722,37.7209710998856,23.3504410463917,4197121.21809468,36.187046,1,-0.1603
3452388,3452388,1346004899.89742,37.7209838682506,23.3504395069274,4197122.64183137,35.958206,1,-0.3891
3452389,3452389,1346004899.89752,37.7209902575311,23.3504387520289,4197123.35398886,36.119347,1,-0.228
3452390,3452390,1346004899.89752,37.7209902592061,23.3504387562142,4197123.35427949,36.19647,1,-0.1509
3452391,3452391,1346004899.89752,37.7209899194877,23.3504378966671,4197123.32384965,20.36655,3,-15.9808
3452392,3452392,1346004899.89762,37.7209966471875,23.3504379928226,4197124.06643745,36.208187,1,-0.1391
3452393,3452393,1346004899.89762,37.7209966489856,23.3504379973155,4197124.06643698,36.290977,1,-0.0564
3452394,3452394,1346004899.89762,37.7209966438768,23.3504379845503,4197124.06614801,36.055756,1,-0.2916
3452395,3452395,1346004899.89772,37.7210030265845,23.3504372127024,4197124.77772686,35.91033,1,-0.437
3452396,3452396,1346004899.89782,37.7210094204334,23.3504364634465,4197125.49046394,36.188286,1,-0.159
3452397,3452397,1346004899.89782,37.721009424312,23.3504364731378,4197125.49075338,36.366867,1,0.0195
3452398,3452398,1346004899.89782,37.7210094205273,23.3504364636812,4197125.49046394,36.19261,1,-0.1547
3452399,3452399,1346004899.89792,37.7210158069277,23.350435700536,4197126.2026231,36.213306,1,-0.134
3452400,3452400,1346004899.89802,37.7210221911572,23.3504349317055,4197126.91449329,36.13212,1,-0.2152
3452401,3452401,1346004899.89802,37.721022190105,23.3504349290763,4197126.91420338,36.08367,1,-0.2637
3452402,3452402,1346004899.89822,37.7210349655049,23.3504334029937,4197128.33852455,36.147465,1,-0.1999
3452403,3452403,1346004899.89832,37.7210413466671,23.3504326207357,4197129.05011055,35.83166,1,-0.5157
3452404,3452404,1346004899.89832,37.7210413560474,23.3504326441738,4197129.05097458,36.263554,1,-0.0838
3452405,3452405,1346004899.89842,37.7210477431441,23.3504318764856,4197129.76313946,36.219093,1,-0.1282
3452406,3452406,1346004899.89852,37.7210541265336,23.3504311042609,4197130.47501633,36.089703,1,-0.2576
3452407,3452407,1346004899.89862,37.721060514562,23.3504303433705,4197131.18718025,36.172028,1,-0.1753
3452408,3452408,1346004899.89862,37.7210605142061,23.350430342481,4197131.18718121,36.155636,1,-0.1917
3452409,3452409,1346004899.89862,37.7210605118754,23.3504303366574,4197131.18689224,36.048325,1,-0.299
3452410,3452410,1346004899.89872,37.7210669028716,23.350429577942,4197131.89934895,36.17779,1,-0.1695
3452411,3452411,1346004899.89872,37.7210665483078,23.3504286813003,4197131.86775658,19.66428,3,-16.6831
3452412,3452412,1346004899.89882,37.721073285312,23.3504288025774,4197132.61094067,35.99911,1,-0.3482
3452413,3452413,1346004899.89882,37.7210732886097,23.3504288108174,4197132.61122772,36.15095,1,-0.1964
3452414,3452414,1346004899.89882,37.7210732880942,23.3504288095292,4197132.61122772,36.127213,1,-0.2201
3452415,3452415,1346004899.89892,37.7210796751388,23.3504280404302,4197133.32340023,36.071045,1,-0.2763
3452416,3452416,1346004899.89902,37.7210860586145,23.3504272721291,4197134.03528378,36.024014,1,-0.3233
3452417,3452417,1346004899.89912,37.7210924507233,23.350426515177,4197134.74774429,36.19737,1,-0.15
3452418,3452418,1346004899.89942,37.7211116080121,23.3504242052139,4197136.88370773,36.00541,1,-0.3419
3452419,3452419,1346004899.89952,37.7211179978314,23.3504234465237,4197137.59617874,36.15385,1,-0.1935
3452420,3452420,1346004899.89952,37.7211179988088,23.3504234489661,4197137.59617683,36.198856,1,-0.1485
3452421,3452421,1346004899.89952,37.7211179968766,23.3504234441382,4197137.59618065,36.109894,1,-0.2374
3452422,3452422,1346004899.89962,37.7211243865563,23.3504226798659,4197138.30836365,36.162506,1,-0.1848
3452423,3452423,1346004899.89962,37.7211243837744,23.3504226729147,4197138.30807754,36.034416,1,-0.3129
3452424,3452424,1346004899.89972,37.7211307714139,23.3504219032974,4197139.02056,35.991352,1,-0.356
3452425,3452425,1346004899.89972,37.7211307742118,23.3504219102883,4197139.02055618,36.120174,1,-0.2272
3452426,3452426,1346004899.89982,37.7211371630424,23.3504211483861,4197139.73303673,36.217873,1,-0.1295
3452427,3452427,1346004899.89982,37.7211371585973,23.3504211372794,4197139.73246262,36.01321,1,-0.3341
3452428,3452428,1346004899.89992,37.7211435442661,23.3504203620679,4197140.44407234,35.872845,1,-0.4745
3452429,3452429,1346004899.89992,37.7211435517975,23.3504203808864,4197140.44465366,36.219612,1,-0.1277
3452430,3452430,1346004899.89992,37.7211435464729,23.350420367582,4197140.44407216,35.974453,1,-0.3729
3452431,3452431,1346004899.89992,37.7211432113854,23.3504195196027,4197140.41441939,20.357594,3,-15.9897
3452432,3452432,1346004899.90002,37.7211499374992,23.3504196106768,4197141.1565148,36.16983,1,-0.1775
3452433,3452433,1346004899.90002,37.7211499372646,23.3504196100905,4197141.15651492,36.159023,1,-0.1883
3452434,3452434,1346004899.90002,37.7211499366242,23.3504196084904,4197141.15651492,36.12954,1,-0.2178
3452435,3452435,1346004899.90002,37.7211499377673,23.3504196113468,4197141.15680579,36.182175,1,-0.1652
3452436,3452436,1346004899.90002,37.7211499316256,23.3504195960006,4197141.15622476,35.89939,1,-0.4479
3452437,3452437,1346004899.90012,37.7211563247168,23.3504188440117,4197141.86866656,36.188152,1,-0.1592
3452438,3452438,1346004899.90012,37.7211563241346,23.3504188425571,4197141.8686668,36.161346,1,-0.186
3452439,3452439,1346004899.90022,37.7211627145282,23.3504180786002,4197142.58110872,36.236576,1,-0.1108
3452440,3452440,1346004899.90022,37.7211627121216,23.3504180725868,4197142.58110968,36.125767,1,-0.2216
3452441,3452441,1346004899.90052,37.7211818780477,23.3504157711306,4197144.71785632,36.187252,1,-0.1601
3452442,3452442,1346004899.90052,37.7211818772147,23.3504157690491,4197144.7178568,36.148895,1,-0.1984
3452443,3452443,1346004899.90062,37.7211882594627,23.3504149887677,4197145.4294304,35.93017,1,-0.4172
3452444,3452444,1346004899.90072,37.7211946513814,23.3504142324136,4197146.14216367,36.1551,1,-0.1922
3452445,3452445,1346004899.90092,37.7212074293648,23.3504126993881,4197147.56676236,36.243027,1,-0.1043
3452446,3452446,1346004899.90092,37.7212074279513,23.3504126958564,4197147.56676379,36.177948,1,-0.1694
3452447,3452447,1346004899.90092,37.7212074238354,23.3504126855719,4197147.56618491,35.988438,1,-0.3589
3452448,3452448,1346004899.90102,37.7212138161109,23.3504119244216,4197148.27892057,36.13742,1,-0.2099
3452449,3452449,1346004899.90102,37.7212138184059,23.3504119301561,4197148.27920953,36.24309,1,-0.1042
3452450,3452450,1346004899.90112,37.7212201990107,23.3504111445988,4197148.99079076,35.940826,1,-0.4065
3452451,3452451,1346004899.90112,37.721220200612,23.3504111486,4197148.99078981,36.014557,1,-0.3328
3452452,3452452,1346004899.90112,37.7212202035342,23.3504111559017,4197148.99107782,36.149105,1,-0.1982
3452453,3452453,1346004899.90122,37.7212265907473,23.3504103816401,4197149.70323793,36.06192,1,-0.2854
3452454,3452454,1346004899.90122,37.7212265932918,23.3504103879979,4197149.70352594,36.179077,1,-0.1683
3452455,3452455,1346004899.90122,37.7212265877996,23.3504103742748,4197149.70295087,35.9262,1,-0.4211
3452456,3452456,1346004899.90132,37.7212329799032,23.3504096169903,4197150.41568795,36.150337,1,-0.197
3452457,3452457,1346004899.90132,37.7212329799215,23.3504096170361,4197150.41568795,36.15118,1,-0.1962
3452458,3452458,1346004899.90132,37.7212329797352,23.3504096165705,4197150.41568795,36.1426,1,-0.2047
3452459,3452459,1346004899.90132,37.7212329754835,23.3504096059469,4197150.41511003,35.94684,1,-0.4005
3452460,3452460,1346004899.90142,37.7212393703121,23.3504088502574,4197151.12813893,36.207287,1,-0.14
3452461,3452461,1346004899.90142,37.7212393606201,23.3504088260399,4197151.12727586,35.76103,1,-0.5863
3452462,3452462,1346004899.90152,37.7212457568625,23.3504080786431,4197151.84030286,36.17275,1,-0.1746
3452463,3452463,1346004899.90162,37.7212521437084,23.3504073025558,4197152.5524706,36.06269,1,-0.2846
3452464,3452464,1346004899.90162,37.721252143606,23.3504073022998,4197152.55247155,36.057976,1,-0.2894
3452465,3452465,1346004899.90172,37.7212585304089,23.3504065308679,4197153.26464025,36.032146,1,-0.3152
3452466,3452466,1346004899.90172,37.721258532229,23.3504065354159,4197153.26463739,36.11595,1,-0.2314
3452467,3452467,1346004899.90172,37.7212585329464,23.3504065372083,4197153.26463548,36.148983,1,-0.1984
3452468,3452468,1346004899.90172,37.7212585336303,23.3504065389173,4197153.26492635,36.180473,1,-0.1669
3452469,3452469,1346004899.90172,37.7212585310395,23.3504065324437,4197153.26463834,36.061184,1,-0.2862
3452470,3452470,1346004899.90182,37.7212649210951,23.3504057639302,4197153.9770979,36.096024,1,-0.2513
3452471,3452471,1346004899.90192,37.7212713091907,23.3504049952852,4197154.6892685,36.12686,1,-0.2205
3452472,3452472,1346004899.90202,37.7212776984711,23.3504042243941,4197155.40173188,36.123184,1,-0.2242
3452473,3452473,1346004899.90202,37.7212776976953,23.3504042224558,4197155.40173379,36.087467,1,-0.2599
3452474,3452474,1346004899.90202,37.7212776994742,23.3504042269005,4197155.40173093,36.16937,1,-0.178
3452475,3452475,1346004899.90202,37.7212776979171,23.35040422301,4197155.40173379,36.09768,1,-0.2497
3452476,3452476,1346004899.90212,37.7212840874355,23.3504034574823,4197156.11419717,36.191235,1,-0.1561
3452477,3452477,1346004899.90272,37.7213224152725,23.3503988265019,4197160.38715809,36.1191,1,-0.2282
3452478,3452478,1346004899.90282,37.7213288021308,23.3503980528421,4197161.09930616,36.080944,1,-0.2664
3452479,3452479,1346004899.90282,37.7213288048042,23.3503980595221,4197161.09959667,36.204037,1,-0.1433
3452480,3452480,1346004899.90292,37.7213351902736,23.3503972771981,4197161.81145423,36.013016,1,-0.3343
3452481,3452481,1346004899.90292,37.7213351962532,23.3503972921395,4197161.81203501,36.28834,1,-0.059
3452482,3452482,1346004899.90302,37.7213508047477,23.3504198171581,4197163.34611123,465.39844,0,429.0511
3452483,3452483,1346004899.90302,37.7213415740259,23.3503964953662,4197162.52331274,35.829365,1,-0.518
3452484,3452484,1346004899.90312,37.7213479684188,23.3503957349315,4197163.23633235,36.04677,1,-0.3006
3452485,3452485,1346004899.90322,37.7213543580632,23.350394967418,4197163.94877141,36.132008,1,-0.2153
3452486,3452486,1346004899.90342,37.7213671377893,23.3503934278976,4197165.37365143,36.231426,1,-0.1159
3452487,3452487,1346004899.90342,37.7213671366561,23.350393425066,4197165.37365191,36.17925,1,-0.1681
3452488,3452488,1346004899.90352,37.7213735256969,23.3503926504614,4197166.08580296,36.145542,1,-0.2018
3452489,3452489,1346004899.90352,37.7213735249622,23.3503926486257,4197166.08580296,36.111717,1,-0.2356
3452490,3452490,1346004899.90372,37.7213863006345,23.3503911027888,4197167.51039879,36.105354,1,-0.242
3452491,3452491,1346004899.90372,37.7213863005008,23.3503911024548,4197167.51039879,36.099197,1,-0.2481
3452492,3452492,1346004899.90392,37.7213990791642,23.3503895583372,4197168.93528931,36.138546,1,-0.2088
3452493,3452493,1346004899.90392,37.7213990807099,23.3503895621995,4197168.93528741,36.209717,1,-0.1376
3452494,3452494,1346004899.90392,37.7213990819397,23.3503895652725,4197168.93557732,36.266342,1,-0.081
3452495,3452495,1346004899.90392,37.7213990778135,23.3503895549622,4197168.9349994,36.076355,1,-0.271
3452496,3452496,1346004899.90412,37.7214118608835,23.3503880161143,4197170.36047356,36.226734,1,-0.1206
3452497,3452497,1346004899.90422,37.7214182412532,23.3503872235014,4197171.07206147,35.873974,1,-0.4734
3452498,3452498,1346004899.90422,37.7214182476889,23.3503872395825,4197171.07263653,36.1703,1,-0.177
3452499,3452499,1346004899.90432,37.7214246349038,23.3503864638906,4197171.78479951,36.13173,1,-0.2156
3452500,3452500,1346004899.90442,37.7214309726705,23.3503855594718,4197172.49266141,33.72772,0,-2.6196
3452501,3452501,1346004899.90442,37.721431025553,23.3503856916107,4197172.49725239,36.162647,1,-0.1847
3452502,3452502,1346004899.90442,37.7214310273968,23.3503856962178,4197172.49754136,36.24754,1,-0.0998
3452503,3452503,1346004899.90442,37.7214310245403,23.3503856890803,4197172.4972543,36.11602,1,-0.2313
3452504,3452504,1346004899.90452,37.7214374088034,23.3503849056518,4197173.20913403,35.93961,1,-0.4077
3452505,3452505,1346004899.90452,37.7214374125036,23.3503849148975,4197173.20942013,36.109978,1,-0.2374
3452506,3452506,1346004899.90452,37.721437411155,23.3503849115279,4197173.20942109,36.047886,1,-0.2994
3452507,3452507,1346004899.90452,37.7214374145353,23.3503849199742,4197173.20970814,36.203526,1,-0.1438
3452508,3452508,1346004899.90472,37.7214501916644,23.3503833690936,4197174.63434022,36.15637,1,-0.191
3452509,3452509,1346004899.90482,37.7214565790445,23.3503825879373,4197175.34680741,36.03307,1,-0.3143
3452510,3452510,1346004899.90482,37.7214565807943,23.3503825923094,4197175.34680455,36.113636,1,-0.2337
3452511,3452511,1346004899.90482,37.7214565784557,23.3503825864659,4197175.34680741,36.00596,1,-0.3414
3452512,3452512,1346004899.90492,37.7214629717572,23.3503818249217,4197176.0595588,36.2421,1,-0.1052
3452513,3452513,1346004899.90492,37.7214629677374,23.3503818148772,4197176.05898278,36.05701,1,-0.2903
3452514,3452514,1346004899.90492,37.7214629690582,23.3503818181775,4197176.05927079,36.117825,1,-0.2295
3452515,3452515,1346004899.90492,37.7214629678014,23.3503818150372,4197176.05898278,36.059956,1,-0.2874
3452516,3452516,1346004899.90492,37.7214629692708,23.3503818187087,4197176.05927079,36.127613,1,-0.2197
3452517,3452517,1346004899.90512,37.7214757405935,23.3503802519403,4197177.48335068,35.80611,1,-0.5412
3452518,3452518,1346004899.90522,37.7214821403318,23.350379500985,4197178.19668381,36.248455,1,-0.0989
3452519,3452519,1346004899.90532,37.7214882877896,23.3503781191165,4197178.88777917,25.067366,0,-11.28
3452520,3452520,1346004899.90542,37.7214949181942,23.3503779495617,4197179.6216449,36.223244,1,-0.1241
3452521,3452521,1346004899.90542,37.7214949160412,23.350377944182,4197179.6213588,36.124115,1,-0.2232
3452522,3452522,1346004899.90552,37.7215013074504,23.350377176731,4197180.33344688,36.265087,1,-0.0822
3452523,3452523,1346004899.90572,37.7215140816277,23.3503756201267,4197181.75773968,36.15341,1,-0.1939
3452524,3452524,1346004899.90582,37.7215204665005,23.3503748360533,4197182.46988727,35.9945,1,-0.3528
3452525,3452525,1346004899.90582,37.7215204686429,23.3503748414067,4197182.47017767,36.093147,1,-0.2542
3452526,3452526,1346004899.90582,37.7215204695057,23.3503748435626,4197182.47017743,36.132874,1,-0.2145
3452527,3452527,1346004899.90592,37.7215268614075,23.3503740719104,4197183.18290593,36.209263,1,-0.1381
3452528,3452528,1346004899.90592,37.7215268471255,23.3503740362232,4197183.18174674,35.551655,1,-0.7957
3452529,3452529,1346004899.90592,37.7215268613187,23.3503740716884,4197183.18290593,36.20517,1,-0.1422
3452530,3452530,1346004899.90602,37.7215332500796,23.3503732970254,4197183.89534451,36.223965,1,-0.1234
3452531,3452531,1346004899.90602,37.721533250094,23.3503732970613,4197183.89534451,36.224625,1,-0.1227
3452532,3452532,1346004899.90602,37.7215332456471,23.3503732859497,4197183.8947642,36.01987,1,-0.3275
3452533,3452533,1346004899.90602,37.7215332472216,23.3503732898839,4197183.8950546,36.092365,1,-0.255
3452534,3452534,1346004899.90612,37.7215396352091,23.3503725081494,4197184.60720422,35.987244,1,-0.3601
3452535,3452535,1346004899.90622,37.7215458577787,23.3503713125633,4197185.30489375,28.258347,0,-8.089
3452536,3452536,1346004899.90622,37.7215460276217,23.3503717423134,4197185.31993319,36.17294,1,-0.1744
3452537,3452537,1346004899.90622,37.7215460272767,23.3503717414514,4197185.31993367,36.157055,1,-0.1903
3452538,3452538,1346004899.90622,37.7215460267421,23.3503717401155,4197185.31993367,36.132435,1,-0.2149
3452539,3452539,1346004899.90642,37.7215588061425,23.3503701894637,4197186.74481704,36.164627,1,-0.1827
3452540,3452540,1346004899.90642,37.7215588058797,23.3503701888071,4197186.74481704,36.152527,1,-0.1948
3452541,3452541,1346004899.90642,37.7215587958846,23.3503701638316,4197186.74395062,35.692303,1,-0.655
3452542,3452542,1346004899.90652,37.7215651935655,23.3503694057392,4197187.4572623,36.0312,1,-0.3161
3452543,3452543,1346004899.90662,37.7215792623171,23.3503880348486,4197188.85405185,393.45935,0,357.112
3452544,3452544,1346004899.90662,37.7215715815527,23.3503686282739,4197188.16970755,36.010902,1,-0.3364
3452545,3452545,1346004899.90672,37.72157797733,23.3503678651471,4197188.88273169,36.261124,1,-0.0862
3452546,3452546,1346004899.90672,37.7215779787694,23.3503678687439,4197188.88272979,36.3274,1,-0.0199
3452547,3452547,1346004899.90672,37.7215779741009,23.3503678570782,4197188.88244368,36.11244,1,-0.2349
3452548,3452548,1346004899.90682,37.7215843615667,23.3503670780366,4197189.59460189,36.067154,1,-0.2802
3452549,3452549,1346004899.90692,37.7215907509373,23.3503662986312,4197190.30705096,36.021435,1,-0.3259
3452550,3452550,1346004899.90692,37.7215907513945,23.3503662997736,4197190.30705096,36.042484,1,-0.3049
3452551,3452551,1346004899.90692,37.7215907537293,23.3503663056076,4197190.30733992,36.14999,1,-0.1973
3452552,3452552,1346004899.90702,37.7215971412523,23.3503655264432,4197191.01950194,36.106434,1,-0.2409
3452553,3452553,1346004899.90712,37.7216035310353,23.3503647478068,4197191.73224666,36.078854,1,-0.2685
3452554,3452554,1346004899.90712,37.7216035324768,23.3503647514087,4197191.73224475,36.14522,1,-0.2021
3452555,3452555,1346004899.90712,37.7216035335218,23.3503647540199,4197191.73224379,36.19334,1,-0.154
3452556,3452556,1346004899.90722,37.7216099226729,23.3503639786664,4197192.44469859,36.223938,1,-0.1234
3452557,3452557,1346004899.90722,37.7216099222751,23.3503639776724,4197192.44469859,36.205624,1,-0.1417
3452558,3452558,1346004899.90722,37.7216099210372,23.3503639745792,4197192.44469954,36.148624,1,-0.1987
3452559,3452559,1346004899.90732,37.7216163095324,23.3503631924715,4197193.15716006,36.060974,1,-0.2864
3452560,3452560,1346004899.90732,37.7216163111063,23.3503631964043,4197193.15715911,36.133442,1,-0.2139
3452561,3452561,1346004899.90742,37.7216226998954,23.3503624198969,4197193.86961867,36.14665,1,-0.2007
3452562,3452562,1346004899.90742,37.7216226977998,23.3503624146605,4197193.86933066,36.050156,1,-0.2972
3452563,3452563,1346004899.90752,37.7216290829235,23.350361623883,4197194.5815108,35.806583,1,-0.5408
3452564,3452564,1346004899.90752,37.7216290874049,23.3503616350809,4197194.58179595,36.012928,1,-0.3344
3452565,3452565,1346004899.90752,37.7216290896526,23.3503616406974,4197194.58208205,36.11642,1,-0.2309
3452566,3452566,1346004899.90762,37.7216354792501,23.3503608659692,4197195.29454638,36.16621,1,-0.1811
3452567,3452567,1346004899.90762,37.7216354835455,23.3503608767027,4197195.2951224,36.363995,1,0.0167
3452568,3452568,1346004899.90762,37.7216354780969,23.3503608630877,4197195.29454829,36.113113,1,-0.2342
3452569,3452569,1346004899.90762,37.7216354789475,23.3503608652132,4197195.29454638,36.152275,1,-0.1951
3452570,3452570,1346004899.90772,37.7216418690677,23.3503600916738,4197196.00701262,36.22585,1,-0.1215
3452571,3452571,1346004899.90772,37.7216418677513,23.3503600883843,4197196.00701453,36.16523,1,-0.1821
3452572,3452572,1346004899.90772,37.7216418599153,23.3503600688038,4197196.00615432,35.804424,1,-0.5429
3452573,3452573,1346004899.90782,37.7216482519969,23.3503592950606,4197196.71891333,35.880367,1,-0.467
3452574,3452574,1346004899.90792,37.7216546466933,23.350358532728,4197197.43196036,36.16414,1,-0.1832
3452575,3452575,1346004899.90792,37.7216546459979,23.3503585309901,4197197.43196227,36.13212,1,-0.2152
3452576,3452576,1346004899.90792,37.7216546455354,23.3503585298345,4197197.43196227,36.11082,1,-0.2365
3452577,3452577,1346004899.90802,37.7216610379921,23.3503577568042,4197198.14472701,36.203568,1,-0.1438
3452578,3452578,1346004899.90812,37.7216745667712,23.3503750189671,4197199.49320533,368.48135,0,332.134
3452579,3452579,1346004899.90812,37.7216674266415,23.3503569791416,4197198.85691573,36.208492,1,-0.1388
3452580,3452580,1346004899.90812,37.7216674262965,23.3503569782793,4197198.85691764,36.1926,1,-0.1547
3452581,3452581,1346004899.90822,37.7216738148334,23.3503561952385,4197199.569402,36.104485,1,-0.2429
3452582,3452582,1346004899.90822,37.7216738158483,23.3503561977745,4197199.569402,36.15122,1,-0.1961
3452583,3452583,1346004899.90822,37.7216738132551,23.3503561912947,4197199.56911589,36.031815,1,-0.3155
3452584,3452584,1346004899.90842,37.7216865912614,23.3503546320391,4197200.99363035,35.98254,1,-0.3648
3452585,3452585,1346004899.90842,37.7216865952188,23.350354641928,4197200.99392086,36.164764,1,-0.1826
3452586,3452586,1346004899.90852,37.7216929845367,23.3503538655212,4197201.70635885,36.199886,1,-0.1474
3452587,3452587,1346004899.90862,37.7216993721599,23.3503530797913,4197202.41879815,36.069214,1,-0.2781
3452588,3452588,1346004899.90872,37.7217057644037,23.3503523105019,4197203.13152712,36.238914,1,-0.1084
3452589,3452589,1346004899.90872,37.7217057634703,23.3503523081694,4197203.13123649,36.195934,1,-0.1514
3452590,3452590,1346004899.90892,37.7217185430792,23.3503507521292,4197204.55640787,36.2229,1,-0.1244
3452591,3452591,1346004899.90892,37.7217185402263,23.3503507450003,4197204.55611843,36.091537,1,-0.2558
3452592,3452592,1346004899.90902,37.7217249312756,23.3503499724506,4197205.26884979,36.206173,1,-0.1412
3452593,3452593,1346004899.90912,37.7217313182867,23.3503491897227,4197205.98100227,36.134888,1,-0.2124
3452594,3452594,1346004899.90912,37.7217313191744,23.350349191941,4197205.98100179,36.175762,1,-0.1716
3452595,3452595,1346004899.90922,37.7217377041308,23.3503484039937,4197206.69315713,36.00992,1,-0.3374
3452596,3452596,1346004899.90922,37.7217377021468,23.3503483990358,4197206.69286769,35.91856,1,-0.4288
3452597,3452597,1346004899.90922,37.7217377063835,23.3503484096228,4197206.69344657,36.113644,1,-0.2337
3452598,3452598,1346004899.90932,37.7217440975478,23.3503476321143,4197207.40589183,36.14603,1,-0.2013
3452599,3452599,1346004899.90932,37.7217441000352,23.3503476383298,4197207.40618127,36.260563,1,-0.0868
3452600,3452600,1346004899.90942,37.7217504851997,23.3503468507387,4197208.11833995,36.10446,1,-0.2429
3452601,3452601,1346004899.90942,37.7217504871109,23.3503468555144,4197208.11833805,36.192463,1,-0.1549
3452602,3452602,1346004899.90942,37.7217504850746,23.3503468504259,4197208.11833995,36.098698,1,-0.2486
3452603,3452603,1346004899.90962,37.7217632695317,23.3503453003324,4197209.54381603,36.26203,1,-0.0853
3452604,3452604,1346004899.90962,37.7217632697606,23.3503453009045,4197209.54381603,36.272575,1,-0.0748
3452605,3452605,1346004899.90972,37.7217696574013,23.3503445192715,4197210.25626892,36.230896,1,-0.1164
3452606,3452606,1346004899.90972,37.7217696565446,23.3503445171306,4197210.255979,36.19145,1,-0.1559
3452607,3452607,1346004899.90972,37.7217696522276,23.3503445063431,4197210.2556929,35.99267,1,-0.3547
3452608,3452608,1346004899.90982,37.7217760480207,23.3503437450095,4197210.96872085,36.326553,1,-0.0208
3452609,3452609,1346004899.90982,37.7217760446411,23.3503437365643,4197210.96843284,36.170937,1,-0.1764
3452610,3452610,1346004899.90982,37.7217760452383,23.3503437380568,4197210.96843284,36.198437,1,-0.1489
3452611,3452611,1346004899.90982,37.7217760431806,23.3503437329148,4197210.9684357,36.103687,1,-0.2436
3452612,3452612,1346004899.90992,37.7217824337417,23.3503429534469,4197211.68089145,36.109188,1,-0.2381
3452613,3452613,1346004899.90992,37.7217824335923,23.3503429530736,4197211.68089145,36.10231,1,-0.245
3452614,3452614,1346004899.91002,37.7217887900557,23.3503420933239,4197212.3904776,34.62566,1,-1.7217
3452615,3452615,1346004899.91002,37.721788824277,23.3503421788375,4197212.39334625,36.201405,1,-0.1459
3452616,3452616,1346004899.91002,37.7217888223109,23.3503421739246,4197212.39334816,36.110874,1,-0.2365
3452617,3452617,1346004899.91002,37.721788818871,23.3503421653288,4197212.39306205,35.952484,1,-0.3949
3452618,3452618,1346004899.91002,37.7217888206603,23.3503421697999,4197212.39306015,36.03487,1,-0.3125
3452619,3452619,1346004899.91012,37.7217952147327,23.3503413989732,4197213.10609859,36.20253,1,-0.1448
3452620,3452620,1346004899.91022,37.7218015835248,23.3503405699021,4197213.81684154,35.294083,1,-1.0533
3452621,3452621,1346004899.91022,37.7218015976643,23.3503406052348,4197213.8179869,35.945152,1,-0.4022
3452622,3452622,1346004899.91022,37.7218008548176,23.350338727559,4197213.75176376,1.363367,0,-34.984
3452623,3452623,1346004899.91042,37.7218143830102,23.3503390612707,4197215.2434954,36.240715,1,-0.1066
3452624,3452624,1346004899.91042,37.721814380577,23.3503390551904,4197215.24349826,36.128674,1,-0.2187
3452625,3452625,1346004899.91042,37.7218143809309,23.3503390560747,4197215.24349826,36.14497,1,-0.2024
3452626,3452626,1346004899.91042,37.7218143788012,23.350339050753,4197215.24321025,36.046906,1,-0.3004
3452627,3452627,1346004899.91052,37.7218207702023,23.3503382730116,4197215.95597118,36.092785,1,-0.2546
3452628,3452628,1346004899.91062,37.7218271597532,23.3503374955833,4197216.66844219,36.14151,1,-0.2058
3452629,3452629,1346004899.91062,37.7218271505431,23.3503374725686,4197216.66758388,35.717422,1,-0.6299
3452630,3452630,1346004899.91072,37.7218335477044,23.3503367091147,4197217.38063472,36.029278,1,-0.3181
3452631,3452631,1346004899.91082,37.7218399337075,23.3503359227192,4197218.09282726,35.915436,1,-0.4319
3452632,3452632,1346004899.91082,37.7218399369368,23.3503359307886,4197218.09311336,36.06413,1,-0.2832
3452633,3452633,1346004899.91082,37.7218399363976,23.3503359294414,4197218.09311336,36.039307,1,-0.308
3452634,3452634,1346004899.91082,37.7218398699078,23.3503357579392,4197218.0874123,32.883476,0,-3.4639
3452635,3452635,1346004899.91092,37.7218463293761,23.350335155438,4197218.80588573,36.1594,1,-0.1879
3452636,3452636,1346004899.91102,37.7218527112093,23.3503343585293,4197219.51780361,35.85443,1,-0.4929
3452637,3452637,1346004899.91112,37.7218591076829,23.3503335930016,4197220.23039194,36.13339,1,-0.2139
3452638,3452638,1346004899.91122,37.7218654967033,23.350332813969,4197220.94283246,36.160336,1,-0.187
3452639,3452639,1346004899.91122,37.7218654956391,23.3503328113098,4197220.94283258,36.111336,1,-0.236
3452640,3452640,1346004899.91122,37.7218654971841,23.3503328151704,4197220.94283246,36.182476,1,-0.1649
3452641,3452641,1346004899.91132,37.7218718852239,23.3503320336491,4197221.65527325,36.16479,1,-0.1825
3452642,3452642,1346004899.91142,37.721878278631,23.3503312605125,4197222.36800521,36.307114,1,-0.0402
3452643,3452643,1346004899.91152,37.7218846626242,23.3503304688085,4197223.08015745,36.104206,1,-0.2431
3452644,3452644,1346004899.91152,37.7218846663502,23.3503304781193,4197223.08044713,36.275776,1,-0.0716
3452645,3452645,1346004899.91152,37.7218846641021,23.3503304725017,4197223.08015697,36.17226,1,-0.1751
3452646,3452646,1346004899.91172,37.7218974409902,23.350328901263,4197224.50504534,36.002766,1,-0.3446
3452647,3452647,1346004899.91172,37.7218974469457,23.3503289161451,4197224.50562422,36.276993,1,-0.0703
3452648,3452648,1346004899.91172,37.7218974415136,23.3503289025709,4197224.50504487,36.026863,1,-0.3205
3452649,3452649,1346004899.91202,37.7219166116771,23.3503265675684,4197226.64267295,36.175255,1,-0.1721
3452650,3452650,1346004899.91212,37.7219229964364,23.3503257776216,4197227.35483258,36.01149,1,-0.3358
3452651,3452651,1346004899.91212,37.721923003168,23.3503257944431,4197227.35541003,36.321453,1,-0.0259
3452652,3452652,1346004899.91212,37.7219229997965,23.3503257860181,4197227.35512107,36.16621,1,-0.1811
3452653,3452653,1346004899.91222,37.7219293911133,23.3503250074485,4197228.06786196,36.21744,1,-0.1299
3452654,3452654,1346004899.91222,37.7219293892354,23.3503250027557,4197228.06757205,36.13097,1,-0.2164
3452655,3452655,1346004899.91232,37.7219357416147,23.3503241652544,4197228.77655356,36.030468,1,-0.3169
3452656,3452656,1346004899.91232,37.7219357425381,23.350324167562,4197228.77655261,36.07299,1,-0.2743
3452657,3452657,1346004899.91232,37.7219357443101,23.35032417199,4197228.77684157,36.154583,1,-0.1928
3452658,3452658,1346004899.91242,37.7219421328849,23.3503233894024,4197229.48929732,36.06984,1,-0.2775
3452659,3452659,1346004899.91252,37.7219485279517,23.350322623025,4197230.202331,36.28476,1,-0.0626
3452660,3452660,1346004899.91252,37.7219485231226,23.3503226109576,4197230.20175402,36.062397,1,-0.2849
3452661,3452661,1346004899.91252,37.7219481031517,23.3503215507837,4197230.16434138,16.53583,0,-19.8115
3452662,3452662,1346004899.91262,37.7219549172628,23.3503218372629,4197230.91479056,36.14772,1,-0.1996
3452663,3452663,1346004899.91262,37.7219549186514,23.3503218407327,4197230.91478961,36.21166,1,-0.1357
3452664,3452664,1346004899.91272,37.7219613091879,23.3503210630169,4197231.62754004,36.21957,1,-0.1278
3452665,3452665,1346004899.91282,37.7219677010869,23.3503202837096,4197232.34029238,36.203373,1,-0.144
3452666,3452666,1346004899.91282,37.7219677016753,23.3503202851799,4197232.34029143,36.230465,1,-0.1169
3452667,3452667,1346004899.91292,37.7219740902751,23.3503195026179,4197233.05275862,36.150963,1,-0.1964
3452668,3452668,1346004899.91292,37.7219740920177,23.3503195069723,4197233.05275576,36.2312,1,-0.1161
3452669,3452669,1346004899.91302,37.7219804808332,23.3503187199584,4197233.76551669,36.074875,1,-0.2725
3452670,3452670,1346004899.91312,37.7219868686393,23.3503179354168,4197234.47769873,35.960762,1,-0.3866
3452671,3452671,1346004899.91312,37.72198687529,23.3503179520363,4197234.47827189,36.267002,1,-0.0803
3452672,3452672,1346004899.91322,37.7219932655359,23.3503171686061,4197235.19103568,36.178562,1,-0.1688
3452673,3452673,1346004899.91332,37.7219996564888,23.3503163919428,4197235.90350859,36.211452,1,-0.1359
3452674,3452674,1346004899.91332,37.721999654994,23.3503163882076,4197235.90351241,36.142628,1,-0.2047
3452675,3452675,1346004899.91332,37.7219996549835,23.3503163881814,4197235.90351241,36.142143,1,-0.2052
3452676,3452676,1346004899.91352,37.7220124374299,23.3503148312512,4197237.3287596,36.14851,1,-0.1988
3452677,3452677,1346004899.91352,37.7220124395838,23.3503148366337,4197237.32904761,36.247692,1,-0.0996
3452678,3452678,1346004899.91362,37.722018827368,23.3503140520946,4197238.04124396,36.138157,1,-0.2092
3452679,3452679,1346004899.91362,37.7220188287558,23.3503140555625,4197238.04153197,36.20206,1,-0.1453
3452680,3452680,1346004899.91362,37.722018827357,23.350314052067,4197238.04124396,36.13765,1,-0.2097
3452681,3452681,1346004899.91362,37.7220188280248,23.350314053736,4197238.04153388,36.168404,1,-0.1789
3452682,3452682,1346004899.91382,37.7220316124302,23.3503125018101,4197239.46708815,36.27232,1,-0.075
3452683,3452683,1346004899.91382,37.7220316006983,23.3503124724927,4197239.46594565,35.7321,1,-0.6152
3452684,3452684,1346004899.91392,37.7220380014666,23.3503117152993,4197240.17871855,36.133507,1,-0.2138
3452685,3452685,1346004899.91392,37.7220379986993,23.3503117083841,4197240.17871859,36.006084,1,-0.3413
3452686,3452686,1346004899.91412,37.7220507848178,23.3503101608959,4197241.60418927,36.19698,1,-0.1504
3452687,3452687,1346004899.91422,37.722057173806,23.3503093795221,4197242.31663441,36.150974,1,-0.1964
3452688,3452688,1346004899.91422,37.7220571762556,23.3503093856433,4197242.3169248,36.26377,1,-0.0836
3452689,3452689,1346004899.91432,37.7220635659555,23.3503086010918,4197243.02966189,36.16433,1,-0.183
3452690,3452690,1346004899.91442,37.7220715015776,23.3503117275905,4197243.87972307,108.09416,0,71.7468
3452691,3452691,1346004899.91452,37.7220763482581,23.3503070443511,4197244.45484614,36.191467,1,-0.1559
3452692,3452692,1346004899.91462,37.7220827354851,23.3503062587333,4197245.16729521,36.070583,1,-0.2768
3452693,3452693,1346004899.91462,37.7220822930393,23.350305137018,4197245.12765669,15.4145355,0,-20.9328
3452694,3452694,1346004899.91472,37.7220891290557,23.3503054840225,4197245.88003372,36.15577,1,-0.1916
3452695,3452695,1346004899.91492,37.7221019100984,23.3503039245003,4197247.30522751,36.138138,1,-0.2092
3452696,3452696,1346004899.91492,37.7221019134185,23.350303932797,4197247.305516,36.291016,1,-0.0563
3452697,3452697,1346004899.91492,37.7221019024293,23.3503039053355,4197247.30465054,35.784996,1,-0.5623
3452698,3452698,1346004899.91492,37.7221019120749,23.3503039294396,4197247.30551695,36.22915,1,-0.1182
3452699,3452699,1346004899.91502,37.7221083002095,23.3503031462891,4197248.01797127,36.156925,1,-0.1904
3452700,3452700,1346004899.91522,37.7221210790571,23.3503015816114,4197249.44288372,36.048992,1,-0.2983
3452701,3452701,1346004899.91522,37.722121081217,23.350301587009,4197249.44317269,36.148453,1,-0.1989
3452702,3452702,1346004899.91522,37.7221210797993,23.3503015834661,4197249.44288277,36.083168,1,-0.2642
3452703,3452703,1346004899.91522,37.7221210801284,23.3503015842887,4197249.44288277,36.098324,1,-0.249
3452704,3452704,1346004899.91542,37.7221338617257,23.3503000267282,4197250.86838173,36.124588,1,-0.2227
3452705,3452705,1346004899.91542,37.7221338617384,23.3503000267599,4197250.86838173,36.125175,1,-0.2222
3452706,3452706,1346004899.91542,37.7221338610791,23.3503000251123,4197250.86809182,36.094814,1,-0.2525
3452707,3452707,1346004899.91552,37.7221402518136,23.3502992487662,4197251.5808432,36.15178,1,-0.1956
3452708,3452708,1346004899.91562,37.7221466421142,23.3502984664135,4197252.29330944,36.103085,1,-0.2443
3452709,3452709,1346004899.91562,37.7221466454506,23.3502984747509,4197252.29388737,36.256714,1,-0.0906
3452710,3452710,1346004899.91572,37.7221530298517,23.3502976877102,4197253.00577473,36.1138,1,-0.2335
3452711,3452711,1346004899.91572,37.7221530313441,23.3502976914396,4197253.00577378,36.18252,1,-0.1648
3452712,3452712,1346004899.91572,37.7221530289248,23.3502976853938,4197253.00577568,36.071117,1,-0.2762
3452713,3452713,1346004899.91572,37.7221530321105,23.3502976933549,4197253.00606274,36.21781,1,-0.1295
3452714,3452714,1346004899.91572,37.7221530333318,23.3502976964069,4197253.00606179,36.274048,1,-0.0733
3452715,3452715,1346004899.91582,37.7221594210213,23.3502969076748,4197253.7185347,36.109253,1,-0.2381
3452716,3452716,1346004899.91592,37.7221658099087,23.3502961270044,4197254.43100666,36.08943,1,-0.2579
3452717,3452717,1346004899.91592,37.7221658105022,23.3502961284876,4197254.43100476,36.116764,1,-0.2306
3452718,3452718,1346004899.91602,37.7221721990666,23.3502953420977,4197255.14348435,35.99654,1,-0.3508
3452719,3452719,1346004899.91602,37.7221722031007,23.350295352179,4197255.1437695,36.182304,1,-0.165
3452720,3452720,1346004899.91612,37.7221785909513,23.3502945690788,4197255.85595631,36.119106,1,-0.2282
3452721,3452721,1346004899.91612,37.7221785849389,23.3502945540537,4197255.85567498,35.842247,1,-0.5051
3452722,3452722,1346004899.91612,37.7221785932564,23.3502945748393,4197255.85624432,36.225254,1,-0.1221
3452723,3452723,1346004899.91612,37.7221785936198,23.3502945757475,4197255.85624432,36.24199,1,-0.1053
3452724,3452724,1346004899.91622,37.7221849867585,23.3502938009548,4197256.56930184,36.336838,1,-0.0105
3452725,3452725,1346004899.91642,37.7221977643011,23.3502922347957,4197257.99398445,36.21888,1,-0.1285
3452726,3452726,1346004899.91642,37.7221977620017,23.3502922290495,4197257.99398827,36.113,1,-0.2343
3452727,3452727,1346004899.91642,37.7221977626074,23.3502922305632,4197257.99398827,36.14089,1,-0.2064
3452728,3452728,1346004899.91652,37.7222041482807,23.3502914423737,4197258.70619034,35.986603,1,-0.3607
3452729,3452729,1346004899.91652,37.722204152373,23.3502914526005,4197258.70647454,36.175045,1,-0.1723
3452730,3452730,1346004899.91652,37.7222041514654,23.3502914503324,4197258.70647644,36.13325,1,-0.2141
3452731,3452731,1346004899.91652,37.7222041497334,23.3502914460039,4197258.70618843,36.053493,1,-0.2938
3452732,3452732,1346004899.91662,37.7222105367946,23.3502906563857,4197259.41868805,35.87781,1,-0.4695
3452733,3452733,1346004899.91692,37.7222297094332,23.3502883265467,4197261.55571986,36.065056,1,-0.2823
3452734,3452734,1346004899.91702,37.7222360960387,23.3502875411819,4197262.26816834,35.965965,1,-0.3814
3452735,3452735,1346004899.91712,37.722242493575,23.3502867782483,4197262.98119677,36.285084,1,-0.0623
3452736,3452736,1346004899.91712,37.7222424894069,23.350286767832,4197262.98090686,36.093147,1,-0.2542
3452737,3452737,1346004899.91732,37.7222591396617,23.350294988582,4197264.75084628,216.24074,0,179.8934
3452738,3452738,1346004899.91742,37.7222616575627,23.3502844285666,4197265.11825646,36.11557,1,-0.2318
3452739,3452739,1346004899.91742,37.722261657206,23.3502844276753,4197265.11825694,36.099144,1,-0.2482
3452740,3452740,1346004899.91752,37.7222680502329,23.3502836539217,4197265.83128918,36.2212,1,-0.1261
3452741,3452741,1346004899.91772,37.7222808263313,23.3502820868835,4197267.25590695,36.10278,1,-0.2446
3452742,3452742,1346004899.91782,37.7222872172406,23.3502813131904,4197267.96865166,36.22329,1,-0.124
3452743,3452743,1346004899.91782,37.7222872129527,23.350281302475,4197267.96807326,36.02584,1,-0.3215
3452744,3452744,1346004899.91792,37.7223004080796,23.3502977153512,4197269.28722085,352.6983,0,316.351
3452745,3452745,1346004899.91792,37.7222969225879,23.3502889085794,4197268.97648419,190.48904,0,154.1417
3452746,3452746,1346004899.91792,37.7222936054916,23.3502805279884,4197268.68111123,36.136536,1,-0.2108
3452747,3452747,1346004899.91792,37.7222936048218,23.3502805263145,4197268.68082036,36.10569,1,-0.2416
3452748,3452748,1346004899.91802,37.7222999955754,23.3502797524849,4197269.39356793,36.224716,1,-0.1226
3452749,3452749,1346004899.91812,37.722306384972,23.350278970403,4197270.1060294,36.196465,1,-0.1509
3452750,3452750,1346004899.91842,37.722325552491,23.3502766332627,4197272.24342335,36.27382,1,-0.0735
3452751,3452751,1346004899.91862,37.7223383267643,23.3502750640178,4197273.66807831,36.123646,1,-0.2237
3452752,3452752,1346004899.91882,37.7223510960788,23.3502734829524,4197275.09216965,35.75741,1,-0.5899
3452753,3452753,1346004899.91902,37.722363882181,23.350271944431,4197276.51769913,36.17675,1,-0.1706
3452754,3452754,1346004899.91902,37.7223638774945,23.3502719327193,4197276.51712693,35.96095,1,-0.3864
3452755,3452755,1346004899.91912,37.7223702642692,23.3502711554855,4197277.22931946,36.017868,1,-0.3295
3452756,3452756,1346004899.91942,37.7223894336358,23.350268822362,4197279.36708153,36.186092,1,-0.1612
3452757,3452757,1346004899.91942,37.7223894323508,23.3502688191506,4197279.36679352,36.12692,1,-0.2204
3452758,3452758,1346004899.91942,37.7223890057703,23.3502677423841,4197279.32888116,16.29502,0,-20.0523
3452759,3452759,1346004899.91952,37.7223958229558,23.350268047127,4197280.07957734,36.28558,1,-0.0618
3452760,3452760,1346004899.91952,37.7223958220019,23.3502680447432,4197280.07928933,36.241653,1,-0.1057
3452761,3452761,1346004899.91972,37.7224085935095,23.3502664717773,4197281.50317834,36.03152,1,-0.3158
3452762,3452762,1346004899.91992,37.7224213667673,23.3502649040209,4197282.92749987,35.918488,1,-0.4288
3452763,3452763,1346004899.91992,37.722421368264,23.3502649077611,4197282.92749963,35.987408,1,-0.3599
3452764,3452764,1346004899.92002,37.722427756027,23.3502641244766,4197283.63995252,35.94441,1,-0.4029
3452765,3452765,1346004899.92012,37.7224341479079,23.3502633566458,4197284.35269485,36.18215,1,-0.1652
3452766,3452766,1346004899.92012,37.7224341485628,23.3502633582826,4197284.35269437,36.21231,1,-0.135
3452767,3452767,1346004899.92022,37.7224405354462,23.3502625731467,4197285.0648583,36.135735,1,-0.2116
3452768,3452768,1346004899.92032,37.7224469162225,23.3502617779151,4197285.77673517,35.869095,1,-0.4782
3452769,3452769,1346004899.92032,37.7224464292685,23.350260544907,4197285.73335872,13.162746,0,-23.1846
3452770,3452770,1346004899.92052,37.7224596602189,23.3502601391238,4197287.19847141,34.4503,1,-1.897
3452771,3452771,1346004899.92052,37.7224596958948,23.3502602282815,4197287.20164762,36.093136,1,-0.2542
3452772,3452772,1346004899.92062,37.7224660891804,23.3502594598626,4197287.91439376,36.325512,1,-0.0218
3452773,3452773,1346004899.92072,37.7224724714836,23.3502586691713,4197288.62627635,36.143402,1,-0.2039
3452774,3452774,1346004899.92082,37.7224788597103,23.3502578884797,4197289.33873878,36.15003,1,-0.1973
3452775,3452775,1346004899.92102,37.7224916306371,23.3502563238293,4197290.76279865,36.095,1,-0.2523
3452776,3452776,1346004899.92112,37.7224980181276,23.3502555418669,4197291.47497688,36.078693,1,-0.2686
3452777,3452777,1346004899.92112,37.7224980192923,23.3502555447776,4197291.47526584,36.132324,1,-0.215
3452778,3452778,1346004899.92122,37.7225044050417,23.3502547636466,4197292.18715606,36.127182,1,-0.2202
3452779,3452779,1346004899.92132,37.7225107891548,23.3502539736316,4197292.89934192,35.96275,1,-0.3846
3452780,3452780,1346004899.92132,37.722510713055,23.3502537780954,4197292.89245449,32.364178,1,-3.9832
3452781,3452781,1346004899.92142,37.7225209739791,23.3502627943157,4197293.94980751,212.79881,0,176.4515
3452782,3452782,1346004899.92142,37.7225171753451,23.3502531939943,4197293.61152683,35.985355,1,-0.362
3452783,3452783,1346004899.92142,37.722517181172,23.3502532085564,4197293.61181102,36.25368,1,-0.0937
3452784,3452784,1346004899.92142,37.7225171768661,23.3502531977954,4197293.61152492,36.055397,1,-0.2919
3452785,3452785,1346004899.92142,37.7225171695246,23.350253179448,4197293.61095272,35.717323,1,-0.63
3452786,3452786,1346004899.92152,37.7225235674719,23.350252424402,4197294.32399879,36.197437,1,-0.1499
3452787,3452787,1346004899.92152,37.7225235636167,23.3502524147674,4197294.32371269,36.01991,1,-0.3274
3452788,3452788,1346004899.92152,37.7225235683145,23.3502524265078,4197294.32428871,36.23624,1,-0.1111
3452789,3452789,1346004899.92162,37.722529951719,23.3502516403071,4197295.03619037,36.13809,1,-0.2092
3452790,3452790,1346004899.92162,37.7225299544697,23.3502516471814,4197295.03618751,36.264755,1,-0.0826
3452791,3452791,1346004899.92162,37.7225299528537,23.3502516431428,4197295.03618846,36.19034,1,-0.157
3452792,3452792,1346004899.92162,37.7225299487433,23.3502516328704,4197295.03590332,36.001057,1,-0.3463
3452793,3452793,1346004899.92172,37.722536339293,23.3502508597391,4197295.74838291,36.14808,1,-0.1993
3452794,3452794,1346004899.92172,37.7225363378126,23.3502508560395,4197295.7480949,36.07991,1,-0.2674
3452795,3452795,1346004899.92182,37.7225427255848,23.3502500811598,4197296.4605764,36.19048,1,-0.1569
3452796,3452796,1346004899.92182,37.7225427247342,23.3502500790342,4197296.46028648,36.151314,1,-0.196
3452797,3452797,1346004899.92192,37.7225491104912,23.3502492943343,4197297.17249046,36.085266,1,-0.2621
3452798,3452798,1346004899.92192,37.7225491107001,23.3502492948564,4197297.17248855,36.094887,1,-0.2524
3452799,3452799,1346004899.92212,37.7225618861129,23.3502477408126,4197298.59718261,36.241524,1,-0.1058
3452800,3452800,1346004899.92212,37.7225618840586,23.3502477356787,4197298.59689651,36.146923,1,-0.2004
3452801,3452801,1346004899.92222,37.7225682701695,23.3502469574785,4197299.3091024,36.196392,1,-0.1509
3452802,3452802,1346004899.92232,37.7225746543699,23.3502461697266,4197300.0210279,36.074135,1,-0.2732
3452803,3452803,1346004899.92242,37.7225810404991,23.3502453968032,4197300.73236325,36.21664,1,-0.1307
3452804,3452804,1346004899.92252,37.7225874261212,23.3502446180216,4197301.44452646,36.255306,1,-0.092
3452805,3452805,1346004899.92262,37.7225944044843,23.3502453318733,4197302.2095212,63.788433,0,27.4411
3452806,3452806,1346004899.92262,37.7225938100109,23.3502438301386,4197302.15639963,36.130505,1,-0.2168
3452807,3452807,1346004899.92282,37.7226065839157,23.3502422753253,4197303.58101954,36.262455,1,-0.0849
3452808,3452808,1346004899.92282,37.7226065787771,23.3502422624831,4197303.58043947,36.02582,1,-0.3215
3452809,3452809,1346004899.92282,37.7226065822597,23.3502422711867,4197303.58072939,36.186195,1,-0.1611
3452810,3452810,1346004899.92292,37.7226129699937,23.35024149357,4197304.29318585,36.2503,1,-0.097
3452811,3452811,1346004899.92302,37.722619350805,23.3502407038639,4197305.0047728,36.087246,1,-0.2601
3452812,3452812,1346004899.92302,37.7226193515007,23.3502407056025,4197305.00477233,36.11928,1,-0.2281
3452813,3452813,1346004899.92312,37.7226257381791,23.3502399307829,4197305.71693911,36.230392,1,-0.1169
3452814,3452814,1346004899.92312,37.7226257350992,23.3502399230856,4197305.71664967,36.088562,1,-0.2588
3452815,3452815,1346004899.92312,37.7226252505057,23.3502386959527,4197305.67355838,13.490695,0,-22.8566
3452816,3452816,1346004899.92322,37.7226321185398,23.3502391354113,4197306.4285294,35.966957,1,-0.3804
3452817,3452817,1346004899.92322,37.7226321233711,23.3502391474855,4197306.42881789,36.189438,1,-0.1579
3452818,3452818,1346004899.92332,37.7226385076679,23.3502383671661,4197307.14098849,36.198906,1,-0.1484
3452819,3452819,1346004899.92342,37.7226448784147,23.3502375482233,4197307.85171761,35.500816,1,-0.8465
3452820,3452820,1346004899.92342,37.7226448975509,23.3502375960477,4197307.85344901,36.382027,1,0.0347
3452821,3452821,1346004899.92362,37.7226576612563,23.3502360193513,4197309.27692952,36.108444,1,-0.2389
3452822,3452822,1346004899.92372,37.7226640450014,23.3502352385745,4197309.98881688,36.1087,1,-0.2386
3452823,3452823,1346004899.92372,37.7226640345507,23.3502352124565,4197309.98766198,35.62745,1,-0.7199
3452824,3452824,1346004899.92372,37.7226640458492,23.3502352406933,4197309.98881593,36.14774,1,-0.1996
3452825,3452825,1346004899.92392,37.7226768146683,23.3502336781744,4197311.41259446,36.134033,1,-0.2133
3452826,3452826,1346004899.92392,37.7226768123149,23.3502336722929,4197311.41259827,36.02566,1,-0.3217
3452827,3452827,1346004899.92392,37.722676815533,23.3502336803354,4197311.41288533,36.17385,1,-0.1735
3452828,3452828,1346004899.92392,37.7226727166154,23.3502233187008,4197311.04766526,-154.64656,0,-190.9939
3452829,3452829,1346004899.92402,37.7226831992843,23.3502329002786,4197312.12448659,36.18662,1,-0.1607
3452830,3452830,1346004899.92412,37.7226895851049,23.3502321206429,4197312.83667149,36.21116,1,-0.1362
3452831,3452831,1346004899.92422,37.7226959679646,23.3502313338461,4197313.5485722,36.10345,1,-0.2439
3452832,3452832,1346004899.92422,37.7226959700748,23.35023133912,4197313.54886021,36.200626,1,-0.1467
3452833,3452833,1346004899.92432,37.7227092410111,23.3502479647242,4197314.87426152,356.7855,0,320.4382
3452834,3452834,1346004899.92432,37.7227023544912,23.350230561441,4197314.26075806,36.256325,1,-0.091
3452835,3452835,1346004899.92432,37.7227023382205,23.350230520778,4197314.2593266,35.50707,1,-0.8403
3452836,3452836,1346004899.92442,37.7227087358001,23.3502297712495,4197314.97237553,36.085426,1,-0.2619
3452837,3452837,1346004899.92452,37.7227151181753,23.3502289889525,4197315.68399205,36.05536,1,-0.292
3452838,3452838,1346004899.92452,37.7227151209456,23.3502289958761,4197315.68427815,36.182934,1,-0.1644
3452839,3452839,1346004899.92462,37.7227215010689,23.3502282081945,4197316.39590039,36.05329,1,-0.294
3452840,3452840,1346004899.92462,37.7227215035461,23.3502282143854,4197316.3961884,36.167366,1,-0.18
3452841,3452841,1346004899.92472,37.7227323331019,23.3502386649819,4197317.50427212,243.02245,0,206.6751
3452842,3452842,1346004899.92472,37.7227278902687,23.3502274384536,4197317.10838666,36.258137,1,-0.0892
3452843,3452843,1346004899.92482,37.7227342721079,23.3502266555504,4197317.8200108,36.21578,1,-0.1316
3452844,3452844,1346004899.92492,37.7227406593831,23.3502258814921,4197318.53221478,36.340275,1,-0.0071
3452845,3452845,1346004899.92492,37.7227406541429,23.3502258683959,4197318.53164258,36.098965,1,-0.2484
3452846,3452846,1346004899.92512,37.7227534194891,23.3502243030077,4197319.95520177,36.02414,1,-0.3232
3452847,3452847,1346004899.92522,37.722768912749,23.3502465435787,4197321.47815145,460.0288,0,423.6815
3452848,3452848,1346004899.92522,37.7227598063757,23.3502235335332,4197320.66672496,36.227627,1,-0.1197
3452849,3452849,1346004899.92522,37.7227598025134,23.3502235238807,4197320.66643424,36.04977,1,-0.2976
3452850,3452850,1346004899.92532,37.7227661863244,23.3502227421616,4197321.37831081,36.03132,1,-0.316
3452851,3452851,1346004899.92532,37.7227661857636,23.3502227407602,4197321.37831081,36.005497,1,-0.3418
3452852,3452852,1346004899.92532,37.7227661893758,23.3502227497878,4197321.37860133,36.171837,1,-0.1755
3452853,3452853,1346004899.92532,37.7227661885852,23.3502227478118,4197321.37860145,36.13543,1,-0.2119
3452854,3452854,1346004899.92542,37.7227735337871,23.3502244007861,4197322.17611827,80.951805,0,44.6045
3452855,3452855,1346004899.92542,37.7227725718748,23.3502219700285,4197322.09018733,36.184723,1,-0.1626
3452856,3452856,1346004899.92572,37.7227917187607,23.3502196257556,4197324.22553135,36.13253,1,-0.2148
3452857,3452857,1346004899.92572,37.722791713223,23.3502196119158,4197324.22495152,35.87752,1,-0.4698
3452858,3452858,1346004899.92582,37.7227981010709,23.3502188465401,4197324.93712021,36.153316,1,-0.194
3452859,3452859,1346004899.92592,37.7228044835559,23.3502180680179,4197325.64900042,36.186306,1,-0.161
3452860,3452860,1346004899.92602,37.7228108676984,23.3502172889086,4197326.36088253,36.212177,1,-0.1352
3452861,3452861,1346004899.92612,37.722817243913,23.35021649523,4197327.07189633,35.964706,1,-0.3826
3452862,3452862,1346004899.92612,37.7228172501185,23.3502165107388,4197327.07247426,36.250465,1,-0.0969
3452863,3452863,1346004899.92622,37.7228236334924,23.350215730225,4197327.78435971,36.24923,1,-0.0981
3452864,3452864,1346004899.92622,37.7228236321648,23.3502157269072,4197327.78406931,36.188095,1,-0.1592
3452865,3452865,1346004899.92642,37.7228429265608,23.3502306674652,4197329.78954102,340.09894,0,303.7516
3452866,3452866,1346004899.92642,37.7228363950575,23.3502141620105,4197329.20755459,36.108112,1,-0.2392
3452867,3452867,1346004899.92642,37.7228363848957,23.3502141366142,4197329.20669056,35.640163,1,-0.7072
3452868,3452868,1346004899.92652,37.7228427765036,23.3502133824456,4197329.91915394,36.118107,1,-0.2292
3452869,3452869,1346004899.92652,37.7228427714945,23.3502133699269,4197329.91857697,35.88744,1,-0.4599
3452870,3452870,1346004899.92652,37.7228427775496,23.3502133850597,4197329.91915299,36.16627,1,-0.1811
3452871,3452871,1346004899.92672,37.7228555425732,23.3502118270559,4197331.34264637,36.209206,1,-0.1381
3452872,3452872,1346004899.92672,37.7228555418448,23.3502118252355,4197331.34264733,36.175663,1,-0.1717
3452873,3452873,1346004899.92672,37.7228555392849,23.3502118188377,4197331.34235932,36.057777,1,-0.2896
3452874,3452874,1346004899.92692,37.722868306203,23.3502102666206,4197332.76585843,36.204433,1,-0.1429
3452875,3452875,1346004899.92702,37.722874689912,23.3502094890396,4197333.47775818,36.251644,1,-0.0957
3452876,3452876,1346004899.92702,37.7228746847035,23.3502094760226,4197333.47718312,36.011795,1,-0.3355
3452877,3452877,1346004899.92712,37.7228810677689,23.3502087020836,4197334.18908383,36.121048,1,-0.2263
3452878,3452878,1346004899.92712,37.7228810656945,23.3502086968994,4197334.18879582,36.025524,1,-0.3218
3452879,3452879,1346004899.92712,37.7228810684442,23.3502087037713,4197334.18908192,36.152145,1,-0.1952
3452880,3452880,1346004899.92712,37.7228810633975,23.3502086911586,4197334.18879868,35.919746,1,-0.4276
3452881,3452881,1346004899.92722,37.7228874494386,23.3502079199365,4197334.90070034,36.08255,1,-0.2648
3452882,3452882,1346004899.92722,37.7228869077437,23.3502065500779,4197334.8525808,10.855194,0,-25.4921
3452883,3452883,1346004899.92732,37.7228938299847,23.3502071402323,4197335.61231686,36.08397,1,-0.2634
3452884,3452884,1346004899.92732,37.7228938330582,23.3502071479137,4197335.61260296,36.225502,1,-0.1218
3452885,3452885,1346004899.92732,37.7228938289969,23.3502071377637,4197335.61202694,36.038483,1,-0.3089
3452886,3452886,1346004899.92732,37.7228931135014,23.3502053281911,4197335.54848649,2.7135553,0,-33.6338
3452887,3452887,1346004899.92742,37.7229001924963,23.350206310738,4197336.32222344,35.17142,1,-1.1759
3452888,3452888,1346004899.92752,37.7229065923644,23.3502055798565,4197337.03527237,36.070755,1,-0.2766
3452889,3452889,1346004899.92752,37.7229065929324,23.3502055812761,4197337.03556038,36.096912,1,-0.2504
3452890,3452890,1346004899.92752,37.7229065838747,23.350205558639,4197337.03470398,35.679806,1,-0.6675
3452891,3452891,1346004899.92752,37.7229065947715,23.3502055858723,4197337.03555848,36.1816,1,-0.1657
3452892,3452892,1346004899.92772,37.7229193529737,23.3502040161254,4197338.4585302,35.992252,1,-0.3551
3452893,3452893,1346004899.92772,37.7229193307934,23.3502039606927,4197338.4565313,34.970867,1,-1.3765
3452894,3452894,1346004899.92782,37.7229257395567,23.3502032478605,4197339.17044617,36.204403,1,-0.1429
3452895,3452895,1346004899.92782,37.7229251923266,23.3502018641674,4197339.1216829,10.722186,0,-25.6251
3452896,3452896,1346004899.92792,37.7229405110729,23.350223675779,4197340.62900089,426.79623,0,390.4489
3452897,3452897,1346004899.92792,37.7229320680733,23.3502023341974,4197339.87669419,33.736828,1,-2.6105
3452898,3452898,1346004899.92802,37.7229394989855,23.3502042135551,4197340.68191962,82.70106,0,46.3537
3452899,3452899,1346004899.92802,37.7229384955465,23.350201679001,4197340.59235777,36.021805,1,-0.3255
3452900,3452900,1346004899.92802,37.7229384980495,23.3502016852566,4197340.59264859,36.13707,1,-0.2103
3452901,3452901,1346004899.92802,37.7229385005398,23.3502016914802,4197340.59293943,36.251743,1,-0.0956
3452902,3452902,1346004899.92802,37.7229384983257,23.3502016859469,4197340.59264859,36.149788,1,-0.1975
3452903,3452903,1346004899.92822,37.7229512582384,23.3502001231631,4197342.01553639,36.07946,1,-0.2679
3452904,3452904,1346004899.92822,37.7229512604371,23.350200128658,4197342.0158269,36.18071,1,-0.1666
3452905,3452905,1346004899.92822,37.7229512610286,23.3502001301365,4197342.0158269,36.20795,1,-0.1394
3452906,3452906,1346004899.92822,37.7229512560131,23.3502001176018,4197342.01524587,35.97699,1,-0.3703
3452907,3452907,1346004899.92832,37.7229576463691,23.3501993601132,4197342.72770687,36.382923,1,0.0356
3452908,3452908,1346004899.92842,37.7229640228351,23.3501985681815,4197343.43900772,36.153206,1,-0.1941
3452909,3452909,1346004899.92852,37.7229704023994,23.3501977892483,4197344.15030833,36.15769,1,-0.1896
3452910,3452910,1346004899.92852,37.7229703688331,23.3501977053596,4197344.14741131,34.611984,1,-1.7354
3452911,3452911,1346004899.92862,37.722976782514,23.3501970119611,4197344.86190053,36.191456,1,-0.1559
3452912,3452912,1346004899.92862,37.7229767830293,23.3501970132489,4197344.86190005,36.215187,1,-0.1321
3452913,3452913,1346004899.92872,37.7229831594413,23.3501962219948,4197345.57291385,35.994816,1,-0.3525
3452914,3452914,1346004899.92882,37.7229895435494,23.3501954552305,4197346.28479644,36.220325,1,-0.127
3452915,3452915,1346004899.92882,37.7229895407824,23.3501954483151,4197346.28450652,36.092907,1,-0.2544
3452916,3452916,1346004899.92892,37.7229959226907,23.3501946713404,4197346.99610253,36.13346,1,-0.2139
3452917,3452917,1346004899.92902,37.7230023020393,23.3501938932243,4197347.70769854,36.147587,1,-0.1997
3452918,3452918,1346004899.92922,37.7230150599153,23.3501923357545,4197349.1303155,36.149605,1,-0.1977
3452919,3452919,1346004899.92922,37.7230150610184,23.3501923385114,4197349.13031455,36.2004,1,-0.1469
3452920,3452920,1346004899.92932,37.7230214394918,23.3501915540396,4197349.84162684,36.09823,1,-0.2491
3452921,3452921,1346004899.92932,37.7230214400246,23.350191555371,4197349.84162684,36.12276,1,-0.2246
3452922,3452922,1346004899.92932,37.7230214429113,23.3501915625854,4197349.84191485,36.255688,1,-0.0916
3452923,3452923,1346004899.92942,37.7230278179857,23.3501907748746,4197350.55294009,36.088364,1,-0.259
3452924,3452924,1346004899.92942,37.7230278184871,23.3501907761278,4197350.55293914,36.111454,1,-0.2359
3452925,3452925,1346004899.92942,37.7230278168933,23.3501907721446,4197350.55294104,36.038063,1,-0.3093
3452926,3452926,1346004899.92942,37.7230278076738,23.3501907491033,4197350.55207797,35.61351,1,-0.7338
3452927,3452927,1346004899.92982,37.7230533394795,23.3501876697579,4197353.39878913,36.257847,1,-0.0895
3452928,3452928,1346004899.92982,37.7230533328256,23.3501876531285,4197353.39821502,35.95144,1,-0.3959
3452929,3452929,1346004899.92982,37.723053337321,23.3501876643635,4197353.39850016,36.158455,1,-0.1889
3452930,3452930,1346004899.92992,37.7230596794686,23.3501867907392,4197354.10667392,34.40615,1,-1.9412
3452931,3452931,1346004899.93002,37.7230660930678,23.3501861009411,4197354.82115336,36.03537,1,-0.312
3452932,3452932,1346004899.93002,37.7230655342058,23.3501846881787,4197354.77130481,10.017694,0,-26.3296
3452933,3452933,1346004899.93012,37.7230724747244,23.350185331584,4197355.5324771,36.197346,1,-0.15
3452934,3452934,1346004899.93012,37.7230724723634,23.3501853256834,4197355.53247996,36.088623,1,-0.2587
3452935,3452935,1346004899.93022,37.7230810733454,23.3501901570155,4197356.44171496,139.40277,0,103.0554
3452936,3452936,1346004899.93022,37.7230788497827,23.3501845410253,4197356.24352523,35.9716,1,-0.3757
3452937,3452937,1346004899.93022,37.7230783274789,23.3501832196294,4197356.1971881,11.637406,0,-24.7099
3452938,3452938,1346004899.93032,37.7230852307118,23.3501837703935,4197356.95514651,36.107384,1,-0.24
3452939,3452939,1346004899.93032,37.7230852306281,23.3501837701843,4197356.95514651,36.103527,1,-0.2438
3452940,3452940,1346004899.93042,37.7230916116217,23.350182995002,4197357.66648074,36.15836,1,-0.189
3452941,3452941,1346004899.93052,37.7230979898543,23.3501822181737,4197358.37782069,36.177185,1,-0.1702
3452942,3452942,1346004899.93052,37.7230979850814,23.3501822062452,4197358.3775384,35.957397,1,-0.3899
3452943,3452943,1346004899.93052,37.7230979889149,23.3501822158259,4197358.3778226,36.133926,1,-0.2134
3452944,3452944,1346004899.93052,37.7230979890059,23.3501822160533,4197358.3778226,36.138115,1,-0.2092
3452945,3452945,1346004899.93072,37.7231107475969,23.3501806635392,4197359.80051013,36.19682,1,-0.1505
3452946,3452946,1346004899.93072,37.7231107478973,23.35018066429,4197359.80051013,36.21065,1,-0.1367
3452947,3452947,1346004899.93072,37.7231107488676,23.350180666715,4197359.80050822,36.255333,1,-0.092
3452948,3452948,1346004899.93072,37.7231107477179,23.3501806638415,4197359.80051013,36.20239,1,-0.1449
3452949,3452949,1346004899.93082,37.7231171280594,23.3501798879266,4197360.51129738,36.238155,1,-0.1092
3452950,3452950,1346004899.93092,37.7231235032104,23.3501791044792,4197361.22230742,36.129234,1,-0.2181
3452951,3452951,1346004899.93102,37.7231298850958,23.3501783331493,4197361.93389914,36.24636,1,-0.101
3452952,3452952,1346004899.93102,37.7231298807466,23.3501783222801,4197361.93331788,36.04609,1,-0.3012
3452953,3452953,1346004899.93112,37.7231362588753,23.3501775468136,4197362.64461944,36.08121,1,-0.2661
3452954,3452954,1346004899.93112,37.7231362620828,23.3501775548299,4197362.64490984,36.228916,1,-0.1184
3452955,3452955,1346004899.93112,37.7231362576924,23.3501775438575,4197362.64461968,36.026745,1,-0.3206
3452956,3452956,1346004899.93122,37.7231426377055,23.3501767683874,4197363.35592196,36.064537,1,-0.2828
3452957,3452957,1346004899.93122,37.7231426415401,23.3501767779707,4197363.35621188,36.24111,1,-0.1062
3452958,3452958,1346004899.93132,37.7231508948317,23.3501807429513,4197364.23467205,123.57563,0,87.2283
3452959,3452959,1346004899.93132,37.7231490092375,23.3501759769727,4197364.06664488,35.80272,1,-0.5446
3452960,3452960,1346004899.93132,37.7231490114954,23.3501759826157,4197364.06693504,35.906696,1,-0.4406
3452961,3452961,1346004899.93132,37.7231490128439,23.3501759859857,4197364.06693432,35.96879,1,-0.3785
3452962,3452962,1346004899.93142,37.7231553986247,23.3501752254678,4197364.77881763,36.27896,1,-0.0684
3452963,3452963,1346004899.93152,37.7231617748363,23.3501744462847,4197365.48983095,36.239357,1,-0.108
3452964,3452964,1346004899.93152,37.7231617744245,23.3501744452554,4197365.48983143,36.22039,1,-0.1269
3452965,3452965,1346004899.93162,37.7231681497921,23.3501736642306,4197366.20084665,36.145245,1,-0.2021
3452966,3452966,1346004899.93172,37.7231745296939,23.3501728898228,4197366.91215227,36.19466,1,-0.1527
3452967,3452967,1346004899.93172,37.7231745282663,23.3501728862549,4197366.9121537,36.128918,1,-0.2184
3452968,3452968,1346004899.93182,37.7231809092759,23.3501721148823,4197367.62346027,36.23261,1,-0.1147
3452969,3452969,1346004899.93192,37.7231872769668,23.350171315472,4197368.33390281,35.81376,1,-0.5336
3452970,3452970,1346004899.93192,37.7231872856586,23.3501713371944,4197368.33447788,36.214005,1,-0.1333
3452971,3452971,1346004899.93192,37.7231872832793,23.3501713312482,4197368.33447979,36.104443,1,-0.2429
3452972,3452972,1346004899.93202,37.7231936649231,23.3501705619923,4197369.04578731,36.243782,1,-0.1036
3452973,3452973,1346004899.93202,37.723193660383,23.3501705506458,4197369.04550026,36.034718,1,-0.3126
3452974,3452974,1346004899.93202,37.7231936620309,23.3501705547644,4197369.04579017,36.110603,1,-0.2367
3452975,3452975,1346004899.93222,37.7232064183408,23.3501690095719,4197370.46812198,36.25253,1,-0.0948
3452976,3452976,1346004899.93232,37.7232129049645,23.3501683803792,4197371.19013927,36.153324,1,-0.194
3452977,3452977,1346004899.93232,37.7232129063795,23.3501683839156,4197371.19013832,36.218483,1,-0.1289
3452978,3452978,1346004899.93232,37.7232129026966,23.3501683747113,4197371.18985031,36.04889,1,-0.2984
3452979,3452979,1346004899.93242,37.7232192705563,23.3501675848856,4197371.90000675,35.97727,1,-0.3701
3452980,3452980,1346004899.93252,37.723225690081,23.3501669244471,4197372.6147599,38.288017,1,1.9407
3452981,3452981,1346004899.93262,37.7232320100628,23.3501660154981,4197373.32061336,36.018074,1,-0.3293
3452982,3452982,1346004899.93262,37.7232320122942,23.3501660210747,4197373.32090233,36.120827,1,-0.2265
3452983,3452983,1346004899.93262,37.7232320117224,23.3501660196457,4197373.32090233,36.094498,1,-0.2528
3452984,3452984,1346004899.93262,37.7232320116429,23.350166019447,4197373.32090233,36.090836,1,-0.2565
3452985,3452985,1346004899.93262,37.7232319757662,23.3501659297846,4197373.31774566,34.438755,1,-1.9086
3452986,3452986,1346004899.93292,37.7232511235253,23.3501636639262,4197375.4522681,36.120594,1,-0.2267
3452987,3452987,1346004899.93302,37.7232574936104,23.3501628812302,4197376.16272972,36.169445,1,-0.1779
3452988,3452988,1346004899.93302,37.7232574937282,23.3501628815246,4197376.16272972,36.17487,1,-0.1725
3452989,3452989,1346004899.93312,37.7232638647172,23.3501620963621,4197376.87319515,36.180576,1,-0.1668
3452990,3452990,1346004899.93312,37.7232638590474,23.3501620821924,4197376.87262294,35.91949,1,-0.4278
3452991,3452991,1346004899.93322,37.7232702340504,23.3501613122908,4197377.58337162,36.2,1,-0.1473
3452992,3452992,1346004899.93322,37.7232702341716,23.3501613125936,4197377.58337162,36.205578,1,-0.1418
3452993,3452993,1346004899.93332,37.7232765989188,23.3501605123309,4197378.29356334,35.928852,1,-0.4185
3452994,3452994,1346004899.93342,37.7232829725744,23.3501597395557,4197379.00402973,36.1521,1,-0.1952
3452995,3452995,1346004899.93342,37.7232829719442,23.3501597379807,4197379.00403164,36.12308,1,-0.2243
3452996,3452996,1346004899.93342,37.7232829741569,23.3501597435107,4197379.00431774,36.224976,1,-0.1224
3452997,3452997,1346004899.93352,37.7232893430026,23.3501589539798,4197379.71450946,36.14156,1,-0.2058
3452998,3452998,1346004899.93352,37.7232893464342,23.3501589625559,4197379.71479366,36.29958,1,-0.0478
3452999,3452999,1346004899.93352,37.7232881859033,23.3501560300811,4197379.61131809,-17.705877,0,-54.0532
3453000,3453000,1346004899.93362,37.7232957123046,23.3501581706199,4197380.42412642,36.16539,1,-0.1819
3453001,3453001,1346004899.93362,37.723295708468,23.3501581610317,4197380.42383552,35.988724,1,-0.3586
3453002,3453002,1346004899.93372,37.7233020799104,23.3501573834472,4197381.13426454,36.116474,1,-0.2309
3453003,3453003,1346004899.93372,37.7233020721891,23.3501573641505,4197381.13368321,35.76092,1,-0.5864
3453004,3453004,1346004899.93382,37.7233084529997,23.3501566052365,4197381.84498472,36.234585,1,-0.1128
3453005,3453005,1346004899.93382,37.7233084484091,23.3501565937639,4197381.84469444,36.023197,1,-0.3241
3453006,3453006,1346004899.93382,37.7233084498296,23.3501565973142,4197381.8446942,36.08861,1,-0.2587
3453007,3453007,1346004899.93382,37.7233084532005,23.3501566057385,4197381.84498472,36.24383,1,-0.1035
3453008,3453008,1346004899.93392,37.7233148199828,23.3501558169766,4197382.55512459,36.160763,1,-0.1866
3453009,3453009,1346004899.93392,37.7233148224813,23.3501558232208,4197382.55541498,36.275814,1,-0.0715
3453010,3453010,1346004899.93392,37.7233148157605,23.3501558064244,4197382.55483467,35.966335,1,-0.381
3453011,3453011,1346004899.93392,37.7233148207239,23.3501558188287,4197382.55512435,36.19489,1,-0.1524
3453012,3453012,1346004899.93422,37.7233339283618,23.3501534621825,4197384.68613107,36.116585,1,-0.2308
3453013,3453013,1346004899.93422,37.7233339231672,23.3501534492005,4197384.68555171,35.877384,1,-0.47
3453014,3453014,1346004899.93422,37.7233339296337,23.3501534653612,4197384.68613059,36.17515,1,-0.1722
3453015,3453015,1346004899.93422,37.72333392951,23.3501534650519,4197384.68613107,36.169456,1,-0.1779
3453016,3453016,1346004899.93432,37.7233402961156,23.3501526767553,4197385.39627559,36.084564,1,-0.2628
3453017,3453017,1346004899.93462,37.7233594059245,23.3501503281941,4197387.52729661,36.12273,1,-0.2246
3453018,3453018,1346004899.93462,37.7233594089974,23.3501503358736,4197387.52758653,36.26423,1,-0.0831
3453019,3453019,1346004899.93462,37.7233594085015,23.3501503346343,4197387.52758653,36.241394,1,-0.1059
3453020,3453020,1346004899.93462,37.723359263851,23.3501499677796,4197387.51488454,29.486353,0,-6.861
3453021,3453021,1346004899.93462,37.7233594040212,23.3501503234374,4197387.52729804,36.035088,1,-0.3122
3453022,3453022,1346004899.93472,37.7233657746229,23.3501495459931,4197388.2377382,36.138893,1,-0.2084
3453023,3453023,1346004899.93472,37.7233653350065,23.3501484312721,4197388.19850165,15.612985,0,-20.7344
3453024,3453024,1346004899.93482,37.7233721445238,23.3501487620299,4197388.9478894,36.123936,1,-0.2234
3453025,3453025,1346004899.93492,37.7233785159043,23.3501479869488,4197389.65833098,36.265335,1,-0.082
3453026,3453026,1346004899.93492,37.7233785144498,23.3501479833137,4197389.65833289,36.198353,1,-0.149
3453027,3453027,1346004899.93512,37.7233912501149,23.3501464110513,4197391.07864959,36.06903,1,-0.2783
3453028,3453028,1346004899.93512,37.7233912506375,23.3501464123573,4197391.07864863,36.093094,1,-0.2542
3453029,3453029,1346004899.93512,37.7233912512734,23.3501464139467,4197391.07864863,36.12238,1,-0.225
3453030,3453030,1346004899.93512,37.7233912528098,23.3501464177861,4197391.07893664,36.193123,1,-0.1542
3453031,3453031,1346004899.93522,37.7233976214409,23.3501456314623,4197391.78909785,36.122345,1,-0.225
3453032,3453032,1346004899.93532,37.7234039915946,23.3501448541169,4197392.49954993,36.20949,1,-0.1378
3453033,3453033,1346004899.93542,37.7234103595778,23.3501440665638,4197393.20971782,36.109592,1,-0.2377
3453034,3453034,1346004899.93552,37.7234167299405,23.3501432901252,4197393.9201718,36.20687,1,-0.1405
3453035,3453035,1346004899.93552,37.7234167284442,23.3501432863859,4197393.9198838,36.137974,1,-0.2094
3453036,3453036,1346004899.93552,37.7234167315565,23.3501432941638,4197393.92017085,36.281284,1,-0.0661
3453037,3453037,1346004899.93552,37.7234160932185,23.3501416774706,4197393.86338908,6.5109158,0,-29.8364
3453038,3453038,1346004899.93562,37.723423100922,23.3501425104448,4197394.63063151,36.24535,1,-0.102
3453039,3453039,1346004899.93572,37.7234294630983,23.3501417139211,4197395.34023006,35.96578,1,-0.3816
3453040,3453040,1346004899.93572,37.723429466266,23.3501417218376,4197395.34051711,36.11164,1,-0.2357
3453041,3453041,1346004899.93572,37.723429466272,23.3501417218526,4197395.34051711,36.111916,1,-0.2354
3453042,3453042,1346004899.93582,37.7234358360234,23.3501409494191,4197396.05068786,36.268463,1,-0.0789
3453043,3453043,1346004899.93582,37.7234358313109,23.350140937642,4197396.05011375,36.051464,1,-0.2959
3453044,3453044,1346004899.93602,37.7234485723106,23.3501393821241,4197397.47105128,36.170586,1,-0.1767
3453045,3453045,1346004899.93612,37.7234549412604,23.3501385982663,4197398.18123538,36.114517,1,-0.2328
3453046,3453046,1346004899.93612,37.7234549416762,23.3501385993055,4197398.18123538,36.133667,1,-0.2137
3453047,3453047,1346004899.93622,37.7234613064,23.3501378100345,4197398.8911391,35.969913,1,-0.3774
3453048,3453048,1346004899.93632,37.7234676788227,23.3501370351966,4197399.60161693,36.072666,1,-0.2747
3453049,3453049,1346004899.93632,37.7234676821972,23.3501370436298,4197399.60219295,36.22805,1,-0.1193
3453050,3453050,1346004899.93652,37.7234804193088,23.3501354799221,4197401.02178847,36.15954,1,-0.1878
3453051,3453051,1346004899.93662,37.723486788851,23.3501347033519,4197401.7322241,36.21467,1,-0.1327
3453052,3453052,1346004899.93672,37.723493157335,23.3501339193191,4197402.44236945,36.13268,1,-0.2147
3453053,3453053,1346004899.93672,37.7234931578041,23.3501339204914,4197402.44236945,36.154278,1,-0.1931
3453054,3453054,1346004899.93682,37.7234995254545,23.3501331395061,4197403.1525154,36.120213,1,-0.2271
3453055,3453055,1346004899.93692,37.7235058928223,23.350132352991,4197403.86266302,35.984543,1,-0.3628
3453056,3453056,1346004899.93702,37.7235122631186,23.3501315789198,4197404.57281016,36.069836,1,-0.2775
3453057,3453057,1346004899.93702,37.7235122635195,23.3501315799216,4197404.57310056,36.08829,1,-0.259
3453058,3453058,1346004899.93712,37.7235186353304,23.3501308097818,4197405.28353881,36.24194,1,-0.1054
3453059,3453059,1346004899.93712,37.7235186312274,23.3501307995282,4197405.2829585,36.053013,1,-0.2943
3453060,3453060,1346004899.93722,37.7235250042111,23.3501300274875,4197405.99368905,36.17178,1,-0.1756
3453061,3453061,1346004899.93722,37.7235249819898,23.350129971955,4197405.9916644,35.14858,1,-1.1988
3453062,3453062,1346004899.93722,37.7235249999426,23.3501300168203,4197405.99340056,35.975235,1,-0.3721
3453063,3453063,1346004899.93722,37.7235250010355,23.3501300195514,4197405.99340009,36.025555,1,-0.3218
3453064,3453064,1346004899.93742,37.72353774171,23.3501284676383,4197407.41399239,36.10194,1,-0.2454
3453065,3453065,1346004899.93742,37.7235376452365,23.3501282211915,4197407.40562009,31.565504,0,-4.7818
3453066,3453066,1346004899.93752,37.7235441088681,23.3501276814532,4197408.1241474,35.94743,1,-0.3999
3453067,3453067,1346004899.93752,37.723544107691,23.3501276785117,4197408.12414836,35.89323,1,-0.4541
3453068,3453068,1346004899.93752,37.7235441139061,23.3501276940437,4197408.12472581,36.17941,1,-0.1679
3453069,3453069,1346004899.93762,37.7235504782566,23.3501269059502,4197408.83430337,35.98116,1,-0.3662
3453070,3453070,1346004899.93772,37.7235568520896,23.3501261416839,4197409.54503678,36.217583,1,-0.1298
3453071,3453071,1346004899.93782,37.7235632201209,23.35012535807,4197410.25519608,36.097397,1,-0.2499
3453072,3453072,1346004899.93782,37.723563173056,23.3501252404524,4197410.25116776,33.930267,1,-2.4171
3453073,3453073,1346004899.93792,37.7235695923213,23.3501245899741,4197410.96564435,36.254433,1,-0.0929
3453074,3453074,1346004899.93802,37.7235759606091,23.3501238072463,4197411.67580746,36.141655,1,-0.2057
3453075,3453075,1346004899.93802,37.7235759561884,23.3501237961988,4197411.67552136,35.938103,1,-0.4092
3453076,3453076,1346004899.93802,37.7235759608396,23.3501238078224,4197411.67580746,36.15227,1,-0.1951
3453077,3453077,1346004899.93812,37.7235823231391,23.3501230152229,4197412.38539647,35.848827,1,-0.4985
3453078,3453078,1346004899.93822,37.7235886936355,23.3501222382483,4197413.09585427,35.83298,1,-0.5144
3453079,3453079,1346004899.93822,37.7235887010727,23.3501222568342,4197413.0967183,36.17543,1,-0.1719
3453080,3453080,1346004899.93822,37.7235886952546,23.3501222422945,4197413.09614228,35.90753,1,-0.4398
3453081,3453081,1346004899.93832,37.7235950657788,23.3501214704769,4197413.80630826,35.977844,1,-0.3695
3453082,3453082,1346004899.93832,37.7235950694897,23.3501214797508,4197413.80659531,36.148716,1,-0.1986
3453083,3453083,1346004899.93842,37.7236013544016,23.3501204837665,4197414.50960969,32.09274,0,-4.2546
3453084,3453084,1346004899.93852,37.7236078110391,23.3501199327187,4197415.22751664,36.217056,1,-0.1303
3453085,3453085,1346004899.93852,37.7236077522466,23.3501197804412,4197415.22236489,33.415718,1,-2.9316
3453086,3453086,1346004899.93862,37.7236141808229,23.3501191543962,4197415.93769311,36.157738,1,-0.1896
3453087,3453087,1346004899.93872,37.7236205468464,23.3501183717531,4197416.6478753,36.0098,1,-0.3375
3453088,3453088,1346004899.93872,37.7236205498179,23.3501183791791,4197416.64787148,36.146626,1,-0.2007
3453089,3453089,1346004899.93912,37.7236460291848,23.3501152827532,4197419.48918961,36.13999,1,-0.2073
3453090,3453090,1346004899.93912,37.7236460163491,23.3501152506769,4197419.48804902,35.54898,1,-0.7984
3453091,3453091,1346004899.93912,37.7236460280822,23.3501152799978,4197419.4888997,36.089222,1,-0.2581
3453092,3453092,1346004899.93912,37.7236460290667,23.3501152824581,4197419.48918961,36.134552,1,-0.2128
3453093,3453093,1346004899.93922,37.7236523995017,23.3501145113026,4197420.19937753,36.173946,1,-0.1734
3453094,3453094,1346004899.93932,37.723658770755,23.3501137371111,4197420.90930675,36.156834,1,-0.1905
3453095,3453095,1346004899.93952,37.7236715123409,23.3501121920235,4197422.32989083,36.163692,1,-0.1836
3453096,3453096,1346004899.93952,37.7236715109916,23.3501121886513,4197422.32989119,36.10156,1,-0.2458
3453097,3453097,1346004899.93962,37.7236778837037,23.3501114235059,4197423.04032825,36.231583,1,-0.1158
3453098,3453098,1346004899.93962,37.7236778757501,23.3501114036299,4197423.03974841,35.865364,1,-0.482
3453099,3453099,1346004899.93972,37.7236842547367,23.3501106492621,4197423.75076674,36.193096,1,-0.1542
3453100,3453100,1346004899.93982,37.7236906230971,23.3501098733843,4197424.46091483,36.11512,1,-0.2322
3453101,3453101,1346004899.93992,37.723696994014,23.3501090989877,4197425.17135451,36.063496,1,-0.2838
3453102,3453102,1346004899.94002,37.7237033681888,23.3501083377717,4197425.88208316,36.245277,1,-0.1021
3453103,3453103,1346004899.94012,37.7237171251512,23.3501262244995,4197427.25074981,379.869,0,343.5217
3453104,3453104,1346004899.94012,37.7237097385498,23.3501075621116,4197426.59252523,36.159924,1,-0.1874
3453105,3453105,1346004899.94012,37.7237097389517,23.3501075631162,4197426.59252427,36.178432,1,-0.1689
3453106,3453106,1346004899.94022,37.7237161097341,23.3501067935427,4197427.30267451,36.19572,1,-0.1516
3453107,3453107,1346004899.94022,37.7237161077024,23.3501067884654,4197427.30267594,36.102173,1,-0.2452
3453108,3453108,1346004899.94032,37.7237224777116,23.3501060120412,4197428.01282905,35.992165,1,-0.3552
3453109,3453109,1346004899.94032,37.723722479567,23.3501060166778,4197428.01311849,36.077595,1,-0.2697
3453110,3453110,1346004899.94032,37.7237219161508,23.3501045926562,4197427.96290086,9.85305,0,-26.4943
3453111,3453111,1346004899.94042,37.723728845422,23.3501052349002,4197428.72298406,35.85939,1,-0.4879
3453112,3453112,1346004899.94042,37.7237288518517,23.3501052509679,4197428.72356008,36.15544,1,-0.1919
3453113,3453113,1346004899.94052,37.7237352276359,23.3501044890785,4197429.43429349,36.30255,1,-0.0448
3453114,3453114,1346004899.94052,37.7237352233386,23.3501044783397,4197429.43400548,36.104687,1,-0.2426
3453115,3453115,1346004899.94062,37.7237506539321,23.3501266007094,4197430.95171712,457.70987,0,421.3625
3453116,3453116,1346004899.94062,37.7237415931799,23.3501037066217,4197430.14416192,36.061092,1,-0.2862
3453117,3453117,1346004899.94072,37.7237479688057,23.350102944429,4197430.85518716,36.191807,1,-0.1555
3453118,3453118,1346004899.94072,37.7237479667461,23.3501029392821,4197430.8548982,36.096973,1,-0.2504
3453119,3453119,1346004899.94072,37.7237479665906,23.3501029388936,4197430.8548982,36.089817,1,-0.2575
3453120,3453120,1346004899.94072,37.7237479644988,23.3501029336663,4197430.85460923,35.993504,1,-0.3538
3453121,3453121,1346004899.94072,37.7237479643936,23.3501029334034,4197430.85460923,35.98866,1,-0.3587
3453122,3453122,1346004899.94072,37.7237479684983,23.3501029436607,4197430.85518716,36.17765,1,-0.1697
3453123,3453123,1346004899.94082,37.7237543356903,23.350102165409,4197431.56505845,36.00281,1,-0.3445
3453124,3453124,1346004899.94102,37.7237670852294,23.3501006419179,4197432.98653482,36.249187,1,-0.0981
3453125,3453125,1346004899.94102,37.7237670831604,23.3501006367474,4197432.98624585,36.15392,1,-0.1934
3453126,3453126,1346004899.94102,37.7237670848231,23.3501006409026,4197432.98653577,36.23048,1,-0.1169
3453127,3453127,1346004899.94102,37.7237670849781,23.3501006412897,4197432.98653482,36.237614,1,-0.1097
3453128,3453128,1346004899.94102,37.7237670817063,23.3501006331138,4197432.98624871,36.086967,1,-0.2604
3453129,3453129,1346004899.94112,37.7237734559989,23.350099867741,4197433.69699166,36.13716,1,-0.2102
3453130,3453130,1346004899.94122,37.7237798242063,23.3500990921673,4197434.40715955,35.989643,1,-0.3577
3453131,3453131,1346004899.94142,37.7237925747346,23.3500975713961,4197435.82864926,36.24177,1,-0.1056
3453132,3453132,1346004899.94152,37.7237989460245,23.3500968036019,4197436.53911183,36.220818,1,-0.1265
3453133,3453133,1346004899.94162,37.7238052800875,23.350095937826,4197437.24614499,34.393097,1,-1.9542
3453134,3453134,1346004899.94172,37.723811689605,23.350095260623,4197437.96004651,36.03421,1,-0.3131
3453135,3453135,1346004899.94172,37.7238111242698,23.3500938318318,4197437.90949033,9.721722,0,-26.6256
3453136,3453136,1346004899.94182,37.7238180594915,23.3500944893743,4197438.67022489,35.932625,1,-0.4147
3453137,3453137,1346004899.94192,37.723824436256,23.3500937353249,4197439.38097928,36.142235,1,-0.2051
3453138,3453138,1346004899.94192,37.7238244368287,23.350093736756,4197439.38097928,36.168606,1,-0.1787
3453139,3453139,1346004899.94192,37.7238244260357,23.3500937097851,4197439.38012479,35.67166,1,-0.6757
3453140,3453140,1346004899.94212,37.7238371336343,23.3500920764311,4197440.79740481,33.77462,1,-2.5727
3453141,3453141,1346004899.94222,37.7238435586002,23.3500914432316,4197441.51249163,36.1935,1,-0.1538
3453142,3453142,1346004899.94222,37.7238435591865,23.3500914446966,4197441.51249163,36.220493,1,-0.1268
3453143,3453143,1346004899.94252,37.7238626760895,23.3500891491443,4197443.64408188,36.14746,1,-0.1999
3453144,3453144,1346004899.94272,37.7238754248691,23.3500876242131,4197445.06523876,36.17403,1,-0.1733
3453145,3453145,1346004899.94272,37.7238754238755,23.35008762173,4197445.06523924,36.12828,1,-0.2191
3453146,3453146,1346004899.94272,37.7238754212343,23.35008761513,4197445.06494932,36.00667,1,-0.3407
3453147,3453147,1346004899.94282,37.7238817973077,23.3500868593424,4197445.77567177,36.132126,1,-0.2152
3453148,3453148,1346004899.94282,37.7238817954286,23.3500868546466,4197445.77567272,36.045605,1,-0.3017
3453149,3453149,1346004899.94292,37.723888168037,23.3500860852116,4197446.48610811,35.917915,1,-0.4294
3453150,3453150,1346004899.94302,37.7238945480996,23.350085334387,4197447.19741182,36.12724,1,-0.2201
3453151,3453151,1346004899.94302,37.7238945492779,23.3500853373313,4197447.19741087,36.181488,1,-0.1658
3453152,3453152,1346004899.94312,37.7239009250579,23.3500845807596,4197447.90842562,36.274834,1,-0.0725
3453153,3453153,1346004899.94312,37.7239009228444,23.3500845752284,4197447.90813618,36.17292,1,-0.1744
3453154,3453154,1346004899.94322,37.7239072970648,23.3500838097632,4197448.61886291,36.10067,1,-0.2467
3453155,3453155,1346004899.94332,37.7239136697182,23.3500830453321,4197449.32929974,36.03737,1,-0.31
3453156,3453156,1346004899.94332,37.7239136685497,23.3500830424122,4197449.32930069,35.98357,1,-0.3638
3453157,3453157,1346004899.94342,37.7239200439752,23.3500822848811,4197450.04002647,36.04147,1,-0.3059
3453158,3453158,1346004899.94342,37.7239200447553,23.3500822868304,4197450.04002647,36.077385,1,-0.27
3453159,3453159,1346004899.94342,37.7239200460943,23.3500822901763,4197450.04002457,36.139034,1,-0.2083
3453160,3453160,1346004899.94362,37.723932796482,23.3500807688909,4197451.46177273,36.126503,1,-0.2208
3453161,3453161,1346004899.94362,37.7239327924546,23.350080758827,4197451.46119575,35.94107,1,-0.4063
3453162,3453162,1346004899.94372,37.7239391727124,23.3500800083005,4197452.17250328,36.114346,1,-0.233
3453163,3453163,1346004899.94382,37.7239455486242,23.3500792518513,4197452.88323193,36.168346,1,-0.179
3453164,3453164,1346004899.94382,37.72394554575,23.3500792446689,4197452.88323479,36.036007,1,-0.3113
3453165,3453165,1346004899.94382,37.7239455428765,23.3500792374885,4197452.88294678,35.903706,1,-0.4436
3453166,3453166,1346004899.94402,37.7239582525764,23.3500776088808,4197454.30068855,33.87034,1,-2.477
3453167,3453167,1346004899.94402,37.7239582963671,23.3500777236603,4197454.30470257,35.980797,1,-0.3665
3453168,3453168,1346004899.94412,37.7239646737295,23.3500769657357,4197455.01572876,35.993816,1,-0.3535
3453169,3453169,1346004899.94422,37.7239710523462,23.3500762158728,4197455.72674923,36.145214,1,-0.2021
3453170,3453170,1346004899.94432,37.723977429414,23.3500754571158,4197456.43748646,36.130894,1,-0.2164
3453171,3453171,1346004899.94442,37.7239838073349,23.3500747054134,4197457.14851456,36.236385,1,-0.111
3453172,3453172,1346004899.94442,37.7239837731548,23.3500746200029,4197457.14565926,34.66266,1,-1.6847
3453173,3453173,1346004899.94442,37.7239838042847,23.3500746977914,4197457.14822845,36.095947,1,-0.2514
3453174,3453174,1346004899.94442,37.7239834375335,23.3500737706325,4197457.11564331,19.021484,0,-17.3259
3453175,3453175,1346004899.94452,37.7239901826044,23.3500739420571,4197457.85925941,36.125298,1,-0.222
3453176,3453176,1346004899.94452,37.7239901835968,23.3500739445369,4197457.85954742,36.17099,1,-0.1763
3453177,3453177,1346004899.94452,37.7239901858203,23.3500739500933,4197457.85954552,36.27337,1,-0.074
3453178,3453178,1346004899.94452,37.7239901832134,23.350073943579,4197457.85954933,36.15334,1,-0.194
3453179,3453179,1346004899.94462,37.7239965591959,23.3500731869224,4197458.57029037,36.15552,1,-0.1918
3453180,3453180,1346004899.94472,37.7240029358088,23.3500724268082,4197459.28103905,36.092136,1,-0.2552
3453181,3453181,1346004899.94472,37.7240029378749,23.350072431971,4197459.28132706,36.187263,1,-0.1601
3453182,3453182,1346004899.94482,37.7240093129678,23.3500716729717,4197459.99207764,36.13425,1,-0.2131
3453183,3453183,1346004899.94482,37.724008750059,23.3500702503005,4197459.94191246,9.934149,0,-26.4132
3453184,3453184,1346004899.94492,37.7240156888894,23.35007091579,4197460.70237311,36.10891,1,-0.2384
3453185,3453185,1346004899.94492,37.7240156886415,23.3500709151705,4197460.70237311,36.097496,1,-0.2498
3453186,3453186,1346004899.94492,37.7240156924057,23.3500709245765,4197460.70266398,36.270805,1,-0.0765
3453187,3453187,1346004899.94492,37.72401567719,23.3500708865552,4197460.70120963,35.570244,1,-0.7771
3453188,3453188,1346004899.94492,37.7240156889656,23.3500709159803,4197460.70237311,36.11242,1,-0.2349
3453189,3453189,1346004899.94512,37.7240284445551,23.3500694012101,4197462.12438304,36.04407,1,-0.3033
3453190,3453190,1346004899.94512,37.724028442129,23.3500693951476,4197462.12409241,35.93237,1,-0.415
3453191,3453191,1346004899.94512,37.7240284459381,23.3500694046659,4197462.12438292,36.107746,1,-0.2396
3453192,3453192,1346004899.94522,37.7240348251356,23.3500686556561,4197462.83567709,36.214718,1,-0.1326
3453193,3453193,1346004899.94522,37.724034821226,23.3500686458869,4197462.83509607,36.034718,1,-0.3126
3453194,3453194,1346004899.94532,37.7240411972188,23.3500678838222,4197463.54610009,35.899273,1,-0.4481
3453195,3453195,1346004899.94532,37.7240370165944,23.3500573194572,4197463.1736123,-158.6522,0,-194.9995
3453196,3453196,1346004899.94552,37.7240539605231,23.3500663976991,4197464.96868343,36.302353,1,-0.045
3453197,3453197,1346004899.94552,37.7240539564564,23.3500663875371,4197464.96839399,36.115112,1,-0.2322
3453198,3453198,1346004899.94562,37.7240603347212,23.3500656309191,4197465.67939634,36.061993,1,-0.2853
3453199,3453199,1346004899.94572,37.724066714992,23.350064884207,4197466.39068717,36.181255,1,-0.1661
3453200,3453200,1346004899.94572,37.7240667141468,23.3500648820951,4197466.39068717,36.142345,1,-0.205
3453201,3453201,1346004899.94582,37.7240730904938,23.3500641254945,4197467.10139865,36.073414,1,-0.2739
3453202,3453202,1346004899.94582,37.7240730884288,23.3500641203345,4197467.10110874,35.97834,1,-0.369
3453203,3453203,1346004899.94592,37.7240794662626,23.3500633673638,4197467.81211061,35.970303,1,-0.377
3453204,3453204,1346004899.94602,37.7240858483376,23.3500626199287,4197468.52369232,36.062412,1,-0.2849
3453205,3453205,1346004899.94612,37.7240922290934,23.3500618740816,4197469.23498315,36.173676,1,-0.1737
3453206,3453206,1346004899.94622,37.72409860637,23.350061119449,4197469.94569368,36.117096,1,-0.2302
3453207,3453207,1346004899.94632,37.7241049900889,23.3500603758454,4197470.65727586,36.2619,1,-0.0854
3453208,3453208,1346004899.94632,37.7241049862404,23.3500603662289,4197470.65698785,36.084713,1,-0.2626
3453209,3453209,1346004899.94642,37.7241113530066,23.3500595851431,4197471.36712999,35.528805,1,-0.8185
3453210,3453210,1346004899.94642,37.7241113633521,23.3500596109943,4197471.36799211,36.00513,1,-0.3422
3453211,3453211,1346004899.94642,37.7241113632795,23.3500596108127,4197471.36799211,36.001785,1,-0.3456
3453212,3453212,1346004899.94662,37.7241241282553,23.3500581169649,4197472.79086751,36.13933,1,-0.208
3453213,3453213,1346004899.94672,37.724130506763,23.350057364918,4197473.50187177,36.100708,1,-0.2466
3453214,3453214,1346004899.94672,37.724130505673,23.3500573621944,4197473.50187272,36.050526,1,-0.2968
3453215,3453215,1346004899.94672,37.7241305075267,23.3500573668264,4197473.50186986,36.13587,1,-0.2115
3453216,3453216,1346004899.94672,37.7241299380986,23.3500559278979,4197473.45136995,9.635829,0,-26.7115
3453217,3453217,1346004899.94692,37.7241432682659,23.3500558667481,4197474.92446298,36.119038,1,-0.2283
3453218,3453218,1346004899.94692,37.724143268034,23.3500558661685,4197474.92446489,36.10836,1,-0.239
3453219,3453219,1346004899.94702,37.7241496479158,23.350055117237,4197475.63576097,36.109474,1,-0.2379
3453220,3453220,1346004899.94702,37.7241498053352,23.3500555159433,4197475.64949865,43.45157,0,7.1042
3453221,3453221,1346004899.94702,37.724149381925,23.3500544418838,4197475.61199922,23.674368,0,-12.673
3453222,3453222,1346004899.94712,37.7241572712722,23.3500575024798,4197476.4577672,93.83272,0,57.4854
3453223,3453223,1346004899.94712,37.724156031711,23.350054372999,4197476.34705705,36.19532,1,-0.152
3453224,3453224,1346004899.94712,37.7241560319263,23.3500543735368,4197476.34734792,36.20523,1,-0.1421
3453225,3453225,1346004899.94712,37.7241560274574,23.3500543623702,4197476.34677286,35.999477,1,-0.3479
3453226,3453226,1346004899.94722,37.7241624127766,23.3500536268033,4197477.05835504,36.23514,1,-0.1122
3453227,3453227,1346004899.94722,37.7241624053614,23.3500536082747,4197477.05778474,35.893738,1,-0.4536
3453228,3453228,1346004899.94722,37.7241624128449,23.3500536269741,4197477.05835504,36.23829,1,-0.109
3453229,3453229,1346004899.94722,37.7241624111953,23.3500536228521,4197477.05835885,36.16234,1,-0.185
3453230,3453230,1346004899.94732,37.7241687856704,23.3500528550998,4197477.76908845,35.803234,1,-0.5441
3453231,3453231,1346004899.94732,37.7241687922293,23.3500528714887,4197477.76966066,36.105217,1,-0.2421
3453232,3453232,1346004899.94732,37.7241687881862,23.350052861386,4197477.76937646,35.919064,1,-0.4283
3453233,3453233,1346004899.94742,37.7241751710136,23.3500521193635,4197478.48067445,36.024136,1,-0.3232
3453234,3453234,1346004899.94742,37.7241751695929,23.3500521158133,4197478.48067827,35.95872,1,-0.3886
3453235,3453235,1346004899.94742,37.7241748686453,23.3500513531152,4197478.45384378,21.914165,0,-14.4332
3453236,3453236,1346004899.94782,37.7242007030034,23.3500491416456,4197481.32618914,36.21769,1,-0.1296
3453237,3453237,1346004899.94802,37.7242134649458,23.350047642011,4197482.74874393,36.08141,1,-0.2659
3453238,3453238,1346004899.94802,37.724213467833,23.3500476492254,4197482.74903408,36.21434,1,-0.133
3453239,3453239,1346004899.94812,37.7242198552308,23.3500469127875,4197483.46089021,36.38625,1,0.0389
3453240,3453240,1346004899.94822,37.7242262305061,23.3500461509039,4197484.17158452,36.07955,1,-0.2678
3453241,3453241,1346004899.94822,37.7242262282105,23.350046145168,4197484.17129437,35.97386,1,-0.3735
3453242,3453242,1346004899.94832,37.72423261437,23.3500454103495,4197484.88314811,36.160233,1,-0.1871
3453243,3453243,1346004899.94842,37.7242389953433,23.3500446574639,4197485.59442226,36.012184,1,-0.3352
3453244,3453244,1346004899.94842,37.724238994642,23.3500446557115,4197485.59442273,35.979897,1,-0.3674
3453245,3453245,1346004899.94862,37.7242517661752,23.3500431784633,4197487.01783553,36.188553,1,-0.1588
3453246,3453246,1346004899.94862,37.7242517670196,23.3500431805732,4197487.01812593,36.227432,1,-0.1199
3453247,3453247,1346004899.94862,37.7242517680735,23.3500431832066,4197487.01812545,36.275955,1,-0.0714
3453248,3453248,1346004899.94872,37.7242581529387,23.3500424396361,4197487.72968665,36.28287,1,-0.0645
3453249,3453249,1346004899.94882,37.7242645346897,23.35004169312,4197488.44124833,36.225925,1,-0.1214
3453250,3453250,1346004899.94892,37.7242709159684,23.3500409452823,4197489.15251962,36.139156,1,-0.2082
3453251,3453251,1346004899.94892,37.7242708950881,23.3500408931084,4197489.15049878,35.177788,1,-1.1695
3453252,3453252,1346004899.94902,37.724277291124,23.3500401770268,4197489.86321489,35.67479,1,-0.6725
3453253,3453253,1346004899.94912,37.7242836776395,23.3500394419874,4197490.5750641,35.812973,1,-0.5344
3453254,3453254,1346004899.94912,37.7242836849254,23.3500394601926,4197490.57563917,36.148426,1,-0.1989
3453255,3453255,1346004899.94922,37.7242900706302,23.3500387229821,4197491.28748838,36.241215,1,-0.1061
3453256,3453256,1346004899.94932,37.7242964526072,23.3500379763095,4197491.99875871,36.154297,1,-0.193
3453257,3453257,1346004899.94942,37.7243028386462,23.3500372346623,4197492.71060983,36.15872,1,-0.1886
3453258,3453258,1346004899.94952,37.724309222501,23.3500364923834,4197493.42217008,36.14213,1,-0.2052
3453259,3453259,1346004899.94952,37.7243092262873,23.3500365018442,4197493.42245618,36.31646,1,-0.0309
3453260,3453260,1346004899.94952,37.7243092217101,23.3500364904071,4197493.42217199,36.105717,1,-0.2416
3453261,3453261,1346004899.94952,37.7243092226564,23.3500364927715,4197493.42217008,36.149284,1,-0.1981
3453262,3453262,1346004899.94952,37.7243092224053,23.3500364921442,4197493.42217008,36.137726,1,-0.2096
3453263,3453263,1346004899.94962,37.7243156017118,23.3500357333729,4197494.13344899,35.816048,1,-0.5313
3453264,3453264,1346004899.94972,37.7243219954277,23.3500350154295,4197494.84587137,36.237377,1,-0.11
3453265,3453265,1346004899.95002,37.7243411514069,23.3500327878284,4197496.98114244,36.11912,1,-0.2282
3453266,3453266,1346004899.95002,37.7243411516486,23.3500327884324,4197496.98114244,36.13025,1,-0.2171
3453267,3453267,1346004899.95022,37.7243588039929,23.3500436358057,4197498.83943216,263.16626,0,226.8189
3453268,3453268,1346004899.95022,37.7243539246078,23.3500313099983,4197498.40456048,36.146755,1,-0.2006
3453269,3453269,1346004899.95042,37.7243666989237,23.3500298392881,4197499.82855836,36.281445,1,-0.0659
3453270,3453270,1346004899.95042,37.7243667000693,23.3500298421504,4197499.82855645,36.334187,1,-0.0131
3453271,3453271,1346004899.95042,37.7243666971748,23.3500298349182,4197499.82827226,36.200924,1,-0.1464
3453272,3453272,1346004899.95052,37.7243730841916,23.3500290939902,4197500.54013101,36.1622,1,-0.1851
3453273,3453273,1346004899.95062,37.7243794712563,23.3500283578117,4197501.25150945,36.20228,1,-0.1451
3453274,3453274,1346004899.95072,37.7243858075763,23.3500274845273,4197501.95898827,33.719307,1,-2.628
3453275,3453275,1346004899.95072,37.724385858069,23.3500276160443,4197501.96334513,36.13832,1,-0.209
3453276,3453276,1346004899.95072,37.7243858578822,23.3500276155775,4197501.96334513,36.12972,1,-0.2176
3453277,3453277,1346004899.95072,37.7243858595773,23.3500276198131,4197501.96334501,36.207764,1,-0.1396
3453278,3453278,1346004899.95082,37.7243922461337,23.3500268772388,4197502.67517896,36.12411,1,-0.2232
3453279,3453279,1346004899.95082,37.7243922489655,23.3500268843145,4197502.67546936,36.25449,1,-0.0928
3453280,3453280,1346004899.95112,37.7244114069398,23.3500246613006,4197504.81096264,36.053658,1,-0.2937
3453281,3453281,1346004899.95112,37.7244114071081,23.350024661721,4197504.81096264,36.061405,1,-0.2859
3453282,3453282,1346004899.95122,37.7244177946773,23.3500239259778,4197505.52279039,36.080696,1,-0.2666
3453283,3453283,1346004899.95132,37.7244241836319,23.3500231885477,4197506.23490902,36.068333,1,-0.279
3453284,3453284,1346004899.95132,37.724424185858,23.35002319411,4197506.23519846,36.17083,1,-0.1765
3453285,3453285,1346004899.95142,37.7244305763049,23.3500224652129,4197506.94731327,36.30709,1,-0.0402
3453286,3453286,1346004899.95142,37.72443057295,23.3500224568302,4197506.9470243,36.152626,1,-0.1947
3453287,3453287,1346004899.95142,37.7244305664325,23.3500224405452,4197506.94644638,35.852543,1,-0.4948
3453288,3453288,1346004899.95152,37.7244369619652,23.3500217192055,4197507.65914007,36.127586,1,-0.2197
3453289,3453289,1346004899.95152,37.7244368500548,23.3500214342289,4197507.64903351,30.880772,0,-5.4666
3453290,3453290,1346004899.95152,37.7244369606661,23.3500217159597,4197507.65914055,36.067776,1,-0.2796
3453291,3453291,1346004899.95162,37.7244433515115,23.3500209877103,4197508.37125345,36.206974,1,-0.1404
3453292,3453292,1346004899.95172,37.7244497393203,23.3500202467213,4197509.08307739,36.111034,1,-0.2363
3453293,3453293,1346004899.95172,37.7244497383754,23.3500202443603,4197509.08307834,36.06753,1,-0.2798
3453294,3453294,1346004899.95182,37.7244561279392,23.3500195125572,4197509.79519077,36.132435,1,-0.2149
3453295,3453295,1346004899.95182,37.7244561302736,23.35001951839,4197509.79547878,36.239914,1,-0.1074
3453296,3453296,1346004899.95192,37.724462519836,23.3500187814294,4197510.50759216,36.209484,1,-0.1379
3453297,3453297,1346004899.95202,37.7244780380187,23.3500411099001,4197512.03332039,461.01825,0,424.6709
3453298,3453298,1346004899.95202,37.7244689054067,23.3500180392942,4197511.21941658,36.07538,1,-0.272
3453299,3453299,1346004899.95212,37.7244752982778,23.3500173102443,4197511.93181701,36.182194,1,-0.1651
3453300,3453300,1346004899.95212,37.7244752937382,23.3500172989013,4197511.93124004,35.973175,1,-0.3742
3453301,3453301,1346004899.95212,37.7244752987399,23.3500173113989,4197511.93181701,36.20347,1,-0.1439
3453302,3453302,1346004899.95222,37.7244816871565,23.3500165760163,4197512.64392753,36.18537,1,-0.162
3453303,3453303,1346004899.95232,37.7244878876798,23.3500154753372,4197513.33818241,35.97264,1,-0.3747
3453304,3453304,1346004899.95242,37.7244942888039,23.3500147643802,4197514.05145355,35.98003,1,-0.3673
3453305,3453305,1346004899.95242,37.724494295155,23.3500147802492,4197514.05202766,36.272446,1,-0.0749
3453306,3453306,1346004899.95242,37.7244942947527,23.3500147792439,4197514.05202862,36.25392,1,-0.0934
3453307,3453307,1346004899.95262,37.7245070921594,23.350013344677,4197515.47799488,36.02284,1,-0.3245
3453308,3453308,1346004899.95262,37.7245070912792,23.3500133424777,4197515.47770401,35.98231,1,-0.365
3453309,3453309,1346004899.95262,37.7245070935721,23.3500133482067,4197515.47799202,36.08788,1,-0.2595
3453310,3453310,1346004899.95282,37.7245199040748,23.3500119406457,4197516.9051046,36.342335,1,-0.005
3453311,3453311,1346004899.95282,37.7245198997182,23.3500119297605,4197516.9048204,36.14175,1,-0.2056
3453312,3453312,1346004899.95292,37.7245263005582,23.3500112171734,4197517.61808868,36.0991,1,-0.2482
3453313,3453313,1346004899.95292,37.7245263050238,23.3500112283313,4197517.61837288,36.304707,1,-0.0426
3453314,3453314,1346004899.95302,37.7245327060717,23.3500105111027,4197518.33164497,36.176853,1,-0.1705
3453315,3453315,1346004899.95302,37.7245320341671,23.3500088108689,4197518.27168556,4.864198,0,-31.4831
3453316,3453316,1346004899.95312,37.724539107032,23.3500097984544,4197519.04491134,36.126064,1,-0.2213
3453317,3453317,1346004899.95322,37.7245455104585,23.3500090868088,4197519.75817962,36.09436,1,-0.253
3453318,3453318,1346004899.95322,37.7245455103004,23.3500090864138,4197519.75817962,36.087082,1,-0.2603
3453319,3453319,1346004899.95322,37.7245455119179,23.3500090904553,4197519.75846954,36.161556,1,-0.1858
3453320,3453320,1346004899.95342,37.7245583148286,23.3500076615767,4197521.18439914,35.98227,1,-0.3651
3453321,3453321,1346004899.95342,37.7245583114679,23.3500076531796,4197521.18410845,35.827534,1,-0.5198
3453322,3453322,1346004899.95342,37.7245559561405,23.3500016985749,4197520.97415261,-73.84069,0,-110.188
3453323,3453323,1346004899.95362,37.724580050355,23.3500287974023,4197523.40708716,451.42468,0,415.0773
3453324,3453324,1346004899.95362,37.7245705215262,23.3500047264185,4197522.55779595,8.047769,0,-28.2996
3453325,3453325,1346004899.95372,37.7245775319479,23.3500055515633,4197523.32533891,36.303596,1,-0.0437
3453326,3453326,1346004899.95372,37.7245775279051,23.350005541462,4197523.325049,36.11746,1,-0.2299
3453327,3453327,1346004899.95382,37.7245839336963,23.3500048346675,4197524.03859241,36.158413,1,-0.1889
3453328,3453328,1346004899.95382,37.7245839246868,23.3500048121565,4197524.03772242,35.743595,1,-0.6037
3453329,3453329,1346004899.95392,37.724590337507,23.3500041277318,4197524.75213273,36.190594,1,-0.1567
3453330,3453330,1346004899.95392,37.7245903364078,23.3500041249853,4197524.7521332,36.139984,1,-0.2074
3453331,3453331,1346004899.95402,37.7245967350451,23.350003404952,4197525.46509059,35.92867,1,-0.4187
3453332,3453332,1346004899.95412,37.724603145895,23.3500027102827,4197526.17920478,36.186646,1,-0.1607
3453333,3453333,1346004899.95412,37.7246031428675,23.3500027027181,4197526.17891533,36.04725,1,-0.3001
3453334,3453334,1346004899.95412,37.7246031482134,23.3500027160754,4197526.17949469,36.293392,1,-0.0539
3453335,3453335,1346004899.95422,37.7246095526808,23.3500020052895,4197526.89302714,36.25253,1,-0.0948
3453336,3453336,1346004899.95422,37.7246095508713,23.3500020007682,4197526.89273722,36.169212,1,-0.1781
3453337,3453337,1346004899.95432,37.7246159528357,23.3500012885402,4197527.60597737,36.096184,1,-0.2512
3453338,3453338,1346004899.95432,37.7246159535431,23.3500012903075,4197527.60626824,36.12875,1,-0.2186
3453339,3453339,1346004899.95452,37.7246287594286,23.3499998652609,4197529.03303177,35.971157,1,-0.3762
3453340,3453340,1346004899.95452,37.72462876296,23.3499998740843,4197529.03331978,36.133755,1,-0.2136
3453341,3453341,1346004899.95452,37.7246287648047,23.3499998786935,4197529.03331883,36.218693,1,-0.1286
3453342,3453342,1346004899.95462,37.7246351633336,23.3499991573844,4197529.74655564,35.974075,1,-0.3733
3453343,3453343,1346004899.95462,37.7246351695505,23.3499991729179,4197529.74713166,36.260323,1,-0.087
3453344,3453344,1346004899.95462,37.7246351689959,23.3499991715321,4197529.74684079,36.234787,1,-0.1125
3453345,3453345,1346004899.95472,37.7246415726594,23.3499984579086,4197530.46036465,36.134563,1,-0.2128
3453346,3453346,1346004899.95482,37.7246479755254,23.3499977471107,4197531.17388566,36.08154,1,-0.2658
3453347,3453347,1346004899.95482,37.7246479761195,23.3499977485952,4197531.17388375,36.108894,1,-0.2384
3453348,3453348,1346004899.95492,37.7246634295904,23.350019897917,4197532.6938432,457.1468,0,420.7995
3453349,3453349,1346004899.95492,37.7246543845805,23.3499970466357,4197531.88797982,36.221806,1,-0.1255
3453350,3453350,1346004899.95492,37.7246543845095,23.3499970464584,4197531.88797982,36.218536,1,-0.1288
3453351,3453351,1346004899.95492,37.7246543833362,23.3499970435268,4197531.88769086,36.164513,1,-0.1828
3453352,3453352,1346004899.95522,37.7246735980122,23.3499949199039,4197534.02852376,36.164925,1,-0.1824
3453353,3453353,1346004899.95532,37.7246775206487,23.3499879366994,4197534.52103646,-79.41694,0,-115.7643
3453354,3453354,1346004899.95542,37.7246864107029,23.349993508977,4197535.45612366,36.253853,1,-0.0935
3453355,3453355,1346004899.95552,37.7246928134733,23.3499927918607,4197536.16934712,36.085503,1,-0.2618
3453356,3453356,1346004899.95562,37.724699218186,23.3499920844263,4197536.88314564,36.091873,1,-0.2555
3453357,3453357,1346004899.95562,37.7246992199819,23.3499920889134,4197536.88314374,36.17456,1,-0.1728
3453358,3453358,1346004899.95572,37.7247056268609,23.3499913817608,4197537.59694035,36.190342,1,-0.157
3453359,3453359,1346004899.95582,37.7247120290783,23.3499906677926,4197538.31045086,36.077103,1,-0.2702
3453360,3453360,1346004899.95582,37.7247120310325,23.3499906726755,4197538.31044705,36.167088,1,-0.1802
3453361,3453361,1346004899.95592,37.7247184327647,23.3499899623284,4197539.02366383,36.117313,1,-0.23
3453362,3453362,1346004899.95592,37.7247184368432,23.3499899725189,4197539.02423985,36.30511,1,-0.0422
3453363,3453363,1346004899.95602,37.7247248365759,23.349989247068,4197539.73746617,35.985535,1,-0.3618
3453364,3453364,1346004899.95602,37.724724840578,23.3499892570676,4197539.73775036,36.169815,1,-0.1775
3453365,3453365,1346004899.95612,37.7247312446753,23.3499885473583,4197540.45125516,36.137352,1,-0.21
3453366,3453366,1346004899.95612,37.7247312408099,23.3499885377002,4197540.45097287,35.95937,1,-0.388
3453367,3453367,1346004899.95612,37.7247312468491,23.3499885527896,4197540.45125134,36.237446,1,-0.1099
3453368,3453368,1346004899.95612,37.724731250337,23.3499885615045,4197540.45182736,36.39805,1,0.0507
3453369,3453369,1346004899.95622,37.724741354006,23.3499971918395,4197541.49426975,208.4164,0,172.0691
3453370,3453370,1346004899.95622,37.7247376544143,23.349987846441,4197541.16469552,36.272182,1,-0.0752
3453371,3453371,1346004899.95622,37.7247376525749,23.349987841845,4197541.16440474,36.187485,1,-0.1599
3453372,3453372,1346004899.95622,37.7247376425097,23.3499878166965,4197541.16353257,35.72403,1,-0.6233
3453373,3453373,1346004899.95622,37.7247376534622,23.3499878440621,4197541.16469558,36.22834,1,-0.119
3453374,3453374,1346004899.95622,37.724737655654,23.3499878495385,4197541.16469549,36.329266,1,-0.0181
3453375,3453375,1346004899.95622,37.7247376549564,23.3499878477954,4197541.16469552,36.297142,1,-0.0502
3453376,3453376,1346004899.95632,37.7247440570689,23.3499871328421,4197541.87790789,36.170288,1,-0.177
3453377,3453377,1346004899.95642,37.7247504636935,23.3499864240413,4197542.59198954,36.16205,1,-0.1853
3453378,3453378,1346004899.95642,37.7247504640936,23.3499864250411,4197542.59198954,36.180473,1,-0.1669
3453379,3453379,1346004899.95652,37.724756870104,23.3499857195481,4197543.30548598,36.230785,1,-0.1166
3453380,3453380,1346004899.95652,37.7247568661604,23.3499857096946,4197543.30519583,36.0492,1,-0.2981
3453381,3453381,1346004899.95662,37.7247632758931,23.3499850083836,4197544.01927044,36.1821,1,-0.1652
3453382,3453382,1346004899.95672,37.7247696809024,23.3499843001164,4197544.7330518,36.184685,1,-0.1627
3453383,3453383,1346004899.95672,37.7247696786708,23.3499842945404,4197544.73276188,36.081924,1,-0.2654
3453384,3453384,1346004899.95672,37.7247696779963,23.3499842928552,4197544.73276188,36.05087,1,-0.2965
3453385,3453385,1346004899.95672,37.7247696773349,23.3499842912028,4197544.73247149,36.020416,1,-0.3269
3453386,3453386,1346004899.95682,37.7247760871053,23.3499835897159,4197545.44653942,36.15376,1,-0.1936
3453387,3453387,1346004899.95702,37.7247889008306,23.349982176797,4197546.8743787,36.23959,1,-0.1077
3453388,3453388,1346004899.95712,37.7247953040015,23.349981463409,4197547.58785965,36.156307,1,-0.191
3453389,3453389,1346004899.95742,37.7248145228964,23.3499793359632,4197549.72886707,36.1641,1,-0.1832
3453390,3453390,1346004899.95752,37.7248209294717,23.3499786305793,4197550.44262745,36.2391,1,-0.1082
3453391,3453391,1346004899.95752,37.7248209295514,23.3499786307783,4197550.44291832,36.24277,1,-0.1046
3453392,3453392,1346004899.95772,37.724833740398,23.3499772089099,4197551.8701482,36.20137,1,-0.146
3453393,3453393,1346004899.95772,37.7248337380945,23.3499772031543,4197551.86985924,36.0953,1,-0.252
3453394,3453394,1346004899.95782,37.7248401418081,23.3499764852794,4197552.58361961,35.953552,1,-0.3938
3453395,3453395,1346004899.95792,37.7248465506237,23.3499757850173,4197553.29737141,36.135963,1,-0.2114
3453396,3453396,1346004899.95792,37.7248465501696,23.3499757838828,4197553.29737141,36.115055,1,-0.2323
3453397,3453397,1346004899.95792,37.7248465308467,23.3499757356033,4197553.29565002,35.22529,1,-1.122
3453398,3453398,1346004899.95822,37.7248657682767,23.3499736565955,4197555.4386306,36.19995,1,-0.1474
3453399,3453399,1346004899.95822,37.7248657640799,23.3499736461093,4197555.43834641,36.006695,1,-0.3406
3453400,3453400,1346004899.95832,37.7248721758448,23.3499729477856,4197556.15238144,36.24397,1,-0.1034
3453401,3453401,1346004899.95832,37.7248721681558,23.3499729285742,4197556.1518121,35.889908,1,-0.4574
3453402,3453402,1346004899.95832,37.7248721618288,23.3499729127658,4197556.15123894,35.598568,1,-0.7488
3453403,3453403,1346004899.95862,37.7248913873613,23.3499708027254,4197558.29305794,36.050304,1,-0.297
3453404,3453404,1346004899.95862,37.7248913886428,23.3499708059273,4197558.29334595,36.109314,1,-0.238
3453405,3453405,1346004899.95882,37.7249042010694,23.3499693855755,4197559.72084381,36.182625,1,-0.1647
3453406,3453406,1346004899.95892,37.7249106053832,23.3499686680127,4197560.43430855,36.09227,1,-0.2551
3453407,3453407,1346004899.95892,37.7249106085157,23.3499686758394,4197560.43459465,36.236515,1,-0.1108
3453408,3453408,1346004899.95892,37.7249106053083,23.3499686678255,4197560.43430855,36.08882,1,-0.2585
3453409,3453409,1346004899.95902,37.7249170072004,23.3499679489102,4197561.1470382,35.974907,1,-0.3724
3453410,3453410,1346004899.95902,37.7249170094881,23.3499679546263,4197561.14732898,36.080257,1,-0.2671
3453411,3453411,1346004899.95902,37.7249170146046,23.3499679674102,4197561.14761961,36.31586,1,-0.0315
3453412,3453412,1346004899.95912,37.7249234117952,23.3499672318565,4197561.86078445,35.903988,1,-0.4433
3453413,3453413,1346004899.95912,37.7249234198242,23.3499672519175,4197561.86136524,36.273712,1,-0.0736
3453414,3453414,1346004899.95932,37.7249362244828,23.3499658161733,4197563.28826598,36.10968,1,-0.2377
3453415,3453415,1346004899.95942,37.7249426267403,23.3499650979854,4197564.00171284,36.030003,1,-0.3173
3453416,3453416,1346004899.95952,37.7249490296566,23.3499643813552,4197564.71515636,35.98465,1,-0.3627
3453417,3453417,1346004899.95952,37.7249490346767,23.3499643938982,4197564.71544532,36.21582,1,-0.1315
3453418,3453418,1346004899.95952,37.7249490344464,23.3499643933229,4197564.71544532,36.20522,1,-0.1421
3453419,3453419,1346004899.95962,37.7249554373344,23.3499636715532,4197565.42888788,36.074818,1,-0.2725
3453420,3453420,1346004899.95972,37.7249618428999,23.3499629563888,4197566.14261679,36.07203,1,-0.2753
3453421,3453421,1346004899.95982,37.7249682495071,23.3499622487262,4197566.85663323,36.209576,1,-0.1378
3453422,3453422,1346004899.95992,37.7249746487778,23.3499615176698,4197567.56978039,35.926033,1,-0.4213
3453423,3453423,1346004899.95992,37.7249746500239,23.3499615207832,4197567.56977944,35.983414,1,-0.3639
3453424,3453424,1346004899.96002,37.7249810538926,23.3499608061182,4197568.28321079,36.00429,1,-0.343
3453425,3453425,1346004899.96002,37.724981053081,23.3499608040904,4197568.28321127,35.96692,1,-0.3804
3453426,3453426,1346004899.96012,37.7249874626287,23.3499601035372,4197568.9972196,36.25427,1,-0.0931
3453427,3453427,1346004899.96022,37.7249938606189,23.3499593690493,4197569.71036295,35.926632,1,-0.4207
3453428,3453428,1346004899.96032,37.7250002654927,23.3499586566688,4197570.42407946,36.009144,1,-0.3809
3453429,3453429,1346004899.96042,37.7250066694986,23.3499579370663,4197571.13750605,35.969242,1,-0.4208
3453430,3453430,1346004899.96042,37.7250066719702,23.3499579432416,4197571.13779501,36.083057,1,-0.307
3453431,3453431,1346004899.96042,37.7250066714988,23.3499579420637,4197571.13779596,36.06135,1,-0.3287
3453432,3453432,1346004899.96062,37.7250194816238,23.3499565129129,4197572.56522326,36.183685,1,-0.2063
3453433,3453433,1346004899.96062,37.7250194809577,23.3499565112484,4197572.56493239,36.153008,1,-0.237
3453434,3453434,1346004899.96072,37.725025885964,23.3499557989235,4197573.27864317,36.26431,1,-0.1257
3453435,3453435,1346004899.96092,37.7250386944392,23.3499543652599,4197574.70577482,36.34658,1,-0.0435
3453436,3453436,1346004899.96092,37.7250386893554,23.3499543525577,4197574.70549063,36.11247,1,-0.2776
3453437,3453437,1346004899.96092,37.7250386900844,23.3499543543791,4197574.70548967,36.146038,1,-0.244
3453438,3453438,1346004899.96092,37.7250386876363,23.3499543482625,4197574.70520262,36.033306,1,-0.3567
3453439,3453439,1346004899.96102,37.7250450934041,23.3499536326714,4197575.41891245,36.11045,1,-0.2796
3453440,3453440,1346004899.96102,37.7250450737666,23.3499535836059,4197575.41719488,35.206135,1,-1.1839
3453441,3453441,1346004899.96112,37.7250515002534,23.3499529247062,4197576.13290838,36.331802,1,-0.0582
3453442,3453442,1346004899.96112,37.7250514943792,23.3499529100292,4197576.13233618,36.06129,1,-0.3287
3453443,3453443,1346004899.96112,37.7250515004873,23.3499529252906,4197576.13290838,36.34257,1,-0.0475
3453444,3453444,1346004899.96112,37.7250514975385,23.3499529179228,4197576.13262228,36.206776,1,-0.1833
3453445,3453445,1346004899.96112,37.7250514966242,23.3499529156384,4197576.13262228,36.164673,1,-0.2254
3453446,3453446,1346004899.96122,37.7250578982157,23.3499521894976,4197576.84604792,36.062706,1,-0.3273
3453447,3453447,1346004899.96122,37.7250578994664,23.3499521926226,4197576.84604601,36.1203,1,-0.2697
3453448,3453448,1346004899.96122,37.7250572271519,23.3499504914009,4197576.78628496,4.783003,0,-31.607
3453449,3453449,1346004899.96132,37.725064303852,23.3499514783905,4197577.55975298,36.241703,1,-0.1483
3453450,3453450,1346004899.96132,37.7250642921172,23.3499514490707,4197577.55860857,35.70131,1,-0.6887
3453451,3453451,1346004899.96132,37.7250643028453,23.3499514758754,4197577.55946306,36.195347,1,-0.1947
3453452,3453452,1346004899.96142,37.7250707065541,23.3499507549173,4197578.27317576,36.204693,1,-0.1853
3453453,3453453,1346004899.96142,37.7250707090949,23.3499507612657,4197578.27346186,36.321697,1,-0.0683
3453454,3453454,1346004899.96152,37.7250771028886,23.3499500204663,4197578.98602442,35.96945,1,-0.4206
3453455,3453455,1346004899.96152,37.7250771074336,23.3499500318221,4197578.98630671,36.17875,1,-0.2113
3453456,3453456,1346004899.96162,37.7250835059279,23.3499493027185,4197579.69944338,36.05025,1,-0.3398
3453457,3453457,1346004899.96162,37.7250835083156,23.3499493086843,4197579.69972948,36.160206,1,-0.2298
3453458,3453458,1346004899.96192,37.7251027129317,23.349947133782,4197581.83902336,36.061817,1,-0.3282
3453459,3453459,1346004899.96202,37.7251091042337,23.3499463815502,4197582.55156268,35.54485,1,-0.8452
3453460,3453460,1346004899.96202,37.7251091199588,23.3499464208401,4197582.55301417,36.26901,1,-0.121
3453461,3453461,1346004899.96212,37.7251155147246,23.349945682206,4197583.26584114,36.00742,1,-0.3826
3453462,3453462,1346004899.96212,37.7251155194617,23.3499456940421,4197583.26613058,36.22557,1,-0.1645
3453463,3453463,1346004899.96212,37.725115517982,23.349945690345,4197583.26613105,36.157433,1,-0.2326
3453464,3453464,1346004899.96212,37.7251155211428,23.3499456982423,4197583.26642121,36.302986,1,-0.087
3453465,3453465,1346004899.96232,37.7251283156605,23.3499442283407,4197584.69235934,35.946198,1,-0.4438
3453466,3453466,1346004899.96232,37.7251283201129,23.3499442394651,4197584.69264854,36.151237,1,-0.2388
3453467,3453467,1346004899.96242,37.7251347164679,23.3499435046965,4197585.40546931,35.98774,1,-0.4023
3453468,3453468,1346004899.96242,37.7251347187034,23.3499435102821,4197585.40575923,36.09069,1,-0.2993
3453469,3453469,1346004899.96252,37.7251411182108,23.3499427783762,4197586.1188692,35.993103,1,-0.3969
3453470,3453470,1346004899.96252,37.7251411203484,23.3499427837171,4197586.11915911,36.091545,1,-0.2985
3453471,3453471,1346004899.96252,37.7251411213445,23.3499427862059,4197586.11915864,36.137417,1,-0.2526
3453472,3453472,1346004899.96262,37.7251475194729,23.3499420607905,4197586.83226527,36.160744,1,-0.2293
3453473,3453473,1346004899.96262,37.7251475203291,23.3499420629296,4197586.83226479,36.20017,1,-0.1899
3453474,3453474,1346004899.96272,37.7251539220023,23.3499413363788,4197587.54566039,36.219925,1,-0.1701
3453475,3453475,1346004899.96282,37.7251603196866,23.3499406048188,4197588.25876607,36.152824,1,-0.2372
3453476,3453476,1346004899.96282,37.7251603196562,23.3499406047428,4197588.25876607,36.151424,1,-0.2386
3453477,3453477,1346004899.96292,37.7251667199367,23.3499398746635,4197588.97186888,36.12519,1,-0.2648
3453478,3453478,1346004899.96302,37.7251731202426,23.3499391496091,4197589.68526114,36.197243,1,-0.1928
3453479,3453479,1346004899.96302,37.7251731192652,23.349939147167,4197589.68526209,36.152233,1,-0.2378
3453480,3453480,1346004899.96312,37.7251795176528,23.3499384173002,4197590.39836253,36.145355,1,-0.2447
3453481,3453481,1346004899.96312,37.7251795166869,23.3499384148869,4197590.39807261,36.100872,1,-0.2892
3453482,3453482,1346004899.96312,37.7251795195303,23.3499384219912,4197590.39836157,36.23182,1,-0.1582
3453483,3453483,1346004899.96322,37.725185919336,23.3499376906679,4197591.11175383,36.21197,1,-0.1781
3453484,3453484,1346004899.96322,37.7251859176078,23.3499376863498,4197591.11146487,36.13238,1,-0.2577
3453485,3453485,1346004899.96342,37.7251987155021,23.3499362243507,4197592.53766573,36.130615,1,-0.2594
3453486,3453486,1346004899.96352,37.7252051156308,23.349935493794,4197593.25105704,36.15509,1,-0.2349
3453487,3453487,1346004899.96362,37.7252115144072,23.3499347648314,4197593.96415557,36.21518,1,-0.1749
3453488,3453488,1346004899.96372,37.7252179061492,23.3499340182857,4197594.67667998,35.96152,1,-0.4285
3453489,3453489,1346004899.96382,37.725224311364,23.3499333004142,4197595.39035548,36.25084,1,-0.1392
3453490,3453490,1346004899.96382,37.7252243001267,23.3499332723372,4197595.38920725,35.73333,1,-0.6567
3453491,3453491,1346004899.96382,37.7252243108025,23.3499332990111,4197595.39035548,36.22498,1,-0.1651
3453492,3453492,1346004899.96392,37.7252390294785,23.3499535878351,4197596.84487284,423.5468,0,387.1568
3453493,3453493,1346004899.96392,37.7252307026315,23.3499325526738,4197596.10259093,35.996117,1,-0.3939
3453494,3453494,1346004899.96392,37.7252307082795,23.3499325667855,4197596.10316504,36.25622,1,-0.1338
3453495,3453495,1346004899.96402,37.7252371034449,23.3499318237999,4197596.81598223,36.103783,1,-0.2863
3453496,3453496,1346004899.96402,37.7252371020421,23.3499318202951,4197596.81598414,36.03918,1,-0.3509
3453497,3453497,1346004899.96412,37.7252434962402,23.3499310798754,4197597.52850855,35.940704,1,-0.4493
3453498,3453498,1346004899.96422,37.7252498999704,23.3499303582923,4197598.24218691,36.204247,1,-0.1858
3453499,3453499,1346004899.96422,37.7252499019125,23.3499303631447,4197598.24247302,36.293686,1,-0.0963
3453500,3453500,1346004899.96432,37.7252562904139,23.3499296084985,4197598.95442904,35.954643,1,-0.4354
3453501,3453501,1346004899.96432,37.7252562922401,23.3499296130614,4197598.95471514,36.038746,1,-0.3513
3453502,3453502,1346004899.96452,37.7252690892834,23.3499281488792,4197600.38092555,36.22913,1,-0.1609
3453503,3453503,1346004899.96462,37.7252754831969,23.3499274026117,4197601.09285305,36.081947,1,-0.3081
3453504,3453504,1346004899.96462,37.725275483288,23.3499274028393,4197601.09285305,36.086143,1,-0.3039
3453505,3453505,1346004899.96472,37.725281877336,23.3499266620885,4197601.80565118,36.04754,1,-0.3425
3453506,3453506,1346004899.96472,37.7252818822374,23.3499266743349,4197601.80623239,36.273266,1,-0.1168
3453507,3453507,1346004899.96502,37.7253010641066,23.3499244465056,4197603.94403511,36.12672,1,-0.2633
3453508,3453508,1346004899.96522,37.7253138533848,23.3499229581506,4197605.36961895,36.03411,1,-0.3559
3453509,3453509,1346004899.96522,37.7253138560005,23.3499229646862,4197605.36990886,36.154575,1,-0.2355
3453510,3453510,1346004899.96532,37.7253202497788,23.3499222233755,4197606.0826984,36.17449,1,-0.2155
3453511,3453511,1346004899.96542,37.7253266456191,23.34992148226,4197606.79548746,36.213825,1,-0.1762
3453512,3453512,1346004899.96542,37.725326636615,23.349921459763,4197606.79461961,35.799152,1,-0.5909
3453513,3453513,1346004899.96552,37.7253330387959,23.3499207394999,4197607.50798469,36.230564,1,-0.1595
3453514,3453514,1346004899.96552,37.7253330382635,23.3499207381698,4197607.50798564,36.20605,1,-0.184
3453515,3453515,1346004899.96572,37.7253458248373,23.3499192483081,4197608.93327146,36.199284,1,-0.1907
3453516,3453516,1346004899.96572,37.72534582607,23.3499192513882,4197608.93326955,36.256058,1,-0.134
3453517,3453517,1346004899.96582,37.7253522169056,23.3499185028732,4197609.64576822,36.20255,1,-0.1875
3453518,3453518,1346004899.96592,37.7253586067178,23.3499177518368,4197610.35797697,36.114635,1,-0.2754
3453519,3453519,1346004899.96602,37.7253649920773,23.3499169897126,4197611.06989961,35.834484,1,-0.5555
3453520,3453520,1346004899.96602,37.7253649570714,23.3499169022486,4197611.06673341,34.22232,1,-2.1677
3453521,3453521,1346004899.96602,37.7253650014791,23.3499170132032,4197611.07076269,36.26747,1,-0.1226
3453522,3453522,1346004899.96612,37.725371225472,23.3499158376022,4197611.76831346,28.386696,0,-8.0033
3453523,3453523,1346004899.96622,37.7253777808493,23.3499155057072,4197612.49547296,36.056736,1,-0.3333
3453524,3453524,1346004899.96632,37.7253891329794,23.3499272875708,4197613.64979177,266.92697,0,230.5369
3453525,3453525,1346004899.96632,37.7253841723871,23.3499147541607,4197613.20797449,36.012463,1,-0.3776
3453526,3453526,1346004899.96642,37.7253905687642,23.3499140197328,4197613.9207583,36.292004,1,-0.098
3453527,3453527,1346004899.96642,37.7253905659797,23.3499140127755,4197613.9204722,36.16376,1,-0.2263
3453528,3453528,1346004899.96652,37.7253969614099,23.3499132710463,4197614.63325983,36.325283,1,-0.0648
3453529,3453529,1346004899.96662,37.7254033428948,23.3499124995051,4197615.34490209,35.94567,1,-0.4444
3453530,3453530,1346004899.96662,37.7254033405804,23.3499124937226,4197615.34461408,35.83909,1,-0.5509
3453531,3453531,1346004899.96672,37.7254097394676,23.3499117607302,4197616.05769163,36.18671,1,-0.2033
3453532,3453532,1346004899.96682,37.725416119578,23.3499109858578,4197616.76933961,35.77086,1,-0.6192
3453533,3453533,1346004899.96682,37.7254161275841,23.3499110058615,4197616.76990896,36.139576,1,-0.2505
3453534,3453534,1346004899.96692,37.7254225152222,23.3499102448695,4197617.48213106,35.996372,1,-0.3937
3453535,3453535,1346004899.96692,37.7254225183628,23.3499102527164,4197617.48241716,36.14101,1,-0.249
3453536,3453536,1346004899.96692,37.7254225179319,23.3499102516398,4197617.48241907,36.121166,1,-0.2689
3453537,3453537,1346004899.96692,37.7254225213901,23.3499102602802,4197617.48270517,36.28043,1,-0.1096
3453538,3453538,1346004899.96692,37.7254225179007,23.3499102515619,4197617.48241907,36.11973,1,-0.2703
3453539,3453539,1346004899.96702,37.7254289081944,23.3499095022435,4197618.1946364,36.20028,1,-0.1898
3453540,3453540,1346004899.96712,37.7254352784151,23.3499087028301,4197618.90514474,35.370205,1,-1.0198
3453541,3453541,1346004899.96712,37.7254352904851,23.3499087329876,4197618.90628725,35.926083,1,-0.464
3453542,3453542,1346004899.96722,37.7254416858359,23.3499079914404,4197619.61908441,36.179592,1,-0.2104
3453543,3453543,1346004899.96732,37.7254480733353,23.3499072353203,4197620.33131319,36.17319,1,-0.2168
3453544,3453544,1346004899.96732,37.7254480741971,23.3499072374734,4197620.33130937,36.21288,1,-0.1772
3453545,3453545,1346004899.96732,37.7254480718843,23.3499072316948,4197620.33102327,36.106365,1,-0.2837
3453546,3453546,1346004899.96732,37.7254480714315,23.3499072305634,4197620.33102518,36.08551,1,-0.3045
3453547,3453547,1346004899.96732,37.7254480753535,23.3499072403627,4197620.33130746,36.266136,1,-0.1239
3453548,3453548,1346004899.96732,37.7254473968515,23.3499055236894,4197620.27090936,4.641262,0,-31.7488
3453549,3453549,1346004899.96742,37.7254544612188,23.3499064750615,4197621.04265659,36.10776,1,-0.2823
3453550,3453550,1346004899.96742,37.7254544609816,23.3499064744689,4197621.04265659,36.09684,1,-0.2932
3453551,3453551,1346004899.96742,37.725454464845,23.3499064841218,4197621.04294737,36.274765,1,-0.1153
3453552,3453552,1346004899.96742,37.7254544621954,23.3499064775016,4197621.04294739,36.15274,1,-0.2373
3453553,3453553,1346004899.96752,37.7254608439774,23.349905702243,4197621.75456272,35.823578,1,-0.5665
3453554,3453554,1346004899.96762,37.7254754718034,23.3499257652513,4197623.20099955,419.43967,0,383.0496
3453555,3453555,1346004899.96762,37.7254672383511,23.3499049634949,4197622.46704846,36.176235,1,-0.2138
3453556,3453556,1346004899.96762,37.7254672377414,23.3499049619715,4197622.46704846,36.14815,1,-0.2419
3453557,3453557,1346004899.96772,37.7254736237792,23.3499042024649,4197623.17895298,36.131203,1,-0.2588
3453558,3453558,1346004899.96782,37.7254800135527,23.3499034473807,4197623.89143758,36.213013,1,-0.177
3453559,3453559,1346004899.96782,37.7254800082154,23.3499034340453,4197623.89085751,35.96721,1,-0.4228
3453560,3453560,1346004899.96792,37.7254863990661,23.3499026867072,4197624.60334139,36.20074,1,-0.1893
3453561,3453561,1346004899.96802,37.7254927844454,23.349901920791,4197625.3152452,36.109154,1,-0.2809
3453562,3453562,1346004899.96812,37.7254991677657,23.3499011547888,4197626.02685981,36.02499,1,-0.365
3453563,3453563,1346004899.96812,37.7254991711668,23.3499011632865,4197626.02714877,36.181625,1,-0.2084
3453564,3453564,1346004899.96822,37.7255055569338,23.3499003984936,4197626.73905234,36.137154,1,-0.2529
3453565,3453565,1346004899.96832,37.7255119418676,23.3498996366802,4197627.45095687,36.15667,1,-0.2334
3453566,3453566,1346004899.96832,37.7255119402311,23.3498996325914,4197627.45095782,36.081303,1,-0.3087
3453567,3453567,1346004899.96842,37.7255183278129,23.3498988724939,4197628.16286235,36.149925,1,-0.2401
3453568,3453568,1346004899.96842,37.7255182416842,23.3498986519458,4197628.15536122,32.08905,0,-4.301
3453569,3453569,1346004899.96852,37.7255247105046,23.3498981052438,4197628.87447791,36.095825,1,-0.2942
3453570,3453570,1346004899.96872,37.725537478628,23.3498965728639,4197630.29829364,36.070965,1,-0.3191
3453571,3453571,1346004899.96872,37.7255374812211,23.3498965793427,4197630.29829173,36.190388,1,-0.1996
3453572,3453572,1346004899.96872,37.7255374805637,23.3498965777003,4197630.29829269,36.160114,1,-0.2299
3453573,3453573,1346004899.96882,37.7255438653145,23.349895810873,4197631.01020198,36.158127,1,-0.2319
3453574,3453574,1346004899.96892,37.7255502500161,23.3498950489949,4197631.72211127,36.256573,1,-0.1335
3453575,3453575,1346004899.96892,37.7255502477398,23.3498950433074,4197631.72182326,36.151737,1,-0.2383
3453576,3453576,1346004899.96902,37.7255559923065,23.349892655731,4197632.3765636,6.3196507,0,-30.0704
3453577,3453577,1346004899.96922,37.7255693823342,23.3498927045018,4197633.85554843,35.551956,1,-0.8381
3453578,3453578,1346004899.96932,37.7255757765592,23.349891966796,4197634.56832366,36.149857,1,-0.2402
3453579,3453579,1346004899.96932,37.7255757777866,23.3498919698626,4197634.56832175,36.206383,1,-0.1837
3453580,3453580,1346004899.96932,37.7255757781525,23.3498919707769,4197634.5683208,36.223236,1,-0.1668
3453581,3453581,1346004899.96952,37.7255885402438,23.3498904248226,4197635.99129729,36.163567,1,-0.2265
3453582,3453582,1346004899.96952,37.7255885400431,23.3498904243209,4197635.99129825,36.15432,1,-0.2357
3453583,3453583,1346004899.96952,37.7255878911544,23.3498887816423,4197635.9334827,5.893122,0,-30.4969
3453584,3453584,1346004899.96962,37.7255949211754,23.3498896542032,4197636.70293193,36.195393,1,-0.1946
3453585,3453585,1346004899.96972,37.7256013015513,23.3498888773173,4197637.41428237,36.12952,1,-0.2605
3453586,3453586,1346004899.96972,37.725601301565,23.3498888773515,4197637.41428237,36.13015,1,-0.2599
3453587,3453587,1346004899.96972,37.7256013049561,23.3498888858243,4197637.41456847,36.286327,1,-0.1037
3453588,3453588,1346004899.96982,37.7256102989081,23.3498947137052,4197638.35917716,157.91835,0,121.5283
3453589,3453589,1346004899.96982,37.7256076836871,23.3498881099153,4197638.12592177,36.24779,1,-0.1422
3453590,3453590,1346004899.96982,37.7256076802878,23.3498881014222,4197638.12563567,36.09124,1,-0.2988
3453591,3453591,1346004899.96982,37.7256076801178,23.3498881009973,4197638.12563567,36.08341,1,-0.3066
3453592,3453592,1346004899.96982,37.7256076819079,23.3498881054699,4197638.12592368,36.16585,1,-0.2242
3453593,3453593,1346004899.96992,37.7256140629912,23.3498873305635,4197638.83727889,36.163635,1,-0.2264
3453594,3453594,1346004899.96992,37.7256140603315,23.3498873239181,4197638.8369947,36.041145,1,-0.3489
3453595,3453595,1346004899.97002,37.7256204440939,23.3498865607954,4197639.54892402,36.265476,1,-0.1246
3453596,3453596,1346004899.97002,37.72562043911,23.3498865483432,4197639.54835181,36.035946,1,-0.3541
3453597,3453597,1346004899.97022,37.7256332023921,23.349885006667,4197640.97094653,36.2454,1,-0.1446
3453598,3453598,1346004899.97022,37.7256331992852,23.3498849989045,4197640.97065573,36.102314,1,-0.2877
3453599,3453599,1346004899.97022,37.7256332002608,23.3498850013419,4197640.97065573,36.147243,1,-0.2428
3453600,3453600,1346004899.97042,37.7256459595521,23.3498834503272,4197642.39358389,36.23887,1,-0.1512
3453601,3453601,1346004899.97042,37.725645959581,23.3498834503993,4197642.39358389,36.240196,1,-0.1498
3453602,3453602,1346004899.97052,37.7256523376704,23.3498826686865,4197643.10461247,36.19419,1,-0.1958
3453603,3453603,1346004899.97052,37.7256523377253,23.3498826688238,4197643.10461247,36.196724,1,-0.1933
3453604,3453604,1346004899.97062,37.7256587116245,23.3498818817405,4197643.81564247,36.06106,1,-0.329
3453605,3453605,1346004899.97082,37.7256714728134,23.3498803364089,4197645.2385739,36.366367,1,-0.0237
3453606,3453606,1346004899.97092,37.7256778491421,23.3498795507768,4197645.94960629,36.30258,1,-0.0875
3453607,3453607,1346004899.97092,37.7256778487831,23.3498795498799,4197645.94960677,36.28605,1,-0.104
3453608,3453608,1346004899.97092,37.7256778467391,23.3498795447728,4197645.94931733,36.19191,1,-0.1981
3453609,3453609,1346004899.97102,37.7256842215607,23.3498787604804,4197646.66035115,36.16212,1,-0.2279
3453610,3453610,1346004899.97112,37.7256905996015,23.3498779793751,4197647.37138545,36.208977,1,-0.1811
3453611,3453611,1346004899.97112,37.7256905982776,23.3498779760673,4197647.37138688,36.148003,1,-0.242
3453612,3453612,1346004899.97122,37.7256969730026,23.3498771917853,4197648.08242356,36.14558,1,-0.2445
3453613,3453613,1346004899.97122,37.7256969708028,23.3498771862889,4197648.08213412,36.04427,1,-0.3458
3453614,3453614,1346004899.97132,37.7257033505949,23.3498764147954,4197648.7934612,36.29114,1,-0.0989
3453615,3453615,1346004899.97142,37.7257097240719,23.3498756226716,4197649.50421226,36.175617,1,-0.2144
3453616,3453616,1346004899.97152,37.7257160103327,23.3498746123964,4197650.20748317,32.052643,0,-4.3374
3453617,3453617,1346004899.97152,37.7257160943623,23.3498748276984,4197650.21496856,36.016804,1,-0.3732
3453618,3453618,1346004899.97162,37.7257224736886,23.3498740504527,4197650.92630183,36.20261,1,-0.1874
3453619,3453619,1346004899.97172,37.7257288462166,23.3498732613363,4197651.63676917,36.1788,1,-0.2112
3453620,3453620,1346004899.97172,37.7257288475589,23.34987326469,4197651.63705909,36.24062,1,-0.1494
3453621,3453621,1346004899.97172,37.7257288464369,23.3498732618866,4197651.63706004,36.188942,1,-0.2011
3453622,3453622,1346004899.97172,37.7257288445096,23.3498732570713,4197651.63677012,36.100185,1,-0.2898
3453623,3453623,1346004899.97172,37.7257288451958,23.3498732587858,4197651.63677012,36.13179,1,-0.2582
3453624,3453624,1346004899.97192,37.7257415883295,23.3498716711758,4197653.05800712,35.956123,1,-0.4339
3453625,3453625,1346004899.97212,37.7257543380572,23.3498701005924,4197654.47983157,36.14814,1,-0.2419
3453626,3453626,1346004899.97232,37.7257672878629,23.3498690399056,4197655.91969955,36.285656,1,-0.1044
3453627,3453627,1346004899.97232,37.725767285588,23.3498690342217,4197655.91941344,36.180885,1,-0.2091
3453628,3453628,1346004899.97232,37.7257666415264,23.3498674036158,4197655.86216533,6.1419306,0,-30.2481
3453629,3453629,1346004899.97252,37.7257799638749,23.3498672850751,4197657.33494555,34.400238,1,-1.9898
3453630,3453630,1346004899.97252,37.72578000059,23.3498673768081,4197657.33808887,36.09113,1,-0.2989
3453631,3453631,1346004899.97252,37.7257800029233,23.3498673826378,4197657.33837497,36.19859,1,-0.1914
3453632,3453632,1346004899.97252,37.7257800022531,23.3498673809635,4197657.33837688,36.167725,1,-0.2223
3453633,3453633,1346004899.97252,37.7257799967127,23.3498673671206,4197657.33780276,35.912563,1,-0.4775
3453634,3453634,1346004899.97262,37.7257863569355,23.3498665479221,4197658.04743373,36.061058,1,-0.329
3453635,3453635,1346004899.97262,37.7257863617684,23.3498665599974,4197658.04771602,36.283638,1,-0.1064
3453636,3453636,1346004899.97262,37.7257863573723,23.3498665490135,4197658.04743373,36.081177,1,-0.3089
3453637,3453637,1346004899.97272,37.7257927167417,23.3498657278295,4197658.75707042,36.206444,1,-0.1836
3453638,3453638,1346004899.97272,37.7257927160913,23.3498657262047,4197658.75707232,36.176495,1,-0.2135
3453639,3453639,1346004899.97282,37.7257990665214,23.3498648828342,4197659.46556842,35.906013,1,-0.484
3453640,3453640,1346004899.97302,37.7258117831722,23.3498632310154,4197660.88458812,36.052315,1,-0.3377
3453641,3453641,1346004899.97322,37.7258245003477,23.3498615759496,4197662.30298115,36.19431,1,-0.1957
3453642,3453642,1346004899.97322,37.7258244991493,23.3498615729554,4197662.30269052,36.139114,1,-0.2509
3453643,3453643,1346004899.97322,37.7258244973751,23.3498615685224,4197662.30269076,36.057404,1,-0.3326
3453644,3453644,1346004899.97332,37.7258308559241,23.3498607461983,4197663.01198269,36.238483,1,-0.1516
3453645,3453645,1346004899.97332,37.7258308556114,23.349860745417,4197663.01198269,36.224083,1,-0.166
3453646,3453646,1346004899.97332,37.7258308559811,23.3498607463408,4197663.01198269,36.241108,1,-0.1489
3453647,3453647,1346004899.97342,37.7258372075029,23.349859906615,4197663.72098853,36.113655,1,-0.2764
3453648,3453648,1346004899.97342,37.7258372066791,23.3498599045569,4197663.72098877,36.07572,1,-0.3143
3453649,3453649,1346004899.97342,37.7258372082636,23.3498599085158,4197663.72098853,36.148693,1,-0.2413
3453650,3453650,1346004899.97342,37.7258372057223,23.3498599021663,4197663.72069813,36.031654,1,-0.3584
3453651,3453651,1346004899.97342,37.7258372054054,23.3498599013746,4197663.72069813,36.017063,1,-0.373
3453652,3453652,1346004899.97362,37.725849919003,23.3498582437859,4197665.13930036,36.205727,1,-0.1843
3453653,3453653,1346004899.97372,37.7258562744751,23.3498574094259,4197665.84860803,36.21743,1,-0.1726
3453654,3453654,1346004899.97372,37.7258562732517,23.3498574063692,4197665.84831764,36.16109,1,-0.2289
3453655,3453655,1346004899.97372,37.7258560426767,23.3498568249247,4197665.82777549,25.44819,0,-10.9418
3453656,3453656,1346004899.97372,37.7258562707564,23.3498574001347,4197665.84831907,36.046173,1,-0.3439
3453657,3453657,1346004899.97382,37.7258626274725,23.3498565740242,4197666.55762865,36.2169,1,-0.1731
3453658,3453658,1346004899.97382,37.7258626247296,23.3498565671709,4197666.55733921,36.090576,1,-0.2995
3453659,3453659,1346004899.97382,37.7258626280213,23.3498565753954,4197666.55762865,36.242172,1,-0.1479
3453660,3453660,1346004899.97382,37.7258626252365,23.3498565684375,4197666.55733873,36.113926,1,-0.2761
3453661,3453661,1346004899.97402,37.7258753327095,23.3498548968353,4197667.97539379,36.136696,1,-0.2533
3453662,3453662,1346004899.97402,37.725875333727,23.3498548993776,4197667.97539379,36.183556,1,-0.2065
3453663,3453663,1346004899.97412,37.7258816837604,23.3498540570607,4197668.68413831,36.08918,1,-0.3009
3453664,3453664,1346004899.97422,37.7258880427904,23.3498532324077,4197669.39375497,36.335846,1,-0.0542
3453665,3453665,1346004899.97442,37.7259001065906,23.3498499325102,4197670.75428011,6.450695,0,-29.9393
3453666,3453666,1346004899.97452,37.7259070941376,23.3498507001171,4197671.51974584,36.0595,1,-0.3305
3453667,3453667,1346004899.97452,37.725907095826,23.3498507043356,4197671.52003385,36.137257,1,-0.2528
3453668,3453668,1346004899.97452,37.7259070977911,23.3498507092454,4197671.52003194,36.227753,1,-0.1623
3453669,3453669,1346004899.97462,37.7259134453777,23.3498498616556,4197672.22851469,36.088737,1,-0.3013
3453670,3453670,1346004899.97462,37.7259134465031,23.3498498644673,4197672.2288046,36.14056,1,-0.2495
3453671,3453671,1346004899.97462,37.7259134482405,23.3498498688083,4197672.22880174,36.220573,1,-0.1695
3453672,3453672,1346004899.97472,37.7259197951604,23.3498490197241,4197672.93729021,36.063988,1,-0.326
3453673,3453673,1346004899.97472,37.7259197984641,23.3498490279783,4197672.93757726,36.21613,1,-0.1739
3453674,3453674,1346004899.97472,37.7259197979375,23.3498490266625,4197672.93757726,36.191875,1,-0.1982
3453675,3453675,1346004899.97482,37.725926147728,23.3498481799432,4197673.6460705,36.093304,1,-0.2967
3453676,3453676,1346004899.97492,37.7259324947459,23.3498473314496,4197674.35456945,35.96703,1,-0.423
3453677,3453677,1346004899.97492,37.7259325016977,23.3498473488185,4197674.35514261,36.28717,1,-0.1029
3453678,3453678,1346004899.97502,37.7259388515153,23.349846502515,4197675.06393816,36.215332,1,-0.1747
3453679,3453679,1346004899.97502,37.7259388486926,23.3498464954626,4197675.0636511,36.085346,1,-0.3047
3453680,3453680,1346004899.97512,37.7259451993263,23.3498456563528,4197675.7724476,36.150738,1,-0.2393
3453681,3453681,1346004899.97522,37.7259515494153,23.3498448110793,4197676.48096468,36.116238,1,-0.2738
3453682,3453682,1346004899.97522,37.7259509073127,23.3498431853862,4197676.42374231,6.1700816,0,-30.22
3453683,3453683,1346004899.97532,37.725957898193,23.3498439676861,4197677.18948652,36.120667,1,-0.2694
3453684,3453684,1346004899.97532,37.7259516423516,23.3498281609413,4197676.63195325,-255.0614,0,-291.4514
3453685,3453685,1346004899.97542,37.7259685781909,23.34985405872,4197678.28410055,237.58426,0,201.1942
3453686,3453686,1346004899.97542,37.7259642495648,23.3498431259733,4197677.89830305,36.169422,1,-0.2206
3453687,3453687,1346004899.97552,37.7259705958051,23.3498422765982,4197678.60655119,36.080853,1,-0.3092
3453688,3453688,1346004899.97552,37.7259705992822,23.3498422852856,4197678.6071272,36.24097,1,-0.1491
3453689,3453689,1346004899.97562,37.7259769461698,23.3498414327287,4197679.31538297,36.106754,1,-0.2833
3453690,3453690,1346004899.97572,37.7259832953791,23.3498405911329,4197680.02392866,36.178093,1,-0.2119
3453691,3453691,1346004899.97572,37.725983296394,23.3498405936686,4197680.02421857,36.224827,1,-0.1652
3453692,3453692,1346004899.97582,37.7259896410912,23.349839736002,4197680.73220159,36.0126,1,-0.3774
3453693,3453693,1346004899.97602,37.726002341413,23.3498380583039,4197682.1490476,36.295696,1,-0.0943
3453694,3453694,1346004899.97602,37.7260023359089,23.3498380445519,4197682.14846645,36.042233,1,-0.3478
3453695,3453695,1346004899.97622,37.7260150260615,23.3498363423585,4197683.56482957,35.903625,1,-0.4864
3453696,3453696,1346004899.97632,37.7260213790269,23.3498355062721,4197684.27388834,36.12632,1,-0.2637
3453697,3453697,1346004899.97632,37.7260213818268,23.3498355132677,4197684.27417825,36.255253,1,-0.1348
3453698,3453698,1346004899.97642,37.7260277258437,23.3498346599895,4197684.98208021,36.163307,1,-0.2267
3453699,3453699,1346004899.97662,37.7260404171782,23.349832952286,4197686.39877127,35.987488,1,-0.4025
3453700,3453700,1346004899.97662,37.7260404220276,23.349832964402,4197686.39906024,36.210793,1,-0.1792
3453701,3453701,1346004899.97662,37.7260404212353,23.3498329624226,4197686.39906024,36.17431,1,-0.2157
3453702,3453702,1346004899.97682,37.726053111862,23.3498312636638,4197687.81547784,36.17929,1,-0.2107
3453703,3453703,1346004899.97692,37.7260594501485,23.3498303920351,4197688.52311991,35.78539,1,-0.6046
3453704,3453704,1346004899.97692,37.7260594606402,23.3498304182481,4197688.5239849,36.26851,1,-0.1215
3453705,3453705,1346004899.97702,37.7260657987055,23.3498295512359,4197689.23163031,35.96078,1,-0.4293
3453706,3453706,1346004899.97702,37.7260658039925,23.3498295644454,4197689.23220824,36.20424,1,-0.1858
3453707,3453707,1346004899.97712,37.7260721489234,23.3498287098,4197689.9404373,36.134678,1,-0.2554
3453708,3453708,1346004899.97722,37.7260784936611,23.3498278598426,4197690.64837931,36.152225,1,-0.2378
3453709,3453709,1346004899.97752,37.7260975276806,23.3498253006895,4197692.77311705,36.07356,1,-0.3165
3453710,3453710,1346004899.97772,37.7261102149734,23.3498235920882,4197694.1890602,35.996944,1,-0.3931
3453711,3453711,1346004899.97782,37.7261165612598,23.3498227471656,4197694.89732646,36.1356,1,-0.2544
3453712,3453712,1346004899.97802,37.7261292497307,23.3498210426825,4197696.31359671,36.159805,1,-0.2302
3453713,3453713,1346004899.97802,37.7261292485769,23.3498210397998,4197696.31359767,36.106678,1,-0.2834
3453714,3453714,1346004899.97812,37.7261355941157,23.3498201886211,4197697.02188777,36.14633,1,-0.2437
3453715,3453715,1346004899.97812,37.7261355918373,23.3498201829287,4197697.02160166,36.04142,1,-0.3486
3453716,3453716,1346004899.97812,37.7261355940217,23.3498201883861,4197697.02188872,36.142002,1,-0.248
3453717,3453717,1346004899.97822,37.7261419375181,23.3498193372796,4197697.72989463,36.18179,1,-0.2082
3453718,3453718,1346004899.97832,37.7261482817381,23.3498184881786,4197698.43790625,36.261845,1,-0.1282
3453719,3453719,1346004899.97832,37.7261482751209,23.349818471646,4197698.43733595,35.957153,1,-0.4329
3453720,3453720,1346004899.97842,37.7261546269223,23.3498176367073,4197699.14621543,36.306015,1,-0.084
3453721,3453721,1346004899.97852,37.7261609641855,23.3498167706217,4197699.85367011,36.079094,1,-0.3109
3453722,3453722,1346004899.97862,37.7261673096445,23.3498159202346,4197700.56170653,36.14892,1,-0.2411
3453723,3453723,1346004899.97872,37.7261736534941,23.3498150658371,4197701.26941429,36.147324,1,-0.2427
3453724,3453724,1346004899.97872,37.7261736559036,23.3498150718571,4197701.26941426,36.25827,1,-0.1318
3453725,3453725,1346004899.97902,37.7261926815327,23.3498125055928,4197703.3932505,36.201084,1,-0.1889
3453726,3453726,1346004899.97902,37.7261926786369,23.3498124983577,4197703.39296034,36.067745,1,-0.3223
3453727,3453727,1346004899.97902,37.7261924007515,23.3498117933778,4197703.36829808,23.084343,0,-13.3057
3453728,3453728,1346004899.97912,37.7261990243095,23.3498116544801,4197704.10120514,36.26371,1,-0.1263
3453729,3453729,1346004899.97912,37.7261990242473,23.3498116543247,4197704.10120514,36.260845,1,-0.1292
3453730,3453730,1346004899.97912,37.7261990221292,23.3498116490328,4197704.10091475,36.16332,1,-0.2267
3453731,3453731,1346004899.97922,37.7262053640975,23.3498107911236,4197704.8088744,36.106995,1,-0.283
3453732,3453732,1346004899.97932,37.7262117060794,23.3498099434032,4197705.51654747,36.230476,1,-0.1596
3453733,3453733,1346004899.97932,37.7262117035869,23.3498099371758,4197705.51654842,36.11571,1,-0.2743
3453734,3453734,1346004899.97942,37.7262180425902,23.3498090722606,4197706.22393826,35.932934,1,-0.4571
3453735,3453735,1346004899.97942,37.7262180433647,23.3498090741957,4197706.22422865,35.968594,1,-0.4214
3453736,3453736,1346004899.97942,37.7262180410574,23.349809068431,4197706.22393873,35.86236,1,-0.5277
3453737,3453737,1346004899.97962,37.7262307346535,23.3498073831298,4197707.64046982,36.31569,1,-0.0743
3453738,3453738,1346004899.97962,37.7262307295777,23.3498073704482,4197707.64018229,36.08198,1,-0.3081
3453739,3453739,1346004899.97972,37.7262370769847,23.3498065321092,4197708.34845379,36.386868,1,-0.0032
3453740,3453740,1346004899.97972,37.72623707182,23.3498065192057,4197708.34787586,36.14907,1,-0.241
3453741,3453741,1346004899.97972,37.7262370704473,23.3498065157761,4197708.34787634,36.085865,1,-0.3042
3453742,3453742,1346004899.98002,37.7262560911023,23.3498039381337,4197710.47099951,35.857994,1,-0.532
3453743,3453743,1346004899.98002,37.72625609789,23.3498039550921,4197710.47157553,36.170513,1,-0.2195
3453744,3453744,1346004899.98002,37.7262554424372,23.3498022960977,4197710.41340235,5.6153255,0,-30.7747
3453745,3453745,1346004899.98012,37.7262624402697,23.3498031049985,4197711.17958143,36.259617,1,-0.1304
3453746,3453746,1346004899.98022,37.7262687802599,23.3498022441605,4197711.88730696,36.15516,1,-0.2349
