Delta_Time_Rel,Along_Track_Dist,Latitude,Longitude,WGS84_Ellipsoid_Height,Confidence,Classification,Geoid_Corrected_Ortho_Height,pred_label,labels
9.11500020325184,63805.00142276287,17.98431397733918,-66.02184424970471,-38.08147,4,0,3.6384,2,2
9.11500020325184,63805.00142276287,17.984313977829437,-66.02184424647395,-38.155926,4,0,3.5639,2,2
9.115100212395191,63805.70148676634,17.984307583415088,-66.02184493229134,-37.89406,4,0,3.8258,2,2
9.115100212395191,63805.70148676634,17.984307585076326,-66.02184492134393,-38.146343,4,0,3.5735,2,2
9.115400213748217,63807.80149623752,17.984288409433134,-66.02184694278387,-38.19186,4,0,3.528,2,2
9.115800213068724,63810.601491481066,17.984262840246156,-66.02184965662762,-37.83466,4,0,3.8852,2,2
9.116200223565102,63813.40156495571,17.984237277591905,-66.02185233037946,-38.41303,4,0,3.3068,2,2
9.116300221532583,63814.10155072808,17.984230885189568,-66.02185301320709,-38.226555,4,0,3.4933,2,2
9.116400223225355,63814.801562577486,17.984224493862055,-66.02185368777808,-38.231365,4,0,3.4885,2,2
9.116500221192837,63815.50154834986,17.984218103863064,-66.0218543554926,-38.394,4,0,3.3258,2,2
9.117000192403792,63819.00134682655,17.98418615097513,-66.02185772561975,-38.48156,4,0,3.2383,2,2
9.117000192403792,63819.00134682655,17.984186150654992,-66.02185772772937,-38.43294,4,0,3.2869,2,2
9.117000192403792,63819.00134682655,17.984186124287717,-66.02185790647276,-34.311962,4,0,7.4079,2,2
9.117100190371277,63819.701332598925,17.984179760047194,-66.0218584012557,-38.463158,4,0,3.2567,2,2
9.117100190371277,63819.701332598925,17.984179760912742,-66.02185839555213,-38.5946,4,0,3.1252,2,2
9.117100190371277,63819.701332598925,17.984179759298037,-66.0218584061923,-38.349392,4,0,3.3704,2,2
9.117200192064049,63820.40134444833,17.9841733392155,-66.02185927930438,-33.778408,4,0,7.9414,2,2
9.1174001917243,63821.8013420701,17.984160587344693,-66.02186042595133,-38.460632,4,0,3.2592,2,2
9.1174001917243,63821.8013420701,17.984160586836587,-66.0218604292995,-38.383472,4,0,3.3364,2,2
9.117500193417072,63822.50135391951,17.984154196193995,-66.02186110240025,-38.424305,4,0,3.2955,2,2
9.117500193417072,63822.50135391951,17.984154172981043,-66.02186126035568,-34.78238,4,0,6.9375,2,2
9.117500193417072,63822.50135391951,17.9841541686399,-66.02186129062622,-34.084194,4,0,7.6356,2,2
9.117600202560425,63823.20141792297,17.984147805648455,-66.02186177195752,-38.547916,4,0,3.1719,2,2
9.117600202560425,63823.20141792297,17.984147805743785,-66.02186177132938,-38.562393,4,0,3.1574,2,2
9.117700200527906,63823.90140369535,17.984141415389935,-66.02186244442204,-38.602715,4,0,3.1171,2,2
9.117800202220678,63824.60141554475,17.984135024187804,-66.02186312171276,-38.546753,4,0,3.1731,2,2
9.11790020018816,63825.30140131712,17.984128633558207,-66.0218637969109,-38.538277,4,0,3.1816,2,2
9.11790020018816,63825.30140131712,17.984128628005305,-66.02186383350114,-37.695034,4,0,4.0248,2,2
9.118000201880932,63826.00141316652,17.98412224326334,-66.02186446848076,-38.613804,4,0,3.106,2,2
9.118100203573704,63826.701425015926,17.984115852435718,-66.02186514366645,-38.60577,4,0,3.1141,2,2
9.118100203573704,63826.701425015926,17.984115852051435,-66.02186514619856,-38.547417,4,0,3.1724,2,2
9.118200201541184,63827.4014107883,17.98410946039901,-66.02186582845259,-38.375637,4,0,3.3442,2,2
9.118200201541184,63827.4014107883,17.984109461232418,-66.02186582296096,-38.502193,4,0,3.2176,2,2
9.118200201541184,63827.4014107883,17.984109461681324,-66.02186582000297,-38.570362,4,0,3.1495,2,2
9.118300203233956,63828.1014226377,17.984103070033218,-66.02186650075903,-38.433376,4,0,3.2865,2,2
9.11850020289421,63829.50142025948,17.984090291835507,-66.02186782871497,-38.93165,4,0,2.7882,2,2
9.118700213730335,63830.90149611235,17.984077509641253,-66.02186917967781,-38.899307,4,0,2.8205,2,2
9.118800211697817,63831.60148188472,17.9840711176107,-66.02186986630021,-38.62384,4,0,3.096,2,2
9.118800211697817,63831.60148188472,17.984071116477363,-66.02186987376801,-38.45174,4,0,3.2681,2,2
9.11900021135807,63833.00147950649,17.984058335055106,-66.02187122467983,-38.415592,4,0,3.3042,2,2
9.119300212711096,63835.10148897767,17.984039164558954,-66.02187323907603,-38.632866,4,0,3.087,2,2
9.119400210678576,63835.80147475004,17.984032768084422,-66.02187395297086,-37.725685,4,0,3.9941,2,2
9.119400210678576,63835.80147475004,17.98403277311946,-66.02187391979456,-38.49026,4,0,3.2296,2,2
9.11950021237135,63836.501486599445,17.98402638675075,-66.02187456378185,-39.19456,4,0,2.5253,2,2
9.11950021237135,63836.501486599445,17.984026382473502,-66.02187459362959,-38.50611,4,0,3.2137,2,2
9.119700223207474,63837.90156245232,17.984013600237763,-66.02187594403645,-38.47347,4,0,3.2464,2,2
9.119700223207474,63837.90156245232,17.984013601348835,-66.02187593671559,-38.64218,4,0,3.0777,2,2
9.119800221174955,63838.60154822469,17.9840072089375,-66.02187662330067,-38.361115,4,0,3.3587,2,2
9.119800221174955,63838.60154822469,17.984007210423545,-66.02187661350911,-38.58677,4,0,3.1331,2,2
9.120000220835207,63840.00154584646,17.983994428266758,-66.02187796703839,-38.475098,4,0,3.2447,2,2
9.120000220835207,63840.00154584646,17.98399442930954,-66.02187796016753,-38.633446,4,0,3.0864,2,2
9.12010022252798,63840.701557695866,17.983988032036045,-66.02187867668306,-37.660355,4,0,4.0595,2,2
9.12010022252798,63840.701557695866,17.98398803464285,-66.02187865950698,-38.05619,4,0,3.6636,2,2
9.120400190353394,63842.80133247376,17.983968862666817,-66.02188069236895,-37.814,4,0,3.9058,2,2
9.120500192046164,63843.50134432316,17.983962476915956,-66.02188133200217,-38.608456,4,0,3.1114,2,2
9.120600193738936,63844.20135617256,17.983956086502438,-66.02188200041448,-38.7391,4,0,2.9807,2,2
9.120600193738936,63844.20135617256,17.98395608639096,-66.02188200281351,-38.683228,4,0,3.0366,2,2
9.12070019170642,63844.90134194493,17.983949695200195,-66.02188267926252,-38.626305,4,0,3.0935,2,2
9.120900191366673,63846.30133956671,17.98393691399822,-66.02188402024343,-38.784546,4,0,2.9353,2,2
9.121000200510023,63847.001403570175,17.98393052218218,-66.02188469521465,-38.759632,4,0,2.9602,2,2
9.121000200510023,63847.001403570175,17.983930517295587,-66.02188472907578,-37.978683,4,0,3.7412,2,2
9.121000200510023,63847.001403570175,17.983930521914072,-66.02188469698113,-38.71892,4,0,3.0009,2,2
9.121200203895569,63848.40142726898,17.98391773634218,-66.02188606647306,-38.211624,4,0,3.5082,2,2
9.121200203895569,63848.40142726898,17.98391773790316,-66.0218860561882,-38.44865,4,0,3.2712,2,2
9.12130020186305,63849.10141304135,17.983911348284856,-66.0218867185457,-38.709187,4,0,3.0106,2,2
9.12130020186305,63849.10141304135,17.983911348248963,-66.02188672044691,-38.664783,4,0,3.0551,2,2
9.12130020186305,63849.10141304135,17.983911348331763,-66.02188671990139,-38.677357,4,0,3.0425,2,2
9.121400203555822,63849.80142489076,17.983904956780233,-66.02188739260247,-38.698795,4,0,3.021,2,2
9.121400203555822,63849.80142489076,17.98390495688494,-66.02188739357709,-38.675747,4,0,3.0441,2,2
9.121500201523304,63850.50141066313,17.983898562303605,-66.02188808949354,-38.159397,4,0,3.5604,2,2
9.121600203216076,63851.20142251253,17.98389217471752,-66.02188873568757,-38.78862,4,0,2.9312,2,2
9.121600203216076,63851.20142251253,17.983892174589815,-66.02188873652892,-38.76923,4,0,2.9506,2,2
9.121600203216076,63851.20142251253,17.9838921742653,-66.02188873866707,-38.719955,4,0,2.9999,2,2
9.121600203216076,63851.20142251253,17.983892173994516,-66.0218887421157,-38.63989,4,0,3.0799,2,2
9.121700201183558,63851.9014082849,17.983885783082243,-66.02188941132967,-38.73648,4,0,2.9834,2,2
9.121700201183558,63851.9014082849,17.98388578249207,-66.02188941688279,-38.607918,4,0,3.1119,2,2
9.121700201183558,63851.9014082849,17.983885783065563,-66.02188941143962,-38.733948,4,0,2.9859,2,2
9.12180020287633,63852.60142013431,17.983879391315984,-66.02189008583767,-38.70949,4,0,3.0103,2,2
9.12180020287633,63852.60142013431,17.983879391404294,-66.02189008692052,-38.683952,4,0,3.0359,2,2
9.12180020287633,63852.60142013431,17.98387939175217,-66.02189008296376,-38.775726,4,0,2.9441,2,2
9.121900200843813,63853.30140590668,17.983873000746346,-66.02189075353785,-38.83722,4,0,2.8826,2,2
9.121900200843813,63853.30140590668,17.98387300333882,-66.02189073645711,-39.23086,4,0,2.489,2,2
9.121900200843813,63853.30140590668,17.983873000270044,-66.02189075667603,-38.764896,4,0,2.9549,2,2
9.121900200843813,63853.30140590668,17.983873001626165,-66.0218907477411,-38.970814,4,0,2.749,2,2
9.122000202536585,63854.00141775608,17.983866609166444,-66.02189142586845,-38.85718,4,0,2.8627,2,2
9.122000202536585,63854.00141775608,17.983866608149544,-66.02189143423297,-38.663826,4,0,3.056,2,2
9.122000202536585,63854.00141775608,17.98386660886413,-66.02189142786025,-38.81128,4,0,2.9086,2,2
9.122100211679935,63854.70148175955,17.983860215831704,-66.02189210784209,-38.653816,4,0,3.066,2,2
9.122100211679935,63854.70148175955,17.983860216063043,-66.02189210631789,-38.688942,4,0,3.0309,2,2
9.122200213372707,63855.40149360895,17.983853824046165,-66.02189277885692,-38.70133,4,0,3.0185,2,2
9.122200213372707,63855.40149360895,17.983853825560942,-66.02189276887677,-38.93133,4,0,2.7885,2,2
9.122200213372707,63855.40149360895,17.983853825022724,-66.02189277242282,-38.84961,4,0,2.8702,2,2
9.122200213372707,63855.40149360895,17.983853953735817,-66.02189189443071,-59.094383,0,0,-17.3745,0,0
9.122300211340187,63856.10147938132,17.98384743253641,-66.02189345073887,-38.725964,4,0,2.9939,2,2
9.122300211340187,63856.10147938132,17.98384743360274,-66.02189344371331,-38.887875,4,0,2.832,2,2
9.12240021303296,63856.801491230726,17.983841043776852,-66.02189410241913,-39.21499,4,0,2.5048,2,2
9.122500211000444,63857.5014770031,17.983834648623095,-66.02189479888405,-38.668945,4,0,3.0509,2,2
9.122500211000444,63857.5014770031,17.983834648808923,-66.0218947959952,-38.73611,4,0,2.9837,2,2
9.122500211000444,63857.5014770031,17.983834650466523,-66.02189478507411,-38.9878,4,0,2.732,2,2
9.122600212693214,63858.2014888525,17.983828257573936,-66.02189546286726,-38.87141,4,0,2.8484,2,2
9.122700210660696,63858.90147462487,17.983821865089197,-66.02189613893718,-38.792305,4,0,2.9275,2,2
9.122700210660696,63858.90147462487,17.983821866409528,-66.02189613023826,-38.992783,4,0,2.7271,2,2
9.122800212353468,63859.60148647428,17.983815472130118,-66.02189681765971,-38.650173,4,0,3.0697,2,2
9.122800212353468,63859.60148647428,17.98381547329091,-66.02189680834762,-38.865368,4,0,2.8545,2,2
9.12290022149682,63860.30155047774,17.98380907983654,-66.02189748497413,-38.77137,4,0,2.9485,2,2
9.12290022149682,63860.30155047774,17.983809080303427,-66.0218974818981,-38.842262,4,0,2.8776,2,2
9.123000223189592,63861.00156232715,17.983802687382862,-66.02189815747491,-38.769356,4,0,2.9505,2,2
9.123000223189592,63861.00156232715,17.983802687774425,-66.02189815489513,-38.828808,4,0,2.891,2,2
9.123000223189592,63861.00156232715,17.983802688695263,-66.02189814882831,-38.968624,4,0,2.7512,2,2
9.123100221157074,63861.70154809952,17.983796297579016,-66.0218988134275,-39.14616,4,0,2.5737,2,2
9.123100221157074,63861.70154809952,17.983796295805192,-66.02189882511409,-38.876827,4,0,2.843,2,2
9.123200222849846,63862.40155994892,17.98378990319446,-66.02189949736844,-38.87651,4,0,2.8433,2,2
9.123300220817327,63863.10154572129,17.9837835107076,-66.02190016968981,-38.87204,4,0,2.8478,2,2
9.123300220817327,63863.10154572129,17.98378351047646,-66.02190017121256,-38.836945,4,0,2.8829,2,2
9.123300220817327,63863.10154572129,17.983783510954773,-66.0219001680613,-38.90957,4,0,2.8103,2,2
9.123300220817327,63863.10154572129,17.983783511060054,-66.02190016736766,-38.925556,4,0,2.7943,2,2
9.1234002225101,63863.801557570696,17.983777118233622,-66.02190083970842,-38.919147,4,0,2.8007,2,2
9.1234002225101,63863.801557570696,17.983777117672986,-66.02190084340204,-38.834026,4,0,2.8858,2,2
9.12350022047758,63864.50154334307,17.983770725797438,-66.02190151033491,-38.94958,4,0,2.7703,2,2
9.12350022047758,63864.50154334307,17.983770725430848,-66.02190151275016,-38.893917,4,0,2.8259,2,2
9.12350022047758,63864.50154334307,17.983770725210764,-66.02190151420011,-38.860504,4,0,2.8593,2,2
9.123600222170351,63865.20155519247,17.983764331635303,-66.02190219008851,-38.768124,4,0,2.9517,2,2
9.123600222170351,63865.20155519247,17.983764334286015,-66.02190217262478,-39.170597,4,0,2.5492,2,2
9.123700223863125,63865.901567041874,17.98375793988957,-66.02190285320877,-38.96785,4,0,2.752,2,2
9.123700223863125,63865.901567041874,17.9837579397085,-66.02190285440172,-38.940357,4,0,2.7795,2,2
9.123700223863125,63865.901567041874,17.983757939311342,-66.02190285701829,-38.880054,4,0,2.8398,2,2
9.123700223863125,63865.901567041874,17.983758114228007,-66.0219016646696,-66.37317,0,0,-24.6533,0,0
9.123800192028284,63866.60134419799,17.98375154840514,-66.02190352777787,-38.896355,4,0,2.8235,2,2
9.123800192028284,63866.60134419799,17.98375154818878,-66.02190352920327,-38.863506,4,0,2.8563,2,2
9.123800192028284,63866.60134419799,17.983751549615437,-66.02190351980408,-39.08012,4,0,2.6397,2,2
9.123900193721056,63867.30135604739,17.983745154874057,-66.02190420119572,-38.854378,4,0,2.8655,2,2
9.123900193721056,63867.30135604739,17.983745155534788,-66.02190419684271,-38.954697,4,0,2.7651,2,2
9.123900193721056,63867.30135604739,17.98374515629929,-66.02190419180599,-39.070774,4,0,2.6491,2,2
9.124000191688538,63868.00134181976,17.98373876289324,-66.02190486519251,-39.026707,4,0,2.6931,2,2
9.124000191688538,63868.00134181976,17.98373876156678,-66.02190487393155,-38.825306,4,0,2.8945,2,2
9.124000191688538,63868.00134181976,17.98373876230521,-66.02190486906657,-38.937424,4,0,2.7824,2,2
9.12410019338131,63868.70135366917,17.983732369228864,-66.0219055379725,-38.994934,4,0,2.7249,2,2
9.12410019338131,63868.70135366917,17.98373236868772,-66.02190554153765,-38.91277,4,0,2.8071,2,2
9.12410019338131,63868.70135366917,17.983732368806248,-66.02190554075675,-38.930767,4,0,2.7891,2,2
9.124200191348791,63869.40133944154,17.983725975869078,-66.0219062095128,-38.988865,4,0,2.731,2,2
9.124200191348791,63869.40133944154,17.98372597365497,-66.02190622576428,-38.61374,4,0,3.1061,2,2
9.124200191348791,63869.40133944154,17.98372597541899,-66.02190621247809,-38.920525,4,0,2.7993,2,2
9.124200191348791,63869.40133944154,17.983725974434822,-66.02190621896199,-38.771095,4,0,2.9487,2,2
9.124300193041565,63870.10135129094,17.983719581637065,-66.02190688401362,-38.912968,4,0,2.8069,2,2
9.124400191009045,63870.80133706331,17.983713188782275,-66.02190755063575,-39.015583,4,0,2.7043,2,2
9.124400191009045,63870.80133706331,17.983713188085588,-66.0219075552257,-38.9098,4,0,2.81,2,2
9.124500203877687,63871.50142714381,17.983706792880962,-66.02190823033789,-38.81669,4,0,2.9031,2,2
9.124500203877687,63871.50142714381,17.983706793049926,-66.02190822922474,-38.842342,4,0,2.8775,2,2
9.124600201845167,63872.20141291618,17.983700400376083,-66.02190889301396,-39.00548,4,0,2.7144,2,2
9.124600201845167,63872.20141291618,17.98370039885672,-66.02190890302379,-38.77479,4,0,2.945,2,2
9.12470020353794,63872.90142476559,17.98369400446196,-66.02190957743251,-38.690758,4,0,3.0291,2,2
9.124800201505424,63873.60141053796,17.983687612007547,-66.02191023642278,-38.960217,4,0,2.7596,2,2
9.124800201505424,63873.60141053796,17.98368761188358,-66.02191023723952,-38.94139,4,0,2.7784,2,2
9.124900203198196,63874.30142238736,17.98368121762958,-66.02191090734333,-38.952236,4,0,2.7676,2,2
9.125000201165676,63875.00140815973,17.9836748233957,-66.02191157798451,-38.947624,4,0,2.7722,2,2
9.125000201165676,63875.00140815973,17.983674822716214,-66.02191158246103,-38.84446,4,0,2.8754,2,2
9.125100202858448,63875.701420009136,17.9836684300191,-66.02191224054722,-39.127247,4,0,2.5926,2,2
9.12520020082593,63876.40140578151,17.983662034540497,-66.02191291760472,-38.969692,4,0,2.7501,2,2
9.12520020082593,63876.40140578151,17.983662034610653,-66.02191291714256,-38.980343,4,0,2.7395,2,2
9.125300213694572,63877.10149586201,17.983655638633856,-66.02191359039516,-38.91021,4,0,2.8096,2,2
9.125300213694572,63877.10149586201,17.983655640154222,-66.02191358037884,-39.14105,4,0,2.5788,2,2
9.125400211662054,63877.80148163438,17.98364924376782,-66.02191426158663,-38.882683,4,0,2.8372,2,2
9.125400211662054,63877.80148163438,17.983649242656814,-66.02191426890606,-38.713993,4,0,3.0058,2,2
9.125400211662054,63877.80148163438,17.983649244194037,-66.02191425877865,-38.947395,4,0,2.7724,2,2
9.125500213354826,63878.50149348378,17.983642849763047,-66.02191492462748,-39.04095,4,0,2.6789,2,2
9.125500213354826,63878.50149348378,17.983642849410426,-66.02191492695059,-38.98741,4,0,2.7324,2,2
9.125600211322308,63879.20147925615,17.983636455487233,-66.02191559005485,-39.141003,4,0,2.5788,2,2
9.12570021301508,63879.90149110556,17.98363005889553,-66.0219162682404,-38.944935,4,0,2.7749,2,2
9.12570021301508,63879.90149110556,17.983630060100886,-66.02191626029948,-39.127945,4,0,2.5919,2,2
9.12580021098256,63880.60147687793,17.983623662495802,-66.02191694574009,-38.76141,4,0,2.9584,2,2
9.12580021098256,63880.60147687793,17.98362366335807,-66.02191694005938,-38.89233,4,0,2.8275,2,2
9.126000210642816,63882.0014744997,17.98361087409985,-66.02191826724341,-39.15875,4,0,2.5611,2,2
9.126000210642816,63882.0014744997,17.98361087712049,-66.0219182473434,-39.617374,4,0,2.1025,2,2
9.126100212335588,63882.70148634911,17.983604477263178,-66.02191894311458,-39.005135,4,0,2.7147,2,2
9.126200214028358,63883.40149819851,17.98359786988209,-66.02192105497798,-5.7364664,0,0,35.9834,0,0
9.126200214028358,63883.40149819851,17.983598081234163,-66.02191961265574,-38.994633,4,0,2.7252,2,2
9.12630021199584,63884.10148397088,17.983591685455394,-66.02192028107376,-39.006638,4,0,2.7132,2,2
9.12630021199584,63884.10148397088,17.98359168610797,-66.02192027677458,-39.10572,4,0,2.6141,2,2
9.12630021199584,63884.10148397088,17.98359168584306,-66.0219202785198,-39.0655,4,0,2.6543,2,2
9.126400213688612,63884.80149582029,17.983585288981686,-66.02192095149528,-38.97023,4,0,2.7496,2,2
9.126400213688612,63884.80149582029,17.983585290453743,-66.02192094179735,-39.193733,4,0,2.5261,2,2
9.126400213688612,63884.80149582029,17.983585288916164,-66.02192095192694,-38.96028,4,0,2.7596,2,2
9.126500222831964,63885.50155982375,17.983578892233403,-66.02192161959557,-38.98563,4,0,2.7342,2,2
9.126500222831964,63885.50155982375,17.98357889218536,-66.02192161991212,-38.978333,4,0,2.7415,2,2
9.126500222831964,63885.50155982375,17.983578892535782,-66.02192161760348,-39.03154,4,0,2.6883,2,2
9.126700222492218,63886.901557445526,17.983566100117415,-66.02192295126424,-39.109406,4,0,2.6104,2,2
9.126700222492218,63886.901557445526,17.983566099170968,-66.02192295749938,-38.965706,4,0,2.7541,2,2
9.126700222492218,63886.901557445526,17.983566104946068,-66.02192291778873,-39.88148,4,0,1.8384,2,2
9.126700222492218,63886.901557445526,17.983566096932854,-66.02192297390856,-38.586945,4,0,3.1329,2,2
9.1268002204597,63887.6015432179,17.983559703455008,-66.02192362025215,-39.09399,4,0,2.6258,2,2
9.1268002204597,63887.6015432179,17.983559698005386,-66.0219236578185,-38.22763,4,0,3.4922,2,2
9.1268002204597,63887.6015432179,17.98355970217586,-66.02192362867912,-38.899776,4,0,2.8201,2,2
9.127000223845243,63889.001566916704,17.983546906155244,-66.02192497973819,-38.559216,4,0,3.1606,2,2
9.127100221812723,63889.70155268908,17.98354051163991,-66.02192562919822,-38.985783,4,0,2.7341,2,2
9.128400202840568,63898.80141988397,17.983457334371938,-66.02193431227279,-38.71262,4,0,3.0072,2,2
9.12860020250082,63900.20141750574,17.983444428914822,-66.02193637359872,-21.895134,2,0,19.8247,2,0
9.12860020250082,63900.20141750574,17.983444542486403,-66.02193559876432,-39.76182,4,0,1.958,2,2
9.128700200468302,63900.90140327811,17.983438129339298,-66.02193635593595,-37.655148,4,0,4.0647,2,2
9.12910021096468,63903.70147675276,17.98341250761829,-66.02193915934593,-34.391415,4,0,7.3284,2,2
9.12910021096468,63903.70147675276,17.983412512940994,-66.02193912428008,-35.199562,4,0,6.5203,2,2
9.12960021197796,63907.20148384571,17.98338052384574,-66.02194234289426,-37.6316,4,0,4.0882,2,2
9.12960021197796,63907.20148384571,17.98338050312725,-66.02194248438077,-34.369057,4,0,7.3508,2,2
9.129800211638212,63908.601481467485,17.983367720330044,-66.02194367709795,-37.502224,4,0,4.2176,2,2
9.129900220781565,63909.30154547095,17.98336128738432,-66.02194454918717,-32.70781,4,0,9.012,2,2
9.130000222474337,63910.00155732036,17.983354917305068,-66.02194499435797,-37.753036,4,0,3.9668,2,2
9.130100220441818,63910.70154309273,17.98334851536094,-66.0219456579916,-37.75658,4,0,3.9633,2,2
9.131200190633535,63918.40133443475,17.9832781223059,-66.02195298718381,-38.031197,4,0,3.6886,2,2
9.131300203502178,63919.10142451525,17.983271712660862,-66.02195364777032,-37.949432,4,0,3.7704,2,2
9.131800200790169,63922.60140553117,17.98323965446292,-66.02195702702247,-35.72052,4,0,5.9993,2,2
9.13190020248294,63923.30141738057,17.98323323460675,-66.02195775464321,-34.071186,4,0,7.6486,2,2
9.132100202143192,63924.701415002346,17.98322042268044,-66.02195901597722,-35.23415,4,0,6.4857,2,2
9.132300212979317,63926.10149085522,17.98320761238019,-66.02196025487804,-36.90369,4,0,4.8161,2,2
9.13250021263957,63927.50148847699,17.983194792565623,-66.02196155905689,-37.053413,4,0,4.6664,2,2
9.132800213992596,63929.60149794817,17.983175565932225,-66.02196348208123,-38.022163,4,0,3.6977,2,2
9.132800213992596,63929.60149794817,17.98317556097565,-66.02196351640215,-37.2306,4,0,4.4892,2,2
9.13310021162033,63931.70148134232,17.9831563283642,-66.02196547053002,-37.4541,4,0,4.2657,2,2
9.133500222116709,63934.50155481696,17.983130678324077,-66.02196809520643,-37.271355,4,0,4.4485,2,2
9.13360022380948,63935.201566666365,17.983124269601696,-66.02196872189542,-37.898388,4,0,3.8214,2,2
9.13360022380948,63935.201566666365,17.98312426278238,-66.02196876849099,-36.82394,4,0,4.8959,2,2
9.133800223469734,63936.60156428814,17.98311144101518,-66.02197005136513,-37.388103,4,0,4.3317,2,2
9.134000223129988,63938.00156190992,17.98309857832347,-66.02197160709515,-31.649994,4,0,10.0698,2,2
9.134100191295149,63938.70133906603,17.983092209255307,-66.0219719717369,-38.300396,4,0,3.4194,2,2
9.134100191295149,63938.70133906603,17.983092207676943,-66.02197198213672,-38.06072,4,0,3.6591,2,2
9.134400192648172,63940.80134853721,17.98307294994635,-66.02197405331104,-35.476845,4,0,6.243,2,2
9.134500190615654,63941.50133430958,17.98306655640941,-66.02197456841492,-38.651264,4,0,3.0686,2,2
9.134500190615654,63941.50133430958,17.98306655318668,-66.0219745896498,-38.16188,4,0,3.558,2,2
9.135200202465056,63946.4014172554,17.983021632364544,-66.02197927098806,-35.51851,4,0,6.2013,2,2
9.13530020415783,63947.101429104805,17.983015215572493,-66.02197993301743,-35.285984,4,0,6.4338,2,2
9.135400202125313,63947.801414877176,17.98300882925974,-66.02198038457634,-39.90463,4,0,1.8152,2,2
9.135700210928915,63949.90147650242,17.982989581500895,-66.02198233579705,-39.99249,4,0,1.7273,2,2
9.136100213974714,63952.701497823,17.982963887341658,-66.02198513288927,-35.570244,4,0,6.1496,2,2
9.136100213974714,63952.701497823,17.98296388165493,-66.02198517202855,-34.66765,4,0,7.0522,2,2
9.136100213974714,63952.701497823,17.982963915992162,-66.02198493742912,-40.077175,4,0,1.6427,2,2
9.136300213634968,63954.101495444775,17.98295105974111,-66.02198639202071,-36.560917,4,0,5.1589,2,2
9.13640021160245,63954.801481217146,17.982944664999327,-66.02198689092238,-40.06567,4,0,1.6542,2,2
9.13650021329522,63955.50149306655,17.982938247690683,-66.02198754086838,-40.086258,4,0,1.6336,2,2
9.13650021329522,63955.50149306655,17.982938247769354,-66.02198754034993,-40.098206,4,0,1.6216,2,2
9.136700212955477,63956.90149068832,17.98292541269973,-66.02198884146829,-40.10469,4,0,1.6151,2,2
9.136700212955477,63956.90149068832,17.98292541160266,-66.021988848698,-39.938076,4,0,1.7818,2,2
9.136800222098827,63957.60155469179,17.982918995141176,-66.02198948666803,-40.229973,4,0,1.4899,2,2
9.1369002237916,63958.3015665412,17.982912513970497,-66.02199056808838,-30.293865,3,0,11.426,2,2
9.1369002237916,63958.3015665412,17.982912575859178,-66.02199014524702,-40.04393,4,0,1.6759,2,2
9.1369002237916,63958.3015665412,17.982912576191115,-66.02199014305947,-40.094345,4,0,1.6255,2,2
9.1369002237916,63958.3015665412,17.98291255795,-66.02199026826622,-37.207077,4,0,4.5128,2,2
9.13700022175908,63959.001552313566,17.9829061590347,-66.02199078810872,-40.217705,4,0,1.5021,2,2
9.137100223451853,63959.70156416297,17.982899739783313,-66.02199144434759,-40.08194,4,0,1.6379,2,2
9.137100223451853,63959.70156416297,17.9828997396864,-66.02199144498623,-40.067223,4,0,1.6526,2,2
9.137100223451853,63959.70156416297,17.98289973975327,-66.02199144454555,-40.07738,4,0,1.6425,2,2
9.137200221419334,63960.40154993534,17.982893322380196,-66.02199208890002,-40.213165,4,0,1.5067,2,2
9.137200221419334,63960.40154993534,17.982893321295595,-66.02199209604788,-40.04844,4,0,1.6714,2,2
9.137200221419334,63960.40154993534,17.982893321598485,-66.02199209405171,-40.09444,4,0,1.6254,2,2
9.137300223112106,63961.10156178474,17.982886904651807,-66.02199273299527,-40.35374,4,0,1.3661,2,2
9.137300223112106,63961.10156178474,17.98288688742948,-66.02199284982683,-37.66008,4,0,4.0598,2,2
9.137300223112106,63961.10156178474,17.982886903769348,-66.02199273881095,-40.21971,4,0,1.5001,2,2
9.137300223112106,63961.10156178474,17.982886903756988,-66.02199273889241,-40.217834,4,0,1.502,2,2
9.137400221079588,63961.80154755712,17.982880483875896,-66.0219933976857,-40.017403,4,0,1.7024,2,2
9.137400221079588,63961.80154755712,17.982880484356123,-66.0219933945208,-40.09034,4,0,1.6295,2,2
9.137400221079588,63961.80154755712,17.9828804849652,-66.02199339050674,-40.18285,4,0,1.537,2,2
9.13750022277236,63962.50155940652,17.98287406563922,-66.02199404305732,-40.125164,4,0,1.5947,2,2
9.13750022277236,63962.50155940652,17.98287406512555,-66.02199404644264,-40.047146,4,0,1.6727,2,2
9.13750022277236,63962.50155940652,17.982874066441152,-66.02199403777225,-40.246964,4,0,1.4729,2,2
9.13760019093752,63963.20133656263,17.98286764817905,-66.02199469625296,-40.045937,4,0,1.6739,2,2
9.13760019093752,63963.20133656263,17.982867634351564,-66.0219947907132,-37.867847,4,0,3.852,2,2
9.137700192630293,63963.90134841204,17.982861232932056,-66.02199531988096,-40.651524,4,0,1.0683,2,2
9.137700192630293,63963.90134841204,17.982861211721254,-66.0219954646674,-37.31304,4,0,4.4068,2,2
9.137700192630293,63963.90134841204,17.98286122995653,-66.02199533949135,-40.199585,4,0,1.5202,2,2
9.137800190597773,63964.60133418441,17.982854752712544,-66.02199638558243,-31.062326,4,0,10.6575,2,2
9.137800190597773,63964.60133418441,17.982854810143717,-66.02199599375517,-40.097,4,0,1.6228,2,2
9.137900192290545,63965.30134603381,17.982848373839417,-66.02199675915354,-37.430473,4,0,4.2894,2,2
9.138000201433895,63966.00141003728,17.982841948591595,-66.02199744259423,-36.654076,4,0,5.0658,2,2
9.138000201433895,63966.00141003728,17.982841970977336,-66.02199729006081,-40.17108,4,0,1.5488,2,2
9.138000201433895,63966.00141003728,17.982841970237683,-66.02199729493567,-40.05874,4,0,1.6611,2,2
9.138100203126667,63966.70142188668,17.982835521712214,-66.0219981405761,-35.539375,4,0,6.1805,2,2
9.138300202786922,63968.10141950846,17.9828227111992,-66.02199923974214,-40.148716,4,0,1.5711,2,2
9.138400200754404,63968.80140528083,17.982816291517526,-66.0219998872799,-40.192276,4,0,1.5276,2,2
9.139000203460457,63973.00142422319,17.98277776730438,-66.02200378710923,-40.09183,4,0,1.628,2,2
9.139400213956833,63975.80149769783,17.982752066766707,-66.02200648562412,-37.728214,4,0,3.9916,2,2
9.139500211924314,63976.5014834702,17.982745648347393,-66.02200711494322,-38.17841,4,0,3.5414,2,2
9.139700211584568,63977.901481091976,17.982732801468458,-66.02200843568981,-37.645042,4,0,4.0748,2,2
9.139900211244822,63979.30147871375,17.982719956278803,-66.02200974367236,-37.401474,4,0,4.3184,2,2
9.139900211244822,63979.30147871375,17.98271996045997,-66.02200971444557,-38.075603,4,0,3.6442,2,2
9.140000212937592,63980.001490563154,17.98271351832438,-66.02201049942208,-34.932686,4,0,6.7871,2,2
9.140200223773718,63981.401566416025,17.982700696323555,-66.02201163843162,-38.582012,4,0,3.1378,2,2
9.140400223433971,63982.8015640378,17.98268784540353,-66.02201297463112,-37.68046,4,0,4.0394,2,2
9.140700221061708,63984.901547431946,17.98266857264747,-66.02201495185436,-36.945953,4,0,4.7739,2,2
9.141200192272663,63988.40134590864,17.98263645579771,-66.02201821098093,-36.542595,4,0,5.1772,2,2
9.141200192272663,63988.40134590864,17.982636462977176,-66.02201816198415,-37.67232,4,0,4.0475,2,2
9.141200192272663,63988.40134590864,17.982636451614667,-66.0220182402233,-35.86811,4,0,5.8517,2,2
9.141400191932917,63989.80134353042,17.98262359846907,-66.02201957850534,-34.906242,4,0,6.8136,2,2
9.141400191932917,63989.80134353042,17.982623598308702,-66.02201957956258,-34.881878,4,0,6.838,2,2
9.142000202089548,63994.00141462684,17.98258506262472,-66.02202341121523,-36.21357,4,0,5.5063,2,2
9.142200201749802,63995.40141224861,17.9825722158744,-66.02202469577,-36.485653,4,0,5.2342,2,2
9.142400201410055,63996.80140987039,17.982559395497777,-66.02202579584568,-41.011425,4,0,0.7084,2,2
9.142500214278698,63997.501499950886,17.98255293672861,-66.02202667242673,-35.746548,4,0,5.9733,2,2
9.142800211906431,63999.60148334503,17.982533670551426,-66.02202856333535,-36.98144,4,0,4.7384,2,2
9.143000211566688,64001.00148096681,17.982520826557273,-66.0220298195339,-37.90683,4,0,3.813,2,2
9.14320021122694,64002.40147858858,17.982507979815807,-66.02203109360283,-38.42024,4,0,3.2996,2,2
9.14320021122694,64002.40147858858,17.982507986957177,-66.0220310448481,-39.544373,4,0,2.1755,2,2
9.14370022341609,64005.90156391263,17.982475847967667,-66.02203436443993,-37.735092,4,0,3.9847,2,2
9.144000221043823,64008.001547306776,17.982456573765607,-66.02203629332901,-38.100994,4,0,3.6188,2,2
9.144600193947554,64012.20135763288,17.982418023130865,-66.02204016642416,-38.487946,4,0,3.2319,2,2
9.144800193607807,64013.60135525465,17.982405171201194,-66.02204146265964,-38.502693,4,0,3.2171,2,2
9.14490020275116,64014.30141925812,17.982398741482754,-66.0220421312284,-38.04113,4,0,3.6787,2,2
9.145100202411411,64015.70141687989,17.982385900010797,-66.02204335521601,-39.725334,4,0,1.9945,2,2
9.145300202071668,64017.10141450167,17.982373055316007,-66.02204459949525,-40.944843,4,0,0.775,2,2
9.145300202071668,64017.10141450167,17.982373041573418,-66.02204469179696,-38.817215,4,0,2.9026,2,2
9.145300202071668,64017.10141450167,17.982373057545654,-66.02204458312394,-41.322697,4,0,0.3971,2,2
9.145700201392174,64019.90140974522,17.98234734920917,-66.02204719912227,-40.832825,4,0,0.887,2,2
9.145700201392174,64019.90140974522,17.982347350317713,-66.02204719014453,-41.0403,4,0,0.6795,2,2
9.145800203084946,64020.60142159462,17.98234090931159,-66.02204793931537,-38.72551,4,0,2.9943,2,2
9.145800203084946,64020.60142159462,17.982340922116105,-66.02204785152975,-40.749645,4,0,0.9702,2,2
9.145800203084946,64020.60142159462,17.98234092232411,-66.02204785015783,-40.78126,4,0,0.9386,2,2
9.145900212228298,64021.30148559809,17.982334495265945,-66.02204849906556,-40.780766,4,0,0.9391,2,2
9.14600021392107,64022.00149744749,17.98232806906773,-66.02204914526236,-40.842583,4,0,0.8773,2,2
9.14600021392107,64022.00149744749,17.982328069316875,-66.0220491436191,-40.88045,4,0,0.8394,2,2
9.14600021392107,64022.00149744749,17.98232806954121,-66.02204914213944,-40.914547,4,0,0.8053,2,2
9.146200213581324,64023.40149506927,17.98231521471239,-66.02205045173177,-40.64425,4,0,1.0756,2,2
9.146200213581324,64023.40149506927,17.982315216599126,-66.02205043928716,-40.931026,4,0,0.7888,2,2
9.146300211548803,64024.10148084164,17.98230878937602,-66.02205109342238,-40.812363,4,0,0.9075,2,2
9.146300211548803,64024.10148084164,17.98230877382443,-66.02205119933187,-38.370583,4,0,3.3493,2,2
9.146400213241575,64024.80149269104,17.98230236311091,-66.02205173958096,-40.879128,4,0,0.8407,2,2
9.146400213241575,64024.80149269104,17.98230236082132,-66.02205175468305,-40.531113,4,0,1.1887,2,2
9.146400213241575,64024.80149269104,17.98230236161839,-66.02205174942563,-40.652264,4,0,1.0676,2,2
9.146400213241575,64024.80149269104,17.98230236210699,-66.0220517462028,-40.726532,4,0,0.9933,2,2
9.14650021120906,64025.50147846341,17.982295937291155,-66.02205238259944,-41.019367,4,0,0.7005,2,2
9.14660021290183,64026.201490312815,17.982289509756498,-66.02205303862758,-40.860306,4,0,0.8595,2,2
9.14660021290183,64026.201490312815,17.982289504845863,-66.02205307101869,-40.113876,4,0,1.606,2,2
9.14660021290183,64026.201490312815,17.982289509856248,-66.02205303796961,-40.875465,4,0,0.8444,2,2
9.146700210869312,64026.90147608519,17.982283083673412,-66.02205368323487,-40.96618,4,0,0.7537,2,2
9.146700210869312,64026.90147608519,17.98228307676898,-66.02205373211075,-39.8387,4,0,1.8811,2,2
9.146700210869312,64026.90147608519,17.982283070800204,-66.0220537714819,-38.931423,4,0,2.7884,2,2
9.146700210869312,64026.90147608519,17.98228308447684,-66.0220536779353,-41.088303,4,0,0.6315,2,2
9.146700210869312,64026.90147608519,17.982283063660475,-66.0220538202432,-37.80717,4,0,3.9127,2,2
9.146800212562084,64027.60148793459,17.98227665647024,-66.02205433653279,-40.87254,4,0,0.8473,2,2
9.146800212562084,64027.60148793459,17.982276655965357,-66.02205433986313,-40.795795,4,0,0.924,2,2
9.146900214254856,64028.30149978399,17.9822702298086,-66.02205498496579,-40.89257,4,0,0.8273,2,2
9.146900214254856,64028.30149978399,17.982270230168858,-66.0220549825894,-40.94733,4,0,0.7725,2,2
9.146900214254856,64028.30149978399,17.98227022856882,-66.0220549931438,-40.704113,4,0,1.0157,2,2
9.146900214254856,64028.30149978399,17.98227022970792,-66.02205498562992,-40.877266,4,0,0.8426,2,2
9.147000212222338,64029.00148555637,17.982263802704367,-66.02205563783941,-40.810925,4,0,0.9089,2,2
9.14710022136569,64029.70154955983,17.982257376392546,-66.02205628079841,-40.960663,4,0,0.7592,2,2
9.14710022136569,64029.70154955983,17.982257375399424,-66.02205628734951,-40.809696,4,0,0.9101,2,2
9.14710022136569,64029.70154955983,17.982257376809056,-66.02205627638457,-41.06296,4,0,0.6569,2,2
9.14710022136569,64029.70154955983,17.982257375719545,-66.02205628523782,-40.85836,4,0,0.8615,2,2
9.147200223058462,64030.40156140924,17.982250948882804,-66.02205693475871,-40.857033,4,0,0.8628,2,2
9.147200223058462,64030.40156140924,17.98225094914147,-66.02205693305243,-40.89635,4,0,0.8235,2,2
9.147200223058462,64030.40156140924,17.982250946394476,-66.02205695117301,-40.47878,4,0,1.2411,2,2
9.147300221025944,64031.101547181606,17.98224452400807,-66.02205757122609,-41.157825,4,0,0.562,2,2
9.147300221025944,64031.101547181606,17.982244523368344,-66.02205757544607,-41.06058,4,0,0.6593,2,2
9.147300221025944,64031.101547181606,17.98224452164435,-66.02205758848518,-40.759518,4,0,0.9603,2,2
9.147300221025944,64031.101547181606,17.98224452192278,-66.0220575866485,-40.80184,4,0,0.918,2,2
9.147400222718716,64031.80155903101,17.982238094968235,-66.0220582369589,-40.78492,4,0,0.9349,2,2
9.147400222718716,64031.80155903101,17.98223809592854,-66.02205823062408,-40.9309,4,0,0.7889,2,2
9.147500224411488,64032.50157088041,17.982231669104237,-66.02205888009846,-40.934578,4,0,0.7853,2,2
9.147500224411488,64032.50157088041,17.98223166990128,-66.02205887317416,-41.094727,4,0,0.6251,2,2
9.147500224411488,64032.50157088041,17.98223166905101,-66.02205888044958,-40.926483,4,0,0.7934,2,2
9.14760022237897,64033.201556652784,17.982225218155474,-66.0220596953069,-37.11811,4,0,4.6017,2,2
9.14770022407174,64033.90156850219,17.982218802352726,-66.02206026882298,-38.876095,4,0,2.8437,2,2
9.1478001922369,64034.6013456583,17.982212390443983,-66.02206083236975,-40.859608,4,0,0.8602,2,2
9.147900193929672,64035.301357507706,17.982205963856437,-66.02206148048957,-40.90008,4,0,0.8198,2,2
9.147900193929672,64035.301357507706,17.98220596357489,-66.02206148234696,-40.85728,4,0,0.8626,2,2
9.147900193929672,64035.301357507706,17.982205963406017,-66.022061483461,-40.831608,4,0,0.8882,2,2
9.148000191897154,64036.00134328008,17.982199515229265,-66.0220622806416,-37.436264,4,0,4.2836,2,2
9.148100193589926,64036.70135512948,17.982193110251536,-66.02206278137177,-40.877872,4,0,0.842,2,2
9.148100193589926,64036.70135512948,17.982193110428504,-66.02206278020424,-40.904778,4,0,0.8151,2,2
9.148200191557407,64037.40134090185,17.982186657207034,-66.02206361086353,-36.740936,4,0,4.9789,2,2
9.148400202393532,64038.80141675472,17.982173829705783,-66.02206473051969,-40.9074,4,0,0.8124,2,2
9.148600202053784,64040.2014143765,17.98216095248139,-66.02206619342938,-37.16503,4,0,4.5548,2,2
9.14890020340681,64042.30142384768,17.982141675219804,-66.02206812624487,-37.593662,4,0,4.1262,2,2
9.149100203067064,64043.70142146945,17.98212881284688,-66.02206948960526,-36.162926,4,0,5.5569,2,2
9.149100203067064,64043.70142146945,17.982128817347785,-66.02206945824223,-36.88624,4,0,4.8336,2,2
9.149500213563442,64046.501494944096,17.982103128725797,-66.0220719379573,-39.741524,4,0,1.9783,2,2
9.15000021457672,64050.00150203705,17.982070997088687,-66.02207518993418,-39.837868,4,0,1.882,2,2
9.150100212544205,64050.70148780942,17.982064549279258,-66.02207598899845,-36.434734,4,0,5.2851,2,2
9.150200214236976,64051.40149965882,17.982058143967116,-66.02207649641223,-39.75829,4,0,1.9615,2,2
9.150200214236976,64051.40149965882,17.982058144653124,-66.02207649021851,-39.9016,4,0,1.8182,2,2
9.150300223380327,64052.10156366229,17.982051717826263,-66.02207714182323,-39.90376,4,0,1.8161,2,2
9.150300223380327,64052.10156366229,17.982051718804605,-66.02207713536755,-40.05252,4,0,1.6673,2,2
9.150300223380327,64052.10156366229,17.982051718416812,-66.02207713792642,-39.993557,4,0,1.7263,2,2
9.150400221347809,64052.80154943466,17.982045292319274,-66.0220777897314,-39.991375,4,0,1.7285,2,2
9.150400221347809,64052.80154943466,17.98204529162506,-66.02207779431235,-39.88581,4,0,1.834,2,2
9.150400221347809,64052.80154943466,17.982045292098814,-66.02207779118616,-39.95785,4,0,1.762,2,2
9.15050022304058,64053.50156128407,17.982038864932562,-66.02207845051248,-39.78429,4,0,1.9355,2,2
9.15050022304058,64053.50156128407,17.982038865288946,-66.02207844649377,-39.877483,4,0,1.8424,2,2
9.150600221008062,64054.20154705644,17.98203246250431,-66.02207903867112,-39.992516,4,0,1.7273,2,2
9.150600221008062,64054.20154705644,17.98203246183414,-66.0220790430935,-39.89061,4,0,1.8292,2,2
9.150600221008062,64054.20154705644,17.982032461583444,-66.02207904641494,-39.813484,4,0,1.9063,2,2
9.150700222700834,64054.90155890584,17.982026009991234,-66.02207986505124,-36.05199,4,0,5.6678,2,2
9.150700222700834,64054.90155890584,17.982026033968722,-66.02207970182587,-39.815037,4,0,1.9048,2,2
9.150800224393606,64055.60157075524,17.982019586972285,-66.02208048885564,-36.784527,4,0,4.9353,2,2
9.150800224393606,64055.60157075524,17.98201960647982,-66.02208035512525,-39.867905,4,0,1.8519,2,2
9.150800224393606,64055.60157075524,17.98201960586201,-66.02208036086928,-39.734955,4,0,1.9849,2,2
9.15100022405386,64057.00156837702,17.982006752222865,-66.0220816630628,-39.947254,4,0,1.7726,2,2
9.15100022405386,64057.00156837702,17.982006751599105,-66.02208166884623,-39.813396,4,0,1.9064,2,2
9.151300191879272,64059.10134315491,17.981987472795605,-66.02208362846063,-39.996536,4,0,1.7233,2,2
9.151400193572044,64059.80135500431,17.981981022922355,-66.02208444038263,-36.403656,4,0,5.3162,2,2
9.151500191539526,64060.50134077668,17.98197459653714,-66.02208509265571,-36.49349,4,0,5.2263,2,2
9.151600193232298,64061.201352626085,17.981968184197672,-66.0220856461569,-38.863747,4,0,2.8561,2,2
9.15170019119978,64061.90133839846,17.981961741381806,-66.02208641283735,-36.3196,4,0,5.4002,2,2
9.151900202035904,64063.30141425133,17.981948895039313,-66.02208767053594,-37.59604,4,0,4.1238,2,2
9.151900202035904,64063.30141425133,17.981948891850177,-66.02208769158314,-37.11104,4,0,4.6088,2,2
9.151900202035904,64063.30141425133,17.98194888889365,-66.02208771109525,-36.661415,4,0,5.0584,2,2
9.15220020338893,64065.401423722506,17.981929604063335,-66.0220897130928,-35.9274,4,0,5.7924,2,2
9.152400203049185,64066.80142134428,17.981916765904106,-66.02209092478961,-38.28345,4,0,3.4364,2,2
9.153100211173296,64071.70147821307,17.981871761253693,-66.02209566813012,-35.011555,4,0,6.7083,2,2
9.153100211173296,64071.70147821307,17.981871785695933,-66.02209550013006,-38.88518,4,0,2.8347,2,2
9.15330021455884,64073.10150191188,17.98185891663231,-66.02209693418322,-36.15132,4,0,5.5685,2,2
9.153600212186577,64075.201485306025,17.98183965291774,-66.02209881942962,-38.193905,4,0,3.5259,2,2
9.153800211846828,64076.6014829278,17.981826798884693,-66.02210015779062,-37.68626,4,0,4.0336,2,2
9.1539002135396,64077.3014947772,17.98182037644787,-66.02210079705796,-38.12499,4,0,3.5948,2,2
9.1539002135396,64077.3014947772,17.98182037337689,-66.0221008173293,-37.65787,4,0,4.062,2,2
9.154500223696232,64081.50156587362,17.981781779652742,-66.02210507072715,-30.700006,4,0,11.0198,2,0
9.154800191521645,64083.60134065151,17.981762509970174,-66.02210703844574,-30.907114,4,0,10.8127,2,0
9.154900193214417,64084.30135250092,17.981756130105346,-66.0221073928843,-37.93277,4,0,3.7871,2,2
9.155000191181898,64085.00133827329,17.98174971465887,-66.02210799461872,-39.257748,4,0,2.4621,2,2
9.155200202018024,64086.40141412616,17.981736853790352,-66.0221093985994,-37.293056,4,0,4.4268,2,2
9.1557002030313,64089.90142121911,17.98170474757506,-66.02211262076507,-39.045437,4,0,2.6744,2,2
9.155800204724072,64090.601433068514,17.98169831929677,-66.02211331607293,-38.22858,4,0,3.4913,2,2
9.156100202351809,64092.70141646266,17.98167905277651,-66.02211528478118,-38.49065,4,0,3.2292,2,2
9.156400211155416,64094.8014780879,17.981659781132166,-66.02211729122801,-37.90114,4,0,3.8187,2,2
9.157000213861464,64099.00149703026,17.981621237808184,-66.02212134055458,-35.927197,4,0,5.7926,2,2
9.157300222665071,64101.1015586555,17.9816019843335,-66.02212325244892,-37.564613,4,0,4.1552,2,2
9.157300222665071,64101.1015586555,17.981601985438477,-66.02212324348478,-37.771763,4,0,3.9481,2,2
9.157300222665071,64101.1015586555,17.981601974037595,-66.02212332209984,-35.959053,4,0,5.7608,2,2
9.157400224357843,64101.8015705049,17.98159555361544,-66.0221239797135,-36.039764,4,0,5.6801,2,2
9.157500222325323,64102.50155627728,17.981589143166733,-66.02212457241768,-37.61791,4,0,4.1019,2,2
9.158100191503763,64106.70134052634,17.981550613273914,-66.02212861402602,-35.93029,4,0,5.7895,2,2
9.158400192856789,64108.80134999752,17.98153136901831,-66.02213050214286,-38.17001,4,0,3.5498,2,2
9.158400192856789,64108.80134999752,17.981531361503347,-66.02213055343577,-36.987476,4,0,4.7324,2,2
9.158700201660396,64110.90141162276,17.981512104077865,-66.02213253892029,-36.997845,4,0,4.722,2,2
9.158800203353168,64111.601423472166,17.98150568723045,-66.02213318840718,-37.288624,4,0,4.4312,2,2
9.159300204366446,64115.10143056512,17.981473605599923,-66.02213643754189,-38.725838,4,0,2.994,2,2
9.159300204366446,64115.10143056512,17.98147360536753,-66.02213643907655,-38.69047,4,0,3.0294,2,2
9.159400202333927,64115.80141633749,17.981467181681083,-66.02213714231414,-37.75124,4,0,3.9686,2,2
9.1595002040267,64116.50142818689,17.981460767268654,-66.02213778394618,-38.23364,4,0,3.4862,2,2
9.15960020199418,64117.20141395927,17.98145434936664,-66.02213845137628,-38.122475,4,0,3.5974,2,2
9.159800212830303,64118.601489812136,17.98144151463305,-66.02213977657063,-38.129524,4,0,3.5903,2,2
9.159900214523075,64119.30150166154,17.981435096892294,-66.0221404450123,-37.999966,4,0,3.7199,2,2
9.16000021249056,64120.00148743391,17.98142868148457,-66.02214110082136,-38.16236,4,0,3.5575,2,2
9.16010021418333,64120.701499283314,17.981422264640287,-66.02214176578991,-38.115673,4,0,3.6042,2,2
9.160200212150812,64121.401485055685,17.981415850199053,-66.02214241767332,-38.371346,4,0,3.3485,2,2
9.160300213843584,64122.10149690509,17.981409431864247,-66.02214309495372,-38.04375,4,0,3.6761,2,2
9.16060022264719,64124.20155853033,17.981390184590577,-66.02214508165319,-38.109974,4,0,3.6099,2,2
9.16060022264719,64124.20155853033,17.981390184699386,-66.02214508093459,-38.12653,4,0,3.5933,2,2
9.160800222307444,64125.601556152105,17.981377353350652,-66.02214641267973,-38.00893,4,0,3.7109,2,2
9.161100223660467,64127.70156562328,17.981358110187298,-66.02214839424371,-38.212334,4,0,3.5075,2,2
9.161100223660467,64127.70156562328,17.98135810894379,-66.02214840245658,-38.023087,4,0,3.6967,2,2
9.161100223660467,64127.70156562328,17.981358109857457,-66.0221483964222,-38.162136,4,0,3.5577,2,2
9.16120022162795,64128.401551395655,17.981351694229378,-66.0221490687204,-37.96077,4,0,3.7591,2,2
9.16120022162795,64128.401551395655,17.981351696233407,-66.0221490554845,-38.265762,4,0,3.4541,2,2
9.16120022162795,64128.401551395655,17.981351695123568,-66.02214906281456,-38.096855,4,0,3.623,2,2
9.161600191146135,64131.20133802295,17.981326024704558,-66.0221518297438,-35.50811,4,0,6.2117,2,2
9.161600191146135,64131.20133802295,17.98132603172117,-66.0221517817322,-36.615032,4,0,5.1048,2,2
9.161600191146135,64131.20133802295,17.981326039505266,-66.02215172865147,-37.83876,4,0,3.8811,2,2
9.161600191146135,64131.20133802295,17.981326024440108,-66.02215183149043,-35.46786,4,0,6.252,2,2
9.161600191146135,64131.20133802295,17.981326271514828,-66.02215014288713,-74.39818,0,0,-32.6783,0,0
9.161700192838907,64131.90134987235,17.981319617552764,-66.02215245095246,-36.490814,4,0,5.229,2,2
9.161700192838907,64131.90134987235,17.98131961588657,-66.0221524619573,-36.23723,4,0,5.4826,2,2
9.16180019453168,64132.60136172176,17.981313215030486,-66.02215303954651,-38.22744,4,0,3.4924,2,2
9.16180019453168,64132.60136172176,17.981313197303972,-66.02215315996439,-35.451473,4,0,6.2684,2,2
9.16190019249916,64133.301347494125,17.981306784482154,-66.02215382278006,-35.477264,4,0,6.2426,2,2
9.162000194191933,64134.00135934353,17.981300371392138,-66.02215448712138,-35.469654,4,0,6.2502,2,2
9.162000194191933,64134.00135934353,17.981300388366307,-66.02215437167132,-38.131153,4,0,3.5887,2,2
9.162000194191933,64134.00135934353,17.98130038899755,-66.02215436750204,-38.227226,4,0,3.4926,2,2
9.16230020299554,64136.10142096877,17.98128115045227,-66.02215636206017,-38.17663,4,0,3.5432,2,2
9.16240020468831,64136.801432818174,17.98127472115175,-66.02215714207004,-35.50712,4,0,6.2127,2,2
9.16240020468831,64136.801432818174,17.98127472570004,-66.0221571120285,-36.199368,4,0,5.5205,2,2
9.162500202655792,64137.50141859055,17.98126832542154,-66.02215769654822,-38.037453,4,0,3.6824,2,2
9.162500202655792,64137.50141859055,17.981268325947276,-66.02215769307571,-38.11747,4,0,3.6024,2,2
9.162500202655792,64137.50141859055,17.981268340514028,-66.0221575935241,-40.412617,4,0,1.3072,2,0
9.1629002019763,64140.301413834095,17.98124264631475,-66.02216058164149,-32.78944,4,0,8.9304,2,0
9.16350021213293,64144.50148493052,17.981204215624604,-66.02216434280207,-38.011593,4,0,3.7082,2,2
9.164300221949816,64150.10155364871,17.98115294227916,-66.02216965963555,-38.067253,4,0,3.6526,2,2
9.164400223642588,64150.80156549811,17.981146533715645,-66.02217032619069,-38.03346,4,0,3.6864,2,2
9.164400223642588,64150.80156549811,17.981146532915268,-66.02217033147758,-37.911633,4,0,3.8082,2,2
9.16460022330284,64152.20156311989,17.981133718761726,-66.02217165057075,-38.169098,4,0,3.5507,2,2
9.164700221270325,64152.90154889226,17.981127310232708,-66.02217232252345,-38.01296,4,0,3.7069,2,2
9.165400203317404,64157.80142322183,17.981082459620723,-66.02217700741527,-37.3745,4,0,4.3453,2,2
9.165500201284884,64158.5014089942,17.981076056901884,-66.02217765019104,-37.897697,4,0,3.8221,2,2
9.16570020467043,64159.901432693005,17.981063245611356,-66.02217897871367,-37.956104,4,0,3.7637,2,2
9.16570020467043,64159.901432693005,17.98106323425403,-66.02217905707565,-36.149227,4,0,5.5706,2,2
9.166100203990936,64162.70142793656,17.981037625842117,-66.02218163656548,-38.0618,4,0,3.658,2,2
9.166200201958418,64163.401413708925,17.981031221922503,-66.02218229843402,-38.149445,4,0,3.5704,2,2
9.16630020365119,64164.10142555833,17.981024799020616,-66.02218309050463,-35.236305,4,0,6.4835,2,2
9.16630020365119,64164.10142555833,17.981024818435962,-66.02218295724252,-38.30884,4,0,3.411,2,2
9.16680021211505,64167.60148480535,17.980992797605435,-66.02218629349059,-38.143032,4,0,3.5768,2,2
9.16680021211505,64167.60148480535,17.980992796561495,-66.02218630038679,-37.984123,4,0,3.7357,2,2
9.16690021380782,64168.30149665475,17.98098639636473,-66.02218694554536,-38.46181,4,0,3.258,2,2
9.16690021380782,64168.30149665475,17.980986402272084,-66.02218690485265,-39.400085,4,0,2.3197,2,2
9.167100213468077,64169.70149427652,17.980973590225812,-66.02218827938782,-38.415405,4,0,3.3044,2,2
9.167200211435556,64170.401480048895,17.980967188832093,-66.02218893802052,-38.58376,4,0,3.1361,2,2
9.167200211435556,64170.401480048895,17.980967186818766,-66.02218895132049,-38.277287,4,0,3.4425,2,2
9.167300213128328,64171.1014918983,17.98096078364055,-66.02218962152534,-38.180107,4,0,3.5397,2,2
9.1674002148211,64171.8015037477,17.980954382903022,-66.02219027693913,-38.4243,4,0,3.2955,2,2
9.167500223964453,64172.50156775117,17.98094798273184,-66.02219092517078,-38.836254,4,0,2.8836,2,2
9.167500223964453,64172.50156775117,17.980947979140947,-66.02219095056113,-38.25059,4,0,3.4692,2,2
9.167600221931934,64173.20155352354,17.98094157656562,-66.02219162232288,-38.118557,4,0,3.6013,2,2
9.167700223624706,64173.901565372944,17.980935176652217,-66.02219227627376,-38.398018,4,0,3.3218,2,2
9.168000224977732,64176.00157484412,17.980915951280313,-66.02219442192542,-35.001698,4,0,6.7181,2,2
9.168100222945212,64176.70156061649,17.98090954695072,-66.02219511186928,-34.453117,4,0,7.2667,2,2
9.168100222945212,64176.70156061649,17.98090957222894,-66.02219493987376,-38.4182,4,0,3.3016,2,2
9.168100222945212,64176.70156061649,17.980909549954276,-66.02219509202769,-34.91033,4,0,6.8095,2,2
9.168200224637983,64177.4015724659,17.980903171375637,-66.02219560661199,-38.40538,4,0,3.3145,2,2
9.168300222605469,64178.10155823827,17.98089675028777,-66.02219641488415,-35.12928,4,0,6.5906,2,2
9.168300222605469,64178.10155823827,17.980896770576447,-66.02219627584955,-38.33484,4,0,3.385,2,2
9.168300222605469,64178.10155823827,17.98089675004293,-66.02219641650154,-35.09201,4,0,6.6278,2,2
9.168400194495916,64178.801361471415,17.980890351798507,-66.02219708101659,-35.12672,4,0,6.5931,2,2
9.168400194495916,64178.801361471415,17.98089037129551,-66.0221969472118,-38.21177,4,0,3.5081,2,2
9.168400194495916,64178.801361471415,17.98089035097576,-66.02219708645167,-35.001476,4,0,6.7184,2,2
9.168400194495916,64178.801361471415,17.980890541941154,-66.02219577986445,-65.12512,0,0,-23.4053,0,0
9.168500192463398,64179.501347243786,17.980883950877637,-66.0221977536598,-34.978558,4,0,6.7413,2,2
9.168700192123652,64180.90134486556,17.9808711731559,-66.02219893693494,-38.419044,4,0,3.3008,2,2
9.168700192123652,64180.90134486556,17.980871151579052,-66.02219908447952,-35.017387,4,0,6.7024,2,2
9.168800193816423,64181.60135671496,17.9808647521584,-66.02219974953843,-35.045765,4,0,6.6741,2,2
9.169500201940536,64186.50141358376,17.980819960237813,-66.02220441509185,-35.020493,4,0,6.6993,2,2
9.16970020160079,64187.90141120553,17.980807151319183,-66.02220583823399,-32.93777,4,0,8.7821,2,2
9.16970020160079,64187.90141120553,17.980807186088157,-66.02220560020346,-38.425697,4,0,3.2941,2,2
9.171200223267078,64198.40156286955,17.980711161739926,-66.02221573744505,-35.583183,4,0,6.1367,2,2
9.17130022495985,64199.10157471895,17.9807047924636,-66.0222162698651,-38.637085,4,0,3.0827,2,2
9.17130022495985,64199.10157471895,17.98070477389587,-66.02221639586291,-35.732506,4,0,5.9873,2,2
9.17130022495985,64199.10157471895,17.98070475405319,-66.02221653195227,-32.594795,4,0,9.125,2,2
9.171400222927332,64199.80156049132,17.980698368357597,-66.02221717885291,-33.009125,4,0,8.7107,2,2
9.171500224620104,64200.50157234073,17.98069199698881,-66.02221772567046,-35.732204,4,0,5.9876,2,2
9.171500224620104,64200.50157234073,17.98069199571909,-66.02221773405826,-35.53892,4,0,6.1809,2,2
9.171600222587584,64201.2015581131,17.98068560774597,-66.02221839821864,-35.55588,4,0,6.164,2,2
9.171600222587584,64201.2015581131,17.98068560810217,-66.02221839586556,-35.610104,4,0,6.1097,2,2
9.171700224280356,64201.9015699625,17.98067922010159,-66.02221905974514,-35.634285,4,0,6.0855,2,2
9.171700224280356,64201.9015699625,17.98067921940929,-66.02221906431846,-35.5289,4,0,6.1909,2,2
9.171800192445517,64202.601347118616,17.980672834075495,-66.02221972557624,-35.608532,4,0,6.1113,2,2
9.171800192445517,64202.601347118616,17.98067281749487,-66.02221984011396,-32.967445,4,0,8.7524,2,2
9.171900194138288,64203.30135896802,17.980666446525788,-66.0222203886022,-35.65274,4,0,6.0671,2,2
9.171900194138288,64203.30135896802,17.980666445768655,-66.02222039360377,-35.537487,4,0,6.1823,2,2
9.17200019210577,64204.00134474039,17.98066005941581,-66.02222105131104,-35.70386,4,0,6.016,2,2
9.17200019210577,64204.00134474039,17.98066005959489,-66.02222105012804,-35.73112,4,0,5.9887,2,2
9.17200019210577,64204.00134474039,17.980660059521615,-66.02222105061206,-35.719967,4,0,5.9999,2,2
9.17200019210577,64204.00134474039,17.980660059595824,-66.02222105012186,-35.731262,4,0,5.9886,2,2
9.172100193798542,64204.701356589794,17.980653671437892,-66.02222171885492,-35.644447,4,0,6.0754,2,2
9.172100193798542,64204.701356589794,17.98065367161084,-66.02222171771241,-35.670776,4,0,6.0491,2,2
9.172300193458796,64206.10135421157,17.98064089724944,-66.02222304758484,-35.67183,4,0,6.048,2,2
9.172400202602148,64206.80141821504,17.980634509456564,-66.02222371417562,-35.63593,4,0,6.0839,2,2
9.172400202602148,64206.80141821504,17.980634510017254,-66.02222371047182,-35.721275,4,0,5.9986,2,2
9.172700203955172,64208.90142768621,17.980615339367322,-66.0222257781742,-34.044155,4,0,7.6757,2,2
9.173000201582909,64211.00141108036,17.980596213271596,-66.02222754970659,-39.196957,4,0,2.5229,2,2
9.173200204968452,64212.40143477917,17.980583438267093,-66.02222890063892,-38.715992,4,0,3.0038,2,2
9.173500213772058,64214.50149640441,17.98056427495985,-66.02223093455754,-37.82412,4,0,3.8957,2,2
9.173700213432312,64215.90149402618,17.980551510773644,-66.02223222043439,-38.844746,4,0,2.8751,2,2
9.173800215125084,64216.60150587559,17.98054512600467,-66.02223288226514,-38.919994,4,0,2.7998,2,2
9.173800215125084,64216.60150587559,17.980545125929815,-66.0222328827596,-38.908604,4,0,2.8112,2,2
9.174000214785336,64218.00150349736,17.98053194576489,-66.02223701932917,25.79432,0,0,67.5142,0,0
9.174000214785336,64218.00150349736,17.980532348085497,-66.02223426840534,-37.629623,4,0,4.0902,2,2
9.174200214445593,64219.40150111914,17.980519587686974,-66.02223553501352,-39.0968,4,0,2.623,2,2
9.174300212413073,64220.10148689151,17.98051320279792,-66.02223620277587,-39.035786,4,0,2.684,2,2
9.174800224602222,64223.60157221556,17.98048127028657,-66.02223959868019,-37.420414,4,0,4.2994,2,2
9.174800224602222,64223.60157221556,17.98048127927431,-66.02223953597782,-38.86646,4,0,2.8534,2,2
9.174800224602222,64223.60157221556,17.980481280048373,-66.0222395308651,-38.984272,4,0,2.7356,2,2
9.175000224262476,64225.00156983733,17.9804685138622,-66.02224084883467,-39.27018,4,0,2.4497,2,2
9.175100222229958,64225.7015556097,17.980462118777055,-66.02224159220998,-37.467278,4,0,4.2526,2,2
9.17540019378066,64227.801356464624,17.98044297693109,-66.02224353641941,-38.64902,4,0,3.0708,2,2
9.175500191748142,64228.501342237,17.98043659622981,-66.02224418187005,-39.105267,4,0,2.6146,2,2
9.17580020427704,64230.60142993927,17.98041744625704,-66.02224617030407,-39.2763,4,0,2.4435,2,2
9.176000203937292,64232.001427561045,17.980404680021625,-66.02224749900739,-39.319145,4,0,2.4007,2,2
9.176000203937292,64232.001427561045,17.980404679005236,-66.02224750572036,-39.164455,4,0,2.5554,2,2
9.176100201904774,64232.701413333416,17.980398298576585,-66.02224815369793,-39.56326,4,0,2.1566,2,2
9.176200203597546,64233.40142518282,17.980391913122634,-66.02224883370819,-39.224728,4,0,2.4951,2,2
9.176300201565027,64234.10141095519,17.98038553115669,-66.02224949259944,-39.37252,4,0,2.3473,2,2
9.176500204950573,64235.501434654,17.980372765889456,-66.02225081716406,-39.51369,4,0,2.2061,2,2
9.176600202918053,64236.20142042637,17.98036638389011,-66.02225147729877,-39.63356,4,0,2.0863,2,2
9.176700204610825,64236.90143227577,17.98035999861867,-66.02225215780798,-39.28475,4,0,2.4351,2,2
9.17690021172166,64238.30148205161,17.98034723312961,-66.02225348476955,-39.37325,4,0,2.3466,2,2
9.177200213074684,64240.40149152279,17.980328109185468,-66.02225531558874,-43.186516,2,0,-1.4667,0,0
9.17750021442771,64242.50150099397,17.980308937914845,-66.02225747092427,-39.520687,4,0,2.1991,2,2
9.177600212395191,64243.20148676634,17.980302554918065,-66.02225814004338,-39.43613,4,0,2.2837,2,2
9.179100193083286,64253.70135158301,17.980206802899776,-66.02226823176936,-36.93708,4,0,4.7828,2,2
9.17930020391941,64255.10142743588,17.980194042566648,-66.02226952601123,-37.79448,4,0,3.9254,2,2
9.179600201547146,64257.20141083002,17.980174896962932,-66.02227151052291,-38.084988,4,0,3.6348,2,2
9.180100213736296,64260.70149615407,17.980142991170023,-66.02227478320397,-39.38176,4,0,2.3381,2,2
9.180100213736296,64260.70149615407,17.98014297577571,-66.02227488819305,-36.961277,4,0,4.7586,2,2
9.18030021339655,64262.101493775845,17.980130226643542,-66.022276108295,-39.53274,4,0,2.1871,2,2
9.180700212717056,64264.901489019394,17.98010469782713,-66.02227875174901,-39.994804,4,0,1.725,2,2
9.18140022456646,64269.80157196522,17.98006000682837,-66.02228347031958,-38.68517,4,0,3.0347,2,2
9.18200022354722,64274.00156483054,17.980021709112687,-66.02228744138368,-39.269756,4,0,2.4501,2,2
9.18260020390153,64278.20142731071,17.97998340665481,-66.02229143631894,-39.31569,4,0,2.4041,2,2
9.18260020390153,64278.20142731071,17.979983400756655,-66.02229147692897,-38.379303,4,0,3.3405,2,2
9.182700201869013,64278.90141308308,17.97997697195927,-66.02229244788504,-31.353764,4,0,10.3661,2,2
9.182800203561785,64279.60142493248,17.979970586272596,-66.02229312209954,-31.170729,4,0,10.5491,2,2
9.182900205254557,64280.30143678188,17.979964241377036,-66.0222935180934,-37.402264,4,0,4.3176,2,2
9.183300204575062,64283.10143202543,17.979938714480266,-66.02229610191529,-39.28114,4,0,2.4387,2,2
9.183400202542543,64283.80141779781,17.97993233024235,-66.02229676409965,-39.37759,4,0,2.3422,2,2
9.18370021507144,64285.90150550008,17.979913144281547,-66.02229896657524,-34.69414,4,0,7.0257,2,2
9.18380021303892,64286.60149127245,17.979906787715652,-66.02229943723398,-39.20808,4,0,2.5118,2,2
9.184100214391949,64288.70150074363,17.979887606848045,-66.02230160263717,-35.382843,4,0,6.337,2,2
9.184200212359428,64289.401486516,17.979881245107688,-66.02230210468116,-39.17546,4,0,2.5444,2,2
9.1843002140522,64290.1014983654,17.979874779004515,-66.02230331846906,-26.559183,3,0,15.1607,2,2
9.184500213712454,64291.50149598718,17.979862006517845,-66.02230465590436,-26.460627,3,0,15.2592,2,2
9.184700224548578,64292.90157184005,17.97984928500174,-66.02230563418762,-34.64722,4,0,7.0726,2,2
9.186400204896929,64304.80143427849,17.979740667420234,-66.02231718485476,-29.704565,4,0,12.0153,2,2
9.186500202864408,64305.50142005086,17.979734278174416,-66.02231785615099,-29.606585,4,0,12.1132,2,2
9.186800204217434,64307.60142952204,17.979715110463985,-66.02231986115696,-29.521814,4,0,12.198,2,2
9.186900202184916,64308.30141529441,17.97970872086065,-66.02232053104694,-29.458471,4,0,12.2614,2,2
9.187000203877687,64309.00142714381,17.979702337633686,-66.02232115467118,-30.462988,4,0,11.2568,2,2
9.18710021302104,64309.70149114728,17.979695933117732,-66.02232191977136,-28.207321,4,0,13.5125,2,2
9.1877002120018,64313.90148401261,17.979657660796384,-66.02232545449505,-39.021065,4,0,2.6988,2,2
9.1877002120018,64313.90148401261,17.979657662521856,-66.02232544310509,-39.283535,4,0,2.4363,2,2
9.187800213694572,64314.60149586201,17.979651270241007,-66.02232612023737,-39.05905,4,0,2.6608,2,2
9.188000224530697,64316.00157171488,17.979638488771705,-66.02232744792987,-39.225315,4,0,2.4945,2,2
9.188100222498178,64316.70155748725,17.97963210001454,-66.02232810027165,-39.573296,4,0,2.1465,2,2
9.18820022419095,64317.40156933665,17.979625706155414,-66.02232878370727,-39.205925,4,0,2.5139,2,2
9.18820022419095,64317.40156933665,17.979625704134843,-66.02232879704503,-38.898575,4,0,2.8213,2,2
9.188500221818686,64319.5015527308,17.9796065317414,-66.02233078354337,-39.2693,4,0,2.4505,2,2
9.188500221818686,64319.5015527308,17.97960653037217,-66.02233079258153,-39.061024,4,0,2.6588,2,2
9.188600223511456,64320.2015645802,17.9796001401584,-66.02233144775015,-39.347435,4,0,2.3724,2,2
9.188600223511456,64320.2015645802,17.979600139788495,-66.0223314501919,-39.29117,4,0,2.4287,2,2
9.188800223171713,64321.60156220198,17.979587352857475,-66.0223328018079,-38.914017,4,0,2.8058,2,2
9.188800223171713,64321.60156220198,17.97958735657244,-66.02233277728585,-39.479095,4,0,2.2407,2,2
9.189100194722414,64323.7013630569,17.97956817638714,-66.0223348064339,-38.874065,4,0,2.8458,2,2
9.189100194722414,64323.7013630569,17.97956817896982,-66.022334789386,-39.266914,4,0,2.4529,2,2
9.189200192689896,64324.40134882927,17.97956177786631,-66.02233551319603,-37.974075,4,0,3.7458,2,2
9.189300194382668,64325.10136067867,17.979555389118246,-66.02233615114297,-38.661625,4,0,3.0582,2,2
9.189300194382668,64325.10136067867,17.979555393002816,-66.02233612383381,-39.291515,4,0,2.4283,2,2
9.189300194382668,64325.10136067867,17.979555357361704,-66.02233636743284,-33.675137,4,0,8.0447,2,2
9.189300194382668,64325.10136067867,17.97955535382947,-66.0223363924162,-33.098835,4,0,8.621,2,2
9.189300194382668,64325.10136067867,17.979555507717624,-66.02233533993892,-57.364758,0,0,-15.6449,0,0
9.18940019235015,64325.80134645104,17.97954899284964,-66.02233683918315,-38.19488,4,0,3.525,2,2
9.189500205218792,64326.50143653154,17.979542601538146,-66.02233748721349,-38.653034,4,0,3.0668,2,2
9.189600203186274,64327.20142230392,17.979536209123584,-66.02233814594292,-38.863556,4,0,2.8563,2,2
9.189600203186274,64327.20142230392,17.979536204265724,-66.02233817967624,-38.08563,4,0,3.6342,2,2
9.189800202846529,64328.60141992569,17.979523421337063,-66.02233948138519,-38.87148,4,0,2.8484,2,2
9.190100204199553,64330.70142939687,17.979504237938425,-66.02234148842273,-38.79851,4,0,2.9213,2,2
9.190200202167034,64331.40141516924,17.979497810142938,-66.02234238233505,-33.590363,4,0,8.1295,2,2
9.190200202167034,64331.40141516924,17.979497807859396,-66.02234239907577,-33.204006,4,0,8.5158,2,2
9.190300215035675,64332.10150524974,17.979491410005746,-66.02234308136197,-32.877815,4,0,8.842,2,2
9.190300215035675,64332.10150524974,17.979491412606308,-66.02234306252879,-33.312393,4,0,8.4074,2,2
9.19040021300316,64332.80149102211,17.97948501710204,-66.0223437343685,-33.225273,4,0,8.4946,2,2
9.19040021300316,64332.80149102211,17.979485015920545,-66.0223437438348,-33.00655,4,0,8.7133,2,2
9.19050021469593,64333.50150287151,17.97947862481525,-66.02234438229054,-33.690525,4,0,8.0293,2,2
9.19050021469593,64333.50150287151,17.979478622567992,-66.02234439712407,-33.3487,4,0,8.3711,2,2
9.190600212663412,64334.201488643885,17.979472353289754,-66.02234506414125,-33.13847,4,0,8.5814,2,2
9.190600212663412,64334.201488643885,17.979472351987337,-66.02234507273775,-32.940372,4,0,8.7795,2,2
9.190600212663412,64334.201488643885,17.979472358085925,-66.02234503081704,-33.906975,4,0,7.8129,2,2
9.190800212323666,64335.60148626566,17.979459549506306,-66.02234637534339,-33.748226,4,0,7.9716,2,2
9.190800212323666,64335.60148626566,17.979459549788416,-66.02234637348133,-33.791138,4,0,7.9287,2,2
9.190900214016438,64336.30149811506,17.97945314376778,-66.02234705464684,-33.50788,4,0,8.212,2,2
9.19100021198392,64337.00148388744,17.97944673776717,-66.02234773774505,-33.17958,4,0,8.5403,2,2
9.191100213676693,64337.70149573684,17.979440332996983,-66.02234840836176,-33.14071,4,0,8.5791,2,2
9.191100213676693,64337.70149573684,17.979440332231608,-66.02234841341357,-33.024296,4,0,8.6955,2,2
9.191200215369465,64338.40150758624,17.979433927606543,-66.02234908193873,-33.034267,4,0,8.6856,2,2
9.191200215369465,64338.40150758624,17.979433927675846,-66.02234908148127,-33.044807,4,0,8.675,2,2
9.191200215369465,64338.40150758624,17.979433964705347,-66.02234882706352,-38.911102,4,0,2.8087,2,2
9.191300213336945,64339.10149335861,17.97942752442497,-66.02234973969428,-33.293068,4,0,8.4268,2,2
9.191300213336945,64339.10149335861,17.979427526239128,-66.02234972771991,-33.569004,4,0,8.1508,2,2
9.191300213336945,64339.10149335861,17.979427524143645,-66.02234974155112,-33.25028,4,0,8.4696,2,2
9.191400215029716,64339.801505208015,17.97942112123173,-66.02235039652999,-33.573696,4,0,8.1461,2,2
9.191700223833324,64341.90156683326,17.979401936463898,-66.02235218845627,-38.537533,4,0,3.1823,2,2
9.191700223833324,64341.90156683326,17.97940193986793,-66.02235216432037,-39.094307,4,0,2.6255,2,2
9.191700223833324,64341.90156683326,17.979401903357676,-66.02235241364562,-33.34594,4,0,8.3739,2,2
9.191800225526094,64342.60157868266,17.979395496336316,-66.02235309261123,-33.118717,4,0,8.6011,2,2
9.191900223493576,64343.30156445503,17.979389093451125,-66.02235374187214,-33.57709,4,0,8.1427,2,2
9.191900223493576,64343.30156445503,17.979389090819556,-66.02235376090961,-33.137806,4,0,8.582,2,2
9.1922002248466,64345.40157392621,17.979369877173664,-66.0223557355804,-33.897057,4,0,7.8228,2,2
9.19230019301176,64346.101351082325,17.97936347521202,-66.0223563886598,-34.26476,4,0,7.4551,2,2
9.192500192672014,64347.5013487041,17.979350692312746,-66.0223575183244,-39.08185,4,0,2.638,2,2
9.192500192672014,64347.5013487041,17.979350698776773,-66.02235747398979,-40.10408,4,0,1.6158,2,2
9.192600194364786,64348.2013605535,17.97934429278926,-66.0223581366825,-40.257282,4,0,1.4626,2,2
9.19280020520091,64349.60143640637,17.979331469923586,-66.02235952958927,-39.01012,4,0,2.7097,2,2
9.19280020520091,64349.60143640637,17.9793314717057,-66.02235951782603,-39.281193,4,0,2.4386,2,2
9.192900203168392,64350.301422178745,17.97932506973213,-66.0223601509973,-40.11653,4,0,1.6033,2,2
9.192900203168392,64350.301422178745,17.979325068997497,-66.02236015584639,-40.004787,4,0,1.715,2,2
9.193100202828646,64351.70141980052,17.979312254313843,-66.02236149201015,-40.067722,4,0,1.6521,2,2
9.193200204521418,64352.40143164992,17.97930584684247,-66.02236215877764,-40.13067,4,0,1.5892,2,2
9.1933002024889,64353.101417422295,17.979299438780757,-66.02236283007868,-40.08917,4,0,1.6307,2,2
9.1933002024889,64353.101417422295,17.979299433105318,-66.02236286920888,-39.186867,4,0,2.533,2,2
9.193500202149153,64354.50141504407,17.979286616260964,-66.02236421232124,-39.09447,4,0,2.6254,2,2
9.193600203841925,64355.20142689347,17.979280207761846,-66.02236488228358,-39.086174,4,0,2.6337,2,2
9.193600203841925,64355.20142689347,17.979280211625593,-66.0223648567795,-39.673893,4,0,2.0459,2,2
9.193700205534697,64355.90143874288,17.979273805431543,-66.02236550898992,-40.07585,4,0,1.644,2,2
9.193800203502178,64356.60142451525,17.979267396662284,-66.02236618056057,-40.031094,4,0,1.6887,2,2
9.19390020519495,64357.30143636465,17.979260983296037,-66.02236688174665,-39.30445,4,0,2.4154,2,2
9.19390020519495,64357.30143636465,17.979260981926643,-66.02236689078596,-39.09615,4,0,2.6237,2,2
9.194000214338304,64358.00150036812,17.97925457198842,-66.0223675637403,-39.022396,4,0,2.6974,2,2
9.194200213998556,64359.40149798989,17.97924167067246,-66.02236947254472,-25.89527,3,0,15.8246,2,0
9.194500215351582,64361.50150746107,17.979222524613707,-66.02237091973741,-38.857555,4,0,2.8623,2,2
9.194600213319063,64362.20149323344,17.979216111828055,-66.0223716126153,-38.325947,4,0,3.3939,2,2
9.194700215011837,64362.901505082846,17.979209704279157,-66.0223722673933,-38.673893,4,0,3.0459,2,2
9.194700215011837,64362.901505082846,17.97920970092093,-66.0223722895614,-38.163048,4,0,3.5568,2,2
9.194900214672089,64364.30150270462,17.979196880690175,-66.02237363234771,-38.09427,4,0,3.6256,2,2
9.194900214672089,64364.30150270462,17.979196883311992,-66.02237361504066,-38.493095,4,0,3.2267,2,2
9.19500022381544,64365.00156670809,17.97919047138028,-66.02237429346744,-38.29889,4,0,3.4209,2,2
9.195100225508211,64365.70157855749,17.979184064831255,-66.02237493709484,-38.906593,4,0,2.8132,2,2
9.195400223135948,64367.80156195164,17.97916482919859,-66.02237697918372,-38.16681,4,0,3.553,2,2
9.19550022482872,64368.50157380104,17.979158419994107,-66.02237763932115,-38.395638,4,0,3.3242,2,2
9.195600222796202,64369.20155957341,17.979152009831463,-66.02237830669443,-38.457676,4,0,3.2622,2,2
9.195700224488974,64369.901571422815,17.97914559781526,-66.0223789841238,-38.28909,4,0,3.4307,2,2
9.195800192654133,64370.60134857893,17.979139192241277,-66.02237963237422,-38.78826,4,0,2.9316,2,2
9.196000192314386,64372.00134620071,17.97912636698158,-66.0223809938567,-38.3005,4,0,3.4193,2,2
9.196100194007158,64372.70135805011,17.979119957692113,-66.02238165089649,-38.60387,4,0,3.116,2,2
9.19620019197464,64373.40134382248,17.979113544652503,-66.0223823336784,-38.31397,4,0,3.4059,2,2
9.19670020416379,64376.90142914653,17.979081485525352,-66.0223856901488,-38.199192,4,0,3.5206,2,2
9.19670020416379,64376.90142914653,17.97908148485845,-66.02238569455136,-38.097736,4,0,3.6221,2,2
9.196900203824043,64378.3014267683,17.97906866351696,-66.02238702054396,-38.436947,4,0,3.2829,2,2
9.197400212287905,64381.80148601532,17.979036564583538,-66.02239063253526,-32.44772,4,0,9.2721,2,2
9.197400212287905,64381.80148601532,17.97903660294002,-66.02239037097212,-38.478207,4,0,3.2416,2,2
9.197600215673448,64383.20150971413,17.979023776422572,-66.02239172351084,-38.21298,4,0,3.5069,2,2
9.197700213640928,64383.9014954865,17.979017365824856,-66.02239238319306,-38.462727,4,0,3.2571,2,2
9.198000214993954,64386.00150495768,17.978998127634284,-66.02239439923707,-38.3633,4,0,3.3565,2,2
9.19830022379756,64388.10156658292,17.978978888842995,-66.02239641320752,-38.316864,4,0,3.403,2,2
9.198600225150583,64390.201576054096,17.978959638120962,-66.02239850979319,-36.368237,4,0,5.3516,2,2
9.19880022481084,64391.60157367587,17.97894682310484,-66.02239977708919,-38.0787,4,0,3.6411,2,2
9.199100222438574,64393.70155707002,17.978927583367366,-66.02240179580025,-37.931618,4,0,3.7882,2,2
9.199200194329023,64394.40136030316,17.978921174453568,-66.02240245109367,-38.28501,4,0,3.4348,2,2
9.199300192296503,64395.101346075535,17.978914760676965,-66.02240312745134,-38.15743,4,0,3.5624,2,2
9.199500195682049,64396.50136977434,17.97890193510149,-66.0224044635274,-38.28806,4,0,3.4318,2,2
9.19960019364953,64397.20135554671,17.978895487896555,-66.02240536848429,-32.890774,4,0,8.8291,2,2
9.199700195342302,64397.90136739612,17.978889108677787,-66.02240580620325,-38.2676,4,0,3.4522,2,2
9.199800204485657,64398.601431399584,17.978882695861905,-66.02240647086909,-38.41315,4,0,3.3067,2,2
9.199800204485657,64398.601431399584,17.978882694833715,-66.02240647765785,-38.256706,4,0,3.4631,2,2
9.200000204145908,64400.00142902136,17.9788698685031,-66.02240781907442,-38.26758,4,0,3.4523,2,2
9.200200203806162,64401.40142664313,17.978857041423502,-66.02240916512855,-38.17308,4,0,3.5468,2,2
9.200300205498934,64402.10143849254,17.978850629751058,-66.02240982451451,-38.44117,4,0,3.2787,2,2
9.200400203466415,64402.80142426491,17.97884418156733,-66.02241073527863,-32.91306,4,0,8.8068,2,2
9.200500205159187,64403.50143611431,17.978837766832342,-66.02241141526845,-32.706917,4,0,9.0129,2,2
9.201000213623049,64407.00149536133,17.978805700362326,-66.02241476763825,-32.777897,4,0,8.9419,2,2
9.2012002132833,64408.4014929831,17.97879287399582,-66.02241610889433,-32.800987,4,0,8.9188,2,2
9.201300214976072,64409.101504832506,17.97878646075167,-66.02241677924212,-32.81977,4,0,8.9001,2,2
9.201400212943554,64409.80149060488,17.97878004778979,-66.02241744935671,-32.843674,4,0,8.8762,2,2
9.20170021429658,64411.901500076056,17.97876080882176,-66.02241945772299,-32.964005,4,0,8.7558,2,2
9.202100224792956,64414.7015735507,17.978735154023884,-66.02242215246827,-32.74006,4,0,8.9798,2,2
9.20230022445321,64416.10157117248,17.978722363957893,-66.02242324827616,-38.42916,4,0,3.2907,2,2
9.20230022445321,64416.10157117248,17.97872232800113,-66.02242349405233,-32.76237,4,0,8.9575,2,2
9.202500224113464,64417.50156879425,17.978709502538365,-66.02242483270388,-32.85339,4,0,8.8664,2,2
9.202900193631647,64420.30135542154,17.9786838876667,-66.0224272786481,-38.368614,4,0,3.3512,2,2
9.203200202435257,64422.40141704679,17.97866464977384,-66.02242928496719,-38.550068,4,0,3.1698,2,2
9.203400202095509,64423.80141466856,17.97865182354365,-66.02243063319587,-38.425034,4,0,3.2948,2,2
9.203700203448534,64425.90142413974,17.97863257070661,-66.02243274953379,-36.072235,4,0,5.6476,2,2
9.20400020480156,64428.00143361092,17.978613315714536,-66.02243488315357,-33.323166,4,0,8.3967,2,2
9.204300213605164,64430.10149523616,17.978594075692428,-66.02243691645674,-32.8895,4,0,8.8303,2,2
9.204300213605164,64430.10149523616,17.978594112360987,-66.02243666595778,-38.66517,4,0,3.0547,2,2
9.204400215297936,64430.80150708556,17.978587699570625,-66.02243734083304,-38.587673,4,0,3.1322,2,2
9.20450021326542,64431.50149285793,17.97858128721116,-66.02243801482187,-38.530216,4,0,3.1896,2,2
9.20450021326542,64431.50149285793,17.978581288043365,-66.02243800932597,-38.65687,4,0,3.063,2,2
9.20450021326542,64431.50149285793,17.97858127421571,-66.02243810398055,-36.474384,4,0,5.2454,2,2
9.20450021326542,64431.50149285793,17.97858128782355,-66.02243801077763,-38.623417,4,0,3.0964,2,2
9.204600214958193,64432.20150470734,17.978574876137337,-66.0224386791839,-38.695374,4,0,3.0245,2,2
9.204700212925673,64432.90149047971,17.978568464804013,-66.02243934723718,-38.775074,4,0,2.9448,2,2
9.204900212585926,64434.30148810148,17.9785556409867,-66.02244069070312,-38.76598,4,0,2.9539,2,2
9.205000214278698,64435.001499950886,17.978549228776775,-66.02244136432387,-38.718475,4,0,3.0014,2,2
9.205200225114822,64436.40157580376,17.978536405230013,-66.02244270241923,-38.836464,4,0,2.8834,2,2
9.205400224775076,64437.80157342553,17.978523581606037,-66.0224440509352,-38.712032,4,0,3.0078,2,2
9.20560022443533,64439.201571047306,17.978510758696185,-66.02244539505111,-38.690174,4,0,3.0297,2,2
9.205800224095585,64440.60156866908,17.978497936919215,-66.02244673373717,-38.794,4,0,2.9258,2,2
9.206100195646286,64442.701369524,17.97847870561416,-66.02244874796106,-38.803757,4,0,2.9161,2,2
9.20630019530654,64444.10136714578,17.978465883670474,-66.02245009316108,-38.758694,4,0,2.9611,2,2
9.20640019327402,64444.80135291815,17.978459473370677,-66.02245076127916,-38.83991,4,0,2.8799,2,2
9.206600192934276,64446.20135053992,17.978446616870404,-66.0224523464874,-33.26151,4,0,8.4583,2,2
9.2068002037704,64447.6014263928,17.978433795163948,-66.02245369293236,-33.1899,4,0,8.5299,2,2
9.2068002037704,64447.6014263928,17.97843383120179,-66.02245344490511,-38.909252,4,0,2.8106,2,2
9.206900205463173,64448.3014382422,17.978427419690057,-66.02245412576677,-38.69666,4,0,3.0232,2,2
9.207000203430653,64449.00142401457,17.978421010294046,-66.02245479148225,-38.833794,4,0,2.886,2,2
9.207100205123425,64449.70143586397,17.97841456490453,-66.02245570567032,-33.241367,4,0,8.4785,2,2
9.207100205123425,64449.70143586397,17.97841456660894,-66.02245569274464,-33.53983,4,0,8.18,2,2
9.207200203090906,64450.40142163634,17.978408193131948,-66.02245611579727,-39.27167,4,0,2.4482,2,2
9.207300204783678,64451.10143348575,17.97840178134212,-66.02245679931718,-38.9987,4,0,2.7211,2,2
9.207300204783678,64451.10143348575,17.978401779924784,-66.02245681034708,-38.743927,4,0,2.9759,2,2
9.207700215280056,64453.90150696039,17.978376143091836,-66.02245947946065,-39.150944,4,0,2.5689,2,2
9.207700215280056,64453.90150696039,17.978376105011634,-66.0224597409852,-33.120518,4,0,8.5993,2,2
9.207800213247538,64454.60149273276,17.978369732657267,-66.02246015884157,-38.973045,4,0,2.7468,2,2
9.207800213247538,64454.60149273276,17.978369695828768,-66.02246041209976,-33.133118,4,0,8.5867,2,2
9.207800213247538,64454.60149273276,17.978369731970606,-66.02246016337686,-38.868526,4,0,2.8513,2,2
9.207800213247538,64454.60149273276,17.97836973221765,-66.02246016174516,-38.90613,4,0,2.8137,2,2
9.20790021494031,64455.30150458217,17.978363287415547,-66.02246107558052,-33.322845,4,0,8.397,2,2
9.208000212907791,64456.00149035454,17.97835691492739,-66.02246149733422,-39.08505,4,0,2.6348,2,2
9.208100214600565,64456.70150220394,17.978350468902008,-66.02246242060923,-33.284283,4,0,8.4356,2,2
9.208200212568045,64457.40148797631,17.97834406000267,-66.02246309423629,-33.23853,4,0,8.4813,2,2
9.20850021392107,64459.50149744749,17.97832483813845,-66.02246507759327,-33.96963,4,0,7.7502,2,2
9.208700224757196,64460.90157330036,17.978312053058822,-66.02246619673446,-39.141743,4,0,2.5781,2,2
9.208800222724676,64461.60155907273,17.978305642791085,-66.02246688363822,-38.790085,4,0,2.9297,2,2
9.208900224417448,64462.301570922136,17.978299201403445,-66.02246778026984,-33.603977,4,0,8.1159,2,2
9.20900022238493,64463.00155669451,17.978292790662792,-66.02246847175121,-33.14681,4,0,8.573,2,2
9.209100224077702,64463.70156854391,17.97828642009695,-66.02246888537445,-39.097664,4,0,2.6222,2,2
9.209100224077702,64463.70156854391,17.978286384594234,-66.02246912821732,-33.498318,4,0,8.2215,2,2
9.209200225770472,64464.401580393314,17.97827997721029,-66.0224697957784,-33.593533,4,0,8.1263,2,2
9.209200225770472,64464.401580393314,17.978279995583453,-66.02246967108407,-36.468338,4,0,5.2515,2,2
9.209200225770472,64464.401580393314,17.97827997752095,-66.02246979372647,-33.64082,4,0,8.079,2,2
9.209200225770472,64464.401580393314,17.97827997841912,-66.02246978779397,-33.77754,4,0,7.9423,2,2
9.209300223737957,64465.101566165686,17.97827356941135,-66.02247046837472,-33.572105,4,0,8.1477,2,2
9.209300223737957,64465.101566165686,17.97827360395004,-66.02247023189801,-39.024746,4,0,2.6951,2,2
9.209300223737957,64465.101566165686,17.978273569539933,-66.02247046752544,-33.59168,4,0,8.1282,2,2
9.209300223737957,64465.101566165686,17.978273569700157,-66.0224704664671,-33.61607,4,0,8.1038,2,2
9.209400225430729,64465.80157801509,17.97826716247506,-66.02247113446803,-33.701096,4,0,8.0187,2,2
9.209400225430729,64465.80157801509,17.978267162071234,-66.02247113713534,-33.639626,4,0,8.0802,2,2
9.209400225430729,64465.80157801509,17.97826716071282,-66.02247114610792,-33.43285,4,0,8.287,2,2
9.209400225430729,64465.80157801509,17.97826716477732,-66.02247111926124,-34.051544,4,0,7.6683,2,2
9.209500193595886,64466.5013551712,17.9782607559738,-66.02247181240315,-33.551964,4,0,8.1679,2,2
9.209500193595886,64466.5013551712,17.978260756942266,-66.02247180600627,-33.699383,4,0,8.0205,2,2
9.209500193595886,64466.5013551712,17.978260755746835,-66.02247181390229,-33.517414,4,0,8.2024,2,2
9.209600195288658,64467.20136702061,17.978254348992646,-66.0224724802981,-33.639362,4,0,8.0805,2,2
9.209600195288658,64467.20136702061,17.97825435081296,-66.02247246827454,-33.91645,4,0,7.8034,2,2
9.209600195288658,64467.20136702061,17.978254346420037,-66.02247249729066,-33.24776,4,0,8.4721,2,2
9.20970019325614,64467.90135279298,17.978247941671885,-66.02247315274639,-33.621212,4,0,8.0986,2,2
9.20970019325614,64467.90135279298,17.97824794033671,-66.02247316156551,-33.417973,4,0,8.3019,2,2
9.20970019325614,64467.90135279298,17.978247942273164,-66.02247314877486,-33.712738,4,0,8.0071,2,2
9.20970019325614,64467.90135279298,17.978247941683843,-66.02247315266742,-33.62303,4,0,8.0968,2,2
9.209800194948912,64468.60136464238,17.97824153414109,-66.02247382579267,-33.58981,4,0,8.13,2,2
9.209800194948912,64468.60136464238,17.978241534117753,-66.02247382594686,-33.586258,4,0,8.1336,2,2
9.209800194948912,64468.60136464238,17.97824153400136,-66.02247382671568,-33.56854,4,0,8.1513,2,2
9.209800194948912,64468.60136464238,17.9782415345334,-66.0224738232014,-33.64953,4,0,8.0703,2,2
9.209900192916392,64469.30135041475,17.97823512674592,-66.02247450026097,-33.52501,4,0,8.1948,2,2
9.209900192916392,64469.30135041475,17.97823512713562,-66.0224744976869,-33.58433,4,0,8.1355,2,2
9.209900192916392,64469.30135041475,17.978235127332773,-66.02247449638466,-33.61434,4,0,8.1055,2,2
9.209900192916392,64469.30135041475,17.978235127496927,-66.02247449530037,-33.639328,4,0,8.0805,2,2
9.210000205785036,64470.00144049525,17.97822873844685,-66.02247503815154,-36.61172,4,0,5.1081,2,2
9.210000205785036,64470.00144049525,17.97822871989462,-66.02247516570026,-33.67054,4,0,8.0493,2,2
9.210000205785036,64470.00144049525,17.97822871935604,-66.02247516925769,-33.588554,4,0,8.1313,2,2
9.210000205785036,64470.00144049525,17.978228719173135,-66.02247517046585,-33.560715,4,0,8.1591,2,2
9.210000205785036,64470.00144049525,17.978228719584433,-66.0224751677491,-33.62332,4,0,8.0965,2,2
9.210100203752518,64470.70142626762,17.978222313103146,-66.02247583772333,-33.661976,4,0,8.0579,2,2
9.210100203752518,64470.70142626762,17.978222312327105,-66.02247584284932,-33.543846,4,0,8.176,2,2
9.210100203752518,64470.70142626762,17.97822231264742,-66.02247584073355,-33.592606,4,0,8.1272,2,2
9.210100203752518,64470.70142626762,17.978222310546222,-66.02247585461255,-33.272755,4,0,8.4471,2,2
9.21020020544529,64471.40143811703,17.97821590611857,-66.02247651024683,-33.642395,4,0,8.0774,2,2
9.21020020544529,64471.40143811703,17.9782159058037,-66.02247651232663,-33.594463,4,0,8.1254,2,2
9.21020020544529,64471.40143811703,17.97821590609739,-66.02247651038671,-33.63917,4,0,8.0807,2,2
9.21020020544529,64471.40143811703,17.978215905545067,-66.02247651403499,-33.555096,4,0,8.1647,2,2
9.210300203412771,64472.1014238894,17.97820949947841,-66.02247718282582,-33.620888,4,0,8.0989,2,2
9.210300203412771,64472.1014238894,17.978209499386406,-66.02247718343355,-33.606884,4,0,8.1129,2,2
9.210300203412771,64472.1014238894,17.978209502965353,-66.02247715979351,-34.15168,4,0,7.5682,2,2
9.210300203412771,64472.1014238894,17.978209499391397,-66.02247718340058,-33.607643,4,0,8.1122,2,2
9.210300203412771,64472.1014238894,17.9782094985742,-66.02247718879846,-33.483246,4,0,8.2366,2,2
9.210400205105543,64472.8014357388,17.97820311057556,-66.02247773413771,-36.395725,4,0,5.3241,2,2
9.210400205105543,64472.8014357388,17.978203092650933,-66.02247785587333,-33.58909,4,0,8.1307,2,2
9.210400205105543,64472.8014357388,17.978203092813114,-66.0224778548021,-33.613777,4,0,8.1061,2,2
9.210400205105543,64472.8014357388,17.97820309288372,-66.02247785433573,-33.624523,4,0,8.0953,2,2
9.210400205105543,64472.8014357388,17.978203092811576,-66.02247785481224,-33.61354,4,0,8.1063,2,2
9.210500203073025,64473.50142151117,17.978196686335266,-66.02247852787659,-33.5807,4,0,8.1391,2,2
9.210500203073025,64473.50142151117,17.978196764573855,-66.02247799272719,-45.919945,3,0,-4.2001,0,0
9.210500203073025,64473.50142151117,17.978196686222496,-66.0224785286215,-33.563534,4,0,8.1563,2,2
9.210500203073025,64473.50142151117,17.978196686791225,-66.02247852486485,-33.65011,4,0,8.0697,2,2
9.210500203073025,64473.50142151117,17.97819668685535,-66.02247852444127,-33.65987,4,0,8.06,2,2
9.210600204765797,64474.20143336058,17.978190158280263,-66.02247920975971,-33.55467,4,0,8.1652,2,2
9.210600204765797,64474.20143336058,17.9781901587158,-66.0224792068827,-33.62097,4,0,8.0989,2,2
9.210600204765797,64474.20143336058,17.978190158670813,-66.02247920717987,-33.614124,4,0,8.1057,2,2
9.210600204765797,64474.20143336058,17.97819015826814,-66.02247920983982,-33.552822,4,0,8.167,2,2
9.210700202733278,64474.90141913295,17.978183760320864,-66.02247987868844,-33.60362,4,0,8.1162,2,2
9.210700202733278,64474.90141913295,17.97818376016624,-66.02247987970983,-33.580082,4,0,8.1398,2,2
9.210700202733278,64474.90141913295,17.97818376020898,-66.02247987942745,-33.586586,4,0,8.1332,2,2
9.210700202733278,64474.90141913295,17.97818375990744,-66.02247988141934,-33.540684,4,0,8.1791,2,2
9.21080020442605,64475.60143098235,17.97817736164328,-66.02248055163497,-33.560455,4,0,8.1594,2,2
9.21080020442605,64475.60143098235,17.97817736170437,-66.02248055123148,-33.56975,4,0,8.1501,2,2
9.21080020442605,64475.60143098235,17.978177359617632,-66.02248056501568,-33.252087,4,0,8.4677,2,2
9.21080020442605,64475.60143098235,17.97817736231866,-66.02248054717366,-33.663265,4,0,8.0566,2,2
9.210900202393532,64476.30141675472,17.978170964166125,-66.0224812190164,-33.644863,4,0,8.075,2,2
9.210900202393532,64476.30141675472,17.97817096393341,-66.02248122055366,-33.609436,4,0,8.1104,2,2
9.210900202393532,64476.30141675472,17.978170964337817,-66.02248121788233,-33.670998,4,0,8.0488,2,2
9.210900202393532,64476.30141675472,17.978170964011237,-66.02248122003958,-33.621284,4,0,8.0985,2,2
9.211000204086304,64477.001428604126,17.97816456626478,-66.02248188845698,-33.682293,4,0,8.0375,2,2
9.211000204086304,64477.001428604126,17.978164565757556,-66.02248189180749,-33.60508,4,0,8.1148,2,2
9.211000204086304,64477.001428604126,17.978164565651912,-66.02248189250534,-33.588997,4,0,8.1308,2,2
9.211000204086304,64477.001428604126,17.97816456517917,-66.02248189562809,-33.51703,4,0,8.2028,2,2
9.211100213229656,64477.70149260759,17.978158167469292,-66.02248256150308,-33.63768,4,0,8.0822,2,2
9.211100213229656,64477.70149260759,17.978158167623178,-66.02248256048654,-33.661106,4,0,8.0587,2,2
9.211100213229656,64477.70149260759,17.978158167856773,-66.02248255894352,-33.696667,4,0,8.0232,2,2
9.211100213229656,64477.70149260759,17.978158167027594,-66.02248256442076,-33.57044,4,0,8.1494,2,2
9.211200214922428,64478.401504457,17.9781517699048,-66.02248323030581,-33.689598,4,0,8.0302,2,2
9.211200214922428,64478.401504457,17.978151769144212,-66.02248323532996,-33.573814,4,0,8.146,2,2
9.211200214922428,64478.401504457,17.978151770181398,-66.02248322847872,-33.731705,4,0,7.9881,2,2
9.211200214922428,64478.401504457,17.978151769187797,-66.02248323504206,-33.58045,4,0,8.1394,2,2
9.21130021288991,64479.10149022937,17.97814537198847,-66.02248390376239,-33.633587,4,0,8.0862,2,2
9.21130021288991,64479.10149022937,17.9781453718155,-66.022483904905,-33.607254,4,0,8.1126,2,2
9.21130021288991,64479.10149022937,17.978145404927407,-66.02248367783673,-38.843117,4,0,2.8767,2,2
9.21130021288991,64479.10149022937,17.97814537175783,-66.02248390528598,-33.598473,4,0,8.1214,2,2
9.21130021288991,64479.10149022937,17.978145371844846,-66.02248390471118,-33.61172,4,0,8.1081,2,2
9.211400214582682,64479.80150207877,17.97813897196903,-66.02248459200287,-33.236748,4,0,8.4831,2,2
9.211400214582682,64479.80150207877,17.978138973797332,-66.022484578257,-33.554115,4,0,8.1657,2,2
9.211400214582682,64479.80150207877,17.978138977874025,-66.02248455132798,-34.174713,4,0,7.5451,2,2
9.211400214582682,64479.80150207877,17.978138974443322,-66.02248457398981,-33.65246,4,0,8.0674,2,2
9.211400214582682,64479.80150207877,17.978139008306094,-66.02248434196154,-39.00263,4,0,2.7172,2,2
9.211400214582682,64479.80150207877,17.978138974364132,-66.02248457451292,-33.6404,4,0,8.0794,2,2
9.211500212550163,64480.50148785114,17.978132577018247,-66.0224852452915,-33.646027,4,0,8.0738,2,2
9.211500212550163,64480.50148785114,17.97813257783683,-66.02248523988429,-33.770638,4,0,7.9492,2,2
9.211500212550163,64480.50148785114,17.97813257481402,-66.02248525985176,-33.310474,4,0,8.4094,2,2
9.211500212550163,64480.50148785114,17.978132577287663,-66.02248524351185,-33.68704,4,0,8.0328,2,2
9.211600214242935,64481.20149970055,17.97812621386669,-66.0224856815008,-39.060707,4,0,2.6591,2,2
9.211600214242935,64481.20149970055,17.97812617997467,-66.02248591372216,-33.70608,4,0,8.0138,2,2
9.211600214242935,64481.20149970055,17.978126179245045,-66.02248591854178,-33.595013,4,0,8.1248,2,2
9.211600214242935,64481.20149970055,17.978126179687493,-66.02248591561911,-33.662365,4,0,8.0575,2,2
9.211600214242935,64481.20149970055,17.978126179488843,-66.02248591693136,-33.632126,4,0,8.0877,2,2
9.211700215935709,64481.90151154995,17.978119815335507,-66.02248636050291,-38.877026,4,0,2.8428,2,2
9.211700215935709,64481.90151154995,17.978119781772012,-66.02248659055385,-33.57242,4,0,8.1474,2,2
9.211700215935709,64481.90151154995,17.978119782680917,-66.02248658455001,-33.71078,4,0,8.0091,2,2
9.211700215935709,64481.90151154995,17.978119782174222,-66.02248658789708,-33.633644,4,0,8.0862,2,2
9.211700215935709,64481.90151154995,17.978119782380716,-66.02248658653302,-33.66508,4,0,8.0548,2,2
9.211800213903189,64482.60149732232,17.97811338467753,-66.0224872623501,-33.554108,4,0,8.1657,2,2
9.211800213903189,64482.60149732232,17.978113384959688,-66.02248726048629,-33.59706,4,0,8.1228,2,2
9.21190021559596,64483.30150917173,17.978106987814964,-66.02248793179155,-33.590523,4,0,8.1293,2,2
9.21190021559596,64483.30150917173,17.978106987719578,-66.02248793242158,-33.576004,4,0,8.1438,2,2
9.21190021559596,64483.30150917173,17.978106988075776,-66.0224879300687,-33.630226,4,0,8.0896,2,2
9.212000213563442,64484.001494944096,17.97810059302299,-66.02248858982122,-33.889236,4,0,7.8306,2,2
9.212000213563442,64484.001494944096,17.978100591717553,-66.02248859844437,-33.69051,4,0,8.0293,2,2
9.212000213563442,64484.001494944096,17.978100590864422,-66.0224886040798,-33.56064,4,0,8.1592,2,2
9.212000213563442,64484.001494944096,17.978100591106887,-66.02248860247815,-33.59755,4,0,8.1223,2,2
9.212100222706797,64484.70155894756,17.978094192824525,-66.02248927962417,-33.45732,4,0,8.2625,2,2
9.212100222706797,64484.70155894756,17.978094193654776,-66.02248927413991,-33.58371,4,0,8.1361,2,2
9.212100222706797,64484.70155894756,17.97809419375472,-66.02248927347974,-33.598923,4,0,8.1209,2,2
9.212200224399568,64485.40157079697,17.978087799251195,-66.0224899294604,-33.94519,4,0,7.7746,2,2
9.212200224399568,64485.40157079697,17.97808779727696,-66.02248994250138,-33.644653,4,0,8.0752,2,2
9.212200224399568,64485.40157079697,17.978087796536744,-66.02248994739088,-33.53197,4,0,8.1879,2,2
9.212300222367048,64486.10155656934,17.978081400617715,-66.02249061495922,-33.610493,4,0,8.1093,2,2
9.212300222367048,64486.10155656934,17.978081434335415,-66.02249038389071,-38.93856,4,0,2.7813,2,2
9.212300222367048,64486.10155656934,17.978081403233844,-66.02249059767823,-34.008747,4,0,7.7111,2,2
9.21240022405982,64486.80156841874,17.97807500765231,-66.02249126214684,-34.159153,4,0,7.5607,2,2
9.21240022405982,64486.80156841874,17.978075006391084,-66.0224912704779,-33.96716,4,0,7.7527,2,2
9.21240022405982,64486.80156841874,17.978075005795464,-66.02249127441232,-33.876488,4,0,7.8433,2,2
9.21240022405982,64486.80156841874,17.978075004342415,-66.0224912840105,-33.65529,4,0,8.0645,2,2
9.212500225752592,64487.50158026815,17.978068609748885,-66.02249194262156,-33.94056,4,0,7.7793,2,2
9.212500225752592,64487.50158026815,17.97806863164224,-66.02249179299747,-37.390514,4,0,4.3293,2,2
9.212500225752592,64487.50158026815,17.97806860995223,-66.02249194127833,-33.971516,4,0,7.7483,2,2
9.212500225752592,64487.50158026815,17.978068609517088,-66.02249194415265,-33.905273,4,0,7.8146,2,2
9.212500225752592,64487.50158026815,17.97806861084283,-66.02249193539544,-34.10709,4,0,7.6127,2,2
9.212600223720074,64488.20156604052,17.978062214904824,-66.0224926050955,-34.136105,4,0,7.5837,2,2
9.212600223720074,64488.20156604052,17.978062212161394,-66.02249262321729,-33.718475,4,0,8.0014,2,2
9.212600223720074,64488.20156604052,17.978062213170002,-66.02249261655491,-33.872013,4,0,7.8478,2,2
9.212600223720074,64488.20156604052,17.978062213978077,-66.02249261121713,-33.995026,4,0,7.7248,2,2
9.212700225412846,64488.90157788992,17.978055817408855,-66.022493284187,-33.949127,4,0,7.7707,2,2
9.212700225412846,64488.90157788992,17.978055816545915,-66.02249328988714,-33.817764,4,0,7.9021,2,2
9.212700225412846,64488.90157788992,17.978055817909294,-66.02249328088129,-34.02531,4,0,7.6945,2,2
9.212800223380327,64489.60156366229,17.978049422484194,-66.02249394848168,-34.102448,4,0,7.6174,2,2
9.212800223380327,64489.60156366229,17.978049421645544,-66.02249395402139,-33.97478,4,0,7.7451,2,2
9.212800223380327,64489.60156366229,17.978049421476612,-66.02249395513725,-33.949062,4,0,7.7708,2,2
9.212800223380327,64489.60156366229,17.97804945275345,-66.02249374019316,-38.905544,4,0,2.8143,2,2
9.212800223380327,64489.60156366229,17.978049421413242,-66.02249395555586,-33.939415,4,0,7.7804,2,2
9.212900195270777,64490.30136689544,17.97804302846398,-66.02249461827314,-34.12492,4,0,7.5949,2,2
9.212900195270777,64490.30136689544,17.978043027372095,-66.02249462548555,-33.958706,4,0,7.7611,2,2
9.212900195270777,64490.30136689544,17.978043027008884,-66.02249462788477,-33.90341,4,0,7.8164,2,2
9.213000193238258,64491.00135266781,17.978036632182924,-66.0224952927754,-34.042725,4,0,7.6771,2,2
9.213000193238258,64491.00135266781,17.978036628729043,-66.02249531559004,-33.516945,4,0,8.2029,2,2
9.213000193238258,64491.00135266781,17.978036629115174,-66.02249531303944,-33.575726,4,0,8.1441,2,2
9.213000193238258,64491.00135266781,17.97803663015467,-66.02249530617307,-33.733967,4,0,7.9859,2,2
9.21310019493103,64491.70136451721,17.978030235760425,-66.02249596727181,-33.961105,4,0,7.7587,2,2
9.21310019493103,64491.70136451721,17.97803023702592,-66.02249595891264,-34.153748,4,0,7.5661,2,2
9.21310019493103,64491.70136451721,17.97803023585488,-66.02249596664791,-33.975483,4,0,7.7444,2,2
9.213200192898512,64492.40135028958,17.978023837821937,-66.02249665392976,-33.59849,4,0,8.1213,2,2
9.213200192898512,64492.40135028958,17.97802383995984,-66.02249663980788,-33.923943,4,0,7.7959,2,2
9.213200192898512,64492.40135028958,17.97802387398351,-66.02249640672072,-39.298553,4,0,2.4213,2,2
9.213300194591284,64493.10136213899,17.978017444697468,-66.02249730782798,-33.99129,4,0,7.7285,2,2
9.213300194591284,64493.10136213899,17.97801744398682,-66.02249731252213,-33.88311,4,0,7.8367,2,2
9.213300194591284,64493.10136213899,17.978017442065845,-66.02249732521103,-33.590683,4,0,8.1292,2,2
9.213300194591284,64493.10136213899,17.978017445568376,-66.02249730207518,-34.12387,4,0,7.596,2,2
9.213400192558764,64493.80134791136,17.978011049138203,-66.02249797993582,-33.963715,4,0,7.7561,2,2
9.213400192558764,64493.80134791136,17.97801104919182,-66.02249797958169,-33.971874,4,0,7.748,2,2
9.213400192558764,64493.80134791136,17.978011046583017,-66.02249799681404,-33.57474,4,0,8.1451,2,2
9.213400192558764,64493.80134791136,17.978011046621226,-66.02249799656164,-33.58056,4,0,8.1393,2,2
9.213500205427408,64494.50143799186,17.978004653044255,-66.02249864994796,-33.98659,4,0,7.7332,2,2
9.213500205427408,64494.50143799186,17.978004652966753,-66.0224986504599,-33.974792,4,0,7.745,2,2
9.213500205427408,64494.50143799186,17.978004653583767,-66.02249864638422,-34.06872,4,0,7.6511,2,2
9.21360020339489,64495.20142376423,17.977998255706897,-66.02249933492543,-33.66213,4,0,8.0577,2,2
9.21360020339489,64495.20142376423,17.977998291160976,-66.02249909239121,-39.25446,4,0,2.4654,2,2
9.21360020339489,64495.20142376423,17.97799825846072,-66.02249931673518,-34.081337,4,0,7.6385,2,2
9.21360020339489,64495.20142376423,17.977998257992894,-66.02249931982541,-34.01012,4,0,7.7097,2,2
9.21360020339489,64495.20142376423,17.977998257679044,-66.0224993218985,-33.962345,4,0,7.7575,2,2
9.213700205087662,64495.90143561363,17.977991860894733,-66.02250000222045,-33.745598,4,0,7.9742,2,2
9.213700205087662,64495.90143561363,17.97799186239726,-66.02249999229562,-33.974323,4,0,7.7455,2,2
9.213700205087662,64495.90143561363,17.977991861994628,-66.02249999495515,-33.913033,4,0,7.8068,2,2
9.213700205087662,64495.90143561363,17.977991887656867,-66.02249981876945,-37.975723,4,0,3.7441,2,2
9.213700205087662,64495.90143561363,17.977991864643503,-66.02249997745824,-34.316265,4,0,7.4036,2,2
9.213800203055143,64496.601421386,17.97798550257874,-66.02250042218293,-39.531258,4,0,2.1886,2,2
9.213800203055143,64496.601421386,17.977985496933638,-66.0225004611402,-38.63287,4,0,3.087,2,2
9.213800203055143,64496.601421386,17.97798546715758,-66.02250066449916,-33.943947,4,0,7.7759,2,2
9.213900204747915,64497.30143323541,17.977979072360103,-66.02250133275798,-34.004898,4,0,7.7149,2,2
9.213900204747915,64497.30143323541,17.977979071785892,-66.02250133655087,-33.91749,4,0,7.8023,2,2
9.213900204747915,64497.30143323541,17.977979069300737,-66.02250135296639,-33.539177,4,0,8.1807,2,2
9.214000202715397,64498.00141900778,17.97797267675212,-66.02250200843358,-33.894196,4,0,7.8256,2,2
9.214000202715397,64498.00141900778,17.977972675148816,-66.02250201902406,-33.650127,4,0,8.0697,2,2
9.214000202715397,64498.00141900778,17.97797267522464,-66.02250201852321,-33.66167,4,0,8.0582,2,2
9.214000202715397,64498.00141900778,17.97797271134646,-66.02250177157951,-39.35563,4,0,2.3642,2,2
9.214100204408169,64498.70143085718,17.977966282047795,-66.02250267709516,-33.945553,4,0,7.7743,2,2
9.214100204408169,64498.70143085718,17.977966281775007,-66.022502678897,-33.90403,4,0,7.8158,2,2
9.214100204408169,64498.70143085718,17.977966282143168,-66.02250267646512,-33.96007,4,0,7.7598,2,2
9.21420020237565,64499.40141662955,17.977959887415334,-66.02250334732332,-33.96007,4,0,7.7598,2,2
9.21420020237565,64499.40141662955,17.977959890283927,-66.02250332670627,-34.4358,4,0,7.284,2,2
9.214300204068422,64500.10142847896,17.9779534927365,-66.02250401633894,-34.003094,4,0,7.7167,2,2
9.214400205761194,64500.80144032836,17.977947097854106,-66.02250468762226,-33.993546,4,0,7.7263,2,2
9.214500214904549,64501.50150433183,17.977940364864114,-66.02250766969507,19.297869,0,0,61.0177,0,0
9.214500214904549,64501.50150433183,17.97794073766609,-66.02250511875515,-39.5224,4,0,2.1974,2,2
9.214500214904549,64501.50150433183,17.9779407312141,-66.02250516304181,-38.50119,4,0,3.2186,2,2
9.214900214225054,64504.30149957538,17.977915160579848,-66.02250779706549,-39.63795,4,0,2.0819,2,2
9.214900214225054,64504.30149957538,17.977915124684653,-66.02250804250882,-33.97855,4,0,7.7413,2,2
9.215000215917826,64505.00151142478,17.97790875749141,-66.02250852681456,-38.2794,4,0,3.4404,2,2
9.215100213885307,64505.70149719715,17.97790236054187,-66.02250921628665,-37.848896,4,0,3.8709,2,2
9.21520021557808,64506.40150904656,17.97789594114763,-66.02251005952103,-33.872845,4,0,7.847,2,2
9.21530021354556,64507.101494818926,17.977889583530914,-66.02251048159704,-39.607315,4,0,2.1125,2,2
9.21530021354556,64507.101494818926,17.97788957847955,-66.02251051663144,-38.799328,4,0,2.9205,2,2
9.215400222688912,64507.80155882239,17.977883189266915,-66.02251114979673,-39.668236,4,0,2.0516,2,2
9.215600226074455,64509.2015825212,17.97787039563115,-66.0225125288278,-38.80414,4,0,2.9157,2,2
9.21570022404194,64509.90156829357,17.977864008062284,-66.02251315678953,-39.790676,4,0,1.9292,2,2
9.216800194233656,64517.60135963559,17.977793679775154,-66.02252053348137,-39.81053,4,0,1.9093,2,2
9.21700020506978,64519.00143548846,17.977780891952285,-66.02252187649597,-39.772457,4,0,1.9474,2,2
9.217200204730034,64520.40143311024,17.977768091529846,-66.022523310857,-37.625565,4,0,4.0943,2,2
9.217300202697515,64521.10141888261,17.97776170716746,-66.02252391958727,-39.05252,4,0,2.6673,2,2
9.21760020405054,64523.20142835379,17.97774253284575,-66.02252589199036,-39.960587,4,0,1.7592,2,2
9.217800214886664,64524.60150420666,17.977729744812077,-66.02252724008402,-39.80115,4,0,1.9187,2,2
9.217900212854149,64525.30148997903,17.977723350368805,-66.02252791931562,-39.60072,4,0,2.1191,2,2
9.2181002125144,64526.7014876008,17.977710562323022,-66.0225292708312,-39.3598,4,0,2.36,2,2
9.218200214207172,64527.40149945021,17.97770417264271,-66.02252991718561,-39.91688,4,0,1.803,2,2
9.218800213187931,64531.60149231553,17.97766580632168,-66.02253398813899,-38.80765,4,0,2.9122,2,2
9.218900214880705,64532.30150416493,17.97765936110346,-66.02253501288014,-30.638367,4,0,11.0815,2,2
9.21910022571683,64533.701580017805,17.97764662772865,-66.02253598499291,-39.142376,4,0,2.5775,2,2
9.219200223684313,64534.40156579018,17.97764023332401,-66.02253666376285,-38.949127,4,0,2.7707,2,2
9.219400223344564,64535.80156341195,17.977627377745893,-66.02253847712412,-28.051477,4,0,13.6684,2,2
9.219500225037336,64536.50157526136,17.97762105307737,-66.02253867674025,-38.906536,4,0,2.8133,2,2
9.219600223004818,64537.201561033726,17.97761466135988,-66.0225393372979,-39.13185,4,0,2.588,2,2
9.219800192862747,64538.60135003925,17.977601804283402,-66.02254117186705,-27.738453,4,0,13.9814,2,2
9.219800192862747,64538.60135003925,17.977601874282975,-66.02254069452465,-38.744736,4,0,2.9751,2,2
9.220000192523004,64540.00134766102,17.97758903532857,-66.02254239093217,-30.54073,4,0,11.1791,2,2
9.220000192523004,64540.00134766102,17.977589030762193,-66.0225424227601,-29.806625,4,0,11.9132,2,2
9.220100194215776,64540.70135951042,17.977582623676305,-66.02254318576593,-27.668753,4,0,14.0511,2,2
9.220100194215776,64540.70135951042,17.977582694140906,-66.02254270368586,-38.784817,4,0,2.935,2,2
9.220200203359129,64541.40142351389,17.977576300451716,-66.02254337157517,-38.841053,4,0,2.8788,2,2
9.220200203359129,64541.40142351389,17.977576303159278,-66.02254335202396,-39.29222,4,0,2.4276,2,2
9.220200203359129,64541.40142351389,17.977576300469693,-66.02254337145642,-38.84379,4,0,2.876,2,2
9.2203002050519,64542.10143536329,17.977569838379804,-66.02254450900492,-28.069328,4,0,13.6505,2,2
9.2203002050519,64542.10143536329,17.977569836559198,-66.02254452102929,-27.792208,4,0,13.9276,2,2
9.2203002050519,64542.10143536329,17.9775698549789,-66.02254439603696,-30.674007,4,0,11.0458,2,2
9.2203002050519,64542.10143536329,17.977569839607753,-66.02254450089478,-28.256237,4,0,13.4636,2,2
9.220500204712152,64543.50143298507,17.977557063402294,-66.02254576616073,-29.99046,4,0,11.7294,2,2
9.220700204372406,64544.90143060684,17.977544280999126,-66.02254707469983,-30.724903,4,0,10.9949,2,2
9.220700204372406,64544.90143060684,17.977544332375636,-66.02254672369995,-38.818295,4,0,2.9015,2,2
9.22090020403266,64546.30142822862,17.977531493865406,-66.02254841339291,-30.763067,4,0,10.9568,2,2
9.221000205725431,64547.00144007802,17.977525099270302,-66.02254908831951,-30.653324,4,0,11.0665,2,2
9.221000205725431,64547.00144007802,17.97752509931256,-66.0225490880404,-30.659756,4,0,11.0601,2,2
9.221100203692911,64547.70142585039,17.97751870679397,-66.02254975049445,-30.83654,4,0,10.8833,2,2
9.221100203692911,64547.70142585039,17.977518698915937,-66.02254980419372,-29.598375,4,0,12.1215,2,2
9.221200205385683,64548.4014376998,17.977512312430584,-66.02255042326681,-30.775751,4,0,10.9441,2,2
9.221300203353168,64549.101423472166,17.977505917939222,-66.02255109810353,-30.666458,4,0,11.0534,2,2
9.221300203353168,64549.101423472166,17.977505918290504,-66.02255109578347,-30.719927,4,0,10.9999,2,2
9.22140021249652,64549.80148747563,17.977499523565946,-66.02255176717581,-30.691383,4,0,11.0285,2,2
9.22140021249652,64549.80148747563,17.977499575391825,-66.02255141154411,-38.892128,4,0,2.8277,2,2
9.221500214189293,64550.50149932504,17.977493129745508,-66.02255243534208,-30.73568,4,0,10.9842,2,2
9.221800215542316,64552.601508796215,17.977473946457533,-66.02255445123501,-30.603203,4,0,11.1166,2,2
9.221800215542316,64552.601508796215,17.977474001316118,-66.02255407557652,-39.265503,4,0,2.4543,2,2
9.222200214862823,64555.40150403976,17.977448424878112,-66.02255675043386,-39.382835,4,0,2.337,2,2
9.222400225698948,64556.80157989264,17.977435635165033,-66.02255809049532,-39.380226,4,0,2.3396,2,2
9.222400225698948,64556.80157989264,17.9774356359815,-66.02255808510307,-39.504498,4,0,2.2153,2,2
9.22250022366643,64557.50156566501,17.9774292404765,-66.02255876182797,-39.34717,4,0,2.3727,2,2
9.222800225019457,64559.601575136185,17.97741005641903,-66.02256076937171,-39.395622,4,0,2.3242,2,2
9.22320019453764,64562.40136176348,17.977384475588575,-66.02256346679847,-38.972137,4,0,2.7477,2,2
9.22320019453764,64562.40136176348,17.977384476737093,-66.02256345921336,-39.14695,4,0,2.5729,2,2
9.223400194197891,64563.80135938525,17.97737168716946,-66.02256479291319,-39.280956,4,0,2.4389,2,2
9.223400194197891,64563.80135938525,17.977371685393095,-66.02256480464476,-39.010586,4,0,2.7092,2,2
9.223500195890663,64564.501371234655,17.977365290496003,-66.0225654706273,-39.09721,4,0,2.6226,2,2
9.223900202661753,64567.30141863227,17.977339691725962,-66.02256826039955,-36.537254,4,0,5.1826,2,2
9.224000204354525,64568.00143048167,17.977333252357653,-66.02256922711952,-29.68711,4,0,12.0327,2,2
9.224600203335283,64572.201423347,17.977294931387394,-66.02257286332109,-38.47616,4,0,3.2437,2,2
9.224900215864182,64574.30151104927,17.97727572607089,-66.02257497302293,-36.142178,4,0,5.5777,2,2
9.224900215864182,64574.30151104927,17.977275708308724,-66.02257509366412,-33.360622,4,0,8.3592,2,2
9.225000213831663,64575.00149682164,17.977269347317375,-66.02257551929624,-38.9818,4,0,2.738,2,2
9.225200213491917,64576.40149444342,17.97725655284192,-66.02257686228918,-38.88461,4,0,2.8352,2,2
9.225300215184689,64577.10150629282,17.977250111235048,-66.02257783661209,-31.85226,4,0,9.8676,2,2
9.22590022534132,64581.30157738924,17.977211716425703,-66.02258191477648,-30.412613,4,0,11.3072,2,2
9.226400222629309,64584.80155840516,17.97717972745027,-66.02258525086431,-30.63414,4,0,11.0857,2,2
9.226400222629309,64584.80155840516,17.977179781626738,-66.02258487972861,-39.19233,4,0,2.5275,2,2
9.22650022432208,64585.50157025456,17.977173386111176,-66.02258552848585,-39.660725,4,0,2.0591,2,2
9.22650022432208,64585.50157025456,17.977173345157038,-66.02258580896266,-33.193108,4,0,8.5267,2,2
9.22660019621253,64586.20137348771,17.97716698923127,-66.0225861978037,-39.65009,4,0,2.0697,2,2
9.226800195872784,64587.601371109486,17.977154137239232,-66.02258790688872,-31.09388,4,0,10.626,2,2
9.226900193840263,64588.30135688186,17.977147791775156,-66.02258821154818,-39.49382,4,0,2.226,2,2
9.226900193840263,64588.30135688186,17.977147747861405,-66.02258851157036,-32.575737,4,0,9.1441,2,2
9.227000195533035,64589.00136873126,17.97714139045636,-66.02258889433358,-39.175022,4,0,2.5448,2,2
9.227500203996897,64592.50142797828,17.977109398094676,-66.02259219922485,-40.085346,4,0,1.6345,2,2
9.227900203317404,64595.30142322183,17.977083797360404,-66.02259487630057,-40.03634,4,0,1.6835,2,2
9.228000216186048,64596.001513302326,17.9770773980123,-66.0225955322826,-40.3307,4,0,1.3891,2,2
9.228000216186048,64596.001513302326,17.977077396587752,-66.0225955416905,-40.11388,4,0,1.606,2,2
9.228500213474035,64599.50149431825,17.97704539320386,-66.02259887852968,-40.253475,4,0,1.4664,2,2
9.228700213134289,64600.90149194002,17.977032598260656,-66.02260016229731,-41.479847,4,0,0.24,2,2
9.228700213134289,64600.90149194002,17.97703258939042,-66.02260022254632,-40.090706,4,0,1.6291,2,2
9.229100216180086,64603.7015132606,17.977006981616164,-66.02260289803039,-40.046555,4,0,1.6733,2,2
9.22930022329092,64605.10156303644,17.976994178585816,-66.02260422171328,-40.34507,4,0,1.3748,2,2
9.229600224643946,64607.20157250762,17.976974970451884,-66.02260622709804,-40.32819,4,0,1.3916,2,2
9.229600224643946,64607.20157250762,17.976974970041265,-66.0226062298099,-40.26569,4,0,1.4541,2,2
9.2298002243042,64608.6015701294,17.976962165326484,-66.02260755737436,-40.46621,4,0,1.2536,2,2
9.230200193822384,64611.40135675669,17.976936558986015,-66.02261019018637,-41.368435,4,0,0.3514,2,2
9.230400204658508,64612.80143260956,17.976923746437908,-66.022611553778,-40.730526,4,0,0.9893,2,2
9.230600204318762,64614.20143023133,17.976911051717263,-66.02261284865637,-41.31936,4,0,0.4005,2,2
9.230900205671787,64616.30143970251,17.97689181562953,-66.02261486094051,-41.180725,4,0,0.5391,2,1
9.23110020533204,64617.701437324286,17.97687899119798,-66.02261619991478,-41.14277,4,0,0.5771,2,1
9.231200203299522,64618.40142309666,17.976872578391703,-66.0226168736652,-41.02356,4,0,0.6963,2,1
9.231200203299522,64618.40142309666,17.97687257703858,-66.02261688260151,-40.817604,4,0,0.9022,2,1
9.23160020634532,64621.20144441724,17.97684692860419,-66.02261953714722,-41.268578,4,0,0.4513,2,1
9.23160020634532,64621.20144441724,17.976846927744237,-66.02261954282665,-41.137684,4,0,0.5821,2,1
9.231900215148926,64623.30150604248,17.976827689274426,-66.02262153528369,-41.43146,4,0,0.2884,2,1
9.231900215148926,64623.30150604248,17.976827687315176,-66.02262154822351,-41.133236,4,0,0.5866,2,1
9.232000213116407,64624.00149181485,17.976821274171787,-66.02262221447337,-41.180218,4,0,0.5396,2,1
9.23210021480918,64624.701503664255,17.97681486150867,-66.02262287496627,-41.359516,4,0,0.3603,2,1
9.232300214469433,64626.10150128603,17.976802033388246,-66.02262421289063,-41.324306,4,0,0.3955,2,1
9.232300214469433,64626.10150128603,17.976802032919018,-66.02262421598975,-41.25288,4,0,0.467,2,1
9.232300214469433,64626.10150128603,17.97680203251004,-66.02262421869081,-41.190628,4,0,0.5292,2,1
9.232400216162205,64626.80151313543,17.976795618123447,-66.02262488751167,-41.175117,4,0,0.5447,2,1
9.232500225305555,64627.5015771389,17.97678920374131,-66.02262555219225,-41.2552,4,0,0.4646,2,1
9.232500225305555,64627.5015771389,17.976789204621003,-66.02262554638214,-41.389107,4,0,0.3307,2,1
9.23260022327304,64628.20156291127,17.976782789700586,-66.02262621828122,-41.30011,4,0,0.4197,2,1
9.23270022496581,64628.90157476068,17.976776375004487,-66.02262688615568,-41.303444,4,0,0.4164,2,1
9.232800222933292,64629.60156053305,17.97676996001808,-66.02262755651881,-41.247837,4,0,0.472,2,1
9.232900224626064,64630.30157238245,17.97676355222573,-66.02262817516937,-42.384193,4,0,-0.6644,2,0
9.232900224626064,64630.30157238245,17.976763545841408,-66.02262821900536,-41.373314,4,0,0.3465,2,1
9.232900224626064,64630.30157238245,17.97676354564279,-66.0226282203172,-41.343082,4,0,0.3768,2,1
9.233000226318836,64631.00158423185,17.976757131625373,-66.02262888078455,-41.514065,4,0,0.2058,2,1
9.233000226318836,64631.00158423185,17.976757130764362,-66.0226288864714,-41.383,4,0,0.3368,2,1
9.233100224286318,64631.70157000423,17.976750715744533,-66.0226295541529,-41.3861,4,0,0.3337,2,1
9.233100224286318,64631.70157000423,17.976750714693456,-66.02262956109517,-41.2261,4,0,0.4937,2,1
9.233100224286318,64631.70157000423,17.9767507161287,-66.02262955161552,-41.44458,4,0,0.2753,2,1
9.23320022597909,64632.40158185363,17.97674430136988,-66.02263021506715,-41.544685,4,0,0.1751,2,1
9.23320022597909,64632.40158185363,17.976744301263793,-66.02263021576788,-41.528538,4,0,0.1913,2,1
9.23320022597909,64632.40158185363,17.97674430025978,-66.02263022239927,-41.3757,4,0,0.3441,2,1
9.233300223946571,64633.101567626,17.97673788446223,-66.02263089332052,-41.30202,4,0,0.4178,2,1
9.233300223946571,64633.101567626,17.97673788444714,-66.02263089342023,-41.299725,4,0,0.4201,2,1
9.23340019583702,64633.801370859146,17.976731471192632,-66.02263155748376,-41.379005,4,0,0.3408,2,1
9.23340019583702,64633.801370859146,17.976731471254677,-66.02263155707392,-41.38845,4,0,0.3314,2,1
9.23340019583702,64633.801370859146,17.976731471518395,-66.0226315553321,-41.428596,4,0,0.2912,2,1
9.233500193804502,64634.50135663152,17.976725056773738,-66.02263221743256,-41.55605,4,0,0.1638,2,1
9.233600195497274,64635.20136848092,17.976718639055402,-66.02263289669884,-41.28736,4,0,0.4325,2,1
9.233700193464756,64635.90135425329,17.976712227135938,-66.02263353830304,-41.885,4,0,-0.1652,2,3
9.233800195157528,64636.601366102695,17.976705806492443,-66.02263423507041,-41.21074,4,0,0.5091,2,1
9.23390019312501,64637.30135187507,17.976699392053526,-66.02263489151149,-41.464184,4,0,0.2556,2,1
9.23390019312501,64637.30135187507,17.976699391290914,-66.02263489654871,-41.34809,4,0,0.3717,2,1
9.23390019312501,64637.30135187507,17.97669939062158,-66.02263490096976,-41.2462,4,0,0.4736,2,1
9.23400019481778,64638.00136372447,17.976692974414316,-66.02263556664701,-41.286217,4,0,0.4336,2,1
9.23400019481778,64638.00136372447,17.976692974996958,-66.02263556279847,-41.374912,4,0,0.3449,2,1
9.234100203961134,64638.70142772794,17.976686558140727,-66.02263622832456,-41.418575,4,0,0.3013,2,1
9.234100203961134,64638.70142772794,17.976686569161977,-66.02263615385735,-43.13542,4,0,-1.4156,2,0
9.234100203961134,64638.70142772794,17.9766865576856,-66.02263623133084,-41.34929,4,0,0.3705,2,1
9.234200205653906,64639.40143957734,17.976680140344932,-66.02263690273777,-41.25495,4,0,0.4649,2,1
9.234200205653906,64639.40143957734,17.9766801412594,-66.02263689669743,-41.39416,4,0,0.3257,2,1
9.234200205653906,64639.40143957734,17.976680142248227,-66.02263689016588,-41.544697,4,0,0.1751,2,1
9.234300203621387,64640.10142534971,17.976673723142948,-66.02263757391664,-41.164127,4,0,0.5557,2,1
9.23440020531416,64640.80143719912,17.97666731210664,-66.02263820195638,-42.066936,4,0,-0.3471,2,3
9.23440020531416,64640.80143719912,17.976667308386094,-66.02263822653207,-41.500538,4,0,0.2193,2,1
9.23450020328164,64641.50142297149,17.976660890947844,-66.02263889756335,-41.41075,4,0,0.3091,2,1
9.23450020328164,64641.50142297149,17.976660890307656,-66.02263890179213,-41.313293,4,0,0.4065,2,1
9.23450020328164,64641.50142297149,17.9766608901321,-66.02263890295177,-41.286564,4,0,0.4333,2,1
9.234600204974411,64642.20143482089,17.976654472646874,-66.02263957189757,-41.24422,4,0,0.4756,2,1
9.234700202941896,64642.90142059326,17.97664805476253,-66.02264024586941,-41.083675,4,0,0.6362,2,1
9.234700202941896,64642.90142059326,17.976648055365963,-66.02264024021454,-41.214592,4,0,0.5052,2,1
9.234900206327438,64644.30144429207,17.97663522125896,-66.02264156826777,-41.350574,4,0,0.3693,2,1
9.23500021547079,64645.001508295536,17.976628803372662,-66.02264223346953,-41.390778,4,0,0.3291,2,1
9.23500021547079,64645.001508295536,17.976628802766808,-66.02264223747153,-41.298542,4,0,0.4213,2,1
9.235100213438272,64645.70149406791,17.976622384757665,-66.02264290734752,-41.22805,4,0,0.4918,2,1
9.235200215131044,64646.40150591731,17.97661596819547,-66.02264356531917,-41.431236,4,0,0.2886,2,1
9.235300213098526,64647.10149168968,17.97660954980732,-66.02264423612344,-41.336826,4,0,0.383,2,1
9.23550021648407,64648.50151538849,17.97659671225287,-66.02264557744658,-41.151894,4,0,0.5679,2,1
9.235600214451551,64649.20150116086,17.976590294510046,-66.02264624168828,-41.204872,4,0,0.515,2,1
9.235600214451551,64649.20150116086,17.976590296185414,-66.02264623062098,-41.459946,4,0,0.2599,2,1
9.235700216144323,64649.90151301026,17.976583877222062,-66.02264690062117,-41.379475,4,0,0.3404,2,1
9.235700216144323,64649.90151301026,17.976583877418836,-66.02264689932129,-41.40943,4,0,0.3104,2,1
9.235800214111803,64650.60149878264,17.976577459588267,-66.02264756265185,-41.480793,4,0,0.239,2,1
9.235800214111803,64650.60149878264,17.976577460641536,-66.02264755569396,-41.64115,4,0,0.0787,2,1
9.235800214111803,64650.60149878264,17.976577458092972,-66.02264757252976,-41.25313,4,0,0.4667,2,1
9.235900215804577,64651.30151063204,17.97657104127314,-66.02264822689637,-41.530334,4,0,0.1895,2,1
9.235900215804577,64651.30151063204,17.976571046462627,-66.02264819094545,-42.35949,4,0,-0.6397,2,3
9.235900215804577,64651.30151063204,17.97657104109983,-66.02264822804126,-41.50395,4,0,0.2159,2,1
9.235900215804577,64651.30151063204,17.97657104049037,-66.02264823206735,-41.411156,4,0,0.3087,2,1
9.236000213772058,64652.00149640441,17.976564621921696,-66.02264889881782,-41.401035,4,0,0.3188,2,1
9.236000213772058,64652.00149640441,17.976564622219115,-66.02264889685307,-41.44632,4,0,0.2735,2,1
9.236000213772058,64652.00149640441,17.976564622634836,-66.02264889410677,-41.509613,4,0,0.2102,2,1
9.236100222915413,64652.70156040788,17.97655820598765,-66.02264954278371,-41.91641,4,0,-0.1966,2,3
9.236100222915413,64652.70156040788,17.976558203381384,-66.02264956000104,-41.519596,4,0,0.2002,2,1
9.236100222915413,64652.70156040788,17.976558202804743,-66.02264956381039,-41.4318,4,0,0.288,2,1
9.236200224608185,64653.40157225728,17.97655178401521,-66.02265022904332,-41.45453,4,0,0.2653,2,1
9.236200224608185,64653.40157225728,17.976551783945265,-66.02265022950537,-41.443882,4,0,0.276,2,1
9.236200224608185,64653.40157225728,17.97655178403012,-66.02265022894483,-41.456802,4,0,0.263,2,1
9.236300226300957,64654.10158410669,17.976545364900797,-66.02265089572407,-41.442528,4,0,0.2773,2,1
9.236300226300957,64654.10158410669,17.976545364791598,-66.02265089644547,-41.425903,4,0,0.2939,2,1
9.236300226300957,64654.10158410669,17.97654536517298,-66.02265089392596,-41.48397,4,0,0.2359,2,1
9.236300226300957,64654.10158410669,17.976545364864094,-66.02265089596654,-41.43694,4,0,0.2829,2,1
9.236400224268436,64654.801569879055,17.976538946641185,-66.02265155762376,-41.538773,4,0,0.1811,2,1
9.236500225961208,64655.50158172846,17.97653252604577,-66.02265223271895,-41.330086,4,0,0.3897,2,1
9.236500225961208,64655.50158172846,17.97653252626698,-66.02265223125754,-41.363766,4,0,0.3561,2,1
9.236500225961208,64655.50158172846,17.976532765417222,-66.02265059627706,-79.064735,0,0,-37.3449,0,0
9.236500225961208,64655.50158172846,17.976532787326448,-66.0226504448616,-82.55675,0,0,-40.8369,0,0
9.23660022392869,64656.20156750083,17.976526106918193,-66.02265289900005,-41.322575,4,0,0.3973,2,1
9.23660022392869,64656.20156750083,17.976526107709493,-66.02265289377242,-41.443058,4,0,0.2768,2,1
9.23660022392869,64656.20156750083,17.976526107370724,-66.02265289601053,-41.391476,4,0,0.3284,2,1
9.236700225621462,64656.90157935023,17.976519688239257,-66.02265356009946,-41.433662,4,0,0.2862,2,1
9.236700225621462,64656.90157935023,17.97651968993139,-66.02265354892054,-41.691307,4,0,0.0285,2,1
9.236700225621462,64656.90157935023,17.976519687517033,-66.02265356487074,-41.323696,4,0,0.3961,2,1
9.236800223588943,64657.601565122604,17.976513271418224,-66.0226542098251,-41.8049,4,0,-0.0851,2,3
9.236800223588943,64657.601565122604,17.9765132686511,-66.02265422810598,-41.383575,4,0,0.3363,2,1
9.236900195479391,64658.30136835575,17.976506858752654,-66.02265484025519,-42.61617,4,0,-0.8963,2,3
9.236900195479391,64658.30136835575,17.976506850604228,-66.02265489575677,-41.336426,4,0,0.3834,2,1
9.236900195479391,64658.30136835575,17.97650685561843,-66.02265486263046,-42.099895,4,0,-0.3801,2,3
9.237000193446876,64659.00135412812,17.976500431574518,-66.02265555879178,-41.398075,4,0,0.3218,2,1
9.237100195139648,64659.701365977526,17.976494011230542,-66.02265622832618,-41.309063,4,0,0.4108,2,1
9.237200193107128,64660.4013517499,17.97648760077365,-66.02265683180686,-42.740986,4,0,-1.0212,2,3
9.237200193107128,64660.4013517499,17.976487591042474,-66.02265689776648,-41.220207,4,0,0.4996,2,1
9.2373001947999,64661.1013635993,17.97648117093723,-66.02265756449387,-41.192993,4,0,0.5268,2,1
9.2373001947999,64661.1013635993,17.976481170150958,-66.02265757135771,-41.034214,4,0,0.6856,2,1
9.237400203943253,64661.80142760277,17.976474752374028,-66.02265821732108,-41.485817,4,0,0.234,2,1
9.237400203943253,64661.80142760277,17.976474750186295,-66.02265823177488,-41.1527,4,0,0.5671,2,1
9.237400203943253,64661.80142760277,17.97647475914548,-66.02265817091474,-42.555946,4,0,-0.8361,2,3
9.237500205636024,64662.50143945217,17.97646833013979,-66.02265889691942,-41.159027,4,0,0.5608,2,1
9.237500205636024,64662.50143945217,17.976468330305618,-66.0226588958239,-41.184277,4,0,0.5356,2,1
9.237500205636024,64662.50143945217,17.976468330377386,-66.02265889534975,-41.195206,4,0,0.5246,2,1
9.237600203603506,64663.20142522454,17.976461910088794,-66.02265956473417,-41.101177,4,0,0.6187,2,1
9.237700205296278,64663.901437073946,17.976455490654725,-66.02266022300391,-41.26357,4,0,0.4563,2,1
9.237700205296278,64663.901437073946,17.976455490819003,-66.02266022191851,-41.288586,4,0,0.4312,2,1
9.237700205296278,64663.901437073946,17.976455506957354,-66.02266011195582,-43.8241,4,0,-2.1043,0,0
9.23780020326376,64664.60142284632,17.976449070764684,-66.02266088694394,-41.29262,4,0,0.4272,2,1
9.23780020326376,64664.60142284632,17.97644910495434,-66.02266065437829,-46.654976,4,0,-4.9351,0,0
9.237900204956532,64665.30143469572,17.976442650637136,-66.02266155034019,-41.33327,4,0,0.3866,2,1
9.237900204956532,64665.30143469572,17.976442701390308,-66.02266120333032,-49.335007,3,0,-7.6152,2,0
9.237900204956532,64665.30143469572,17.97644265140672,-66.02266154525556,-41.45046,4,0,0.2694,2,1
9.238000202924011,64666.00142046809,17.976436229989133,-66.0226622181818,-41.26938,4,0,0.4505,2,1
9.238000202924011,64666.00142046809,17.97643623080761,-66.0226622127741,-41.394012,4,0,0.3258,2,1
9.238000202924011,64666.00142046809,17.97643623065402,-66.02266221378885,-41.370625,4,0,0.3492,2,1
9.238000202924011,64666.00142046809,17.97643623080402,-66.02266221279781,-41.393467,4,0,0.3264,2,1
9.238100204616783,64666.701432317495,17.97642981052193,-66.02266287612616,-41.432644,4,0,0.2872,2,1
9.238100204616783,64666.701432317495,17.976429811193906,-66.02266287168632,-41.53497,4,0,0.1849,2,1
9.238100204616783,64666.701432317495,17.976429810827682,-66.02266287410599,-41.479202,4,0,0.2406,2,1
9.238200206309555,64667.4014441669,17.976423390752036,-66.02266353553894,-41.560528,4,0,0.1593,2,1
9.238200206309555,64667.4014441669,17.976423395867332,-66.02266350007217,-42.37853,4,0,-0.6587,2,3
9.238200206309555,64667.4014441669,17.97642338906305,-66.0226635466983,-41.303337,4,0,0.4165,2,1
9.238200206309555,64667.4014441669,17.97642338956824,-66.0226635433605,-41.380264,4,0,0.3396,2,1
9.238200206309555,64667.4014441669,17.97642338889919,-66.02266354778098,-41.278385,4,0,0.4414,2,1
9.23830020427704,64668.10142993927,17.976416968456547,-66.02266421267174,-41.27791,4,0,0.4419,2,1
9.23830020427704,64668.10142993927,17.976416968573467,-66.02266421189923,-41.29571,4,0,0.4241,2,1
9.238400213420393,64668.80149394274,17.97641054826228,-66.02266487074134,-41.434807,4,0,0.285,2,1
9.238400213420393,64668.80149394274,17.976410546330833,-66.02266488517222,-41.101627,4,0,0.6182,2,1
9.238400213420393,64668.80149394274,17.976410547825292,-66.02266487362866,-41.36826,4,0,0.3516,2,1
9.238400213420393,64668.80149394274,17.976410547105516,-66.02266487838436,-41.258656,4,0,0.4612,2,1
9.238500215113165,64669.50150579214,17.97640412623167,-66.02266554355023,-41.249306,4,0,0.4705,2,1
9.238500215113165,64669.50150579214,17.97640413166062,-66.02266550767962,-42.076023,4,0,-0.3562,2,3
9.238500215113165,64669.50150579214,17.97640412591277,-66.02266554565732,-41.20074,4,0,0.5191,2,1
9.238500215113165,64669.50150579214,17.976404127140846,-66.02266553754305,-41.387753,4,0,0.3321,2,1
9.238600213080645,64670.20149156451,17.976397705306468,-66.02266621011498,-41.205578,4,0,0.5143,2,1
9.238600213080645,64670.20149156451,17.976397706319307,-66.02266620342282,-41.359814,4,0,0.36,2,1
9.238700214773417,64670.90150341392,17.976391285076225,-66.02266687004514,-41.31376,4,0,0.4061,2,1
9.238700214773417,64670.90150341392,17.976391285940622,-66.02266686433377,-41.445393,4,0,0.2744,2,1
9.238800216466188,64671.60151526332,17.976384863339433,-66.02266753945109,-41.20197,4,0,0.5179,2,1
9.238800216466188,64671.60151526332,17.976384864639765,-66.02266753085925,-41.39999,4,0,0.3198,2,1
9.23890021443367,64672.30150103569,17.976378444482112,-66.02266819091714,-41.501488,4,0,0.2183,2,1
9.23890021443367,64672.30150103569,17.97637844323996,-66.02266819912461,-41.31233,4,0,0.4075,2,1
9.23890021443367,64672.30150103569,17.97637844346113,-66.02266819766321,-41.346012,4,0,0.3738,2,1
9.23890021443367,64672.30150103569,17.976378443183467,-66.02266819949789,-41.303726,4,0,0.4161,2,1
9.239000216126442,64673.00151288509,17.97637203227369,-66.02266879476416,-42.89806,4,0,-1.1782,2,3
9.239000216126442,64673.00151288509,17.97637202122083,-66.02266886946565,-41.175804,4,0,0.544,2,1
9.239000216126442,64673.00151288509,17.976372022022687,-66.02266886416734,-41.297916,4,0,0.4219,2,1
9.239100214093924,64673.701498657465,17.976365601329213,-66.02266952685258,-41.335663,4,0,0.3842,2,1
9.239200215786695,64674.40151050687,17.976359180275303,-66.02267018992023,-41.363556,4,0,0.3563,2,1
9.239200215786695,64674.40151050687,17.976359193060976,-66.02267010209857,-43.388783,4,0,-1.6689,2,3
9.239200215786695,64674.40151050687,17.97635917970454,-66.0226701936916,-41.276634,4,0,0.4432,2,1
9.239200215786695,64674.40151050687,17.97635917957743,-66.0226701945315,-41.25728,4,0,0.4626,2,1
9.239300213754175,64675.10149627924,17.9763527582913,-66.02267086025476,-41.221775,4,0,0.4981,2,1
9.239300213754175,64675.10149627924,17.97635275877697,-66.02267085704558,-41.29574,4,0,0.4241,2,1
9.239400215446947,64675.80150812864,17.97634633712677,-66.0226715231926,-41.249416,4,0,0.4704,2,1
9.239400215446947,64675.80150812864,17.976346338832727,-66.0226715119201,-41.509216,4,0,0.2106,2,1
9.239500224590302,64676.50157213211,17.976339917346955,-66.02267217345151,-41.568775,4,0,0.1511,2,1
9.239600226283072,64677.20158398152,17.976333494517757,-66.02267284656335,-41.358658,4,0,0.3612,2,1
9.239600226283072,64677.20158398152,17.97633349427145,-66.02267284819091,-41.321148,4,0,0.3987,2,1
9.239600226283072,64677.20158398152,17.97633349288653,-66.0226728590117,-41.07117,4,0,0.6487,2,1
9.239700224250557,64677.901569753885,17.976327073107164,-66.02267351103046,-41.345722,4,0,0.3741,2,1
9.239700224250557,64677.901569753885,17.97632707266646,-66.0226735139426,-41.278606,4,0,0.4412,2,1
9.239800225943329,64678.60158160329,17.97632065099959,-66.02267417858279,-41.260433,4,0,0.4594,2,1
9.239800225943329,64678.60158160329,17.976320651254976,-66.02267417689522,-41.299328,4,0,0.4205,2,1
9.239900223910809,64679.30156737566,17.97631423064384,-66.02267483573252,-41.412663,4,0,0.3072,2,1
9.24000022560358,64680.00157922506,17.976307808483757,-66.02267550287537,-41.333473,4,0,0.3864,2,1
9.240100223571062,64680.70156499744,17.97630138700213,-66.0226761667253,-41.327934,4,0,0.3919,2,1
9.240100223571062,64680.70156499744,17.976301386690814,-66.02267616878252,-41.28052,4,0,0.4393,2,1
9.240100223571062,64680.70156499744,17.976301387124636,-66.02267616591585,-41.346592,4,0,0.3732,2,1
9.240200195461512,64681.40136823058,17.97629496580288,-66.02267683924552,-41.116898,4,0,0.6029,2,1
9.240200195461512,64681.40136823058,17.976294967145485,-66.02267683037337,-41.321377,4,0,0.3985,2,1
9.240300193428991,64682.10135400295,17.97628854485437,-66.02267749886768,-41.205425,4,0,0.5144,2,1
9.240300193428991,64682.10135400295,17.976288545599136,-66.0226774939461,-41.318855,4,0,0.401,2,1
9.240300193428991,64682.10135400295,17.976288544977972,-66.0226774980509,-41.22425,4,0,0.4956,2,1
9.240400195121763,64682.80136585236,17.976282124117205,-66.02267815519747,-41.368706,4,0,0.3511,2,1
9.240400195121763,64682.80136585236,17.976282124367035,-66.02267815354655,-41.406754,4,0,0.3131,2,1
9.240400195121763,64682.80136585236,17.976282124470288,-66.0226781528642,-41.422478,4,0,0.2974,2,1
9.240400195121763,64682.80136585236,17.976282123955166,-66.02267815626826,-41.344025,4,0,0.3758,2,1
9.240500193089249,64683.50135162473,17.976275702039203,-66.02267882161262,-41.29727,4,0,0.4226,2,1
9.240500193089249,64683.50135162473,17.976275702256583,-66.02267882017611,-41.330376,4,0,0.3895,2,1
9.24060019478202,64684.20136347413,17.97626929050633,-66.02267941479337,-42.91314,4,0,-1.1933,0,3
9.24070019647479,64684.901375323534,17.976262858789497,-66.02268014438178,-41.382286,4,0,0.3375,2,1
9.24070019647479,64684.901375323534,17.9762628586755,-66.0226801451352,-41.36492,4,0,0.3549,2,1
9.240800205618145,64685.601439327,17.97625643523828,-66.02268081492089,-41.212364,4,0,0.5075,2,1
9.240900203585625,64686.30142509937,17.976250013350892,-66.02268147883618,-41.191666,4,0,0.5282,2,1
9.241000205278397,64687.001436948776,17.976243591976242,-66.02268213751758,-41.29043,4,0,0.4294,2,1
9.241000205278397,64687.001436948776,17.97624359322887,-66.0226821292395,-41.481216,4,0,0.2386,2,1
9.241000205278397,64687.001436948776,17.976243591514574,-66.0226821405685,-41.22011,4,0,0.4997,2,1
9.241100203245878,64687.70142272115,17.97623717056032,-66.0226827977473,-41.351196,4,0,0.3686,2,1
9.241100203245878,64687.70142272115,17.976237170505488,-66.02268279810964,-41.342842,4,0,0.377,2,1
9.24120020493865,64688.40143457055,17.976230749279665,-66.02268345525395,-41.473545,4,0,0.2463,2,1
9.24120020493865,64688.40143457055,17.976230749159853,-66.02268345604574,-41.455296,4,0,0.2645,2,1
9.241300206631422,64689.101446419954,17.976224327190625,-66.02268411783898,-41.477097,4,0,0.2427,2,1
9.241300206631422,64689.101446419954,17.9762243261999,-66.02268412438644,-41.326195,4,0,0.3936,2,1
9.241300206631422,64689.101446419954,17.97622432595346,-66.02268412601508,-41.28866,4,0,0.4312,2,1
9.241400204598904,64689.801432192326,17.976217903056053,-66.02268479524301,-41.13678,4,0,0.5831,2,1
9.241400204598904,64689.801432192326,17.97621790520978,-66.02268478100949,-41.464825,4,0,0.255,2,1
9.241500206291676,64690.50144404173,17.976211482705857,-66.02268544583269,-41.41327,4,0,0.3066,2,1
9.241500206291676,64690.50144404173,17.976211483134847,-66.0226854429976,-41.47861,4,0,0.2412,2,1
9.241600204259155,64691.2014298141,17.97620506052618,-66.02268610982998,-41.378407,4,0,0.3414,2,1
9.241600204259155,64691.2014298141,17.976205059621407,-66.02268611580955,-41.240593,4,0,0.4792,2,1
9.241600204259155,64691.2014298141,17.976205059996992,-66.0226861133273,-41.297802,4,0,0.422,2,1
9.241700205951927,64691.901441663504,17.976198638186563,-66.02268677309652,-41.35918,4,0,0.3607,2,1
9.241700205951927,64691.901441663504,17.976198638448974,-66.02268677136226,-41.39915,4,0,0.3207,2,1
9.241700205951927,64691.901441663504,17.97619863765425,-66.02268677661459,-41.2781,4,0,0.4417,2,1
9.24180020391941,64692.60142743588,17.976192215981193,-66.02268743680908,-41.327324,4,0,0.3925,2,1
9.24180020391941,64692.60142743588,17.976192215960783,-66.02268743694397,-41.324215,4,0,0.3956,2,1
9.241900213062763,64693.30149143934,17.97618579343854,-66.02268809786614,-41.356586,4,0,0.3632,2,1
9.241900213062763,64693.30149143934,17.97618579298661,-66.02268810085297,-41.287746,4,0,0.4321,2,1
9.242000214755535,64694.001503288746,17.976179371491085,-66.02268875789524,-41.40661,4,0,0.3132,2,1
9.242100216448309,64694.70151513815,17.9761729499733,-66.02268941488558,-41.52487,4,0,0.195,2,1
9.242200214415789,64695.40150091052,17.976166526572612,-66.0226900856856,-41.322487,4,0,0.3973,2,1
9.242200214415789,64695.40150091052,17.976166526910124,-66.0226900834549,-41.373898,4,0,0.3459,2,1
9.24230021610856,64696.10151275992,17.97616011947719,-66.0226906436405,-43.72081,4,0,-2.001,2,3
9.24230021610856,64696.10151275992,17.976160103731253,-66.02269075104927,-41.244156,4,0,0.4757,2,1
9.24230021610856,64696.10151275992,17.97616010583372,-66.02269073715352,-41.564415,4,0,0.1554,2,1
9.242400214076042,64696.801498532295,17.976153682291635,-66.02269140852961,-41.34513,4,0,0.3747,2,1
9.242400214076042,64696.801498532295,17.976153682116973,-66.02269140968399,-41.318527,4,0,0.4013,2,1
9.242400214076042,64696.801498532295,17.976153682248903,-66.02269140881204,-41.338623,4,0,0.3812,2,1
9.242500215768814,64697.5015103817,17.976147258862245,-66.02269207699585,-41.19184,4,0,0.528,2,1
9.242500215768814,64697.5015103817,17.97614726138063,-66.02269206035092,-41.575462,4,0,0.1444,2,1
9.242500215768814,64697.5015103817,17.976147259441483,-66.02269207316745,-41.280075,4,0,0.4398,2,1
9.242600213736296,64698.20149615407,17.97614083716619,-66.02269273584393,-41.257652,4,0,0.4622,2,1
9.242600213736296,64698.20149615407,17.976140837603232,-66.02269273295535,-41.324226,4,0,0.3956,2,1
9.242700215429068,64698.90150800347,17.976134414121923,-66.0226934018943,-41.156216,4,0,0.5636,2,1
9.242700215429068,64698.90150800347,17.976134416892215,-66.02269338358406,-41.578217,4,0,0.1416,2,1
9.242900226265192,64700.30158385634,17.976121571304446,-66.02269470883628,-41.528812,4,0,0.191,2,1
9.242900226265192,64700.30158385634,17.976121568755563,-66.02269472568337,-41.140533,4,0,0.5793,2,1
9.243000224232674,64701.00156962872,17.976115147988782,-66.02269537782732,-41.353523,4,0,0.3663,2,1
9.243000224232674,64701.00156962872,17.97611514744933,-66.02269538139292,-41.271343,4,0,0.4485,2,1
9.243100225925446,64701.70158147812,17.97610872454724,-66.02269604597248,-41.19645,4,0,0.5234,2,1
9.243100225925446,64701.70158147812,17.97610872484323,-66.02269604401609,-41.24154,4,0,0.4783,2,1
9.243100225925446,64701.70158147812,17.97610872809548,-66.0226960225197,-41.736973,4,0,-0.0171,2,1
9.243200223892927,64702.40156725049,17.97610230206621,-66.022696709212,-41.15002,4,0,0.5698,2,1
9.243200223892927,64702.40156725049,17.97610232396158,-66.02269655947883,-44.602722,4,0,-2.8829,0,3
9.243200223892927,64702.40156725049,17.97610230430581,-66.0226966944088,-41.491196,4,0,0.2286,2,1
9.243200223892927,64702.40156725049,17.976102303377676,-66.02269670054355,-41.349808,4,0,0.37,2,1
9.2433002255857,64703.10157909989,17.97609588014956,-66.02269736705799,-41.226616,4,0,0.4932,2,1
9.2433002255857,64703.10157909989,17.976095880706573,-66.02269736337621,-41.31147,4,0,0.4084,2,1
9.24340022355318,64703.801564872265,17.976089457526427,-66.02269803103145,-41.15956,4,0,0.5603,2,1
9.24340022355318,64703.801564872265,17.976089458329373,-66.02269802572408,-41.281883,4,0,0.438,2,1
9.24340022355318,64703.801564872265,17.97608945914264,-66.02269802034853,-41.405773,4,0,0.3141,2,1
9.243500225245953,64704.50157672167,17.97608303495767,-66.02269869299717,-41.13749,4,0,0.5823,2,1
9.243500225245953,64704.50157672167,17.976083036296675,-66.02269868414646,-41.341473,4,0,0.3784,2,1
9.243500225245953,64704.50157672167,17.976083035997007,-66.02269868612724,-41.295822,4,0,0.424,2,1
9.243500225245953,64704.50157672167,17.976083036287225,-66.02269868420895,-41.340034,4,0,0.3798,2,1
9.243600223213434,64705.20156249404,17.97607661488391,-66.02269933994378,-41.45913,4,0,0.2607,2,1
9.243600223213434,64705.20156249404,17.976076613462656,-66.02269934933827,-41.242615,4,0,0.4772,2,1
9.243600223213434,64705.20156249404,17.97607661513673,-66.02269933827266,-41.497646,4,0,0.2222,2,1
9.243700195103884,64705.90136572719,17.976070193879746,-66.02270000386117,-41.383804,4,0,0.336,2,1
9.243700195103884,64705.90136572719,17.976070193229347,-66.0227000081603,-41.28472,4,0,0.4351,2,1
9.243700195103884,64705.90136572719,17.976070193466743,-66.0227000065911,-41.32089,4,0,0.3989,2,1
9.243700195103884,64705.90136572719,17.97607019317288,-66.02270000853358,-41.27612,4,0,0.4437,2,1
9.243800193071364,64706.60135149956,17.9760637703683,-66.02270067338429,-41.18138,4,0,0.5385,2,1
9.243800193071364,64706.60135149956,17.976063771748617,-66.02270066426027,-41.391666,4,0,0.3282,2,1
9.243900194764135,64707.30136334896,17.97605734772144,-66.02270133557336,-41.14668,4,0,0.5732,2,1
9.243900194764135,64707.30136334896,17.976057349040072,-66.02270132685697,-41.34757,4,0,0.3723,2,1
9.243900194764135,64707.30136334896,17.97605734946229,-66.02270132406606,-41.411892,4,0,0.3079,2,1
9.24400019645691,64708.00137519837,17.976050926056317,-66.0227019912175,-41.260944,4,0,0.4589,2,1
9.24400019645691,64708.00137519837,17.97605093226639,-66.02270194849761,-42.246105,4,0,-0.5263,2,0
9.24400019645691,64708.00137519837,17.97605092628286,-66.02270198971995,-41.295456,4,0,0.4244,2,1
9.24400019645691,64708.00137519837,17.976050927334093,-66.02270198277114,-41.45561,4,0,0.2642,2,1
9.24410019442439,64708.701360970736,17.976044503811167,-66.02270265220433,-41.249622,4,0,0.4702,2,1
9.244200196117164,64709.40137282014,17.976038081746776,-66.02270331039826,-41.30135,4,0,0.4185,2,1
9.244200196117164,64709.40137282014,17.97603809913518,-66.02270319211523,-44.02862,4,0,-2.3088,0,3
9.244200196117164,64709.40137282014,17.976038081236513,-66.02270331377125,-41.223614,4,0,0.4962,2,1
9.244400203227997,64710.80142259598,17.976025256728274,-66.02270449546589,-44.42745,4,0,-2.7076,2,3
9.244400203227997,64710.80142259598,17.97602523692254,-66.02270462973043,-41.331852,4,0,0.388,2,1
9.244400203227997,64710.80142259598,17.976025235838183,-66.02270463689848,-41.166645,4,0,0.5532,2,1
9.244500204920769,64711.50143444538,17.97601881625178,-66.0227052786296,-41.592125,4,0,0.1277,2,1
9.244500204920769,64711.50143444538,17.97601881474149,-66.0227052886133,-41.362026,4,0,0.3578,2,1
9.24460020661354,64712.20144629479,17.97601239429059,-66.02270593604553,-41.654213,4,0,0.0656,2,1
9.24460020661354,64712.20144629479,17.97601239190776,-66.02270595179728,-41.29118,4,0,0.4287,2,1
9.24460020661354,64712.20144629479,17.976012392123103,-66.02270595037376,-41.32399,4,0,0.3958,2,1
9.244700204581022,64712.90143206716,17.976005970270215,-66.02270660862366,-41.36439,4,0,0.3554,2,1
9.244700204581022,64712.90143206716,17.976005969305486,-66.0227066150011,-41.217407,4,0,0.5024,2,1
9.244700204581022,64712.90143206716,17.976005972549384,-66.022706593557,-41.711636,4,0,0.0082,2,1
9.244800206273794,64713.60144391656,17.97599956753941,-66.02270713389677,-44.469963,4,0,-2.7501,2,3
9.244800206273794,64713.60144391656,17.97599954833625,-66.02270726585245,-41.42699,4,0,0.2928,2,1
9.244800206273794,64713.60144391656,17.97599954907911,-66.02270726094167,-41.540173,4,0,0.1797,2,1
9.244800206273794,64713.60144391656,17.97599954776659,-66.02270726961827,-41.340202,4,0,0.3796,2,1
9.244900204241276,64714.30142968893,17.97599312626854,-66.02270792552879,-41.430714,4,0,0.2891,2,1
9.245000205934048,64715.001441538334,17.975986703316103,-66.02270858950969,-41.333885,4,0,0.3859,2,1
9.245000205934048,64715.001441538334,17.975986703564654,-66.02270858786663,-41.371754,4,0,0.3481,2,1
9.245000205934048,64715.001441538334,17.975986702648434,-66.02270859392348,-41.232162,4,0,0.4877,2,1
9.24510020390153,64715.70142731071,17.975980281282062,-66.0227092489962,-41.33817,4,0,0.3817,2,1
9.24510020390153,64715.70142731071,17.975980280892028,-66.02270925157468,-41.27874,4,0,0.4411,2,1
9.245200213044882,64716.40149131417,17.975973858389622,-66.02270990951205,-41.318512,4,0,0.4013,2,1
9.245200213044882,64716.40149131417,17.975973860167596,-66.02270989775813,-41.58941,4,0,0.1304,2,1
9.245300214737654,64717.101503163576,17.97596743543746,-66.02271057315878,-41.223827,4,0,0.496,2,1
9.245300214737654,64717.101503163576,17.975967436023446,-66.02271056928484,-41.31311,4,0,0.4067,2,1
9.245400216430426,64717.80151501298,17.975961027412275,-66.02271113523233,-43.469204,4,0,-1.7494,2,0
9.245400216430426,64717.80151501298,17.975961013437164,-66.02271123096197,-41.261734,4,0,0.4581,2,1
9.245400216430426,64717.80151501298,17.975961013866723,-66.02271122812215,-41.327183,4,0,0.3927,2,1
9.24560021609068,64719.201512634754,17.97594817035908,-66.02271254216805,-41.43264,4,0,0.2872,2,1
9.24560021609068,64719.201512634754,17.975948168968973,-66.02271255135817,-41.220833,4,0,0.499,2,1
9.24560021609068,64719.201512634754,17.9759481708564,-66.02271253888023,-41.508415,4,0,0.2114,2,1
9.24570021405816,64719.901498407125,17.975941748223732,-66.02271320257448,-41.40423,4,0,0.3156,2,1
9.245800215750933,64720.60151025653,17.975935326813296,-66.02271385669502,-41.519333,4,0,0.2005,2,1
9.245800215750933,64720.60151025653,17.975935326540768,-66.02271385849676,-41.477806,4,0,0.242,2,1
9.245800215750933,64720.60151025653,17.975935324957817,-66.02271386896197,-41.236614,4,0,0.4832,2,1
9.245800215750933,64720.60151025653,17.97593532565203,-66.02271386437236,-41.342392,4,0,0.3774,2,1
9.245900213718414,64721.3014960289,17.97592893110461,-66.0227143358398,-45.666985,4,0,-3.9472,2,3
9.245900213718414,64721.3014960289,17.97592890315092,-66.02271452732998,-41.251335,4,0,0.4685,2,1
9.246000215411186,64722.0015078783,17.975922482573235,-66.02271517608975,-41.486145,4,0,0.2337,2,1
9.246100213378668,64722.70149365068,17.9759160582245,-66.02271585308984,-41.067017,4,0,0.6528,2,1
9.246100213378668,64722.70149365068,17.97591606013647,-66.02271583877884,-41.39743,4,0,0.3224,2,1
9.246100213378668,64722.70149365068,17.97591605952519,-66.02271584282022,-41.30429,4,0,0.4155,2,1
9.24620021507144,64723.40150550008,17.975909637337256,-66.02271650239423,-41.28601,4,0,0.4338,2,1
9.24620021507144,64723.40150550008,17.975909636936898,-66.02271650504119,-41.225006,4,0,0.4948,2,1
9.246300216764212,64724.10151734948,17.97590321528229,-66.02271716118187,-41.283928,4,0,0.4359,2,1
9.246500223875046,64725.50156712532,17.975890371080272,-66.02271847811059,-41.289448,4,0,0.4304,2,1
9.246600225567818,64726.20157897472,17.97588394933683,-66.02271913515112,-41.32185,4,0,0.398,2,1
9.2467002235353,64726.901564747095,17.975877528585006,-66.02271978730802,-41.464306,4,0,0.2555,2,1
9.246800225228071,64727.6015765965,17.975871106379948,-66.0227204476367,-41.41707,4,0,0.3028,2,1
9.246800225228071,64727.6015765965,17.97587110573854,-66.02272045187752,-41.31933,4,0,0.4005,2,1
9.246900223195553,64728.30156236887,17.97586468382262,-66.0227211119777,-41.27486,4,0,0.445,2,1
9.246900223195553,64728.30156236887,17.97586468567294,-66.02272109974378,-41.556816,4,0,0.163,2,1
9.247000224888325,64729.00157421827,17.97585826287125,-66.02272176427464,-41.40887,4,0,0.311,2,1
9.247000224888325,64729.00157421827,17.97585826237857,-66.02272176753215,-41.333794,4,0,0.386,2,1
9.247000224888325,64729.00157421827,17.975858261608302,-66.02272177262505,-41.21642,4,0,0.5034,2,1
9.247100196778774,64729.70137745142,17.975851842976816,-66.02272242217734,-41.407234,4,0,0.3126,2,1
9.247100196778774,64729.70137745142,17.975851842584053,-66.02272242477424,-41.347385,4,0,0.3724,2,1
9.247200194746256,64730.40136322379,17.975845421534977,-66.02272307955259,-41.41978,4,0,0.3001,2,1
9.247300196439028,64731.1013750732,17.97583882513305,-66.02272493411888,-13.824429,0,0,27.8954,0,0
9.24740019440651,64731.801360845566,17.975832578891826,-66.02272439160042,-41.50194,4,0,0.2179,2,1
9.24750019609928,64732.50137269497,17.975826186632514,-66.02272484823287,-46.13814,4,0,-4.4183,0,3
9.24750019609928,64732.50137269497,17.975826156046015,-66.02272505715665,-41.32072,4,0,0.3991,1,1
9.247600205242634,64733.20143669844,17.97581974910047,-66.02272561128355,-43.707993,4,0,-1.9882,0,0
9.247600205242634,64733.20143669844,17.97581973415788,-66.02272571342772,-41.352695,4,0,0.3671,1,1
9.24790020659566,64735.301446169615,17.975800470147167,-66.022727683224,-41.41046,4,0,0.3094,1,1
9.24790020659566,64735.301446169615,17.975800473647336,-66.02272766007967,-41.943867,4,0,-0.224,0,0
9.24790020659566,64735.301446169615,17.97580046902818,-66.02272769062309,-41.239933,4,0,0.4799,1,1
9.24790020659566,64735.301446169615,17.97580046987748,-66.02272768500724,-41.36936,4,0,0.3505,1,1
9.24800020456314,64736.00143194199,17.975794049202065,-66.02272833862449,-41.453106,4,0,0.2667,1,1
9.24800020456314,64736.00143194199,17.97579404894727,-66.02272834030929,-41.414276,4,0,0.3056,1,1
9.24800020456314,64736.00143194199,17.975794048287607,-66.02272834467128,-41.313747,4,0,0.4061,1,1
9.24800020456314,64736.00143194199,17.975794049368197,-66.02272833752598,-41.478424,4,0,0.2414,1,1
9.248100206255913,64736.70144379139,17.975787626374878,-66.0227290046716,-41.24921,4,0,0.4706,1,1
9.248100206255913,64736.70144379139,17.97578762711491,-66.02272899977814,-41.361988,4,0,0.3578,1,1
9.248200204223394,64737.40142956376,17.975781206140315,-66.02272965574771,-41.387676,4,0,0.3322,1,1
9.248200204223394,64737.40142956376,17.9757812063573,-66.02272965431295,-41.420742,4,0,0.2991,1,1
9.248200204223394,64737.40142956376,17.975781205674455,-66.02272965882824,-41.31668,4,0,0.4032,2,1
9.248300205916166,64738.10144141317,17.975774784380192,-66.02273031554759,-41.32373,4,0,0.3961,2,1
9.248300205916166,64738.10144141317,17.97577478761619,-66.02273029414938,-41.816895,4,0,-0.0971,0,0
9.248400203883648,64738.801427185535,17.97576836256156,-66.02273097748966,-41.20793,4,0,0.5119,2,1
9.248400203883648,64738.801427185535,17.97576836325325,-66.02273097291578,-41.313347,4,0,0.4065,2,1
9.24850020557642,64739.50143903494,17.97576194385995,-66.02273161746477,-41.597057,4,0,0.1228,2,1
9.24850020557642,64739.50143903494,17.97576194168996,-66.02273163181418,-41.266346,4,0,0.4535,2,1
9.2486002035439,64740.20142480731,17.97575552053391,-66.02273228978295,-41.23829,4,0,0.4815,2,1
9.2486002035439,64740.20142480731,17.975755521221746,-66.02273228523448,-41.343117,4,0,0.3767,2,1
9.248700205236672,64740.90143665671,17.975749162737433,-66.02273251238533,-51.248024,3,0,-9.5282,0,0
9.248800214380026,64741.60150066018,17.975742678414676,-66.02273359885018,-41.337036,4,0,0.3828,1,1
9.248800214380026,64741.60150066018,17.975742679407894,-66.02273359228221,-41.488407,4,0,0.2314,1,1
9.248800214380026,64741.60150066018,17.975742677601726,-66.0227336042261,-41.21314,4,0,0.5067,1,1
9.248900216072798,64742.301512509584,17.97573625603404,-66.02273426400188,-41.138268,4,0,0.5816,2,1
9.248900216072798,64742.301512509584,17.97573625689639,-66.02273425829927,-41.269695,4,0,0.4501,2,1
9.248900216072798,64742.301512509584,17.975736256860497,-66.02273425853663,-41.264225,4,0,0.4556,2,1
9.249100215733051,64743.70151013136,17.975723415106632,-66.02273557117903,-41.26744,4,0,0.4524,1,1
9.249100215733051,64743.70151013136,17.97572341430746,-66.02273557646397,-41.14564,4,0,0.5742,1,1
9.249200213700531,64744.40149590373,17.975716996883907,-66.02273621106845,-41.64462,4,0,0.0752,0,0
9.249300215393305,64745.101507753134,17.975710573710742,-66.0227368823709,-41.296486,4,0,0.4233,1,1
9.249300215393305,64745.101507753134,17.97571057360219,-66.0227368830888,-41.27994,4,0,0.4399,1,1
9.249300215393305,64745.101507753134,17.975710573102816,-66.0227368863912,-41.20383,4,0,0.516,1,1
9.249300215393305,64745.101507753134,17.975710572660706,-66.02273688931491,-41.136448,4,0,0.5834,1,1
9.249400213360786,64745.80149352551,17.97570417531226,-66.02273738661603,-44.797806,4,0,-3.078,0,0
9.249400213360786,64745.80149352551,17.975704153201743,-66.02273753784861,-41.310604,4,0,0.4092,1,1
9.249500215053558,64746.50150537491,17.975697760245502,-66.02273800311347,-45.709557,4,0,-3.9897,0,3
9.249500215053558,64746.50150537491,17.97569773134182,-66.02273820094253,-41.147865,4,0,0.572,2,1
9.249700214713812,64747.90150299668,17.975684890436106,-66.0227395108102,-41.192287,4,0,0.5275,1,1
9.249700214713812,64747.90150299668,17.97568489043921,-66.02273951078963,-41.19276,4,0,0.5271,1,1
9.249700214713812,64747.90150299668,17.975684890890584,-66.02273950780457,-41.261555,4,0,0.4583,1,1
9.249800223857164,64748.60156700015,17.975678476207975,-66.02274011938609,-42.28207,4,0,-0.5622,0,0
9.249800223857164,64748.60156700015,17.975678470298067,-66.02274016014114,-41.342205,4,0,0.3776,1,1
9.249900225549936,64749.301578849554,17.975672049317456,-66.02274081841176,-41.28309,4,0,0.4367,1,1
9.250000223517418,64750.001564621925,17.97566562905141,-66.02274147376973,-41.28866,4,0,0.4312,1,1
9.250200223177671,64751.4015622437,17.975652787511258,-66.02274279037393,-41.159042,4,0,0.5608,1,1
9.250200223177671,64751.4015622437,17.975652788360584,-66.02274278475686,-41.288498,4,0,0.4313,1,1
9.250200223177671,64751.4015622437,17.97565278857905,-66.02274278331201,-41.321796,4,0,0.398,1,1
9.250300224870443,64752.1015740931,17.97564636763361,-66.02274344239035,-41.23658,4,0,0.4833,1,1
9.250300224870443,64752.1015740931,17.97564636928226,-66.02274343148679,-41.487873,4,0,0.232,1,1
9.250400226563215,64752.80158594251,17.97563994819605,-66.0227440917631,-41.373184,4,0,0.3466,1,1
9.250400226563215,64752.80158594251,17.975639948375708,-66.0227440905749,-41.40057,4,0,0.3193,1,1
9.250500224530697,64753.50157171488,17.975633528312457,-66.02274474591258,-41.39728,4,0,0.3226,1,1
9.250600196421146,64754.201374948025,17.97562699999008,-66.02274541223262,-41.3432,4,0,0.3766,1,1
9.250600196421146,64754.201374948025,17.975626999230077,-66.02274541725926,-41.227352,4,0,0.4925,1,1
9.250700194388628,64754.9013607204,17.975620586243497,-66.02274607195926,-41.221806,4,0,0.498,1,1
9.2508001960814,64755.6013725698,17.9756141739498,-66.02274672082507,-41.349426,4,0,0.3704,1,1
9.2508001960814,64755.6013725698,17.97561417548877,-66.02274671064622,-41.58402,4,0,0.1358,1,1
9.2508001960814,64755.6013725698,17.97561417340758,-66.02274672441139,-41.266773,4,0,0.4531,1,1
9.250900194048882,64756.30135834217,17.975607761265486,-66.02274737368417,-41.382812,4,0,0.337,1,1
9.250900194048882,64756.30135834217,17.97560776123546,-66.02274737388282,-41.378235,4,0,0.3416,1,1
9.250900194048882,64756.30135834217,17.97560776447613,-66.0227473524486,-41.872223,4,0,-0.1524,0,0
9.250900194048882,64756.30135834217,17.97560776134681,-66.02274737314632,-41.395206,4,0,0.3246,1,1
9.250900194048882,64756.30135834217,17.97560776563463,-66.02274734478607,-42.04882,4,0,-0.329,0,0
9.250900194048882,64756.30135834217,17.97560776107968,-66.02274737491315,-41.35449,4,0,0.3653,1,1
9.251000195741652,64757.00137019157,17.975601347618227,-66.02274803208915,-41.286903,4,0,0.4329,1,1
9.251000195741652,64757.00137019157,17.975601349340575,-66.02274802069728,-41.54945,4,0,0.1704,1,1
9.251200206577778,64758.401446044445,17.975588525096896,-66.02274931505514,-41.870724,4,0,-0.1509,1,0
9.251200206577778,64758.401446044445,17.975588521274172,-66.02274934033952,-41.288002,4,0,0.4318,1,1
9.25130020454526,64759.101431816816,17.97558210937356,-66.02274998957098,-41.397484,4,0,0.3223,1,1
9.25130020454526,64759.101431816816,17.975582108269045,-66.02274999687653,-41.229115,4,0,0.4907,1,1
9.251400206238031,64759.80144366622,17.975575701846868,-66.02275060857532,-42.20236,4,0,-0.4825,1,0
9.251400206238031,64759.80144366622,17.97557569697277,-66.02275064081411,-41.459362,4,0,0.2605,1,1
9.251500204205511,64760.50142943859,17.975569283825866,-66.02275129879968,-41.363487,4,0,0.3563,1,1
9.251500204205511,64760.50142943859,17.975569317863755,-66.02275106697685,-46.708584,4,0,-4.9888,0,3
9.251500204205511,64760.50142943859,17.975569389339267,-66.02275057583074,-58.034294,2,0,-16.3145,0,0
9.251600205898283,64761.201441288,17.975562871174304,-66.02275195219686,-41.372135,4,0,0.3477,1,1
9.251600205898283,64761.201441288,17.975562871733782,-66.02275194849626,-41.45742,4,0,0.2624,1,1
9.251600205898283,64761.201441288,17.97556287160989,-66.02275194931573,-41.438534,4,0,0.2813,1,1
9.251600205898283,64761.201441288,17.97556287616237,-66.02275191920387,-42.132515,4,0,-0.4127,1,0
9.251700203865768,64761.901427060366,17.97555645778034,-66.02275261229659,-41.223965,4,0,0.4959,1,1
9.25190020352602,64763.30142468214,17.975543633958385,-66.02275391199859,-41.39528,4,0,0.3246,1,1
9.25190020352602,64763.30142468214,17.97554368246439,-66.02275357945823,-49.063316,3,0,-7.3435,0,0
9.25190020352602,64763.30142468214,17.97554363417229,-66.02275391058372,-41.427887,4,0,0.2919,1,1
9.252000205218792,64764.00143653154,17.975537222090338,-66.02275456111036,-41.495613,4,0,0.2242,1,1
9.252000205218792,64764.00143653154,17.97553722215356,-66.02275456069218,-41.50525,4,0,0.2146,1,1
9.252100214362144,64764.70150053501,17.97553080799904,-66.02275522202088,-41.3234,4,0,0.3964,1,1
9.252100214362144,64764.70150053501,17.975530808157984,-66.02275522096956,-41.34763,4,0,0.3722,1,1
9.252100214362144,64764.70150053501,17.975530808664196,-66.0227552176212,-41.424797,4,0,0.295,1,1
9.252100214362144,64764.70150053501,17.975530809292906,-66.02275521346255,-41.52064,4,0,0.1992,1,1
9.252200216054916,64765.401512384415,17.97552439799828,-66.02275585918241,-41.69566,4,0,0.0242,1,1
9.252200216054916,64765.401512384415,17.975524576674037,-66.02275463553542,-69.911125,0,0,-28.1913,0,0
9.252300214022398,64766.10149815679,17.975517984199726,-66.02275652320897,-41.446484,4,0,0.2733,1,1
9.252300214022398,64766.10149815679,17.975518016528866,-66.0227563026789,-46.531296,4,0,-4.8115,3,3
9.252300214022398,64766.10149815679,17.97551798298811,-66.02275653122337,-41.26178,4,0,0.4581,1,1
9.25240021571517,64766.80151000619,17.97551157677605,-66.02275714369254,-42.199665,4,0,-0.4798,1,0
9.25240021571517,64766.80151000619,17.975511571257844,-66.0227571801936,-41.35844,4,0,0.3614,1,1
9.252500213682652,64767.50149577856,17.975505185959953,-66.02275765103616,-45.55982,4,0,-3.84,0,0
9.252500213682652,64767.50149577856,17.97550515856902,-66.0227578372325,-41.266872,4,0,0.453,1,1
9.252600215375423,64768.20150762797,17.97549874799879,-66.02275847886612,-41.5292,4,0,0.1906,1,1
9.252600215375423,64768.20150762797,17.975498747001684,-66.02275848546178,-41.377197,4,0,0.3426,1,1
9.252700213342903,64768.901493400335,17.975492336080844,-66.02275913112642,-41.544373,4,0,0.1755,1,1
9.252700213342903,64768.901493400335,17.97549233420212,-66.02275914355373,-41.257965,4,0,0.4619,1,1
9.252700213342903,64768.901493400335,17.975492507122862,-66.02275795961397,-68.55766,0,0,-26.8378,0,0
9.252800215035675,64769.60150524974,17.97548592393608,-66.02275978347895,-41.556293,4,0,0.1635,1,1
9.252900216728449,64770.30151709914,17.975479515565127,-66.02276041100802,-42.138634,4,0,-0.4188,1,0
9.252900216728449,64770.30151709914,17.975479509677246,-66.02276044995536,-41.24103,4,0,0.4788,1,1
9.25300021469593,64771.00150287151,17.975473098144825,-66.0227611000847,-41.300293,4,0,0.4195,1,1
9.253100223839285,64771.70156687498,17.97546668542724,-66.02276175350931,-41.283634,4,0,0.4362,1,1
9.253100223839285,64771.70156687498,17.975466685860656,-66.02276175064229,-41.34971,4,0,0.3701,1,1
9.253200225532057,64772.401578724384,17.975460272197836,-66.02276241521741,-41.07272,4,0,0.6471,1,1
9.253400225192308,64773.80157634616,17.975447449778247,-66.02276370876805,-41.33549,4,0,0.3843,1,1
9.25350022688508,64774.50158819556,17.97544103691956,-66.0227643666476,-41.208523,4,0,0.5113,1,1
9.253600224852562,64775.201573967934,17.975434625175186,-66.02276501879311,-41.211544,4,0,0.5083,1,1
9.253600224852562,64775.201573967934,17.97543462482042,-66.02276502281134,-41.11835,4,0,0.6015,1,1
9.253800224512815,64776.60157158971,17.975421801671718,-66.02276632140287,-41.252323,4,0,0.4675,1,1
9.253800224512815,64776.60157158971,17.975421801159072,-66.02276632479408,-41.174168,4,0,0.5457,1,1
9.253900226205587,64777.30158343911,17.975415391119327,-66.02276696430177,-41.464256,4,0,0.2556,1,1
9.253900226205587,64777.30158343911,17.97541538939279,-66.0227669757231,-41.201035,4,0,0.5188,1,1
9.254600204527378,64782.20143169165,17.97537050924072,-66.0227715324651,-41.335445,4,0,0.3844,1,1
9.254800204187632,64783.60142931342,17.975357685084468,-66.02277284027824,-41.22553,4,0,0.4943,1,1
9.254900205880404,64784.301441162825,17.97535127362268,-66.02277348929107,-41.28144,4,0,0.4384,1,1
9.255100205540655,64785.7014387846,17.97533844952535,-66.02277479651892,-41.176285,4,0,0.5435,1,1
9.255100205540655,64785.7014387846,17.975338451237427,-66.02277478519252,-41.437313,4,0,0.2825,1,1
9.255100205540655,64785.7014387846,17.975338450272886,-66.02277479157353,-41.290257,4,0,0.4296,1,1
9.255400214344265,64787.80150040984,17.97531921586706,-66.02277673658797,-41.488018,4,0,0.2318,1,1
9.255400214344265,64787.80150040984,17.975319215660893,-66.02277673795192,-41.456585,4,0,0.2632,1,1
9.255500216037037,64788.501512259245,17.975312804600538,-66.02277738396049,-41.573208,4,0,0.1466,1,1
9.255700215697289,64789.90150988102,17.975299981281264,-66.02277868519114,-41.589443,4,0,0.1304,1,1
9.255700215697289,64789.90150988102,17.975299980948293,-66.02277868739402,-41.538677,4,0,0.1812,1,1
9.25580021366477,64790.60149565339,17.975293577277615,-66.02277928410928,-42.787254,4,0,-1.0674,0,0
9.255900215357542,64791.3015075028,17.97528715803114,-66.0227799855453,-41.62047,4,0,0.0994,1,1
9.256000213325024,64792.001493275166,17.975280744158482,-66.02278065119208,-41.277187,4,0,0.4426,1,1
9.256100215017796,64792.70150512457,17.975274334185507,-66.0227812893531,-41.566586,4,0,0.1532,1,1
9.256200216710567,64793.40151697397,17.97526792102688,-66.02278194845151,-41.372158,4,0,0.3477,1,1
9.256200216710567,64793.40151697397,17.97526792077541,-66.0227819501152,-41.333817,4,0,0.386,1,1
9.256300214678047,64794.10150274634,17.97526150955749,-66.0227825977833,-41.400967,4,0,0.3189,1,1
9.256300214678047,64794.10150274634,17.975261509920582,-66.02278259538112,-41.456326,4,0,0.2635,1,1
9.25640021637082,64794.80151459575,17.975255097782956,-66.0227832474228,-41.421963,4,0,0.2979,1,1
9.25640021637082,64794.80151459575,17.9752550970857,-66.02278325203588,-41.315647,4,0,0.4042,1,1
9.25640021637082,64794.80151459575,17.975255108931606,-66.02278317199132,-43.160946,4,0,-1.4411,0,0
9.256500214338304,64795.50150036812,17.975248727591904,-66.02278361288674,-47.993965,4,0,-6.2741,0,3
9.256500214338304,64795.50150036812,17.97524868665548,-66.02278389375492,-41.51756,4,0,0.2023,1,1
9.256500214338304,64795.50150036812,17.97524868738229,-66.0227838889463,-41.62838,4,0,0.0915,1,1
9.256600216031076,64796.20151221752,17.975242272989718,-66.02278455557163,-41.255405,4,0,0.4644,1,1
9.256600216031076,64796.20151221752,17.975242274905963,-66.02278454289355,-41.547585,4,0,0.1722,1,1
9.256700225174429,64796.90157622099,17.97523586148221,-66.02278519981643,-41.39809,4,0,0.3217,1,1
9.2568002268672,64797.60158807039,17.975229449663846,-66.02278584904161,-41.42366,4,0,0.2962,1,1
9.25690022483468,64798.30157384277,17.975223039927897,-66.02278648584867,-41.733643,4,0,-0.0138,1,1
9.257000226527452,64799.00158569217,17.975216625289452,-66.02278715333038,-41.33606,4,0,0.3838,1,1
9.257000226527452,64799.00158569217,17.97521662619605,-66.0227871473321,-41.474297,4,0,0.2455,1,1
9.257000226527452,64799.00158569217,17.975216624780725,-66.02278715669627,-41.25849,4,0,0.4613,1,1
9.257300224155188,64801.10156908631,17.975197390117025,-66.02278909973063,-41.426754,4,0,0.2931,1,1
9.25750019401312,64802.50135809183,17.97518456661206,-66.02279040846183,-41.22067,4,0,0.4992,1,1
9.25760019570589,64803.20136994124,17.97517815444298,-66.02279105820394,-41.22501,4,0,0.4948,1,1
9.257800206542017,64804.601445794106,17.975165334431185,-66.0227923251562,-41.98124,4,0,-0.2614,1,0
9.258300203830004,64808.101426810026,17.975133267850534,-66.02279561116687,-41.11429,4,0,0.6055,1,1
9.258400205522776,64808.80143865943,17.975126856135148,-66.02279625391692,-41.27193,4,0,0.4479,1,1
9.258500203490255,64809.5014244318,17.97512044388954,-66.02279690307832,-41.279686,4,0,0.4401,1,1
9.2587002068758,64810.90144813061,17.97510761870641,-66.02279820186074,-41.28281,4,0,0.437,1,1
9.258800204843284,64811.60143390298,17.975101206245963,-66.02279885142244,-41.27846,4,0,0.4414,1,1
9.258800204843284,64811.60143390298,17.975101241399855,-66.02279861045362,-46.834667,4,0,-5.1148,0,3
9.258800204843284,64811.60143390298,17.97510120669214,-66.02279884847015,-41.346497,4,0,0.3733,1,1
9.259100213646889,64813.70149552822,17.97508196810753,-66.02280079672742,-41.34002,4,0,0.3798,1,1
9.259300217032433,64815.10151922703,17.975069141813787,-66.02280209805303,-41.273777,4,0,0.4461,1,1
9.259400214999914,64815.8015049994,17.97506273027525,-66.02280273926873,-41.45641,4,0,0.2634,1,1
9.259500216692686,64816.5015168488,17.975056316738687,-66.02280339174894,-41.37916,4,0,0.3407,1,1
9.259500216692686,64816.5015168488,17.97505631622325,-66.02280339515964,-41.30056,4,0,0.4193,1,1
9.259500216692686,64816.5015168488,17.97505631507439,-66.02280340443374,-41.08625,4,0,0.6336,1,1
9.259600214660168,64817.20150262117,17.975049903811335,-66.02280404134727,-41.36695,4,0,0.3529,1,1
9.259600214660168,64817.20150262117,17.97504990351147,-66.02280404333155,-41.32122,4,0,0.3986,1,1
9.25970021635294,64817.90151447058,17.97504349463455,-66.02280466415624,-41.97186,4,0,-0.252,1,0
9.25970021635294,64817.90151447058,17.97504349050111,-66.02280469150824,-41.34152,4,0,0.3783,1,1
9.25980021432042,64818.60150024295,17.97503707715501,-66.02280534304163,-41.283108,4,0,0.4367,1,1
9.25980021432042,64818.60150024295,17.975037077864513,-66.02280533834666,-41.391304,4,0,0.3285,1,1
9.259900216013191,64819.30151209235,17.97503066454243,-66.02280598773591,-41.382084,4,0,0.3377,1,1
9.260000225156546,64820.00157609582,17.97502425303712,-66.0228066215536,-41.732067,4,0,-0.0122,1,1
9.260000225156546,64820.00157609582,17.975024267106683,-66.0228065251064,-43.955906,4,0,-2.2361,0,0
9.260100226849318,64820.70158794522,17.975017837764472,-66.02280728297231,-41.44411,4,0,0.2757,1,1
9.260100226849318,64820.70158794522,17.97501783638562,-66.02280729209672,-41.233833,4,0,0.486,1,1
9.260100226849318,64820.70158794522,17.975017837030872,-66.02280728782686,-41.332233,4,0,0.3876,1,1
9.2602002248168,64821.4015737176,17.975011422843934,-66.0228079431685,-41.18304,4,0,0.5368,1,1
9.2602002248168,64821.4015737176,17.975011424398183,-66.02280793288337,-41.420063,4,0,0.2998,1,1
9.2602002248168,64821.4015737176,17.975011424407164,-66.02280793282392,-41.421432,4,0,0.2984,1,1
9.260300226509573,64822.101585567,17.97500501037009,-66.02280858516075,-41.341324,4,0,0.3785,1,1
9.260300226509573,64822.101585567,17.975005044821238,-66.02280834882144,-46.790783,4,0,-5.0709,0,3
9.260400224477053,64822.80157133937,17.9749985977688,-66.0228092290903,-41.453705,4,0,0.3925,1,1
9.260400224477053,64822.80157133937,17.97499859639899,-66.02280923815506,-41.244804,4,0,0.6014,1,1
9.260600224137306,64824.20156896114,17.97498576979689,-66.02281053230277,-41.323162,4,0,0.5231,1,1
9.260600224137306,64824.20156896114,17.974985769828702,-66.02281053209221,-41.328014,4,0,0.5182,1,1
9.260700225830078,64824.90158081055,17.974979355727935,-66.02281118295883,-41.279076,4,0,0.5672,1,1
9.260700225830078,64824.90158081055,17.974979356472726,-66.02281117803007,-41.392662,4,0,0.4536,1,1
9.26090019568801,64826.30136981607,17.974966536823263,-66.02281243403499,-42.342285,4,0,-0.496,0,0
9.26090019568801,64826.30136981607,17.9749665299643,-66.02281248109765,-41.257126,4,0,0.5891,1,1
9.261300195008516,64829.101365059614,17.974940873848983,-66.02281507674972,-41.229412,4,0,0.6168,1,1
9.261400204151869,64829.80142906308,17.97493446065016,-66.02281571497478,-41.46879,4,0,0.3775,1,1
9.261400204151869,64829.80142906308,17.974934460301565,-66.02281571728173,-41.415623,4,0,0.4306,1,1
9.26150020584464,64830.501440912485,17.97492804542333,-66.02281636920237,-41.33774,4,0,0.5085,1,1
9.261600203812122,64831.20142668486,17.974921630793283,-66.02281702049895,-41.27318,4,0,0.5731,1,1
9.261700205504894,64831.90143853426,17.97491521775277,-66.02281765917371,-41.499546,4,0,0.3467,1,1
9.261800203472376,64832.60142430663,17.97490880307217,-66.02281830970944,-41.451546,4,0,0.3947,1,1
9.261900205165148,64833.301436156034,17.97490238834158,-66.02281895846231,-41.44473,4,0,0.4015,1,1
9.26200020685792,64834.00144800544,17.974895973787557,-66.02281960548477,-41.477345,4,0,0.3689,1,1
9.26200020685792,64834.00144800544,17.974895978609702,-66.02281957357098,-42.212803,4,0,-0.3666,0,0
9.2621002048254,64834.70143377781,17.974889560640072,-66.0228202441883,-41.700687,4,0,0.1456,1,1
9.2621002048254,64834.70143377781,17.97488955673835,-66.02282027168278,-41.06649,4,0,0.7798,1,1
9.262200206518171,64835.40144562721,17.97488314293332,-66.02282091050424,-41.288067,4,0,0.5582,1,1
9.262200206518171,64835.40144562721,17.97488314395075,-66.0228209037706,-41.443245,4,0,0.403,1,1
9.262200206518171,64835.40144562721,17.97488314441499,-66.02282090069816,-41.51405,4,0,0.3322,1,1
9.262300204485657,64836.101431399584,17.97487672874634,-66.02282155493599,-41.378597,4,0,0.4677,1,1
9.262400213629007,64836.80149540305,17.974870312409323,-66.02282220834135,-41.263622,4,0,0.5826,1,1
9.26250021532178,64837.501507252455,17.974863899855645,-66.02282283923286,-41.666008,4,0,0.1802,1,1
9.262600217014551,64838.20151910186,17.974857482556587,-66.02282350093701,-41.35797,4,0,0.4883,1,1
9.262600217014551,64838.20151910186,17.9748574823117,-66.02282350255774,-41.32062,4,0,0.5256,1,1
9.262700214982033,64838.90150487423,17.97485106760393,-66.02282414806999,-41.384842,4,0,0.4614,1,1
9.262900214642286,64840.301502496,17.97483823737665,-66.02282544109183,-41.4669,4,0,0.3793,1,1
9.263000216335058,64841.00151434541,17.97483182120943,-66.02282609287845,-41.386204,4,0,0.46,1,1
9.26310021430254,64841.70150011778,17.97482540550437,-66.02282674254513,-41.353546,4,0,0.4927,1,1
9.26310021430254,64841.70150011778,17.97482540517016,-66.02282674475715,-41.30257,4,0,0.5437,1,1
9.263200215995312,64842.40151196718,17.974818858775805,-66.02282828900674,-20.643469,0,0,21.2028,0,0
9.263400226831436,64843.80158782005,17.974806175133764,-66.02282856582464,-44.155342,4,0,-2.3091,0,0
9.263400226831436,64843.80158782005,17.974806156776935,-66.02282869066877,-41.277157,4,0,0.5691,1,1
9.263400226831436,64843.80158782005,17.974806157325958,-66.02282868703495,-41.360897,4,0,0.4854,1,1
9.263500224798918,64844.50157359242,17.974799740669727,-66.02282934047653,-41.24038,4,0,0.6059,1,1
9.26360022649169,64845.20158544183,17.974793324698243,-66.0228299871867,-41.275364,4,0,0.5709,1,1
9.263800226151943,64846.6015830636,17.97478049427367,-66.02283127017456,-41.584732,4,0,0.2615,1,1
9.263800226151943,64846.6015830636,17.97478049214978,-66.0228312842325,-41.26077,4,0,0.5855,1,1
9.263900224119425,64847.30156883597,17.974774075902047,-66.02283193238063,-41.261635,4,0,0.5846,1,1
9.264100223779678,64848.70156645775,17.97476124228178,-66.02283323258762,-41.173504,4,0,0.6727,1,1
9.264100223779678,64848.70156645775,17.974761243411944,-66.02283322510696,-41.34589,4,0,0.5004,1,1
9.264100223779678,64848.70156645775,17.974761243096186,-66.02283322719697,-41.29773,4,0,0.5485,1,1
9.264200195670128,64849.401369690895,17.974754828390182,-66.02283387406278,-41.323982,4,0,0.5223,1,1
9.26430019363761,64850.10135546327,17.97474844353029,-66.02283430510666,-46.32996,4,0,-4.4837,0,3
9.26440019533038,64850.80136731267,17.974741995686983,-66.02283516419801,-41.467564,4,0,0.3787,1,1
9.264500197023152,64851.50137916207,17.974735577706987,-66.02283581825314,-41.33248,4,0,0.5138,1,1
9.264500197023152,64851.50137916207,17.97473557757847,-66.02283581910382,-41.312878,4,0,0.5334,1,1
9.264500197023152,64851.50137916207,17.974735578133828,-66.02283581542775,-41.39759,4,0,0.4487,1,1
9.264600194990637,64852.201364934444,17.974729169964945,-66.02283640374658,-42.7774,4,0,-0.9312,0,0
9.264600194990637,64852.201364934444,17.97472916113386,-66.02283646387488,-41.39118,4,0,0.4551,1,1
9.264700196683409,64852.90137678385,17.974722743276967,-66.02283711575348,-41.306263,4,0,0.54,1,1
9.26480020582676,64853.60144078732,17.974716326330476,-66.02283775780326,-41.448994,4,0,0.3973,1,1
9.26480020582676,64853.60144078732,17.974716325944037,-66.02283776036126,-41.390045,4,0,0.4562,1,1
9.26490020379424,64854.30142655969,17.974709908618248,-66.02283840890802,-41.38143,4,0,0.4648,1,1
9.26490020379424,64854.30142655969,17.97470990837217,-66.0228384105369,-41.343895,4,0,0.5024,1,1
9.265200205147266,64856.40143603087,17.974690655700897,-66.0228403530468,-41.391994,4,0,0.4543,1,1
9.265300206840038,64857.10144788027,17.974684238051413,-66.0228409993934,-41.43501,4,0,0.4112,1,1
9.26540020480752,64857.80143365264,17.97467781959882,-66.02284165191212,-41.335365,4,0,0.5109,1,1
9.26540020480752,64857.80143365264,17.974677820865708,-66.02284164352568,-41.528625,4,0,0.3176,1,1
9.265500206500292,64858.50144550204,17.974671402333357,-66.0228422943086,-41.469696,4,0,0.3766,1,1
9.265600204467772,64859.201431274414,17.974664982482636,-66.02284295466978,-41.18965,4,0,0.6566,1,1
9.265600204467772,64859.201431274414,17.97466502478161,-66.0228426662953,-47.838,4,0,-5.9918,0,3
9.265700206160544,64859.90144312382,17.974658564590452,-66.02284359979721,-41.261402,4,0,0.5848,1,1
9.265700206160544,64859.90144312382,17.97465856554252,-66.0228435934947,-41.406643,4,0,0.4396,1,1
9.265800215303898,64860.601507127285,17.97465214659559,-66.02284424177483,-41.407063,4,0,0.4392,1,1
9.266000214964151,64862.00150474906,17.97463930888195,-66.0228455427908,-41.303123,4,0,0.5431,1,1
9.266000214964151,64862.00150474906,17.974639309558597,-66.02284553831137,-41.40635,4,0,0.4399,1,1
9.266000214964151,64862.00150474906,17.97463930856883,-66.02284554486366,-41.255356,4,0,0.5909,1,1
9.266100216656923,64862.70151659846,17.974632889162585,-66.02284619715354,-41.16298,4,0,0.6833,1,1
9.266100216656923,64862.70151659846,17.974632889754908,-66.02284619323233,-41.25334,4,0,0.5929,1,1
9.266200214624403,64863.401502370834,17.974626471783573,-66.02284683686175,-41.360256,4,0,0.486,1,1
9.266200214624403,64863.401502370834,17.974626470802217,-66.02284684335848,-41.210545,4,0,0.6357,1,1
9.266400214284658,64864.80149999261,17.974613633398157,-66.02284813656698,-41.288727,4,0,0.5575,1,1
9.266400214284658,64864.80149999261,17.974613673741512,-66.02284786112153,-47.639095,4,0,-5.7928,0,3
9.266400214284658,64864.80149999261,17.974613633864898,-66.02284813347703,-41.359932,4,0,0.4863,1,1
9.26650021597743,64865.50151184201,17.97460721322393,-66.02284879272484,-41.107834,4,0,0.7384,1,1
9.26650021597743,64865.50151184201,17.97460721422645,-66.0228487844152,-41.29991,4,0,0.5463,1,1
9.26650021597743,64865.50151184201,17.974607254668097,-66.02284850831678,-47.66532,4,0,-5.8191,0,3
9.266600213944912,64866.201497614384,17.974600795301406,-66.02284943146344,-41.32932,4,0,0.5169,1,1
9.266600213944912,64866.201497614384,17.97460080369919,-66.02284937419464,-42.64962,4,0,-0.8034,0,0
9.266800213605164,64867.60149523616,17.974587956555656,-66.0228507277482,-41.33937,4,0,0.5069,1,1
9.266800213605164,64867.60149523616,17.974587956559777,-66.02285072772091,-41.34,4,0,0.5062,1,1
9.266900226473808,64868.30158531666,17.97458153541079,-66.02285138107162,-41.22754,4,0,0.6187,1,1
9.266900226473808,64868.30158531666,17.974581537519985,-66.02285136710765,-41.549328,4,0,0.2969,1,1
9.266900226473808,64868.30158531666,17.974581535691303,-66.02285137921452,-41.270332,4,0,0.5759,1,1
9.267100226134062,64869.70158293843,17.97456869687595,-66.02285267158182,-41.373096,4,0,0.4732,1,1
9.267100226134062,64869.70158293843,17.974568698450685,-66.02285266115611,-41.61335,4,0,0.2329,1,1
9.267500225454569,64872.50157818198,17.97454301713499,-66.02285526150405,-41.464626,4,0,0.3816,1,1
9.26760022714734,64873.201590031385,17.974536596346876,-66.02285591201905,-41.419117,4,0,0.4271,1,1
9.26760022714734,64873.201590031385,17.974536597212552,-66.02285590628752,-41.551193,4,0,0.2951,1,1
9.2677001953125,64873.9013671875,17.97453017624476,-66.02285657129372,-41.167274,4,0,0.679,1,1
9.267900194972754,64875.30136480928,17.974517335696554,-66.02285786298415,-41.2939,4,0,0.5523,1,1
9.268000196665524,64876.00137665868,17.974510914331276,-66.02285851438738,-41.23018,4,0,0.6161,1,1
9.268300205469131,64878.10143828392,17.974491654851008,-66.02286043208103,-41.88476,4,0,-0.0385,0,0
9.268300205469131,64878.10143828392,17.97449165149926,-66.02286045427385,-41.373352,4,0,0.4729,1,1
9.268400207161903,64878.80145013333,17.97448522935899,-66.02286110787983,-41.26141,4,0,0.5848,1,1
9.268500205129383,64879.501435905695,17.974478808105363,-66.02286175644448,-41.26576,4,0,0.5805,1,1
9.268500205129383,64879.501435905695,17.974478807462184,-66.0228617607032,-41.16762,4,0,0.6786,1,1
9.268600206822155,64880.2014477551,17.974472386807715,-66.02286240301098,-41.3174,4,0,0.5288,1,1
9.268600206822155,64880.2014477551,17.974472385607847,-66.02286241262885,-41.095184,4,0,0.7511,1,1
9.26870020478964,64880.90143352747,17.974465964368896,-66.02286305796507,-41.175922,4,0,0.6703,1,1
9.26870020478964,64880.90143352747,17.974465965387196,-66.0228630512224,-41.3313,4,0,0.5149,1,1
9.26870020478964,64880.90143352747,17.974465964917595,-66.02286305433185,-41.259644,4,0,0.5866,1,1
9.26880020648241,64881.60144537687,17.974459543600087,-66.02286369957355,-41.34326,4,0,0.503,1,1
9.269000206142664,64883.00144299865,17.974446698544014,-66.02286500547072,-41.157005,4,0,0.6892,1,1
9.269200205802916,64884.40144062042,17.97443385627281,-66.02286629003305,-41.46551,4,0,0.3807,1,1
9.269200205802916,64884.40144062042,17.974433854468188,-66.02286630198286,-41.190144,4,0,0.6561,1,1
9.269600216299295,64887.20151409507,17.97440816422837,-66.02286889552546,-41.256084,4,0,0.5902,1,1
9.269700214266775,64887.90149986744,17.974401741562268,-66.0228695447779,-41.25407,4,0,0.5922,1,1
9.269700214266775,64887.90149986744,17.974401742568364,-66.02286953811547,-41.407597,4,0,0.4387,1,1
9.269700214266775,64887.90149986744,17.9744017414944,-66.02286954522732,-41.243713,4,0,0.6025,1,1
9.269800215959547,64888.60151171684,17.974395318199747,-66.02287019637163,-41.199562,4,0,0.6467,1,1
9.26990021392703,64889.301497489214,17.974388896454293,-66.0228708381095,-41.372536,4,0,0.4737,1,1
9.26990021392703,64889.301497489214,17.974388895254855,-66.02287084605243,-41.1895,4,0,0.6567,1,1
9.270000215619802,64890.00150933862,17.97438247301657,-66.02287148878811,-41.340973,4,0,0.5053,1,1
9.270000215619802,64890.00150933862,17.974382472257453,-66.02287149381517,-41.225132,4,0,0.6211,1,1
9.270200226455929,64891.40158519149,17.974369625945055,-66.02287278621719,-41.372364,4,0,0.4739,1,1
9.27040022611618,64892.80158281326,17.974356778131323,-66.0228740904546,-41.24915,4,0,0.5971,1,1
9.270500224083662,64893.501568585634,17.974350379860333,-66.02287456752028,-45.22439,4,0,-3.3781,0,0
9.270600225776434,64894.20158043504,17.974344067062678,-66.02287510416542,-48.12079,4,0,-6.2745,0,3
9.270800225436687,64895.60157805681,17.974331225171124,-66.02287628038101,-50.919926,4,0,-9.0737,0,0
9.27090022712946,64896.301589906216,17.974324735190415,-66.02287733891391,-41.475876,4,0,0.3704,1,1
9.27090022712946,64896.301589906216,17.974324735515538,-66.02287733676076,-41.525494,4,0,0.3208,1,1
9.27110019698739,64897.70137891173,17.974311935099106,-66.02287823663323,-50.69816,4,0,-8.8519,0,0
9.27110019698739,64897.70137891173,17.97431187723855,-66.02287863321894,-41.554768,4,0,0.2915,1,1
9.271200194954872,64898.401364684105,17.974305450143305,-66.02287926145719,-42.03372,4,0,-0.1875,0,0
9.271300196647644,64899.10137653351,17.974299016209002,-66.02287993278316,-41.521503,4,0,0.3247,1,1
9.271300196647644,64899.10137653351,17.974299016352774,-66.022879931831,-41.54344,4,0,0.3028,1,1
9.271400194615126,64899.80136230588,17.974292586119446,-66.02288057957676,-41.575226,4,0,0.271,1,1
9.271500196307898,64900.50137415528,17.974286154881217,-66.02288123179656,-41.505676,4,0,0.3406,1,1
9.271500196307898,64900.50137415528,17.974286154549254,-66.02288123399516,-41.455013,4,0,0.3912,1,1
9.27160019427538,64901.20135992765,17.974279723580974,-66.02288188538336,-41.405296,4,0,0.441,1,1
9.27160019427538,64901.20135992765,17.97427972497839,-66.022881876128,-41.618572,4,0,0.2277,1,1
9.271800205111504,64902.601435780525,17.97426686131791,-66.02288318230435,-41.446785,4,0,0.3995,1,1
9.271900206804276,64903.30144762993,17.974260430082577,-66.02288383215642,-41.43683,4,0,0.4094,1,1
9.272000204771755,64904.0014334023,17.97425399845125,-66.02288448563944,-41.343952,4,0,0.5023,1,1
9.272000204771755,64904.0014334023,17.97425400054717,-66.02288447175707,-41.66385,4,0,0.1824,1,1
9.272100206464527,64904.7014452517,17.97424756858212,-66.02288512534605,-41.57042,4,0,0.2758,1,1
9.272100206464527,64904.7014452517,17.974247567217322,-66.0228851343859,-41.36211,4,0,0.4841,1,1
9.272300206124784,64906.10144287348,17.974234703967436,-66.0228864370487,-41.282806,4,0,0.5634,1,1
9.272400204092264,64906.80142864585,17.974228272381165,-66.0228870881455,-41.250355,4,0,0.5959,1,1
9.272500205785036,64907.50144049525,17.974221843284493,-66.02288772070007,-41.647144,4,0,0.1991,1,1
9.27270021662116,64908.90151634812,17.974208976774968,-66.02288903635635,-41.281376,4,0,0.5649,1,1
9.272800214588642,64909.601502120495,17.974202546507136,-66.02288967684598,-41.499104,4,0,0.3471,1,1
9.272900216281414,64910.3015139699,17.974196113215584,-66.02289033536756,-41.303364,4,0,0.5429,1,1
9.272900216281414,64910.3015139699,17.974196113435195,-66.02289033391277,-41.336887,4,0,0.5094,1,1
9.273000214248896,64911.00149974227,17.97418968151259,-66.02289098450845,-41.324734,4,0,0.5215,1,1
9.273000214248896,64911.00149974227,17.974189680955625,-66.02289098819796,-41.239716,4,0,0.6065,1,1
9.273000214248896,64911.00149974227,17.97418968153052,-66.02289098438969,-41.32747,4,0,0.5188,1,1
9.273100215941668,64911.70151159167,17.974183271379854,-66.02289148376843,-44.803677,4,0,-2.9574,0,0
9.27320021390915,64912.40149736405,17.97417681657534,-66.02289229016387,-41.202724,4,0,0.6435,1,1
9.27330021560192,64913.10150921345,17.974170385347726,-66.0228929334132,-41.365055,4,0,0.4812,1,1
9.273400217294691,64913.80152106285,17.974163951165515,-66.02289359711334,-41.057346,4,0,0.7889,1,1
9.273400217294691,64913.80152106285,17.97416395122304,-66.02289359673227,-41.066128,4,0,0.7801,1,1
9.273600216954948,64915.20151868463,17.97415108712098,-66.0228948939338,-41.151608,4,0,0.6946,1,1
9.273600216954948,64915.20151868463,17.97415108715277,-66.02289489372323,-41.15646,4,0,0.6898,1,1
9.273600216954948,64915.20151868463,17.974151087134363,-66.02289489217135,-41.192806,4,0,0.6534,1,1
9.273700214922428,64915.901504457,17.974144654643226,-66.02289554565165,-41.12469,4,0,0.7216,1,1
9.273700214922428,64915.901504457,17.974144655833555,-66.02289553609195,-41.345562,4,0,0.5007,1,1
9.27380022406578,64916.601568460464,17.974138221628813,-66.02289619592635,-41.134373,4,0,0.7119,1,1
9.273900225758553,64917.30158030987,17.97413178910842,-66.02289684576027,-41.15477,4,0,0.6915,1,1
9.274000223726034,64918.00156608224,17.974125356342352,-66.02289749850512,-41.109234,4,0,0.737,1,1
9.274100225418806,64918.70157793164,17.974118924917125,-66.02289813886354,-41.35198,4,0,0.4943,1,1
9.274200227111578,64919.401589781046,17.974112491019238,-66.02289879702644,-41.185608,4,0,0.6606,1,1
9.274200227111578,64919.401589781046,17.97411249113095,-66.02289879628631,-41.202663,4,0,0.6436,1,1
9.274200227111578,64919.401589781046,17.97411249230839,-66.02289878848545,-41.38242,4,0,0.4638,1,1
9.274400226771832,64920.80158740282,17.97409962699839,-66.02290008920995,-41.4139,4,0,0.4323,1,1
9.27450019493699,64921.501364558935,17.974093196119647,-66.02290074077432,-41.399868,4,0,0.4464,1,1
9.274600196629764,64922.20137640834,17.974086762576807,-66.02290139572544,-41.314636,4,0,0.5316,1,1
9.274600196629764,64922.20137640834,17.97408676650964,-66.022901369668,-41.915077,4,0,-0.0688,0,0
9.274800196290016,64923.60137403011,17.974073896279727,-66.02290270144601,-41.245476,4,0,0.6008,1,1
9.274800196290016,64923.60137403011,17.97407389758678,-66.02290269278576,-41.44503,4,0,0.4012,1,1
9.274800196290016,64923.60137403011,17.9740738976676,-66.02290269225026,-41.45737,4,0,0.3889,1,1
9.27500020712614,64925.00144988298,17.97406103126178,-66.02290399340468,-41.50256,4,0,0.3437,1,1
9.27500020712614,64925.00144988298,17.974061030875692,-66.02290399596286,-41.44361,4,0,0.4026,1,1
9.27500020712614,64925.00144988298,17.974061030698397,-66.02290399713765,-41.416542,4,0,0.4297,1,1
9.275100205093622,64925.70143565536,17.974054597234694,-66.02290465238373,-41.333275,4,0,0.513,1,1
9.275200206786394,64926.40144750476,17.97404816325628,-66.0229053093724,-41.21233,4,0,0.6339,1,1
9.275300204753876,64927.10143327713,17.9740417315321,-66.02290595289848,-41.402977,4,0,0.4433,1,1
9.27550020441413,64928.501430898905,17.97402886732467,-66.02290724320741,-41.715664,4,0,0.1306,1,1
9.27550020441413,64928.501430898905,17.97402886480877,-66.02290725987865,-41.33151,4,0,0.5147,1,1
9.2756002061069,64929.20144274831,17.974022433529463,-66.02290789871408,-41.63671,4,0,0.2095,1,1
9.2756002061069,64929.20144274831,17.974022432419154,-66.02290790607141,-41.46718,4,0,0.3791,1,1
9.2756002061069,64929.20144274831,17.974022432303848,-66.02290790683551,-41.44957,4,0,0.3967,1,1
9.275700204074385,64929.90142852068,17.974015998745386,-66.02290856230766,-41.37286,4,0,0.4734,1,1
9.275700204074385,64929.90142852068,17.97401599864003,-66.02290856300583,-41.356773,4,0,0.4895,1,1
9.275800205767156,64930.60144037008,17.97400956548081,-66.02290921425437,-41.379967,4,0,0.4663,1,1
9.275900207459928,64931.301452219486,17.9740031337131,-66.0229098562825,-41.61766,4,0,0.2286,1,1
9.275900207459928,64931.301452219486,17.974003132663544,-66.0229098632376,-41.457397,4,0,0.3889,1,1
9.276200216263533,64933.40151384473,17.973983831798424,-66.02291182437064,-41.37602,4,0,0.4702,1,1
9.276200216263533,64933.40151384473,17.97398383371474,-66.02291181167138,-41.668644,4,0,0.1776,1,1
9.276300214231014,64934.1014996171,17.97397739951838,-66.02291247151182,-41.50365,4,0,0.3426,1,1
9.276300214231014,64934.1014996171,17.973977398345983,-66.02291247928129,-41.324623,4,0,0.5216,1,1
9.276500213891268,64935.50149723888,17.97396453220651,-66.02291378271104,-41.37605,4,0,0.4702,1,1
9.276500213891268,64935.50149723888,17.973964532072625,-66.0229137835983,-41.355606,4,0,0.4906,1,1
9.276500213891268,64935.50149723888,17.97396453133503,-66.0229137884865,-41.24297,4,0,0.6033,1,1
9.27660021558404,64936.20150908828,17.973958099204452,-66.02291443334859,-41.43009,4,0,0.4162,1,1
9.276800215244291,64937.60150671005,17.97394523169998,-66.02291574651336,-41.270164,4,0,0.5761,1,1
9.276900216937063,64938.301518559456,17.973938245324593,-66.02292019733791,46.282974,0,0,88.1292,0,0
9.276900216937063,64938.301518559456,17.973938798566582,-66.0229163984345,-41.301178,4,0,0.5451,1,1
9.276900216937063,64938.301518559456,17.973938799163207,-66.02291639448036,-41.392292,4,0,0.454,1,1
9.277000214904549,64939.00150433183,17.973932367121208,-66.02291704090061,-41.55172,4,0,0.2945,1,1
9.27710021659732,64939.70151618123,17.973925934566058,-66.02291768934124,-41.667385,4,0,0.1789,1,1
9.27710021659732,64939.70151618123,17.973925931589875,-66.02291770906638,-41.212868,4,0,0.6334,1,1
9.277200225740671,64940.4015801847,17.973919498386035,-66.0229183588777,-41.300316,4,0,0.5459,1,1
9.277300227433445,64941.1015920341,17.973913065442666,-66.02291901030506,-41.351665,4,0,0.4946,1,1
9.277400225400925,64941.80157780647,17.973906631428193,-66.02291967230016,-41.16064,4,0,0.6856,1,1
9.277400225400925,64941.80157780647,17.97390663347426,-66.0229196570644,-41.5123,4,0,0.3339,1,1
9.277400225400925,64941.80157780647,17.973906780354117,-66.02291864838885,-64.766975,3,0,-22.9207,0,0
9.277500227093697,64942.50158965588,17.973900199309874,-66.02292031705971,-41.370792,4,0,0.4755,1,1
9.27770022675395,64943.90158727765,17.973887332899743,-66.0229216266952,-41.332764,4,0,0.5135,1,1
9.27770022675395,64943.90158727765,17.973887332443585,-66.02292162971872,-41.263092,4,0,0.5832,1,1
9.277800224721432,64944.60157305002,17.973880899161628,-66.02292228793245,-41.168457,4,0,0.6778,1,1
9.27790019661188,64945.30137628317,17.973874467760872,-66.02292294158306,-41.17856,4,0,0.6677,1,1
9.27790019661188,64945.30137628317,17.973874469796918,-66.0229229280875,-41.48953,4,0,0.3567,1,1
9.278000194579365,64946.00136205554,17.97386803528838,-66.02292359338595,-41.236946,4,0,0.6093,1,1
9.278100196272137,64946.70137390494,17.973861602613493,-66.02292424530381,-41.295624,4,0,0.5506,1,1
9.278100196272137,64946.70137390494,17.97386160329972,-66.02292424075517,-41.400433,4,0,0.4458,1,1
9.278200194239616,64947.40135967732,17.973855168791555,-66.02292490841693,-41.09758,4,0,0.7487,1,1
9.278200194239616,64947.40135967732,17.97385517071604,-66.02292489398559,-41.4307,4,0,0.4155,1,1
9.278500206768513,64949.50144737959,17.973835869914343,-66.02292686835113,-41.200672,4,0,0.6456,1,1
9.278500206768513,64949.50144737959,17.973835879632038,-66.02292680225946,-42.72417,4,0,-0.8779,0,0
9.278500206768513,64949.50144737959,17.973835871871533,-66.02292685537722,-41.499622,4,0,0.3466,1,1
9.278600204735994,64950.20143315196,17.973829437183497,-66.0229275241239,-41.182064,4,0,0.6642,1,1
9.278600204735994,64950.20143315196,17.973829437110822,-66.02292752460559,-41.170967,4,0,0.6753,1,1
9.278800204396248,64951.601430773735,17.973816572609,-66.02292882952942,-41.294292,4,0,0.552,1,1
9.27890020608902,64952.30144262314,17.973810139995823,-66.02292948429428,-41.306896,4,0,0.5394,1,1
9.2790002040565,64953.00142839551,17.973803707458543,-66.02293014017997,-41.295807,4,0,0.5504,1,1
9.2790002040565,64953.00142839551,17.973803707773506,-66.02293013809198,-41.343918,4,0,0.5023,1,1
9.279100205749272,64953.70144024491,17.973797274535862,-66.0229307979644,-41.243847,4,0,0.6024,1,1
9.279200207442043,64954.40145209432,17.973790841665572,-66.02293145590862,-41.19073,4,0,0.6555,1,1
9.2794002071023,64955.80144971609,17.973777979383527,-66.02293275201478,-41.547394,4,0,0.2989,1,1
9.279500216245651,64956.50151371956,17.973771544905166,-66.02293341910415,-41.29233,4,0,0.5539,1,1
9.279600214213133,64957.20149949193,17.973765161293187,-66.02293374417496,-48.922565,4,0,-7.0763,0,3
9.279600214213133,64957.20149949193,17.97376512179161,-66.022934014434,-42.692245,4,0,-0.846,0,0
9.28000021725893,64960.00152081251,17.973739385176035,-66.0229366981978,-41.347633,4,0,0.4986,1,1
9.28000021725893,64960.00152081251,17.973739385150388,-66.02293669836783,-41.343716,4,0,0.5025,1,1
9.280100215226412,64960.70150658488,17.973732953851755,-66.02293735270553,-41.396416,4,0,0.4498,1,1
9.280200216919184,64961.401518434286,17.97372652071897,-66.02293801829902,-41.192966,4,0,0.6533,1,1
9.280200216919184,64961.401518434286,17.973726524452758,-66.02293799354337,-41.763393,4,0,0.0829,1,1
9.280300214886664,64962.10150420666,17.973720089154483,-66.02293867573303,-41.17962,4,0,0.6666,1,1
9.280400224030018,64962.801568210125,17.973713658331537,-66.02293932424718,-41.376167,4,0,0.4701,1,1
9.280800227075815,64965.60158953071,17.973687932527522,-66.02294195623165,-41.3102,4,0,0.536,1,1
9.280800227075815,64965.60158953071,17.9736879336706,-66.02294194865232,-41.484844,4,0,0.3614,1,1
9.280800227075815,64965.60158953071,17.973687932424497,-66.02294195691478,-41.294456,4,0,0.5518,1,1
9.281000226736069,64967.00158715248,17.97367507116245,-66.02294326734054,-41.40572,4,0,0.4405,1,1
9.281000226736069,64967.00158715248,17.973675071302658,-66.02294326641082,-41.427143,4,0,0.4191,1,1
9.28110022470355,64967.70157292485,17.97366864131713,-66.02294391930893,-41.539932,4,0,0.3063,1,1
9.281200226396322,64968.401584774256,17.973662210310813,-66.02294457822026,-41.51747,4,0,0.3288,1,1
9.281400196254252,64969.801373779774,17.9736493503385,-66.0229458990744,-41.405895,4,0,0.4404,1,1
9.281400196254252,64969.801373779774,17.97364935041018,-66.0229458985991,-41.416847,4,0,0.4294,1,1
9.281500194221737,64970.50135955215,17.973642919350155,-66.02294656194505,-41.299934,4,0,0.5463,1,1
9.281600195914509,64971.20137140155,17.97363648894854,-66.02294722022839,-41.303024,4,0,0.5432,1,1
9.281700193881989,64971.90135717392,17.97363006020489,-66.02294786996322,-41.505314,4,0,0.3409,1,1
9.281700193881989,64971.90135717392,17.973630059369572,-66.02294787550247,-41.377678,4,0,0.4686,1,1
9.28180019557476,64972.60136902332,17.973623628644813,-66.02294853727314,-41.306194,4,0,0.5401,1,1
9.28180019557476,64972.60136902332,17.973623678792276,-66.02294819299738,-49.243145,4,0,-7.3969,0,3
9.281900197267532,64973.30138087273,17.973617199156266,-66.0229491921913,-41.395226,4,0,0.451,1,1
9.281900197267532,64973.30138087273,17.973617199620627,-66.02294918911193,-41.466183,4,0,0.3801,1,1
9.281900197267532,64973.30138087273,17.973617199694548,-66.0229491886217,-41.477478,4,0,0.3688,1,1
9.282000206410885,64974.001444876194,17.973610768786322,-66.022949850752,-41.404274,4,0,0.442,1,1
9.282100204378366,64974.701430648565,17.973604339528812,-66.02295050756742,-41.454666,4,0,0.3916,1,1
9.282200206071138,64975.40144249797,17.97359790978778,-66.02295116697967,-41.44862,4,0,0.3976,1,1
9.282600205391644,64978.20143774152,17.9735722064065,-66.02295371088832,-43.612934,4,0,-1.7667,0,0
9.282700207084416,64978.90144959092,17.973565763872102,-66.02295446348178,-41.4729,4,0,0.3733,1,1
9.28280021622777,64979.60151359439,17.973559333915386,-66.02295512722124,-41.385433,4,0,0.4608,1,1
9.282900214195251,64980.30149936676,17.97355290664758,-66.02295577887185,-41.5777,4,0,0.2685,1,1
9.282900214195251,64980.30149936676,17.973552910653034,-66.02295575230704,-42.18981,4,0,-0.3436,0,0
9.282900214195251,64980.30149936676,17.973552904802304,-66.02295579111005,-41.295708,4,0,0.5505,1,1
9.283000215888023,64981.00151121616,17.973546479993665,-66.02295642595429,-41.87869,4,0,-0.0324,0,0
9.283200215548275,64982.40150883794,17.973533619922687,-66.02295776979415,-41.344177,4,0,0.5021,1,1
9.283200215548275,64982.40150883794,17.973533620115983,-66.02295776851216,-41.373714,4,0,0.4725,1,1
9.283300217241049,64983.10152068734,17.973527191007154,-66.02295843516062,-41.232567,4,0,0.6137,1,1
9.28340021520853,64983.80150645971,17.973520763043545,-66.02295909689911,-41.2069,4,0,0.6393,1,1
9.28340021520853,64983.80150645971,17.97352076369529,-66.02295909257641,-41.306507,4,0,0.5397,1,1
9.283600214868784,64985.20150408149,17.97350790760332,-66.02296042067897,-41.157337,4,0,0.6889,1,1
9.283600214868784,64985.20150408149,17.973507907601572,-66.02296041901471,-41.196274,4,0,0.65,1,1
9.28390021622181,64987.301513552666,17.97348862650635,-66.02296239644487,-41.33494,4,0,0.5113,1,1
9.28390021622181,64987.301513552666,17.973488626857183,-66.02296239411784,-41.38856,4,0,0.4577,1,1
9.284100227057934,64988.70158940554,17.97347577118869,-66.02296372487262,-41.20995,4,0,0.6363,2,1
9.284300226718187,64990.10158702731,17.973462918875143,-66.02296504298016,-41.332874,4,0,0.5134,2,1
9.284300226718187,64990.10158702731,17.973462919079953,-66.02296504162163,-41.364178,4,0,0.4821,2,1
9.28450022637844,64991.501584649086,17.97345006685146,-66.02296636418457,-41.39629,4,0,0.45,2,1
9.284700226038694,64992.90158227086,17.973437239272595,-66.02296752290817,-45.2174,4,0,-3.3712,0,0
9.284700226038694,64992.90158227086,17.973437215499697,-66.02296768563038,-41.46619,4,0,0.3801,1,1
9.284800194203854,64993.601359426975,17.973430790755472,-66.02296835562493,-41.28705,4,0,0.5592,1,1
9.284900195896626,64994.30137127638,17.97342436611978,-66.02296901214908,-41.42639,4,0,0.4199,1,1
9.284900195896626,64994.30137127638,17.973424380838306,-66.02296891116193,-43.754513,4,0,-1.9083,0,0
9.284900195896626,64994.30137127638,17.973424365274237,-66.02296901775796,-41.29715,4,0,0.5491,1,1
9.285000197589396,64995.00138312578,17.97341794053346,-66.02296967631064,-41.392735,4,0,0.4535,1,1
9.285200197249653,64996.40138074756,17.97340509047445,-66.0229710028521,-41.374863,4,0,0.4714,1,1
9.285300206393003,64997.101444751024,17.973398666609615,-66.02297165653552,-41.592747,4,0,0.2535,1,1
9.285500206053255,64998.5014423728,17.97338581645846,-66.02297299193395,-41.388744,4,0,0.4575,1,1
9.285500206053255,64998.5014423728,17.973385817540564,-66.02297298475543,-41.55415,4,0,0.2921,1,1
9.28560020402074,64999.20142814517,17.97337939276585,-66.02297365334084,-41.43594,4,0,0.4103,1,1
9.28570020571351,64999.90143999457,17.973372968010494,-66.0229743216513,-41.32763,4,0,0.5186,1,1
9.285900205373764,65001.30143761635,17.973360125700594,-66.02297561636102,-42.085163,4,0,-0.2389,1,0
9.286000207066536,65002.00144946575,17.973353698326942,-66.02297630636129,-41.48608,4,0,0.3602,1,1
9.286000207066536,65002.00144946575,17.973353699143797,-66.02297630094213,-41.610947,4,0,0.2353,1,1
9.28620020672679,65003.401447087526,17.97334085167614,-66.02297763861253,-41.396595,4,0,0.4497,1,1
9.286300204694273,65004.1014328599,17.973334429202577,-66.02297830209118,-41.417065,4,0,0.4292,1,1
9.286300204694273,65004.1014328599,17.973334428417175,-66.02297830730177,-41.297,4,0,0.5492,1,1
9.286400206387045,65004.8014447093,17.973328005750464,-66.02297897199678,-41.29302,4,0,0.5532,1,1
9.286500215530396,65005.50150871277,17.97332158301846,-66.02297963550834,-41.32045,4,0,0.5258,1,1
9.286500215530396,65005.50150871277,17.97332158555786,-66.02297961866091,-41.70865,4,0,0.1376,1,1
9.286600217223167,65006.20152056217,17.973315161943642,-66.0229802926701,-41.49606,4,0,0.3502,1,1
9.286600217223167,65006.20152056217,17.973315161217442,-66.02298029748799,-41.385044,4,0,0.4612,1,1
9.286600217223167,65006.20152056217,17.973315160281132,-66.02298030369992,-41.24191,4,0,0.6043,1,1
9.28680021688342,65007.60151818395,17.973302318216394,-66.02298162362477,-41.472504,4,0,0.3737,1,1
9.286900214850904,65008.30150395632,17.973295895603712,-66.02298229717601,-41.278908,4,0,0.5673,1,1
9.287200216203928,65010.401513427496,17.97327663261079,-66.0229842919792,-41.31292,4,0,0.5333,1,1
9.287200216203928,65010.401513427496,17.973276632455732,-66.02298429300798,-41.289215,4,0,0.557,1,1
9.287400227040052,65011.80158928037,17.97326379299093,-66.02298560944688,-41.638023,4,0,0.2082,1,1
9.287500225007534,65012.50157505274,17.973257370684138,-66.02298629050358,-41.289482,4,0,0.5568,1,1
9.287600226700306,65013.20158690214,17.9732509523245,-66.02298694543423,-41.54651,4,0,0.2997,1,1
9.287700224667788,65013.90157267451,17.973244531137887,-66.02298762231885,-41.300087,4,0,0.5462,1,1
9.288000226020811,65016.00158214569,17.973225273863378,-66.02298961805415,-41.38449,4,0,0.4618,1,1
9.288000226020811,65016.00158214569,17.973225273868596,-66.02298961801948,-41.38529,4,0,0.461,1,1
9.288100227713583,65016.70159399509,17.973218855263067,-66.02299028285454,-41.42903,4,0,0.4172,1,1
9.288200195878744,65017.40137115121,17.973212439505147,-66.02299094453348,-41.54332,4,0,0.3029,1,1
9.288300197571516,65018.10138300061,17.973206021366977,-66.02299160964327,-41.586685,4,0,0.2596,1,1
9.288300197571516,65018.10138300061,17.97320602031653,-66.02299161661337,-41.42608,4,0,0.4202,1,1
9.288400195538998,65018.80136877298,17.97319960203151,-66.02299228596112,-41.37419,4,0,0.4721,1,1
9.288800194859505,65021.60136401653,17.973173933552328,-66.02299494650309,-41.585663,4,0,0.2606,1,1
9.288800194859505,65021.60136401653,17.97317393169814,-66.02299495880655,-41.302166,4,0,0.5441,1,1
9.28900020569563,65023.00143986941,17.973161097819386,-66.02299629244361,-41.34979,4,0,0.4965,1,1
9.2891002073884,65023.70145171881,17.97315468397426,-66.02299694293242,-41.753716,4,0,0.0925,1,1
9.289200205355884,65024.40143749118,17.973148272207027,-66.02299758128963,-42.440132,4,0,-0.5939,0,0
9.289300207048656,65025.10144934058,17.97314185181288,-66.02299828046417,-41.72752,4,0,0.1187,1,1
9.289400205016136,65025.80143511295,17.97313543515335,-66.02299895652983,-41.550327,4,0,0.2959,1,1
9.289500206708908,65026.50144696236,17.973129019618494,-66.02299962536762,-41.54317,4,0,0.3031,1,1
9.289500206708908,65026.50144696236,17.973129025125857,-66.02299958714535,-42.42448,4,0,-0.5782,0,0
9.28960020467639,65027.20143273473,17.97312260632662,-66.02300028268677,-41.803776,4,0,0.0425,1,1
9.28960020467639,65027.20143273473,17.973122603196874,-66.02300030345512,-41.32523,4,0,0.521,1,1
9.289700206369162,65027.90144458413,17.973116188813222,-66.02300096826995,-41.4166,4,0,0.4296,1,1
9.289700206369162,65027.90144458413,17.973116189678723,-66.0230009625266,-41.54894,4,0,0.2973,1,1
9.289800215512514,65028.6015085876,17.973109774196107,-66.02300163333223,-41.50632,4,0,0.3399,1,1
9.289900217205286,65029.301520437,17.97310338238963,-66.02300214694354,-45.08931,4,0,-3.2431,0,0
9.289900217205286,65029.301520437,17.973103360133344,-66.0230022996644,-41.56853,4,0,0.2777,1,1
9.290000215172768,65030.00150620937,17.973096990781777,-66.02300266263057,-48.626785,4,0,-6.7805,0,3
9.29010021686554,65030.70151805878,17.973090531012055,-66.02300364600796,-41.38585,4,0,0.4604,1,1
9.29020021483302,65031.40150383115,17.973084117934096,-66.02300431245408,-41.453663,4,0,0.3926,1,1
9.290300216525791,65032.10151568055,17.973077706558357,-66.0230049683362,-41.76819,4,0,0.0781,1,1
9.290300216525791,65032.10151568055,17.97307770387864,-66.02300498611889,-41.358437,4,0,0.4878,1,1
9.290300216525791,65032.10151568055,17.973077704324194,-66.0230049831622,-41.426567,4,0,0.4197,1,1
9.290400214493276,65032.80150145292,17.973071292450868,-66.02300564576944,-41.58842,4,0,0.2578,1,1
9.290500216186048,65033.501513302326,17.973064877820743,-66.02300632698005,-41.325047,4,0,0.5212,1,1
9.290600214153528,65034.2014990747,17.973058443811397,-66.02300698259707,-41.309864,4,0,0.5364,1,1
9.290600214153528,65034.2014990747,17.97305844347103,-66.0230069848558,-41.25782,4,0,0.5884,1,1
9.2907002158463,65034.9015109241,17.973052033000666,-66.02300765224717,-41.340427,4,0,0.5058,1,1
9.290900226682425,65036.30158677697,17.97303921254908,-66.02300898635386,-41.530903,4,0,0.3153,1,1
9.290900226682425,65036.30158677697,17.973039210685588,-66.02300899872047,-41.245945,4,0,0.6003,1,1
9.291000224649906,65037.00157254934,17.973032801422576,-66.02300966535745,-41.353863,4,0,0.4924,1,1
9.291100226342678,65037.70158439875,17.97302639110958,-66.02301033930992,-41.296597,4,0,0.5497,1,1
9.291100226342678,65037.70158439875,17.973026391890308,-66.02301033412878,-41.41598,4,0,0.4303,1,1
9.29120022431016,65038.40157017112,17.97301998203801,-66.0230110084946,-41.35141,4,0,0.4948,1,1
9.29120022431016,65038.40157017112,17.97301999993187,-66.02301088639125,-44.16612,4,0,-2.3199,0,0
9.29120022431016,65038.40157017112,17.973019982578684,-66.02301100490652,-41.434086,4,0,0.4122,1,1
9.291300226002932,65039.10158202052,17.973013572667053,-66.02301168002147,-41.35561,4,0,0.4906,1,1
9.291300226002932,65039.10158202052,17.97301357170839,-66.02301168638354,-41.209015,4,0,0.6372,1,1
9.291600197553636,65041.20138287544,17.972994347881006,-66.02301369808096,-41.299408,4,0,0.5468,1,1
9.291600197553636,65041.20138287544,17.97299434774604,-66.02301369897665,-41.278767,4,0,0.5675,1,1
9.291700195521116,65041.90136864781,17.972987939893336,-66.02301436967981,-41.312355,4,0,0.5339,1,1
9.291700195521116,65041.90136864781,17.972987940228176,-66.02301436745772,-41.36356,4,0,0.4827,1,1
9.291700195521116,65041.90136864781,17.972987939157207,-66.02301437624196,-41.160564,4,0,0.6857,1,1
9.291800197213888,65042.60138049722,17.972981531393057,-66.02301504505296,-41.241627,4,0,0.6046,1,1
9.291800197213888,65042.60138049722,17.97298153203807,-66.02301504077235,-41.34026,4,0,0.506,1,1
9.292000196874142,65044.00137811899,17.972968771885228,-66.02301600987535,-50.00435,4,0,-8.1581,3,3
9.292100194841623,65044.70136389136,17.97296230917611,-66.0230170657897,-41.167843,4,0,0.6784,1,1
9.292100194841623,65044.70136389136,17.97296230958779,-66.02301706138073,-41.270023,4,0,0.5762,1,1
9.292200207710266,65045.40145397186,17.97295596152699,-66.02301732530765,-50.697094,4,0,-8.8508,3,3
9.292200207710266,65045.40145397186,17.972955901962017,-66.0230177340268,-41.27456,4,0,0.5717,1,1
9.292300205677748,65046.10143974424,17.972949552002895,-66.02301801873149,-50.223194,4,0,-8.3769,3,3
9.292300205677748,65046.10143974424,17.97294956927355,-66.0230179007603,-52.942696,4,0,-11.0964,0,0
9.292300205677748,65046.10143974424,17.972949495163977,-66.02301841103706,-41.17828,4,0,0.668,1,1
9.292300205677748,65046.10143974424,17.972949496666345,-66.0230183993897,-41.447247,4,0,0.399,1,1
9.292500205338,65047.50143736601,17.972936682926196,-66.02301975529697,-41.220806,4,0,0.6254,1,1
9.292500205338,65047.50143736601,17.972936683116945,-66.02301975403107,-41.249977,4,0,0.5963,1,1
9.292600207030771,65048.20144921541,17.972930278573504,-66.02302041869056,-41.44727,4,0,0.399,1,1
9.292700204998257,65048.90143498778,17.97292388480771,-66.02302101365817,-43.253014,4,0,-1.4068,0,0
9.292700204998257,65048.90143498778,17.97292388755408,-66.02302099375471,-43.712223,4,0,-1.866,0,0
9.292700204998257,65048.90143498778,17.972923871737333,-66.02302110207802,-41.21502,4,0,0.6312,1,1
9.292800206691028,65049.60144683719,17.97291746764715,-66.02302176763769,-41.396706,4,0,0.4495,1,1
9.292900204658508,65050.30143260956,17.972911062771164,-66.02302244192809,-41.379177,4,0,0.4671,1,1
9.292900204658508,65050.30143260956,17.972911062105805,-66.02302244634383,-41.277428,4,0,0.5688,1,1
9.29300020635128,65051.00144445896,17.97290465761601,-66.02302311802534,-41.323254,4,0,0.523,1,1
9.293300215154886,65053.10150608421,17.972885444281896,-66.02302514371667,-41.23058,4,0,0.6157,1,1
9.293300215154886,65053.10150608421,17.972885444298065,-66.02302514360935,-41.233055,4,0,0.6132,1,1
9.29350021481514,65054.50150370598,17.97287263859745,-66.02302648532022,-41.384262,4,0,0.462,1,1
9.293600216507912,65055.20151555538,17.97286623507956,-66.02302716277492,-41.31174,4,0,0.5345,1,1
9.293700214475392,65055.90150132775,17.972859831874224,-66.02302784335602,-41.168423,4,0,0.6778,1,1
9.293700214475392,65055.90150132775,17.97285990962757,-66.02302730720805,-53.52965,4,0,-11.6834,0,0
9.293800216168163,65056.60151317716,17.972853430219548,-66.02302851070104,-41.334244,4,0,0.512,1,1
9.293900217860935,65057.30152502656,17.972847027132044,-66.02302919119947,-41.198765,4,0,0.6475,1,1
9.293900217860935,65057.30152502656,17.97284702732152,-66.02302918994198,-41.22774,4,0,0.6185,1,1
9.29410021752119,65058.701522648335,17.972834224152002,-66.02303053845272,-41.250965,4,0,0.5953,1,1
9.294200215488672,65059.40150842071,17.972827823067373,-66.02303121311918,-41.25631,4,0,0.5899,1,1
9.294300224632025,65060.10157242417,17.9728214224296,-66.02303188211567,-41.396343,4,0,0.4499,1,1
9.294300224632025,65060.10157242417,17.972821421598073,-66.02303188763427,-41.26918,4,0,0.5771,1,1
9.294400226324797,65060.80158427358,17.972815020445697,-66.02303256512853,-41.21453,4,0,0.6317,1,1
9.294500224292278,65061.50157004595,17.972808633455937,-66.02303315047727,-43.285435,4,0,-1.4392,0,0
9.294500224292278,65061.50157004595,17.972808623782072,-66.02303321635702,-41.766804,4,0,0.0794,1,1
9.29460022598505,65062.20158189535,17.972802220183965,-66.02303391401736,-41.25199,4,0,0.5943,1,1
9.29460022598505,65062.20158189535,17.972802221195945,-66.02303390730114,-41.40675,4,0,0.4395,1,1
9.294700227677822,65062.90159374476,17.972795821858753,-66.02303457864956,-41.50046,4,0,0.3458,1,1
9.294900227338076,65064.30159136653,17.972783021090986,-66.02303594269348,-41.202026,4,0,0.6442,1,1
9.295000225305555,65065.0015771389,17.97277662215843,-66.0230366204852,-41.15268,4,0,0.6936,1,1
9.295100197196009,65065.70138037205,17.972770225316975,-66.02303729390572,-41.203323,4,0,0.6429,1,1
9.295100197196009,65065.70138037205,17.972770228403704,-66.02303727341996,-41.67537,4,0,0.1709,1,1
9.295200195163488,65066.40136614442,17.972763827026732,-66.02303797135909,-41.166058,4,0,0.6802,1,1
9.29530019685626,65067.10137799382,17.97275742933617,-66.02303864188282,-41.292343,4,0,0.5539,1,1
9.295600205659866,65069.20143961906,17.97273823567763,-66.02304067257323,-41.241955,4,0,0.6043,1,1
9.295600205659866,65069.20143961906,17.972738235504092,-66.02304067372499,-41.215416,4,0,0.6308,1,1
9.295700207352638,65069.90145146847,17.97273184052605,-66.0230413357513,-41.545185,4,0,0.3011,1,1
9.29580020532012,65070.60143724084,17.972725442649892,-66.02304202052062,-41.352325,4,0,0.4939,1,1
9.296000204980372,65072.00143486261,17.97271264964995,-66.02304337563194,-41.305737,4,0,0.5405,1,1
9.296100206673144,65072.70144671202,17.972706253101837,-66.023044057553,-41.184437,4,0,0.6618,1,1
9.296100206673144,65072.70144671202,17.972706253724777,-66.0230440517421,-41.31892,4,0,0.5273,1,1
9.296100206673144,65072.70144671202,17.97270625652618,-66.02304403315019,-41.747334,4,0,0.0989,1,1
9.296200204640629,65073.40143248439,17.972699857742235,-66.02304473173255,-41.24405,4,0,0.6022,1,1
9.296200204640629,65073.40143248439,17.972699860681097,-66.02304471222843,-41.69348,4,0,0.1528,1,1
9.2963002063334,65074.10144433379,17.972693462806006,-66.02304540516442,-41.3228,4,0,0.5234,1,1
9.29640020430088,65074.80143010616,17.972687066896672,-66.02304609022566,-41.134304,4,0,0.7119,1,1
9.296500205993652,65075.50144195557,17.972680028876603,-66.02305118801421,60.788383,0,0,102.6346,0,0
9.296500205993652,65075.50144195557,17.97268067495864,-66.02304674595736,-41.62528,4,0,0.221,1,1
9.296800214797258,65077.60150358081,17.97266149123491,-66.02304878070711,-41.55139,4,0,0.2949,1,1
9.29690021649003,65078.30151543021,17.972655151373605,-66.02304908848241,-50.07112,4,0,-8.2249,3,3
9.29690021649003,65078.30151543021,17.972655096846374,-66.02304946209269,-41.45792,4,0,0.3883,1,1
9.297100216150284,65079.70151305199,17.972642310729697,-66.02305081452069,-41.514023,4,0,0.3322,1,1
9.297200217843056,65080.40152490139,17.972635918069688,-66.02305149018531,-41.557625,4,0,0.2886,1,1
9.297300215810536,65081.10151067376,17.972629525501354,-66.02305216870609,-41.536533,4,0,0.3097,1,1
9.297300215810536,65081.10151067376,17.972629603461296,-66.02305163288189,-53.89,3,0,-12.0438,0,0
9.29750021547079,65082.501508295536,17.972616740486007,-66.02305352910051,-41.4227,4,0,0.4235,1,1
9.297800224274395,65084.60156992078,17.972597602722985,-66.02305530777966,-47.303852,4,0,-5.4576,0,0
9.297800224274395,65084.60156992078,17.972597569762588,-66.02305553490127,-42.067326,4,0,-0.2211,0,0
9.297900225967169,65085.30158177018,17.972591175958097,-66.02305623144285,-41.641327,4,0,0.2049,1,1
9.297900225967169,65085.30158177018,17.972591175653076,-66.02305623346709,-41.59468,4,0,0.2516,1,1
9.29800022765994,65086.00159361959,17.972584784665276,-66.0230569131962,-41.557644,4,0,0.2886,1,1
9.298100225627422,65086.70157939196,17.972578393799836,-66.02305759554297,-41.461235,4,0,0.385,1,1
9.298100225627422,65086.70157939196,17.972578393139774,-66.02305759992338,-41.360294,4,0,0.486,1,1
9.298300225287676,65088.10157701373,17.97256561407465,-66.02305895097848,-41.486824,4,0,0.3594,1,1
9.298500195145609,65089.50136601925,17.972552837644237,-66.0230603044252,-41.559425,4,0,0.2868,1,1
9.298500195145609,65089.50136601925,17.972552838028484,-66.02306030187526,-41.618183,4,0,0.2281,1,1
9.29870019480586,65090.90136364102,17.972540060961293,-66.02306165405187,-41.730488,4,0,0.1158,1,1
9.298800196498632,65091.60137549043,17.972533673010894,-66.02306232848517,-41.827072,4,0,0.0192,1,1
9.298900194466114,65092.3013612628,17.972527281298564,-66.02306303127057,-41.271095,4,0,0.5752,1,1
9.298900194466114,65092.3013612628,17.972527282501648,-66.02306302328677,-41.45507,4,0,0.3912,1,1
9.299100205302238,65093.70143711567,17.97251450682916,-66.02306437667534,-41.55184,4,0,0.2944,1,1
9.299100205302238,65093.70143711567,17.97251450698543,-66.02306437563827,-41.57574,4,0,0.2705,1,1
9.29920020699501,65094.40144896507,17.97250813200932,-66.02306496791994,-43.571796,4,0,-1.7255,0,0
9.299500204622746,65096.50143235922,17.97248895846619,-66.0230670947284,-41.497192,4,0,0.3491,1,1
9.299600206315516,65097.20144420862,17.972482572577913,-66.0230677699785,-41.585075,4,0,0.2612,1,1
9.299700204283,65097.90142998099,17.97247624544544,-66.0230680452575,-50.894943,4,0,-9.0487,3,3
9.299700204283,65097.90142998099,17.972476185664654,-66.02306845536786,-41.439888,4,0,0.4064,1,1
9.299900207668545,65099.3014536798,17.972463413398334,-66.02306981801219,-41.34151,4,0,0.5047,1,1
9.300000205636024,65100.00143945217,17.972457027495665,-66.02307050200734,-41.23179,4,0,0.6145,1,1
9.300000205636024,65100.00143945217,17.972457077915653,-66.02307015569573,-49.216133,4,0,-7.3699,0,0
9.300200216472147,65101.40151530504,17.972444257182797,-66.02307185914457,-41.267937,4,0,0.5783,1,1
9.30030021443963,65102.10150107741,17.972437873042317,-66.02307253669508,-41.30984,4,0,0.5364,1,1
9.30030021443963,65102.10150107741,17.972437872850293,-66.02307253796927,-41.28048,4,0,0.5658,1,1
9.300500217825174,65103.50152477622,17.97242510492412,-66.02307389280755,-41.374462,4,0,0.4718,1,1
9.300600215792656,65104.20151054859,17.972417867758775,-66.02308043868047,93.882195,0,0,135.7284,0,0
9.300600215792656,65104.20151054859,17.972418079921802,-66.02307898056927,60.263134,0,0,102.1094,0,0
9.300600215792656,65104.20151054859,17.972418721106653,-66.02307457339695,-41.349243,4,0,0.497,1,1
9.300700217485428,65104.901522398,17.97241233684505,-66.02307525709283,-41.253944,4,0,0.5923,1,1
9.300700217485428,65104.901522398,17.972412336760193,-66.02307525765586,-41.24097,4,0,0.6053,1,1
9.30080021545291,65105.601508170366,17.972405953736136,-66.02307593639706,-41.26016,4,0,0.5861,1,1
9.30090021714568,65106.30152001977,17.97239956982986,-66.02307662281255,-41.103367,4,0,0.7429,1,1
9.301000215113165,65107.00150579214,17.97239318825151,-66.02307729366906,-41.30655,4,0,0.5397,1,1
9.301000215113165,65107.00150579214,17.97239318888852,-66.02307728944227,-41.40395,4,0,0.4423,1,1
9.301100227981806,65107.70159587264,17.972386804521342,-66.02307797595131,-41.249012,4,0,0.5972,1,1
9.301100227981806,65107.70159587264,17.972386805037157,-66.02307797252865,-41.32788,4,0,0.5184,1,1
9.30140022560954,65109.80157926679,17.972367659062655,-66.02308001183928,-41.327194,4,0,0.5191,1,1
9.301500227302313,65110.50159111619,17.972361278736035,-66.02308068236454,-41.54199,4,0,0.3043,1,1
9.301800224930048,65112.601574510336,17.97234213492056,-66.02308272705505,-41.425873,4,0,0.4204,1,1
9.30200019478798,65114.001363515854,17.97232937656279,-66.0230840823752,-41.52705,4,0,0.3192,1,1
9.302100196480753,65114.70137536526,17.97232302951629,-66.0230845355451,-46.756626,4,0,-4.9104,0,0
9.302100196480753,65114.70137536526,17.97232299575291,-66.02308476626729,-41.437534,4,0,0.4087,1,1
9.302200194448233,65115.40136113763,17.972316614857874,-66.02308545385974,-41.26271,4,0,0.5835,1,1
9.302200194448233,65115.40136113763,17.97231661521928,-66.02308545146182,-41.31797,4,0,0.5283,1,1
9.302300196141005,65116.10137298703,17.972310236356165,-66.02308612559514,-41.45441,4,0,0.3918,1,1
9.302400197833776,65116.80138483644,17.972303856003027,-66.02308681117884,-41.327488,4,0,0.5188,1,1
9.302400197833776,65116.80138483644,17.97230385632374,-66.023086809051,-41.376522,4,0,0.4697,1,1
9.302500206977127,65117.5014488399,17.972297475844154,-66.02308749392587,-41.26758,4,0,0.5787,1,1
9.30260020494461,65118.201434612274,17.972291098316518,-66.02308816541439,-41.46581,4,0,0.3804,1,1
9.302700206637384,65118.90144646168,17.9722847202455,-66.02308884049218,-41.582336,4,0,0.2639,1,1
9.302800204604864,65119.60143223405,17.97227833976603,-66.02308953462527,-41.259575,4,0,0.5867,1,1
9.302800204604864,65119.60143223405,17.972278339801132,-66.02308953439241,-41.26494,4,0,0.5813,1,1
9.30320020765066,65122.40145355463,17.97225282832623,-66.02309225203621,-41.33617,4,0,0.5101,1,1
9.303300205618145,65123.101439327,17.972246451414538,-66.02309292997172,-41.38829,4,0,0.458,1,1
9.303400207310917,65123.801451176405,17.97224007467927,-66.02309360664938,-41.47023,4,0,0.376,1,1
9.303400207310917,65123.801451176405,17.972240073831472,-66.02309361227391,-41.34062,4,0,0.5056,1,1
9.303500216454268,65124.50151517987,17.972233696096406,-66.02309429393593,-41.30909,4,0,0.5372,1,1
9.303800217807291,65126.60152465105,17.972214568365633,-66.0230963220661,-41.599953,4,0,0.2463,1,1
9.303900215774776,65127.30151042342,17.972208191637357,-66.02309700740277,-41.48264,4,0,0.3636,1,1
9.304100215435028,65128.7015080452,17.972195438825317,-66.02309837643182,-41.286762,4,0,0.5595,1,1
9.3042002171278,65129.4015198946,17.972189063914357,-66.02309905232173,-41.38795,4,0,0.4583,1,1
9.304400216788054,65130.801517516375,17.972176314922706,-66.02310040373308,-41.598392,4,0,0.2479,1,1
9.304600227624178,65132.201593369246,17.97216356333006,-66.02310177360214,-41.385014,4,0,0.4612,1,1
9.304800227284431,65133.60159099102,17.972150814936768,-66.02310313216655,-41.430077,4,0,0.4162,1,1
9.304800227284431,65133.60159099102,17.972150814683147,-66.02310313384896,-41.391304,4,0,0.4549,1,1
9.304900225251911,65134.30157676339,17.972144440833986,-66.02310381354675,-41.40379,4,0,0.4425,1,1
9.305000226944683,65135.0015886128,17.97213806708302,-66.02310449232458,-41.4379,4,0,0.4083,1,1
9.305100224912168,65135.701574385166,17.972131752352162,-66.02310476901701,-50.7418,4,0,-8.8956,3,3
9.305100224912168,65135.701574385166,17.972131692607505,-66.02310517872728,-41.29554,4,0,0.5507,1,1
9.305100224912168,65135.701574385166,17.97213169341747,-66.02310517335455,-41.41935,4,0,0.4269,1,1
9.305300194770098,65137.10136339069,17.97211894883753,-66.02310653176968,-41.461517,4,0,0.3847,1,1
9.30540019646287,65137.80137524009,17.972112574355307,-66.02310722039961,-41.267723,4,0,0.5785,1,1
9.30540019646287,65137.80137524009,17.972112574270515,-66.02310722096205,-41.25476,4,0,0.5915,1,1
9.305600196123123,65139.20137286186,17.972099828163135,-66.02310858614162,-41.14352,4,0,0.7027,1,1
9.305700197815897,65139.90138471127,17.97209345740386,-66.02310925202156,-41.473663,4,0,0.3726,1,1
9.305800195783377,65140.60137048364,17.97208708358739,-66.02310994426222,-41.194218,4,0,0.652,1,1
9.305800195783377,65140.60137048364,17.97208708399272,-66.02310993989785,-41.29538,4,0,0.5509,1,1
9.305800195783377,65140.60137048364,17.972087085362723,-66.02310993081085,-41.504787,4,0,0.3415,1,1
9.30590020492673,65141.301434487104,17.97208071084642,-66.02311062421398,-41.19992,4,0,0.6463,1,1
9.3060002066195,65142.00144633651,17.972074338626904,-66.02311130328525,-41.22493,4,0,0.6213,1,1
9.306100204586985,65142.70143210888,17.972067969409743,-66.02311196681016,-41.606598,4,0,0.2397,1,1
9.306200206279756,65143.40144395828,17.972061595665966,-66.02311265993886,-41.306183,4,0,0.5401,1,1
9.306200206279756,65143.40144395828,17.972061594981604,-66.02311266615358,-41.16238,4,0,0.6839,1,1
9.306300207972528,65144.101455807686,17.972055223560968,-66.02311334331411,-41.23005,4,0,0.6162,1,1
9.306400205940008,65144.80144158006,17.972048852354675,-66.02311402338046,-41.22908,4,0,0.6172,1,1
9.30650020763278,65145.50145342946,17.972042546102923,-66.02311425710347,-51.519325,4,0,-9.6731,3,3
9.30650020763278,65145.50145342946,17.97204248134144,-66.02311470170709,-41.268253,4,0,0.578,1,1
9.306600205600262,65146.20143920183,17.972036110181595,-66.02311538363088,-41.223392,4,0,0.6229,1,1
9.306800205260515,65147.60143682361,17.972023369047584,-66.02311674123969,-41.276253,4,0,0.57,1,1
9.306800205260515,65147.60143682361,17.972023369126994,-66.02311674071301,-41.28839,4,0,0.5579,1,1
9.306900206953287,65148.30144867301,17.97201699874482,-66.02311741907712,-41.324326,4,0,0.5219,1,1
9.306900206953287,65148.30144867301,17.972016999297082,-66.02311741541448,-41.40873,4,0,0.4375,1,1
9.307100217789412,65149.70152452588,17.972004256602403,-66.02311878657397,-41.146618,4,0,0.6996,1,1
9.307100217789412,65149.70152452588,17.97200431766183,-66.02311836654972,-50.83131,4,0,-8.9851,3,3
9.307100217789412,65149.70152452588,17.972004362569663,-66.02311805866911,-57.929886,2,0,-16.0836,0,0
9.307400215417148,65151.80150792003,17.97198514824231,-66.0231208161234,-41.37334,4,0,0.4729,1,1
9.30750021710992,65152.50151976943,17.971978777789477,-66.02312150087587,-41.257744,4,0,0.5885,1,1
9.307700216770172,65153.901517391205,17.97196603949837,-66.02312285738795,-41.32295,4,0,0.5233,1,1
9.307700216770172,65153.901517391205,17.97196603907961,-66.02312286016497,-41.25895,4,0,0.5873,1,1
9.307700216770172,65153.901517391205,17.971966040342128,-66.02312285179255,-41.451893,4,0,0.3944,1,1
9.307800225913525,65154.60158139467,17.97195966956206,-66.02312353838808,-41.2925,4,0,0.5537,1,1
9.307800225913525,65154.60158139467,17.971959670750802,-66.02312353050502,-41.474167,4,0,0.3721,1,1
9.308000225573778,65156.00157901645,17.97194693280869,-66.02312489011193,-41.462852,4,0,0.3834,1,1
9.308000225573778,65156.00157901645,17.971946931931335,-66.02312489593,-41.328773,4,0,0.5175,1,1
9.30810022726655,65156.70159086585,17.971940562492573,-66.02312557936598,-41.238316,4,0,0.6079,1,1
9.30810022726655,65156.70159086585,17.97194056395843,-66.02312556964557,-41.462322,4,0,0.3839,1,1
9.308300226926804,65158.101588487625,17.97192782748885,-66.02312692463548,-41.55177,4,0,0.2945,1,1
9.308300226926804,65158.101588487625,17.971927826595024,-66.02312693056251,-41.41518,4,0,0.4311,1,1
9.308400224894283,65158.80157426,17.9719214604362,-66.02312759630463,-41.728966,4,0,0.1173,1,1
9.308500226587055,65159.5015861094,17.97191508908644,-66.02312829572647,-41.266155,4,0,0.5801,1,1
9.30860022455454,65160.20157188177,17.97190872162758,-66.02312897168706,-41.342384,4,0,0.5039,1,1
9.30870022624731,65160.90158373117,17.97190235411024,-66.023129647264,-41.42696,4,0,0.4193,1,1
9.30880019813776,65161.60138696432,17.971895987756948,-66.02313032826518,-41.380775,4,0,0.4655,1,1
9.30880019813776,65161.60138696432,17.971895987442643,-66.02313033034926,-41.332745,4,0,0.5135,1,1
9.308900196105242,65162.30137273669,17.971889620559438,-66.02313100477704,-41.441006,4,0,0.4052,1,1
9.309300195425749,65165.10136798024,17.971864151039803,-66.02313371972673,-41.466244,4,0,0.38,1,1
9.309500206261871,65166.50144383311,17.971851419990223,-66.02313505204137,-42.05309,4,0,-0.2068,1,0
9.3098002076149,65168.60145330429,17.971832318246577,-66.02313709573109,-41.87925,4,0,-0.033,1,1
9.30990020558238,65169.30143907666,17.971825948229807,-66.02313779755521,-41.343624,4,0,0.5026,1,1
9.30990020558238,65169.30143907666,17.971825947992432,-66.02313779912899,-41.307358,4,0,0.5389,1,1
9.310000207275152,65170.00145092607,17.971819643189004,-66.02313805374685,-51.081802,4,0,-9.2356,3,3
9.310100205242634,65170.70143669844,17.971813215562115,-66.0231391520543,-41.401573,4,0,0.4447,1,1
9.310100205242634,65170.70143669844,17.971813215167433,-66.0231391546709,-41.34127,4,0,0.505,1,1
9.31040021777153,65172.80152440071,17.971794176601744,-66.02314077171106,-50.981136,4,0,-9.1349,3,3
9.31040021777153,65172.80152440071,17.971794115926823,-66.02314118735735,-41.39767,4,0,0.4486,1,1
9.310500215739012,65173.50151017308,17.971787748799954,-66.02314187324237,-41.220734,4,0,0.6255,1,1
9.310700215399264,65174.90150779486,17.971774957301474,-66.02314319397028,-41.48378,4,0,0.3625,1,1
9.31090021505952,65176.30150541663,17.971762238416527,-66.02314452404705,-42.155987,4,0,-0.3097,0,0
9.31090021505952,65176.30150541663,17.971762234171305,-66.02314455218975,-41.507423,4,0,0.3388,1,1
9.31090021505952,65176.30150541663,17.971762234197882,-66.02314455201356,-41.511482,4,0,0.3348,1,1
9.31090021505952,65176.30150541663,17.97176223231028,-66.02314456452693,-41.223106,4,0,0.6231,1,1
9.31100021675229,65177.00151726604,17.971755872085243,-66.0231452346239,-41.440533,4,0,0.4057,1,1
9.311100214719772,65177.70150303841,17.971749510348246,-66.02314591668876,-41.379932,4,0,0.4663,1,1
9.311200216412544,65178.40151488781,17.97174314864949,-66.02314659733142,-41.35103,4,0,0.4952,1,1
9.311200216412544,65178.40151488781,17.97174314871019,-66.02314659692907,-41.360302,4,0,0.4859,1,1
9.311200216412544,65178.40151488781,17.971743148909688,-66.0231465956066,-41.390778,4,0,0.4555,1,1
9.311300218105316,65179.10152673721,17.971736787679873,-66.02314727349459,-41.42366,4,0,0.4226,1,1
9.311300218105316,65179.10152673721,17.97173679208917,-66.02314724426581,-42.09726,4,0,-0.251,1,0
9.311300218105316,65179.10152673721,17.97173678657734,-66.02314728080324,-41.25523,4,0,0.591,1,1
9.311400216072798,65179.801512509584,17.97173042795614,-66.02314794327648,-41.64105,4,0,0.2052,1,1
9.311400216072798,65179.801512509584,17.971730426438263,-66.02314795333815,-41.40917,4,0,0.4371,1,1
9.311400216072798,65179.801512509584,17.971730434467734,-66.02314789843732,-42.674984,4,0,-0.8287,0,0
9.31150022521615,65180.50157651305,17.971724064021465,-66.02314863664444,-41.314873,4,0,0.5314,1,1
9.31150022521615,65180.50157651305,17.971724065652857,-66.02314862583039,-41.564087,4,0,0.2822,1,1
9.31150022521615,65180.50157651305,17.971724064826617,-66.0231486313073,-41.43787,4,0,0.4084,1,1
9.311600226908922,65181.201588362455,17.971717703381465,-66.0231493115503,-41.411213,4,0,0.435,1,1
9.311800226569176,65182.60158598423,17.97170498194189,-66.02315066473497,-41.520115,4,0,0.3261,1,1
9.311900228261948,65183.30159783363,17.971698620769196,-66.02315134389639,-41.51285,4,0,0.3334,1,1
9.31200022622943,65184.001583606005,17.97169225947308,-66.02315202561726,-41.444122,4,0,0.4021,1,1
9.31220019608736,65185.40137261152,17.971679539153843,-66.02315338530876,-41.383186,4,0,0.4631,1,1
9.312300197780132,65186.101384460926,17.971673179470997,-66.02315405524443,-41.580753,4,0,0.2655,1,1
9.312300197780132,65186.101384460926,17.97167317933751,-66.02315405612916,-41.560364,4,0,0.2859,1,1
9.312300197780132,65186.101384460926,17.971673177478277,-66.02315406845221,-41.27637,4,0,0.5699,1,1
9.312600195407867,65188.20136785507,17.971654096524144,-66.02315609452391,-41.48085,4,0,0.3654,1,1
9.31270020827651,65188.90145793557,17.971647734256976,-66.0231567772392,-41.3774,4,0,0.4688,1,1
9.312800206243992,65189.60144370794,17.971641374298798,-66.02315745032612,-41.491512,4,0,0.3547,1,1
9.312800206243992,65189.60144370794,17.97164137391919,-66.02315745284203,-41.43353,4,0,0.4127,1,1
9.313000205904244,65191.00144132972,17.971628679563185,-66.02315862237224,-45.728836,4,0,-3.8826,0,0
9.313100207597016,65191.70145317912,17.971622291374054,-66.0231594881409,-41.39396,4,0,0.4523,1,1
9.313400205224752,65193.80143657327,17.971603209950025,-66.02316151687772,-41.48484,4,0,0.3614,1,1
9.313500206917524,65194.50144842267,17.97159684870008,-66.02316219697494,-41.422142,4,0,0.4241,1,1
9.313500206917524,65194.50144842267,17.971596849130275,-66.02316219412411,-41.487843,4,0,0.3584,1,1
9.313700206577778,65195.901446044445,17.97158412795848,-66.02316354654361,-41.533962,4,0,0.3123,1,1
9.313700206577778,65195.901446044445,17.971584126731393,-66.02316355467524,-41.34656,4,0,0.4997,1,1
9.31380020827055,65196.60145789385,17.97157776608389,-66.02316423021595,-41.381733,4,0,0.4645,1,1
9.313900217413902,65197.30152189732,17.971571404690927,-66.02316490737365,-41.378372,4,0,0.4679,1,1
9.31430021673441,65200.10151714087,17.97154596145526,-66.02316761319362,-41.399048,4,0,0.4472,1,1
9.31430021673441,65200.10151714087,17.971546023083086,-66.02316719143991,-51.123535,4,0,-9.2773,3,3
9.31430021673441,65200.10151714087,17.971545961852595,-66.0231676105608,-41.459724,4,0,0.3865,1,1
9.314400214701893,65200.80150291324,17.971539602327407,-66.02316827847525,-41.655087,4,0,0.1912,1,1
9.314400214701893,65200.80150291324,17.97153960153084,-66.02316828375348,-41.533443,4,0,0.3128,1,1
9.314500216394665,65201.50151476264,17.971533240241257,-66.02316896144673,-41.50144,4,0,0.3448,1,1
9.314500216394665,65201.50151476264,17.971533239870688,-66.02316896390214,-41.44485,4,0,0.4014,1,1
9.314600218087437,65202.20152661204,17.971526880431423,-66.0231696289456,-41.701763,4,0,0.1445,1,1
9.314600218087437,65202.20152661204,17.97152687908767,-66.02316963784928,-41.496567,4,0,0.3497,1,1
9.314600218087437,65202.20152661204,17.971526944632565,-66.023169188484,-51.858,4,0,-10.0118,3,3
9.31490022689104,65204.301588237286,17.97150780053719,-66.02317162874336,-42.350178,4,0,-0.5039,0,0
9.315300226211548,65207.10158348084,17.97148234918329,-66.02317437355632,-41.36617,4,0,0.4801,1,1
9.315300226211548,65207.10158348084,17.971482349213904,-66.02317437335348,-41.370846,4,0,0.4754,1,1
9.31540022790432,65207.80159533024,17.97147598671453,-66.02317505475713,-41.228935,4,0,0.6173,1,1
9.3155002258718,65208.50158110261,17.971469625120076,-66.02317573279583,-41.160576,4,0,0.6857,1,1
9.3155002258718,65208.50158110261,17.971469628364947,-66.02317570962393,-41.69519,4,0,0.1511,1,1
9.315600197762253,65209.20138433576,17.971463267309733,-66.02317639262078,-41.506245,4,0,0.34,1,1
9.315700195729733,65209.90137010813,17.971456906885543,-66.02317705950526,-41.68994,4,0,0.1563,1,1
9.315700195729733,65209.90137010813,17.971456906209003,-66.02317706398732,-41.586643,4,0,0.2596,1,1
9.315800197422504,65210.60138195753,17.971450555763642,-66.02317766137566,-43.370113,4,0,-1.5239,0,0
9.315900195389986,65211.3013677299,17.97144418031384,-66.0231784303071,-41.19487,4,0,0.6514,1,1
9.31610019505024,65212.70136535168,17.971431485352294,-66.02317957886997,-45.813354,4,0,-3.9671,0,0
9.316200207918882,65213.40145543218,17.97142515877131,-66.02318000401151,-51.558758,4,0,-9.7125,3,3
9.316200207918882,65213.40145543218,17.971425136295853,-66.02318015792308,-48.00989,4,0,-6.1636,0,0
9.316300205886364,65214.10144120455,17.97141873413587,-66.02318110757092,-41.65553,4,0,0.1907,1,1
9.316300205886364,65214.10144120455,17.971418807041076,-66.02318060787336,-53.17763,4,0,-11.3314,0,0
9.316300205886364,65214.10144120455,17.971418732417078,-66.02318111895708,-41.39312,4,0,0.4531,1,1
9.316500205546618,65215.50143882632,17.971406007019624,-66.02318247142274,-41.28537,4,0,0.5609,1,1
9.316500205546618,65215.50143882632,17.971406007520525,-66.02318246810464,-41.361843,4,0,0.4844,1,1
9.316500205546618,65215.50143882632,17.971406006730984,-66.02318247333484,-41.241302,4,0,0.6049,1,1
9.31660020723939,65216.201450675726,17.971399644375065,-66.02318314529641,-41.281555,4,0,0.5647,1,1
9.31660020723939,65216.201450675726,17.971399644280268,-66.02318314759793,-41.22793,4,0,0.6183,1,1
9.316700205206873,65216.9014364481,17.9713932819484,-66.02318381842458,-41.29125,4,0,0.555,1,1
9.316700205206873,65216.9014364481,17.97139328148689,-66.02318382315529,-41.181637,4,0,0.6646,1,1
9.316800206899645,65217.6014482975,17.971386919223246,-66.02318449111685,-41.308453,4,0,0.5378,1,1
9.317100208252668,65219.70145776868,17.971367829959213,-66.02318651253063,-41.26369,4,0,0.5826,1,1
9.31720021739602,65220.40152177215,17.971361466239376,-66.02318718503926,-41.273624,4,0,0.5726,1,1
9.317500215023756,65222.50150516629,17.971342375888305,-66.02318920365147,-41.254402,4,0,0.5918,1,1
9.31780021637678,65224.60151463747,17.97132328486262,-66.02319121587657,-41.353527,4,0,0.4927,1,1
9.317900218069552,65225.30152648687,17.971316919738545,-66.0231918952087,-41.181564,4,0,0.6647,1,1
9.318000216037037,65226.001512259245,17.971310556522983,-66.0231925589827,-41.365417,4,0,0.4808,1,1
9.31820022687316,65227.40158811212,17.97129782685432,-66.02319390171138,-41.3743,4,0,0.4719,1,1
9.318500228226185,65229.501597583294,17.9712787326941,-66.02319591038227,-41.484913,4,0,0.3613,1,1
9.31880022585392,65231.60158097744,17.971259634922678,-66.02319793553598,-41.183353,4,0,0.6629,1,1
9.318900227546692,65232.30159282684,17.971253269866203,-66.02319859902065,-41.34361,4,0,0.5026,1,1
9.319100197404625,65233.70138183236,17.971240539207614,-66.02319994290285,-41.257446,4,0,0.5888,1,1
9.319200195372105,65234.40136760473,17.971234173209936,-66.0232006118442,-41.280216,4,0,0.566,1,1
9.319300197064877,65235.101379454136,17.97122780670983,-66.02320128119699,-41.29053,4,0,0.5557,1,1
9.31950019672513,65236.50137707591,17.971215074551186,-66.02320261169014,-41.489147,4,0,0.3571,1,1
9.319600205868484,65237.20144107938,17.97120870636988,-66.02320328486164,-41.401867,4,0,0.4444,1,1
9.319600205868484,65237.20144107938,17.971208706272822,-66.02320328550438,-41.387054,4,0,0.4592,1,1
9.319700207561256,65237.90145292878,17.971202340008237,-66.02320394763012,-41.549587,4,0,0.2967,1,1
9.319800205528736,65238.60143870115,17.971195970828568,-66.02320462914152,-41.26115,4,0,0.5851,1,1
9.32000020518899,65240.00143632293,17.97118323570765,-66.02320596471198,-41.30663,4,0,0.5396,1,1
9.320100206881762,65240.70144817233,17.97117686766574,-66.02320663264453,-41.320786,4,0,0.5255,1,1
9.320300206542017,65242.101445794106,17.97116413354487,-66.02320795243327,-41.70801,4,0,0.1382,1,1
9.320400208234789,65242.80145764351,17.971157762094617,-66.02320863827323,-41.298416,4,0,0.5478,1,1
9.32050021737814,65243.50152164698,17.971151393046245,-66.02320930352798,-41.36069,4,0,0.4856,1,1
9.320700217038391,65244.90151926875,17.97113865364129,-66.02321064726608,-41.165752,4,0,0.6805,1,1
9.320900216698648,65246.301516890526,17.971127105150668,-66.02320381501632,-229.4807,0,0,-187.6345,0,0
9.321000218391418,65247.00152873993,17.97111954467916,-66.02321264627805,-41.22895,4,0,0.6173,1,1
9.3211002163589,65247.7015145123,17.971112419022685,-66.02321849465847,78.25263,0,0,120.0989,0,0
9.3211002163589,65247.7015145123,17.971113174342904,-66.02321331480135,-41.19174,4,0,0.6545,1,1
9.321200218051672,65248.4015263617,17.97110680398193,-66.02321397856049,-41.26171,4,0,0.5845,1,1
9.321400217711926,65249.80152398348,17.971094063549238,-66.02321530337059,-41.451134,4,0,0.3951,1,1
9.32160021737218,65251.20152160525,17.971081320255458,-66.02321664058216,-41.339386,4,0,0.5069,1,1
9.321800228208303,65252.60159745813,17.97106857584196,-66.0232179734039,-41.315266,4,0,0.531,1,1
9.321900226175783,65253.301583230495,17.97106220431148,-66.0232186357052,-41.391033,4,0,0.4552,1,1
9.321900226175783,65253.301583230495,17.971062205197427,-66.02321862983987,-41.52621,4,0,0.32,1,1
9.322000227868555,65254.0015950799,17.971055832071087,-66.02321929932137,-41.43323,4,0,0.413,1,1
9.322000227868555,65254.0015950799,17.971055832984177,-66.02321929327647,-41.572548,4,0,0.2737,1,1
9.32210022583604,65254.70158085227,17.971049461775426,-66.02321994975614,-41.774807,4,0,0.0714,1,1
9.322300225496292,65256.101578474045,17.971036713663388,-66.0232212932451,-41.46473,4,0,0.3815,1,1
9.322400197386742,65256.80138170719,17.971030343054103,-66.02322195093299,-41.62358,4,0,0.2227,1,1
9.322400197386742,65256.80138170719,17.971030404184994,-66.0232215328605,-51.263523,4,0,-9.4173,3,3
9.322700195014477,65258.90136510134,17.971011220943918,-66.02322394648581,-41.57117,4,0,0.2751,1,1
9.322800196707249,65259.60137695074,17.97100484510595,-66.02322461866437,-41.385124,4,0,0.4611,1,1
9.3229002058506,65260.30144095421,17.970998471378785,-66.02322527180188,-41.63517,4,0,0.2111,1,1
9.323000207543371,65261.00145280361,17.970992093966025,-66.02322595044434,-41.292377,4,0,0.5539,1,1
9.323200207203628,65262.40145042539,17.970979343895177,-66.02322727178255,-41.422997,4,0,0.4233,1,1
9.323500204831362,65264.50143381953,17.970960215925597,-66.02322925826306,-41.486286,4,0,0.36,1,1
9.323500204831362,65264.50143381953,17.97096021618531,-66.0232292565439,-41.52591,4,0,0.3203,1,1
9.323500204831362,65264.50143381953,17.97096021449414,-66.02322926941103,-41.228775,4,0,0.6175,1,1
9.323700208216906,65265.90145751834,17.970947461803537,-66.02323058437273,-41.468468,4,0,0.3778,1,1
9.323700208216906,65265.90145751834,17.970947460718463,-66.0232305915553,-41.30293,4,0,0.5433,1,1
9.323800206184387,65266.60144329071,17.970941084951598,-66.02323124445323,-41.521667,4,0,0.3246,1,1
9.323800206184387,65266.60144329071,17.970941085857515,-66.02323123845665,-41.65987,4,0,0.1864,1,1
9.32390020787716,65267.301455140114,17.970934748543712,-66.02323162313006,-48.060516,4,0,-6.2143,0,0
9.32390020787716,65267.301455140114,17.97093471236571,-66.02323187263818,-42.30662,4,0,-0.4604,0,0
9.32400020584464,65268.001440912485,17.970928328950098,-66.02323257193423,-41.4482,4,0,0.398,1,1
9.324100214987991,65268.70150491595,17.97092194898687,-66.02323324159836,-41.270493,4,0,0.5758,1,1
9.324100214987991,65268.70150491595,17.970921959723334,-66.02323316885895,-42.947495,4,0,-1.1012,0,0
9.324300218373535,65270.10152861476,17.970909193851373,-66.02323454848502,-41.64891,4,0,0.1973,1,1
9.32440021634102,65270.80151438713,17.970902812407225,-66.02323522778939,-41.23499,4,0,0.6113,1,1
9.32450021803379,65271.50152623653,17.970896434233904,-66.02323587836692,-41.480957,4,0,0.3653,1,1
9.32450021803379,65271.50152623653,17.970896433497565,-66.02323588324074,-41.36863,4,0,0.4776,1,1
9.324700217694044,65272.90152385831,17.970883674718806,-66.02323719878889,-41.515366,4,0,0.3309,1,1
9.324700217694044,65272.90152385831,17.9708836729823,-66.02323721028279,-41.25047,4,0,0.5958,1,1
9.324700217694044,65272.90152385831,17.970883674378104,-66.02323720104394,-41.463394,4,0,0.3829,1,1
9.324900217354298,65274.30152148008,17.970870912449072,-66.0232385285686,-41.318466,4,0,0.5278,1,1
9.32500022649765,65275.00158548355,17.970864531010186,-66.02323918824194,-41.335793,4,0,0.5105,1,1
9.325100228190422,65275.70159733296,17.970858149249807,-66.0232398508883,-41.27956,4,0,0.5667,1,1
9.325100228190422,65275.70159733296,17.970858214365798,-66.02323940484605,-51.564686,4,0,-9.7184,3,3
9.325200226157904,65276.401583105326,17.970851768326252,-66.02324050728144,-41.362972,4,0,0.4833,1,1
9.325500227510927,65278.5015925765,17.970832622211326,-66.02324248181193,-41.46763,4,0,0.3786,1,1
9.325700227171184,65279.90159019828,17.970819854843775,-66.02324380895512,-41.26909,4,0,0.5772,1,1
9.325700227171184,65279.90159019828,17.970819854760595,-66.02324380950566,-41.2564,4,0,0.5898,1,1
9.325900197029114,65281.3013792038,17.97080708903068,-66.02324513057842,-41.177124,4,0,0.6691,1,1
9.325900197029114,65281.3013792038,17.97080709015505,-66.02324512146438,-41.38776,4,0,0.4585,1,1
9.326000194996595,65282.00136497617,17.970800706181755,-66.02324577956611,-41.400692,4,0,0.4456,1,1
9.326100196689367,65282.70137682557,17.97079432063775,-66.02324644416026,-41.260696,4,0,0.5856,1,1
9.326500207185743,65285.50145030022,17.970768778610356,-66.02324907795624,-41.228622,4,0,0.6176,1,1
9.32680020853877,65287.6014597714,17.970749619346694,-66.02325104609679,-41.33038,4,0,0.5159,1,1
9.326900206506252,65288.301445543766,17.970743234227232,-66.02325169028487,-41.62939,4,0,0.2169,1,1
9.326900206506252,65288.301445543766,17.970743231777753,-66.02325170649627,-41.25577,4,0,0.5905,1,1
9.327000208199024,65289.00145739317,17.970736845684154,-66.02325235267642,-41.505825,4,0,0.3404,1,1
9.327100206166506,65289.70144316554,17.970730456540796,-66.0232530186279,-41.29566,4,0,0.5506,1,1
9.327100206166506,65289.70144316554,17.970730457735026,-66.02325301072418,-41.47781,4,0,0.3684,1,1
9.327200207859278,65290.401455014944,17.97072406919666,-66.02325366867582,-41.448784,4,0,0.3975,1,1
9.327400214970112,65291.80150479078,17.970711291078604,-66.02325498255469,-41.42661,4,0,0.4196,1,1
9.327500216662884,65292.501516640186,17.970704901152214,-66.02325564231306,-41.34462,4,0,0.5016,1,1
9.327600218355656,65293.20152848959,17.97069851117804,-66.02325629991418,-41.308598,4,0,0.5377,1,1
9.328000217676164,65296.00152373314,17.97067303520001,-66.02325833310935,-54.896713,3,0,-13.0505,0,0
9.328000217676164,65296.00152373314,17.970672950201966,-66.02325891570018,-41.462944,4,0,0.3833,1,1
9.328000217676164,65296.00152373314,17.97067295017393,-66.02325891588573,-41.458668,4,0,0.3876,1,1
9.328100215643644,65296.70150950551,17.970666558321458,-66.02325957500655,-41.36844,4,0,0.4778,1,1
9.328200217336416,65297.401521354914,17.970660166691015,-66.02326022859611,-41.40256,4,0,0.4437,1,1
9.328300215303898,65298.101507127285,17.97065377863115,-66.02326085759125,-41.99926,4,0,-0.153,0,0
9.32840021699667,65298.80151897669,17.970647383477644,-66.02326152945983,-41.604767,4,0,0.2415,1,1
9.328600227832794,65300.20159482956,17.970634596371557,-66.02326284132563,-41.540478,4,0,0.3058,1,1
9.328600227832794,65300.20159482956,17.97063459563114,-66.02326284622579,-41.427544,4,0,0.4187,1,1
9.328800227493048,65301.60159245133,17.970621808000285,-66.0232641560758,-41.393513,4,0,0.4527,1,1
9.32890022546053,65302.301578223705,17.970615414031275,-66.02326480897817,-41.417416,4,0,0.4288,1,1
9.3290002271533,65303.00159007311,17.97060901902087,-66.02326546467106,-41.373985,4,0,0.4723,1,1
9.329300194978714,65305.101364851,17.970589835194385,-66.0232674239667,-41.396053,4,0,0.4502,1,1
9.329300194978714,65305.101364851,17.970589834440222,-66.02326742895775,-41.28103,4,0,0.5652,1,1
9.329300194978714,65305.101364851,17.97058983489425,-66.023267425953,-41.350277,4,0,0.496,1,1
9.329400196671486,65305.8013767004,17.970583438952563,-66.02326807757426,-41.386467,4,0,0.4598,1,1
9.329500198364258,65306.501388549805,17.9705770418928,-66.02326873402734,-41.307785,4,0,0.5385,1,1
9.329800195991991,65308.60137194395,17.970557850240002,-66.02327069373932,-41.2722,4,0,0.574,1,1
9.329900205135344,65309.30143594742,17.970551451981056,-66.02327134472233,-41.306797,4,0,0.5395,1,1
9.330400206148624,65312.80144304037,17.970519459761505,-66.02327458562914,-41.744663,4,0,0.1016,1,1
9.330400206148624,65312.80144304037,17.97051987989221,-66.02327170653354,-108.131195,0,0,-66.2849,0,0
9.330500207841396,65313.501454889774,17.970513057481853,-66.02327525080868,-41.43059,4,0,0.4157,1,1
9.330500207841396,65313.501454889774,17.97051313128651,-66.02327474564498,-53.078606,4,0,-11.2324,3,3
9.330500207841396,65313.501454889774,17.97051305608384,-66.02327526173276,-41.178246,4,0,0.668,1,1
9.330600205808878,65314.20144066215,17.970506731103793,-66.02327597949726,-41.44234,4,0,0.4039,1,1
9.33070020750165,65314.90145251155,17.970500324968455,-66.02327662895429,-41.369907,4,0,0.4763,1,1
9.33070020750165,65314.90145251155,17.970500325297586,-66.02327662677611,-41.420105,4,0,0.4261,1,1
9.330900218337774,65316.30152836442,17.970487512098384,-66.02327792088421,-41.377056,4,0,0.4692,1,1
9.33120021596551,65318.401511758566,17.970468291244334,-66.02327985731262,-41.394333,4,0,0.4519,1,1
9.33130021765828,65319.10152360797,17.970461957099445,-66.02327999802614,-53.032845,4,0,-11.1866,3,3
9.33130021765828,65319.10152360797,17.97046188276075,-66.02328050672311,-41.30344,4,0,0.5428,1,1
9.331500217318537,65320.501521229744,17.970449066965426,-66.02328179163827,-41.43231,4,0,0.4139,1,1
9.331500217318537,65320.501521229744,17.97044906661743,-66.02328179394131,-41.379234,4,0,0.467,1,1
9.331500217318537,65320.501521229744,17.97044906636888,-66.02328179558627,-41.341324,4,0,0.5049,1,1
9.331600215286016,65321.20150700212,17.970442658245645,-66.02328243647705,-41.437046,4,0,0.4092,1,1
9.331600215286016,65321.20150700212,17.970442784447375,-66.02328157116038,-61.389797,2,0,-19.5435,0,0
9.331700216978788,65321.90151885152,17.970436248268378,-66.02328308553476,-41.34214,4,0,0.5041,1,1
9.331700216978788,65321.90151885152,17.970436248826935,-66.02328308183812,-41.427334,4,0,0.4189,1,1
9.33180021867156,65322.60153070092,17.970429839062472,-66.02328372694816,-41.42048,4,0,0.4258,1,1
9.332000225782394,65324.00158047676,17.9704170179222,-66.02328501869302,-41.363594,4,0,0.4827,1,1
9.332100227475166,65324.70159232616,17.970410607673717,-66.02328565944082,-41.448772,4,0,0.3975,1,1
9.332100227475166,65324.70159232616,17.970410609537247,-66.02328564710741,-41.73301,4,0,0.1132,1,1
9.332200225442648,65325.401578098536,17.970404196839034,-66.02328630312066,-41.463078,4,0,0.3832,1,1
9.33230022713542,65326.10158994794,17.970397855907066,-66.02328646338607,-52.621876,4,0,-10.7756,3,3
9.3324002251029,65326.80157572031,17.970391373217236,-66.02328759437033,-41.39455,4,0,0.4517,1,1
9.332500226795672,65327.50158756971,17.970385026026804,-66.02328779276154,-51.668835,4,0,-9.8226,3,3
9.332500226795672,65327.50158756971,17.970384960537434,-66.02328824124827,-41.32775,4,0,0.5185,1,1
9.332600228488444,65328.20159941912,17.970378548031643,-66.02328888407501,-41.351986,4,0,0.4943,1,1
9.332700196653605,65328.90137657523,17.970372136710598,-66.02328953105118,-41.272873,4,0,0.5734,1,1
9.332800198346376,65329.60138842464,17.970365758788333,-66.02328993215329,-46.865585,4,0,-5.0193,0,0
9.332900196313858,65330.301374197006,17.970359310032475,-66.02329081958624,-41.24094,4,0,0.6053,1,1
9.33300019800663,65331.00138604641,17.97035289510525,-66.02329146910463,-41.100945,4,0,0.7453,1,1
9.33300019800663,65331.00138604641,17.970352896745077,-66.02329145657897,-41.390198,4,0,0.4561,1,1
9.333100195974112,65331.70137181878,17.970346483257778,-66.02329209570803,-41.48675,4,0,0.3595,1,1
9.333200205117464,65332.40143582225,17.970340067118382,-66.02329274531112,-41.341297,4,0,0.505,1,1
9.333400208503008,65333.801459521055,17.97032723808183,-66.02329402211141,-41.557873,4,0,0.2884,1,1
9.333700206130745,65335.9014429152,17.970308032489505,-66.02329566134235,-48.2291,4,0,-6.3829,0,0
9.333700206130745,65335.9014429152,17.97030806971687,-66.02329540657435,-54.10332,4,0,-12.2571,3,0
9.334000207483768,65338.00145238638,17.970288739042346,-66.02329787952235,-41.53354,4,0,0.3127,1,1
9.33410020545125,65338.70143815875,17.970282321158784,-66.02329852417819,-41.48199,4,0,0.3643,1,1
9.334400217980146,65340.80152586103,17.97026315058576,-66.02329986664483,-54.95788,3,0,-13.1116,3,0
9.334700215607882,65342.90150925517,17.97024380579389,-66.02330239003702,-41.186844,4,0,0.6594,1,1
9.334700215607882,65342.90150925517,17.970243804597246,-66.0233023979582,-41.0043,4,0,0.8419,1,1
9.334800217300652,65343.601521104574,17.970237385716544,-66.02330303184523,-41.18977,4,0,0.6565,1,1
9.334900215268137,65344.30150687695,17.970230998837284,-66.02330344488387,-46.46567,4,0,-4.6194,3,0
9.334900215268137,65344.30150687695,17.970230966475743,-66.02330366579359,-41.372375,4,0,0.4739,1,1
9.33510021865368,65345.70153057575,17.97021812405236,-66.02330495343263,-41.278294,4,0,0.568,1,1
9.335300225764511,65347.10158035159,17.97020534859166,-66.02330577249505,-51.98314,4,0,-10.1369,3,3
9.335300225764511,65347.10158035159,17.970205281372124,-66.02330623252908,-41.37626,4,0,0.47,1,1
9.335300225764511,65347.10158035159,17.970205280880418,-66.02330623578409,-41.301247,4,0,0.545,1,1
9.335400227457283,65347.801592200994,17.970198858710464,-66.02330687797335,-41.287426,4,0,0.5588,1,1
9.335400227457283,65347.801592200994,17.970198858436294,-66.02330688146087,-41.20647,4,0,0.6398,1,1
9.33570022881031,65349.90160167217,17.970179592413213,-66.02330879318511,-41.499424,4,0,0.3468,1,1
9.33570022881031,65349.90160167217,17.9701795922728,-66.02330879411471,-41.478004,4,0,0.3682,1,1
9.335800226777792,65350.601587444544,17.970173167962816,-66.02330944399537,-41.28164,4,0,0.5646,1,1
9.335900228470564,65351.30159929395,17.97016674508287,-66.02331008077162,-41.386814,4,0,0.4594,1,1
9.335900228470564,65351.30159929395,17.970166745129752,-66.02331008046121,-41.393967,4,0,0.4523,1,1
9.336100228130816,65352.70159691572,17.970153911360878,-66.02331126666758,-43.614986,4,0,-1.7687,0,0
9.336200196295977,65353.40137407184,17.970147477485103,-66.0233119874818,-41.774624,4,0,0.0716,0,0
9.336300197988749,65354.10138592124,17.970141051496768,-66.02331263666731,-41.590256,4,0,0.256,1,1
9.336300197988749,65354.10138592124,17.97014104975991,-66.02331264816611,-41.325264,4,0,0.521,1,1
9.33640019595623,65354.80137169361,17.970134625209656,-66.0233132873845,-41.369263,4,0,0.477,1,1
9.336700197309256,65356.90138116479,17.97011534844971,-66.02331521060367,-41.369965,4,0,0.4763,1,1
9.33690020814538,65358.30145701766,17.97010249520538,-66.02331649252704,-41.374016,4,0,0.4722,1,1
9.337000206112862,65359.00144279003,17.970096068055405,-66.02331713889119,-41.249096,4,0,0.5972,1,1
9.337100207805634,65359.70145463944,17.970089641501165,-66.02331777449876,-41.373333,4,0,0.4729,1,1
9.337100207805634,65359.70145463944,17.970089641568137,-66.02331777405537,-41.383553,4,0,0.4627,1,1
9.337300207465889,65361.10145226121,17.970076788186777,-66.02331904632871,-41.604763,4,0,0.2415,1,1
9.337400205433369,65361.80143803358,17.970070358423396,-66.02331970079344,-41.292244,4,0,0.554,1,1
9.337400205433369,65361.80143803358,17.97007042458093,-66.02331924769221,-51.739105,4,0,-9.8929,3,3
9.33750020712614,65362.50144988298,17.970063930043548,-66.02332034269122,-41.269615,4,0,0.5766,1,1
9.337600216269491,65363.20151388645,17.97005750168948,-66.02332097946514,-41.36595,4,0,0.4803,1,1
9.33790021762252,65365.30152335763,17.97003821504455,-66.02332290037533,-41.406265,4,0,0.44,1,1
9.33800021559,65366.00150913,17.97003178533005,-66.0233235436791,-41.35007,4,0,0.4962,1,1
9.33800021559,65366.00150913,17.970031785543576,-66.0233235422652,-41.382652,4,0,0.4636,1,1
9.338200215250254,65367.401506751776,17.97001892635145,-66.02332482008534,-41.473637,4,0,0.3726,1,1
9.338400218635798,65368.80153045058,17.970006128584227,-66.02332566806255,-51.476116,4,0,-9.6299,3,3
9.338400218635798,65368.80153045058,17.97000606437931,-66.02332610828705,-41.326115,4,0,0.5201,1,1
9.33850021660328,65369.50151622296,17.96999963326476,-66.0233267539338,-41.21586,4,0,0.6304,1,1
9.338700216263533,65370.90151384473,17.969986771392946,-66.0233280312782,-41.319874,4,0,0.5264,1,1
9.338700216263533,65370.90151384473,17.969986772373563,-66.02332802478423,-41.46952,4,0,0.3767,1,1
9.338800225406883,65371.6015778482,17.96998033985853,-66.02332866837472,-41.409744,4,0,0.4365,1,1
9.338900227099655,65372.3015896976,17.96997390756412,-66.02332931200618,-41.348293,4,0,0.498,1,1
9.33910022675991,65373.701587319374,17.969961044407146,-66.02333058654291,-41.5194,4,0,0.3268,1,1
9.339300226420164,65375.10158494115,17.96994818054503,-66.02333185945005,-41.730087,4,0,0.1162,1,1
9.339400228112936,65375.80159679055,17.969941751851625,-66.02333246968493,-42.441345,4,0,-0.5951,0,0
9.339400228112936,65375.80159679055,17.969941745647766,-66.02333251244549,-41.455376,4,0,0.3909,1,1
9.339400228112936,65375.80159679055,17.969941903493304,-66.02333143024393,-66.40665,3,0,-24.5604,0,0
9.339500226080418,65376.50158256292,17.96993531277165,-66.02333315209363,-41.48833,4,0,0.3579,1,1
9.339700195938349,65377.90137156844,17.969922449393135,-66.02333442210463,-41.766438,4,0,0.0798,1,1
9.339700195938349,65377.90137156844,17.969922594004284,-66.02333343086009,-64.62044,3,0,-22.7742,0,0
9.340100206434728,65380.70144504309,17.969896710025505,-66.02333699837773,-41.507256,4,0,0.339,1,1
9.3402002081275,65381.40145689249,17.969890274061342,-66.02333764670988,-41.3463,4,0,0.4999,1,1
9.3402002081275,65381.40145689249,17.969890273833943,-66.02333764821601,-41.311592,4,0,0.5347,1,1
9.34030020609498,65382.10144266486,17.969883839664675,-66.0233382848332,-41.42102,4,0,0.4252,1,1
9.340400207787752,65382.801454514265,17.969877403899268,-66.0233389290854,-41.356075,4,0,0.4902,1,1
9.340400207787752,65382.801454514265,17.969877404367434,-66.02333892598443,-41.427536,4,0,0.4187,1,1
9.340500205755234,65383.50144028664,17.969870968910787,-66.0233395683995,-41.405437,4,0,0.4408,1,1
9.340700205415487,65384.90143790841,17.969858097733262,-66.02334084941653,-41.453003,4,0,0.3932,1,1
9.340700205415487,65384.90143790841,17.96985809734173,-66.02334085201001,-41.393238,4,0,0.453,1,1
9.340700205415487,65384.90143790841,17.96985809670974,-66.02334085619634,-41.29677,4,0,0.5495,1,1
9.340900208801031,65386.30146160722,17.969845223785683,-66.02334214367454,-41.20014,4,0,0.6461,1,1
9.340900208801031,65386.30146160722,17.96984522412008,-66.02334213978592,-41.290337,4,0,0.5559,1,1
9.341000206768513,65387.00144737959,17.969838787944703,-66.02334278002972,-41.324425,4,0,0.5218,1,1
9.341000206768513,65387.00144737959,17.9698387872832,-66.0233427860853,-41.184296,4,0,0.662,1,1
9.341100208461285,65387.70145922899,17.969832352754437,-66.0233434113417,-41.565952,4,0,0.2803,1,1
9.341100208461285,65387.70145922899,17.969832352223772,-66.02334341485704,-41.484947,4,0,0.3613,1,1
9.34140021726489,65389.80152085424,17.969813039336245,-66.02334535003092,-41.26744,4,0,0.5788,1,1
9.341800216585398,65392.60151609778,17.969787289239548,-66.02334791231847,-41.41112,4,0,0.4351,1,1
9.34190021827817,65393.30152794719,17.969780871756594,-66.02334841190364,-44.701706,4,0,-2.8555,0,0
9.342000216245651,65394.00151371956,17.969774412219763,-66.02334920061666,-41.32735,4,0,0.5189,1,1
9.342100217938423,65394.70152556896,17.969767973418595,-66.02334984428933,-41.299236,4,0,0.547,1,1
9.342300228774548,65396.10160142183,17.96975510167558,-66.02335108652312,-42.28887,4,0,-0.4426,0,0
9.3425002284348,65397.50159904361,17.969742278881466,-66.02335199164044,-51.057045,4,0,-9.2108,0,3
9.3425002284348,65397.50159904361,17.96974221683145,-66.02335241783497,-41.23081,4,0,0.6154,1,1
9.342600226402284,65398.20158481598,17.969735777311886,-66.02335306271507,-41.18334,4,0,0.6629,1,1
9.342700228095056,65398.90159666538,17.969729337803656,-66.02335370498466,-41.19849,4,0,0.6478,1,1
9.342700228095056,65398.90159666538,17.969729368939667,-66.02335349030861,-46.148273,4,0,-4.302,0,0
9.342800226062536,65399.60158243776,17.969722898737302,-66.02335434326551,-41.307537,4,0,0.5387,1,1
9.342800226062536,65399.60158243776,17.969722899478565,-66.0233543383539,-41.420715,4,0,0.4255,1,1
9.342800226062536,65399.60158243776,17.96972289867896,-66.02335434365209,-41.298626,4,0,0.5476,1,1
9.343400198966265,65403.80139276385,17.96968426006453,-66.02335819858537,-41.40825,4,0,0.438,1,1
9.343800205737352,65406.60144016147,17.969658495780024,-66.02336077539867,-41.37057,4,0,0.4757,1,1
9.343900207430124,65407.30145201087,17.969652055000182,-66.02336141584719,-41.45334,4,0,0.3929,1,1
9.344000205397606,65408.00143778324,17.9696456132075,-66.02336206383684,-41.364132,4,0,0.4821,1,1
9.344000205397606,65408.00143778324,17.969645614593123,-66.02336205465393,-41.575733,4,0,0.2705,1,1
9.344100207090378,65408.701449632645,17.96963924051885,-66.02336223649161,-52.23628,4,0,-10.39,0,3
9.344100207090378,65408.701449632645,17.969639171111012,-66.0233627115542,-41.28414,4,0,0.5621,1,1
9.344100207090378,65408.701449632645,17.969639172408513,-66.02336270295515,-41.48229,4,0,0.364,1,1
9.344300206750631,65410.10144725442,17.969626289576343,-66.0233639888509,-41.54884,4,0,0.2974,1,1
9.344300206750631,65410.10144725442,17.96962628846411,-66.02336399622234,-41.378983,4,0,0.4673,1,1
9.344400208443403,65410.80145910382,17.969619846845273,-66.0233646387234,-41.426533,4,0,0.4197,1,1
9.344400208443403,65410.80145910382,17.96961984669711,-66.02336463970536,-41.403904,4,0,0.4423,1,1
9.344500206410885,65411.501444876194,17.969613405418066,-66.02336528087292,-41.484142,4,0,0.3621,1,1
9.344500206410885,65411.501444876194,17.969613406415554,-66.02336527426176,-41.636482,4,0,0.2098,2,1
9.344600215554236,65412.20150887966,17.96960696187099,-66.02336593174299,-41.345005,4,0,0.5012,1,1
9.344600215554236,65412.20150887966,17.969606963126743,-66.02336592341995,-41.536793,4,0,0.3095,1,1
9.34470021724701,65412.901520729065,17.969600523160626,-66.02336655307694,-41.887928,4,0,-0.0417,0,0
9.34480021893978,65413.60153257847,17.969594643705488,-66.02336333303145,-130.99548,0,0,-89.1492,0,0
9.344900216907265,65414.30151835084,17.969587637414385,-66.02336785072855,-41.71406,4,0,0.1322,2,1
9.345000218600036,65415.00153020024,17.969581193074156,-66.02336850764972,-41.444836,4,0,0.4014,1,1
9.345000218600036,65415.00153020024,17.969581194048196,-66.02336850119343,-41.59361,4,0,0.2526,1,1
9.345100216567516,65415.70151597261,17.969574750943234,-66.02336915095309,-41.49154,4,0,0.3547,1,1
9.34530021622777,65417.10151359439,17.96956186486101,-66.02337044651044,-41.387417,4,0,0.4588,1,1
9.34530021622777,65417.10151359439,17.969561865315477,-66.02337044349792,-41.456833,4,0,0.3894,1,1
9.345500227063894,65418.50158944726,17.969548978637295,-66.02337173635823,-41.427597,4,0,0.4187,1,1
9.345500227063894,65418.50158944726,17.969549057084496,-66.02337119791927,-53.841118,4,0,-11.9949,0,3
9.345600228756666,65419.20160129666,17.969542535564457,-66.02337238190499,-41.437,4,0,0.4092,1,1
9.34580022841692,65420.60159891844,17.96952967658081,-66.02337348819657,-45.723915,4,0,-3.8777,0,0
9.346100226044657,65422.70158231258,17.969510320638562,-66.0233756052904,-41.625816,4,0,0.2204,1,1
9.346200227737429,65423.40159416199,17.969503875336596,-66.02337626328186,-41.365944,4,0,0.4803,1,1
9.346200227737429,65423.40159416199,17.96950387567211,-66.02337626105752,-41.4172,4,0,0.429,1,1
9.346200227737429,65423.40159416199,17.969504220513965,-66.02337389448702,-95.976746,0,0,-54.1305,0,0
9.346300225704908,65424.10157993436,17.96949743241483,-66.02337690673383,-41.443542,4,0,0.4027,1,1
9.346400197595358,65424.80138316751,17.969490990353343,-66.02337755514469,-41.406013,4,0,0.4402,1,1
9.346400197595358,65424.80138316751,17.96949101661311,-66.02337737602171,-45.535217,4,0,-3.689,0,0
9.34650019556284,65425.50136893988,17.96948456034761,-66.0233781090131,-43.555088,4,0,-1.7088,0,0
9.346700198948383,65426.90139263868,17.969471659022407,-66.02337949637852,-41.41693,4,0,0.4293,1,1
9.34700020775199,65429.001454263926,17.96945232666862,-66.02338143949856,-41.413326,4,0,0.4329,1,1
9.34700020775199,65429.001454263926,17.96945232698692,-66.02338143738807,-41.461956,4,0,0.3843,1,1
9.347300205379725,65431.10143765807,17.969432995238076,-66.02338337952033,-41.508076,4,0,0.3382,1,1
9.347400207072496,65431.80144950748,17.969426550203206,-66.02338403297782,-41.390175,4,0,0.4561,1,1
9.34760020673275,65433.20144712925,17.9694136616281,-66.02338533121532,-41.36358,4,0,0.4827,1,1
9.34760020673275,65433.20144712925,17.969413661210442,-66.02338533398488,-41.299763,4,0,0.5465,1,1
9.34760020673275,65433.20144712925,17.969413662925987,-66.02338532260885,-41.561893,4,0,0.2844,1,1
9.347700208425522,65433.90145897865,17.96940721820595,-66.02338597367888,-41.508854,4,0,0.3374,1,1
9.347900215536356,65435.30150875449,17.969394400507348,-66.0233867815658,-52.807858,4,0,-10.9616,3,3
9.348000217229128,65436.001520603895,17.969387883231654,-66.02338793039598,-41.28947,4,0,0.5568,1,1
9.348000217229128,65436.001520603895,17.9693878875956,-66.02338790145616,-41.95631,4,0,-0.1101,0,0
9.34820021688938,65437.40151822567,17.969374995053467,-66.02338922541945,-41.376976,4,0,0.4693,1,1
9.348300218582152,65438.10153007507,17.96936855063809,-66.02338987433207,-41.39383,4,0,0.4524,1,1
9.348300218582152,65438.10153007507,17.969368552630417,-66.02338986111911,-41.698288,4,0,0.148,2,1
9.348400216549637,65438.801515847445,17.96936210547298,-66.02339053149679,-41.222816,4,0,0.6234,1,1
9.348500218242409,65439.50152769685,17.969355662715575,-66.02339116782778,-41.537025,4,0,0.3092,1,1
9.348600216209888,65440.20151346922,17.969349217468377,-66.0233918239853,-41.396698,4,0,0.4496,1,1
9.34870021790266,65440.90152531862,17.96934277236147,-66.02339247773133,-41.315968,4,0,0.5303,1,1
9.348800215870142,65441.601511090994,17.969336347119313,-66.02339299804612,-44.313866,4,0,-2.4676,0,0
9.349000215530396,65443.00150871277,17.969323438887162,-66.02339443222439,-41.24844,4,0,0.5978,1,1
9.349100228399038,65443.70159879327,17.96931699299621,-66.0233950869812,-41.16011,4,0,0.6861,1,1
9.349100228399038,65443.70159879327,17.9693169938449,-66.02339507967622,-41.32902,4,0,0.5172,1,1
9.349300228059292,65445.10159641504,17.969304105279384,-66.02339637935955,-41.38559,4,0,0.4607,1,1
9.349400226026772,65445.80158218741,17.969297736119017,-66.02339651482289,-53.277306,4,0,-11.4311,3,3
9.349500227719544,65446.50159403682,17.969291215716357,-66.02339768606572,-41.294807,4,0,0.5514,1,1
9.349600225687029,65447.20157980919,17.969284771754282,-66.0233983353147,-41.34897,4,0,0.4973,1,1
9.34990019723773,65449.30138066411,17.96926544050816,-66.02340028979877,-41.37449,4,0,0.4718,1,1
9.350100196897984,65450.701378285885,17.969252551717773,-66.0234015949963,-41.361538,4,0,0.4847,1,1
9.35040020570159,65452.80143991113,17.969233217113537,-66.02340356248666,-41.14693,4,0,0.6993,1,1
9.350700207054617,65454.90144938231,17.96921389017039,-66.0234054187774,-41.456448,4,0,0.3898,1,1
9.350700207054617,65454.90144938231,17.969213888946726,-66.02340542857223,-41.23017,4,0,0.6161,1,1
9.350800208747389,65455.60146123171,17.969207445396403,-66.02340608023536,-41.414402,4,0,0.4318,1,1
9.351300206035376,65459.10144224763,17.969175225100646,-66.02340937544449,-41.536633,4,0,0.3096,1,1
9.351400207728148,65459.80145409703,17.96916879829284,-66.02340991721113,-44.2758,4,0,-2.4296,0,0
9.3515002168715,65460.5015181005,17.969162336181167,-66.02341069732567,-41.525417,4,0,0.3208,1,1
9.351700216531754,65461.90151572228,17.969149446763566,-66.02341202938639,-41.292255,4,0,0.554,1,1
9.351700216531754,65461.90151572228,17.96914944674012,-66.02341203121858,-41.24945,4,0,0.5968,1,1
9.351700216531754,65461.90151572228,17.969149446776594,-66.02341203097656,-41.255028,4,0,0.5912,1,1
9.351900216192009,65463.30151334405,17.969136559255023,-66.02341335106,-41.312527,4,0,0.5337,1,1
9.351900216192009,65463.30151334405,17.9691365595389,-66.02341334917624,-41.35593,4,0,0.4903,1,1
9.35200021788478,65464.00152519345,17.969130115703113,-66.02341401065911,-41.356686,4,0,0.4896,1,1
9.35210021585226,65464.701510965824,17.969123672587916,-66.02341466953987,-41.42027,4,0,0.426,1,1
9.352200217545033,65465.40152281523,17.969117232910694,-66.02341530425471,-42.04483,4,0,-0.1986,0,0
9.352300215512514,65466.1015085876,17.969110786488816,-66.02341598634163,-41.58051,4,0,0.2657,1,1
9.352300215512514,65466.1015085876,17.969110835768983,-66.02341564757184,-49.39043,4,0,-7.5442,0,0
9.352400217205286,65466.801520437,17.96910434109873,-66.0234166606652,-41.298992,4,0,0.5473,1,1
9.35250022634864,65467.50158444047,17.969097897609686,-66.02341731990141,-41.369583,4,0,0.4767,1,1
9.35260022804141,65468.20159628987,17.969091453997486,-66.02341798376987,-41.3356,4,0,0.5106,1,1
9.352700226008892,65468.90158206224,17.969085011742823,-66.02341864088852,-41.459854,4,0,0.3864,1,1
9.352800227701664,65469.60159391165,17.969078643045894,-66.02341879219361,-53.248554,4,0,-11.4023,3,3
9.352900225669146,65470.30157968402,17.96907212600522,-66.02341996383504,-41.517952,4,0,0.3283,1,1
9.353000227361916,65471.00159153342,17.96906568460789,-66.02342061584716,-41.770073,4,0,0.0762,1,1
9.353000227361916,65471.00159153342,17.969065682171465,-66.02342063201749,-41.397484,4,0,0.4488,1,1
9.35330019891262,65473.10139238834,17.96904635571946,-66.02342262167679,-41.3928,4,0,0.4534,1,1
9.353500198572874,65474.50139001012,17.969033470736946,-66.02342394868035,-41.39489,4,0,0.4514,1,1
9.353600196540356,65475.20137578249,17.969027027451382,-66.02342462111835,-41.193672,4,0,0.6526,1,1
9.353600196540356,65475.20137578249,17.96902702953934,-66.02342460558232,-41.552235,4,0,0.294,1,1
9.353600196540356,65475.20137578249,17.969027029061884,-66.02342460875144,-41.479214,4,0,0.367,1,1
9.35380019620061,65476.60137340426,17.96901414453749,-66.02342593758688,-41.456997,4,0,0.3893,1,1
9.354000207036734,65478.001449257135,17.969001326304422,-66.023426809959,-51.971054,4,0,-10.1248,0,0
9.354100208729506,65478.70146110654,17.96899481694565,-66.02342793704709,-41.304363,4,0,0.5419,1,1
9.354100208729506,65478.70146110654,17.96899481960963,-66.02342791936361,-41.71182,4,0,0.1344,1,1
9.354200206696987,65479.40144687891,17.968988376855936,-66.02342859168614,-41.531185,4,0,0.3151,1,1
9.35430020838976,65480.10145872831,17.96898193463482,-66.02342925979578,-41.45097,4,0,0.3953,1,1
9.35430020838976,65480.10145872831,17.968981935012344,-66.0234292572897,-41.508713,4,0,0.3375,1,1
9.35440020635724,65480.801444500685,17.96897549476687,-66.02342991475477,-41.675938,4,0,0.1703,1,1
9.354500208050013,65481.50145635009,17.96896905389419,-66.02343057572892,-41.76559,4,0,0.0807,1,1
9.354600206017494,65482.20144212246,17.968962610152477,-66.02343125824213,-41.361053,4,0,0.4852,1,1
9.354700207710266,65482.90145397186,17.968956169498874,-66.0234319196238,-41.446636,4,0,0.3996,1,1
9.354800205677748,65483.60143974424,17.968949728960684,-66.02343258275518,-41.493946,4,0,0.3523,1,1
9.35490021854639,65484.301529824734,17.968943285994108,-66.02343325669466,-41.297077,4,0,0.5492,1,1
9.355200216174126,65486.40151321888,17.968923965225795,-66.0234352472208,-41.436512,4,0,0.4097,1,1
9.355300217866898,65487.10152506828,17.968917524149845,-66.0234359172609,-41.337746,4,0,0.5085,1,1
9.355300217866898,65487.10152506828,17.968917525192012,-66.02343591034179,-41.497177,4,0,0.3491,1,1
9.355300217866898,65487.10152506828,17.96891752505475,-66.02343591125309,-41.476177,4,0,0.3701,1,1
9.35540021583438,65487.801510840654,17.968911084809772,-66.02343657835799,-41.446884,4,0,0.3994,1,1
9.355500217527153,65488.50152269006,17.968904644739787,-66.02343724375794,-41.459816,4,0,0.3864,1,1
9.355500217527153,65488.50152269006,17.96890471675215,-66.02343674886752,-52.86878,4,0,-11.0225,3,3
9.355700217187405,65489.90152031183,17.968891766276172,-66.02343856811143,-41.64063,4,0,0.2056,1,1
9.355800218880177,65490.60153216124,17.96888532567256,-66.02343924019125,-41.506557,4,0,0.3397,1,1
9.355900228023527,65491.3015961647,17.9688788856813,-66.0234399061358,-41.51723,4,0,0.329,1,1
9.35600022599101,65492.00158193708,17.968872445842223,-66.02344057685033,-41.41848,4,0,0.4278,1,1
9.35600022599101,65492.00158193708,17.968872446580335,-66.02344057194945,-41.531406,4,0,0.3148,1,1
9.35600022599101,65492.00158193708,17.96887244599353,-66.0234405758457,-41.441628,4,0,0.4046,1,1
9.356100227683784,65492.70159378648,17.968866007640074,-66.02344123621455,-41.583992,4,0,0.2623,1,1
9.356100227683784,65492.70159378648,17.968866006616526,-66.02344124301081,-41.427395,4,0,0.4189,1,1
9.356200225651264,65493.40157955885,17.968859567895688,-66.0234419084836,-41.453712,4,0,0.3925,1,1
9.35650022700429,65495.50158903003,17.96884025151267,-66.02344390990767,-41.43088,4,0,0.4154,1,1
9.35650022700429,65495.50158903003,17.968840250710734,-66.02344391691044,-41.26894,4,0,0.5773,1,1
9.356600228697062,65496.20160087943,17.968833813226883,-66.02344457540758,-41.465305,4,0,0.3809,1,1
9.357100196182728,65499.701373279095,17.968801665149698,-66.02344764123363,-47.69199,4,0,-5.8457,0,0
9.357600208371878,65503.20145860314,17.968769438115906,-66.02345126080293,-41.204144,4,0,0.6421,1,1
9.357600208371878,65503.20145860314,17.968769438759377,-66.02345125485152,-41.34186,4,0,0.5044,1,1
9.357600208371878,65503.20145860314,17.968769438889947,-66.02345125398438,-41.361843,4,0,0.4844,1,1
9.35770020633936,65503.90144437552,17.9687630018652,-66.02345192744883,-41.231056,4,0,0.6152,1,1
9.357800208032131,65504.60145622492,17.968756580732123,-66.02345248793226,-43.70817,4,0,-1.8619,0,0
9.357800208032131,65504.60145622492,17.968756565620982,-66.02345259332556,-41.277966,4,0,0.5683,1,1
9.357900205999613,65505.30144199729,17.968750129609912,-66.02345325919477,-41.326427,4,0,0.5198,1,1
9.357900205999613,65505.30144199729,17.968750129619192,-66.02345325913308,-41.32785,4,0,0.5184,1,1
9.358100205659866,65506.70143961906,17.968737256899562,-66.02345460275488,-41.15418,4,0,0.6921,1,1
9.358100205659866,65506.70143961906,17.968737335697057,-66.0234540592718,-53.68403,4,0,-11.8378,0,0
9.35830021649599,65508.101515471935,17.968724385435472,-66.02345593675625,-41.210114,4,0,0.6361,1,1
9.358700215816498,65510.901510715485,17.968698645621767,-66.02345860902035,-41.23606,4,0,0.6102,1,1
9.359000217169523,65513.00152018666,17.96867934189768,-66.02346061872089,-41.141617,4,0,0.7046,1,1
9.359000217169523,65513.00152018666,17.968679344502412,-66.0234605997409,-41.579536,4,0,0.2667,1,1
9.359000217169523,65513.00152018666,17.96867934352534,-66.02346060623093,-41.429993,4,0,0.4163,1,1
9.359000217169523,65513.00152018666,17.96867945976149,-66.02345980729305,-59.84834,3,0,-18.0021,0,0
9.359100218862295,65513.70153203607,17.968672908213108,-66.02346128485887,-41.19922,4,0,0.647,1,1
9.359200216829777,65514.40151780844,17.96866647494738,-66.02346195112972,-41.254223,4,0,0.592,1,1
9.359300218522549,65515.10152965784,17.968660065425226,-66.02346245275515,-45.10689,4,0,-3.2606,0,0
9.359600227326156,65517.20159128308,17.96864074432328,-66.02346460411016,-41.766266,4,0,0.08,2,1
9.359700229018928,65517.901603132486,17.968634308669973,-66.02346529151244,-41.339596,4,0,0.5067,1,1
9.359800226986408,65518.60158890486,17.968627877097937,-66.0234659547566,-41.469826,4,0,0.3764,1,1
9.35990022867918,65519.30160075426,17.9686214437109,-66.02346662988371,-41.327606,4,0,0.5186,1,1
9.35990022867918,65519.30160075426,17.968621445388756,-66.02346661873761,-41.584435,4,0,0.2618,1,1
9.35990022867918,65519.30160075426,17.96862144318392,-66.02346663506299,-41.20768,4,0,0.6386,1,1
9.360000226646662,65520.00158652663,17.96861508000502,-66.02346682996743,-52.136738,4,0,-10.2905,0,3
9.360100198537111,65520.70138975978,17.9686085813062,-66.02346797109314,-41.24804,4,0,0.5982,1,1
9.360200196504591,65521.40137553215,17.96860215025693,-66.02346863479087,-41.37133,4,0,0.4749,1,1
9.360200196504591,65521.40137553215,17.96860215021219,-66.02346863508807,-41.364483,4,0,0.4818,1,1
9.360300198197365,65522.101387381554,17.96859571841261,-66.02346930529792,-41.338352,4,0,0.5079,1,1
9.360300198197365,65522.101387381554,17.968595719272045,-66.02346929958838,-41.46991,4,0,0.3763,1,1
9.360500197857618,65523.50138500333,17.968582857182785,-66.02347063581286,-41.51552,4,0,0.3307,1,1
9.36060020700097,65524.2014490068,17.968576425082965,-66.02347130877318,-41.42901,4,0,0.4172,1,1
9.36060020700097,65524.2014490068,17.968576424971708,-66.02347130951233,-41.41198,4,0,0.4343,1,1
9.360700208693745,65524.9014608562,17.968569996446167,-66.0234719636876,-41.757523,4,0,0.0887,2,1
9.360800206661224,65525.60144662857,17.96856356362794,-66.0234726493908,-41.376484,4,0,0.4698,1,1
9.360800206661224,65525.60144662857,17.968563563761585,-66.02347264850295,-41.396942,4,0,0.4493,1,1
9.360900208353996,65526.30145847797,17.968557134057427,-66.02347331339747,-41.49638,4,0,0.3499,1,1
9.361000206321478,65527.001444250345,17.968550704212507,-66.02347398224558,-41.50454,4,0,0.3417,1,1
9.36110020801425,65527.70145609975,17.9685442745729,-66.02347464961977,-41.547585,4,0,0.2987,1,1
9.361300207674503,65529.10145372152,17.96853141507289,-66.02347599178941,-41.46303,4,0,0.3832,1,1
9.361300207674503,65529.10145372152,17.9685314162875,-66.02347598371942,-41.64898,4,0,0.1973,1,1
9.361300207674503,65529.10145372152,17.968531416455768,-66.02347598260144,-41.67474,4,0,0.1715,1,1
9.361400209367275,65529.80146557093,17.968525007758483,-66.02347651019207,-44.941296,4,0,-3.095,0,0
9.361400209367275,65529.80146557093,17.96852498513795,-66.02347666552255,-41.360413,4,0,0.4858,1,1
9.361400209367275,65529.80146557093,17.968524986246415,-66.02347665815778,-41.53011,4,0,0.3161,1,1
9.361500207334757,65530.5014513433,17.968518556816985,-66.02347733157279,-41.43446,4,0,0.4118,1,1
9.361600209027529,65531.2014631927,17.96851212968524,-66.02347798963376,-41.69335,4,0,0.1529,1,1
9.361600209027529,65531.2014631927,17.96851212901499,-66.0234779940871,-41.590736,4,0,0.2555,1,1
9.361800216138365,65532.60151296854,17.96849927134992,-66.0234793356949,-41.522247,4,0,0.324,1,1
9.36220021918416,65535.40153428912,17.968473560997317,-66.023482008447,-41.625267,4,0,0.221,1,1
9.36220021918416,65535.40153428912,17.968473559663927,-66.02348201730695,-41.421116,4,0,0.4251,1,1
9.362300217151642,65536.1015200615,17.9684671318873,-66.02348269167398,-41.303993,4,0,0.5423,1,1
9.362400218844414,65536.8015319109,17.968460719003417,-66.02348326534432,-43.508194,4,0,-1.6619,0,0
9.362500216811895,65537.50151768327,17.96845428061267,-66.02348401493681,-41.656906,4,0,0.1893,2,1
9.362600225955248,65538.20158168674,17.96844785221946,-66.02348469323498,-41.45053,4,0,0.3957,1,1
9.362800229340792,65539.60160538554,17.96843499948533,-66.02348603372019,-41.406097,4,0,0.4402,1,1
9.363000229001043,65541.00160300732,17.968422148065123,-66.02348737312758,-41.384865,4,0,0.4614,1,1
9.363000229001043,65541.00160300732,17.968422147757977,-66.02348737684764,-41.298557,4,0,0.5477,1,1
9.363400228321552,65543.80159825087,17.96839644801884,-66.02349005171445,-41.34342,4,0,0.5028,1,1
9.363600198179483,65545.20138725638,17.96838360312528,-66.02349137818973,-41.610977,4,0,0.2353,1,1
9.363600198179483,65545.20138725638,17.96838367672524,-66.02349087228825,-53.273884,4,0,-11.4276,0,3
9.363800197839735,65546.60138487816,17.968370753767587,-66.02349273009963,-41.29422,4,0,0.552,1,1
9.36390019580722,65547.30137065053,17.968364331992323,-66.02349338733488,-41.56691,4,0,0.2793,1,1
9.36390019580722,65547.30137065053,17.968364329660933,-66.02349340450785,-41.17062,4,0,0.6756,1,1
9.36400019749999,65548.00138249993,17.96835790712162,-66.02349406679889,-41.326767,4,0,0.5195,1,1
9.364100199192762,65548.70139434934,17.968351484357616,-66.02349473380725,-41.37298,4,0,0.4733,1,1
9.364200208336117,65549.4014583528,17.96834506061078,-66.02349540744227,-41.266376,4,0,0.5799,1,1
9.364400207996368,65550.80145597458,17.968332217439798,-66.02349673341512,-41.54062,4,0,0.3056,1,1
9.364600207656622,65552.20145359635,17.96831937218744,-66.02349808277445,-41.271717,4,0,0.5745,1,1
9.364800207316875,65553.60145121813,17.968306529381323,-66.02349942039764,-41.270485,4,0,0.5758,1,1
9.364800207316875,65553.60145121813,17.96830652937762,-66.02349941874301,-41.309196,4,0,0.5371,1,1
9.364900209009647,65554.30146306753,17.96830010919979,-66.02350008095554,-41.4596,4,0,0.3866,1,1
9.364900209009647,65554.30146306753,17.968300107664113,-66.02350009284125,-41.18514,4,0,0.6611,2,1
9.364900209009647,65554.30146306753,17.968300108119497,-66.02350008981465,-41.25488,4,0,0.5914,2,1
9.365000206977127,65555.0014488399,17.968293692913324,-66.02350072042111,-42.13264,4,0,-0.2864,0,0
9.365000206977127,65555.0014488399,17.968293687328597,-66.02350075921798,-41.23809,4,0,0.6082,1,1
9.365000206977127,65555.0014488399,17.968293687691233,-66.02350075512848,-41.332905,4,0,0.5133,1,1
9.36510021612048,65555.70151284337,17.968287267887312,-66.02350141482917,-41.540455,4,0,0.3058,1,1
9.365300215780737,65557.10151046515,17.96827442592754,-66.02350276402,-41.262707,4,0,0.5835,1,1
9.365300215780737,65557.10151046515,17.968274426590643,-66.02350275793341,-41.40354,4,0,0.4427,1,1
9.365400217473509,65557.80152231455,17.968268005851765,-66.02350343331166,-41.245075,4,0,0.6012,1,1
9.36550021916628,65558.50153416395,17.968261586617476,-66.02350409688192,-41.358795,4,0,0.4875,1,1
9.36560021713376,65559.20151993632,17.968255167520436,-66.02350476433445,-41.380802,4,0,0.4654,1,1
9.365700218826532,65559.90153178573,17.968248747930193,-66.02350543673,-41.287777,4,0,0.5585,1,1
9.365800216794014,65560.6015175581,17.968242329886667,-66.0235060986003,-41.436718,4,0,0.4095,1,1
9.36610021814704,65562.70152702928,17.968223074143005,-66.0235081061306,-41.370678,4,0,0.4756,1,1
9.36620021611452,65563.40151280165,17.968216656635654,-66.02350877230536,-41.41497,4,0,0.4313,1,1
9.36620021611452,65563.40151280165,17.968216656915075,-66.0235087704481,-41.457767,4,0,0.3885,1,1
9.366400226950644,65564.80158865452,17.96820382084033,-66.02351010780161,-41.429596,4,0,0.4167,1,1
9.366400226950644,65564.80158865452,17.968203828986656,-66.02351005197443,-42.71657,4,0,-0.8703,0,0
9.366400226950644,65564.80158865452,17.968203820426854,-66.02351011054994,-41.36627,4,0,0.48,1,1
9.366500228643416,65565.50160050392,17.96819740330608,-66.02351077722093,-41.39576,4,0,0.4505,1,1
9.366800226271152,65567.60158389807,17.968178152834092,-66.02351278367941,-41.326267,4,0,0.52,1,1
9.366800226271152,65567.60158389807,17.96817815346618,-66.02351277947784,-41.42308,4,0,0.4232,1,1
9.366900227963924,65568.30159574747,17.968171971019416,-66.02351183697388,-78.54527,0,0,-36.699,0,0
9.367000196129084,65569.00137290359,17.96816532334408,-66.02351411334823,-41.452034,4,0,0.3942,1,1
9.367100197821856,65569.70138475299,17.968158907686938,-66.0235147795055,-41.48479,4,0,0.3615,1,1
9.36740019917488,65571.80139422417,17.968139660956588,-66.02351678710288,-41.36303,4,0,0.4832,1,1
9.367500208318232,65572.50145822763,17.968133246297906,-66.02351744959768,-41.475124,4,0,0.3711,1,1
9.367500208318232,65572.50145822763,17.968133245656695,-66.02351745386001,-41.376907,4,0,0.4693,1,1
9.367700207978489,65573.90145584941,17.968120417620604,-66.02351878270527,-41.50454,4,0,0.3417,1,1
9.367800205945969,65574.60144162178,17.968114002647123,-66.02351945653265,-41.34889,4,0,0.4974,2,1
9.36790020763874,65575.30145347118,17.968107590816754,-66.02352010941355,-41.674793,4,0,0.1715,2,1
9.368100207298994,65576.70145109296,17.968094761765986,-66.02352145708844,-41.355133,4,0,0.4911,2,1
9.368100207298994,65576.70145109296,17.968094763443958,-66.02352144593404,-41.612156,4,0,0.2341,2,1
9.368200208991766,65577.40146294236,17.968088348391053,-66.02352212475003,-41.335293,4,0,0.511,2,1
9.36840020865202,65578.80146056414,17.96807552296127,-66.02352345735146,-41.352448,4,0,0.4938,1,1
9.368600219488144,65580.20153641701,17.96806269746148,-66.02352479337183,-41.284733,4,0,0.5615,1,1
9.368700217455626,65580.90152218938,17.968056287318916,-66.02352544688294,-41.58195,4,0,0.2643,1,1
9.368800219148396,65581.60153403878,17.96804987342842,-66.0235261285853,-41.227104,4,0,0.6191,1,1
9.36890021711588,65582.30151981115,17.96804346432973,-66.02352677811173,-41.61239,4,0,0.2339,1,1
9.369100216776133,65583.70151743293,17.968030640537332,-66.02352812011083,-41.387207,4,0,0.459,1,1
9.369300216436386,65585.1015150547,17.968017818843965,-66.02352945614214,-41.291027,4,0,0.5552,1,1
9.369400218129158,65585.8015269041,17.968011407849204,-66.02353012570454,-41.20492,4,0,0.6413,1,1
9.36950021609664,65586.50151267648,17.968005000098085,-66.02353077503543,-41.58302,4,0,0.2632,2,1
9.36950021609664,65586.50151267648,17.968004998548544,-66.02353078533663,-41.345654,4,0,0.5006,1,1
9.369600228965282,65587.20160275698,17.96799858733447,-66.02353145624309,-41.225697,4,0,0.6206,1,1
9.370100226253273,65590.7015837729,17.967966542547977,-66.02353477530863,-41.405643,4,0,0.4406,2,1
9.370400197803974,65592.80138462782,17.967947319745356,-66.02353676896502,-41.43289,4,0,0.4134,1,1
9.370400197803974,65592.80138462782,17.967947319444715,-66.02353677096372,-41.386837,4,0,0.4594,2,1
9.370400197803974,65592.80138462782,17.967947320133465,-66.02353676638481,-41.492344,4,0,0.3539,1,1
9.370500199496746,65593.50139647722,17.967940911940076,-66.02353743299236,-41.451492,4,0,0.3948,1,1
9.370900198817251,65596.30139172077,17.96791522661815,-66.02354014213793,-41.549927,4,0,0.2963,1,1
9.371000207960606,65597.00145572424,17.96790882294449,-66.02354080794792,-41.41774,4,0,0.4285,1,1
9.37120020762086,65598.40145334601,17.967896018573803,-66.02354213165674,-41.326145,4,0,0.5201,1,1
9.371300209313633,65599.10146519542,17.96788961730954,-66.02354278862016,-41.39001,4,0,0.4562,1,1
9.371400207281113,65599.80145096779,17.96788321686207,-66.02354344304067,-41.509705,4,0,0.3365,2,1
9.371400207281113,65599.80145096779,17.96788321624831,-66.02354344712117,-41.41568,4,0,0.4306,2,1
9.371500208973885,65600.50146281719,17.967876814722327,-66.02354410846573,-41.3742,4,0,0.472,1,1
9.371500208973885,65600.50146281719,17.967876814933472,-66.02354410706192,-41.406544,4,0,0.4397,1,1
9.371600206941366,65601.20144858956,17.96787041427781,-66.02354476548363,-41.429665,4,0,0.4166,1,1
9.372200217097998,65605.40151968598,17.967832011599747,-66.0235487245353,-41.330353,4,0,0.5159,1,1
9.372400216758251,65606.80151730776,17.967819213157636,-66.02355003950613,-41.388256,4,0,0.458,1,1
9.372400216758251,65606.80151730776,17.967819213425347,-66.02355003772624,-41.429268,4,0,0.417,1,1
9.372500218451025,65607.50152915716,17.967812814663873,-66.023550693171,-41.502396,4,0,0.3439,1,1
9.372600216418505,65608.20151492953,17.96780641506536,-66.02355135692073,-41.38152,4,0,0.4647,1,1
9.372700218111277,65608.90152677894,17.967800017173868,-66.02355200892843,-41.529716,4,0,0.3165,1,1
9.372700218111277,65608.90152677894,17.967800019128422,-66.02355199593367,-41.829147,4,0,0.0171,0,1
9.372800216078758,65609.60151255131,17.96779361881597,-66.02355266675193,-41.54129,4,0,0.305,1,1
9.373000226914884,65611.00158840418,17.967780820791155,-66.02355398827358,-41.425255,4,0,0.421,1,1
9.373200226575136,65612.40158602595,17.967768025039636,-66.02355530382653,-41.437035,4,0,0.4092,1,1
9.373300228267908,65613.10159787536,17.967761627909777,-66.02355595750599,-41.53464,4,0,0.3116,1,1
9.373500227928162,65614.50159549713,17.967748833348228,-66.0235572716503,-41.567055,4,0,0.2792,1,1
9.374000199139118,65618.00139397383,17.967716849056384,-66.02356057451296,-41.206387,4,0,0.6399,2,1
9.3741001971066,65618.7013797462,17.96771045419525,-66.02356122123946,-41.44893,4,0,0.3973,1,1
9.374200198799372,65619.4013915956,17.967704058406046,-66.02356187522814,-41.522263,4,0,0.324,1,1
9.374200198799372,65619.4013915956,17.9677040578342,-66.02356187903001,-41.43466,4,0,0.4116,1,1
9.374700207263231,65622.90145084262,17.967672077286043,-66.02356517496035,-41.175045,4,0,0.6712,2,1
9.374900206923485,65624.3014484644,17.967659359223482,-66.02356598922697,-52.68063,4,0,-10.8344,3,3
9.375100206583738,65625.70144608617,17.967646515233724,-66.02356767608818,-44.061687,4,0,-2.2154,0,0
9.37520020827651,65626.40145793557,17.967640102454066,-66.02356845705351,-41.1899,4,0,0.6563,2,1
9.375300217419865,65627.10152193904,17.967633707968027,-66.02356910905944,-41.290855,4,0,0.5554,2,1
9.37570021674037,65629.90151718259,17.967607745193334,-66.02357438985297,19.945993,0,0,61.7922,0,0
9.375800218433142,65630.60152903199,17.967601739038372,-66.0235723747114,-41.63563,4,0,0.2106,2,1
9.375800218433142,65630.60152903199,17.967601736137247,-66.02357239567901,-41.15191,4,0,0.6943,2,1
9.376000218093395,65632.00152665377,17.967588949715104,-66.02357369887896,-41.349606,4,0,0.4966,2,1
9.376100216060877,65632.70151242614,17.96758262830204,-66.02357385903571,-52.775368,4,0,-10.9291,3,3
9.376100216060877,65632.70151242614,17.967582668332582,-66.02357358449827,-59.104214,3,0,-17.258,0,0
9.37630021944642,65634.10153612494,17.967569769239912,-66.02357566800748,-41.303513,4,0,0.5427,2,1
9.376400217413902,65634.80152189732,17.96756337697179,-66.02357631640876,-41.46938,4,0,0.3769,1,1
9.37680022791028,65637.60159537196,17.96753780419444,-66.02357894000433,-41.428104,4,0,0.4181,1,1
9.377000227570534,65639.00159299374,17.967525018236525,-66.02358025662205,-41.28676,4,0,0.5595,1,1
9.377000227570534,65639.00159299374,17.96752501886427,-66.02358025076877,-41.42222,4,0,0.424,1,1
9.377100229263306,65639.70160484314,17.96751862515813,-66.02358091484038,-41.216763,4,0,0.6295,1,1
9.377200227230787,65640.40159061551,17.9675122334243,-66.0235815662384,-41.302063,4,0,0.5442,1,1
9.377200227230787,65640.40159061551,17.967512233834217,-66.02358156183341,-41.404152,4,0,0.4421,1,1
9.377400197088718,65641.80137962103,17.967499451254977,-66.02358287125807,-41.414276,4,0,0.432,1,1
9.377400197088718,65641.80137962103,17.967499450471387,-66.02358287814745,-41.254944,4,0,0.5913,1,1
9.377400197088718,65641.80137962103,17.967499450933527,-66.02358287339516,-41.365032,4,0,0.4812,1,1
9.37750019878149,65642.50139147043,17.9674930595397,-66.02358352209828,-41.50943,4,0,0.3368,1,1
9.37750019878149,65642.50139147043,17.967493058749092,-66.02358352735445,-41.388313,4,0,0.4579,1,1
9.377700209617617,65643.9014673233,17.967480273951963,-66.02358483744561,-41.381927,4,0,0.4643,1,1
9.377700209617617,65643.9014673233,17.967480324377643,-66.02358449044573,-49.3816,4,0,-7.5354,0,0
9.377800207585096,65644.60145309567,17.967473897580255,-66.02358538642072,-43.821087,4,0,-1.9748,0,0
9.377900209277868,65645.30146494508,17.967467490700496,-66.02358614384275,-41.454285,4,0,0.392,1,1
9.377900209277868,65645.30146494508,17.967467491671755,-66.02358613738568,-41.603065,4,0,0.2432,1,1
9.37800020724535,65646.00145071745,17.967461103011264,-66.02358677233002,-42.057877,4,0,-0.2116,0,0
9.378100208938122,65646.70146256685,17.967454706596715,-66.023587457701,-41.35021,4,0,0.496,1,1
9.378100208938122,65646.70146256685,17.9674547077432,-66.02358745007896,-41.525837,4,0,0.3204,1,1
9.378200206905603,65647.40144833922,17.967448315222263,-66.02358811154407,-41.36736,4,0,0.4789,1,1
9.378300208598375,65648.10146018863,17.967441924346268,-66.02358876092178,-41.4869,4,0,0.3593,1,1
9.378300208598375,65648.10146018863,17.967441925848657,-66.02358875093368,-41.717045,4,0,0.1292,1,1
9.37860020622611,65650.20144358277,17.96742275007108,-66.0235907254272,-41.460976,4,0,0.3853,1,1
9.378800209611654,65651.60146728158,17.967409967083814,-66.02359203571336,-41.425327,4,0,0.4209,1,1
9.378900218755009,65652.30153128505,17.967403576691506,-66.0235926809111,-41.636375,4,0,0.2099,1,1
9.379000216722488,65653.00151705742,17.96739726436978,-66.02359279359938,-54.12127,4,0,-12.275,0,0
9.379200216382742,65654.4015146792,17.96738440286924,-66.02359464836671,-41.525475,4,0,0.3208,1,1
9.379300218075514,65655.1015265286,17.96737801162851,-66.02359530348166,-41.503376,4,0,0.3429,1,1
9.379300218075514,65655.1015265286,17.967378011953766,-66.02359530131939,-41.5532,4,0,0.293,1,1
9.379400219768286,65655.801538378,17.967371620475735,-66.02359595826769,-41.488037,4,0,0.3582,1,1
9.379500217735767,65656.50152415037,17.967365230693392,-66.02359660574348,-41.639774,4,0,0.2065,1,1
9.37960021942854,65657.20153599977,17.967358843035573,-66.02359723776581,-42.147373,4,0,-0.3011,0,0
9.38020022958517,65661.4016070962,17.967320492698352,-66.02360119776611,-41.309383,4,0,0.5369,1,1
9.38020022958517,65661.4016070962,17.96732049372706,-66.02360118924763,-41.50625,4,0,0.34,1,1
9.380500227212906,65663.50159049034,17.967301321062344,-66.02360315639787,-41.374065,4,0,0.4722,1,1
9.38140020892024,65669.80146244168,17.967243806935937,-66.02360904357171,-41.27643,4,0,0.5698,1,1
9.381600208580494,65671.20146006346,17.967231026802352,-66.02361034308738,-41.453167,4,0,0.3931,1,1
9.381800208240747,65672.60145768523,17.967218245368272,-66.02361165273099,-41.394775,4,0,0.4515,1,1
9.381800208240747,65672.60145768523,17.967218315473865,-66.02361117157498,-52.486618,4,0,-10.6404,3,3
9.381800208240747,65672.60145768523,17.967218244961252,-66.02361165543672,-41.33243,4,0,0.5138,1,1
9.382000207901,65674.001455307,17.967205463093812,-66.02361296934164,-41.17428,4,0,0.672,1,1
9.382200207561256,65675.40145292878,17.96719268286188,-66.02361427029433,-41.314342,4,0,0.5319,1,1
9.382300216704609,65676.10151693225,17.967186291705758,-66.0236149236083,-41.32015,4,0,0.5261,1,1
9.38240021839738,65676.80152878165,17.9671799005775,-66.02361557971577,-41.260334,4,0,0.5859,1,1
9.38240021839738,65676.80152878165,17.967179900952896,-66.02361557722024,-41.317837,4,0,0.5284,1,1
9.382600218057632,65678.20152640343,17.96716711882031,-66.0236168897072,-41.19108,4,0,0.6552,1,1
9.382600218057632,65678.20152640343,17.967167193727548,-66.02361637328079,-53.096725,4,0,-11.2505,3,3
9.382700219750404,65678.90153825283,17.9671607281118,-66.02361754253744,-41.20652,4,0,0.6397,1,1
9.382700219750404,65678.90153825283,17.96716073063361,-66.02361752409404,-41.63207,4,0,0.2142,1,1
9.382800217717886,65679.6015240252,17.967154340399723,-66.0236181751404,-41.688015,4,0,0.1582,1,1
9.382800217717886,65679.6015240252,17.967154338516295,-66.02361818766057,-41.399532,4,0,0.4467,1,1
9.382900219410658,65680.3015358746,17.967147946906085,-66.02361884777856,-41.246414,4,0,0.5998,1,1
9.382900219410658,65680.3015358746,17.967147946766666,-66.0236188487054,-41.22506,4,0,0.6212,1,1
9.38300021737814,65681.00152164698,17.967141556779005,-66.02361949770483,-41.32816,4,0,0.5181,1,1
9.383100219070911,65681.70153349638,17.967135165039387,-66.02362015656907,-41.204556,4,0,0.6417,1,1
9.383300229907036,65683.10160934925,17.967122413935144,-66.0236212464128,-46.212547,4,0,-4.3663,0,0
9.383300229907036,65683.10160934925,17.967122400430842,-66.02362133954148,-44.065567,4,0,-2.2193,0,0
9.383300229907036,65683.10160934925,17.96712238339985,-66.0236214561136,-41.37841,4,0,0.4678,1,1
9.383400227874516,65683.80159512162,17.96711599250679,-66.02362211016727,-41.36532,4,0,0.4809,1,1
9.38350022956729,65684.50160697103,17.967109601000523,-66.02362276814783,-41.26184,4,0,0.5844,1,1
9.38350022956729,65684.50160697103,17.96710960200654,-66.02362275978065,-41.455215,4,0,0.391,1,1
9.38350022956729,65684.50160697103,17.967109602573203,-66.02362275601378,-41.54201,4,0,0.3042,1,1
9.38350022956729,65684.50160697103,17.967109602371444,-66.02362275735496,-41.51111,4,0,0.3351,1,1
9.383700229227545,65685.9016045928,17.967096819772287,-66.0236240679076,-41.429844,4,0,0.4164,1,1
9.384000226855278,65688.00158798695,17.967077645239595,-66.02362603808723,-41.20833,4,0,0.6379,1,1
9.384000226855278,65688.00158798695,17.96707764805713,-66.02362601767841,-41.67916,4,0,0.1671,1,1
9.384100198745728,65688.7013912201,17.967071256331867,-66.02362668603266,-41.333977,4,0,0.5123,1,1
9.38420019671321,65689.40137699246,17.96706486536881,-66.02362733974013,-41.329895,4,0,0.5164,1,1
9.38420019671321,65689.40137699246,17.967064865235887,-66.0236273406237,-41.309536,4,0,0.5367,1,1
9.38430019840598,65690.10138884187,17.96705847473521,-66.02362798597726,-41.49998,4,0,0.3463,1,1
9.384400196373464,65690.80137461424,17.96705213172205,-66.02362830677266,-49.171925,3,0,-7.3257,0,0
9.384500198066236,65691.50138646364,17.967045690925296,-66.0236293008177,-41.323494,4,0,0.5228,1,1
9.384600199759008,65692.20139831305,17.967039370111003,-66.02362946499369,-52.607754,4,0,-10.7615,3,3
9.38480020686984,65693.60144808888,17.967026515336073,-66.02363126282944,-41.300053,4,0,0.5462,1,1
9.384900208562613,65694.30145993829,17.96702012453564,-66.02363190776636,-41.502403,4,0,0.3438,1,1
9.385100208222866,65695.70145756006,17.967007340496878,-66.02363321743425,-41.450703,4,0,0.3955,1,1
9.385400209575891,65697.80146703124,17.96698816373259,-66.02363518236814,-41.36734,4,0,0.4789,1,1
9.385400209575891,65697.80146703124,17.966988164309594,-66.02363517853267,-41.45571,4,0,0.3905,1,1
9.385500207543371,65698.50145280361,17.96698177176532,-66.02363583550401,-41.382736,4,0,0.4635,1,1
9.385700218379498,65699.90152865648,17.96696898623569,-66.02363714630646,-41.31261,4,0,0.5336,1,1
9.38580021634698,65700.60151442885,17.96696259577442,-66.0236377862145,-41.635227,4,0,0.211,1,1
9.385900218039753,65701.30152627826,17.9669562013472,-66.0236384520732,-41.360554,4,0,0.4857,1,1
9.385900218039753,65701.30152627826,17.96695620125057,-66.02363845271552,-41.345753,4,0,0.5005,1,1
9.386000219732525,65702.00153812766,17.966949808543596,-66.02363910612557,-41.35879,4,0,0.4875,1,1
9.386000219732525,65702.00153812766,17.96694980970591,-66.0236390983995,-41.53681,4,0,0.3094,1,1
9.38640021905303,65704.80153337121,17.96692423854211,-66.02364171365348,-41.557095,4,0,0.2892,1,1
9.38640021905303,65704.80153337121,17.966924249208954,-66.02364164107016,-43.230072,4,0,-1.3838,0,0
9.38640021905303,65704.80153337121,17.966924238584593,-66.02364171337106,-41.563602,4,0,0.2826,1,1
9.386500217020512,65705.50151914358,17.966917843367455,-66.02364238431716,-41.174973,4,0,0.6713,1,1
9.386500217020512,65705.50151914358,17.96691784570648,-66.02364236708979,-41.572495,4,0,0.2738,1,1
9.386600218713284,65706.20153099298,17.966911451867148,-66.02364302503887,-41.485283,4,0,0.361,1,1
9.386600218713284,65706.20153099298,17.966911453385382,-66.02364301494703,-41.71781,4,0,0.1284,1,1
9.386700216680763,65706.90151676536,17.96690507272031,-66.02364358291527,-43.705288,4,0,-1.859,0,0
9.386700216680763,65706.90151676536,17.96690513199808,-66.02364317545415,-53.098263,4,0,-11.252,3,3
9.38690022751689,65708.30159261823,17.96689228948676,-66.02364486306297,-44.359947,4,0,-2.5137,0,0
9.387100227177145,65709.70159024,17.96687948611447,-66.02364628256119,-41.804554,4,0,0.0417,1,1
9.387200228869917,65710.4016020894,17.96687308928608,-66.02364695826289,-41.31301,4,0,0.5332,1,1
9.387300226837397,65711.10158786178,17.966866701249508,-66.02364757306063,-42.22632,4,0,-0.3801,0,0
9.387400228530169,65711.80159971118,17.96686030110238,-66.02364826948565,-41.25922,4,0,0.587,1,1
9.387800198048351,65714.60138633847,17.966834728385233,-66.02365087021937,-41.660065,4,0,0.1862,1,1
9.387800198048351,65714.60138633847,17.96683472879503,-66.02365086749548,-41.722828,4,0,0.1234,1,1
9.387900207191706,65715.30145034194,17.966828331404596,-66.02365153898857,-41.33647,4,0,0.5098,1,1
9.387900207191706,65715.30145034194,17.96682833122614,-66.02365154017477,-41.30914,4,0,0.5371,1,1
9.388000208884478,65716.00146219134,17.966821935245967,-66.02365220300966,-41.122833,4,0,0.7234,1,1
9.388000208884478,65716.00146219134,17.966821936764678,-66.02365219123533,-41.39471,4,0,0.4515,1,1
9.38810020685196,65716.70144796371,17.966815542435732,-66.02365284392268,-41.44276,4,0,0.4035,1,1
9.388200208544731,65717.40145981312,17.966809148050416,-66.02365349468707,-41.536808,4,0,0.3094,1,1
9.388300206512213,65718.10144558549,17.966802753049443,-66.02365415035635,-41.518433,4,0,0.3278,1,1
9.388400208204985,65718.80145743489,17.96679635586466,-66.0236548199072,-41.18136,4,0,0.6649,1,1
9.388400208204985,65718.80145743489,17.966796357708766,-66.02365480597,-41.50307,4,0,0.3432,1,1
9.388400208204985,65718.80145743489,17.966796356894182,-66.02365481306398,-41.33903,4,0,0.5072,1,1
9.388500209897757,65719.5014692843,17.966789962916828,-66.02365545717437,-41.590485,4,0,0.2558,1,1
9.388600207865238,65720.20145505667,17.96678364548932,-66.02365557645426,-53.94092,4,0,-12.0947,3,3
9.388800207525492,65721.60145267844,17.966770775362367,-66.02365742993543,-41.417927,4,0,0.4283,1,1
9.388900209218264,65722.30146452785,17.966764378895174,-66.02365809083236,-41.28637,4,0,0.5599,1,1
9.389100208878515,65723.70146214962,17.966751587341932,-66.02365939756329,-41.375362,4,0,0.4709,1,1
9.389400217682123,65725.80152377486,17.96673239900578,-66.02366135685767,-41.537766,4,0,0.3085,1,1
9.38980021700263,65728.60151901841,17.966706811465595,-66.02366398331094,-41.44768,4,0,0.3986,1,1
9.390000216662884,65730.00151664019,17.966694026436247,-66.02366523163388,-42.907196,4,0,-1.0609,0,0
9.390100229531528,65730.70160672069,17.96668761980457,-66.02366594538798,-41.57597,4,0,0.2703,1,1
9.390200227499008,65731.40159249306,17.9666812218367,-66.02366660523674,-41.486572,4,0,0.3597,1,1
9.39030022919178,65732.10160434246,17.966674823835493,-66.02366726286539,-41.450394,4,0,0.3959,1,1
9.390500228852034,65733.50160196424,17.966662028909376,-66.02366856985896,-41.572445,4,0,0.2738,1,1
9.390600226819515,65734.2015877366,17.966655688311647,-66.02366922548578,-41.535633,4,0,0.3106,1,1
9.390600226819515,65734.2015877366,17.966655689399698,-66.0236692182537,-41.702267,4,0,0.144,1,1
9.390600226819515,65734.2015877366,17.966655687738395,-66.02366922929609,-41.44784,4,0,0.3984,1,1
9.390800226479769,65735.60158535838,17.96664288516946,-66.02367053324328,-41.655884,4,0,0.1904,1,1
9.390800226479769,65735.60158535838,17.966642885328877,-66.02367053218364,-41.680298,4,0,0.166,1,1
9.39090022817254,65736.30159720778,17.966636481572497,-66.0236711984211,-41.45834,4,0,0.3879,1,1
9.39090022817254,65736.30159720778,17.966636482107052,-66.02367119486792,-41.540207,4,0,0.306,1,1
9.39100020006299,65737.00140044093,17.966630081657797,-66.02367185068621,-41.555412,4,0,0.2908,1,1
9.391100198030472,65737.7013862133,17.96662367874136,-66.02367251105392,-41.471367,4,0,0.3749,1,1
9.391200199723244,65738.4013980627,17.966617275509854,-66.02367317103129,-41.398518,4,0,0.4477,1,1
9.391200199723244,65738.4013980627,17.966617275893668,-66.02367316848012,-41.4573,4,0,0.3889,1,1
9.391200199723244,65738.4013980627,17.966617276123635,-66.02367316695155,-41.492516,4,0,0.3537,1,1
9.391400199383495,65739.80139568448,17.96660447029032,-66.02367448151246,-41.475502,4,0,0.3707,1,1
9.391400199383495,65739.80139568448,17.966604470115495,-66.0236744826745,-41.448727,4,0,0.3975,1,1
9.39150019735098,65740.50138145685,17.966598066666222,-66.02367514289227,-41.37477,4,0,0.4715,1,1
9.391600206494331,65741.20144546032,17.96659176882588,-66.02367506990211,-58.206615,3,0,-16.3604,0,0
9.391900207847357,65743.3014549315,17.966572451822774,-66.0236777749522,-41.301434,4,0,0.5448,1,1
9.392000209540129,65744.0014667809,17.966566048797887,-66.02367842450867,-41.482864,4,0,0.3634,1,1
9.39210020750761,65744.70145255327,17.96655964385047,-66.02367909084737,-41.27764,4,0,0.5686,1,1
9.392200209200382,65745.40146440268,17.9665532398194,-66.02367974525895,-41.35073,4,0,0.4955,1,1
9.392400208860636,65746.80146202445,17.96654043073947,-66.02368106470519,-41.25518,4,0,0.5911,1,1
9.392500206828116,65747.50144779682,17.9665340309055,-66.02368169004012,-42.003017,4,0,-0.1568,1,1
9.39260021969676,65748.20153787732,17.96652762174124,-66.02368237191766,-41.45158,4,0,0.3947,1,1
9.39260021969676,65748.20153787732,17.966527620974297,-66.02368237869514,-41.294838,4,0,0.5514,1,1
9.392800219357014,65749.6015354991,17.96651481298029,-66.02368368028213,-41.626465,4,0,0.2198,1,1
9.392900217324495,65750.30152127147,17.966508406109458,-66.0236843504403,-41.3483,4,0,0.4979,1,1
9.393100216984749,65751.70151889324,17.96649559826435,-66.0236856472917,-41.799572,4,0,0.0467,1,1
9.39320021867752,65752.40153074265,17.9664891930965,-66.02368630186426,-41.88668,4,0,-0.0404,1,1
9.393300216645002,65753.10151651502,17.96648278330556,-66.02368698951157,-41.21247,4,0,0.6338,1,1
9.393400218337774,65753.80152836442,17.966476378139813,-66.02368764227775,-41.344986,4,0,0.5013,1,1
9.393500220030546,65754.50154021382,17.966469971482756,-66.02368830406445,-41.27158,4,0,0.5747,1,1
9.3936002291739,65755.20160421729,17.966463566078446,-66.02368895182997,-41.52486,4,0,0.3214,1,1
9.3936002291739,65755.20160421729,17.966463565173363,-66.02368895952597,-41.346954,4,0,0.4993,1,1
9.393800228834152,65756.60160183907,17.966450751250505,-66.02369028426517,-41.182343,4,0,0.6639,1,1
9.393900226801634,65757.30158761144,17.966444346679673,-66.0236909285195,-41.52064,4,0,0.3256,1,1
9.39420022815466,65759.40159708261,17.966425125891316,-66.02369290496287,-41.540253,4,0,0.306,1,1
9.394300229847431,65760.10160893202,17.966418716456953,-66.02369357984023,-41.18025,4,0,0.666,1,1
9.39440019801259,65760.80138608813,17.96641231300214,-66.02369422480001,-41.50762,4,0,0.3386,1,1
9.394500199705362,65761.50139793754,17.966405904722432,-66.02369488813048,-41.418423,4,0,0.4278,1,1
9.394700199365616,65762.90139555931,17.966393090034508,-66.0236962022436,-41.5342,4,0,0.312,1,1
9.394700199365616,65762.90139555931,17.966393089246278,-66.02369620748344,-41.41347,4,0,0.4328,1,1
9.394700199365616,65762.90139555931,17.96639308959593,-66.02369620515906,-41.467026,4,0,0.3792,1,1
9.39490020647645,65764.30144533515,17.966380273085438,-66.02369752483897,-41.463745,4,0,0.3825,1,1
9.395000208169222,65765.00145718455,17.966373864933054,-66.02369818350063,-41.492016,4,0,0.3542,1,1
9.395100209861994,65765.70146903396,17.966367456384656,-66.02369884394882,-41.48116,4,0,0.3651,1,1
9.395300209522247,65767.10146665573,17.966354641300104,-66.02370015050818,-41.79535,4,0,0.0509,1,1
9.395300209522247,65767.10146665573,17.966354639403807,-66.02370016311416,-41.5049,4,0,0.3413,1,1
9.395400207489727,65767.8014524281,17.966348231521707,-66.02370081817992,-41.623642,4,0,0.2226,1,1
9.395400207489727,65767.8014524281,17.966348232158776,-66.02370081394488,-41.72122,4,0,0.125,1,1
9.3955002091825,65768.5014642775,17.96634182224669,-66.0237014801116,-41.58682,4,0,0.2594,1,1
9.395600207149982,65769.20145004988,17.966335412103124,-66.02370214855276,-41.401512,4,0,0.4447,1,1
9.395800206810236,65770.60144767165,17.966322594434207,-66.02370346400085,-41.531544,4,0,0.3147,1,1
9.39590021967888,65771.30153775215,17.966316184932907,-66.02370411946359,-41.653763,4,0,0.1925,1,1
9.39590021967888,65771.30153775215,17.966316183182805,-66.02370413109794,-41.385704,4,0,0.4605,1,1
9.396100219339132,65772.70153537393,17.966303364671845,-66.0237054472644,-41.51169,4,0,0.3346,1,1
9.396300218999386,65774.1015329957,17.966290543851496,-66.02370677725209,-41.327023,4,0,0.5192,1,1
9.396300218999386,65774.1015329957,17.96629054574403,-66.02370676299084,-41.65619,4,0,0.1901,1,1
9.396300218999386,65774.1015329957,17.9662905447836,-66.02370676937572,-41.50908,4,0,0.3372,1,1
9.396400216966867,65774.80151876807,17.966284134580135,-66.02370743174367,-41.480408,4,0,0.3658,1,1
9.396700218319893,65776.90152823925,17.966264987218107,-66.02370883740548,-54.81175,4,0,-12.9655,0,3
9.396700218319893,65776.90152823925,17.966264902826627,-66.02370941860164,-41.41384,4,0,0.4324,1,1
9.396900217980146,65778.30152586102,17.966252081400057,-66.02371074151975,-41.41795,4,0,0.4283,1,1
9.3970002271235,65779.00158986449,17.96624567126156,-66.02371139409775,-41.629227,4,0,0.217,1,1
9.397200226783752,65780.40158748627,17.966232847372424,-66.02371273048273,-41.335194,4,0,0.5111,1,1
9.397200226783752,65780.40158748627,17.966232847336393,-66.02371272904254,-41.36896,4,0,0.4773,1,1
9.397300228476524,65781.10159933567,17.966226436718767,-66.02371338522278,-41.50265,4,0,0.3436,1,1
9.397300228476524,65781.10159933567,17.966226436107892,-66.023713389284,-41.409077,4,0,0.4372,1,1
9.397400230169296,65781.80161118507,17.966220026386743,-66.023714039196,-41.68914,4,0,0.1571,1,1
9.397400230169296,65781.80161118507,17.966220024517575,-66.02371405162272,-41.40283,4,0,0.4434,1,1
9.397500228136778,65782.50159695745,17.966213613278185,-66.02371471244987,-41.432964,4,0,0.4133,1,1
9.39760022982955,65783.20160880685,17.966207201084192,-66.0237153790032,-41.33328,4,0,0.513,1,1
9.397700227797031,65783.90159457922,17.96620078978366,-66.0237160370886,-41.43143,4,0,0.4148,1,1
9.39780019968748,65784.60139781237,17.96619438241372,-66.02371668093929,-41.85512,4,0,-0.0089,1,1
9.397900197654964,65785.30138358474,17.96618796867917,-66.02371735543979,-41.578743,4,0,0.2675,1,1
9.397900197654964,65785.30138358474,17.96618796838324,-66.02371735740724,-41.533413,4,0,0.3128,1,1
9.398000199347734,65786.00139543414,17.966181556493677,-66.0237180173621,-41.594868,4,0,0.2514,1,1
9.398100197315216,65786.70138120651,17.96617514297397,-66.023718689008,-41.388523,4,0,0.4577,1,1
9.398100197315216,65786.70138120651,17.966175142640324,-66.02371869290613,-41.298126,4,0,0.5481,1,1
9.398200199007988,65787.40139305592,17.966168730699486,-66.02371935010693,-41.427883,4,0,0.4184,1,1
9.398500207811594,65789.50145468116,17.966149494147434,-66.0237213258599,-41.733128,4,0,0.1131,1,1
9.398600209504366,65790.20146653056,17.966143153629446,-66.02372149031132,-53.229713,4,0,-11.3835,3,3
9.398600209504366,65790.20146653056,17.966143079799718,-66.02372199797824,-41.527115,4,0,0.3191,1,1
9.398700207471848,65790.90145230293,17.966136666824458,-66.02372266185813,-41.512478,4,0,0.3338,1,1
9.3989002071321,65792.30144992471,17.966123839954445,-66.02372399215957,-41.431583,4,0,0.4147,1,1
9.399100206792356,65793.70144754648,17.966111013286053,-66.0237253184819,-41.450855,4,0,0.3954,1,1
9.399300210177898,65795.10147124529,17.96609818580409,-66.02372664605826,-41.450268,4,0,0.396,1,1
9.399300210177898,65795.10147124529,17.96609818507166,-66.0237266526081,-41.29877,4,0,0.5475,1,1
9.399400219321253,65795.80153524876,17.9660917711146,-66.02372731206827,-41.403088,4,0,0.4432,1,1
9.399500217288733,65796.50152102113,17.966085358017974,-66.02372797154943,-41.506733,4,0,0.3395,1,1
9.399600218981504,65797.20153287053,17.966078944356678,-66.02372863259727,-41.576958,4,0,0.2693,1,1
9.399700216948986,65797.9015186429,17.966072529875166,-66.0237293000451,-41.50125,4,0,0.345,1,1
9.400000218302011,65800.00152811408,17.966053288663314,-66.02373128077267,-41.78588,4,0,0.0604,1,1
9.400100219994783,65800.70153996348,17.96604687264601,-66.02373195403996,-41.585186,4,0,0.2611,1,1
9.400200217962263,65801.40152573586,17.966040457463706,-66.02373262315363,-41.48154,4,0,0.3647,1,1
9.400300227105618,65802.10158973932,17.966034042110966,-66.02373328812835,-41.477043,4,0,0.3692,1,1
9.400500226765873,65803.5015873611,17.966021212632256,-66.02373461602846,-41.518612,4,0,0.3276,1,1
9.400700230151417,65804.9016110599,17.966008382367775,-66.02373594534784,-41.536285,4,0,0.31,1,1
9.400800228118896,65805.60159683228,17.966001967233048,-66.02373661076435,-41.530186,4,0,0.3161,1,1
9.400800228118896,65805.60159683228,17.96600196837097,-66.0237366031978,-41.70452,4,0,0.1417,1,1
9.400900229811668,65806.30160868168,17.96599562465649,-66.02373677480092,-53.084446,4,0,-11.2382,0,3
9.400900229811668,65806.30160868168,17.96599555131416,-66.02373727929027,-41.455055,4,0,0.3912,1,1
9.40100022777915,65807.00159445405,17.965989136709016,-66.0237379401108,-41.558918,4,0,0.2873,1,1
9.401300199329851,65809.10139530897,17.96596989152957,-66.02373993789384,-41.526203,4,0,0.32,1,1
9.401500198990108,65810.50139293075,17.965957060811537,-66.02374126336049,-41.664482,4,0,0.1818,1,1
9.401600196957588,65811.20137870312,17.965950643142158,-66.02374194149607,-41.381454,4,0,0.4648,1,1
9.401800207793713,65812.60145455599,17.96593781095343,-66.02374326911053,-41.48387,4,0,0.3624,1,1
9.402000207453966,65814.00145217776,17.965924978965667,-66.02374459819252,-41.55862,4,0,0.2876,1,1
9.402000207453966,65814.00145217776,17.96592500934182,-66.02374438947322,-46.369907,3,0,-4.5237,0,0
9.402100209146738,65814.70146402717,17.96591856092761,-66.02374527653409,-41.28065,4,0,0.5656,1,1
9.40220020711422,65815.40144979954,17.965912144890673,-66.02374594100141,-41.3243,4,0,0.5219,1,1
9.402300208806992,65816.10146164894,17.965905729511384,-66.02374659740596,-41.5568,4,0,0.2894,1,1
9.402300208806992,65816.10146164894,17.965905728842603,-66.0237466018534,-41.45433,4,0,0.3919,1,1
9.402500208467243,65817.50145927072,17.965892895630727,-66.02374793459816,-41.464016,4,0,0.3822,1,1
9.402600210160015,65818.20147112012,17.96588647907845,-66.02374859919333,-41.512943,4,0,0.3333,1,1
9.40270021930337,65818.90153512359,17.965880060599904,-66.02374927473319,-41.31215,4,0,0.5341,1,1
9.402800217270851,65819.60152089596,17.96587364389902,-66.02374994105725,-41.32444,4,0,0.5218,1,1
9.402900218963625,65820.30153274536,17.96586722719044,-66.02375060333604,-41.43312,4,0,0.4131,1,1
9.403000216931105,65821.00151851773,17.965860809623393,-66.02375127630509,-41.295444,4,0,0.5508,1,1
9.403000216931105,65821.00151851773,17.96586081110425,-66.02375126477669,-41.56165,4,0,0.2846,1,1
9.403000216931105,65821.00151851773,17.96586080988253,-66.02375127290155,-41.37445,4,0,0.4718,1,1
9.403200220316648,65822.40154221654,17.965847975265838,-66.02375260775507,-41.362335,4,0,0.4839,1,1
9.40330021828413,65823.10152798891,17.965841558096603,-66.0237532769403,-41.31734,4,0,0.5289,1,1
9.40330021828413,65823.10152798891,17.96584155712663,-66.02375328339102,-41.168713,4,0,0.6775,1,1
9.403500217944384,65824.50152561069,17.96582874448376,-66.02375446641979,-44.666775,4,0,-2.8205,0,0
9.403700217604635,65825.90152323246,17.965815887702373,-66.02375595167484,-41.205074,4,0,0.6412,1,1
9.403700217604635,65825.90152323246,17.965815887740575,-66.02375595142077,-41.21093,4,0,0.6353,1,1
9.404000230133532,65828.00161093473,17.965796634165546,-66.02375795362995,-41.235794,4,0,0.6105,1,1
9.404000230133532,65828.00161093473,17.96579663382586,-66.02375795588911,-41.183743,4,0,0.6625,1,1
9.404000230133532,65828.00161093473,17.96579663433805,-66.02375795248265,-41.26223,4,0,0.584,1,1
9.404100228101017,65828.7015967071,17.965790216270175,-66.02375862325191,-41.19547,4,0,0.6508,1,1
9.404100228101017,65828.7015967071,17.965790215817584,-66.02375862626197,-41.126114,4,0,0.7201,1,1
9.404200229793789,65829.40160855651,17.96578379899801,-66.02375928685824,-41.296024,4,0,0.5502,1,1
9.404500227421522,65831.50159195065,17.96576454515269,-66.02376129254252,-41.26417,4,0,0.5821,1,1
9.404600229114294,65832.20160380006,17.96575812760352,-66.02376195516327,-41.394726,4,0,0.4515,1,1
9.404600229114294,65832.20160380006,17.965758127113688,-66.02376196010174,-41.280357,4,0,0.5659,1,1
9.404700197279452,65832.90138095617,17.96575171166527,-66.02376262257005,-41.4109,4,0,0.4353,1,1
9.404800198972223,65833.60139280558,17.965745293334727,-66.02376329322057,-41.358536,4,0,0.4877,1,1
9.404900196939709,65834.30137857795,17.96573887488599,-66.02376396428883,-41.29817,4,0,0.5481,1,1
9.404900196939709,65834.30137857795,17.965738874061685,-66.02376396977135,-41.171852,4,0,0.6744,1,1
9.405200209468603,65836.40146628022,17.96571961957008,-66.02376596802446,-41.347626,4,0,0.4986,1,1
9.405300207436085,65837.1014520526,17.965713201460616,-66.02376663422002,-41.406406,4,0,0.4398,1,1
9.405300207436085,65837.1014520526,17.965713202248686,-66.02376662897832,-41.527176,4,0,0.3191,1,1
9.405400209128857,65837.801463902,17.965706782885132,-66.02376730341562,-41.397583,4,0,0.4487,1,1
9.405500207096338,65838.50144967437,17.965700364718405,-66.0237679712505,-41.42106,4,0,0.4252,1,1
9.405500207096338,65838.50144967437,17.96570036406587,-66.02376797727152,-41.281746,4,0,0.5645,1,1
9.40560020878911,65839.20146152377,17.965693945560414,-66.02376864559453,-41.296047,4,0,0.5502,1,1
9.40560020878911,65839.20146152377,17.965693946195685,-66.02376863968833,-41.432716,4,0,0.4135,1,1
9.405700206756592,65839.90144729614,17.96568752957619,-66.02376929640728,-41.71544,4,0,0.1308,1,1
9.405700206756592,65839.90144729614,17.96568752734623,-66.02376931292044,-41.334385,4,0,0.5119,1,1
9.405900210142136,65841.30147099495,17.965674689634692,-66.02377065329712,-41.28439,4,0,0.5619,1,1
9.406000208109615,65842.00145676732,17.965668271526557,-66.02377131813986,-41.38473,4,0,0.4615,1,1
9.406000208109615,65842.00145676732,17.965668272566553,-66.02377131122219,-41.544117,4,0,0.3021,1,1
9.40610020980239,65842.70146861672,17.965661852687667,-66.02377198947792,-41.33624,4,0,0.51,1,1
9.40610020980239,65842.70146861672,17.965661852991065,-66.02377198577905,-41.422047,4,0,0.4242,1,1
9.40610020980239,65842.70146861672,17.965661853798576,-66.02377198040773,-41.545807,4,0,0.3004,1,1
9.40620020776987,65843.4014543891,17.96565543510582,-66.02377265050487,-41.527313,4,0,0.3189,1,1
9.40620020776987,65843.4014543891,17.96565543411235,-66.02377265879382,-41.335747,4,0,0.5105,1,1
9.40620020776987,65843.4014543891,17.96565543494164,-66.02377265159697,-41.50215,4,0,0.3441,1,1
9.406300216913223,65844.10151839256,17.96564901620062,-66.02377331717221,-41.590954,4,0,0.2553,1,1
9.406300216913223,65844.10151839256,17.965649016125656,-66.02377331767082,-41.579468,4,0,0.2668,1,1
9.406300216913223,65844.10151839256,17.96564901487723,-66.02377332597503,-41.388134,4,0,0.4581,1,1
9.406400218605995,65844.80153024197,17.96564259684476,-66.02377398982993,-41.51679,4,0,0.3295,1,1
9.406400218605995,65844.80153024197,17.965642595908804,-66.02377399773653,-41.334034,4,0,0.5122,1,1
9.406500220298769,65845.50154209137,17.965636177550124,-66.0237746619498,-41.456364,4,0,0.3899,1,1
9.406500220298769,65845.50154209137,17.965636178419675,-66.02377465616571,-41.589634,4,0,0.2566,1,1
9.406600218266249,65846.20152786374,17.965629759721846,-66.02377532575827,-41.588192,4,0,0.2581,1,1
9.40670021995902,65846.90153971314,17.96562333928338,-66.02377600692924,-41.32128,4,0,0.525,1,1
9.40670021995902,65846.90153971314,17.965623340022187,-66.02377600033404,-41.473824,4,0,0.3724,1,1
9.407000217586756,65849.00152310729,17.96560408270311,-66.02377801641806,-41.312767,4,0,0.5335,1,1
9.407100219279528,65849.7015349567,17.965597664449408,-66.02377867930957,-41.473255,4,0,0.373,1,1
9.407300230115652,65851.10161080956,17.96558482621417,-66.02378001659332,-41.532856,4,0,0.3134,1,1
9.407300230115652,65851.10161080956,17.965584824902045,-66.02378002700267,-41.292435,4,0,0.5538,1,1
9.407400228083134,65851.80159658194,17.965578407653155,-66.02378068456771,-41.578663,4,0,0.2676,1,1
9.407500229775906,65852.50160843134,17.965571987325923,-66.02378136435247,-41.353504,4,0,0.4927,1,1
9.407600227743387,65853.20159420371,17.965565568447943,-66.02378203433516,-41.35534,4,0,0.4909,1,1
9.40770022943616,65853.90160605311,17.965559149203916,-66.02378270346746,-41.379047,4,0,0.4672,1,1
9.40770022943616,65853.90160605311,17.965559149066333,-66.02378270606353,-41.318645,4,0,0.5276,1,1
9.407900229096413,65855.30160367489,17.965546311871368,-66.02378403888741,-41.493538,4,0,0.3527,1,1
9.408000227063894,65856.00158944726,17.96553989262255,-66.02378471122788,-41.445404,4,0,0.4008,1,1
9.408000227063894,65856.00158944726,17.965539892360084,-66.02378471297396,-41.40517,4,0,0.4411,1,1
9.408000227063894,65856.00158944726,17.96553989268201,-66.02378471083233,-41.454517,4,0,0.3917,1,1
9.408200196921824,65857.40137845278,17.96552705623213,-66.02378605283518,-41.419018,4,0,0.4272,1,1
9.408200196921824,65857.40137845278,17.96552706500867,-66.0237859927675,-42.8036,4,0,-0.9574,0,0
9.408300198614596,65858.10139030218,17.96552063772677,-66.0237867186626,-41.524574,4,0,0.3217,1,1
9.408300198614596,65858.10139030218,17.96552063619328,-66.02378673054537,-41.250202,4,0,0.596,1,1
9.408600199967625,65860.20139977336,17.965501397690467,-66.02378861103533,-44.26955,4,0,-2.4233,0,0
9.408700209110975,65860.90146377683,17.965494959676764,-66.02378940698196,-41.38083,4,0,0.4654,1,1
9.408700209110975,65860.90146377683,17.965494961326584,-66.02378939600607,-41.63372,4,0,0.2125,1,1
9.408800207078457,65861.6014495492,17.96548854068633,-66.02379007775184,-41.376595,4,0,0.4697,1,1
9.409000210464,65863.001473248,17.96547570263919,-66.02379141676614,-41.43005,4,0,0.4162,1,1
9.409300208091736,65865.10145664215,17.96545645000551,-66.02379339942566,-42.111073,4,0,-0.2648,0,0
9.409300208091736,65865.10145664215,17.965456445711528,-66.02379342799392,-41.45284,4,0,0.3934,1,1
9.409300208091736,65865.10145664215,17.96545644524701,-66.02379343108439,-41.38163,4,0,0.4646,1,1
9.409400209784508,65865.80146849155,17.965450025570725,-66.02379410696106,-41.264595,4,0,0.5817,1,1
9.40950020775199,65866.50145426393,17.965443607899658,-66.02379476779846,-41.495403,4,0,0.3508,1,1
9.40950020775199,65866.50145426393,17.965443607195144,-66.02379477248572,-41.387405,4,0,0.4588,1,1
9.40950020775199,65866.50145426393,17.965443606822223,-66.0237947766478,-41.29092,4,0,0.5553,1,1
9.409700218588114,65867.9015301168,17.96543076852446,-66.02379611540789,-41.362118,4,0,0.4841,1,1
9.409900218248367,65869.30152773857,17.96541793139913,-66.0237974498647,-41.53398,4,0,0.3123,1,1
9.41010021790862,65870.70152536035,17.965405093119923,-66.02379879421947,-41.47967,4,0,0.3666,1,1
9.410200219601393,65871.40153720975,17.96539876015389,-66.0237988723058,-55.149002,4,0,-13.3028,0,0
9.410200219601393,65871.40153720975,17.965398672906538,-66.02379947466022,-41.26269,4,0,0.5836,1,1
9.410200219601393,65871.40153720975,17.965398673902104,-66.02379946635517,-41.45463,4,0,0.3916,1,1
9.410300217568874,65872.10152298212,17.965392254652812,-66.0238001421044,-41.345715,4,0,0.5005,1,1
9.410400219261646,65872.80153483152,17.96538583484028,-66.02380081851852,-41.223167,4,0,0.6231,1,1
9.41060023009777,65874.2016106844,17.965372991574064,-66.02380207199853,-41.246067,4,0,0.6002,1,1
9.41060023009777,65874.2016106844,17.965372992257105,-66.02380206745376,-41.35078,4,0,0.4955,1,1
9.41060023009777,65874.2016106844,17.96537299218794,-66.02380206623286,-41.379498,4,0,0.4668,1,1
9.410800229758024,65875.60160830617,17.965360155338608,-66.02380342049916,-41.36087,4,0,0.4854,1,1
9.41110022738576,65877.70159170032,17.965340898427655,-66.02380546259428,-41.090332,4,0,0.7559,1,1
9.411200229078531,65878.40160354972,17.965334480686646,-66.02380613450264,-41.203728,4,0,0.6425,1,1
9.411200229078531,65878.40160354972,17.965334482983735,-66.02380611753678,-41.59522,4,0,0.251,1,1
9.411500196903944,65880.50137832761,17.9653152275238,-66.02380816642929,-41.166187,4,0,0.6801,1,1
9.41180019825697,65882.60138779879,17.96529604079251,-66.02380972801714,-51.97739,4,0,-10.1311,0,0
9.41180019825697,65882.60138779879,17.965295973618417,-66.02381019182081,-41.285088,4,0,0.5612,1,1
9.41190019994974,65883.30139964819,17.9652895550742,-66.02381087077106,-41.23683,4,0,0.6094,1,1
9.412100207060575,65884.70144942403,17.965276721222423,-66.02381220468506,-41.693745,4,0,0.1525,1,1
9.41230021044612,65886.10147312284,17.965263883245438,-66.02381357039654,-41.415936,4,0,0.4303,1,1
9.412700209766626,65888.90146836638,17.96523821117802,-66.02381628424156,-41.259205,4,0,0.587,1,1
9.412700209766626,65888.90146836638,17.965238212018455,-66.02381627696741,-41.427395,4,0,0.4189,1,1
9.412800207734108,65889.60145413876,17.96523179408933,-66.02381695764284,-41.335247,4,0,0.511,1,1
9.41290020942688,65890.30146598816,17.965225378687485,-66.02381761688333,-41.73815,4,0,0.1081,1,1
9.41290020942688,65890.30146598816,17.96522537708919,-66.02381762751942,-41.493084,4,0,0.3532,1,1
9.41290020942688,65890.30146598816,17.965225375695102,-66.02381763847796,-41.24,4,0,0.6062,1,1
9.413100220263004,65891.70154184103,17.965212539857657,-66.02381899164583,-41.244595,4,0,0.6017,1,1
9.413100220263004,65891.70154184103,17.965212542555193,-66.02381897201303,-41.69754,4,0,0.1487,1,1
9.413100220263004,65891.70154184103,17.96521254058746,-66.0238189851077,-41.395824,4,0,0.4504,1,1
9.413200218230486,65892.4015276134,17.965206138872137,-66.02381955411921,-43.875633,4,0,-2.0294,2,2
9.413500219583511,65894.50153708458,17.96518687079287,-66.02382169397912,-41.333176,4,0,0.5131,1,1
9.413600217550991,65895.20152285695,17.965180453900807,-66.02382236703146,-41.411686,4,0,0.4346,1,1
9.413700219243765,65895.90153470635,17.96517403648679,-66.02382304402649,-41.39835,4,0,0.4479,1,1
9.413900218904018,65897.30153232813,17.965161201491238,-66.0238244034582,-41.241917,4,0,0.6043,1,1
9.414400227367878,65900.80159157515,17.965129135422973,-66.02382765242712,-44.2818,4,0,-2.4356,1,1
9.414400227367878,65900.80159157515,17.96512911830134,-66.02382776973863,-41.577618,4,0,0.2686,1,1
9.414800230413675,65903.60161289573,17.96510346624368,-66.02383037322369,-43.884346,4,0,-2.0381,0,0
9.414800230413675,65903.60161289573,17.965103453220657,-66.02383046326004,-41.808617,4,0,0.0376,1,1
9.414900198578836,65904.30139005184,17.965097036957786,-66.02383115130985,-41.519405,4,0,0.3268,1,1
9.414900198578836,65904.30139005184,17.965097038103504,-66.02383114368463,-41.6951,4,0,0.1511,1,1
9.415100198239088,65905.70138767362,17.965084205157588,-66.02383249721967,-41.641453,4,0,0.2048,1,1
9.415300197899342,65907.10138529539,17.9650713713289,-66.02383385833544,-41.406143,4,0,0.4401,1,1
9.415400207042694,65907.80144929886,17.965064955926625,-66.02383452556678,-41.594257,4,0,0.252,1,1
9.415900208055971,65911.30145639181,17.965032875674854,-66.02383791045791,-41.375008,4,0,0.4712,1,1
9.415900208055971,65911.30145639181,17.965032956552395,-66.02383735197422,-54.250324,4,0,-12.4041,3,3
9.415900208055971,65911.30145639181,17.965032876721086,-66.02383790181271,-41.57479,4,0,0.2715,1,1
9.416000209748743,65912.00146824121,17.96502646086281,-66.02383857792118,-41.545124,4,0,0.3011,1,1
9.416000209748743,65912.00146824121,17.965026460862862,-66.02383857792084,-41.54513,4,0,0.3011,1,1
9.416100207716228,65912.70145401359,17.965020044753302,-66.02383925773528,-41.42732,4,0,0.4189,1,1
9.416500207036734,65915.50144925714,17.964994466534513,-66.02384138625268,-54.552536,4,0,-12.7063,3,3
9.416600219905376,65916.20153933764,17.964987967982673,-66.02384262944436,-41.43792,4,0,0.4083,1,1
9.416700217872858,65916.90152511,17.964981551529192,-66.0238433161287,-41.147186,4,0,0.6991,1,1
9.416700217872858,65916.90152511,17.964981553058774,-66.02384330594774,-41.381775,4,0,0.4645,1,1
9.41680021956563,65917.60153695941,17.964975217522667,-66.02384343110819,-54.035145,4,0,-12.1889,3,3
9.417500227689745,65922.5015938282,17.964930234869506,-66.0238487034199,-41.18316,4,0,0.6631,1,1
9.417500227689745,65922.5015938282,17.964930236049273,-66.02384869556697,-41.364105,4,0,0.4821,1,1
9.418000228703022,65926.00160092115,17.96489819851579,-66.02385183828862,-46.466534,4,0,-4.6203,0,0
9.418200228363276,65927.40159854293,17.964885339092913,-66.02385340690932,-41.303925,4,0,0.5423,1,1
9.418800197541714,65931.601382792,17.964846863754733,-66.0238574267769,-41.550735,4,0,0.2955,1,1
9.419000208377838,65933.00145864487,17.964834036600752,-66.02385877831128,-41.3421,4,0,0.5041,1,1
9.41910021007061,65933.70147049427,17.96482762268929,-66.02385945791178,-41.144012,4,0,0.7022,1,1
9.419300209730864,65935.10146811604,17.964814799782165,-66.02386078605517,-41.452965,4,0,0.3933,1,1
9.419400207698343,65935.80145388842,17.964808386986572,-66.02386146326481,-41.298225,4,0,0.548,1,1
9.419500209391115,65936.50146573782,17.964801976122292,-66.0238621232926,-41.537533,4,0,0.3087,1,1
9.41970020905137,65937.9014633596,17.96478915243541,-66.02386346269901,-41.55772,4,0,0.2885,1,1
9.419800207018852,65938.60144913197,17.9647827417504,-66.0238641266126,-41.695316,4,0,0.1509,1,1
9.419900208711624,65939.30146098137,17.964776328964025,-66.02386480356752,-41.529247,4,0,0.317,1,1
9.419900208711624,65939.30146098137,17.964776329182104,-66.02386480211571,-41.562702,4,0,0.2835,1,1
9.420000217854977,65940.00152498484,17.96476991843201,-66.02386546300593,-41.764168,4,0,0.0821,1,1
9.420000217854977,65940.00152498484,17.96476991640003,-66.02386547653299,-41.452477,4,0,0.3938,1,1
9.420100219547749,65940.70153683424,17.964763507612613,-66.02386612811195,-41.863533,4,0,-0.0173,1,1
9.420300219208002,65942.10153445601,17.96475069088364,-66.02386742740724,-42.763092,4,0,-0.9168,0,0
9.420600220561028,65944.20154392719,17.96473145117546,-66.02386948183019,-41.651382,4,0,0.1949,1,1
9.42070021852851,65944.90152969956,17.96472504063758,-66.02387015044131,-41.645855,4,0,0.2004,1,1
9.420900229364634,65946.30160555243,17.964712220528565,-66.02387147691157,-41.8727,4,0,-0.0265,1,1
9.421000227332115,65947.0015913248,17.96470580851063,-66.02387215732577,-41.583,4,0,0.2632,1,1
9.421400230377913,65949.80161264539,17.964680168875535,-66.02387482471238,-41.63485,4,0,0.2114,1,1
9.42190019786358,65953.30138504505,17.964648167467416,-66.02387785868761,-48.520485,3,0,-6.6742,0,0
9.42190019786358,65953.30138504505,17.964648123009653,-66.02387816476178,-41.464405,4,0,0.3818,1,1
9.42200019955635,65954.00139689445,17.96464171559826,-66.02387881963456,-41.721252,4,0,0.125,1,1
9.422100197523832,65954.70138266683,17.964635304646947,-66.0238795020059,-41.338917,4,0,0.5073,1,1
9.422100197523832,65954.70138266683,17.964635304401167,-66.02387950364215,-41.301216,4,0,0.545,1,1
9.422100197523832,65954.70138266683,17.964635304826214,-66.02387949913017,-41.405766,4,0,0.4405,1,1
9.422200199216604,65955.40139451623,17.96462889591986,-66.02388016700961,-41.353497,4,0,0.4928,1,1
9.422200199216604,65955.40139451623,17.964628896528648,-66.0238801612743,-41.486237,4,0,0.36,1,1
9.422400210052729,65956.8014703691,17.964616078371208,-66.02388149658897,-41.380283,4,0,0.466,1,1
9.42250020802021,65957.50145614147,17.964609672540163,-66.02388214427158,-41.780563,4,0,0.0657,1,1
9.422600209712982,65958.20146799088,17.964603262213092,-66.0238828222442,-41.47853,4,0,0.3677,1,1
9.422700207680464,65958.90145376325,17.964596854498428,-66.02388348554733,-41.50923,4,0,0.337,1,1
9.42310021072626,65961.70147508383,17.96457122272327,-66.02388614889972,-41.35361,4,0,0.4926,1,1
9.423300217837095,65963.10152485967,17.964558407074296,-66.02388748006331,-41.260937,4,0,0.5853,1,1
9.423300217837095,65963.10152485967,17.96455841345015,-66.02388743593139,-42.27841,4,0,-0.4322,0,0
9.42360021919012,65965.20153433084,17.96453918659627,-66.02388946615748,-41.330696,4,0,0.5156,1,1
9.423700217157602,65965.90152010322,17.964532779999782,-66.02389012914749,-41.322014,4,0,0.5242,1,1
9.423800218850374,65966.60153195262,17.964526373465212,-66.02389079088641,-41.337967,4,0,0.5083,1,1
9.423900220543146,65967.30154380202,17.964519966871084,-66.02389145374951,-41.32324,4,0,0.523,1,1
9.4241002202034,65968.7015414238,17.964507155000863,-66.02389277277311,-41.433834,4,0,0.4124,1,1
9.42420021817088,65969.40152719617,17.964500748964152,-66.0238934373667,-41.363644,4,0,0.4826,1,1
9.424300219863651,65970.10153904557,17.964494343359014,-66.02389409489366,-41.45318,4,0,0.3931,1,1
9.424300219863651,65970.10153904557,17.964494345208774,-66.02389408257785,-41.73696,4,0,0.1093,1,1
9.424400229007006,65970.80160304904,17.96448793674515,-66.02389475842845,-41.399975,4,0,0.4463,1,1
9.424500230699778,65971.50161489844,17.964481531349676,-66.02389541771912,-41.438557,4,0,0.4077,1,1
9.42460022866726,65972.20160067081,17.964475125946,-66.02389608105214,-41.377964,4,0,0.4683,1,1
9.424700230360031,65972.90161252022,17.964468720621866,-66.02389673967025,-41.42285,4,0,0.4234,1,1
9.424800228327513,65973.60159829259,17.96446231641994,-66.02389739480789,-41.541878,4,0,0.3044,1,1
9.424800228327513,65973.60159829259,17.96446231569596,-66.02389739962827,-41.430805,4,0,0.4154,1,1
9.424800228327513,65973.60159829259,17.964462315718514,-66.02389740116044,-41.394917,4,0,0.4513,1,1
9.424900230020285,65974.30161014199,17.964455912987752,-66.02389804400336,-41.79347,4,0,0.0528,1,1
9.425200197845696,65976.40138491988,17.96443669992879,-66.02390003011988,-41.625145,4,0,0.2211,1,1
9.425400197505953,65977.80138254166,17.96442389128468,-66.02390134824256,-41.62875,4,0,0.2175,1,1
9.425600197166204,65979.20138016343,17.964411082394776,-66.02390267147412,-41.494537,4,0,0.3517,1,1
9.425600197166204,65979.20138016343,17.964411083487928,-66.02390266419559,-41.66225,4,0,0.184,1,1
9.425600197166204,65979.20138016343,17.9644110832335,-66.02390266588962,-41.623215,4,0,0.223,1,1
9.425700210034847,65979.90147024393,17.964404678599443,-66.0239033244299,-41.621464,4,0,0.2248,1,1
9.425800208002329,65980.6014560163,17.964398275208552,-66.02390398170948,-41.641502,4,0,0.2047,1,1
9.426000207662582,65982.00145363808,17.964385468343856,-66.02390529754602,-41.637676,4,0,0.2086,1,1
9.426000207662582,65982.00145363808,17.964385467980062,-66.0239052999683,-41.581863,4,0,0.2644,1,1
9.42640021070838,65984.80147495866,17.964359858254696,-66.02390791261257,-41.95297,4,0,-0.1067,1,1
9.426700208336117,65986.9014583528,17.96434072790182,-66.02390935132163,-54.183784,4,0,-12.3375,3,3
9.427400220185518,65991.80154129863,17.96429583538485,-66.0239144879158,-41.521557,4,0,0.3247,1,1
9.427400220185518,65991.80154129863,17.964295833271485,-66.0239145036701,-41.157963,4,0,0.6883,1,1
9.427500218153,65992.501527071,17.9642894326474,-66.02391515565743,-41.214363,4,0,0.6319,1,1
9.427600219845772,65993.2015389204,17.96428303299265,-66.02391579872575,-41.47238,4,0,0.3739,1,1
9.427800230681896,65994.60161477327,17.96427023020979,-66.02391711225923,-41.34141,4,0,0.5048,1,1
9.42800023034215,65996.00161239505,17.9642574288926,-66.02391842217635,-41.27257,4,0,0.5737,1,1
9.428200230002403,65997.40161001682,17.964244628389096,-66.02391972936846,-41.246662,4,0,0.5996,1,1
9.428400229662657,65998.8016076386,17.964231828395185,-66.02392103676087,-41.19592,4,0,0.6503,1,1
9.428500227630138,65999.50159341097,17.964225429197477,-66.02392168709773,-41.24019,4,0,0.6061,1,1
9.428600199520588,66000.20139664412,17.96421903253211,-66.02392233062005,-41.433163,4,0,0.4131,1,1
9.42870019748807,66000.90138241649,17.964212632913668,-66.023922987017,-41.327255,4,0,0.519,1,1
9.42880019918084,66001.60139426589,17.964206234193856,-66.02392363329106,-41.451366,4,0,0.3949,1,1
9.42880019918084,66001.60139426589,17.96420623314059,-66.02392364198691,-41.250412,4,0,0.5958,1,1
9.428900200873612,66002.3014061153,17.964199848086675,-66.02392419637184,-43.487434,4,0,-1.6412,0,0
9.428900200873612,66002.3014061153,17.964199834233426,-66.02392429198036,-41.283283,4,0,0.563,1,1
9.429000198841097,66003.00139188766,17.964193441209634,-66.02392490346864,-42.19846,4,0,-0.3522,0,0
9.429400209337471,66005.80146536231,17.964167841369413,-66.02392754266504,-41.357166,4,0,0.4891,1,1
9.429500207304956,66006.50145113468,17.964161522292642,-66.02392764721014,-53.93497,4,0,-12.0887,3,3
9.42980020865798,66008.60146060586,17.964142326551134,-66.02392961288002,-53.55325,3,0,-11.707,3,3
9.430200219154358,66011.4015340805,17.964116659710317,-66.02393274034522,-41.300274,4,0,0.546,1,1
9.430500220507383,66013.50154355168,17.96409746982465,-66.02393468195163,-41.372913,4,0,0.4733,1,1
9.430500220507383,66013.50154355168,17.964097471735208,-66.0239346675475,-41.70539,4,0,0.1409,1,1
9.430600218474863,66014.20152932405,17.964091054145985,-66.02393549842827,-41.47888,4,0,0.3674,1,1
9.430600218474863,66014.20152932405,17.964091054510252,-66.0239354960027,-41.53477,4,0,0.3115,1,1
9.430600218474863,66014.20152932405,17.96409105351702,-66.023935504299,-41.343025,4,0,0.5032,1,1
9.431000217795372,66017.0015245676,17.964065474093054,-66.02393805013031,-41.329403,4,0,0.5168,1,1
9.431100219488144,66017.70153641701,17.96405908045632,-66.02393867809434,-41.510826,4,0,0.3354,1,1
9.431200217455626,66018.40152218938,17.964052685918755,-66.02393931609046,-41.455437,4,0,0.3908,1,1
9.431200217455626,66018.40152218938,17.9640526873124,-66.02393930681062,-41.66926,4,0,0.177,1,1
9.43140022829175,66019.80159804225,17.96403989721937,-66.02394058569888,-41.480663,4,0,0.3656,1,1
9.431700229644775,66021.90160751343,17.964020715630205,-66.02394249255842,-41.42792,4,0,0.4183,1,1
9.4320002309978,66024.0016169846,17.964001535346565,-66.02394439950832,-41.335926,4,0,0.5103,1,1
9.43210019916296,66024.70139414072,17.96399516958767,-66.02394485874528,-45.360058,4,0,-3.5138,0,0
9.43210019916296,66024.70139414072,17.96399514265808,-66.0239450447904,-41.071037,4,0,0.7752,1,1
9.432300198823214,66026.1013917625,17.963982439066122,-66.02394574639291,-54.116608,4,0,-12.2704,3,3
9.432300198823214,66026.1013917625,17.963982360332132,-66.02394628916332,-41.604218,4,0,0.242,1,1
9.432400200515984,66026.8014036119,17.96397596723067,-66.02394692549954,-41.539326,4,0,0.3069,1,1
9.432700209319592,66028.90146523714,17.96395679004257,-66.02394882357743,-41.576267,4,0,0.27,1,1
9.432700209319592,66028.90146523714,17.963956789438033,-66.02394882760284,-41.483517,4,0,0.3627,1,1
9.432800211012363,66029.60147708654,17.963950396890233,-66.02394946339973,-41.41746,4,0,0.4288,1,1
9.432900208979843,66030.30146285892,17.96394400530037,-66.02395009684811,-41.40119,4,0,0.4451,1,1
9.433400209993124,66033.80146995187,17.963912047764754,-66.02395326000213,-41.373405,4,0,0.4728,1,1
9.433600209653378,66035.20146757364,17.963899264715693,-66.02395453128621,-41.203846,4,0,0.6424,1,1
9.43370021879673,66035.90153157711,17.963892883369066,-66.02395509305948,-42.819695,4,0,-0.9734,0,0
9.43370021879673,66035.90153157711,17.963892872686458,-66.02395516755567,-41.102097,4,0,0.7442,1,1
9.433800220489502,66036.60154342651,17.963886485154436,-66.02395577562963,-41.64729,4,0,0.199,1,1
9.433900218456984,66037.30152919888,17.963880185943836,-66.0239557782291,-56.14665,4,0,-14.3004,0,0
9.433900218456984,66037.30152919888,17.963880092106496,-66.02395642660808,-41.199562,4,0,0.6467,1,1
9.434000220149755,66038.00154104829,17.96387370086468,-66.02395706309403,-41.084564,4,0,0.7617,1,1
9.434000220149755,66038.00154104829,17.963873702588234,-66.0239570516176,-41.348984,4,0,0.4973,1,1
9.434200219810007,66039.40153867006,17.963860921201558,-66.02395832117648,-41.19048,4,0,0.6558,1,1
9.434200219810007,66039.40153867006,17.96386092083614,-66.02395832360966,-41.13442,4,0,0.7118,1,1
9.434400219470264,66040.80153629184,17.96384814162499,-66.02395958178215,-41.23,4,0,0.6162,1,1
9.434400219470264,66040.80153629184,17.96384814561308,-66.02395955354469,-41.881184,4,0,-0.0349,0,0
9.434500217437744,66041.50152206421,17.963841752951257,-66.02396020492156,-41.412228,4,0,0.434,1,1
9.434600219130516,66042.20153391361,17.963835362500173,-66.02396084247071,-41.260002,4,0,0.5862,1,1
9.434700228273869,66042.90159791708,17.96382897300462,-66.02396146962288,-41.34725,4,0,0.499,1,1
9.43480022996664,66043.60160976648,17.963822584088774,-66.02396209512459,-41.47038,4,0,0.3759,1,1
9.435000229626894,66045.00160738826,17.96380981177438,-66.02396331662018,-42.390133,4,0,-0.5439,0,0
9.435000229626894,66045.00160738826,17.96380980432238,-66.02396336792171,-41.20756,4,0,0.6387,1,1
9.43530023097992,66047.10161685944,17.963790640076667,-66.02396524188654,-41.616405,4,0,0.2298,1,1
9.43530023097992,66047.10161685944,17.963790637773013,-66.02396525890771,-41.223656,4,0,0.6226,1,1
9.435600198805332,66049.20139163733,17.963771475280502,-66.02396714378318,-41.365173,4,0,0.4811,1,1
9.435600198805332,66049.20139163733,17.963771475444396,-66.02396714269196,-41.390316,4,0,0.4559,1,1
9.435700200498104,66049.90140348673,17.963765095881204,-66.0239677111007,-42.818203,4,0,-0.972,0,0
9.435800198465586,66050.6013892591,17.963758699651688,-66.02396839784424,-41.516556,4,0,0.3297,1,1
9.435900200158358,66051.3014011085,17.96375231097806,-66.02396903347032,-41.39242,4,0,0.4538,1,1
9.436200208961964,66053.40146273375,17.963733091167875,-66.02397130817059,-32.540035,3,0,9.3062,0,0
9.436200208961964,66053.40146273375,17.963733146989334,-66.02397092471439,-41.37879,4,0,0.4675,1,1
9.436400208622215,66054.80146035552,17.963720370689252,-66.02397219393066,-41.17328,4,0,0.673,1,1
9.436500210314987,66055.50147220492,17.963713984706562,-66.02397281276077,-41.434452,4,0,0.4118,1,1
9.43660020828247,66056.2014579773,17.963707597504122,-66.02397344537935,-41.37604,4,0,0.4702,1,1
9.437000207602978,66059.00145322084,17.96368205085332,-66.02397595689511,-41.583176,4,0,0.2631,1,1
9.43710022047162,66059.70154330134,17.963675662414623,-66.02397659517953,-41.396652,4,0,0.4496,1,1
9.437200218439102,66060.40152907372,17.96366927691917,-66.02397721747441,-41.577816,4,0,0.2684,1,1
9.437500219792128,66062.5015385449,17.963650116713314,-66.02397911708766,-41.368553,4,0,0.4777,1,1
9.43770021945238,66063.90153616667,17.963637348102026,-66.02398035246566,-41.94767,4,0,-0.1014,0,0
9.43770021945238,66063.90153616667,17.963637345567516,-66.02398036934073,-41.558887,4,0,0.2874,1,1
9.437900219112636,66065.30153378844,17.963624639702164,-66.02398117635506,-52.014744,3,0,-10.1685,0,3
9.438300229609013,66068.10160726309,17.96359914095437,-66.0239833937846,-59.03097,3,0,-17.1847,0,0
9.438400227576494,66068.80159303546,17.963592645472076,-66.02398478386912,-41.523594,4,0,0.3227,1,1
9.438600230962038,66070.20161673427,17.963579874848428,-66.02398604550412,-41.516434,4,0,0.3298,1,1
9.438600230962038,66070.20161673427,17.963580116554983,-66.0239843790279,-79.929344,3,0,-38.0831,0,0
9.438600230962038,66070.20161673427,17.96358006285593,-66.02398475001402,-71.37776,3,0,-29.5315,0,0
9.43870022892952,66070.90160250664,17.963573489855715,-66.02398667679903,-41.503468,4,0,0.3428,1,1
9.438800230622292,66071.60161435604,17.96356710479831,-66.02398730765552,-41.502686,4,0,0.3436,1,1
9.438800230622292,66071.60161435604,17.963567104398738,-66.02398731031583,-41.441395,4,0,0.4049,1,1
9.439000200480224,66073.00140336156,17.963554336608865,-66.02398857433414,-41.386173,4,0,0.4601,1,1
9.439100198447704,66073.70138913393,17.963547952476862,-66.02398920096344,-41.48789,4,0,0.3584,1,1
9.439100198447704,66073.70138913393,17.963547952141482,-66.0239892048788,-41.3971,4,0,0.4491,1,1
9.43940019980073,66075.80139860511,17.96352879945649,-66.023991091003,-41.569805,4,0,0.2764,1,1
9.43940019980073,66075.80139860511,17.963528798924465,-66.02399109454518,-41.488197,4,0,0.3581,1,1
9.439500208944082,66076.50146260858,17.96352241373425,-66.0239917291307,-41.415146,4,0,0.4311,1,1
9.439700208604336,66077.90146023035,17.963509652470773,-66.02399294162842,-42.58024,4,0,-0.734,0,0
9.43990020826459,66079.30145785213,17.963496879071062,-66.02399424262234,-41.7139,4,0,0.1323,1,1
9.440100207924845,66080.7014554739,17.96348410898355,-66.02399552418869,-41.30483,4,0,0.5414,1,1
9.440100207924845,66080.7014554739,17.963484109064378,-66.0239955236506,-41.317226,4,0,0.529,1,1
9.440300207585096,66082.10145309567,17.96347134245425,-66.02399678130053,-41.47057,4,0,0.3757,1,1
9.440600220113993,66084.20154079795,17.963452190908672,-66.02399868219419,-41.389305,4,0,0.4569,1,1
9.440800219774246,66085.60153841972,17.963439424511694,-66.02399994649213,-41.417,4,0,0.4292,1,1
9.440800219774246,66085.60153841972,17.963439424818684,-66.02399994276597,-41.50343,4,0,0.3428,1,1
9.441100221127272,66087.7015478909,17.963420275355826,-66.02400184224179,-41.498493,4,0,0.3478,1,1
9.441200219094751,66088.40153366327,17.963413891365928,-66.02400248492242,-41.282948,4,0,0.5633,1,1
9.441600229591131,66091.20160713792,17.963388440137305,-66.02400446294402,-54.120968,4,0,-12.2747,3,3
9.441900230944157,66093.3016166091,17.963369212291507,-66.02400691900014,-41.36874,4,0,0.4775,1,1
9.44210023060441,66094.70161423087,17.963356447451773,-66.02400818871641,-41.360287,4,0,0.486,1,1
9.44210023060441,66094.70161423087,17.96335651730725,-66.02400770685459,-52.466908,4,0,-10.6207,0,3
9.442200228571892,66095.40160000324,17.963350064551193,-66.02400882842514,-41.24984,4,0,0.5964,1,1
9.443100210279226,66101.70147195458,17.96329262714163,-66.02401455285819,-41.1999,4,0,0.6463,1,1
9.443200208246708,66102.40145772696,17.96328624583827,-66.02401518750945,-41.248104,4,0,0.5981,1,1
9.443200208246708,66102.40145772696,17.963286246301017,-66.02401518442896,-41.31907,4,0,0.5272,1,1
9.44330020993948,66103.10146957636,17.96327986523403,-66.0240158148009,-41.471516,4,0,0.3747,1,1
9.44330020993948,66103.10146957636,17.963279863856428,-66.02401582565341,-41.22092,4,0,0.6253,1,1
9.44340020790696,66103.80145534873,17.963273482650145,-66.02401646072406,-41.268574,4,0,0.5777,1,1
9.44340020790696,66103.80145534873,17.963273482749795,-66.0240164600607,-41.283855,4,0,0.5624,1,1
9.443500209599732,66104.50146719813,17.96326710161192,-66.02401709364392,-41.370956,4,0,0.4753,1,1
9.443700209259989,66105.90146481991,17.963254338903887,-66.02401836680922,-41.420536,4,0,0.4257,1,1
9.443700209259989,66105.90146481991,17.963254374705468,-66.0240181183955,-47.146694,4,0,-5.3004,0,0
9.443700209259989,66105.90146481991,17.963254337393934,-66.02401837686058,-41.188984,4,0,0.6573,1,1
9.44390020892024,66107.30146244168,17.963240894334632,-66.02402434411032,66.93715,0,0,108.7834,0,0
9.44390020892024,66107.30146244168,17.96324157431808,-66.02401965452874,-41.154015,4,0,0.6922,1,1
9.444200217723846,66109.40152406693,17.963222430599203,-66.02402156495224,-41.279827,4,0,0.5664,1,1
9.444300219416618,66110.10153591633,17.96321604900507,-66.02402220562834,-41.2425,4,0,0.6037,1,1
9.444500219076872,66111.5015335381,17.96320328993915,-66.02402346087295,-41.784645,4,0,0.0616,1,1
9.444600220769644,66112.2015453875,17.963196905652598,-66.02402412260014,-41.277218,4,0,0.569,1,1
9.44490022957325,66114.30160701275,17.963177762528325,-66.02402603919408,-41.36888,4,0,0.4774,1,1
9.44490022957325,66114.30160701275,17.963177764159283,-66.02402602665597,-41.6583,4,0,0.1879,1,1
9.445000231266022,66115.00161886215,17.963171380564912,-66.02402668564002,-41.235294,4,0,0.611,1,1
9.445100229233503,66115.70160463452,17.963165000086256,-66.02402732373442,-41.29921,4,0,0.547,1,1
9.445400230586529,66117.8016141057,17.96314585941239,-66.02402923226902,-41.65727,4,0,0.189,1,1
9.445700198411942,66119.90138888359,17.963126727903806,-66.02403109774032,-43.05265,4,0,-1.2064,0,0
9.445700198411942,66119.90138888359,17.963126716794314,-66.02403117505014,-41.270554,4,0,0.5757,1,1
9.446100197732449,66122.70138412714,17.963101196244736,-66.02403373012793,-41.655712,4,0,0.1905,1,1
9.446500208228828,66125.50145760179,17.963076350623382,-66.02403163494728,-149.31346,0,0,-107.4672,0,0
9.446600209921598,66126.20146945119,17.963069291574044,-66.02403695611575,-41.529972,4,0,0.3163,1,1
9.446800209581852,66127.60146707296,17.963056529840472,-66.02403825213906,-41.39062,4,0,0.4556,1,1
9.447100210934876,66129.70147654414,17.963037389059604,-66.02404018180333,-41.560127,4,0,0.2861,1,1
9.44720020890236,66130.40146231651,17.9630310837949,-66.02404031137013,-53.4667,4,0,-11.6205,3,3
9.447300218045712,66131.10152631998,17.96302462715604,-66.02404147772894,-41.486073,4,0,0.3602,1,1
9.447700221091509,66133.90154764056,17.96299913394461,-66.02404386791723,-46.059143,4,0,-4.2129,0,0
9.44780021905899,66134.60153341293,17.962992724650327,-66.02404471538519,-41.457733,4,0,0.3885,1,1
9.448200218379498,66137.40152865648,17.96296720268159,-66.02404731274721,-41.382122,4,0,0.4641,1,1
9.448400229215622,66138.80160450935,17.962954441534148,-66.02404860730937,-41.48026,4,0,0.366,1,1
9.448500230908394,66139.50161635876,17.96294808624523,-66.02404908409,-45.46754,4,0,-3.6213,0,0
9.448700230568647,66140.90161398053,17.962935299601046,-66.02405056307092,-41.35187,4,0,0.4944,1,1
9.448700230568647,66140.90161398053,17.962935300967946,-66.02405055229269,-41.60074,4,0,0.2455,1,1
9.449400197714567,66145.80138400197,17.9628906386858,-66.0240551226042,-41.368042,4,0,0.4782,1,1
9.44950019940734,66146.50139585137,17.96288425944158,-66.02405576464653,-41.613037,4,0,0.2332,1,1
9.449700210243464,66147.90147170424,17.962871506713363,-66.02405700960617,-43.02479,4,0,-1.1785,0,0
9.449800208210943,66148.60145747662,17.96286511542638,-66.02405773902115,-41.27478,4,0,0.5715,1,1
9.449900209903715,66149.30146932602,17.962858735430352,-66.02405838857554,-41.37281,4,0,0.4734,1,1
9.45010020956397,66150.7014669478,17.962845979457647,-66.02405966138402,-42.194798,4,0,-0.3485,0,0
9.45010020956397,66150.7014669478,17.962845974423825,-66.02405969656344,-41.38384,4,0,0.4624,1,1
9.450200211256742,66151.4014787972,17.962839593315095,-66.02406035408157,-41.3185,4,0,0.5277,1,1
9.450300209224224,66152.10146456957,17.962833213138076,-66.02406100713118,-41.362236,4,0,0.484,1,1
9.450400210916996,66152.80147641897,17.962826832589474,-66.02406166126485,-41.38827,4,0,0.458,1,1
9.450500208884478,66153.50146219134,17.962820450918386,-66.02406232458794,-41.20878,4,0,0.6375,1,1
9.45060021802783,66154.20152619481,17.962814087485686,-66.02406275139953,-41.412666,4,0,0.4336,1,1
9.45120022073388,66158.40154513717,17.962775795289808,-66.02406678523845,-41.215443,4,0,0.6308,1,1
9.451500218361616,66160.50152853131,17.962756651657735,-66.0240687874528,-41.545074,4,0,0.3012,1,1
9.451500218361616,66160.50152853131,17.962756828660215,-66.02406756763399,-69.65835,4,0,-27.8121,0,0
9.451600220054388,66161.20154038072,17.962750268525564,-66.0240694690341,-41.340797,4,0,0.5055,1,1
9.45170021802187,66161.90152615309,17.962743886831884,-66.02407014099994,-41.364304,4,0,0.4819,1,1
9.452100228518248,66164.70159962773,17.96271835758787,-66.02407283816574,-41.308258,4,0,0.538,1,1
9.4523002281785,66166.10159724951,17.962705592710293,-66.024074191071,-41.215557,4,0,0.6307,1,1
9.452600199729204,66168.20139810443,17.962686447315036,-66.02407621950948,-41.136326,4,0,0.7099,1,1
9.45290020108223,66170.30140757561,17.962667301099003,-66.02407824099508,-41.271637,4,0,0.5746,1,1
9.453200209885836,66172.40146920085,17.962648154051568,-66.02408026473324,-41.40385,4,0,0.4424,1,1
9.45340020954609,66173.80146682262,17.96263538804397,-66.02408162500346,-41.260483,4,0,0.5858,1,1
9.45350021123886,66174.50147867203,17.962629105813377,-66.02408160859257,-57.250473,3,0,-15.4042,0,0
9.453600209206344,66175.2014644444,17.962622623567484,-66.0240829743414,-41.388653,4,0,0.4576,1,1
9.453700210899116,66175.9014762938,17.962616240387156,-66.02408365465469,-41.330086,4,0,0.5162,1,1
9.453700210899116,66175.9014762938,17.962616240725527,-66.02408365240345,-41.381943,4,0,0.4643,1,1
9.454100210219622,66178.70147153735,17.9625899139725,-66.02409184855806,84.99391,0,0,126.8402,0,0
9.454300221055746,66180.10154739022,17.962577943346474,-66.02408771933014,-41.470398,4,0,0.3759,1,1
9.454300221055746,66180.10154739022,17.962577943779397,-66.02408771644993,-41.536747,4,0,0.3095,1,1
9.454400219023228,66180.8015331626,17.962571559615867,-66.02408840582342,-41.299145,4,0,0.5471,1,1
9.454500220716,66181.501545012,17.962565176654994,-66.0240890838245,-41.32876,4,0,0.5175,1,1
9.454800218343737,66183.60152840614,17.96254602885189,-66.02409111120289,-41.593235,4,0,0.253,1,1
9.455200228840113,66186.40160188079,17.96252049465618,-66.02409383380493,-41.551598,4,0,0.2947,1,1
9.455200228840113,66186.40160188079,17.96252049454847,-66.02409383452147,-41.53509,4,0,0.3112,1,1
9.455300230532885,66187.10161373019,17.962514111278423,-66.0240945132397,-41.577766,4,0,0.2685,1,1
9.455300230532885,66187.10161373019,17.96251411021232,-66.02409452201293,-41.375084,4,0,0.4712,1,1
9.45560022816062,66189.20159712434,17.96249496199476,-66.02409654776554,-41.761703,4,0,0.0845,1,1
9.45560022816062,66189.20159712434,17.962494960237194,-66.02409655945759,-41.492367,4,0,0.3539,1,1
9.455700229853392,66189.90160897374,17.962488576286567,-66.02409724185158,-41.463127,4,0,0.3831,1,1
9.456000201404096,66192.00140982866,17.962469427427234,-66.02409928171517,-41.556236,4,0,0.29,1,1
9.456100199371576,66192.70139560103,17.962463042645915,-66.02409997190051,-41.35773,4,0,0.4885,1,1
9.456200201064348,66193.40140745044,17.962456660432363,-66.0241006398244,-41.67643,4,0,0.1698,1,1
9.456200201064348,66193.40140745044,17.962456658593208,-66.02410065373974,-41.35529,4,0,0.491,1,1
9.45630019903183,66194.10139322281,17.962450275130486,-66.02410133126088,-41.454872,4,0,0.3914,1,1
9.456400200724602,66194.80140507221,17.9624438942198,-66.0241019912193,-41.961586,4,0,-0.1153,0,0
9.456700209528208,66196.90146669745,17.96242473748863,-66.02410406390983,-41.357254,4,0,0.489,1,1
9.457200210541489,66200.4014737904,17.962392856537488,-66.02410719279369,-47.89416,4,0,-6.0479,0,0
9.457300208508968,66201.10145956278,17.962386431462345,-66.02410815409834,-41.473686,4,0,0.3726,1,1
9.457600221037865,66203.20154726505,17.962367351967202,-66.02410968413179,-53.42737,4,0,-11.5811,3,3
9.457600221037865,66203.20154726505,17.96236727616904,-66.02411020680273,-41.380547,4,0,0.4657,1,1
9.457800220698118,66204.60154488683,17.962354506740432,-66.0241115691541,-41.46587,4,0,0.3804,1,1
9.458000220358372,66206.0015425086,17.96234173619146,-66.0241129407736,-41.341206,4,0,0.505,1,1
9.458100218325852,66206.70152828097,17.962335352047518,-66.02411361672344,-41.50814,4,0,0.3381,1,1
9.45840021967888,66208.80153775215,17.962316196156678,-66.02411566703368,-41.496105,4,0,0.3501,1,1
9.45840021967888,66208.80153775215,17.962316195894942,-66.02411566877457,-41.456,4,0,0.3902,1,1
9.45850022137165,66209.50154960155,17.96230986659142,-66.02411596664909,-50.33971,4,0,-8.4935,0,0
9.45850022137165,66209.50154960155,17.962309810009547,-66.02411635643824,-41.35566,4,0,0.4906,1,1
9.45850022137165,66209.50154960155,17.962310000166916,-66.02411504458284,-71.59247,4,0,-29.7462,0,0
9.458600219339132,66210.20153537393,17.962303424867198,-66.02411703859981,-41.382645,4,0,0.4636,1,1
9.458600219339132,66210.20153537393,17.962303500811032,-66.0241165149888,-53.45124,4,0,-11.605,3,3
9.458600219339132,66210.20153537393,17.962303424945084,-66.02411703808173,-41.39458,4,0,0.4517,1,1
9.458700228482485,66210.9015993774,17.962297039150705,-66.02411771778613,-41.481007,4,0,0.3652,1,1
9.458800230175257,66211.6016112268,17.962290653295483,-66.02411840391974,-41.41739,4,0,0.4289,1,1
9.459100231528282,66213.70162069798,17.962271497052313,-66.02412044558899,-41.615334,4,0,0.2309,1,1
9.459400199353697,66215.80139547586,17.96225233960988,-66.02412250782503,-41.33379,4,0,0.5125,1,1
9.459600199013948,66217.20139309764,17.96223956799442,-66.02412386878277,-41.469,4,0,0.3772,1,1
9.460000209510326,66220.00146657228,17.96221402175535,-66.0241266048809,-41.40792,4,0,0.4383,1,1
9.460100211203098,66220.70147842169,17.962207634786065,-66.02412729026848,-41.359776,4,0,0.4865,1,1
9.460300210863352,66222.10147604346,17.962194861544265,-66.02412865632444,-41.369278,4,0,0.477,1,1
9.460500210523604,66223.50147366524,17.962182088442546,-66.02413001921586,-41.44802,4,0,0.3982,1,1
9.46070021018386,66224.90147128701,17.962169314426152,-66.02413138590548,-41.434967,4,0,0.4113,1,1
9.46070021018386,66224.90147128701,17.962169314117407,-66.02413138795878,-41.387665,4,0,0.4586,1,1
9.461000211536884,66227.00148075819,17.96215015337438,-66.02413342926506,-41.56058,4,0,0.2857,1,1
9.461000211536884,66227.00148075819,17.962150151629643,-66.02413344254902,-41.253975,4,0,0.5923,1,1
9.461200218647718,66228.40153053403,17.962137378562627,-66.02413479219386,-41.621822,4,0,0.2244,1,1
9.46130022034049,66229.10154238343,17.96213098989614,-66.02413548189993,-41.459885,4,0,0.3864,1,1
9.46130022034049,66229.10154238343,17.96213098970784,-66.02413548483258,-41.39174,4,0,0.4545,1,1
9.46130022034049,66229.10154238343,17.962130989994552,-66.02413548292584,-41.435665,4,0,0.4106,1,1
9.461500220000744,66230.5015400052,17.962118216197,-66.02413683683044,-41.694225,4,0,0.152,1,1
9.461500220000744,66230.5015400052,17.96211821477111,-66.0241368463131,-41.475773,4,0,0.3705,1,1
9.461600221693516,66231.20155185461,17.96211182694026,-66.0241375302576,-41.440643,4,0,0.4056,1,1
9.461700219660996,66231.90153762698,17.962105438986235,-66.02413821425766,-41.402298,4,0,0.444,1,1
9.46180022135377,66232.60154947639,17.962099049802042,-66.02413890423503,-41.224834,4,0,0.6214,1,1
9.462200228124855,66235.401596874,17.96207349754292,-66.0241416273845,-41.340343,4,0,0.5059,1,1
9.4624002315104,66236.8016205728,17.96206072000549,-66.02414299448631,-41.256744,4,0,0.5895,1,1
9.462500229477882,66237.50160634518,17.962054330538834,-66.02414368320646,-41.091522,4,0,0.7547,1,1
9.462600231170654,66238.20161819458,17.962047943723928,-66.02414435204142,-41.382393,4,0,0.4639,1,1
9.462600231170654,66238.20161819458,17.9620479439767,-66.02414435036046,-41.42112,4,0,0.4251,1,1
9.462700229138136,66238.90160396695,17.962041555279217,-66.02414503257238,-41.400566,4,0,0.4457,1,1
9.462900198996069,66240.30139297247,17.962028779385925,-66.0241463957904,-41.374863,4,0,0.4714,1,1
9.46310019865632,66241.70139059424,17.962016000738107,-66.02414776200139,-41.27336,4,0,0.5729,1,1
9.463800210505724,66246.60147354007,17.961971274760785,-66.02415251980214,-41.372967,4,0,0.4733,1,1
9.464000210165976,66248.00147116184,17.961958497660657,-66.0241538606026,-41.798866,4,0,0.0474,1,1
9.464000210165976,66248.00147116184,17.96195849546111,-66.02415387522876,-41.46191,4,0,0.3843,1,1
9.464200209826233,66249.40146878362,17.961945715134906,-66.02415523773914,-41.37202,4,0,0.4742,1,1
9.464300211519005,66250.10148063302,17.96193932663912,-66.02415590343196,-41.681187,4,0,0.1651,1,1
9.464500218629835,66251.50153040886,17.961926545297793,-66.0241572631667,-41.634342,4,0,0.2119,1,1
9.464600220322607,66252.20154225826,17.961920153520094,-66.02415795165523,-41.405567,4,0,0.4407,1,1
9.46470021829009,66252.90152803063,17.961913763269038,-66.02415862906429,-41.428047,4,0,0.4182,1,1
9.46470021829009,66252.90152803063,17.961913785607145,-66.02415847380723,-45.007175,4,0,-3.1609,0,0
9.46470021829009,66252.90152803063,17.96191376503839,-66.02415861561873,-41.73839,4,0,0.1079,1,1
9.464800219982862,66253.60153988004,17.96190737287991,-66.02415930334296,-41.519768,4,0,0.3265,1,1
9.464900221675634,66254.30155172944,17.96190098153986,-66.02415998596315,-41.414165,4,0,0.4321,1,1
9.465100221335888,66255.70154935122,17.961888199659757,-66.02416134266903,-41.387333,4,0,0.4589,1,1
9.465100221335888,66255.70154935122,17.961888199633073,-66.02416134284644,-41.383247,4,0,0.463,1,1
9.46520021930337,66256.40153512359,17.961881808546597,-66.02416202170981,-41.351383,4,0,0.4949,1,1
9.465500228106976,66258.50159674883,17.96186263473899,-66.02416405068996,-41.40715,4,0,0.4391,1,1
9.465600229799747,66259.20160859823,17.961856242420875,-66.02416473282082,-41.282883,4,0,0.5634,1,1
9.46570023149252,66259.90162044764,17.96184993270634,-66.0241648446853,-54.29885,4,0,-12.4526,3,3
9.46570023149252,66259.90162044764,17.961849851225832,-66.02416540663192,-41.345722,4,0,0.5005,1,1
9.46570023149252,66259.90162044764,17.96184985194781,-66.02416540183131,-41.456318,4,0,0.3899,1,1
9.46580022946,66260.60160622,17.96184346217612,-66.02416606519925,-41.755135,4,0,0.0911,1,1
9.46580022946,66260.60160622,17.961843460885664,-66.02416607377978,-41.557457,4,0,0.2888,1,1
9.465900231152771,66261.30161806941,17.961837068096266,-66.02416675815466,-41.36705,4,0,0.4792,1,1
9.466000229120256,66262.00160384178,17.961830676416856,-66.02416743416163,-41.364708,4,0,0.4815,1,1
9.466100230813026,66262.70161569118,17.96182428505174,-66.02416810397098,-41.501534,4,0,0.3447,1,1
9.466200228780508,66263.40160146356,17.961817893924817,-66.02416877456135,-41.614376,4,0,0.2319,1,1
9.466300200670958,66264.1014046967,17.96181150279996,-66.02416945684749,-41.44825,4,0,0.398,1,1
9.466600198298693,66266.20138809085,17.96179240327994,-66.02417094953246,-53.70816,4,0,-11.8619,3,3
9.466700199991465,66266.90139994025,17.96178593379184,-66.02417215196678,-41.538185,4,0,0.3081,1,1
9.466700199991465,66266.90139994025,17.96178593486007,-66.02417214486405,-41.701817,4,0,0.1444,1,1
9.466800201684237,66267.60141178966,17.961779540886784,-66.02417282749494,-41.50785,4,0,0.3384,1,1
9.466900210827587,66268.30147579312,17.961773146831394,-66.02417350833342,-41.350582,4,0,0.4957,1,1
9.466900210827587,66268.30147579312,17.961773145947667,-66.02417351420934,-41.215214,4,0,0.631,1,1
9.467100210487844,66269.7014734149,17.961760363160465,-66.02417484052094,-41.698616,4,0,0.1476,1,1
9.467200208455324,66270.40145918727,17.961754045333606,-66.02417499798331,-53.587906,4,0,-11.7417,3,3
9.467300210148096,66271.10147103667,17.96174757574884,-66.02417619560927,-41.49727,4,0,0.349,1,1
9.467400208115578,66271.80145680904,17.961741182329455,-66.02417687232982,-41.406635,4,0,0.4396,1,1
9.467600211501122,66273.20148050785,17.961728394466448,-66.02417822333,-41.267605,4,0,0.5786,1,1
9.467700209468603,66273.90146628022,17.96172200152505,-66.0241788919548,-41.3478,4,0,0.4984,1,1
9.467700209468603,66273.90146628022,17.961722002352687,-66.0241788847719,-41.513866,4,0,0.3324,1,1
9.467700209468603,66273.90146628022,17.96172200158121,-66.02417889158139,-41.356403,4,0,0.4898,1,1
9.467800218611956,66274.60153028369,17.96171560841539,-66.02417955486523,-41.55627,4,0,0.29,1,1
9.467900220304728,66275.3015421331,17.9617092140456,-66.02418023001428,-41.475456,4,0,0.3708,1,1
9.46800021827221,66276.00152790546,17.961702819737386,-66.02418090705218,-41.344337,4,0,0.5019,1,1
9.46810021996498,66276.70153975487,17.96169642635399,-66.02418157375877,-41.44673,4,0,0.3995,1,1
9.468500219285488,66279.50153499842,17.96167085097137,-66.02418424481725,-41.700863,4,0,0.1454,1,1
9.46860022097826,66280.20154684782,17.961664454582163,-66.02418492842433,-41.38445,4,0,0.4618,1,1
9.468800220638514,66281.6015444696,17.961651665160012,-66.02418626863376,-41.35671,4,0,0.4895,1,1
9.468900218605995,66282.30153024197,17.961645282965073,-66.02418685149114,-43.344864,4,0,-1.4986,0,0
9.46910022944212,66283.70160609484,17.961632480809563,-66.02418826755235,-41.535046,4,0,0.3112,1,1
9.469200231134892,66284.40161794424,17.961626085118255,-66.02418894070684,-41.42373,4,0,0.4225,1,1
9.4696002304554,66287.20161318779,17.96160058134024,-66.02419107459434,-53.798088,4,0,-11.9518,3,3
9.469900198280811,66289.30138796568,17.96158139801443,-66.02419306197784,-54.08904,4,0,-12.2428,3,3
9.469900198280811,66289.30138796568,17.96158131853763,-66.02419361055543,-41.443684,4,0,0.4026,1,1
9.470000199973583,66290.00139981508,17.961574921910067,-66.02419428036433,-41.360863,4,0,0.4854,1,1
9.470000199973583,66290.00139981508,17.961574921817604,-66.02419428097906,-41.346703,4,0,0.4995,1,1
9.470000199973583,66290.00139981508,17.961574922342802,-66.0241942774872,-41.427147,4,0,0.4191,1,1
9.47040021046996,66292.80147328973,17.961549343976007,-66.0241968876767,-42.62558,4,0,-0.7793,0,0
9.470500208437445,66293.5014590621,17.961542940104138,-66.02419760556829,-41.4018,4,0,0.4444,1,1
9.470600210130216,66294.2014709115,17.96153651424741,-66.02419848464116,-41.33303,4,0,0.5132,1,1
9.470700211822988,66294.9014827609,17.961530131529294,-66.02419905023486,-43.298237,4,0,-1.452,0,0
9.47090021148324,66296.30148038268,17.961517329850835,-66.02420043099197,-41.455177,4,0,0.3911,1,1
9.471000209450722,66297.00146615505,17.9615110147306,-66.0242005288758,-54.18148,4,0,-12.3352,3,3
9.471200209110975,66298.40146377683,17.961498143523475,-66.02420238262327,-41.396904,4,0,0.4493,1,1
9.471200209110975,66298.40146377683,17.961498144047077,-66.02420237746219,-41.51639,4,0,0.3299,1,1
9.471300210803747,66299.10147562623,17.961491747787168,-66.02420303204961,-41.390903,4,0,0.4553,1,1
9.471600219607351,66301.20153725147,17.96147256104679,-66.02420496786384,-41.623886,4,0,0.2224,1,1
9.471700221300123,66301.90154910088,17.961466163733085,-66.02420562538144,-41.40619,4,0,0.4401,1,1
9.471800219267609,66302.60153487325,17.961459766599162,-66.02420628056264,-41.23631,4,0,0.6099,1,1
9.471800219267609,66302.60153487325,17.961459768691956,-66.02420626496861,-41.596157,4,0,0.2501,1,1
9.47190022096038,66303.30154672265,17.961453371847387,-66.02420691564387,-41.524666,4,0,0.3216,1,1
9.47200021892786,66304.00153249502,17.96144697626478,-66.02420755846636,-41.62761,4,0,0.2186,1,1
9.472100220620632,66304.70154434443,17.961440577355393,-66.02420822250376,-41.2359,4,0,0.6103,1,1
9.472300220280886,66306.1015419662,17.961427785384306,-66.02420950682736,-41.44369,4,0,0.4026,1,1
9.472300220280886,66306.1015419662,17.961427785518403,-66.02420950425584,-41.50352,4,0,0.3427,1,1
9.472600229084492,66308.20160359144,17.96140860158336,-66.0242113907339,-42.696358,4,0,-0.8501,0,0
9.472700230777264,66308.90161544085,17.96140219764836,-66.02421208203404,-41.64261,4,0,0.2036,1,1
9.472800228744743,66309.60160121322,17.961395800459876,-66.02421272733301,-41.64323,4,0,0.203,1,1
9.472900230437515,66310.30161306262,17.96138947745746,-66.0242128600064,-53.45484,4,0,-11.6086,3,3
9.473400201648474,66313.80141153932,17.961357415707205,-66.02421659416159,-41.64844,4,0,0.1978,1,1
9.473700199276209,66315.90139493346,17.96133822127879,-66.02421852289706,-41.691933,4,0,0.1543,1,1
9.473700199276209,66315.90139493346,17.961338220844016,-66.02421852578775,-41.625336,4,0,0.2209,1,1
9.473900210112332,66317.30147078633,17.961325423802307,-66.02421980630699,-41.754204,4,0,0.092,1,1
9.473900210112332,66317.30147078633,17.961325422200872,-66.0242198186345,-41.469616,4,0,0.3766,1,1
9.474000211805103,66318.00148263574,17.96131902326945,-66.02422045996738,-41.502304,4,0,0.3439,1,1
9.474100209772589,66318.70146840811,17.96131262496058,-66.02422109937788,-41.57353,4,0,0.2727,1,1
9.47430020943284,66320.10146602988,17.9612998269906,-66.02422238255801,-41.60253,4,0,0.2437,1,1
9.474400211125612,66320.80147787929,17.961293428428153,-66.02422301902432,-41.728695,4,0,0.1176,1,1
9.474600210785866,66322.20147550106,17.96128062820529,-66.02422431105192,-41.527603,4,0,0.3186,1,1
9.475000221282244,66325.0015489757,17.96125510375641,-66.02422635609977,-53.50047,4,0,-11.6542,3,3
9.475000221282244,66325.0015489757,17.961255027611035,-66.02422688085927,-41.40479,4,0,0.4415,1,1
9.475200220942495,66326.40154659748,17.961242227413216,-66.02422815882508,-41.479412,4,0,0.3668,1,1
9.47540022060275,66327.80154421926,17.961229425568206,-66.02422944704911,-41.301376,4,0,0.5449,1,1
9.475500218570232,66328.50152999163,17.961223025785404,-66.02423008200704,-41.41776,4,0,0.4285,1,1
9.475500218570232,66328.50152999163,17.96122302588532,-66.02423008134274,-41.43306,4,0,0.4132,1,1
9.475600220263004,66329.20154184103,17.961216624954762,-66.02423072136116,-41.429832,4,0,0.4164,1,1
9.475800231099129,66330.6016176939,17.961203822084393,-66.02423200196189,-41.40103,4,0,0.4452,1,1
9.475800231099129,66330.6016176939,17.96120382212602,-66.02423200168512,-41.40741,4,0,0.4388,1,1
9.475800231099129,66330.6016176939,17.961203822500085,-66.02423199919797,-41.464706,4,0,0.3815,1,1
9.47590022906661,66331.30160346627,17.961197437867632,-66.02423252435266,-44.09855,4,0,-2.2523,0,0
9.47650023177266,66335.50162240863,17.961159010817415,-66.02423647577048,-41.38391,4,0,0.4623,1,1
9.476700201630592,66336.90141141415,17.961146208717018,-66.02423775045428,-41.4294,4,0,0.4168,1,1
9.476800199598074,66337.60139718652,17.961139832396952,-66.02423820969162,-45.555336,4,0,-3.7091,0,0
9.47710020840168,66339.70145881176,17.961120597681095,-66.02424030531185,-41.37183,4,0,0.4744,1,1
9.477400209754704,66341.80146828294,17.961101387712517,-66.02424222397444,-41.244427,4,0,0.6018,1,1
9.477400209754704,66341.80146828294,17.96110138888078,-66.02424221620636,-41.423378,4,0,0.4229,1,1
9.477500211447476,66342.50148013234,17.96109498582805,-66.02424285149634,-41.47484,4,0,0.3714,1,1
9.477500211447476,66342.50148013234,17.96109498624632,-66.02424284703496,-41.5782,4,0,0.268,1,1
9.47770021110773,66343.90147775412,17.96108217808708,-66.0242441316075,-41.351345,4,0,0.4949,1,1
9.478000219911335,66346.00153937936,17.96106296676598,-66.02424603703247,-41.49304,4,0,0.3532,1,1
9.478100221604109,66346.70155122876,17.96105656298781,-66.02424667136917,-41.55483,4,0,0.2914,1,1
9.478100221604109,66346.70155122876,17.96105663912038,-66.02424614833295,-53.609745,4,0,-11.7635,3,3
9.478100221604109,66346.70155122876,17.961056562417536,-66.02424667684103,-41.42819,4,0,0.4181,1,1
9.478500220924616,66349.50154647231,17.961030995747702,-66.02424887225125,-49.539978,4,0,-7.6937,0,0
9.478900220245125,66352.30154171586,17.961005325272616,-66.02425176806129,-41.486004,4,0,0.3602,1,1
9.478900220245125,66352.30154171586,17.961005325756606,-66.02425176484294,-41.560143,4,0,0.2861,1,1
9.479000221937897,66353.00155356526,17.96099892276655,-66.02425238501544,-41.93605,4,0,-0.0898,1,1
9.479200221598148,66354.40155118704,17.96098611050925,-66.02425366680723,-41.72904,4,0,0.1172,1,1
9.479400228708982,66355.80160096288,17.960973297074652,-66.02425495131165,-41.45658,4,0,0.3897,1,1
9.479400228708982,66355.80160096288,17.960973297630105,-66.0242549459378,-41.58096,4,0,0.2653,1,1
9.479600232094526,66357.20162466168,17.96096048568833,-66.02425621675651,-41.620937,4,0,0.2253,1,1
9.479600232094526,66357.20162466168,17.96096048643121,-66.0242562118165,-41.734737,4,0,0.1115,1,1
9.480100199580193,66360.70139706135,17.96092845679452,-66.02425938887608,-41.819656,4,0,0.0266,1,1
9.480300199240446,66362.10139468312,17.960915641618424,-66.02426067025893,-41.61028,4,0,0.236,1,1
9.480400212109087,66362.80148476362,17.96090923228073,-66.02426131747818,-41.35641,4,0,0.4898,1,1
9.48050021007657,66363.501470536,17.960902902363593,-66.02426142176847,-53.614304,4,0,-11.7681,3,3
9.480900209397078,66366.30146577954,17.960877196650145,-66.02426448511574,-41.659367,4,0,0.1869,1,1
9.48100021108985,66367.00147762895,17.96087078906622,-66.02426511851834,-41.72386,4,0,0.1224,1,1
9.481200210750105,66368.40147525072,17.960857970932526,-66.02426640575987,-41.382343,4,0,0.4639,1,1
9.481200210750105,66368.40147525072,17.96085797119417,-66.02426640401987,-41.422424,4,0,0.4238,1,1
9.481300208717585,66369.10146102309,17.960851562189447,-66.0242670459127,-41.292324,4,0,0.5539,1,1
9.481800220906734,66372.60154634714,17.960819519150206,-66.02427021829796,-41.51123,4,0,0.335,1,1
9.481800220906734,66372.60154634714,17.960819519270302,-66.02427021749929,-41.52963,4,0,0.3166,1,1
9.482200220227242,66375.40154159069,17.960793960594174,-66.02427222461141,-53.95366,4,0,-12.1074,3,3
9.48260023072362,66378.20161506534,17.960768240983906,-66.02427532338093,-41.239395,4,0,0.6069,1,1
9.482800230383871,66379.60161268711,17.960755420863006,-66.0242765964836,-41.25821,4,0,0.588,1,1
9.482800230383871,66379.60161268711,17.960755421728383,-66.02427659072818,-41.390785,4,0,0.4555,1,1
9.482900232076643,66380.30162453651,17.960749009569035,-66.02427723931947,-41.1256,4,0,0.7206,1,1
9.483000230044128,66381.00161030889,17.960742600020076,-66.0242778713631,-41.242783,4,0,0.6035,1,1
9.483000230044128,66381.00161030889,17.960742601502346,-66.02427786150479,-41.46987,4,0,0.3764,1,1
9.48320022970438,66382.40160793066,17.960729777518424,-66.024279154293,-41.049126,4,0,0.7971,1,1
9.48320022970438,66382.40160793066,17.960729780245913,-66.02427913447221,-41.506287,4,0,0.34,1,1
9.483600199222565,66385.20139455795,17.96070413716889,-66.02428169295149,-41.307728,4,0,0.5385,1,1
9.48390020057559,66387.30140402913,17.96068497908077,-66.02428308075193,-53.42489,4,0,-11.5786,3,3
9.484000209718944,66388.0014680326,17.960678568108804,-66.02428371036153,-53.620674,4,0,-11.7744,3,3
9.484100211411716,66388.701479882,17.96067207820666,-66.02428488588562,-41.2363,4,0,0.6099,1,1
9.484200209379196,66389.40146565437,17.96066566655918,-66.02428552331546,-41.255253,4,0,0.591,1,1
9.484800212085249,66393.60148459673,17.960627193681788,-66.02428934710264,-41.445454,4,0,0.4008,1,1
9.48500021919608,66395.00153437257,17.96061436860509,-66.0242906175951,-41.627457,4,0,0.2188,1,1
9.48500021919608,66395.00153437257,17.96061436814031,-66.02429062068666,-41.556244,4,0,0.29,1,1
9.48500021919608,66395.00153437257,17.9606143917953,-66.02429045829987,-45.29852,4,0,-3.4523,0,0
9.485400218516588,66397.80152961612,17.96058871599065,-66.02429317710641,-41.598118,4,0,0.2481,1,1
9.485600221902132,66399.20155331492,17.960575888306785,-66.02429446082468,-41.511997,4,0,0.3343,1,1
9.485700219869614,66399.9015390873,17.960569474894204,-66.02429510050884,-41.523495,4,0,0.3228,1,1
9.485800221562386,66400.6015509367,17.96056306191276,-66.02429573517902,-41.654453,4,0,0.1918,1,1
9.486100230365992,66402.70161256194,17.9605438185903,-66.02429766501096,-41.473507,4,0,0.3727,1,1
9.486100230365992,66402.70161256194,17.960543818688574,-66.0242976626764,-41.52787,4,0,0.3184,1,1
9.486200232058764,66403.40162441134,17.96053740426516,-66.0242983046831,-41.50401,4,0,0.3422,1,1
9.486200232058764,66403.40162441134,17.960537403915694,-66.02429830868867,-41.411156,4,0,0.4351,1,1
9.4865002296865,66405.50160780549,17.96051816265692,-66.0243002195261,-41.711018,4,0,0.1352,1,1
9.486800201237202,66407.60140866041,17.96049891939176,-66.02430215161858,-41.551243,4,0,0.295,1,1
9.486900199204683,66408.30139443278,17.96049250418934,-66.02430279837357,-41.44362,4,0,0.4026,1,1
9.487000200897455,66409.00140628219,17.960486166544612,-66.0243029052599,-53.783535,4,0,-11.9373,3,3
9.487000200897455,66409.00140628219,17.960486089913907,-66.02430343353659,-41.608746,4,0,0.2375,1,1
9.487200200557709,66410.40140390396,17.96047333332127,-66.02430421180703,-53.289364,4,0,-11.4431,3,3
9.487200200557709,66410.40140390396,17.960473261050954,-66.02430470940195,-41.82191,4,0,0.0243,1,1
9.487400211393831,66411.80147975683,17.9604604277589,-66.02430600813074,-41.5267,4,0,0.3195,1,1
9.487600211054088,66413.2014773786,17.96044759657909,-66.02430729690853,-41.475662,4,0,0.3706,1,1
9.48780021071434,66414.60147500038,17.960434764789323,-66.02430858670886,-41.41874,4,0,0.4275,1,1
9.48780021071434,66414.60147500038,17.960434764306203,-66.02430858992298,-41.344704,4,0,0.5015,1,1
9.48780021071434,66414.60147500038,17.960434763474883,-66.02430859545365,-41.21731,4,0,0.6289,1,1
9.487900208681822,66415.30146077275,17.9604283493159,-66.0243092272558,-41.497456,4,0,0.3488,1,1
9.487900208681822,66415.30146077275,17.96042834813042,-66.02430923682371,-41.276485,4,0,0.5698,1,1
9.488100212067366,66416.70148447156,17.96041551559161,-66.02431052747332,-41.227154,4,0,0.6191,1,1
9.488100212067366,66416.70148447156,17.960415514957685,-66.02431053169082,-41.13001,4,0,0.7162,1,1
9.48830021172762,66418.10148209333,17.96040277244298,-66.02431120147494,-55.406727,4,0,-13.5605,0,3
9.488400220870972,66418.8015460968,17.960396265861128,-66.02431246496734,-41.15282,4,0,0.6934,1,1
9.488600220531223,66420.20154371858,17.960383433158533,-66.02431375429474,-41.179325,4,0,0.6669,1,1
9.48890022188425,66422.30155318975,17.96036418443705,-66.02431568252825,-41.38752,4,0,0.4587,1,1
9.48890022188425,66422.30155318975,17.96036418474465,-66.02431568048168,-41.434658,4,0,0.4116,1,1
9.48890022188425,66422.30155318975,17.96036418258637,-66.02431569484155,-41.103897,4,0,0.7424,1,1
9.489100221544504,66423.70155081153,17.96035135025403,-66.02431697811272,-41.317703,4,0,0.5285,1,1
9.489700231701136,66427.90162190795,17.960312846417708,-66.02432086101905,-41.31721,4,0,0.529,1,1
9.489800229668615,66428.60160768032,17.960306429482902,-66.02432150622535,-41.37901,4,0,0.4672,1,1
9.490100231021644,66430.7016171515,17.96028717637766,-66.02432345239677,-41.353287,4,0,0.493,1,1
9.490100231021644,66430.7016171515,17.9602871756532,-66.02432345721732,-41.242252,4,0,0.604,1,1
9.490300200879574,66432.10140615702,17.960274342032005,-66.02432475417343,-41.25797,4,0,0.5883,1,1
9.490300200879574,66432.10140615702,17.960274342754925,-66.02432474936306,-41.36877,4,0,0.4775,1,1
9.490400198847055,66432.80139192939,17.960267925659814,-66.02432539242042,-41.511784,4,0,0.3345,1,1
9.4906002022326,66434.2014156282,17.960255135917716,-66.0243265541582,-41.341423,4,0,0.5048,1,1
9.4906002022326,66434.2014156282,17.96025513562296,-66.02432655611956,-41.296246,4,0,0.55,1,1
9.49070020020008,66434.90140140057,17.960248714263766,-66.02432721774605,-41.23924,4,0,0.607,1,1
9.490800209343432,66435.60146540403,17.960242294194547,-66.02432786419706,-41.539536,4,0,0.3067,1,1
9.490800209343432,66435.60146540403,17.96024229317532,-66.02432787266073,-41.344006,4,0,0.5022,1,1
9.490800209343432,66435.60146540403,17.960242293576986,-66.02432786998797,-41.405567,4,0,0.4407,1,1
9.490900211036204,66436.30147725344,17.960235871794822,-66.024328532455,-41.340702,4,0,0.5055,1,1
9.491000209003689,66437.00146302581,17.960229450051475,-66.02432919604355,-41.254875,4,0,0.5914,1,1
9.491000209003689,66437.00146302581,17.960229475880503,-66.02432901744139,-45.370983,4,0,-3.5247,0,0
9.491000209003689,66437.00146302581,17.960229449458,-66.02432919999275,-41.16391,4,0,0.6823,1,1
9.49120020866394,66438.40146064758,17.960216608796873,-66.0243305062803,-41.490177,4,0,0.3561,1,1
9.491300210356712,66439.10147249699,17.960210185494553,-66.0243311781775,-41.229694,4,0,0.6166,1,1
9.491400212049484,66439.80148434639,17.960203764594823,-66.02433183394172,-41.346146,4,0,0.5001,1,1
9.491400212049484,66439.80148434639,17.960203764042095,-66.02433183761987,-41.261425,4,0,0.5848,1,1
9.491500210016966,66440.50147011876,17.960197344048776,-66.0243324871041,-41.527847,4,0,0.3184,1,1
9.491600211709738,66441.20148196816,17.960190921515963,-66.02433315516,-41.371185,4,0,0.4751,1,1
9.49170020967722,66441.90146774054,17.960184527402426,-66.02433362713965,-45.73838,4,0,-3.8921,0,0
9.49170020967722,66441.90146774054,17.960184502439443,-66.02433379830694,-41.79411,4,0,0.0521,1,1
9.491900220513344,66443.3015435934,17.960171655083947,-66.02433514432143,-41.28058,4,0,0.5657,1,1
9.491900220513344,66443.3015435934,17.960171656363936,-66.02433513412184,-41.516094,4,0,0.3302,1,1
9.492000222206116,66444.00155544281,17.960165235453516,-66.02433578931365,-41.67717,4,0,0.1691,1,1
9.492000222206116,66444.00155544281,17.960165234519263,-66.0243357972126,-41.494648,4,0,0.3516,1,1
9.492000222206116,66444.00155544281,17.960165233653708,-66.02433580297281,-41.36197,4,0,0.4843,1,1
9.492100220173596,66444.70154121518,17.96015881269331,-66.0243364599951,-41.48546,4,0,0.3608,1,1
9.492100220173596,66444.70154121518,17.96015881224711,-66.02433646296456,-41.41706,4,0,0.4292,1,1
9.49220022186637,66445.40155306458,17.96015239068767,-66.02433712234732,-41.49186,4,0,0.3544,1,1
9.492400221526625,66446.80155068636,17.960139547132023,-66.02433844377227,-41.595425,4,0,0.2508,1,1
9.492400221526625,66446.80155068636,17.960139547118303,-66.02433844386356,-41.593323,4,0,0.2529,1,1
9.492600221186876,66448.20154830813,17.960126703762736,-66.02433976553301,-41.71075,4,0,0.1355,1,1
9.492700230330229,66448.9016123116,17.960120280622313,-66.02434043217077,-41.644672,4,0,0.2016,1,1
9.492800232023,66449.601624161,17.960113858681012,-66.02434109396908,-41.693848,4,0,0.1524,1,1
9.492800232023,66449.601624161,17.960113857579326,-66.02434110130123,-41.524963,4,0,0.3213,1,1
9.492900229990482,66450.30160993338,17.960107435761167,-66.02434176386436,-41.56084,4,0,0.2854,1,1
9.492900229990482,66450.30160993338,17.960107436025332,-66.02434176210623,-41.601337,4,0,0.2449,1,1
9.492900229990482,66450.30160993338,17.96010743645292,-66.02434175926045,-41.666885,4,0,0.1794,1,1
9.493200231343508,66452.40161940455,17.960088170554318,-66.02434374655112,-41.814003,4,0,0.0322,1,1
9.49330022931099,66453.10160517693,17.960081747359773,-66.02434441845078,-41.654045,4,0,0.1922,1,1
9.49330022931099,66453.10160517693,17.960081746635957,-66.02434442326822,-41.543083,4,0,0.3032,1,1
9.49340023100376,66453.80161702633,17.960075325201974,-66.02434508195391,-41.692772,4,0,0.1535,1,1
9.493500228971245,66454.5016027987,17.960068902491617,-66.02434575078401,-41.61291,4,0,0.2333,1,1
9.493700198829174,66455.90139180422,17.96005605913325,-66.02434708766158,-41.480526,4,0,0.3657,1,1
9.493700198829174,66455.90139180422,17.960056058430148,-66.02434709234137,-41.372738,4,0,0.4735,1,1
9.493800200521946,66456.60140365362,17.960049637747378,-66.02434774473738,-41.686382,4,0,0.1599,1,1
9.493900202214718,66457.30141550303,17.960043214093997,-66.02434842039416,-41.467617,4,0,0.3786,1,1
9.4940002001822,66458.0014012754,17.960036792054886,-66.02434908364634,-41.539665,4,0,0.3066,1,1
9.494100201874971,66458.7014131248,17.960030371135975,-66.02434973970313,-41.781883,4,0,0.0644,1,1
9.494300208985806,66460.10146290064,17.960017526482254,-66.02435106947539,-41.873375,4,0,-0.0271,1,1
9.494400210678576,66460.80147475004,17.960011101791608,-66.02435175282436,-41.499516,4,0,0.3467,1,1
9.49450021237135,66461.50148659945,17.96000467901823,-66.02435242191967,-41.458847,4,0,0.3874,1,1
9.49450021237135,66461.50148659945,17.96000468108414,-66.02435240648649,-41.81491,4,0,0.0313,1,1
9.494600210338833,66462.20147237182,17.959998259082777,-66.02435307221133,-41.855556,4,0,-0.0093,1,1
9.494700212031605,66462.90148422122,17.95999183455062,-66.02435375342547,-41.544228,4,0,0.302,1,1
9.494700212031605,66462.90148422122,17.95999183383733,-66.02435375985532,-41.395542,4,0,0.4507,1,1
9.495000209659338,66465.00146761537,17.959972567441916,-66.02435576007652,-41.485416,4,0,0.3608,1,1
9.495000209659338,66465.00146761537,17.959972566237475,-66.02435576809395,-41.300747,4,0,0.5455,1,1
9.49510021880269,66465.70153161883,17.959966144191803,-66.02435643057481,-41.4385,4,0,0.4077,1,1
9.49510021880269,66465.70153161883,17.959966144521463,-66.02435642838041,-41.489044,4,0,0.3572,1,1
9.495200220495462,66466.40154346824,17.959959721600075,-66.02435710009112,-41.41706,4,0,0.4292,1,1
9.495400220155716,66467.80154109001,17.95994687807029,-66.0243584288383,-41.62295,4,0,0.2233,1,1
9.495500221848488,66468.50155293941,17.959940454520364,-66.02435910727377,-41.40725,4,0,0.439,1,1
9.495500221848488,66468.50155293941,17.959940563509875,-66.02435835483897,-58.747562,4,0,-16.9013,0,3
9.49570022150874,66469.90155056119,17.95992761060678,-66.0243604420715,-41.49631,4,0,0.3499,1,1
9.496000219136477,66472.00153395534,17.959908343246035,-66.02436245703554,-41.36364,4,0,0.4826,1,1
9.496100220829248,66472.70154580474,17.959901921838313,-66.02436311985068,-41.531216,4,0,0.315,1,1
9.496100220829248,66472.70154580474,17.95990192180522,-66.02436312175298,-41.486813,4,0,0.3594,1,1
9.49620021879673,66473.40153157711,17.95989556839399,-66.02436331870304,-52.393017,4,0,-10.5468,0,0
9.496400229632854,66474.80160742998,17.959882660634317,-66.02436509394325,-42.38453,4,0,-0.5383,0,0
9.496500231325626,66475.50161927938,17.959876233017983,-66.02436580300198,-41.499752,4,0,0.3465,1,1
9.496600229293108,66476.20160505176,17.959869809745616,-66.02436648344033,-41.277584,4,0,0.5687,1,1
9.496600229293108,66476.20160505176,17.959869811281937,-66.02436647153036,-41.552494,4,0,0.2938,1,1
9.496900230646132,66478.30161452293,17.959850547352403,-66.02436847309514,-41.82248,4,0,0.0238,1,1
9.497100200504065,66479.70140352845,17.95983770453425,-66.0243698241111,-41.630398,4,0,0.2159,1,1
9.497200202196836,66480.40141537786,17.959831281230382,-66.02437050756917,-41.3579,4,0,0.4883,1,1
9.497200202196836,66480.40141537786,17.95983128182588,-66.02437050360449,-41.44922,4,0,0.397,1,1
9.497300200164318,66481.10140115023,17.95982486064555,-66.0243711732951,-41.496876,4,0,0.3494,1,1
9.497300200164318,66481.10140115023,17.95982486048573,-66.02437117267698,-41.511696,4,0,0.3346,1,1
9.49740020185709,66481.80141299963,17.959818438881875,-66.02437184411518,-41.522663,4,0,0.3236,1,1
9.497500211000444,66482.5014770031,17.959812016064042,-66.0243725226884,-41.37279,4,0,0.4735,1,1
9.497800212353468,66484.60148647428,17.9597927523488,-66.02437453592421,-41.455902,4,0,0.3903,1,1
9.49800021201372,66486.00148409605,17.9597799092893,-66.02437588519712,-41.360992,4,0,0.4853,1,1
9.498100209981205,66486.70146986842,17.959773489164895,-66.02437655210467,-41.495247,4,0,0.351,1,1
9.498200211673977,66487.40148171782,17.959767068049114,-66.02437722462153,-41.503468,4,0,0.3428,1,1
9.498300209641457,66488.1014674902,17.959760646410103,-66.02437790277612,-41.383785,4,0,0.4625,1,1
9.498400211334229,66488.8014793396,17.9597542257943,-66.02437857314625,-41.446465,4,0,0.3998,1,1
9.498600210994482,66490.20147696137,17.959741385209693,-66.02437991129146,-41.63885,4,0,0.2074,1,1
9.498600210994482,66490.20147696137,17.959741383681692,-66.02437992314792,-41.36517,4,0,0.4811,1,1
9.49900022149086,66493.00155043602,17.959715703448158,-66.02438259732489,-41.827427,4,0,0.0188,1,1
9.499200221151114,66494.4015480578,17.959702861648353,-66.02438395298405,-41.642494,4,0,0.2038,1,1
9.499200221151114,66494.4015480578,17.9597028608054,-66.02438395859699,-41.51321,4,0,0.333,1,1
9.499300219118595,66495.10153383017,17.95969644102054,-66.02438463080637,-41.552956,4,0,0.2933,1,1
9.499400220811369,66495.80154567957,17.95969002073382,-66.0243853054833,-41.538403,4,0,0.3078,1,1
9.499400220811369,66495.80154567957,17.959690020141828,-66.02438531110782,-41.408264,4,0,0.438,1,1
9.49950022250414,66496.50155752897,17.959683600542107,-66.02438598191286,-41.484802,4,0,0.3614,1,1
9.49960022047162,66497.20154330134,17.95967718129974,-66.02438665093517,-41.604267,4,0,0.242,1,1
9.49960022047162,66497.20154330134,17.959677180408768,-66.02438665855068,-41.428265,4,0,0.418,1,1
9.499800231307743,66498.60161915421,17.959664341170413,-66.02438799920067,-41.614258,4,0,0.232,1,1
9.499800231307743,66498.60161915421,17.959664339703235,-66.02438801065313,-41.34988,4,0,0.4964,1,1
9.499900229275228,66499.30160492659,17.959657922083153,-66.02438867106561,-41.6729,4,0,0.1733,1,1
9.50010022893548,66500.70160254836,17.959645082336426,-66.02439002763732,-41.499252,4,0,0.347,1,1
9.500200230628252,66501.40161439776,17.95963866296583,-66.02439070041515,-41.542793,4,0,0.3035,1,1
9.500300232321024,66502.10162624717,17.959632244242716,-66.02439137134093,-41.629887,4,0,0.2164,1,1
9.500300232321024,66502.10162624717,17.959632243566443,-66.02439137584435,-41.526157,4,0,0.3201,1,1
9.500400230288506,66502.80161201954,17.959625824635882,-66.02439205050514,-41.528065,4,0,0.3182,1,1
9.500500202178957,66503.50141525269,17.959619407270008,-66.0243927281948,-41.45694,4,0,0.3893,1,1
9.500700201839209,66504.90141287446,17.959606569579783,-66.02439407882285,-41.437878,4,0,0.4084,1,1
9.500900201499462,66506.30141049623,17.95959373126808,-66.02439543687835,-41.25257,4,0,0.5937,1,1
9.500900201499462,66506.30141049623,17.959593731938195,-66.02439543241576,-41.355362,4,0,0.4909,1,1
9.501100201159716,66507.70140811801,17.959580989970096,-66.02439612867289,-56.426357,4,0,-14.5801,3,3
9.501400209963322,66509.80146974325,17.959561641486165,-66.02439880300976,-41.477192,4,0,0.3691,1,1
9.501400209963322,66509.80146974325,17.959561705988197,-66.02439835662365,-51.765026,4,0,-9.9188,0,0
9.501500211656094,66510.50148159266,17.95955522405076,-66.02439947329485,-41.59327,4,0,0.253,1,1
9.501700211316347,66511.90147921443,17.959542388694594,-66.02440082552133,-41.55721,4,0,0.289,1,1
9.5019002109766,66513.3014768362,17.959529554878504,-66.02440217112517,-41.67635,4,0,0.1699,1,1
9.502200219780208,66515.40153846145,17.959510302643068,-66.0244042026381,-41.558628,4,0,0.2876,1,1
9.50230022147298,66516.10155031085,17.95950388553208,-66.02440488189936,-41.471313,4,0,0.3749,1,1
9.50230022147298,66516.10155031085,17.95950388573673,-66.02440488053642,-41.50271,4,0,0.3435,1,1
9.50240021944046,66516.80153608322,17.959497467914524,-66.02440556537624,-41.28724,4,0,0.559,1,1
9.502600219100714,66518.201533705,17.959484636808376,-66.0244069044865,-41.562397,4,0,0.2839,1,1
9.502700220793486,66518.9015455544,17.959478219085657,-66.02440759170118,-41.292904,4,0,0.5533,1,1
9.503300230950115,66523.10161665082,17.959439726577198,-66.02441163216326,-41.58845,4,0,0.2578,1,1
9.50350023061037,66524.5016142726,17.959426896202658,-66.02441298792152,-41.47866,4,0,0.3676,1,1
9.50350023061037,66524.5016142726,17.959426896333472,-66.02441298705021,-41.49873,4,0,0.3475,1,1
9.503800231963396,66526.60162374377,17.959407652846902,-66.02441500976839,-41.58482,4,0,0.2614,1,1
9.503900229930878,66527.30160951614,17.959401238356286,-66.02441568939716,-41.487328,4,0,0.3589,1,1
9.504100199788809,66528.70139852166,17.959388412646618,-66.02441703602248,-41.57938,4,0,0.2669,1,1
9.50420020148158,66529.40141037107,17.959381999573658,-66.02441770621678,-41.69862,4,0,0.1476,1,1
9.50420020148158,66529.40141037107,17.959381998308316,-66.0244177163277,-41.465137,4,0,0.3811,1,1
9.50470020994544,66532.90146961808,17.959349932688678,-66.02442108347459,-41.678074,4,0,0.1682,1,1
9.504900209605694,66534.30146723986,17.95933710628559,-66.0244224433644,-41.455322,4,0,0.3909,1,1
9.505100209265947,66535.70146486163,17.959324282035336,-66.02442379013335,-41.531734,4,0,0.3145,1,1
9.505100209265947,66535.70146486163,17.95932428214368,-66.02442379109482,-41.509003,4,0,0.3372,1,1
9.50520021095872,66536.40147671103,17.95931786984918,-66.02442446740112,-41.478184,4,0,0.3681,1,1
9.505300212651491,66537.10148856044,17.959311457043846,-66.0244251482754,-41.34093,4,0,0.5053,1,1
9.505400221794844,66537.8015525639,17.959305045804058,-66.02442581507802,-41.528286,4,0,0.318,1,1
9.505500219762324,66538.50153833628,17.959298635876657,-66.02442648069699,-41.739265,4,0,0.107,1,1
9.505500219762324,66538.50153833628,17.95929863517159,-66.02442648539345,-41.631084,4,0,0.2152,1,1
9.50570021942258,66539.90153595805,17.959285812236946,-66.0244278391364,-41.53107,4,0,0.3152,1,1
9.50570021942258,66539.90153595805,17.959285812859346,-66.02442783499053,-41.626568,4,0,0.2197,1,1
9.506000220775604,66542.00154542923,17.959266580710544,-66.02442985879237,-41.622585,4,0,0.2237,1,1
9.506000220775604,66542.00154542923,17.95926658007651,-66.02442986301577,-41.525303,4,0,0.3209,1,1
9.50630022212863,66544.10155490041,17.959247349639462,-66.02443188801018,-41.47864,4,0,0.3676,1,1
9.506600219756365,66546.20153829455,17.959228205651552,-66.02443332789,-54.900875,4,0,-13.0546,3,3
9.507000230252745,66549.0016117692,17.959202485721555,-66.02443660125337,-41.578564,4,0,0.2677,1,1
9.507200229912996,66550.40160939097,17.959189668662496,-66.02443795402772,-41.446457,4,0,0.3998,1,1
9.507400199770927,66551.80139839649,17.959176855360987,-66.02443929815125,-41.50059,4,0,0.3457,1,1
9.507800210267304,66554.60147187114,17.95915132036503,-66.02444133830171,-56.528614,4,0,-14.6824,3,3
9.50800020992756,66556.00146949291,17.959138411985165,-66.02444334234782,-41.349228,4,0,0.497,1,1
9.508200209587812,66557.40146711469,17.959125598853987,-66.02444469357175,-41.20521,4,0,0.641,1,1
9.508400209248066,66558.80146473646,17.95911278746847,-66.02444603843942,-41.196888,4,0,0.6494,1,1
9.508400209248066,66558.80146473646,17.95911278838992,-66.02444603230109,-41.338284,4,0,0.508,1,1
9.508500210940838,66559.50147658587,17.959106383287338,-66.02444670200838,-41.39308,4,0,0.4532,1,1
9.50860021263361,66560.20148843527,17.959100061527312,-66.02444679765149,-54.67551,4,0,-12.8293,3,3
9.508700210601091,66560.90147420764,17.95909357248957,-66.02444805092787,-41.274666,4,0,0.5716,1,1
9.508900210261343,66562.30147182941,17.959080123448178,-66.02445381011513,60.50002,0,0,102.3463,0,0
9.50910022109747,66563.70154768229,17.959067955009864,-66.02445073272854,-41.3738,4,0,0.4724,1,1
9.509200219064953,66564.40153345466,17.959061551349656,-66.02445140377453,-41.37655,4,0,0.4697,1,1
9.509300220757725,66565.10154530406,17.959055147955265,-66.02445207283961,-41.42239,4,0,0.4239,1,1
9.509500220417976,66566.50154292583,17.959042340629313,-66.02445342018596,-41.291668,4,0,0.5546,1,1
9.509600222110748,66567.20155477524,17.959035939309295,-66.02445407782906,-41.591587,4,0,0.2547,1,1
9.50970022007823,66567.90154054761,17.95902953619156,-66.02445475374421,-41.465576,4,0,0.3807,1,1
9.51020023226738,66571.40162587166,17.958997525834178,-66.02445809912251,-41.579647,4,0,0.2666,1,1
9.51030023023486,66572.10161164403,17.958991123661917,-66.02445877699039,-41.38809,4,0,0.4582,1,1
9.510400231927632,66572.80162349343,17.958984723540866,-66.02445943764702,-41.59117,4,0,0.2551,1,1
9.510500229895117,66573.5016092658,17.958978321564008,-66.02446011698292,-41.358627,4,0,0.4876,1,1
9.510600231587889,66574.20162111521,17.95897190341125,-66.02446082236123,-41.351353,4,0,0.4949,1,1
9.510700229555368,66574.90160688758,17.958965505391816,-66.02446148151152,-41.52437,4,0,0.3219,1,1
9.5109001994133,66576.3013958931,17.958952709542007,-66.02446281199717,-41.575024,4,0,0.2712,1,1
9.511000201106071,66577.0014077425,17.958946311238137,-66.02446347566656,-41.633186,4,0,0.2131,1,1
9.511000201106071,66577.0014077425,17.958946389557884,-66.02446293540079,-54.084633,4,0,-12.2384,3,3
9.511300202459095,66579.10141721368,17.958927114871962,-66.02446548799696,-41.292305,4,0,0.5539,1,1
9.511500209569933,66580.50146698952,17.958914405339303,-66.02446622439928,-54.994194,4,0,-13.1479,3,3
9.511500209569933,66580.50146698952,17.95891432176825,-66.02446680133079,-41.697563,4,0,0.1487,1,1
9.511600211262705,66581.20147883892,17.958907923580735,-66.02446747429934,-41.51761,4,0,0.3286,1,1
9.511600211262705,66581.20147883892,17.958907923305354,-66.02446747613388,-41.47535,4,0,0.3709,1,1
9.511800210922956,66582.6014764607,17.958895129526027,-66.02446880717393,-41.44726,4,0,0.399,1,1
9.511800210922956,66582.6014764607,17.958895209505943,-66.02446825416685,-54.1928,4,0,-12.3466,3,3
9.511900212615728,66583.3014883101,17.95888873613487,-66.0244694490225,-41.973347,4,0,-0.1271,1,1
9.512200210243464,66585.40147170424,17.958869635295155,-66.02447084243924,-55.78899,3,0,-13.9427,3,3
9.512200210243464,66585.40147170424,17.958869545714805,-66.02447145940019,-41.570282,4,0,0.276,1,1
9.512400221079588,66586.80154755712,17.958856755750894,-66.0244727771266,-41.80186,4,0,0.0444,1,1
9.51250022277236,66587.50155940652,17.95885035955852,-66.02447344771292,-41.64083,4,0,0.2054,1,1
9.51260022073984,66588.20154517889,17.958843964322995,-66.02447411488473,-41.55372,4,0,0.2925,1,1
9.512700222432612,66588.9015570283,17.95883757028401,-66.02447477391982,-41.650425,4,0,0.1958,1,1
9.512800220400097,66589.60154280066,17.958831175319766,-66.02447544328838,-41.50391,4,0,0.3423,1,1
9.513000220060349,66591.00154042244,17.95881838787009,-66.02447676402907,-41.61472,4,0,0.2315,1,1
9.513000220060349,66591.00154042244,17.95881839106078,-66.02447674277367,-42.10434,4,0,-0.2581,0,0
9.51310022175312,66591.70155227184,17.95881199536076,-66.02447741845309,-41.80071,4,0,0.0455,1,1
9.51310022175312,66591.70155227184,17.958811994270885,-66.02447742571351,-41.633465,4,0,0.2128,1,1
9.513200219720602,66592.40153804421,17.958805600757803,-66.02447808977882,-41.59252,4,0,0.2537,1,1
9.513200219720602,66592.40153804421,17.95880560144987,-66.02447808516852,-41.69872,4,0,0.1475,1,1
9.513500232249498,66594.50162574649,17.958786505983525,-66.02447949097441,-55.06738,4,0,-13.2211,3,3
9.513500232249498,66594.50162574649,17.958786423188155,-66.02448006272567,-41.89008,4,0,-0.0438,1,1
9.51360023021698,66595.20161151886,17.95878002948514,-66.02448073361376,-41.67468,4,0,0.1716,1,1
9.514200199395418,66599.40139576793,17.958741681338374,-66.02448470206153,-41.597523,4,0,0.2487,1,1
9.51430020108819,66600.10140761733,17.958735306381442,-66.02448525281162,-44.120373,4,0,-2.2741,0,0
9.51430020108819,66600.10140761733,17.958735290822894,-66.02448535982153,-41.65423,4,0,0.192,1,1
9.514500200748444,66601.5014052391,17.958722509399323,-66.02448668532115,-41.523186,4,0,0.3231,1,1
9.515100210905077,66605.70147633553,17.958684171794083,-66.02449064048561,-41.516674,4,0,0.3296,1,1
9.515100210905077,66605.70147633553,17.958684171912527,-66.02449063801338,-41.574207,4,0,0.272,1,1
9.515200212597849,66606.40148818493,17.958677782589902,-66.02449130179578,-41.450928,4,0,0.3953,1,1
9.515200212597849,66606.40148818493,17.958677783371318,-66.02449129490732,-41.610188,4,0,0.2361,1,1
9.515300210565329,66607.1014739573,17.958671393739213,-66.0244919636647,-41.36717,4,0,0.4791,1,1
9.515500210225582,66608.50147157907,17.958658618274978,-66.02449327498674,-41.47244,4,0,0.3738,1,1
9.515700209885836,66609.90146920085,17.958645842151448,-66.02449459563283,-41.344685,4,0,0.5016,1,1
9.516100220382214,66612.7015426755,17.958620293594176,-66.02449722458978,-41.319084,4,0,0.5272,1,1
9.516100220382214,66612.7015426755,17.95862029430144,-66.02449721987861,-41.42761,4,0,0.4186,1,1
9.516200222074986,66613.4015545249,17.958613907347903,-66.0244978795925,-41.35244,4,0,0.4938,1,1
9.516200222074986,66613.4015545249,17.958613907904784,-66.02449787588301,-41.437885,4,0,0.4084,1,1
9.516200222074986,66613.4015545249,17.958613906914202,-66.02449788248138,-41.285892,4,0,0.5604,1,1
9.516300220042467,66614.10154029727,17.958607521620515,-66.02449853402108,-41.39379,4,0,0.4525,1,1
9.51640022173524,66614.80155214667,17.95860154003288,-66.02449639858196,-105.72856,0,0,-63.8823,0,0
9.51650021970272,66615.50153791904,17.958594749127545,-66.02449985218595,-41.248642,4,0,0.5976,1,1
9.516700219362974,66616.90153554082,17.958581985411087,-66.02450111545289,-42.34991,4,0,-0.5037,0,0
9.5169002301991,66618.30161139369,17.95856920778998,-66.02450247524114,-41.209568,4,0,0.6367,1,1
9.517200231552124,66620.40162086487,17.958550055973678,-66.02450443099833,-41.395607,4,0,0.4506,1,1
9.517300229519606,66621.10160663724,17.95854374885827,-66.02450455631055,-53.584507,4,0,-11.7383,3,3
9.517300229519606,66621.10160663724,17.958543673058944,-66.02450507802675,-41.561066,4,0,0.2852,1,1
9.517400231212378,66621.80161848664,17.9585372874361,-66.02450574617997,-41.23459,4,0,0.6117,1,1
9.51750023290515,66622.50163033605,17.958531742222508,-66.02450061419371,-174.5762,0,0,-132.73,0,0
9.51770020276308,66623.90141934156,17.95851813830868,-66.02450771570011,-41.028366,4,0,0.8179,1,1
9.51770020276308,66623.90141934156,17.95851813927941,-66.02450770923444,-41.1773,4,0,0.6689,1,1
9.518500212579966,66629.50148805976,17.958467082195934,-66.0245129318433,-41.110752,4,0,0.7355,1,1
9.51870021224022,66630.90148568153,17.958454398616365,-66.02451369517155,-53.545,3,0,-11.6988,3,3
9.51870021224022,66630.90148568153,17.95845433467727,-66.02451413617567,-43.381405,4,0,-1.5352,0,0
9.5188002102077,66631.6014714539,17.95844798910283,-66.02451454649325,-48.930847,4,0,-7.0846,0,3
9.518900211900473,66632.30148330331,17.95844155967299,-66.02451553515976,-41.147102,4,0,0.6991,1,1
9.519000209867954,66633.00146907568,17.958435179923093,-66.02451618392341,-41.191692,4,0,0.6546,1,1
9.519600220024586,66637.2015401721,17.958396905488897,-66.02452006336482,-41.666958,4,0,0.1793,1,1
9.520000219345093,66640.00153541565,17.9583714332885,-66.02452237522411,-48.212822,4,0,-6.3666,3,3
9.520100221037865,66640.70154726505,17.95836501432855,-66.02452330484742,-41.734005,4,0,0.1122,1,1
9.520100221037865,66640.70154726505,17.95836505507275,-66.02452302508449,-48.181084,4,0,-6.3348,3,3
9.52040022984147,66642.8016088903,17.95834588144944,-66.0245252478752,-41.762394,4,0,0.0839,1,1
9.520500231534244,66643.5016207397,17.958339503781072,-66.02452589859156,-41.692356,4,0,0.1539,1,1
9.520800232887268,66645.60163021088,17.95832037384139,-66.02452783851912,-41.735477,4,0,0.2484,1,1
9.52090023085475,66646.30161598325,17.95831366663902,-66.02453076880502,10.889594,0,0,52.8735,0,0
9.521000232547522,66647.00162783265,17.95830762067947,-66.02452913691505,-41.6233,4,0,0.3606,1,1
9.521000232547522,66647.00162783265,17.958307620619276,-66.0245291373159,-41.614067,4,0,0.3699,1,1
9.52110020071268,66647.70140498877,17.958301247018067,-66.02452978153022,-41.66118,4,0,0.3227,1,1
9.521200202405453,66648.40141683817,17.95829411212787,-66.02453566540484,79.048256,0,0,121.0322,0,0
9.521200202405453,66648.40141683817,17.95829487180325,-66.0245304230551,-41.770897,4,0,0.213,1,1
9.521500200033188,66650.50140023232,17.9582757445322,-66.02453237108013,-41.53019,4,0,0.4537,1,1
9.521700210869312,66651.90147608519,17.9582630328002,-66.02453339367227,-47.712315,4,0,-5.7284,3,3
9.521800212562084,66652.60148793459,17.958256618506297,-66.02453431229586,-41.408405,4,0,0.5755,1,1
9.521800212562084,66652.60148793459,17.958256618913115,-66.02453430958687,-41.470802,4,0,0.5131,1,1
9.522000212222338,66654.00148555636,17.958243870405454,-66.02453559799858,-41.49789,4,0,0.486,1,1
9.522200211882591,66655.40148317814,17.958231122048566,-66.02453688944047,-41.437332,4,0,0.5466,1,1
9.522200211882591,66655.40148317814,17.958231122520477,-66.02453688461569,-41.54905,4,0,0.4349,1,1
9.522300209850073,66656.10146895051,17.958224749581735,-66.024537524355,-41.649616,4,0,0.3343,1,1
9.522400211542845,66656.80148079991,17.958218376902703,-66.02453816179458,-41.799286,4,0,0.1846,1,1
9.522500209510326,66657.50146657228,17.95821200218777,-66.02453881532733,-41.57331,4,0,0.4106,1,1
9.52270022034645,66658.90154242516,17.958199255436025,-66.02454010124036,-41.597637,4,0,0.3863,1,1
9.522800222039224,66659.60155427456,17.958192882057297,-66.0245407488944,-41.49391,4,0,0.49,1,1
9.523000221699476,66661.00155189633,17.958180172335048,-66.02454178854202,-47.16639,4,0,-5.1825,3,3
9.523000221699476,66661.00155189633,17.958180136416466,-66.02454203779935,-41.42155,4,0,0.5624,1,1
9.52320022135973,66662.40154951811,17.958167392537074,-66.0245433187117,-41.51605,4,0,0.4679,1,1
9.52320022135973,66662.40154951811,17.958167391536932,-66.02454332537103,-41.36266,4,0,0.6213,1,1
9.523400221019983,66663.80154713988,17.958154648750295,-66.02454460268088,-41.52303,4,0,0.4609,1,1
9.523400221019983,66663.80154713988,17.958154649348927,-66.02454459701268,-41.654175,4,0,0.3297,1,1
9.523600220680237,66665.20154476166,17.958141905973292,-66.02454588185483,-41.624084,4,0,0.3598,1,1
9.523600220680237,66665.20154476166,17.95814190569286,-66.02454588372201,-41.581078,4,0,0.4028,1,1
9.523600220680237,66665.20154476166,17.958141938902262,-66.02454565587946,-46.831444,4,0,-4.8475,3,3
9.524100232869388,66668.7016300857,17.958110084755234,-66.02454884885432,-47.125748,4,0,-5.1418,3,3
9.524200230836868,66669.40161585808,17.958103678983893,-66.02454973303499,-41.511894,4,0,0.472,1,1
9.524200230836868,66669.40161585808,17.95810371381351,-66.02454949273394,-47.04977,4,0,-5.0659,3,3
9.52430023252964,66670.10162770748,17.958097309240276,-66.02455036653507,-41.672047,4,0,0.3119,1,1
9.524400230497122,66670.80161347985,17.958090970607962,-66.02455079024365,-46.66154,4,0,-4.6776,3,3
9.524400230497122,66670.80161347985,17.95809093841642,-66.02455101297716,-41.528316,4,0,0.4556,1,1
9.524500202387571,66671.501416713,17.958084570419015,-66.02455164895014,-41.619003,4,0,0.3649,1,1
9.524700202047825,66672.90141433477,17.958071830571942,-66.02455292899633,-41.60882,4,0,0.3751,1,1
9.524800200015306,66673.60140010715,17.958065460030546,-66.02455357679061,-41.417892,4,0,0.566,1,1
9.525100212544205,66675.70148780942,17.958046351915055,-66.02455548699463,-41.590733,4,0,0.3932,1,1
9.525200210511684,66676.40147358179,17.95803998154106,-66.02455613677064,-41.338455,4,0,0.6455,1,1
9.525300212204456,66677.1014854312,17.958033613511432,-66.02455676845435,-41.500168,4,0,0.4837,1,1
9.525400210171938,66677.80147120357,17.958027244266074,-66.02455741053083,-41.418106,4,0,0.5658,1,1
9.525700211524963,66679.90148067474,17.95800813738869,-66.02455933230628,-41.252785,4,0,0.7311,1,1
9.525900211185215,66681.30147829652,17.957995435882182,-66.02456036676686,-46.809288,4,0,-4.8254,3,3
9.52610021084547,66682.7014759183,17.957982665298463,-66.02456188064545,-41.30275,4,0,0.6812,1,1
9.526200219988825,66683.40153992176,17.95797633159851,-66.02456227866094,-46.8168,4,0,-4.8329,3,3
9.526300221681597,66684.10155177116,17.95796993052123,-66.02456314577884,-41.515522,4,0,0.4684,1,1
9.526500221341848,66685.50154939294,17.957957194587436,-66.0245644258932,-41.367226,4,0,0.6167,1,1
9.52660022303462,66686.20156124234,17.95795082700849,-66.02456506354848,-41.34335,4,0,0.6406,1,1
9.52660022303462,66686.20156124234,17.957950826467524,-66.02456506714935,-41.26041,4,0,0.7235,1,1
9.526700221002102,66686.90154701471,17.957944460518178,-66.02456569613877,-41.432076,4,0,0.5518,1,1
9.526900220662355,66688.30154463649,17.95793172541047,-66.02456697527049,-41.278572,4,0,0.7053,1,1
9.527000222355127,66689.00155648589,17.95792536004622,-66.02456760063384,-41.523922,4,0,0.46,1,1
9.527100220322607,66689.70154225826,17.95791902659304,-66.02456800732831,-46.80475,4,0,-4.8208,3,3
9.527200233191252,66690.40163233876,17.95791265879029,-66.02456864542872,-46.751587,4,0,-4.7677,3,3
9.527300231158732,66691.10161811113,17.957906293204413,-66.02456927556355,-46.87636,4,0,-4.8924,3,3
9.527300231158732,66691.10161811113,17.957906293145317,-66.02456927595695,-46.8673,4,0,-4.8834,3,3
9.527400232851504,66691.80162996054,17.957899928272,-66.0245699003551,-47.121433,4,0,-5.1375,3,3
9.527500230818989,66692.50161573291,17.957893527460673,-66.02457077278515,-41.65662,4,0,0.3273,1,1
9.52760023251176,66693.20162758231,17.95788719819554,-66.0245711528644,-47.534386,4,0,-5.5505,3,3
9.52770023047924,66693.90161335468,17.957880803676517,-66.02457198448404,-43.003063,4,0,-1.0191,0,0
9.528100199997423,66696.70139998198,17.95785533363858,-66.02457458111,-41.66185,4,0,0.3221,1,1
9.52830019965768,66698.10139760375,17.957842601246465,-66.02457585950279,-41.433357,4,0,0.5506,1,1
9.52840020135045,66698.80140945315,17.957836236406763,-66.02457648875544,-41.544167,4,0,0.4398,1,1
9.528600212186577,66700.20148530602,17.9578235381353,-66.02457752807346,-46.80921,4,0,-4.8253,3,3
9.528700210154057,66700.9014710784,17.95781714062811,-66.02457838434908,-41.679485,4,0,0.3044,1,1
9.52890020981431,66702.30146870017,17.95780441091928,-66.02457964853969,-41.743282,4,0,0.2406,1,1
9.52890020981431,66702.30146870017,17.957804409560424,-66.02457965926443,-41.495686,4,0,0.4882,1,1
9.529000211507082,66703.00148054957,17.957798044124235,-66.02458029506704,-41.438225,4,0,0.5457,1,1
9.529100213199854,66703.70149239898,17.957791679503874,-66.0245809258359,-41.493908,4,0,0.49,1,1
9.529200211167336,66704.40147817135,17.957785315152385,-66.02458155675527,-41.542828,4,0,0.4411,1,1
9.529300212860107,66705.10149002075,17.95777894898526,-66.02458219857857,-41.338432,4,0,0.6455,1,1
9.529500219970942,66706.50153979659,17.957766222013454,-66.0245834443906,-41.794132,4,0,0.1898,1,1
9.529600221663712,66707.201551646,17.957759856820157,-66.0245840807998,-41.70647,4,0,0.2774,1,1
9.529700219631197,66707.90153741837,17.957753491654188,-66.02458471843921,-41.587605,4,0,0.3963,1,1
9.529700219631197,66707.90153741837,17.957753491536867,-66.02458471921992,-41.569626,4,0,0.4143,1,1
9.529800221323969,66708.60154926777,17.95774712764534,-66.0245853476273,-41.661118,4,0,0.3228,1,1
9.52990022301674,66709.30156111717,17.957740762994533,-66.02458598140258,-41.626457,4,0,0.3575,1,1
9.52990022301674,66709.30156111717,17.957740795255358,-66.0245857600035,-46.727966,4,0,-4.744,3,3
9.53000022098422,66710.00154688954,17.95773439843411,-66.02458661643557,-41.55981,4,0,0.4241,1,1
9.530300222337246,66712.10155636072,17.957715305016837,-66.02458852008134,-41.379284,4,0,0.6046,1,1
9.530400231480598,66712.80162036419,17.95770894213186,-66.02458913874213,-41.68234,4,0,0.3016,1,1
9.530400231480598,66712.80162036419,17.95770894338722,-66.02458913038899,-41.87472,4,0,0.1092,1,1
9.53050023317337,66713.50163221359,17.95770257744936,-66.02458977608849,-41.550476,4,0,0.4334,1,1
9.53050023317337,66713.50163221359,17.957702577382122,-66.02458977485455,-41.579483,4,0,0.4044,1,1
9.530700232833624,66714.90162983537,17.957689787548873,-66.024591096984,-41.775352,4,0,0.2086,1,1
9.53100023046136,66717.00161322951,17.957670707402293,-66.02459299123299,-41.444958,4,0,0.539,1,1
9.53100023046136,66717.00161322951,17.957670707921935,-66.02459298609408,-41.563896,4,0,0.42,1,1
9.531100232154133,66717.70162507892,17.95766434981798,-66.02459360337888,-41.775536,4,0,0.2084,1,1
9.531100232154133,66717.70162507892,17.957664348341755,-66.02459361488236,-41.51001,4,0,0.4739,1,1
9.531300231814384,66719.10162270069,17.957651629179146,-66.02459487117906,-41.426334,4,0,0.5576,1,1
9.531400199979544,66719.8013998568,17.957645273827318,-66.02459548293231,-41.755222,4,0,0.2287,1,1
9.531500201672316,66720.50141170621,17.95763891282321,-66.0245961218095,-41.46123,4,0,0.5227,1,1
9.531600199639795,66721.20139747858,17.957632553970747,-66.02459674635878,-41.49549,4,0,0.4884,1,1
9.531600199639795,66721.20139747858,17.95763259027323,-66.02459649474413,-47.293922,4,0,-5.31,3,3
9.53180020302534,66722.60142117739,17.9576198342935,-66.02459800575879,-41.322704,4,0,0.6612,1,1
9.531900200992824,66723.30140694976,17.957613475867472,-66.02459862772581,-41.41143,4,0,0.5725,1,1
9.5323002114892,66726.1014804244,17.957588044931885,-66.02460108812474,-42.38734,4,0,-0.4034,0,0
9.533100221306086,66731.7015491426,17.957537164764297,-66.02460613859036,-41.290768,4,0,0.6931,1,1
9.533200222998856,66732.401560992,17.957530805042964,-66.0246067671478,-41.21279,4,0,0.7711,1,1
9.53330022096634,66733.10154676437,17.957524447968947,-66.0246073795064,-41.506577,4,0,0.4773,1,1
9.533800221979618,66736.60155385733,17.957492649930035,-66.02461051826523,-41.195137,4,0,0.7888,1,1
9.533800221979618,66736.60155385733,17.95749265123828,-66.02461050956339,-41.395542,4,0,0.5884,1,1
9.533800221979618,66736.60155385733,17.957493061980983,-66.02460767833175,-106.63256,0,0,-64.6486,0,0
9.5339002199471,66737.3015396297,17.95748629148318,-66.02461113859336,-41.30203,4,0,0.6819,1,1
9.534000232815742,66738.0016297102,17.95747993125365,-66.02461176432375,-41.2863,4,0,0.6976,1,1
9.534200232475996,66739.40162733197,17.957467213721056,-66.02461300639186,-41.4666,4,0,0.5173,1,1
9.53440023213625,66740.80162495375,17.957454494974183,-66.02461425538003,-41.486843,4,0,0.4971,1,1
9.53440023213625,66740.80162495375,17.957454494945917,-66.024614255568,-41.482513,4,0,0.5014,1,1
9.53440023213625,66740.80162495375,17.957454493555083,-66.02461426481855,-41.269474,4,0,0.7144,1,1
9.53440023213625,66740.80162495375,17.957454609430794,-66.02461346554962,-59.686287,2,0,-17.7024,0,0
9.534500230103731,66741.50161072612,17.95744813679084,-66.0246148705845,-41.711113,4,0,0.2728,1,1
9.534600231796505,66742.20162257552,17.957441774231356,-66.02461551637056,-41.230473,4,0,0.7534,1,1
9.534800201654434,66743.60141158104,17.957429058548588,-66.02461675473903,-41.49106,4,0,0.4929,1,1
9.535000201314688,66745.00140920281,17.957416338057218,-66.02461801116722,-41.340767,4,0,0.6432,1,1
9.535800211131573,66750.60147792101,17.957365457027286,-66.02462300822181,-41.418304,4,0,0.5656,1,1
9.536000210791826,66752.00147554278,17.95735273529033,-66.02462426373665,-41.299786,4,0,0.6841,1,1
9.536000210791826,66752.00147554278,17.95735273574852,-66.02462426068975,-41.369953,4,0,0.614,1,1
9.536000210791826,66752.00147554278,17.957352735684314,-66.0246242611167,-41.36012,4,0,0.6238,1,1
9.536300212144852,66754.10148501396,17.957333736251396,-66.02462556627616,-54.509632,4,0,-12.5257,3,3
9.536500222980976,66755.50156086683,17.95732093187956,-66.0246273811658,-41.51368,4,0,0.4702,1,1
9.536600220948458,66756.2015466392,17.9573145710429,-66.02462800576691,-41.53341,4,0,0.4505,1,1
9.536800220608711,66757.60154426098,17.957301848121467,-66.02462925983517,-41.465076,4,0,0.5188,1,1
9.536900222301483,66758.30155611038,17.957295486392542,-66.02462988690962,-41.432228,4,0,0.5517,1,1
9.537000220268965,66759.00154188275,17.9572891846105,-66.0246301011559,-50.912308,2,0,-8.9284,0,3
9.537000220268965,66759.00154188275,17.957289125583813,-66.02463050875639,-41.520622,4,0,0.4633,1,1
9.537100221961737,66759.70155373216,17.957282764924198,-66.02463112570464,-41.724392,4,0,0.2595,1,1
9.537100221961737,66759.70155373216,17.957282763936217,-66.02463113395392,-41.533836,4,0,0.4501,1,1
9.537200219929218,66760.40153950453,17.95727640228859,-66.0246317600165,-41.5281,4,0,0.4558,1,1
9.537600230425596,66763.20161297917,17.957250953752954,-66.02463426062961,-41.608307,4,0,0.3756,1,1
9.537700232118368,66763.90162482858,17.95724459069621,-66.02463489256186,-41.475693,4,0,0.5082,1,1
9.53780023008585,66764.60161060095,17.95723830339027,-66.02463500148504,-53.395306,3,0,-11.4114,3,3
9.538100231438875,66766.70162007213,17.957219140126362,-66.02463739790743,-41.480797,4,0,0.5031,1,1
9.538200203329325,66767.40142330527,17.95721286211554,-66.02463745059038,-54.700382,4,0,-12.7165,3,3
9.538200203329325,66767.40142330527,17.95721277841268,-66.02463802723636,-41.414394,4,0,0.5695,1,1
9.538400202989578,66768.80142092705,17.95720005525877,-66.02463925758414,-41.947926,4,0,0.036,1,1
9.538400202989578,66768.80142092705,17.957200052432388,-66.0246392780545,-41.475952,4,0,0.508,1,1
9.538800209760666,66771.60146832466,17.95717459764473,-66.02464178512409,-41.501854,4,0,0.4821,1,1
9.538800209760666,66771.60146832466,17.957174715161138,-66.0246409753224,-60.159634,3,0,-18.1757,0,0
9.539500210434198,66776.50147303939,17.957130046242394,-66.02464617906206,-41.488964,4,0,0.495,1,1
9.539500210434198,66776.50147303939,17.957130045838575,-66.02464618174646,-41.42715,4,0,0.5568,1,1
9.53960021212697,66777.20148488879,17.957123758935424,-66.0246462707866,-53.846634,4,0,-11.8627,3,3
9.53960021212697,66777.20148488879,17.95712368131783,-66.02464680354228,-41.572838,4,0,0.4111,1,1
9.53960021212697,66777.20148488879,17.957123681600123,-66.02464680166572,-41.61605,4,0,0.3679,1,1
9.539700210094452,66777.90147066116,17.957117393583776,-66.02464690036255,-53.81482,4,0,-11.8309,3,3
9.539700210094452,66777.90147066116,17.957117393038736,-66.02464690398567,-53.73139,4,0,-11.7475,3,3
9.539900220930576,66779.30154651403,17.957104584950283,-66.02464868513533,-41.652527,4,0,0.3314,1,1
9.54010022059083,66780.70154413581,17.957091852719298,-66.02464994584281,-41.57407,4,0,0.4098,1,1
9.540300220251083,66782.10154175758,17.957079120394926,-66.02465120471818,-41.54938,4,0,0.4345,1,1
9.540400221943855,66782.80155360699,17.957072753804443,-66.02465183381153,-41.55021,4,0,0.4337,1,1
9.540600221604109,66784.20155122876,17.95706002026438,-66.02465309106016,-41.5831,4,0,0.4008,1,1
9.54070022329688,66784.90156307817,17.957053651856192,-66.02465373069677,-41.350243,4,0,0.6337,1,1
9.541000232100489,66787.00162470341,17.957034549906506,-66.02465561465701,-41.47883,4,0,0.5051,1,1
9.541000232100489,66787.00162470341,17.957034549907437,-66.02465561465081,-41.47897,4,0,0.5049,1,1
9.541100230067968,66787.70161047578,17.95702818279002,-66.02465623898581,-41.61291,4,0,0.371,1,1
9.54120023176074,66788.40162232518,17.957021813582177,-66.02465687838284,-41.402596,4,0,0.5813,1,1
9.541300233453512,66789.10163417459,17.957015449135227,-66.02465748163968,-42.02918,4,0,-0.0453,0,0
9.541300233453512,66789.10163417459,17.95701544633989,-66.02465750189822,-41.562107,4,0,0.4218,1,1
9.541300233453512,66789.10163417459,17.95701544567137,-66.02465750634148,-41.459793,4,0,0.5241,1,1
9.541400231420994,66789.80161994696,17.95700907790497,-66.02465813206689,-41.572037,4,0,0.4119,1,1
9.541400231420994,66789.80161994696,17.957009077253936,-66.02465813807328,-41.433144,4,0,0.5508,1,1
9.541600201278923,66791.20140895247,17.95699634233818,-66.024659396179,-41.510326,4,0,0.4736,1,1
9.541700202971697,66791.90142080188,17.956989973596823,-66.02466002333733,-41.601097,4,0,0.3828,1,1
9.541800200939178,66792.60140657425,17.956983604589634,-66.0246606559925,-41.56733,4,0,0.4166,1,1
9.54190020263195,66793.30141842365,17.956977234228777,-66.02466129322148,-41.43315,4,0,0.5508,1,1
9.542000200599432,66794.00140419602,17.95697086686164,-66.02466190922937,-41.791492,4,0,0.1924,1,1
9.542000200599432,66794.00140419602,17.95697086650103,-66.02466191162601,-41.736305,4,0,0.2476,1,1
9.542100202292204,66794.70141604543,17.956964496461907,-66.02466254431128,-41.714443,4,0,0.2695,1,1
9.542300213128328,66796.1014918983,17.95695175558606,-66.02466380822297,-41.71715,4,0,0.2668,1,1
9.542500212788582,66797.50148952007,17.956939014457653,-66.02466507355173,-41.70153,4,0,0.2824,1,1
9.542600210756063,66798.20147529244,17.95693264333736,-66.02466570882356,-41.63948,4,0,0.3444,1,1
9.542600210756063,66798.20147529244,17.956932642621176,-66.02466571526232,-41.490635,4,0,0.4933,1,1
9.542700212448835,66798.90148714185,17.95692627269886,-66.02466633808662,-41.720425,4,0,0.2635,1,1
9.542900212109087,66800.30148476362,17.956913528376877,-66.02466761629196,-41.440483,4,0,0.5434,1,1
9.54300021007657,66801.001470536,17.956907157243585,-66.02466824659324,-41.509483,4,0,0.4744,1,1
9.543100222945212,66801.7015606165,17.956900786247555,-66.02466886680558,-41.817795,4,0,0.1661,1,1
9.543200220912697,66802.40154638886,17.956894415559617,-66.02466949157635,-42.022655,4,0,-0.0387,1,1
9.543200220912697,66802.40154638886,17.956894413518754,-66.02466950513877,-41.71037,4,0,0.2735,1,1
9.543700221925974,66805.90155348182,17.956862548937675,-66.02467267880162,-41.65476,4,0,0.3292,1,1
9.543900221586227,66807.30155110359,17.956849801160914,-66.02467395347284,-41.54331,4,0,0.4406,1,1
9.544000223279,66808.001562953,17.95684342703178,-66.0246745890111,-41.53621,4,0,0.4477,1,1
9.544200222939253,66809.40156057477,17.956830678442692,-66.02467585979755,-41.54189,4,0,0.442,1,1
9.544200222939253,66809.40156057477,17.956830677810697,-66.02467586399719,-41.44519,4,0,0.5387,1,1
9.544200222939253,66809.40156057477,17.95683067933241,-66.02467585220637,-41.717266,4,0,0.2667,1,1
9.544300232082604,66810.10162457824,17.956824303868146,-66.02467648945382,-41.685715,4,0,0.2982,1,1
9.544400230050089,66810.80161035061,17.95681793067092,-66.02467711493746,-41.928055,4,0,0.0559,1,1
9.544400230050089,66810.80161035061,17.956817928581675,-66.02467712882022,-41.6084,4,0,0.3755,1,1
9.54450023174286,66811.50162220001,17.956811553294745,-66.02467776694633,-41.564293,4,0,0.4196,1,1
9.54460023343563,66812.20163404942,17.956805177454306,-66.02467840569848,-41.51108,4,0,0.4728,1,1
9.544700231403112,66812.90161982179,17.956798803705038,-66.02467902905255,-41.81721,4,0,0.1667,1,1
9.545100200921295,66815.70140644908,17.956773298525796,-66.0246815939715,-41.437187,4,0,0.5467,1,1
9.545200202614067,66816.40141829848,17.95676692139377,-66.02468223296509,-41.40733,4,0,0.5766,1,1
9.545200202614067,66816.40141829848,17.956766921789026,-66.02468223033878,-41.4678,4,0,0.5161,1,1
9.54530020058155,66817.10140407085,17.95676054564958,-66.02468286120705,-41.629982,4,0,0.3539,1,1
9.545500211417677,66818.50147992373,17.95674778973764,-66.02468413998668,-41.577778,4,0,0.4061,1,1
9.545600213110449,66819.20149177313,17.956741502209425,-66.02468415782175,-55.877007,4,0,-13.8931,3,3
9.545600213110449,66819.20149177313,17.95674141203879,-66.02468477709705,-41.61108,4,0,0.3728,1,1
9.5458002127707,66820.6014893949,17.95672865632253,-66.02468605071911,-41.705967,4,0,0.278,1,1
9.546000212430954,66822.00148701668,17.956715901572462,-66.02468731220388,-42.100536,4,0,-0.1166,0,0
9.546100210398436,66822.70147278905,17.956709518755584,-66.02468797940654,-41.4651,4,0,0.5188,1,1
9.546200212091208,66823.40148463845,17.956703139943006,-66.02468861533025,-41.556114,4,0,0.4278,1,1
9.54640021175146,66824.80148226023,17.95669038203274,-66.02468988461743,-41.812576,4,0,0.1713,1,1
9.546500213444231,66825.50149410963,17.956684000291936,-66.02469053733864,-41.531723,4,0,0.4522,1,1
9.546600211411716,66826.201479882,17.956677703469147,-66.02469060414126,-54.753838,4,0,-12.7699,3,3
9.547100223600864,66829.70156520605,17.95664571283588,-66.02469439269176,-41.36416,4,0,0.6198,1,1
9.547200221568346,66830.40155097842,17.956639331654834,-66.02469503136213,-41.443638,4,0,0.5403,1,1
9.547300223261118,66831.10156282783,17.956632949237925,-66.02469567522122,-41.40952,4,0,0.5744,1,1
9.547500222921371,66832.5015604496,17.956620185788466,-66.02469694921267,-41.673393,4,0,0.3105,1,1
9.547600232064724,66833.20162445307,17.95661380167013,-66.02469759853328,-41.530094,4,0,0.4538,1,1
9.547700230032206,66833.90161022544,17.95660750473236,-66.02469764834419,-55.20218,4,0,-13.2183,3,3
9.547800231724976,66834.60162207484,17.95660103433359,-66.02469889119673,-41.39569,4,0,0.5882,1,1
9.547800231724976,66834.60162207484,17.956601036645765,-66.02469887415663,-41.788616,4,0,0.1953,1,1
9.54790023341775,66835.30163392425,17.956594766643548,-66.02469873548131,-59.813572,3,0,-17.8297,3,0
9.548100233078005,66836.70163154602,17.956581881311006,-66.02470083175578,-41.19891,4,0,0.785,1,1
9.548200231045485,66837.40161731839,17.956575499315807,-66.02470146110912,-41.546734,4,0,0.4372,1,1
9.548400230705738,66838.80161494017,17.956562730426295,-66.02470274469522,-41.687035,4,0,0.2969,1,1
9.549000203609468,66843.00142526627,17.95652441629599,-66.0247066271532,-41.503357,4,0,0.4806,1,1
9.549300212413073,66845.10148689151,17.956505254680398,-66.0247085684852,-41.487114,4,0,0.4968,1,1
9.549300212413073,66845.10148689151,17.95650525556014,-66.02470856096222,-41.66091,4,0,0.323,1,1
9.549800213426352,66848.60149398446,17.95647275981225,-66.02471562325134,46.412296,0,0,88.3962,0,0
9.550100222229958,66850.7015556097,17.956454239237356,-66.02471311622894,-56.17921,4,0,-14.1953,3,3
9.550100222229958,66850.7015556097,17.956454145409275,-66.02471376304798,-41.27859,4,0,0.7053,1,1
9.55020022019744,66851.40154138207,17.956447757287116,-66.02471440361768,-41.478447,4,0,0.5055,1,1
9.550300221890213,66852.10155323148,17.9564413678164,-66.02471505012694,-41.54766,4,0,0.4363,1,1
9.550500221550465,66853.50155085325,17.9564285857347,-66.02471636118656,-41.2868,4,0,0.6971,1,1
9.550500221550465,66853.50155085325,17.956428588618216,-66.02471634035244,-41.767075,4,0,0.2168,1,1
9.550700221210718,66854.90154847503,17.956415958396736,-66.02471753379716,-41.284363,4,0,0.6996,1,1
9.550700221210718,66854.90154847503,17.956415959745577,-66.02471752483709,-41.490658,4,0,0.4933,1,1
9.55080022290349,66855.60156032443,17.956409557700702,-66.02471818670082,-41.434845,4,0,0.5491,1,1
9.55080022290349,66855.60156032443,17.956409558391346,-66.02471818211296,-41.540474,4,0,0.4434,1,1
9.550900220870972,66856.3015460968,17.95640315572904,-66.02471884816696,-41.393238,4,0,0.5907,1,1
9.551000222563744,66857.0015579462,17.956396767846282,-66.02471940967092,-43.660454,4,0,-1.6765,0,0
9.551000222563744,66857.0015579462,17.956396754701036,-66.02471950034976,-41.571507,4,0,0.4124,1,1
9.551000222563744,66857.0015579462,17.95639675439655,-66.02471950237238,-41.524937,4,0,0.459,1,1
9.551100231707096,66857.70162194967,17.95639035085771,-66.02472016667551,-41.43081,4,0,0.5531,1,1
9.551200233399868,66858.40163379908,17.956383949205048,-66.02472081846638,-41.629692,4,0,0.3542,1,1
9.551200233399868,66858.40163379908,17.956383948976743,-66.02472082166149,-41.555542,4,0,0.4284,1,1
9.551200233399868,66858.40163379908,17.956383953368437,-66.02472079080957,-42.26646,4,0,-0.2825,0,0
9.551400233060122,66859.80163142085,17.956371142667283,-66.02472214591019,-41.49199,4,0,0.4919,1,1
9.551500231027603,66860.50161719322,17.956364739998392,-66.02472280183795,-41.611214,4,0,0.3727,1,1
9.551700230687857,66861.901614815,17.956351932640203,-66.02472412652966,-41.568752,4,0,0.4152,1,1
9.551700230687857,66861.901614815,17.956351940783836,-66.02472406907508,-42.892746,4,0,-0.9088,0,0
9.551800232380629,66862.6016266644,17.956345528302254,-66.02472478963561,-41.538406,4,0,0.4455,1,1
9.551900200545788,66863.30140382051,17.95633912705025,-66.02472544329524,-41.72617,4,0,0.2577,1,1
9.55200020223856,66864.00141566992,17.95633272173518,-66.02472611028936,-41.616535,4,0,0.3674,1,1
9.55200020223856,66864.00141566992,17.95633272008475,-66.02472612293137,-41.324883,4,0,0.659,1,1
9.552200201898811,66865.4014132917,17.956319911897918,-66.02472743675683,-41.584934,4,0,0.399,1,1
9.552300203591583,66866.1014251411,17.95631350666322,-66.024728101115,-41.550377,4,0,0.4335,1,1
9.55250021070242,66867.50147491693,17.956300693945735,-66.02472943572468,-41.362118,4,0,0.6218,1,1
9.552700210362673,66868.90147253871,17.956287883095307,-66.02473075673984,-41.504696,4,0,0.4792,1,1
9.552700210362673,66868.90147253871,17.956287882976113,-66.02473075753169,-41.486465,4,0,0.4975,1,1
9.552900213748217,66870.30149623752,17.956275071848015,-66.02473207251528,-41.787804,4,0,0.1961,1,1
9.552900213748217,66870.30149623752,17.95627507051317,-66.02473208306124,-41.544407,4,0,0.4395,1,1
9.552900213748217,66870.30149623752,17.95627515933802,-66.0247314711657,-55.640182,4,0,-13.6563,3,3
9.553000211715698,66871.00148200989,17.95626866388885,-66.0247327483,-41.522743,4,0,0.4612,1,1
9.55310021340847,66871.70149385929,17.956262257198414,-66.02473340963053,-41.596745,4,0,0.3872,1,1
9.553300213068724,66873.10149148107,17.956249443156096,-66.0247347400259,-41.577713,4,0,0.4062,1,1
9.553500220179558,66874.5015412569,17.95623663079885,-66.02473604852071,-42.082695,4,0,-0.0988,0,0
9.553500220179558,66874.5015412569,17.956236727213227,-66.02473538451697,-57.37878,4,0,-15.3949,3,3
9.55360022187233,66875.20155310631,17.956230219155998,-66.02473674082442,-41.464233,4,0,0.5197,1,1
9.553800221532583,66876.60155072808,17.95621740400627,-66.0247380649098,-41.63451,4,0,0.3494,1,1
9.554000221192837,66878.00154834986,17.956204586909912,-66.02473940140247,-41.534332,4,0,0.4496,1,1
9.554100222885609,66878.70156019926,17.95619817839462,-66.02474006471952,-41.604904,4,0,0.379,1,1
9.554100222885609,66878.70156019926,17.956198180859626,-66.02474004834357,-41.981945,4,0,0.002,0,0
9.55420022085309,66879.40154597163,17.956191769309605,-66.02474073582133,-41.498432,4,0,0.4855,1,1
9.554300222545862,66880.10155782104,17.956185360097127,-66.02474140362897,-41.47283,4,0,0.5111,1,1
9.554400220513344,66880.8015435934,17.956178951759437,-66.02474206630266,-41.568687,4,0,0.4152,1,1
9.55470023304224,66882.90163129568,17.95615981726235,-66.0247434165443,-56.573807,4,0,-14.5899,3,3
9.55470023304224,66882.90163129568,17.956159722275157,-66.02474407109331,-41.495373,4,0,0.4885,1,1
9.554800231009722,66883.60161706805,17.956153313164695,-66.02474473554031,-41.56512,4,0,0.4188,1,1
9.555300202220678,66887.10141554475,17.956121280281426,-66.02474796433822,-44.116158,4,0,-2.1322,0,0
9.555600203573704,66889.20142501593,17.956102119832835,-66.02474947780227,-55.451756,4,0,-13.4678,3,3
9.555700201541184,66889.9014107883,17.95609562027293,-66.0247507584528,-41.356308,4,0,0.6276,1,1
9.55590021237731,66891.30148664117,17.95608279777354,-66.02475209453772,-41.401207,4,0,0.5827,1,1
9.556200213730335,66893.40149611235,17.956063564480864,-66.02475409738283,-41.517506,4,0,0.4664,1,1
9.556300211697817,66894.10148188472,17.956057153345107,-66.024754765163,-41.557648,4,0,0.4263,1,1
9.556300211697817,66894.10148188472,17.956057152134488,-66.02475477320623,-41.37246,4,0,0.6115,1,1
9.556300211697817,66894.10148188472,17.956057153511896,-66.02475476405482,-41.583164,4,0,0.4008,1,1
9.556400213390589,66894.80149373412,17.95605074103342,-66.02475543865755,-41.469482,4,0,0.5144,1,1
9.55650021135807,66895.50147950649,17.956044331314146,-66.02475609429263,-41.795155,4,0,0.1888,1,1
9.55650021135807,66895.50147950649,17.95604432810606,-66.02475611728582,-41.26517,4,0,0.7187,1,1
9.556600213050842,66896.2014913559,17.956037917879048,-66.02475677590883,-41.52461,4,0,0.4593,1,1
9.556900210678576,66898.30147475004,17.956018682607194,-66.024758780884,-41.647057,4,0,0.3369,1,1
9.557200223207474,66900.40156245232,17.955999444998465,-66.02476079291236,-41.62989,4,0,0.354,1,1
9.557300221174955,66901.10154822469,17.95599312754505,-66.02476081182807,-56.641376,4,0,-14.6575,3,3
9.55800023302436,66906.00163117051,17.95594814264557,-66.02476616752722,-41.459248,4,0,0.5247,1,1
9.558400232344866,66908.80162641406,17.955922492231895,-66.02476884329579,-41.682404,4,0,0.3015,1,1
9.558700203895569,66910.90142726898,17.955903253604205,-66.02477086821591,-41.44359,4,0,0.5403,1,1
9.55880020186305,66911.60141304135,17.955896840584497,-66.02477154016664,-41.437626,4,0,0.5463,1,1
9.559100203216076,66913.70142251253,17.95587760289874,-66.02477354143049,-41.764668,4,0,0.2192,1,1
9.559500213712454,66916.50149598718,17.955851948849244,-66.02477623268693,-41.6889,4,0,0.295,1,1
9.56030022352934,66922.10156470537,17.955800730146095,-66.02478100612468,-55.60423,4,0,-13.6203,3,3
9.560600221157074,66924.20154809952,17.95578140183237,-66.02478363552704,-41.494114,4,0,0.4898,1,1
9.56100022047758,66927.00154334307,17.9557557488886,-66.02478632797212,-41.423344,4,0,0.5606,1,1
9.561100222170351,66927.70155519247,17.955749337763276,-66.02478698518436,-41.772835,4,0,0.2111,1,1
9.561100222170351,66927.70155519247,17.955749337465825,-66.02478698716105,-41.72732,4,0,0.2566,1,1
9.561100222170351,66927.70155519247,17.955749335858457,-66.02478699952182,-41.442135,4,0,0.5418,1,1
9.561200223863125,66928.40156704187,17.955742923300416,-66.02478766815615,-41.52806,4,0,0.4559,1,1
9.561200223863125,66928.40156704187,17.95574292487207,-66.02478765603264,-41.80778,4,0,0.1761,1,1
9.561300221830606,66929.10155281425,17.955736510396136,-66.02478834088949,-41.518982,4,0,0.4649,1,1
9.561400223523378,66929.80156466365,17.95573009779984,-66.02478900858382,-41.62699,4,0,0.3569,1,1
9.561700232326984,66931.90162628889,17.955710858185967,-66.02479103057847,-41.512722,4,0,0.4712,1,1
9.561800230294466,66932.60161206126,17.95570444621371,-66.02479169681885,-41.652725,4,0,0.3312,1,1
9.561800230294466,66932.60161206126,17.955704445633774,-66.02479170235182,-41.524746,4,0,0.4592,1,1
9.56200023368001,66934.00163576007,17.95569161856034,-66.0247930568186,-41.29742,4,0,0.6865,1,1
9.56200023368001,66934.00163576007,17.955691620430255,-66.02479304439177,-41.58354,4,0,0.4004,1,1
9.56200023368001,66934.00163576007,17.955691828133848,-66.02479161368899,-74.5422,0,0,-32.5583,0,0
9.562100231647491,66934.70162153244,17.95568520707047,-66.02479372251709,-41.448112,4,0,0.5358,1,1
9.56220020353794,66935.40142476559,17.955678797260592,-66.02479438666298,-41.6306,4,0,0.3533,1,1
9.562300201505424,66936.10141053796,17.95567238393232,-66.02479506697779,-41.443123,4,0,0.5408,1,1
9.562800213694572,66939.601495862,17.955640321381804,-66.02479842951826,-41.400898,4,0,0.583,1,1
9.562900211662054,66940.30148163438,17.955633910087176,-66.02479909709194,-41.503048,4,0,0.4809,1,1
9.563000213354826,66941.00149348378,17.955627586980565,-66.02479915563045,-55.635284,4,0,-13.6514,3,3
9.563000213354826,66941.00149348378,17.955627498491435,-66.02479976387541,-41.623672,4,0,0.3602,1,1
9.563000213354826,66941.00149348378,17.95562749803557,-66.0247997685843,-41.514664,4,0,0.4693,1,1
9.563100211322308,66941.70147925615,17.95562108667623,-66.02480043750023,-41.584095,4,0,0.3998,1,1
9.563500210642816,66944.5014744997,17.955595438899813,-66.02480313042733,-41.455235,4,0,0.5287,1,1
9.563600212335588,66945.2014863491,17.955589028278396,-66.02480379320251,-41.662018,4,0,0.3219,1,1
9.563800223171713,66946.60156220198,17.95557629175627,-66.02480453830293,-55.443295,4,0,-13.4594,3,3
9.563900221139193,66947.30154797435,17.95556988118757,-66.02480520605327,-55.53047,4,0,-13.5466,3,3
9.564000222831964,66948.00155982375,17.95556338133883,-66.02480648800666,-41.46745,4,0,0.5165,1,1
9.564500223845243,66951.5015669167,17.955531327633246,-66.0248098376631,-41.626328,4,0,0.3576,1,1
9.564500223845243,66951.5015669167,17.95553132731534,-66.02480984145534,-41.538425,4,0,0.4455,1,1
9.564900230616333,66954.30161431432,17.955505686168287,-66.02481251732007,-41.727108,4,0,0.2568,1,1
9.565100234001877,66955.70163801312,17.955492865090463,-66.02481386500877,-41.585594,4,0,0.3983,1,1
9.565200231969357,66956.4016237855,17.95548645569759,-66.02481453128065,-41.68677,4,0,0.2971,1,1
9.565700203180311,66959.90142226219,17.955454408940195,-66.02481788949422,-41.539223,4,0,0.4447,1,1
9.565800201147796,66960.60140803456,17.955447435920554,-66.02482244222726,47.905354,0,0,89.8893,0,0
9.565800201147796,66960.60140803456,17.955448000088275,-66.02481855804224,-41.57565,4,0,0.4083,1,1
9.565900202840568,66961.30141988397,17.95544159131535,-66.0248192235494,-41.681168,4,0,0.3027,1,1
9.566000200808048,66962.00140565634,17.95543518223556,-66.02481989674969,-41.605682,4,0,0.3782,1,1
9.566200211644173,66963.40148150921,17.9554223639073,-66.02482123521165,-41.635048,4,0,0.3489,1,1
9.566200211644173,66963.40148150921,17.95542236393972,-66.02482123667555,-41.600758,4,0,0.3832,1,1
9.566300213336945,66964.10149335861,17.955415955125748,-66.02482190710768,-41.58359,4,0,0.4003,1,1
9.566300213336945,66964.10149335861,17.955415955078976,-66.02482190741857,-41.576435,4,0,0.4075,1,1
9.566400211304426,66964.80147913098,17.955409546354257,-66.02482257915273,-41.5266,4,0,0.4573,1,1
9.566500212997198,66965.50149098039,17.955403138685753,-66.02482324181803,-41.6843,4,0,0.2996,1,1
9.566500212997198,66965.50149098039,17.955403137791095,-66.02482324944417,-41.50812,4,0,0.4758,1,1
9.56660021096468,66966.20147675276,17.955396729516117,-66.02482392015459,-41.4771,4,0,0.5068,1,1
9.566900212317703,66968.30148622394,17.955377504372187,-66.0248259359788,-41.285873,4,0,0.698,1,1
9.567000214010475,66969.00149807334,17.955371097880363,-66.02482659642482,-41.48214,4,0,0.5018,1,1
9.56710021197796,66969.70148384571,17.95536468956116,-66.02482727138073,-41.341263,4,0,0.6427,1,1
9.56710021197796,66969.70148384571,17.955364691247222,-66.02482725849408,-41.638565,4,0,0.3454,1,1
9.567400220781565,66971.80154547095,17.95534546721801,-66.02482927748429,-41.33778,4,0,0.6461,1,1
9.567600220441818,66973.20154309273,17.955332654726323,-66.02483060561092,-41.53513,4,0,0.4488,1,1
9.567600220441818,66973.20154309273,17.95533265306541,-66.02483061665109,-41.28093,4,0,0.703,1,1
9.567800223827362,66974.60156679153,17.95531984035175,-66.02483194801422,-41.393715,4,0,0.5902,1,1
9.568000223487616,66976.00156441331,17.955307026974516,-66.02483328870538,-41.28032,4,0,0.7036,1,1
9.568100232630968,66976.70162841678,17.955300620865458,-66.02483395256291,-41.370316,4,0,0.6136,1,1
9.568100232630968,66976.70162841678,17.955300621880042,-66.02483394581887,-41.525597,4,0,0.4583,1,1
9.568400233983994,66978.80163788795,17.95528144851634,-66.02483564280058,-48.561825,3,0,-6.5779,0,0
9.568500231951475,66979.50162366033,17.955274997593733,-66.02483662440298,-41.318638,4,0,0.6653,1,1
9.568600233644249,66980.20163550973,17.955268592039317,-66.02483729198045,-41.30767,4,0,0.6762,1,1
9.568900231271982,66982.30161890388,17.95524937860849,-66.0248392815524,-41.559143,4,0,0.4248,1,1
9.569000203162432,66983.00142213702,17.95524297594197,-66.02483994589979,-41.606236,4,0,0.3777,1,1
9.56940020248294,66985.80141738057,17.95521735735149,-66.02484261744078,-41.455994,4,0,0.5279,1,1
9.569700211286545,66987.90147900581,17.95519814567253,-66.02484461173403,-41.528088,4,0,0.4558,1,1
9.569900210946798,66989.30147662759,17.955185337792706,-66.02484594890883,-41.38359,4,0,0.6003,1,1
9.57000021263957,66990.00148847699,17.955178937943103,-66.0248465891744,-41.959614,4,0,0.0243,0,0
9.57000021263957,66990.00148847699,17.955178934645684,-66.02484661277322,-41.41566,4,0,0.5683,1,1
9.570100210607052,66990.70147424936,17.955172531430094,-66.02484727954037,-41.37716,4,0,0.6068,1,1
9.57050022110343,66993.50154772401,17.955146920062866,-66.02484993772585,-41.398594,4,0,0.5853,1,1
9.570700220763683,66994.90154534578,17.955133883080176,-66.02485140820623,-41.378902,4,0,0.605,1,1
9.570800222456455,66995.60155719519,17.95512749621364,-66.02485206641619,-41.294716,4,0,0.6892,1,1
9.570800222456455,66995.60155719519,17.95512749792085,-66.02485205506687,-41.556038,4,0,0.4279,1,1
9.570900224149227,66996.30156904459,17.955121110585715,-66.02485271731136,-41.3756,4,0,0.6083,1,1
9.571000222116709,66997.00155481696,17.955114724793845,-66.02485337175146,-41.370983,4,0,0.6129,1,1
9.571200221776962,66998.40155243874,17.955101953461398,-66.02485468001107,-41.366787,4,0,0.6171,1,1
9.571500223129988,67000.50156190991,17.95508279955267,-66.02485662559253,-41.724407,4,0,0.2595,1,1
9.571900233626366,67003.30163538456,17.95505725736319,-66.02485925484734,-41.3488,4,0,0.6351,1,1
9.572500202804804,67007.50141963363,17.955018954033886,-66.02486316892121,-41.378544,4,0,0.6054,1,1
9.572600200772284,67008.201405406,17.95501257071615,-66.02486381827973,-41.443054,4,0,0.5409,1,1
9.572600200772284,67008.201405406,17.95501265527811,-66.0248632360066,-54.856915,4,0,-12.873,3,3
9.572600200772284,67008.201405406,17.95501257074548,-66.02486381808475,-41.447544,4,0,0.5364,1,1
9.572600200772284,67008.201405406,17.955012570157482,-66.02486382199345,-41.357544,4,0,0.6264,1,1
9.57280020415783,67009.6014291048,17.95499980385539,-66.02486511691464,-41.56718,4,0,0.4167,1,1
9.573100212961435,67011.70149073005,17.95498065262168,-66.02486707306208,-41.546112,4,0,0.4378,1,1
9.573300212621689,67013.10148835182,17.95496788752973,-66.02486836419469,-41.81801,4,0,0.1659,1,1
9.57340021058917,67013.8014741242,17.9549615014292,-66.0248690372331,-41.31671,4,0,0.6672,1,1
9.573600213974714,67015.201497823,17.954948736000787,-66.02487033279583,-41.472622,4,0,0.5113,1,1
9.573800213634968,67016.60149544477,17.954935968844868,-66.02487164254454,-41.29249,4,0,0.6914,1,1
9.57390021160245,67017.30148121715,17.954929587387337,-66.02487228447413,-41.496983,4,0,0.4869,1,1
9.57400021329522,67018.00149306655,17.954923204198412,-66.02487293657258,-41.465816,4,0,0.5181,1,1
9.57400021329522,67018.00149306655,17.954923204716604,-66.02487293312815,-41.545124,4,0,0.4388,1,1
9.574100222438574,67018.70155707002,17.954916821128915,-66.02487358495752,-41.519238,4,0,0.4647,1,1
9.574100222438574,67018.70155707002,17.95491682025197,-66.02487359078653,-41.385025,4,0,0.5989,1,1
9.574300222098827,67020.10155469179,17.954904056210175,-66.02487488020397,-41.653027,4,0,0.3309,1,1
9.574300222098827,67020.10155469179,17.95490405581019,-66.02487488454204,-41.55256,4,0,0.4314,1,1
9.5744002237916,67020.8015665412,17.954897672642943,-66.02487553712776,-41.50231,4,0,0.4816,1,1
9.574600223451853,67022.20156416297,17.954884908138194,-66.02487683028768,-41.672897,4,0,0.311,1,1
9.574600223451853,67022.20156416297,17.954884907138222,-66.02487683861385,-41.480602,4,0,0.5033,1,1
9.574800223112106,67023.60156178474,17.95487214257165,-66.02487813239384,-41.629875,4,0,0.354,1,1
9.574800223112106,67023.60156178474,17.954872142044017,-66.0248781375803,-41.509872,4,0,0.474,1,1
9.574900221079588,67024.30154755712,17.95486576075686,-66.02487877734345,-41.746307,4,0,0.2376,1,1
9.574900221079588,67024.30154755712,17.954865760182102,-66.02487878284319,-41.61909,4,0,0.3648,1,1
9.57500023394823,67025.00163763762,17.95485947531344,-66.02487875245194,-57.294174,4,0,-15.3103,3,3
9.57500023394823,67025.00163763762,17.954859376492184,-66.02487943279759,-41.621277,4,0,0.3626,1,1
9.57500023394823,67025.00163763762,17.954859470798056,-66.02487878414365,-56.5639,4,0,-14.58,3,3
9.575200233608484,67026.40163525939,17.9548466958634,-66.02488015173498,-54.998978,4,0,-13.0151,3,3
9.575300231575966,67027.10162103176,17.95484022772141,-66.02488139087214,-41.42105,4,0,0.5629,1,1
9.575700230896471,67029.90161627531,17.954814697536737,-66.02488398665149,-41.480507,4,0,0.5034,1,1
9.575800232589245,67030.60162812471,17.954808314670174,-66.02488463649323,-41.471783,4,0,0.5121,1,1
9.575800232589245,67030.60162812471,17.954808315393077,-66.02488463168847,-41.58241,4,0,0.4015,1,1
9.575900200754404,67031.30140528083,17.95480193620187,-66.02488526919969,-41.851967,4,0,0.132,1,1
9.576000202447176,67032.00141713023,17.954795551899107,-66.02488592810677,-41.632183,4,0,0.3517,1,1
9.57620020210743,67033.401414752,17.954782785020107,-66.02488723683368,-41.397465,4,0,0.5865,1,1
9.5763002038002,67034.10142660141,17.95477650284916,-66.02488719085986,-57.41279,4,0,-15.4289,3,3
9.576400201767685,67034.80141237378,17.954770020529644,-66.02488852672232,-41.59308,4,0,0.3908,1,1
9.576400201767685,67034.80141237378,17.95477002011973,-66.02488852944671,-41.53035,4,0,0.4536,1,1
9.576500210911036,67035.50147637725,17.954763636991313,-66.02488917583165,-41.595005,4,0,0.3889,1,1
9.576600212603807,67036.20148822665,17.954757253801905,-66.02488982534426,-41.585674,4,0,0.3982,1,1
9.57670021429658,67036.90150007606,17.954750870938092,-66.0248904706009,-41.674118,4,0,0.3098,1,1
9.576900213956833,67038.30149769783,17.954738118486194,-66.02489167310952,-43.87447,4,0,-1.8906,0,0
9.576900213956833,67038.30149769783,17.954738103082974,-66.02489178051883,-41.399685,4,0,0.5842,1,1
9.577000211924314,67039.0014834702,17.954731720931047,-66.0248924229052,-41.550945,4,0,0.433,1,1
9.57730021327734,67041.10149294138,17.95471257032672,-66.02489437141325,-41.51081,4,0,0.4731,1,1
9.577400222420692,67041.80155694485,17.954706186193643,-66.02489502014902,-41.515392,4,0,0.4685,1,1
9.577500224113464,67042.50156879425,17.954699803393304,-66.02489566086808,-41.70361,4,0,0.2803,1,1
9.577600222080946,67043.20155456662,17.954693419388388,-66.02489631221283,-41.645664,4,0,0.3383,1,1
9.577600222080946,67043.20155456662,17.95469342021018,-66.02489630675129,-41.77141,4,0,0.2125,1,1
9.577700223773718,67043.90156641603,17.954687034732757,-66.02489696688912,-41.510883,4,0,0.473,1,1
9.577700223773718,67043.90156641603,17.954687034884113,-66.02489696588317,-41.534046,4,0,0.4499,1,1
9.578000221401451,67046.00154981017,17.954667884164856,-66.02489890211743,-41.768776,4,0,0.2151,1,1
9.578000221401451,67046.00154981017,17.954667882178736,-66.0248989169962,-41.425617,4,0,0.5583,1,1
9.578000221401451,67046.00154981017,17.95466788491728,-66.02489889711698,-41.883907,4,0,0.1,1,1
9.578200221061708,67047.40154743195,17.954655114139324,-66.0249002107683,-41.513275,4,0,0.4706,1,1
9.578200221061708,67047.40154743195,17.954655114304582,-66.02490020967004,-41.538563,4,0,0.4454,1,1
9.578300222754478,67048.10155928135,17.954648812718197,-66.02490028665794,-54.711,4,0,-12.7271,3,3
9.57840022072196,67048.80154505372,17.954642344690136,-66.02490151083819,-41.455807,4,0,0.5281,1,1
9.57840022072196,67048.80154505372,17.954642596286654,-66.02489977835387,-81.36553,0,0,-39.3816,0,0
9.578600231558084,67050.20162090659,17.954629573729875,-66.02490281303777,-41.351234,4,0,0.6327,1,1
9.57890023291111,67052.30163037777,17.95461041935944,-66.02490475235737,-41.51534,4,0,0.4686,1,1
9.579100232571363,67053.70162799954,17.954597648030106,-66.02490605283643,-41.45103,4,0,0.5329,1,1
9.579100232571363,67053.70162799954,17.95459764811603,-66.0249060522654,-41.46418,4,0,0.5197,1,1
9.579200234264135,67054.40163984895,17.954591261587275,-66.02490670604416,-41.35139,4,0,0.6325,1,1
9.579200234264135,67054.40163984895,17.954591263044247,-66.02490669636187,-41.574314,4,0,0.4096,1,1
9.579300202429296,67055.10141700506,17.954584963875885,-66.02490676247375,-54.99437,4,0,-13.0105,3,3
9.579400204122066,67055.80142885447,17.954578493272184,-66.02490799146656,-41.632412,4,0,0.3515,1,1
9.57960020378232,67057.20142647624,17.954565719887402,-66.02490929741467,-41.446293,4,0,0.5376,1,1
9.579800210893154,67058.60147625208,17.954552947407322,-66.02491058664997,-41.649784,4,0,0.3341,1,1
9.579800210893154,67058.60147625208,17.95455294640169,-66.02491059501182,-41.456676,4,0,0.5272,1,1
9.579900212585926,67059.30148810148,17.954546559867946,-66.02491124156433,-41.514374,4,0,0.4695,1,1
9.579900212585926,67059.30148810148,17.954546560825015,-66.02491123352522,-41.70005,4,0,0.2839,1,1
9.579900212585926,67059.30148810148,17.954546559037116,-66.0249112470855,-41.387253,4,0,0.5967,1,1
9.580000214278698,67060.00149995089,17.95454017229459,-66.02491189390946,-41.439472,4,0,0.5444,1,1
9.580300211906431,67062.10148334503,17.954521098254453,-66.02491323604339,-55.38369,4,0,-13.3998,3,3
9.580300211906431,67062.10148334503,17.95452101136515,-66.02491383527301,-41.579582,4,0,0.4043,1,1
9.580400213599203,67062.80149519444,17.954514710899563,-66.02491388228397,-55.45288,4,0,-13.469,3,3
9.58070021122694,67064.90147858858,17.954495543397524,-66.02491585411852,-54.902798,4,0,-12.9189,3,3
9.581000223755836,67067.00156629086,17.954476292247698,-66.02491838312892,-41.530327,4,0,0.4536,1,1
9.581100221723318,67067.70155206323,17.954469902704545,-66.02491903660923,-41.440247,4,0,0.5437,1,1
9.581700224429367,67071.90157100558,17.954431563335504,-66.0249229366098,-41.411926,4,0,0.572,1,1
9.58180022239685,67072.60155677795,17.954425173589296,-66.02492358172435,-41.524582,4,0,0.4593,1,1
9.58180022239685,67072.60155677795,17.954425172379697,-66.0249235897622,-41.339523,4,0,0.6444,1,1
9.582000233232977,67074.00163263083,17.954412390304714,-66.02492488654198,-41.421135,4,0,0.5628,1,1
9.582500234246254,67077.50163972378,17.954380431381757,-66.02492813793515,-41.434353,4,0,0.5496,1,1
9.582800202071668,67079.60141450167,17.954361310505092,-66.02492970842356,-50.221485,3,0,-8.2376,0,0
9.582800202071668,67079.60141450167,17.95436125430503,-66.02493009530026,-41.30961,4,0,0.6743,1,1
9.58290020376444,67080.30142635107,17.95435486332267,-66.02493072854142,-41.716843,4,0,0.2671,1,1
9.58290020376444,67080.30142635107,17.954354863959022,-66.02493072431292,-41.814198,4,0,0.1697,1,1
9.58300020173192,67081.00141212344,17.954348552497965,-66.0249308122908,-54.782547,1,0,-12.7986,3,3
9.58300020173192,67081.00141212344,17.954348467267742,-66.02493139878528,-41.27249,4,0,0.7114,1,1
9.583100203424692,67081.70142397285,17.954342074755495,-66.02493204061635,-41.485546,4,0,0.4984,1,1
9.583100203424692,67081.70142397285,17.954342074636653,-66.02493204140606,-41.46736,4,0,0.5166,1,1
9.583400212228298,67083.80148559809,17.954322890167624,-66.0249340010249,-41.33462,4,0,0.6493,1,1
9.58350021392107,67084.50149744749,17.95431649596171,-66.02493464743674,-41.451023,4,0,0.5329,1,1
9.58350021392107,67084.50149744749,17.954316496154554,-66.02493464615532,-41.480526,4,0,0.5034,1,1
9.58350021392107,67084.50149744749,17.954316494877336,-66.02493465464227,-41.28513,4,0,0.6988,1,1
9.583600211888552,67085.20148321986,17.95431018703554,-66.02493470520568,-55.12922,1,0,-13.1453,3,3
9.583800211548803,67086.60148084164,17.954297310391123,-66.02493659915528,-41.52564,4,0,0.4583,1,1
9.583900213241575,67087.30149269104,17.9542909138459,-66.02493725423255,-41.451946,4,0,0.532,1,1
9.58400021120906,67088.00147846341,17.954284517013164,-66.02493791102927,-41.34055,4,0,0.6434,1,1
9.584200210869312,67089.40147608519,17.95427172327319,-66.02493921826155,-41.272243,4,0,0.7117,1,1
9.584300212562084,67090.10148793459,17.95426532669859,-66.02493986646348,-41.366833,4,0,0.6171,1,1
9.584300212562084,67090.10148793459,17.954265326775108,-66.024939865955,-41.378536,4,0,0.6054,1,1
9.584500223398209,67091.50156378746,17.954252531347137,-66.02494116898359,-41.424103,4,0,0.5598,1,1
9.58460022136569,67092.20154955983,17.95424613337003,-66.02494182264414,-41.400314,4,0,0.5836,1,1
9.584700223058462,67092.90156140924,17.954239735329814,-66.02494247333681,-41.448105,4,0,0.5358,1,1
9.584900222718716,67094.30155903101,17.954226938052557,-66.02494377871044,-41.4595,4,0,0.5244,1,1
9.58510022237897,67095.70155665278,17.954214139100326,-66.02494508778376,-41.396862,4,0,0.5871,1,1
9.58510022237897,67095.70155665278,17.954214139131032,-66.02494508757975,-41.401558,4,0,0.5824,1,1
9.585300233215094,67097.10163250566,17.954201338875517,-66.02494639312856,-41.433147,4,0,0.5508,1,1
9.585500232875347,67098.50163012743,17.954188538062798,-66.02494769948322,-41.456158,4,0,0.5278,1,1
9.5857002325356,67099.9016277492,17.954175735934516,-66.02494900693665,-41.46576,4,0,0.5182,1,1
9.585800234228373,67100.60163959861,17.95416933549565,-66.02494965116333,-41.694683,4,0,0.2892,1,1
9.585900232195854,67101.30162537098,17.954162933431665,-66.02495030917278,-41.607616,4,0,0.3763,1,1
9.586100202053784,67102.7014143765,17.954150130723786,-66.02495161581105,-41.656574,4,0,0.3273,1,1
9.586200203746555,67103.4014262259,17.95414372741422,-66.0249522742467,-41.569805,4,0,0.4141,1,1
9.586200203746555,67103.4014262259,17.954143727100924,-66.02495227632855,-41.521877,4,0,0.462,1,1
9.586500201374292,67105.50140962005,17.95412451715026,-66.024954239406,-41.562325,4,0,0.4216,1,1
9.586500201374292,67105.50140962005,17.95412451655889,-66.02495424333576,-41.47185,4,0,0.5121,1,1
9.587100211530924,67109.70148071647,17.954086172590355,-66.02495758323265,-55.14842,1,0,-13.1645,3,3
9.587200213223696,67110.40149256587,17.9540796798132,-66.02495883691701,-41.383038,4,0,0.6009,1,1
9.58740021288395,67111.80149018764,17.954066866971026,-66.02496014844648,-41.408787,4,0,0.5751,1,1
9.587500210851433,67112.50147596002,17.954060460973267,-66.02496079914962,-41.543102,4,0,0.4408,1,1
9.587700221687555,67113.90155181289,17.954047645842472,-66.02496210906871,-41.62849,4,0,0.3554,1,1
9.587900221347809,67115.30154943466,17.954034828424593,-66.02496343075306,-41.45544,4,0,0.5285,1,1
9.588100221008062,67116.70154705644,17.954022013197218,-66.02496472806519,-41.85837,4,0,0.1255,1,1
9.588300224393606,67118.10157075524,17.954009192371842,-66.02496605622322,-41.564976,4,0,0.4189,1,1
9.588400222361088,67118.80155652761,17.954002783397325,-66.02496670672846,-41.736553,4,0,0.2474,1,1
9.588400222361088,67118.80155652761,17.954002782117808,-66.02496671691075,-41.501545,4,0,0.4824,1,1
9.58850022405386,67119.50156837702,17.953996460788282,-66.02496676121719,-55.640697,1,0,-13.6568,3,3
9.58850022405386,67119.50156837702,17.95399637268548,-66.02496736685494,-41.690266,4,0,0.2937,1,1
9.58860022202134,67120.20155414939,17.953989962286542,-66.02496802442273,-41.705997,4,0,0.2779,1,1
9.58860022202134,67120.20155414939,17.953989962006908,-66.02496802796011,-41.623974,4,0,0.3599,1,1
9.58860022202134,67120.20155414939,17.953989961133814,-66.02496803376225,-41.49039,4,0,0.4935,1,1
9.58900023251772,67123.00162762403,17.953964316488563,-66.02497065393277,-41.826576,4,0,0.1573,1,1
9.589400231838226,67125.80162286758,17.953938663031735,-66.02497330851529,-41.427525,4,0,0.5564,1,1
9.589500233530998,67126.50163471699,17.953932249829048,-66.02497396479413,-41.507286,4,0,0.4766,1,1
9.589600201696156,67127.2014118731,17.953925837323624,-66.0249746284767,-41.415314,4,0,0.5686,1,1
9.58970020338893,67127.9014237225,17.9539194231684,-66.02497528702295,-41.45052,4,0,0.5334,1,1
9.590000212192535,67130.00148534775,17.95390017928763,-66.02497725666645,-41.71841,4,0,0.2655,1,1
9.590200211852787,67131.40148296952,17.953887346714794,-66.02497858712726,-41.51463,4,0,0.4693,1,1
9.590200211852787,67131.40148296952,17.95388734732964,-66.02497858136151,-41.64796,4,0,0.336,1,1
9.59030021354556,67132.10149481893,17.953880931001365,-66.0249792439095,-41.613647,4,0,0.3703,1,1
9.590400211513042,67132.8014805913,17.95387451378556,-66.02497991023425,-41.496296,4,0,0.4876,1,1
9.590500213205814,67133.5014924407,17.95386809813475,-66.02498056091234,-41.74423,4,0,0.2397,1,1
9.590500213205814,67133.5014924407,17.953868096435887,-66.02498057388257,-41.445034,4,0,0.5389,1,1
9.590700212866068,67134.90149006248,17.95385553452932,-66.02498177805194,-41.544804,4,0,0.4391,1,1
9.591000214219092,67137.00149953365,17.953836223403083,-66.02498379348775,-41.413254,4,0,0.5707,1,1
9.591000214219092,67137.00149953365,17.953836223228414,-66.02498379464862,-41.386524,4,0,0.5974,1,1
9.591200221329927,67138.40154930949,17.9538233488397,-66.02498512780666,-41.560436,4,0,0.4235,1,1
9.591500222682953,67140.50155878067,17.953804034117518,-66.02498713645153,-41.644238,4,0,0.3397,1,1
9.591500222682953,67140.50155878067,17.95380411811852,-66.02498655967061,-54.929626,1,0,-12.9457,3,3
9.591700222343206,67141.90155640244,17.953791253142622,-66.02498781146141,-57.014915,0,0,-15.031,0,0
9.591800224035978,67142.60156825185,17.953784797422248,-66.02498859293885,-54.479916,1,0,-12.496,3,3
9.591800224035978,67142.60156825185,17.95378471525967,-66.02498915920391,-41.436024,4,0,0.5479,1,1
9.59240023419261,67146.80163934827,17.95374607274607,-66.0249931855913,-41.559097,4,0,0.4248,1,1
9.592600233852863,67148.20163697004,17.953733189617154,-66.02499453201412,-41.528427,4,0,0.4555,1,1
9.592600233852863,67148.20163697004,17.95373319017169,-66.02499452832788,-41.613293,4,0,0.3706,1,1
9.592800233513117,67149.60163459182,17.953720306799305,-66.02499586887586,-41.731804,4,0,0.2521,1,1
9.592800233513117,67149.60163459182,17.95372030702452,-66.02499586737872,-41.766273,4,0,0.2176,1,1
9.592800233513117,67149.60163459182,17.95372030568046,-66.02499587799332,-41.521313,4,0,0.4626,1,1
9.592900231480598,67150.30162036419,17.95371386340468,-66.02499655171496,-41.505512,4,0,0.4784,1,1
9.593400202691557,67153.80141884089,17.95368164987506,-66.02499992285212,-41.412804,4,0,0.5711,1,1
9.593900211155416,67157.3014780879,17.953649430566493,-66.02500328711272,-41.559322,4,0,0.346,1,1
9.594500213861464,67161.50149703026,17.953610761545093,-66.02500733158668,-41.65668,4,0,0.2487,1,1
9.594600223004818,67162.20156103373,17.953604315523773,-66.02500800841305,-41.61955,4,0,0.2858,1,1
9.594800222665071,67163.6015586555,17.95359142322757,-66.02500936679843,-41.44172,4,0,0.4636,1,1
9.594800222665071,67163.6015586555,17.953591510766053,-66.02500876285393,-55.353886,4,0,-13.4485,3,3
9.595100224018095,67165.70156812668,17.953572086505936,-66.0250113869949,-41.593224,4,0,0.3121,1,1
9.595100224018095,67165.70156812668,17.95357208607255,-66.02501138987692,-41.52687,4,0,0.3785,1,1
9.595100224018095,67165.70156812668,17.953572181597988,-66.02501073111105,-56.701794,3,0,-14.7964,3,3
9.595700234174728,67169.9016392231,17.95353340768132,-66.02501544502503,-41.550724,4,0,0.3546,1,1
9.596200231462715,67173.40162023902,17.953501173408565,-66.02501883346706,-41.41258,4,0,0.4928,1,1
9.59650020301342,67175.50142109394,17.953481835868256,-66.02502085505397,-41.610836,4,0,0.2945,1,1
9.596600204706192,67176.20143294334,17.953475391385076,-66.02502151321407,-42.04398,4,0,-0.1386,0,0
9.596800204366446,67177.60143056512,17.953462508385453,-66.0250227929579,-43.75574,4,0,-1.8504,0,0
9.596900202333927,67178.30141633749,17.953456048284433,-66.02502356155102,-41.648457,4,0,0.2569,1,1
9.597300212830303,67181.10148981214,17.953430257254674,-66.02502628703287,-41.27279,4,0,0.6326,1,1
9.59750021249056,67182.50148743391,17.9534173658501,-66.0250276254127,-41.652344,4,0,0.253,1,1
9.597800213843584,67184.60149690509,17.953398024710975,-66.02502966163627,-41.570065,4,0,0.3353,1,1
9.59810022264719,67186.70155853033,17.9533786828023,-66.02503170313787,-41.375786,4,0,0.5296,1,1
9.598300222307444,67188.1015561521,17.95336579204586,-66.02503304177127,-41.764835,4,0,0.1405,1,1
9.598400224000216,67188.80156800151,17.95335934361447,-66.02503373393293,-41.433838,4,0,0.4715,1,1
9.598600223660467,67190.20156562328,17.953346508690252,-66.02503469266527,-50.577545,4,0,-8.6722,0,0
9.59870022162795,67190.90155139565,17.953340006658898,-66.02503575495817,-41.722454,4,0,0.1829,1,1
9.598800223320724,67191.60156324506,17.953333558685333,-66.02503644659028,-41.405846,4,0,0.4995,1,1
9.598800223320724,67191.60156324506,17.953333559805948,-66.02503643913386,-41.57752,4,0,0.3278,1,1
9.598900221288204,67192.30154901743,17.95332711408435,-66.02503711638838,-41.592358,4,0,0.313,1,1
9.598900221288204,67192.30154901743,17.953327113635492,-66.02503711937509,-41.523594,4,0,0.3818,1,1
9.599500231444836,67196.50162011385,17.95328844332844,-66.02504116195999,-42.104866,4,0,-0.1995,0,0
9.59990020468831,67199.30143281817,17.95326266172921,-66.02504390187833,-41.455257,4,0,0.4501,1,1
9.59990020468831,67199.30143281817,17.953262660304784,-66.02504391135786,-41.237003,4,0,0.6684,1,1
9.600000202655792,67200.00141859055,17.95325621718458,-66.02504458141757,-41.418762,4,0,0.4866,1,1
9.600300211459398,67202.10148021579,17.953236965001242,-66.02504605790088,-54.259888,4,0,-12.3545,3,3
9.60040021315217,67202.80149206519,17.95323044045835,-66.02504729315129,-41.421303,4,0,0.4841,1,1
9.60040021315217,67202.80149206519,17.95323044114283,-66.02504728859574,-41.526188,4,0,0.3792,1,1
9.600700214505196,67204.90150153637,17.95321111016273,-66.0250493281045,-41.391594,4,0,0.5138,1,1
9.600700214505196,67204.90150153637,17.953211191017246,-66.0250487697732,-54.253563,4,0,-12.3482,3,3
9.600700214505196,67204.90150153637,17.953211111734532,-66.02504931596123,-41.671764,4,0,0.2336,1,1
9.600800212472675,67205.60148730874,17.953204749106742,-66.02504944166212,-54.390274,4,0,-12.4849,3,3
9.60100021213293,67207.00148493052,17.95319178095198,-66.02505136955934,-41.2067,4,0,0.6987,1,1
9.601100213825704,67207.70149677992,17.953185338647454,-66.02505204674864,-41.220005,4,0,0.6854,1,1
9.601200211793184,67208.40148255229,17.953178896828355,-66.0250527237568,-41.236156,4,0,0.6692,1,1
9.601200211793184,67208.40148255229,17.95317889714668,-66.02505272163799,-41.28494,4,0,0.6204,1,1
9.601300213485956,67209.1014944017,17.95317245564573,-66.02505339646515,-41.351086,4,0,0.5543,1,1
9.601800221949816,67212.60155364871,17.953140248097384,-66.02505679461711,-41.115154,4,0,0.7902,1,1
9.601900223642588,67213.30156549811,17.953133813190675,-66.02505743357142,-42.001987,4,0,-0.0966,1,1
9.60210022330284,67214.70156311989,17.953120938549763,-66.02505875207211,-42.836407,4,0,-0.931,0,0
9.602200221270325,67215.40154889226,17.953114488838693,-66.02505950146144,-41.17464,4,0,0.7307,1,1
9.602300222963096,67216.10156074166,17.95310805191086,-66.02506016262954,-41.54455,4,0,0.3608,1,1
9.602400232106447,67216.80162474513,17.95310162563217,-66.02506074823872,-43.655136,4,0,-1.7498,0,0
9.60250023379922,67217.50163659453,17.953095172580166,-66.02506152383249,-41.38658,4,0,0.5188,1,1
9.603000234812498,67221.00164368749,17.953062984320542,-66.02506490424292,-41.48187,4,0,0.4235,1,1
9.60310023277998,67221.70162945986,17.953056550195846,-66.02506556219794,-41.913643,4,0,-0.0083,1,1
9.603200234472752,67222.40164130926,17.953050193000216,-66.02506569163435,-54.51887,4,0,-12.6135,3,3
9.60330020263791,67223.10141846538,17.953043735660394,-66.02506652762315,-50.84106,4,0,-8.9357,0,0
9.603500202298164,67224.50141608715,17.95303080458804,-66.02506829350722,-41.325855,4,0,0.5795,1,1
9.603700201958418,67225.90141370893,17.953018018750605,-66.02506906577253,-54.69265,4,0,-12.7873,3,3
9.603700201958418,67225.90141370893,17.95301793381101,-66.02506965152645,-41.199024,4,0,0.7063,1,1
9.604100212454796,67228.70148718357,17.95299220025733,-66.02507233662138,-41.63497,4,0,0.2704,1,1
9.60430021211505,67230.10148480535,17.952979413699744,-66.02507314109884,-54.234825,4,0,-12.3295,3,3
9.604500211775305,67231.50148242712,17.95296646910055,-66.02507504790137,-41.431034,4,0,0.4743,1,1
9.604800213128328,67233.6014918983,17.952947264369953,-66.02507646068398,-55.55186,4,0,-13.6465,3,3
9.605200223624706,67236.40156537294,17.952921457257585,-66.02507976258309,-41.67522,4,0,0.2301,1,1
9.605200223624706,67236.40156537294,17.952921456398784,-66.02507976998511,-41.504208,4,0,0.4012,1,1
9.605500224977732,67238.50157484412,17.952901770545566,-66.02508455840182,22.194056,0,0,64.0994,0,0
9.605500224977732,67238.50157484412,17.95290217190147,-66.02508178957136,-41.59127,4,0,0.3141,1,1
9.605500224977732,67238.50157484412,17.952902171156357,-66.02508179453359,-41.477016,4,0,0.4284,1,1
9.605700224637983,67239.9015724659,17.95288931653057,-66.02508314341597,-41.463432,4,0,0.4419,1,1
9.60590023174882,67241.30162224174,17.95287646327538,-66.02508449047188,-41.481533,4,0,0.4238,1,1
9.606200233101845,67243.40163171291,17.952857187148805,-66.0250865113453,-41.47778,4,0,0.4276,1,1
9.606300234794617,67244.10164356232,17.95285076361754,-66.02508717609464,-41.675465,4,0,0.2299,1,1
9.606600232422352,67246.20162695646,17.9528315072641,-66.02508909912018,-43.88693,4,0,-1.9816,0,0
9.6067002043128,67246.90143018961,17.95282507222018,-66.02508986962255,-41.6304,4,0,0.275,1,1
9.606800202280285,67247.60141596198,17.952818648995002,-66.02509054997907,-41.451347,4,0,0.454,1,1
9.607000201940536,67249.00141358376,17.952805806334126,-66.02509189270945,-41.49773,4,0,0.4076,1,1
9.607000201940536,67249.00141358376,17.952805845199,-66.02509162375001,-47.693977,3,0,-5.7886,0,0
9.607000201940536,67249.00141358376,17.95280580585082,-66.02509189592854,-41.42361,4,0,0.4818,1,1
9.607100203633308,67249.70142543316,17.95279938575104,-66.02509256276177,-41.546295,4,0,0.3591,1,1
9.60720020160079,67250.40141120553,17.95279304802363,-66.0250926653026,-54.664654,4,0,-12.7593,3,3
9.607300214469433,67251.10150128603,17.952786545397963,-66.02509390330056,-41.624092,4,0,0.2813,1,1
9.608000211417677,67256.00147992373,17.952741620252038,-66.02509859968764,-41.672924,4,0,0.2324,1,1
9.608000211417677,67256.00147992373,17.952741620774937,-66.02509859620457,-41.75312,4,0,0.1522,1,1
9.608000211417677,67256.00147992373,17.952741619831457,-66.02509860417214,-41.569084,4,0,0.3363,1,1
9.6082002222538,67257.4015557766,17.952728787125178,-66.02509994922085,-41.476643,4,0,0.4287,1,1
9.608600221574306,67260.20155102015,17.952703131134253,-66.02510262356431,-41.604267,4,0,0.3011,1,1
9.609100222587584,67263.7015581131,17.95267107147111,-66.02510596999709,-41.592407,4,0,0.313,1,1
9.60930022224784,67265.10155573487,17.95265825356438,-66.02510729037216,-41.97804,4,0,-0.0727,1,1
9.609400231391191,67265.80161973834,17.952651841789997,-66.02510797290691,-41.6505,4,0,0.2549,1,1
9.609400231391191,67265.80161973834,17.95265184044255,-66.02510798188284,-41.443832,4,0,0.4615,1,1
9.609500233083963,67266.50163158774,17.952645510557712,-66.02510810347508,-54.034153,4,0,-12.1288,3,3
9.609800234436989,67268.60164105892,17.95262620951196,-66.02511064489023,-41.633415,4,0,0.272,1,1
9.610100202262402,67270.70141583681,17.952606992638096,-66.02511264962249,-41.552006,4,0,0.3534,1,1
9.610100202262402,67270.70141583681,17.952606992566523,-66.0251126500993,-41.541027,4,0,0.3643,1,1
9.610200203955172,67271.40142768621,17.952600587967144,-66.02511331303539,-41.62907,4,0,0.2763,1,1
9.610200203955172,67271.40142768621,17.952600587652974,-66.02511331512825,-41.58088,4,0,0.3245,1,1
9.610300201922657,67272.10141345859,17.952594183155203,-66.02511398233432,-41.565514,4,0,0.3399,1,1
9.610400203615429,67272.80142530799,17.952587778410745,-66.02511465300948,-41.466293,4,0,0.4391,1,1
9.610400203615429,67272.80142530799,17.952587784507944,-66.02511461070904,-42.44085,4,0,-0.5355,0,0
9.610400203615429,67272.80142530799,17.952587780719817,-66.02511463594396,-41.859814,4,0,0.0456,1,1
9.610600214451551,67274.20150116086,17.952574734488564,-66.02511604308934,-41.5902,4,0,0.3152,1,1
9.611000213772058,67277.00149640441,17.952549266954925,-66.02511814846811,-54.0376,4,0,-12.1322,3,3
9.61110021173954,67277.70148217678,17.95254280374132,-66.0251193512108,-41.55447,4,0,0.3509,1,1
9.611400213092566,67279.80149164796,17.952523650246206,-66.02512134249255,-41.32931,4,0,0.5761,1,1
9.611400213092566,67279.80149164796,17.95252373067168,-66.02512078650525,-54.137978,4,0,-12.2326,3,3
9.611500214785336,67280.50150349736,17.95251726971552,-66.0251219845183,-41.745937,4,0,0.1594,1,1
9.611700214445593,67281.90150111914,17.952504506322462,-66.02512329906192,-41.861103,4,0,0.0443,1,1
9.611800223588943,67282.6015651226,17.952498125148086,-66.02512395393963,-41.96809,4,0,-0.0627,1,1
9.612000223249195,67284.00156274438,17.952485363701978,-66.02512527535453,-41.896484,4,0,0.0089,1,1
9.612100224941967,67284.70157459378,17.952478982844948,-66.02512594107813,-41.73832,4,0,0.167,1,1
9.61220022290945,67285.40156036615,17.952472602889046,-66.025126607285,-41.563107,4,0,0.3423,1,1
9.61220022290945,67285.40156036615,17.952472602572964,-66.02512660939064,-41.514626,4,0,0.3907,1,1
9.612400222569704,67286.80155798793,17.95245984594837,-66.0251279246412,-41.54681,4,0,0.3586,1,1
9.612500224262476,67287.50156983733,17.952453468406787,-66.02512858114558,-41.581833,4,0,0.3235,1,1
9.612600233405828,67288.2016338408,17.952447105148796,-66.02512913750517,-43.920807,4,0,-2.0154,0,0
9.6127002350986,67288.9016456902,17.952440713455204,-66.02512989965236,-41.5121,4,0,0.3933,1,1
9.612800233066082,67289.60163146257,17.952434337345352,-66.02513055762826,-41.498356,4,0,0.407,1,1
9.612900234758854,67290.30164331198,17.952427960240442,-66.02513122378583,-41.292023,4,0,0.6133,1,1
9.613000232726336,67291.00162908435,17.952421586466755,-66.02513187240179,-41.48425,4,0,0.4211,1,1
9.613000232726336,67291.00162908435,17.952421588250033,-66.02513185883964,-41.7971,4,0,0.1083,1,1
9.613000232726336,67291.00162908435,17.952421586961883,-66.0251318691036,-41.56019,4,0,0.3452,1,1
9.613100234419107,67291.70164093375,17.952415211173467,-66.0251325326531,-41.404358,4,0,0.501,1,1
9.61330023407936,67293.10163855553,17.952402463736576,-66.02513384286296,-41.4667,4,0,0.4387,1,1
9.613500203937292,67294.50142756104,17.95238972012285,-66.02513515209561,-41.527973,4,0,0.3774,1,1
9.613500203937292,67294.50142756104,17.95238972055913,-66.02513514918955,-41.594887,4,0,0.3105,1,1
9.613700203597546,67295.90142518282,17.95237697776755,-66.02513645067148,-41.820656,4,0,0.0847,1,1
9.6139002032578,67297.3014228046,17.952364234402122,-66.02513777103364,-41.591507,4,0,0.3139,1,1
9.61440021172166,67300.80148205161,17.952332386670722,-66.02514104218372,-41.623764,4,0,0.2816,1,1
9.61440021172166,67300.80148205161,17.95233238847547,-66.02514102848038,-41.939865,4,0,-0.0345,1,1
9.61450021341443,67301.50149390101,17.952326023947546,-66.02514165777384,-42.506233,4,0,-0.6009,0,0
9.61450021341443,67301.50149390101,17.95232601845084,-66.0251416960668,-41.62396,4,0,0.2814,1,1
9.614600215107204,67302.20150575042,17.952319649659973,-66.02514235649505,-41.468727,4,0,0.4366,1,1
9.614600215107204,67302.20150575042,17.952319650665558,-66.02514234979758,-41.622932,4,0,0.2824,1,1
9.614900212734938,67304.30148914456,17.952300549796202,-66.02514431375864,-41.526714,4,0,0.3787,1,1
9.61500022187829,67305.00155314803,17.952294183950098,-66.02514496219722,-41.62983,4,0,0.2755,1,1
9.615200221538544,67306.4015507698,17.95228145272283,-66.02514627159937,-41.530804,4,0,0.3746,1,1
9.615300223231316,67307.10156261921,17.952275087821462,-66.0251469246536,-41.51247,4,0,0.3929,1,1
9.615700222551824,67309.90155786276,17.95224963351756,-66.02514952992445,-41.551315,4,0,0.3541,1,1
9.615800224244596,67310.60156971216,17.9522432711874,-66.0251501783563,-41.616135,4,0,0.2892,1,1
9.616200234740973,67313.40164318681,17.952217823465656,-66.02515278387482,-41.558292,4,0,0.3471,1,1
9.616400234401226,67314.80164080858,17.952205102697526,-66.02515408240416,-41.59834,4,0,0.307,1,1
9.61660023406148,67316.20163843036,17.9521923816096,-66.02515539214072,-41.36207,4,0,0.5433,1,1
9.61660023406148,67316.20163843036,17.952192382728796,-66.02515538468822,-41.533657,4,0,0.3717,1,1
9.61660023406148,67316.20163843036,17.952192382855532,-66.02515538384432,-41.55309,4,0,0.3523,1,1
9.61670023202896,67316.90162420273,17.952186023083136,-66.02515603768978,-41.451393,4,0,0.454,1,1
9.616800233721731,67317.60163605213,17.952179664477026,-66.02515668440648,-41.509857,4,0,0.3955,1,1
9.616900231689216,67318.3016218245,17.952173320642594,-66.02515723311718,-43.820946,4,0,-1.9156,0,0
9.617100201547146,67319.70141083002,17.952160592971737,-66.02515862208818,-41.710194,4,0,0.1952,1,1
9.61730020493269,67321.10143452883,17.952147877531125,-66.02515992444862,-41.580444,4,0,0.3249,1,1
9.61730020493269,67321.10143452883,17.95214787570359,-66.02515993661669,-41.30028,4,0,0.6051,1,1
9.617400214076042,67321.8014985323,17.952141519502785,-66.02516057678989,-41.48354,4,0,0.4218,1,1
9.617500212043524,67322.50148430467,17.952135164709983,-66.02516121256527,-41.76252,4,0,0.1428,1,1
9.617600213736296,67323.20149615407,17.952128806404538,-66.0251618755135,-41.410805,4,0,0.4946,1,1
9.617700211703776,67323.90148192644,17.952122535369373,-66.02516193906084,-54.86252,4,0,-12.9572,3,3
9.617700211703776,67323.90148192644,17.95212245116762,-66.02516251984804,-41.48326,4,0,0.4221,1,1
9.617700211703776,67323.90148192644,17.952122451662493,-66.0251625165533,-41.55912,4,0,0.3462,1,1
9.61780021339655,67324.60149377584,17.952116095922303,-66.02516316460498,-41.542137,4,0,0.3632,1,1
9.61790021508932,67325.30150562525,17.952109741426884,-66.02516380457801,-41.707344,4,0,0.198,1,1
9.618000213056805,67326.00149139762,17.95210338675444,-66.02516445082696,-41.722527,4,0,0.1828,1,1
9.618100214749576,67326.70150324702,17.952097030962967,-66.02516510649126,-41.51653,4,0,0.3888,1,1
9.618200212717056,67327.4014890194,17.95209067719702,-66.02516575034747,-41.578075,4,0,0.3273,1,1
9.618300214409828,67328.1015008688,17.95208432327765,-66.02516639545266,-41.60708,4,0,0.2983,1,1
9.618300214409828,67328.1015008688,17.95208432290806,-66.02516639791314,-41.55043,4,0,0.3549,1,1
9.61840021237731,67328.80148664117,17.952077969473898,-66.02516704309076,-41.572884,4,0,0.3325,1,1
9.618600223213434,67330.20156249404,17.95206526303307,-66.0251683278523,-41.736465,4,0,0.1689,1,1
9.618700224906206,67330.90157434344,17.952058908623332,-66.02516898473853,-41.476418,4,0,0.429,1,1
9.618800222873688,67331.60156011581,17.95205255678969,-66.02516962598298,-41.572277,4,0,0.3331,1,1
9.618800222873688,67331.60156011581,17.95205255742273,-66.025169621769,-41.6693,4,0,0.2361,1,1
9.61900022253394,67333.00155773759,17.952039852760358,-66.02517091413026,-41.62154,4,0,0.2838,1,1
9.619200222194197,67334.40155535936,17.95202714904891,-66.02517220637009,-41.559708,4,0,0.3457,1,1
9.619300223886968,67335.10156720877,17.952020798427398,-66.02517284407361,-41.71715,4,0,0.1882,1,1
9.619700234383345,67337.90164068341,17.9519953936817,-66.02517543116083,-41.467903,4,0,0.4375,1,1
9.619700234383345,67337.90164068341,17.951995392286793,-66.02517544044515,-41.25414,4,0,0.6512,1,1
9.619800232350826,67338.60162645578,17.95198905817988,-66.02517597514228,-43.76257,4,0,-1.8572,0,0
9.620200231671332,67341.40162169933,17.951963644989352,-66.025178650959,-41.386692,4,0,0.5187,1,1
9.620300233364103,67342.10163354874,17.95195729763912,-66.02517928193237,-41.657635,4,0,0.2477,1,1
9.620400205254557,67342.80143678188,17.95195094940222,-66.02517993238357,-41.471733,4,0,0.4336,1,1
9.620500203222036,67343.50142255425,17.951944603898482,-66.02518055326023,-41.967224,4,0,-0.0619,1,1
9.620500203222036,67343.50142255425,17.951944601323913,-66.02518057207568,-41.533436,4,0,0.3719,1,1
9.620600204914808,67344.20143440366,17.951938253354644,-66.02518121061007,-41.618397,4,0,0.287,1,1
9.62070020288229,67344.90142017603,17.95193190486781,-66.0251818552275,-41.558826,4,0,0.3465,1,1
9.620800204575062,67345.60143202543,17.951925556190197,-66.02518250062418,-41.47796,4,0,0.4274,1,1
9.620800204575062,67345.60143202543,17.95192555896329,-66.02518248048862,-41.94214,4,0,-0.0368,1,1
9.621100213378668,67347.70149365067,17.95190651314167,-66.02518442147024,-41.565926,4,0,0.3394,1,1
9.621100213378668,67347.70149365067,17.951906513831624,-66.02518441519767,-41.710926,4,0,0.1944,1,1
9.621100213378668,67347.70149365067,17.951906513833336,-66.0251844168676,-41.671894,4,0,0.2335,1,1
9.621400214731691,67349.80150312185,17.95188747208209,-66.02518633898347,-41.695656,4,0,0.2097,1,1
9.621600214391949,67351.20150074363,17.951874144557,-66.0251919913971,58.998394,0,0,100.9038,0,0
9.621900212019682,67353.30148413777,17.951855737915153,-66.02518955189427,-41.441868,4,0,0.4635,1,1
9.621900212019682,67353.30148413777,17.95185581868442,-66.02518899431989,-54.28611,3,0,-12.3807,3,3
9.623000234365463,67361.00164055824,17.95178593425675,-66.02519658504542,-41.382683,4,0,0.5227,1,1
9.623100232332945,67361.70162633061,17.9517795909495,-66.02519721257651,-41.628487,4,0,0.2769,1,1
9.623100232332945,67361.70162633061,17.951779589209725,-66.02519722414978,-41.362034,4,0,0.5433,1,1
9.623300231993198,67363.10162395239,17.951766978580274,-66.02519795477991,-53.92443,3,0,-12.0191,3,3
9.623600233346224,67365.20163342357,17.951747866500664,-66.02520040306437,-41.592384,4,0,0.313,1,1
9.624000202864408,67368.00142005086,17.951722488536124,-66.02520296194795,-41.35038,4,0,0.555,1,1
9.62410020455718,67368.70143190026,17.951716143199324,-66.0252036037541,-41.235233,4,0,0.6701,1,1
9.624500215053558,67371.50150537491,17.951690765895968,-66.02520614301423,-41.387756,4,0,0.5176,1,1
9.624500215053558,67371.50150537491,17.95169076698457,-66.02520613577437,-41.554436,4,0,0.3509,1,1
9.624900214374064,67374.30150061846,17.951665388923807,-66.02520868414123,-41.446808,4,0,0.4586,1,1
9.62510021403432,67375.70149824023,17.951652703249994,-66.02520993355216,-41.946083,4,0,-0.0407,1,1
9.625400222837923,67377.80155986547,17.95163366713171,-66.02521185700664,-41.537315,4,0,0.3681,1,1
9.625500224530697,67378.50157171488,17.95162732276184,-66.02521249091402,-41.56216,4,0,0.3432,1,1
9.625600222498178,67379.20155748725,17.951620977714494,-66.02521313004804,-41.463608,4,0,0.4418,1,1
9.625600222498178,67379.20155748725,17.951620978166464,-66.02521312704272,-41.532795,4,0,0.3726,1,1
9.625600222498178,67379.20155748725,17.951620977994292,-66.02521312818759,-41.50644,4,0,0.3989,1,1
9.626100223511456,67382.7015645802,17.9515892658901,-66.02521622551394,-43.2381,4,0,-1.3327,0,0
9.62620022520423,67383.4015764296,17.95158291060942,-66.02521693258834,-41.55826,4,0,0.3471,1,1
9.626400224864485,67384.80157405138,17.95157022094048,-66.02521820113823,-41.544548,4,0,0.3608,1,1
9.62680023536086,67387.60164752603,17.951544840838277,-66.02522073187681,-41.63462,4,0,0.2707,1,1
9.627000235021114,67389.0016451478,17.95153214943768,-66.02522200472747,-41.49174,4,0,0.4136,1,1
9.627000235021114,67389.0016451478,17.951532150144196,-66.02522200003067,-41.59987,4,0,0.3055,1,1
9.627200204879044,67390.40143415332,17.951519461784315,-66.02522326055778,-41.727318,4,0,0.1781,1,1
9.627300202846529,67391.10141992569,17.95151311639897,-66.02522389481904,-41.69649,4,0,0.2089,1,1
9.62750020250678,67392.50141754746,17.951500424086237,-66.02522516632473,-41.560917,4,0,0.3445,1,1
9.627700213342903,67393.90149340034,17.95148773160696,-66.02522643098179,-41.57555,4,0,0.3298,1,1
9.62790021300316,67395.30149102211,17.951475039378565,-66.02522769510723,-41.59192,4,0,0.3134,1,1
9.62800021469593,67396.00150287151,17.95146869308975,-66.02522832618077,-41.61989,4,0,0.2855,1,1
9.628200214356184,67397.40150049329,17.951455999792856,-66.02522959178505,-41.58931,4,0,0.3161,1,1
9.628200214356184,67397.40150049329,17.951456138328627,-66.02522863741765,-63.571716,3,0,-21.6663,0,0
9.628300212323666,67398.10148626566,17.951449653666952,-66.02523022040504,-41.66689,4,0,0.2385,1,1
9.628400214016438,67398.80149811506,17.951443305475138,-66.02523086018725,-41.48599,4,0,0.4194,1,1
9.628600213676693,67400.20149573684,17.951430611705018,-66.02523212029853,-41.565678,4,0,0.3397,1,1
9.628700215369465,67400.90150758624,17.951424264515687,-66.0252327502175,-41.60584,4,0,0.2995,1,1
9.629000224173067,67403.00156921148,17.951405220904764,-66.02523464523593,-41.59416,4,0,0.3112,1,1
9.629400223493576,67405.80156445503,17.951379827001826,-66.02523717654981,-41.44438,4,0,0.461,1,1
9.629500225186348,67406.50157630444,17.951373478728637,-66.02523780414127,-41.52331,4,0,0.3821,1,1
9.6297002248466,67407.90157392621,17.95136078034028,-66.02523906922008,-41.447666,4,0,0.4577,1,1
9.630300235003231,67412.10164502263,17.951322682553727,-66.0252428445723,-41.640812,4,0,0.2646,1,1
9.630400232970716,67412.801630795,17.951316330689743,-66.02524348520227,-41.404484,4,0,0.5009,1,1
9.6308002024889,67415.6014174223,17.951291037899477,-66.02524578662872,-46.427086,3,0,-4.5217,0,0
9.6308002024889,67415.6014174223,17.951291008185763,-66.02524599243165,-41.68652,4,0,0.2188,1,1
9.631000202149153,67417.00141504407,17.951278292269837,-66.02524726120687,-41.490234,4,0,0.4151,1,1
9.631600212305784,67421.20148614049,17.951240142812917,-66.02525103514223,-41.618187,4,0,0.2872,1,1
9.631700213998556,67421.9014979899,17.951233782554535,-66.02525167188438,-41.45678,4,0,0.4486,1,1
9.631700213998556,67421.9014979899,17.951233935575786,-66.02525061843617,-65.71988,3,0,-23.8145,0,0
9.631800211966038,67422.60148376226,17.951227423680596,-66.02525229931653,-41.50802,4,0,0.3973,1,1
9.632000215351582,67424.00150746107,17.951214703674392,-66.02525356105265,-41.450104,4,0,0.4553,1,1
9.632200215011837,67425.40150508285,17.95120198394611,-66.02525481572503,-41.550056,4,0,0.3553,1,1
9.632200215011837,67425.40150508285,17.95120198400028,-66.02525481536519,-41.55834,4,0,0.347,1,1
9.632200215011837,67425.40150508285,17.951201982552284,-66.02525482498368,-41.33692,4,0,0.5684,1,1
9.63240022212267,67426.80155485868,17.951189261568924,-66.02525607805192,-41.470886,4,0,0.4345,1,1
9.632900223135948,67430.30156195164,17.951157453426077,-66.02525922508062,-41.456783,4,0,0.4486,1,1
9.63300022482872,67431.00157380104,17.95115109204805,-66.02525984692905,-41.625595,4,0,0.2798,1,1
9.633100222796202,67431.70155957341,17.95114472751816,-66.02526048948732,-41.316357,4,0,0.589,1,1
9.633100222796202,67431.70155957341,17.951144728372423,-66.02526048381333,-41.446968,4,0,0.4584,1,1
9.633200224488974,67432.40157142282,17.95113836562916,-66.02526111117054,-41.487427,4,0,0.4179,1,1
9.633300233632326,67433.10163542628,17.951132000766997,-66.02526174770834,-41.316895,4,0,0.5885,1,1
9.633700232952831,67435.90163066983,17.951106545886983,-66.0252642609784,-41.379456,4,0,0.5259,1,1
9.633700232952831,67435.90163066983,17.951106548035625,-66.02526424502982,-41.747166,4,0,0.1582,1,1
9.633900232613088,67437.3016282916,17.951093817684416,-66.02526551175639,-41.541824,4,0,0.3635,1,1
9.634100202471018,67438.70141729712,17.95108108958427,-66.02526676645813,-41.60761,4,0,0.2978,1,1
9.634400203824043,67440.8014267683,17.95106199109262,-66.02526865804211,-41.48951,4,0,0.4159,1,1
9.634600203484297,67442.20142439008,17.951049257987275,-66.0252699154606,-41.492153,4,0,0.4132,1,1
9.63470021262765,67442.90148839355,17.951042890812506,-66.02527054161051,-41.553158,4,0,0.3522,1,1
9.635100211948156,67445.7014836371,17.951017418759502,-66.0252730651484,-41.35259,4,0,0.5528,1,1
9.635200213640928,67446.4014954865,17.95101105098503,-66.02527368893578,-41.46539,4,0,0.44,1,1
9.6353002153337,67447.1015073359,17.95100468256279,-66.02527431512235,-41.522736,4,0,0.3826,1,1
9.6353002153337,67447.1015073359,17.951004682119883,-66.0252743180635,-41.455036,4,0,0.4503,1,1
9.635400213301182,67447.80149310827,17.95099725313328,-66.02528223832479,126.47872,0,0,168.3841,0,0
9.635600224137306,67449.20156896114,17.95098557301571,-66.02527620910035,-41.3393,4,0,0.5661,1,1
9.635600224137306,67449.20156896114,17.950985573218286,-66.02527620775516,-41.370262,4,0,0.5351,1,1
9.635700222104788,67449.90155473351,17.95097920549726,-66.02527682151249,-41.713097,4,0,0.1923,1,1
9.635900225490332,67451.30157843232,17.950966464846683,-66.02527807810112,-41.72914,4,0,0.1762,1,1
9.636000223457811,67452.0015642047,17.950960094161616,-66.0252787091267,-41.673073,4,0,0.2323,1,1
9.636100225150583,67452.7015760541,17.950953722044027,-66.02527934450485,-41.51791,4,0,0.3875,1,1
9.636100225150583,67452.7015760541,17.95095395728642,-66.0252777254017,-78.806335,3,0,-36.901,0,0
9.63630022481084,67454.10157367587,17.950940980093232,-66.02528059584752,-41.653915,4,0,0.2515,1,1
9.63640022277832,67454.80155944824,17.950934607499462,-66.02528123013768,-41.523304,4,0,0.3821,1,1
9.63640022277832,67454.80155944824,17.95093460725345,-66.02528123177119,-41.485703,4,0,0.4197,1,1
9.636500224471092,67455.50157129765,17.950928234119527,-66.02528186615655,-41.353504,4,0,0.5519,1,1
9.636800233274698,67457.60163292289,17.95090911697907,-66.02528374109329,-41.607613,4,0,0.2978,1,1
9.637100234627724,67459.70164239407,17.950889995002676,-66.02528563326645,-41.465584,4,0,0.4398,1,1
9.637200232595204,67460.40162816644,17.95088362090047,-66.02528626201605,-41.463665,4,0,0.4417,1,1
9.637300234287975,67461.10164001584,17.950877326248175,-66.02528633960955,-54.15585,4,0,-12.2505,3,3
9.637300234287975,67461.10164001584,17.95087724577174,-66.02528689407809,-41.38629,4,0,0.5191,1,1
9.637500204145908,67462.50142902136,17.950864507596496,-66.02528808275332,-42.965343,4,0,-1.06,0,0
9.637800205498934,67464.60143849254,17.95084537310496,-66.0252900192067,-41.808926,4,0,0.0964,1,1
9.638400215655563,67468.80150958896,17.950807113722327,-66.02529376920045,-42.338444,4,0,-0.4331,0,0
9.63860021531582,67470.20150721073,17.950794353844643,-66.02529504996554,-41.810123,4,0,0.0952,1,1
9.6387002132833,67470.9014929831,17.9507879734245,-66.02529569307674,-41.483128,4,0,0.4222,1,1
9.638800214976072,67471.6015048325,17.950781607663497,-66.02529623033158,-43.59551,4,0,-1.6901,0,0
9.638800214976072,67471.6015048325,17.950781594299826,-66.02529632240977,-41.47497,4,0,0.4304,1,1
9.638800214976072,67471.6015048325,17.950781595276922,-66.02529631592272,-41.624283,4,0,0.2811,1,1
9.638900212943554,67472.30149060488,17.950775294627718,-66.0252964037306,-54.087463,4,0,-12.1821,3,3
9.638900212943554,67472.30149060488,17.950775214586972,-66.02529695525772,-41.38597,4,0,0.5194,1,1
9.639000214636326,67473.00150245428,17.95076883690168,-66.02529756946988,-41.727657,4,0,0.1777,1,1
9.639300223439932,67475.10156407952,17.950749773421833,-66.0252989235829,-54.006092,4,0,-12.1007,3,3
9.639600224792956,67477.2015735507,17.950730551601914,-66.02530135318874,-41.521935,4,0,0.3834,1,1
9.63970022276044,67477.90155932307,17.95072416993895,-66.0253019834999,-41.496864,4,0,0.4085,1,1
9.63980022445321,67478.60157117248,17.950717878109128,-66.0253019916931,-55.80002,3,0,-13.8947,0,0
9.639900222420692,67479.30155694485,17.95071140729812,-66.02530323012707,-41.77261,4,0,0.1328,1,1
9.640400234609842,67482.8016422689,17.950679489319004,-66.02530639024748,-41.473457,4,0,0.4319,1,1
9.640500232577324,67483.50162804127,17.95067310528246,-66.02530702100985,-41.44482,4,0,0.4605,1,1
9.640700232237576,67484.90162566304,17.95066033813794,-66.02530826744966,-41.738705,4,0,0.1667,1,1
9.64080023393035,67485.60163751245,17.950653952268436,-66.0253089048226,-41.56074,4,0,0.3446,1,1
9.641100205481052,67487.70143836737,17.9506347983438,-66.02531079016349,-41.64611,4,0,0.2593,1,1
9.641400203108788,67489.80142176151,17.95061563814566,-66.02531268942182,-41.424377,4,0,0.481,1,1
9.641400203108788,67489.80142176151,17.950615641844117,-66.02531266319214,-42.028664,4,0,-0.1233,1,1
9.64150020480156,67490.50143361092,17.9506092561843,-66.02531328439879,-42.23071,4,0,-0.3253,1,1
9.641600213944912,67491.20149761438,17.950602875544362,-66.0253138656401,-43.355377,4,0,-1.45,0,0
9.641700215637684,67491.90150946379,17.950596476371878,-66.02531457620748,-41.50179,4,0,0.4036,1,1
9.642300214618444,67496.10150232911,17.95055814740062,-66.02531834545957,-41.78444,4,0,0.1209,1,1
9.642400223761795,67496.80156633258,17.950551836851027,-66.02531843003062,-54.355644,4,0,-12.4503,3,3
9.642500225454569,67497.50157818198,17.950545367361556,-66.02531960960061,-41.711586,4,0,0.1938,1,1
9.642800223082304,67499.60156157613,17.950526270337555,-66.02532099393288,-53.39797,4,0,-11.4926,3,3
9.642800223082304,67499.60156157613,17.95052619563192,-66.02532150830747,-41.553,4,0,0.3524,1,1
9.642800223082304,67499.60156157613,17.95052643628184,-66.02531985375386,-79.65294,0,0,-37.7476,0,0
9.642900224775076,67500.30157342553,17.95051980474607,-66.02532213881695,-41.55813,4,0,0.3472,1,1
9.64310022443533,67501.7015710473,17.950507020695643,-66.02532341123039,-41.309658,4,0,0.5957,1,1
9.643200222402813,67502.40155681968,17.950500648108967,-66.0253239115134,-44.317287,4,0,-2.4119,0,0
9.643300224095585,67503.10156866908,17.950494238680626,-66.02532466312697,-41.538902,4,0,0.3665,1,1
9.643300224095585,67503.10156866908,17.950494238505694,-66.0253246642882,-41.512177,4,0,0.3932,1,1
9.643800232559444,67506.6016279161,17.950462273334693,-66.02532782714577,-41.349373,4,0,0.556,1,1
9.644600205123425,67512.20143586397,17.950411120524592,-66.02533287366154,-41.4841,4,0,0.4213,1,1
9.645100213587284,67515.70149511099,17.95037913853576,-66.02533603998212,-41.341267,4,0,0.5641,1,1
9.645200215280056,67516.40150696039,17.950372743739766,-66.02533665782099,-41.6726,4,0,0.2328,1,1
9.645600214600565,67519.20150220394,17.950347153385444,-66.02533919030864,-41.606915,4,0,0.2985,1,1
9.645700212568045,67519.90148797631,17.95034075336071,-66.02533983663548,-41.29048,4,0,0.6149,1,1
9.645700212568045,67519.90148797631,17.95034075783235,-66.02533980527349,-42.012844,4,0,-0.1075,1,1
9.645900212228298,67521.30148559809,17.95032795841706,-66.02534108926527,-41.584442,4,0,0.3209,1,1
9.64600022509694,67522.00157567859,17.950321557832797,-66.02534172852084,-41.4381,4,0,0.4673,1,1
9.646100223064424,67522.70156145096,17.950315161152684,-66.02534234491998,-41.817944,4,0,0.0874,1,1
9.646100223064424,67522.70156145096,17.95031516007717,-66.02534235373719,-41.614437,4,0,0.2909,1,1
9.646200224757196,67523.40157330036,17.950308759308488,-66.02534299591065,-41.402824,4,0,0.5025,1,1
9.64650022238493,67525.50155669451,17.95028956129026,-66.02534488827075,-41.56371,4,0,0.3417,1,1
9.646700225770472,67526.90158039331,17.950276761380735,-66.02534614869681,-41.707066,4,0,0.1983,1,1
9.646800223737957,67527.60156616569,17.950270360754182,-66.02534678111199,-41.730827,4,0,0.1745,1,1
9.646800223737957,67527.60156616569,17.950270360363735,-66.02534678538142,-41.631985,4,0,0.2734,1,1
9.646900225430729,67528.30157801509,17.950263958689323,-66.02534742345914,-41.52721,4,0,0.3782,1,1
9.64700023457408,67529.00164201856,17.950257556776442,-66.02534805860047,-41.492935,4,0,0.4124,1,1
9.64700023457408,67529.00164201856,17.950257668590268,-66.02534728947292,-59.20285,4,0,-17.2975,0,0
9.64710023254156,67529.70162779093,17.950251165803543,-66.02534862104915,-43.13298,4,0,-1.2276,0,0
9.64710023254156,67529.70162779093,17.950251155890538,-66.02534869021268,-41.540092,4,0,0.3653,1,1
9.647200234234331,67530.40163964033,17.950244755558526,-66.02534931353247,-41.781067,4,0,0.1243,1,1
9.647300235927103,67531.10165148973,17.950238353062165,-66.02534995320795,-41.646328,4,0,0.259,1,1
9.647400233894588,67531.8016372621,17.950231950269753,-66.02535059337521,-41.502182,4,0,0.4032,1,1
9.647500235587358,67532.50164911151,17.950225547051296,-66.02535123346667,-41.3622,4,0,0.5432,1,1
9.64760023355484,67533.20163488388,17.950219163987974,-66.02535173494827,-44.415234,4,0,-2.5099,0,0
9.647700235247612,67533.90164673328,17.95021274324182,-66.02535249377912,-41.544647,4,0,0.3607,1,1
9.64830020442605,67538.10143098235,17.95017434172995,-66.025356184831,-44.204052,4,0,-2.2987,0,0
9.648400213569404,67538.80149498582,17.950167919943908,-66.0253569385282,-41.466175,4,0,0.4392,1,1
9.648600213229656,67540.2014926076,17.950155194915947,-66.02535763285717,-54.71542,4,0,-12.8101,3,3
9.648600213229656,67540.2014926076,17.95015511092194,-66.02535821061869,-41.412216,4,0,0.4932,1,1
9.648700214922428,67540.901504457,17.950148706330864,-66.02535884460677,-41.435787,4,0,0.4696,1,1
9.648700214922428,67540.901504457,17.950148766452347,-66.02535843036449,-50.974117,4,0,-9.0687,0,0
9.64880021288991,67541.60149022937,17.950142301169073,-66.02535948275462,-41.365055,4,0,0.5403,1,1
9.64880021288991,67541.60149022937,17.950142380915793,-66.0253589348642,-53.98021,4,0,-12.0748,3,3
9.649000212550163,67543.00148785114,17.950129490648123,-66.02536075528302,-41.316753,4,0,0.5886,1,1
9.649000212550163,67543.00148785114,17.950129491587873,-66.02536074904397,-41.460335,4,0,0.445,1,1
9.649100214242935,67543.70149970055,17.95012308560044,-66.02536138762014,-41.386223,4,0,0.5191,1,1
9.649100214242935,67543.70149970055,17.950123086971878,-66.02536137851503,-41.59576,4,0,0.3096,1,1
9.649500224739311,67546.50157317519,17.950097461873224,-66.02536392762202,-41.439423,4,0,0.4659,1,1
9.649600222706797,67547.20155894756,17.95009105560605,-66.02536456404786,-41.424248,4,0,0.4811,1,1
9.649800222367048,67548.60155656934,17.95007824260387,-66.02536583523269,-41.438854,4,0,0.4665,1,1
9.649800222367048,67548.60155656934,17.950078244034536,-66.02536582573414,-41.65744,4,0,0.2479,1,1
9.650000225752592,67550.00158026814,17.95006542878019,-66.0253671061147,-41.46906,4,0,0.4363,1,1
9.650500234216452,67553.50163951516,17.95003339057769,-66.02537028984341,-41.43002,4,0,0.4753,1,1
9.650700233876703,67554.90163713694,17.950020642327345,-66.02537152650865,-41.589005,4,0,0.3164,1,1
9.651400204747915,67559.8014332354,17.949975751609994,-66.02537599851371,-41.6301,4,0,0.2753,1,1
9.652000214904549,67564.00150433183,17.94993726548421,-66.02537984108345,-41.5325,4,0,0.3729,1,1
9.652100212872028,67564.7014901042,17.949930850684378,-66.02538048350321,-41.476814,4,0,0.4286,1,1
9.652300212532282,67566.10148772597,17.949918021854927,-66.02538175967544,-41.571327,4,0,0.334,1,1
9.652300212532282,67566.10148772597,17.94991802229762,-66.02538175673595,-41.638973,4,0,0.2664,1,1
9.652400214225054,67566.80149957538,17.949911606802115,-66.02538240026163,-41.564247,4,0,0.3411,1,1
9.65270022302866,67568.90156120062,17.949892361010647,-66.02538432107654,-41.576855,4,0,0.3285,1,1
9.65270022302866,67568.90156120062,17.949892361944105,-66.02538431487814,-41.719494,4,0,0.1859,1,1
9.652800224721432,67569.60157305002,17.94988594567471,-66.02538496121937,-41.58767,4,0,0.3177,1,1
9.653100222349169,67571.70155644417,17.949866699105804,-66.02538688539137,-41.544205,4,0,0.3612,1,1
9.65320022404194,67572.40156829357,17.94986028027698,-66.02538754672234,-41.074966,4,0,0.8304,0,0
9.65320022404194,67572.40156829357,17.9498602830694,-66.02538752817931,-41.501675,4,0,0.4037,1,1
9.65330022573471,67573.10158014297,17.94985387181063,-66.02538813711101,-42.24069,4,0,-0.3353,0,0
9.65330022573471,67573.10158014297,17.94985386700044,-66.02538817073113,-41.46644,4,0,0.4389,1,1
9.653500225394964,67574.50157776475,17.949841035022047,-66.02538945506174,-41.41874,4,0,0.4866,1,1
9.653600223362446,67575.20156353712,17.949834619827136,-66.02539009213478,-41.51454,4,0,0.3908,1,1
9.653600223362446,67575.20156353712,17.949834619972403,-66.02539009117015,-41.53674,4,0,0.3686,1,1
9.6538002230227,67576.6015611589,17.949821787491587,-66.02539137653895,-41.47607,4,0,0.4293,1,1
9.653900235891342,67577.3016512394,17.94981537166624,-66.0253920100384,-41.66197,4,0,0.2434,1,1
9.654000233858824,67578.00163701177,17.949808953995436,-66.02539266217894,-41.41824,4,0,0.4871,1,1
9.654100235551596,67578.70164886117,17.94980253912301,-66.02539329387766,-41.647232,4,0,0.2581,1,1
9.654200233519076,67579.40163463354,17.9497961233156,-66.02539393307399,-41.704906,4,0,0.2005,1,1
9.65440023317933,67580.80163225532,17.949783289306662,-66.02539522505593,-41.513332,4,0,0.392,1,1
9.654600203037262,67582.20142126083,17.94977045807905,-66.0253965102095,-41.4814,4,0,0.424,1,1
9.654900204390287,67584.30143073201,17.94975120902485,-66.02539843180867,-41.594234,4,0,0.3111,1,1
9.65500020608306,67585.00144258142,17.94974479299267,-66.02539906775748,-41.741467,4,0,0.1639,1,1
9.655200213193892,67586.40149235725,17.949731959599433,-66.0254003499923,-41.802395,4,0,0.103,1,1
9.655300214886664,67587.10150420666,17.949725541798387,-66.02540100080226,-41.611423,4,0,0.2939,1,1
9.655300214886664,67587.10150420666,17.949725542205417,-66.02540099809892,-41.67363,4,0,0.2317,1,1
9.655700214207172,67589.9014994502,17.949699874800263,-66.02540357228736,-41.595623,4,0,0.3097,1,1
9.655700214207172,67589.9014994502,17.94969987413007,-66.0254035767386,-41.493195,4,0,0.4122,1,1
9.656000215560198,67592.00150892138,17.94968067761834,-66.0254051345166,-50.036263,3,0,-8.1309,0,0
9.656000215560198,67592.00150892138,17.949680626141433,-66.02540548816616,-41.894283,4,0,0.0111,1,1
9.656000215560198,67592.00150892138,17.949680707725665,-66.02540492783507,-54.794575,4,0,-12.8892,3,3
9.656000215560198,67592.00150892138,17.94968062424705,-66.02540550242665,-41.565548,4,0,0.3398,1,1
9.65610021352768,67592.70149469376,17.949674208619697,-66.02540613887561,-41.71774,4,0,0.1876,1,1
9.656300224363804,67594.10157054663,17.949661373364822,-66.02540743243176,-41.55353,4,0,0.3518,1,1
9.656400226056576,67594.80158239603,17.94965504068907,-66.02540749659045,-54.88684,4,0,-12.9815,3,3
9.656900223344564,67598.30156341195,17.949622875187707,-66.02541127877075,-41.882427,4,0,0.0229,1,1
9.657100223004818,67599.70156103373,17.949610040268695,-66.02541257967998,-41.570255,4,0,0.3351,1,1
9.657500233501196,67602.50163450837,17.949584373316398,-66.02541515792737,-41.507904,4,0,0.3975,1,1
9.657600235193968,67603.20164635777,17.9495779583768,-66.02541579011863,-41.780838,4,0,0.1245,1,1
9.65780023485422,67604.60164397955,17.949565124641875,-66.02541708787184,-41.560528,4,0,0.3448,1,1
9.65780023485422,67604.60164397955,17.94956512627546,-66.02541707534222,-41.84943,4,0,0.0559,1,1
9.657900232821705,67605.30162975192,17.94955870955544,-66.02541772379685,-41.75098,4,0,0.1544,1,1
9.658000234514477,67606.00164160132,17.949552293394657,-66.02541836908456,-41.72668,4,0,0.1787,1,1
9.658200204372406,67607.40143060684,17.94953946245899,-66.02541966253844,-41.6119,4,0,0.2935,1,1
9.65840020403266,67608.80142822862,17.949526630563568,-66.02542095179585,-41.603172,4,0,0.3022,1,1
9.658800214529036,67611.60150170326,17.9495009668343,-66.02542353156662,-41.573257,4,0,0.3321,1,1
9.65890021249652,67612.30148747563,17.949494300425698,-66.02542590260704,-1.8289673,0,0,40.0764,0,0
9.659200213849545,67614.40149694681,17.9494753055688,-66.02542610902162,-41.61401,4,0,0.2914,1,1
9.659300215542316,67615.10150879622,17.94946889046739,-66.02542675276055,-41.641735,4,0,0.2636,1,1
9.65950021520257,67616.50150641799,17.949456059787554,-66.02542804650682,-41.556007,4,0,0.3494,1,1
9.659700226038694,67617.90158227086,17.949443230047436,-66.02542933258965,-41.652428,4,0,0.2529,1,1
9.659800224006176,67618.60156804323,17.949436815096487,-66.02542998038186,-41.591835,4,0,0.3135,1,1
9.6601002253592,67620.70157751441,17.94941757173642,-66.02543191524283,-41.613438,4,0,0.2919,1,1
9.660300225019457,67622.10157513618,17.949404743337308,-66.02543320622527,-41.608063,4,0,0.2973,1,1
9.660300225019457,67622.10157513618,17.94940474327775,-66.02543320662093,-41.59896,4,0,0.3064,1,1
9.660400222986937,67622.80156090856,17.949398331929217,-66.02543383349605,-42.026447,4,0,-0.1211,1,1
9.66060023382306,67624.20163676143,17.949385501102004,-66.02543514256479,-41.611942,4,0,0.2934,1,1
9.66110023483634,67627.70164385438,17.94935343362304,-66.02543837364854,-41.546844,4,0,0.3585,1,1
9.661500204354525,67630.50143048167,17.949327785174354,-66.02544095161804,-41.665115,4,0,0.2403,1,1
9.661700204014778,67631.90142810345,17.94931496084156,-66.02544224095263,-41.723576,4,0,0.1818,1,1
9.662000205367804,67634.00143757463,17.94929572405434,-66.02544418373809,-41.615604,4,0,0.2898,1,1
9.662000205367804,67634.00143757463,17.94929580719499,-66.02544361116205,-54.797493,4,0,-12.8921,3,3
9.66230021417141,67636.10149919987,17.949276489678137,-66.02544611478332,-41.7868,4,0,0.1186,1,1
9.662400215864182,67636.80151104927,17.94927007818168,-66.02544676377772,-41.722115,4,0,0.1833,1,1
9.662500213831663,67637.50149682164,17.94926366726532,-66.02544740990584,-41.72416,4,0,0.1812,1,1
9.662600215524437,67638.20150867105,17.94925725570548,-66.0254480598629,-41.639385,4,0,0.266,1,1
9.662700213491917,67638.90149444342,17.949250844868462,-66.02544870770775,-41.603382,4,0,0.302,1,1
9.662800215184689,67639.60150629282,17.949244433526676,-66.02544935848415,-41.501186,4,0,0.4042,1,1
9.663200225681068,67642.40157976747,17.94921879361297,-66.02545193541907,-41.701996,4,0,0.2034,1,1
9.66340022534132,67643.80157738924,17.949205973250553,-66.02545323606087,-41.5254,4,0,0.38,1,1
9.663500223308802,67644.50156316161,17.949199564450755,-66.02545387980574,-41.589085,4,0,0.3163,1,1
9.663600225001574,67645.20157501101,17.949193153856083,-66.02545453514412,-41.38718,4,0,0.5182,1,1
9.663700222969055,67645.90156078339,17.949186746902917,-66.02545516908623,-41.67765,4,0,0.2277,1,1
9.66400022432208,67648.00157025456,17.949167521425398,-66.02545710433502,-41.785244,4,0,0.1201,1,1
9.664300233125688,67650.1016318798,17.94914835624141,-66.02545863555818,-51.199482,3,0,-9.2941,0,0
9.66440023481846,67650.80164372921,17.949141886980332,-66.02545970605838,-41.444263,4,0,0.4611,1,1
9.664600234478712,67652.20164135098,17.949129072130564,-66.02546100052628,-41.423515,4,0,0.4819,1,1
9.664600234478712,67652.20164135098,17.949129072390697,-66.02546099879754,-41.463295,4,0,0.4421,1,1
9.664900206029415,67654.3014422059,17.94910985365386,-66.02546293874484,-41.472115,4,0,0.4333,1,1
9.665000203996897,67655.00142797828,17.949103447962678,-66.02546358129794,-41.57136,4,0,0.334,1,1
9.66520020365715,67656.40142560005,17.949090717474533,-66.02546431080452,-54.562897,4,0,-12.6575,3,3
9.665400214493276,67657.80150145292,17.949077823217173,-66.02546617022251,-41.545277,4,0,0.3601,1,1
9.665400214493276,67657.80150145292,17.94907782449606,-66.02546616004443,-41.780052,4,0,0.1253,1,1
9.665600214153528,67659.2014990747,17.949065011379084,-66.02546747206827,-41.363968,4,0,0.5414,1,1
9.665800213813782,67660.60149669647,17.949052204064227,-66.02546874784342,-41.78471,4,0,0.1207,1,1
9.665900215506554,67661.30150854588,17.949045797223665,-66.02546941076652,-41.41901,4,0,0.4864,1,1
9.666000213474035,67662.00149431825,17.949039393080405,-66.02547005708472,-41.43578,4,0,0.4696,1,1
9.666200213134289,67663.40149194002,17.949026611711265,-66.02547116690012,-45.67982,2,0,-3.7745,0,0
9.66630021482706,67664.10150378942,17.94902018275479,-66.02547198762929,-41.682846,4,0,0.2225,1,1
9.666400212794542,67664.8014895618,17.949013779273713,-66.0254726353658,-41.66838,4,0,0.237,1,1
9.666400212794542,67664.8014895618,17.949013777754878,-66.02547264545959,-41.43613,4,0,0.4692,1,1
9.66670022532344,67666.90157726407,17.94899456935491,-66.02547457613022,-41.68594,4,0,0.2194,1,1
9.66680022329092,67667.60156303644,17.94898816720717,-66.02547522092226,-41.74048,4,0,0.1649,1,1
9.66680022329092,67667.60156303644,17.948988166194397,-66.0254752276529,-41.585617,4,0,0.3198,1,1
9.666900224983692,67668.30157488585,17.94898176464989,-66.02547586836823,-41.734802,4,0,0.1706,1,1
9.667000222951174,67669.00156065822,17.94897544224697,-66.02547596603168,-54.38572,4,0,-12.4804,3,3
9.667200226336718,67670.40158435702,17.948962558874054,-66.0254778069984,-41.804787,4,0,0.1006,1,1
9.6673002243042,67671.1015701294,17.94895616780766,-66.0254783839833,-43.421448,4,0,-1.5161,0,0
9.667400233447552,67671.80163413286,17.948949754834228,-66.02547910843262,-41.645298,4,0,0.2601,1,1
9.667500235140324,67672.50164598227,17.948943434013515,-66.02547920158113,-54.401897,4,0,-12.4965,3,3
9.667700234800575,67673.90164360404,17.948930552257877,-66.02548105024547,-41.64524,4,0,0.2601,1,1
9.66780023276806,67674.60162937641,17.94892423064634,-66.02548115480009,-54.139503,4,0,-12.2341,3,3
9.66780023276806,67674.60162937641,17.948924152626617,-66.02548169346312,-41.738564,4,0,0.1668,1,1
9.668100234121084,67676.70163884759,17.948904952508517,-66.02548363693067,-41.703262,4,0,0.2021,1,1
9.668100234121084,67676.70163884759,17.948904951220126,-66.02548364549324,-41.50625,4,0,0.3991,1,1
9.668200235813856,67677.401650697,17.948898552225074,-66.02548428909758,-41.592037,4,0,0.3133,1,1
9.668400205671787,67678.80143970251,17.948885756732768,-66.02548557840697,-41.710835,4,0,0.1945,1,1
9.668400205671787,67678.80143970251,17.94888575686859,-66.02548557750428,-41.731606,4,0,0.1738,1,1
9.66860020533204,67680.20143732429,17.948872958149465,-66.02548688200818,-41.50592,4,0,0.3994,1,1
9.66860020533204,67680.20143732429,17.948872958321918,-66.02548688086206,-41.53229,4,0,0.3731,1,1
9.66860020533204,67680.20143732429,17.948872959153846,-66.02548687533312,-41.659504,4,0,0.2459,1,1
9.66900021582842,67683.00151079893,17.948847364254778,-66.02548948155894,-41.27564,4,0,0.6297,1,1
9.669200215488672,67684.4015084207,17.948834572836244,-66.02549075466932,-41.774586,4,0,0.1308,1,1
9.669200215488672,67684.4015084207,17.948834571285403,-66.02549076665558,-41.498215,4,0,0.4072,1,1
9.669500213116407,67686.50149181485,17.948815381639637,-66.02549270816348,-41.513718,4,0,0.3917,1,1
9.66970021277666,67687.90148943663,17.94880259038937,-66.02549399759354,-41.63769,4,0,0.2677,1,1
9.669800214469433,67688.60150128603,17.948796194578744,-66.02549464512991,-41.635178,4,0,0.2702,1,1
9.669800214469433,67688.60150128603,17.948796194208676,-66.02549464758935,-41.57859,4,0,0.3268,1,1
9.669900223612784,67689.3015652895,17.94878979867679,-66.02549529173398,-41.655315,4,0,0.2501,1,1
9.67010022327304,67690.70156291127,17.948777089006967,-66.02549603146345,-54.434628,4,0,-12.5293,3,3
9.670300222933292,67692.10156053305,17.94876421984043,-66.02549787615048,-41.777653,4,0,0.1277,1,1
9.670300222933292,67692.10156053305,17.94876421901451,-66.02549788331889,-41.612137,4,0,0.2932,1,1
9.670500226318836,67693.50158423185,17.948751430290525,-66.02549917966996,-41.578632,4,0,0.3267,1,1
9.67070022597909,67694.90158185363,17.94873847663732,-66.02550049976425,-41.809994,4,0,0.0954,1,1
9.670800223946571,67695.601567626,17.948732175326604,-66.0255005910099,-54.558266,4,0,-12.6529,3,3
9.670800223946571,67695.601567626,17.94873209432744,-66.02550114950867,-41.701233,4,0,0.2041,1,1
9.670900225639343,67696.3015794754,17.948725711419822,-66.02550180204595,-41.529152,4,0,0.3762,1,1
9.670900225639343,67696.3015794754,17.94872571229336,-66.02550179624018,-41.662735,4,0,0.2426,1,1
9.671000234782696,67697.00164347887,17.948719329814363,-66.02550244440324,-41.592426,4,0,0.3129,1,1
9.671500235795977,67700.50165057182,17.948687505301113,-66.02550512285991,-54.18065,4,0,-12.2753,3,3
9.671500235795977,67700.50165057182,17.94868742540546,-66.02550567400499,-41.492897,4,0,0.4125,1,1
9.67190020531416,67703.30143719912,17.948661910419744,-66.02550823908842,-41.838364,4,0,0.067,1,1
9.67200020328164,67704.00142297149,17.948655529983817,-66.02550889492485,-41.589947,4,0,0.3154,1,1
9.67250021547079,67707.50150829554,17.948623683387485,-66.0255117957581,-49.06505,2,0,-7.1597,0,0
9.672700215131044,67708.90150591731,17.948610881282193,-66.02551340574209,-41.70415,4,0,0.2012,1,1
9.672800213098526,67709.60149168968,17.94860450467442,-66.02551404340629,-41.87616,4,0,0.0292,1,1
9.673100214451551,67711.70150116086,17.948585371531394,-66.02551598946067,-41.6314,4,0,0.274,1,1
9.673200216144323,67712.40151301026,17.948578994451584,-66.02551663525219,-41.617172,4,0,0.2882,1,1
9.67350022494793,67714.5015746355,17.948559866988013,-66.02551855123993,-42.069035,4,0,-0.1637,1,1
9.673700224608185,67715.90157225728,17.948547112991573,-66.02551985300715,-41.80807,4,0,0.0973,1,1
9.673900224268436,67717.30156987906,17.94853437638856,-66.02552104062923,-44.175297,4,0,-2.2699,0,0
9.67410022392869,67718.70156750083,17.948521609747775,-66.02552244038904,-41.659977,4,0,0.2454,1,1
9.674200225621462,67719.40157935023,17.94851523356548,-66.0255230910427,-41.536495,4,0,0.3689,1,1
9.674300223588943,67720.1015651226,17.948508937543565,-66.02552319309603,-54.04106,4,0,-12.1357,3,3
9.674300223588943,67720.1015651226,17.94850885918912,-66.0255237322259,-41.630665,4,0,0.2747,1,1
9.674400236457586,67720.8016552031,17.94850256345196,-66.02552382545234,-54.341423,4,0,-12.4361,3,3
9.674400236457586,67720.8016552031,17.948502483520617,-66.02552437673594,-41.650826,4,0,0.2545,1,1
9.674500234425068,67721.50164097548,17.94849610964128,-66.02552501483102,-41.817287,4,0,0.0881,1,1
9.67460023611784,67722.20165282488,17.948489734489765,-66.02552566410095,-41.726364,4,0,0.179,1,1
9.675000235438349,67725.00164806843,17.94846423670252,-66.025528247622,-41.679485,4,0,0.2259,1,1
9.675100233405828,67725.7016338408,17.948457863174177,-66.02552888859391,-41.78195,4,0,0.1234,1,1
9.67530020326376,67727.10142284632,17.94844511665498,-66.02553018525586,-41.643852,4,0,0.2615,1,1
9.67530020326376,67727.10142284632,17.948445116175442,-66.02553018844218,-41.57054,4,0,0.3348,1,1
9.675400204956532,67727.80143469572,17.948438744979352,-66.02553081470208,-42.013275,4,0,-0.1079,1,1
9.675500202924011,67728.50142046809,17.948432370736537,-66.02553146517793,-41.898163,4,0,0.0072,1,1
9.675500202924011,67728.50142046809,17.948432368717036,-66.025531480275,-41.550236,4,0,0.3551,1,1
9.675700213760138,67729.90149632096,17.948419622439253,-66.0255327624833,-41.754784,4,0,0.1506,1,1
9.675700213760138,67729.90149632096,17.948419621437203,-66.02553276914114,-41.601604,4,0,0.3038,1,1
9.675900213420393,67731.30149394274,17.948406875643485,-66.02553405551585,-41.710472,4,0,0.1949,1,1
9.676000215113165,67732.00150579214,17.948400501062306,-66.02553471008893,-41.503944,4,0,0.4014,1,1
9.676100213080645,67732.70149156451,17.94839412971957,-66.02553534531992,-41.74236,4,0,0.163,1,1
9.676200214773417,67733.40150341392,17.948387756670478,-66.02553599093619,-41.74289,4,0,0.1625,1,1
9.676300216466188,67734.10151526332,17.948381382633524,-66.02553664369748,-41.579548,4,0,0.3258,1,1
9.676300216466188,67734.10151526332,17.94838138325871,-66.02553663954373,-41.675114,4,0,0.2303,1,1
9.67640021443367,67734.80150103569,17.948375090456153,-66.02553673408913,-54.36181,4,0,-12.4564,3,3
9.676700215786695,67736.90151050687,17.948355891736224,-66.0255392279149,-41.54781,4,0,0.3576,1,1
9.67690022289753,67738.3015602827,17.948342569367135,-66.02554449063685,49.864384,0,0,91.7698,0,0
9.67690022289753,67738.3015602827,17.948343145783788,-66.02554052347826,-41.456768,4,0,0.4486,1,1
9.677000224590302,67739.00157213211,17.948336775339804,-66.02554115421033,-41.80468,4,0,0.1007,1,1
9.677200224250557,67740.40156975389,17.948324109268068,-66.02554190633312,-54.225273,4,0,-12.3199,3,3
9.677400223910809,67741.80156737566,17.948311284367016,-66.02554375378598,-41.43486,4,0,0.4705,1,1
9.677400223910809,67741.80156737566,17.94831128389243,-66.02554375693884,-41.362324,4,0,0.543,1,1
9.67750022560358,67742.50157922506,17.94830491220524,-66.02554439953539,-41.43973,4,0,0.4656,1,1
9.677600223571062,67743.20156499743,17.948298542132015,-66.02554503328989,-41.720646,4,0,0.1847,1,1
9.677800234407188,67744.6016408503,17.94828579859368,-66.02554631634551,-41.929558,4,0,-0.0242,1,1
9.67800023406744,67746.00163847208,17.94827313248876,-66.02554707395572,-54.234035,4,0,-12.3287,3,3
9.67850023508072,67749.50164556503,17.948241275012613,-66.02555029397443,-54.485,4,0,-12.5796,3,3
9.678600203245878,67750.20142272115,17.948234823995257,-66.02555150019907,-41.590866,4,0,0.3145,1,1
9.678800206631422,67751.60144641995,17.94822208022493,-66.02555279343123,-41.578106,4,0,0.3273,1,1
9.678900204598904,67752.30143219233,17.94821570900167,-66.02555343733121,-41.634804,4,0,0.2706,1,1
9.679000206291676,67753.00144404173,17.948209336344206,-66.02555408926591,-41.50798,4,0,0.3974,1,1
9.679100204259155,67753.7014298141,17.948202966123798,-66.02555472660715,-41.717133,4,0,0.1882,1,1
9.679100204259155,67753.7014298141,17.94820296595602,-66.0255547277216,-41.691494,4,0,0.2139,1,1
9.67920021340251,67754.40149381757,17.948196592321093,-66.0255553831092,-41.48792,4,0,0.4174,1,1
9.679600216448309,67757.20151513815,17.948171107398764,-66.02555795248367,-41.87795,4,0,0.0274,1,1
9.679600216448309,67757.20151513815,17.94817110616922,-66.02555796232895,-41.65086,4,0,0.2545,1,1
9.679700214415789,67757.90150091052,17.948164733284415,-66.02555861723393,-41.460842,4,0,0.4445,1,1
9.679700214415789,67757.90150091052,17.948164735407516,-66.02555860145381,-41.82447,4,0,0.0809,1,1
9.67980021610856,67758.60151275992,17.94815836329863,-66.02555924956694,-41.792114,4,0,0.1133,1,1
9.67980021610856,67758.60151275992,17.948158362419914,-66.02555925708185,-41.618637,4,0,0.2867,1,1
9.679900214076042,67759.3014985323,17.948151991124515,-66.02555990124044,-41.677563,4,0,0.2278,1,1
9.680000215768814,67760.0015103817,17.94814561766072,-66.0255605581276,-41.44508,4,0,0.4603,1,1
9.680000215768814,67760.0015103817,17.948145618531754,-66.02556055234217,-41.57818,4,0,0.3272,1,1
9.680000215768814,67760.0015103817,17.948145618798694,-66.02556055056915,-41.61897,4,0,0.2864,1,1
9.680100224912168,67760.70157438517,17.94813924672064,-66.02556119500797,-41.674862,4,0,0.2305,1,1
9.68020022660494,67761.40158623457,17.948132873378228,-66.02556185079256,-41.46951,4,0,0.4359,1,1
9.68020022660494,67761.40158623457,17.948132874704726,-66.02556184198212,-41.672203,4,0,0.2332,1,1
9.68030022457242,67762.10157200694,17.948126502367142,-66.02556249247077,-41.58903,4,0,0.3163,1,1
9.680400226265192,67762.80158385634,17.948120130715076,-66.0255631366619,-41.652203,4,0,0.2532,1,1
9.680500224232674,67763.50156962872,17.948113758999042,-66.0255637826211,-41.67506,4,0,0.2303,1,1
9.680500224232674,67763.50156962872,17.948113758960137,-66.02556378287949,-41.669113,4,0,0.2363,1,1
9.68090022355318,67766.30156487226,17.948088270490196,-66.02556637184053,-41.65308,4,0,0.2523,1,1
9.68090022355318,67766.30156487226,17.94808826958602,-66.02556637784562,-41.514927,4,0,0.3904,1,1
9.681200224906206,67768.40157434344,17.948069152208266,-66.02556832256671,-41.444187,4,0,0.4612,1,1
9.68130023404956,67769.10163834691,17.94806278040779,-66.02556896214296,-41.623188,4,0,0.2822,1,1
9.68130023404956,67769.10163834691,17.94806278025121,-66.02556896318283,-41.599266,4,0,0.3061,1,1
9.681600235402584,67771.20164781809,17.948043662583917,-66.0255709055971,-41.593468,4,0,0.3119,1,1
9.681700233370066,67771.90163359046,17.948037290599782,-66.02557154951035,-41.67505,4,0,0.2303,1,1
9.681800235062838,67772.60164543986,17.94803091632027,-66.02557220668962,-41.453014,4,0,0.4524,1,1
9.68190023303032,67773.30163121223,17.948024544953917,-66.025572845634,-41.65097,4,0,0.2544,1,1
9.682000204920769,67774.00143444538,17.94801817315673,-66.02557349785056,-41.540745,4,0,0.3646,1,1
9.682200204581022,67775.40143206716,17.94800542778096,-66.02557478890547,-41.639786,4,0,0.2656,1,1
9.682700213044882,67778.90149131417,17.94797356108918,-66.02557802641944,-41.67979,4,0,0.2256,1,1
9.683000214397907,67781.00150078535,17.947954439576524,-66.02557997361544,-41.608597,4,0,0.2968,1,1
9.683300215750933,67783.10151025653,17.947935317457386,-66.02558191925613,-41.583332,4,0,0.322,1,1
9.683400213718414,67783.8014960289,17.947928943534922,-66.0255825667537,-41.600967,4,0,0.3044,1,1
9.683600213378668,67785.20149365067,17.947916194701893,-66.02558386471631,-41.572002,4,0,0.3334,1,1
9.68370022624731,67785.90158373117,17.947909819354493,-66.02558451339728,-41.568123,4,0,0.3372,1,1
9.683800224214792,67786.60156950355,17.947903445824334,-66.02558515550646,-41.714386,4,0,0.191,1,1
9.684000223875046,67788.00156712532,17.947890696681842,-66.02558644812099,-41.81845,4,0,0.0869,1,1
9.684300225228071,67790.1015765965,17.94787156921241,-66.02558840970862,-41.460907,4,0,0.4445,1,1
9.684400223195553,67790.80156236887,17.947865193993756,-66.02558905846648,-41.46141,4,0,0.444,1,1
9.684400223195553,67790.80156236887,17.94786519417494,-66.02558905726345,-41.489086,4,0,0.4163,1,1
9.684600226581097,67792.20158606768,17.947852442846102,-66.02559035516974,-41.48588,4,0,0.4195,1,1
9.684600226581097,67792.20158606768,17.947852443538018,-66.02559035057567,-41.59157,4,0,0.3138,1,1
9.684900235384704,67794.30164769292,17.947833314225672,-66.02559230455911,-41.43292,4,0,0.4724,1,1
9.684900235384704,67794.30164769292,17.94783331495334,-66.02559229972776,-41.544064,4,0,0.3613,1,1
9.685000233352184,67795.00163346529,17.947826939082535,-66.02559294781746,-41.56735,4,0,0.338,1,1
9.685000233352184,67795.00163346529,17.947826948912642,-66.02559287919566,-43.147186,4,0,-1.2418,0,0
9.685100235044956,67795.7016453147,17.947820562955208,-66.02559359518425,-41.60908,4,0,0.2963,1,1
9.685200236737728,67796.4016571641,17.94781418639601,-66.0255942445346,-41.606438,4,0,0.2989,1,1
9.68530023470521,67797.10164293647,17.94780780867641,-66.02559490224753,-41.412125,4,0,0.4932,1,1
9.685400236397982,67797.80165478587,17.947801432877164,-66.02559554475242,-41.569504,4,0,0.3359,1,1
9.68550020456314,67798.50143194199,17.947795058235293,-66.0255961926346,-41.599445,4,0,0.3059,1,1
9.685600206255913,67799.20144379139,17.947788679777094,-66.02559685095137,-41.395626,4,0,0.5097,1,1
9.685700204223394,67799.90142956376,17.947782304327216,-66.02559748991249,-41.637817,4,0,0.2676,1,1
9.685700204223394,67799.90142956376,17.947782303010246,-66.02559749865603,-41.436672,4,0,0.4687,1,1
9.685900203883648,67801.30142718554,17.94776955042116,-66.02559878171564,-41.80789,4,0,0.0975,1,1
9.686100214719772,67802.7015030384,17.947756872320983,-66.02559954495015,-54.15045,4,0,-12.2451,0,3
9.686300214380026,67804.10150066018,17.947744037529528,-66.02560138775965,-41.647427,4,0,0.2579,1,1
9.686400216072798,67804.80151250958,17.947737658700092,-66.02560204078353,-41.575798,4,0,0.3296,1,1
9.686600215733051,67806.20151013136,17.94772489999806,-66.02560335226995,-41.31085,4,0,0.5945,1,1
9.686600215733051,67806.20151013136,17.947724901905605,-66.02560333960619,-41.602177,4,0,0.3032,1,1
9.686700213700531,67806.90149590373,17.94771852318149,-66.02560399042717,-41.584656,4,0,0.3207,1,1
9.686700213700531,67806.90149590373,17.947718523419802,-66.0256039888451,-41.621048,4,0,0.2843,1,1
9.686800215393305,67807.60150775313,17.947712146140834,-66.02560462580585,-41.92486,4,0,-0.0195,1,1
9.687200225889685,67810.40158122778,17.947686626266904,-66.02560724138951,-41.59277,4,0,0.3126,1,1
9.687300223857164,67811.10156700015,17.94768024706237,-66.02560788907066,-41.655544,4,0,0.2498,1,1
9.687500223517418,67812.50156462193,17.947667485651174,-66.02560919956042,-41.437706,4,0,0.4677,1,1
9.68760022521019,67813.20157647133,17.94766110725815,-66.02560983703869,-41.739826,4,0,0.1655,1,1
9.68760022521019,67813.20157647133,17.947661107415623,-66.0256098359933,-41.763878,4,0,0.1415,1,1
9.68760022521019,67813.20157647133,17.947661106196144,-66.02560984408869,-41.57764,4,0,0.3277,1,1
9.687700223177671,67813.9015622437,17.947654727219618,-66.02561048589348,-41.78104,4,0,0.1243,1,1
9.687800224870443,67814.6015740931,17.947648345981253,-66.02561113958771,-41.71305,4,0,0.1923,1,1
9.687800224870443,67814.6015740931,17.947648345455843,-66.02561114307554,-41.632816,4,0,0.2726,1,1
9.68820023536682,67817.40164756775,17.9476228240667,-66.02561372163252,-42.208138,4,0,-0.3028,0,0
9.688400235027077,67818.80164518952,17.947610057952286,-66.02561504494457,-41.71941,4,0,0.186,1,1
9.688400235027077,67818.80164518952,17.94761005820284,-66.02561504328133,-41.757675,4,0,0.1477,1,1
9.688400235027077,67818.80164518952,17.94761005782406,-66.02561504579572,-41.699833,4,0,0.2055,1,1
9.688800234347582,67821.60164043307,17.947584528564317,-66.02561765557137,-41.587852,4,0,0.3175,1,1
9.688900206238031,67822.30144366622,17.947578151424782,-66.0256182807416,-42.18715,4,0,-0.2818,0,0
9.689100205898283,67823.701441288,17.947565382808758,-66.02561960446513,-41.708374,4,0,0.197,1,1
9.689300205558538,67825.10143890977,17.94755261466787,-66.02562091865799,-41.45501,4,0,0.4504,1,1
9.689300205558538,67825.10143890977,17.94755261558192,-66.02562091259068,-41.594585,4,0,0.3108,1,1
9.689600214362144,67827.20150053501,17.94753346345643,-66.02562287055612,-41.532906,4,0,0.3725,1,1
9.68990021571517,67829.30151000619,17.947514310218825,-66.02562482830396,-41.487682,4,0,0.4177,1,1
9.69000020250678,67830.00141754746,17.947507926482313,-66.02562547970865,-41.50045,4,0,0.4049,1,1
9.690100200474262,67830.70140331984,17.947501541821097,-66.0256261313895,-41.509937,4,0,0.3954,1,1
9.690200202167034,67831.40141516924,17.947495162263177,-66.02562674476536,-42.403152,4,0,-0.4978,0,0
9.69040021300316,67832.80149102211,17.94748238557528,-66.02562808646921,-41.54872,4,0,0.3566,1,1
9.690700210630894,67834.90147441626,17.947463457938813,-66.02563000427708,-41.711777,4,0,0.1936,1,1
9.690700210630894,67834.90147441626,17.947463457107826,-66.02563000979232,-41.5849,4,0,0.3205,1,1
9.690800212323666,67835.60148626566,17.947457054473844,-66.02563066976714,-41.4645,4,0,0.4409,1,1
9.690900214016438,67836.30149811506,17.947450652801617,-66.02563132211424,-41.520985,4,0,0.3844,1,1
9.691100213676693,67837.70149573684,17.947437848948425,-66.02563262809419,-41.608,4,0,0.2974,1,1
9.691100213676693,67837.70149573684,17.94743784920313,-66.02563262640376,-41.64689,4,0,0.2585,1,1
9.691200211644173,67838.40148150921,17.947431525095425,-66.02563274345965,-54.027416,4,0,-12.122,3,3
9.691200211644173,67838.40148150921,17.947431446663153,-66.02563328246266,-41.62159,4,0,0.2838,1,1
9.691200211644173,67838.40148150921,17.94743144743677,-66.02563327732815,-41.739704,4,0,0.1657,1,1
9.691400211304426,67839.80147913098,17.947418641198823,-66.02563459211927,-41.632248,4,0,0.2731,1,1
9.69160022214055,67841.20155498385,17.94740592370797,-66.02563528695383,-55.80108,4,0,-13.8957,0,0
9.69160022214055,67841.20155498385,17.947405834046965,-66.02563590384091,-41.60244,4,0,0.3029,1,1
9.691700223833324,67841.90156683326,17.94739943172269,-66.02563655133652,-41.78139,4,0,0.124,1,1
9.691700223833324,67841.90156683326,17.947399431721408,-66.02563655134502,-41.781197,4,0,0.1242,1,1
9.691900223493576,67843.30156445503,17.947386622499508,-66.0256378751272,-41.48011,4,0,0.4253,1,1
9.69210022315383,67844.7015620768,17.947373896029273,-66.02563862553886,-54.381092,4,0,-12.4757,3,3
9.69210022315383,67844.7015620768,17.947373898721413,-66.02563860767071,-54.792133,4,0,-12.8868,3,3
9.69210022315383,67844.7015620768,17.94737381574957,-66.02563917849083,-41.653843,4,0,0.2515,1,1
9.69230019301176,67846.10135108232,17.94736100939429,-66.0256404878777,-41.68952,4,0,0.2158,1,1
9.692400190979242,67846.8013368547,17.94735460463466,-66.02564114623543,-41.62688,4,0,0.2785,1,1
9.692400190979242,67846.8013368547,17.947354605356367,-66.02564114144533,-41.737072,4,0,0.1683,1,1
9.69280020147562,67849.60141032934,17.94732898516,-66.02564376611029,-41.70294,4,0,0.2024,1,1
9.693200200796127,67852.40140557289,17.947303363634344,-66.025646391547,-41.667908,4,0,0.2375,1,1
9.6933002024889,67853.1014174223,17.947296956954006,-66.02564705393524,-41.52353,4,0,0.3818,1,1
9.6933002024889,67853.1014174223,17.94729695585878,-66.0256470612047,-41.3563,4,0,0.5491,1,1
9.6933002024889,67853.1014174223,17.94729695721718,-66.02564705218848,-41.563713,4,0,0.3417,1,1
9.693600203841925,67855.20142689347,17.947277741031964,-66.0256490092456,-41.829876,4,0,0.0755,1,1
9.694100212305784,67858.70148614049,17.947245708189993,-66.0256523007272,-41.609665,4,0,0.2957,1,1
9.694300211966038,67860.10148376226,17.947232894824396,-66.02565361615625,-41.55497,4,0,0.3504,1,1
9.69440021365881,67860.80149561167,17.947226487672566,-66.02565427553557,-41.49104,4,0,0.4143,1,1
9.69440021365881,67860.80149561167,17.947226487113934,-66.02565427924355,-41.40574,4,0,0.4996,1,1
9.694500211626291,67861.50148138404,17.947220082349986,-66.02565492391905,-41.68043,4,0,0.2249,1,1
9.694600213319063,67862.20149323344,17.947213674281123,-66.02565558858235,-41.496803,4,0,0.4086,1,1
9.694600213319063,67862.20149323344,17.94721367485609,-66.02565558476593,-41.584595,4,0,0.3208,1,1
9.695200223475696,67866.40156432986,17.94717523205623,-66.0256595286687,-41.51533,4,0,0.39,1,1
9.695400223135948,67867.80156195164,17.947162417348302,-66.02566084577816,-41.441456,4,0,0.4639,1,1
9.69550022110343,67868.50154772401,17.947156010243326,-66.02566150319169,-41.431683,4,0,0.4737,1,1
9.69570019096136,67869.90133672953,17.94714319810308,-66.02566281478484,-41.4849,4,0,0.4205,1,1
9.695800192654133,67870.60134857893,17.9471368692245,-66.02566293256513,-53.898083,4,0,-11.9927,0,3
9.696300193667412,67874.10135567188,17.947104754528045,-66.02566675602577,-41.52763,4,0,0.3777,1,1
9.696600202471018,67876.20141729712,17.947085532310588,-66.02566872692199,-41.55276,4,0,0.3526,1,1
9.696600202471018,67876.20141729712,17.947085532136978,-66.02566872807441,-41.526253,4,0,0.3791,1,1
9.696900203824043,67878.3014267683,17.947066309745868,-66.0256707043199,-41.43272,4,0,0.4726,1,1
9.696900203824043,67878.3014267683,17.94706631017513,-66.02567070147042,-41.498272,4,0,0.4071,1,1
9.697400212287905,67881.80148601532,17.947034274277968,-66.02567398732513,-41.535934,4,0,0.3694,1,1
9.697400212287905,67881.80148601532,17.947034274558245,-66.02567398546465,-41.578735,4,0,0.3266,1,1
9.697500213980677,67882.50149786472,17.94702786602796,-66.02567465243916,-41.362286,4,0,0.5431,1,1
9.698000211268663,67886.00147888064,17.946995833171325,-66.02567793244783,-41.547318,4,0,0.3581,1,1
9.698100212961435,67886.70149073005,17.94698942690671,-66.02567858673665,-41.625336,4,0,0.28,1,1
9.698600221425297,67890.20154997706,17.946957392868846,-66.0256818837698,-41.43231,4,0,0.4731,1,1
9.698700223118069,67890.90156182647,17.946950988369373,-66.02568252952781,-41.70867,4,0,0.1967,1,1
9.698700223118069,67890.90156182647,17.94695098815582,-66.02568253094556,-41.67606,4,0,0.2293,1,1
9.698800221085548,67891.60154759884,17.94694458097585,-66.02568319666878,-41.49288,4,0,0.4125,1,1
9.699000220745802,67893.00154522061,17.94693176987967,-66.02568450632097,-41.62949,4,0,0.2759,1,1
9.699000220745802,67893.00154522061,17.94693176978796,-66.0256845069298,-41.615482,4,0,0.2899,1,1
9.699000220745802,67893.00154522061,17.946931769477327,-66.02568450899196,-41.568047,4,0,0.3373,1,1
9.69960019364953,67897.20135554671,17.94689333697471,-66.02568846209871,-41.42338,4,0,0.482,1,1
9.69960019364953,67897.20135554671,17.94689333983994,-66.02568844139988,-41.900116,4,0,0.0053,1,1
9.699700202792885,67897.90141955018,17.946886932123785,-66.02568911417929,-41.55775,4,0,0.3476,1,1
9.699900202453136,67899.30141717196,17.94687412117847,-66.02569043690767,-41.396996,4,0,0.5084,1,1
9.700000204145908,67900.00142902136,17.946867716877914,-66.02569109101104,-41.48411,4,0,0.4213,1,1
9.700600203126667,67904.20142188668,17.94682929067285,-66.0256950424982,-41.38883,4,0,0.5165,1,1
9.700900211930277,67906.30148351192,17.946810158930145,-66.02569646923013,-53.978714,4,0,-12.0733,3,3
9.700900211930277,67906.30148351192,17.946810079479086,-66.02569701514892,-41.414207,4,0,0.4912,1,1
9.701100211590528,67907.7014811337,17.946797273462927,-66.02569832860704,-41.467873,4,0,0.4375,1,1
9.701300211250782,67909.10147875547,17.946784467917006,-66.02569964341589,-41.490265,4,0,0.4151,1,1
9.701300211250782,67909.10147875547,17.946784468261107,-66.02569964113145,-41.542812,4,0,0.3626,1,1
9.701500210911036,67910.50147637725,17.946771662693685,-66.02570096071055,-41.45515,4,0,0.4502,1,1
9.701900221407412,67913.3015498519,17.946746053974326,-66.0257035932296,-41.433006,4,0,0.4724,1,1
9.702500224113464,67917.50156879425,17.946707648944667,-66.02570753306863,-41.598022,4,0,0.3073,1,1
9.702800191938875,67919.60134357214,17.94668811813281,-66.02571179376733,11.051473,0,0,52.9568,0,0
9.702800191938875,67919.60134357214,17.94668845087161,-66.02570950584884,-41.606525,4,0,0.2988,1,1
9.702900193631647,67920.30135542154,17.94668205187545,-66.02571015867595,-41.720325,4,0,0.185,1,1
9.70300019159913,67921.00134119391,17.94667565074668,-66.02571082866146,-41.43856,4,0,0.4668,1,1
9.703200202435257,67922.40141704679,17.946662853525016,-66.0257121333571,-41.687794,4,0,0.2176,1,1
9.703300204128029,67923.10142889619,17.946656453116503,-66.0257128014253,-41.449726,4,0,0.4556,1,1
9.703300204128029,67923.10142889619,17.946656454222605,-66.02571279408178,-41.618652,4,0,0.2867,1,1
9.703300204128029,67923.10142889619,17.946656453172114,-66.02571280105606,-41.458218,4,0,0.4472,1,1
9.703300204128029,67923.10142889619,17.946656517391187,-66.02571235960245,-51.61842,3,0,-9.7131,0,0
9.703600201755762,67925.20141229033,17.94663733834855,-66.02571422538956,-54.08615,4,0,-12.1808,3,3
9.703800201416016,67926.60140991211,17.946624465271444,-66.02571607507488,-41.786293,4,0,0.1191,1,1
9.70400020107627,67928.00140753388,17.946611669367424,-66.02571740027199,-41.556206,4,0,0.3492,1,1
9.70410020276904,67928.70141938329,17.94660527403575,-66.02571804710271,-41.8035,4,0,0.1019,1,1
9.70410020276904,67928.70141938329,17.946605274546442,-66.02571804203473,-41.92067,4,0,-0.0153,1,1
9.704200211912394,67929.40148338675,17.946598896939296,-66.02571856634447,-44.988205,3,0,-3.0828,0,0
9.704200211912394,67929.40148338675,17.946598877346865,-66.02571869977561,-41.91767,4,0,-0.0123,1,1
9.704200211912394,67929.40148338675,17.946598876249777,-66.02571870873678,-41.71095,4,0,0.1944,1,1
9.704300213605164,67930.10149523616,17.946592480673974,-66.0257193587726,-41.884186,4,0,0.0212,1,1
9.70450021326542,67931.50149285793,17.946579766065632,-66.0257201420945,-54.12087,4,0,-12.2155,3,3
9.7046002112329,67932.2014786303,17.946573292971994,-66.02572133513632,-41.793537,4,0,0.1118,1,1
9.704700212925673,67932.90149047971,17.946566897502006,-66.02572199236319,-41.798985,4,0,0.1064,1,1
9.705000214278698,67935.00149995089,17.946547737680948,-66.02572379404324,-45.723892,3,0,-3.8185,0,0
9.705400221049786,67937.8015473485,17.946522136024242,-66.02572660094965,-41.63583,4,0,0.2695,1,1
9.705700222402813,67939.90155681968,17.946502956703466,-66.02572857583128,-41.561928,4,0,0.3434,1,1
9.705700222402813,67939.90155681968,17.946502955996817,-66.02572858052271,-41.45401,4,0,0.4514,1,1
9.705800224095585,67940.60156866908,17.94649656534345,-66.0257292256316,-41.731598,4,0,0.1738,1,1
9.705900222063065,67941.30155444145,17.946490172032437,-66.02572989177,-41.524223,4,0,0.3811,1,1
9.705900222063065,67941.30155444145,17.946490172937697,-66.02572988576003,-41.66247,4,0,0.2429,1,1
9.706000193953514,67942.0013576746,17.94648378274836,-66.02573054390646,-41.63433,4,0,0.271,1,1
9.706100191920996,67942.70134344697,17.94647739024162,-66.02573120839195,-41.463642,4,0,0.4417,1,1
9.70630019158125,67944.10134106874,17.94646460860893,-66.02573251894498,-41.544437,4,0,0.3609,1,1
9.70630019158125,67944.10134106874,17.946464609672958,-66.02573251188097,-41.706932,4,0,0.1984,1,1
9.706500191241505,67945.50133869052,17.946451827363074,-66.02573383443513,-41.50884,4,0,0.3965,1,1
9.70690020173788,67948.30141216516,17.946426268674266,-66.02573645829088,-41.59442,4,0,0.3109,1,1
9.707100201398134,67949.70140978694,17.94641349139804,-66.02573777034397,-41.628925,4,0,0.2764,1,1
9.707100201398134,67949.70140978694,17.946413491778284,-66.02573776781963,-41.686993,4,0,0.2184,1,1
9.707200203090906,67950.40142163634,17.94640710269218,-66.02573842894901,-41.585968,4,0,0.3194,1,1
9.70740020275116,67951.80141925812,17.946394326060684,-66.02573974838127,-41.445976,4,0,0.4594,1,1
9.707500211894512,67952.50148326159,17.946387936870142,-66.02574041250985,-41.27485,4,0,0.6305,1,1
9.707600213587284,67953.20149511099,17.946381552395692,-66.02574105084922,-41.694824,4,0,0.2105,1,1
9.707800213247538,67954.60149273276,17.94636877871469,-66.0257423664183,-41.637096,4,0,0.2683,1,1
9.70790021121502,67955.30147850513,17.946362393696027,-66.02574301417934,-41.837833,4,0,0.0675,1,1
9.708100210875273,67956.70147612691,17.94634962148705,-66.02574433356237,-41.68664,4,0,0.2187,1,1
9.708300214260817,67958.10149982572,17.946336850052788,-66.02574565255709,-41.54201,4,0,0.3634,1,1
9.708300214260817,67958.10149982572,17.9463368494947,-66.02574565626199,-41.456787,4,0,0.4486,1,1
9.708400212228298,67958.80148559809,17.9463304671132,-66.02574629817595,-41.78704,4,0,0.1183,1,1
9.708400212228298,67958.80148559809,17.946330469642906,-66.02574627970525,-42.21251,4,0,-0.3071,0,0
9.70850021392107,67959.50149744749,17.946324080854268,-66.02574696628452,-41.514393,4,0,0.391,1,1
9.708800222724676,67961.60155907273,17.946304928972015,-66.02574893537401,-41.502037,4,0,0.4033,1,1
9.709100224077702,67963.70156854391,17.9462857828278,-66.0257508859941,-41.90555,4,0,-0.0002,1,1
9.709600191563368,67967.20134094357,17.94625387529319,-66.0257541786135,-41.595303,4,0,0.3101,1,1
9.70980019122362,67968.60133856535,17.946241114673956,-66.0257554880406,-41.6417,4,0,0.2637,1,1
9.709900204092264,67969.30142864585,17.946234733843465,-66.02575614382653,-41.64068,4,0,0.2647,1,1
9.710000202059746,67970.00141441822,17.946228353157764,-66.02575680689846,-41.468792,4,0,0.4366,1,1
9.71020020172,67971.40141204,17.946215594997003,-66.02575811627625,-41.508156,4,0,0.3972,1,1
9.710600201040506,67974.20140728354,17.946189799383365,-66.02576077738838,-41.386986,4,0,0.5184,1,1
9.710700202733278,67974.90141913295,17.946183439851858,-66.02576142952573,-41.40978,4,0,0.4956,1,1
9.710900202393532,67976.30141675472,17.946170723083572,-66.02576272636797,-41.622467,4,0,0.2829,1,1
9.71130021288991,67979.10149022937,17.946145289823164,-66.02576533780862,-41.62801,4,0,0.2774,1,1
9.71130021288991,67979.10149022937,17.946145360166174,-66.0257648541214,-52.760002,4,0,-10.8546,0,0
9.711700212210417,67981.90148547292,17.94611986203386,-66.0257679483842,-41.634617,4,0,0.2708,1,1
9.711700212210417,67981.90148547292,17.94611986124265,-66.02576795363571,-41.513817,4,0,0.3916,1,1
9.711800213903189,67982.60149732232,17.946113514697686,-66.0257685377069,-43.091637,4,0,-1.1863,0,0
9.71190021187067,67983.30148309469,17.946107149699653,-66.02576925429234,-41.61732,4,0,0.288,1,1
9.712100222706797,67984.70155894756,17.946094439063643,-66.02577055129491,-41.8024,4,0,0.103,1,1
9.712200224399568,67985.40157079697,17.946088083337653,-66.02577120660482,-41.736214,4,0,0.1692,1,1
9.712200224399568,67985.40157079697,17.946088081686867,-66.02577121756089,-41.48419,4,0,0.4212,1,1
9.712300222367048,67986.10155656934,17.946081814512006,-66.02577126658572,-55.37018,4,0,-13.4648,3,3
9.712300222367048,67986.10155656934,17.94608172721488,-66.02577186775754,-41.534046,4,0,0.3713,1,1
9.713000193238258,67991.00135266781,17.946037252292356,-66.02577642698479,-41.67206,4,0,0.2333,1,1
9.713000193238258,67991.00135266781,17.94603734414181,-66.0257757956644,-56.201626,3,0,-14.2963,0,3
9.713000193238258,67991.00135266781,17.9460372517016,-66.02577643090508,-41.581882,4,0,0.3235,1,1
9.713200192898512,67992.40135028958,17.946024545441748,-66.02577773727144,-41.52805,4,0,0.3773,1,1
9.713500201702118,67994.50141191483,17.946005488214205,-66.0257796894154,-41.611557,4,0,0.2938,1,1
9.713700201362371,67995.9014095366,17.945992876977122,-66.02578035704117,-56.2482,3,0,-14.3428,0,3
9.713700201362371,67995.9014095366,17.945992784860287,-66.02578099007,-41.679398,4,0,0.226,1,1
9.713800203055143,67996.601421386,17.94598643255444,-66.02578164561244,-41.59224,4,0,0.3131,1,1
9.713800203055143,67996.601421386,17.94598643344127,-66.02578163972801,-41.727596,4,0,0.1778,1,1
9.713800203055143,67996.601421386,17.945986564097804,-66.0257807409268,-62.41329,0,0,-20.5079,0,0
9.71420020237565,67999.40141662955,17.9459610276013,-66.02578425389889,-41.552692,4,0,0.3527,1,1
9.714400202035904,68000.80141425133,17.945948325917758,-66.0257855591487,-41.50207,4,0,0.4033,1,1
9.714600212872028,68002.2014901042,17.945935625351183,-66.02578685625538,-41.636913,4,0,0.2685,1,1
9.7147002145648,68002.9015019536,17.945929275798274,-66.02578750289172,-41.746567,4,0,0.1588,1,1
9.714800212532282,68003.60148772597,17.94592292353054,-66.02578816996292,-41.384754,4,0,0.5206,1,1
9.715200211852787,68006.40148296952,17.94589752732175,-66.02579075796646,-41.77682,4,0,0.1285,1,1
9.71580022200942,68010.60155406594,17.945859432297432,-66.0257946592169,-41.89993,4,0,0.0054,1,1
9.716000221669674,68012.00155168772,17.945846733607812,-66.02579596970291,-41.701916,4,0,0.2035,1,1
9.716300193220375,68014.10135254264,17.945827688899456,-66.02579792656158,-41.599575,4,0,0.3058,1,1
9.716300193220375,68014.10135254264,17.945827689883707,-66.02579792003338,-41.749737,4,0,0.1556,1,1
9.716300193220375,68014.10135254264,17.94582768993123,-66.02579791971816,-41.75699,4,0,0.1484,1,1
9.71640019118786,68014.80133831501,17.945821340344203,-66.02579857863165,-41.570053,4,0,0.3353,1,1
9.71650019288063,68015.50135016441,17.94581499618965,-66.02579919861773,-42.278934,4,0,-0.3736,0,0
9.716600194573402,68016.20136201382,17.945808644313505,-66.02579987345915,-41.724133,4,0,0.1812,1,1
9.716800194233656,68017.60135963559,17.945795948233677,-66.0258011695136,-41.847137,4,0,0.0582,1,1
9.716900203377008,68018.30142363906,17.945789598002133,-66.02580183103366,-41.597733,4,0,0.3076,1,1
9.716900203377008,68018.30142363906,17.945789598664575,-66.02580182664032,-41.698788,4,0,0.2066,1,1
9.71700020134449,68019.00140941143,17.94578325033659,-66.02580247865285,-41.666286,4,0,0.2391,1,1
9.717100203037262,68019.70142126083,17.94577690135979,-66.02580313355072,-41.567287,4,0,0.3381,1,1
9.717200201004744,68020.4014070332,17.945770553730515,-66.02580378115067,-41.63491,4,0,0.2705,1,1
9.717400204390287,68021.80143073201,17.945757857663693,-66.02580507877552,-41.713474,4,0,0.1919,1,1
9.717500202357767,68022.50141650438,17.94575150952711,-66.02580572982751,-41.69969,4,0,0.2057,1,1
9.717500202357767,68022.50141650438,17.945751508826493,-66.02580573447355,-41.592823,4,0,0.3125,1,1
9.717500202357767,68022.50141650438,17.945751509237326,-66.02580573174914,-41.65549,4,0,0.2499,1,1
9.717800211161377,68024.60147812963,17.94573246428306,-66.025807681994,-41.67944,4,0,0.2259,1,1
9.717900212854149,68025.30148997903,17.945726116188705,-66.02580833088349,-41.71339,4,0,0.192,1,1
9.7181002125144,68026.7014876008,17.945713420205124,-66.02580962831759,-41.786797,4,0,0.1186,1,1
9.71860021352768,68030.20149469376,17.94568167841136,-66.02581287871112,-41.803482,4,0,0.1019,1,1
9.718800213187931,68031.60149231553,17.94566897967407,-66.02581418956761,-41.560112,4,0,0.3453,1,1
9.718800213187931,68031.60149231553,17.945668979731646,-66.02581418918585,-41.56889,4,0,0.3365,1,1
9.719000224024056,68033.0015681684,17.945656282149645,-66.02581548643181,-41.63782,4,0,0.2675,1,1
9.719300221651793,68035.10155156255,17.945637235027647,-66.02581744103193,-41.533558,4,0,0.3718,1,1
9.719400223344564,68035.80156341195,17.945630886315968,-66.02581808817597,-41.59909,4,0,0.3063,1,1
9.719800192862747,68038.60135003924,17.945605492781777,-66.02582067508732,-41.889477,4,0,0.0159,1,1
9.71990019455552,68039.30136188865,17.945599141330543,-66.0258213385492,-41.5766,4,0,0.3288,1,1
9.720000192523004,68040.00134766102,17.945592791261483,-66.02582199192162,-41.49535,4,0,0.41,1,1
9.720000192523004,68040.00134766102,17.945592792111547,-66.02582198628677,-41.62496,4,0,0.2804,1,1
9.720100201666355,68040.70141166449,17.945586443221142,-66.02582262471402,-41.88926,4,0,0.0161,1,1
9.720200203359129,68041.40142351389,17.94558009032656,-66.02582329526409,-41.411938,4,0,0.4934,1,1
9.720300201326609,68042.10140928626,17.945573741862702,-66.02582393542686,-41.633144,4,0,0.2722,1,1
9.720700204372406,68044.90143060684,17.945548339477845,-66.02582653851691,-41.539078,4,0,0.3663,1,1
9.720800202339888,68045.60141637921,17.945541992031963,-66.0258271653772,-42.06468,4,0,-0.1593,0,0
9.720800202339888,68045.60141637921,17.945541989001452,-66.02582718713765,-41.563572,4,0,0.3418,1,1
9.721100203692911,68047.70142585039,17.945522944693753,-66.02582907285738,-43.02025,4,0,-1.1149,0,0
9.721100203692911,68047.70142585039,17.945522936034646,-66.02582913359525,-41.622025,4,0,0.2833,1,1
9.721300203353168,68049.10142347217,17.945510232884384,-66.0258304338045,-41.599705,4,0,0.3057,1,1
9.721300203353168,68049.10142347217,17.94551023328,-66.02583043118265,-41.66001,4,0,0.2454,1,1
9.721300203353168,68049.10142347217,17.945510235128317,-66.02583041725882,-41.98086,4,0,-0.0755,1,1
9.721300203353168,68049.10142347217,17.945510232338975,-66.02583043741913,-41.516563,4,0,0.3888,1,1
9.721500214189293,68050.50149932504,17.945497527520185,-66.02583173921455,-41.457912,4,0,0.4475,1,1
9.72200021147728,68054.00148034096,17.945465764736767,-66.02583498776758,-41.437305,4,0,0.4681,1,1
9.72200021147728,68054.00148034096,17.945465765631702,-66.02583498183712,-41.57371,4,0,0.3317,1,1
9.72200021147728,68054.00148034096,17.94546576587848,-66.02583498020181,-41.611324,4,0,0.294,1,1
9.722100213170052,68054.70149219036,17.945459411561142,-66.02583563664767,-41.451553,4,0,0.4538,1,1
9.722300224006176,68056.10156804323,17.9454467043195,-66.02583693289299,-41.51503,4,0,0.3903,1,1
9.72250022366643,68057.501565665,17.945433996787045,-66.02583822974901,-41.561535,4,0,0.3438,1,1
9.722600221633911,68058.20155143738,17.945427642961267,-66.02583887704645,-41.610058,4,0,0.2953,1,1
9.722900222986937,68060.30156090856,17.945408579909472,-66.02584081677638,-41.804733,4,0,0.1006,1,1
9.723100192844868,68061.70134991407,17.945395878400543,-66.02584206361848,-42.994858,4,0,-1.0895,0,0
9.723100192844868,68061.70134991407,17.94539586974283,-66.0258421243294,-41.597275,4,0,0.3081,1,1
9.72320019453764,68062.40136176348,17.945389513236304,-66.02584277805454,-41.49683,4,0,0.4085,1,1
9.72320019453764,68062.40136176348,17.945389515266935,-66.02584276460055,-41.806282,4,0,0.0991,1,1
9.723400194197891,68063.80135938525,17.94537680226151,-66.02584406835645,-41.689037,4,0,0.2163,1,1
9.723800204694273,68066.6014328599,17.94535137259977,-66.0258466739757,-41.49681,4,0,0.4086,1,1
9.724000204354525,68068.00143048167,17.945338658368254,-66.02584796402108,-41.692074,4,0,0.2133,1,1
9.724000204354525,68068.00143048167,17.945338739187555,-66.02584740851964,-54.476078,4,0,-12.5707,0,3
9.724500201642511,68071.5014114976,17.94530686488448,-66.02585120787715,-41.745384,4,0,0.16,1,1
9.724500201642511,68071.5014114976,17.945306863732586,-66.02585121550777,-41.569874,4,0,0.3355,1,1
9.72480021417141,68073.60149919987,17.94528778480201,-66.02585314921535,-41.89206,4,0,0.0133,1,1
9.725000213831663,68075.00149682164,17.945275062044775,-66.02585445729922,-41.66794,4,0,0.2374,1,1
9.725100211799145,68075.70148259401,17.94526870087206,-66.02585510671794,-41.661976,4,0,0.2434,1,1
9.725100211799145,68075.70148259401,17.945268701199375,-66.02585510454979,-41.71184,4,0,0.1935,1,1
9.725200213491917,68076.40149444342,17.945262340582524,-66.02585574490932,-41.91523,4,0,-0.0099,1,1
9.725200213491917,68076.40149444342,17.94526233890362,-66.02585575770381,-41.62036,4,0,0.285,1,1
9.725300211459398,68077.10148021579,17.945255976113327,-66.0258564135003,-41.46739,4,0,0.438,1,1
9.725300211459398,68077.10148021579,17.94525597620399,-66.02585641289981,-41.4812,4,0,0.4242,1,1
9.72540021315217,68077.80149206519,17.945249614715863,-66.02585705632637,-41.613148,4,0,0.2922,1,1
9.725700221955776,68079.90155369043,17.945230601680194,-66.02585848014903,-53.66389,4,0,-11.7585,0,3
9.725700221955776,68079.90155369043,17.945230526654655,-66.02585899381516,-41.84345,4,0,0.0619,1,1
9.725800223648548,68080.60156553984,17.945224162037977,-66.0258596506412,-41.66605,4,0,0.2393,1,1
9.725800223648548,68080.60156553984,17.945224162551387,-66.0258596472407,-41.744263,4,0,0.1611,1,1
9.72590022161603,68081.30155131221,17.945217799595245,-66.02586028897012,-41.914577,4,0,-0.0092,1,1
9.72590022161603,68081.30155131221,17.945217798127782,-66.02586030036319,-41.651947,4,0,0.2534,1,1
9.726100221276283,68082.70154893398,17.945205069526953,-66.02586159646222,-41.700855,4,0,0.2045,1,1
9.726300224661829,68084.10157263279,17.945192338290916,-66.02586289905544,-41.600475,4,0,0.3049,1,1
9.726300224661829,68084.10157263279,17.94519233763701,-66.02586290338631,-41.500862,4,0,0.4045,1,1
9.726300224661829,68084.10157263279,17.945192347786644,-66.02586283281774,-43.12514,4,0,-1.2198,0,0
9.72660019248724,68086.20134741068,17.945173242423557,-66.02586484391297,-41.65126,4,0,0.2541,1,1
9.726700194180012,68086.90135926008,17.945166876021453,-66.02586548955583,-41.730625,4,0,0.1747,1,1
9.726700194180012,68086.90135926008,17.945166874940952,-66.02586549671176,-41.566036,4,0,0.3393,1,1
9.727000191807749,68089.00134265423,17.9451477727447,-66.02586744172153,-41.61658,4,0,0.2888,1,1
9.72710020467639,68089.70143273473,17.945141474291425,-66.02586760606766,-52.773064,4,0,-10.8677,0,3
9.727300204336643,68091.1014303565,17.94512866425935,-66.0258693996347,-41.371784,4,0,0.5336,1,1
9.72770020365715,68093.90142560005,17.945103185225797,-66.02587198809799,-41.549946,4,0,0.3554,1,1
9.728100214153528,68096.7014990747,17.945077698973968,-66.02587457843104,-41.68548,4,0,0.2199,1,1
9.728100214153528,68096.7014990747,17.945077698476535,-66.02587458172496,-41.609715,4,0,0.2957,1,1
9.72820021212101,68097.40148484707,17.94507132679139,-66.02587522542552,-41.732056,4,0,0.1733,1,1
9.728300213813782,68098.10149669647,17.945064952835697,-66.02587587993729,-41.60624,4,0,0.2991,1,1
9.728400211781263,68098.80148246884,17.945058578445455,-66.02587653618639,-41.439854,4,0,0.4655,1,1
9.728500213474035,68099.50149431825,17.945052205933735,-66.02587717574755,-41.6578,4,0,0.2476,1,1
9.728700213134289,68100.90149194002,17.94503945615111,-66.02587847978509,-41.519936,4,0,0.3854,1,1
9.728700213134289,68100.90149194002,17.945039456339217,-66.02587847853952,-41.548584,4,0,0.3568,1,1
9.729100212454796,68103.70148718357,17.945013954716757,-66.02588106733879,-41.715675,4,0,0.1897,1,1
9.729100212454796,68103.70148718357,17.945013954811564,-66.02588106671101,-41.730114,4,0,0.1753,1,1
9.729200221598148,68104.40155118704,17.945007577038044,-66.02588171880352,-41.660645,4,0,0.2447,1,1
9.72930022329092,68105.10156303644,17.945001199564473,-66.02588236922175,-41.628532,4,0,0.2768,1,1
9.729400224983692,68105.80157488585,17.94499482354322,-66.02588300555588,-41.920906,4,0,-0.0155,1,1
9.729700222611427,68107.90155827999,17.94497570648314,-66.02588482961613,-44.74978,4,0,-2.8444,0,0
9.729700222611427,68107.90155827999,17.94497568700616,-66.02588496359641,-41.666492,4,0,0.2389,1,1
9.72990022227168,68109.30155590177,17.944962928261013,-66.02588626017227,-41.699345,4,0,0.206,1,1
9.72990022227168,68109.30155590177,17.944962927955554,-66.02588626219476,-41.65283,4,0,0.2525,1,1
9.73000019416213,68110.00135913491,17.944956549804278,-66.02588690975581,-41.681755,4,0,0.2236,1,1
9.730200193822384,68111.40135675669,17.94494378850247,-66.02588820567706,-41.729717,4,0,0.1757,1,1
9.730200193822384,68111.40135675669,17.944943788981515,-66.0258882025053,-41.80267,4,0,0.1027,1,1
9.730700202286243,68114.9014160037,17.944912133542758,-66.02589141257867,-41.68888,4,0,0.2165,1,1
9.730700202286243,68114.9014160037,17.944912150756707,-66.02589129359842,-44.427143,4,0,-2.5218,0,0
9.730900201946495,68116.30141362548,17.944899329730102,-66.02589272376163,-41.510105,4,0,0.3953,1,1
9.73110020160675,68117.70141124725,17.944886526700834,-66.0258940180735,-41.71929,4,0,0.1861,1,1
9.73110020160675,68117.70141124725,17.944886526348633,-66.02589402040523,-41.66566,4,0,0.2397,1,1
9.731300204992294,68119.10143494606,17.94487371915713,-66.02589532919224,-41.54232,4,0,0.363,1,1
9.731300204992294,68119.10143494606,17.944873776024156,-66.02589493932743,-50.513718,3,0,-8.6083,0,0
9.731400202959776,68119.80142071843,17.94486731570982,-66.02589597988704,-41.565063,4,0,0.3403,1,1
9.731700211763382,68121.90148234367,17.944848101369956,-66.02589793538324,-41.556507,4,0,0.3489,1,1
9.731800213456154,68122.60149419308,17.944841695314345,-66.02589859063806,-41.47452,4,0,0.4308,1,1
9.73210021480918,68124.70150366426,17.944822545708867,-66.02590007099602,-52.397057,4,0,-10.4917,3,3
9.73220021277666,68125.40148943663,17.944816069371903,-66.02590119903022,-41.434376,4,0,0.471,1,1
9.732300214469433,68126.10150128603,17.944809662463044,-66.02590184648174,-41.53104,4,0,0.3743,1,1
9.732400212436914,68126.8014870584,17.944803255704503,-66.02590249187092,-41.674377,4,0,0.231,1,1
9.732400212436914,68126.8014870584,17.944803255636423,-66.02590249232166,-41.66401,4,0,0.2414,1,1
9.732500221580269,68127.50155106187,17.94479684786989,-66.0259031354423,-41.861565,4,0,0.0438,1,1
9.732500221580269,68127.50155106187,17.944796845277608,-66.02590315427763,-41.427776,4,0,0.4776,1,1
9.732500221580269,68127.50155106187,17.944796846263635,-66.02590314774946,-41.577923,4,0,0.3274,1,1
9.73260022327304,68128.20156291127,17.944790439240762,-66.02590378815462,-41.835995,4,0,0.0694,1,1
9.73260022327304,68128.20156291127,17.944790437947397,-66.0259037967176,-41.63905,4,0,0.2663,1,1
9.73260022327304,68128.20156291127,17.944790439233024,-66.02590378653296,-41.873875,4,0,0.0315,1,1
9.73270022496581,68128.90157476068,17.944784028678324,-66.02590444943996,-41.61359,4,0,0.2918,1,1
9.733100224286318,68131.70157000422,17.94475838986498,-66.02590704946809,-41.757885,4,0,0.1475,1,1
9.733100224286318,68131.70157000422,17.944758388972797,-66.02590705537511,-41.62203,4,0,0.2833,1,1
9.733100224286318,68131.70157000422,17.944758388241866,-66.02590706021446,-41.510727,4,0,0.3946,1,1
9.7332002222538,68132.4015557766,17.944751978058335,-66.02590770813272,-41.59376,4,0,0.3116,1,1
9.733300223946571,68133.101567626,17.94474556637349,-66.0259083620234,-41.53966,4,0,0.3657,1,1
9.733500193804502,68134.50135663152,17.94473274511927,-66.0259096626795,-41.589275,4,0,0.3161,1,1
9.733600191771984,68135.20134240389,17.944726331821137,-66.0259103217248,-41.414997,4,0,0.4904,1,1
9.734200201928616,68139.40141350031,17.944687851627187,-66.02591422167072,-41.613575,4,0,0.2918,1,1
9.734300203621387,68140.10142534971,17.944681436106958,-66.02591487822102,-41.49426,4,0,0.4111,1,1
9.734300203621387,68140.10142534971,17.94468143633442,-66.02591487671495,-41.5289,4,0,0.3765,1,1
9.734600204974411,68142.20143482089,17.94466219030314,-66.02591683172597,-41.504154,4,0,0.4012,1,1
9.734600204974411,68142.20143482089,17.94466219086528,-66.02591682800383,-41.589764,4,0,0.3156,1,1
9.734700202941896,68142.90142059326,17.944655774903733,-66.02591748066015,-41.557438,4,0,0.3479,1,1
9.734800204634666,68143.60143244267,17.94464935883774,-66.0259181304217,-41.591717,4,0,0.3137,1,1
9.735400214791298,68147.80150353909,17.944610923307305,-66.02592156813618,-52.390404,4,0,-10.485,3,3
9.735400214791298,68147.80150353909,17.944610854915627,-66.0259220377412,-41.584126,4,0,0.3212,1,1
9.735600214451551,68149.20150116086,17.94459801864102,-66.02592333755604,-41.63651,4,0,0.2689,1,1
9.735600214451551,68149.20150116086,17.944598017903804,-66.02592334243779,-41.524235,4,0,0.3811,1,1
9.735700212419031,68149.90148693323,17.944591601562987,-66.02592397686534,-41.905773,4,0,-0.0004,1,1
9.735900212079288,68151.301484555,17.944578763074716,-66.02592528194484,-41.83272,4,0,0.0726,1,1
9.736200224608185,68153.40157225728,17.94455950097683,-66.02592724847857,-41.515366,4,0,0.39,1,1
9.73660022392869,68156.20156750083,17.944533819407486,-66.02592984715099,-41.6168,4,0,0.2886,1,1
9.73660022392869,68156.20156750083,17.944533848046362,-66.02592965079977,-46.13498,3,0,-4.2296,0,0
9.736700221896172,68156.9015532732,17.94452739866432,-66.02593049608802,-41.656754,4,0,0.2486,1,1
9.736700221896172,68156.9015532732,17.94452739864802,-66.02593049619597,-41.65427,4,0,0.2511,1,1
9.737000193446876,68159.00135412812,17.944508136239495,-66.02593244480367,-41.72461,4,0,0.1808,1,1
9.737100195139648,68159.70136597753,17.944501713061932,-66.02593310256455,-41.558903,4,0,0.3465,1,1
9.737200193107128,68160.4013517499,17.94449529129621,-66.02593375117158,-41.602318,4,0,0.3031,1,1
9.737200193107128,68160.4013517499,17.944495292476223,-66.02593374335662,-41.78205,4,0,0.1233,1,1
9.737400203943253,68161.80142760277,17.944482446823304,-66.02593504440277,-41.780365,4,0,0.125,1,1
9.737400203943253,68161.80142760277,17.944482447102015,-66.02593504255688,-41.82282,4,0,0.0825,1,1
9.737700201570988,68163.90141099691,17.944463176534796,-66.02593700624153,-41.53217,4,0,0.3732,1,1
9.73780020326376,68164.60142284632,17.94445675502646,-66.0259376440012,-41.820244,4,0,0.0851,1,1
9.737900204956532,68165.30143469572,17.944450330271348,-66.02593830210121,-41.63958,4,0,0.2658,1,1
9.738000202924011,68166.00142046809,17.944443907538243,-66.0259389472353,-41.755608,4,0,0.1498,1,1
9.738500215113165,68169.50150579214,17.944411784105384,-66.02594221221948,-41.420277,4,0,0.4851,1,1
9.738600213080645,68170.20149156451,17.944405361419967,-66.02594285039575,-41.6906,4,0,0.2148,1,1
9.738700214773417,68170.90150341392,17.94439893670535,-66.02594349995624,-41.69841,4,0,0.207,1,1
9.73890021443367,68172.30150103569,17.944386086539986,-66.02594480283027,-41.62402,4,0,0.2813,1,1
9.739100214093924,68173.70149865746,17.94437323572147,-66.02594610664356,-41.523773,4,0,0.3816,1,1
9.739200212061403,68174.40148442984,17.944366810840037,-66.02594675463637,-41.56176,4,0,0.3436,1,1
9.739300213754175,68175.10149627924,17.94436038483508,-66.02594740774995,-41.481434,4,0,0.4239,1,1
9.73940022289753,68175.8015602827,17.944353958430654,-66.02594805965478,-41.428913,4,0,0.4765,1,1
9.739600222557783,68177.20155790448,17.94434110882772,-66.0259493479546,-41.674427,4,0,0.2309,1,1
9.739700224250557,68177.90156975389,17.94433474920614,-66.02594954183073,-52.157135,4,0,-10.2518,3,3
9.739900223910809,68179.30156737566,17.944321830325872,-66.02595130199471,-41.53786,4,0,0.3675,1,1
9.740100223571062,68180.70156499743,17.944308977976334,-66.02595260246069,-41.492027,4,0,0.4133,1,1
9.74020019173622,68181.40134215355,17.94430255407352,-66.02595325014846,-41.521137,4,0,0.3842,1,1
9.740500193089249,68183.50135162473,17.944283277002558,-66.02595518539901,-41.79538,4,0,0.11,1,1
9.74060019478202,68184.20136347413,17.94427684863838,-66.02595584685908,-41.507904,4,0,0.3975,1,1
9.7407001927495,68184.9013492465,17.944270423362102,-66.02595648906252,-41.661503,4,0,0.2439,1,1
9.740800201892853,68185.60141324997,17.944263996616105,-66.02595713598393,-41.70702,4,0,0.1983,1,1
9.741300202906132,68189.10142034292,17.94423186311525,-66.02596038379993,-41.605137,4,0,0.3002,1,1
9.741400204598904,68189.80143219233,17.944225437367248,-66.0259610254161,-41.764095,4,0,0.1413,1,1
9.741400204598904,68189.80143219233,17.944225436678515,-66.02596102997926,-41.65915,4,0,0.2462,1,1
9.74170020222664,68191.90141558647,17.944206156817753,-66.02596297578937,-41.64434,4,0,0.261,1,1
9.74230021238327,68196.10148668289,17.944167596519065,-66.02596686422646,-41.654,4,0,0.2514,1,1
9.742500212043524,68197.50148430467,17.944154743287836,-66.02596816116936,-41.627403,4,0,0.278,1,1
9.742600213736296,68198.20149615407,17.944148315306457,-66.02596881813768,-41.41689,4,0,0.4885,1,1
9.742700211703776,68198.90148192644,17.944141891534226,-66.02596944896433,-41.80563,4,0,0.0997,1,1
9.74280022457242,68199.60157200694,17.944135463539396,-66.02597010173625,-41.69049,4,0,0.2149,1,1
9.74280022457242,68199.60157200694,17.944135464592005,-66.02597009308691,-41.88999,4,0,0.0154,1,1
9.74280022457242,68199.60157200694,17.94413546336777,-66.02597010287356,-41.664337,4,0,0.241,1,1
9.74280022457242,68199.60157200694,17.944135463482038,-66.02597010211633,-41.68175,4,0,0.2236,1,1
9.742900222539902,68200.30155777931,17.944129035533027,-66.02597076107408,-41.420723,4,0,0.4846,1,1
9.743200223892927,68202.40156725049,17.944109759338886,-66.02597268581351,-41.829197,4,0,0.0762,1,1
9.743300221860409,68203.10155302286,17.944103333541268,-66.02597333006217,-41.901333,4,0,0.004,1,1
9.74340022355318,68203.80156487226,17.944096905392854,-66.02597399204588,-41.56355,4,0,0.3418,1,1
9.743600193411112,68205.20135387778,17.944084056482115,-66.02597527899118,-41.73125,4,0,0.1741,1,1
9.743600193411112,68205.20135387778,17.94408405664826,-66.0259752778901,-41.756573,4,0,0.1488,1,1
9.743600193411112,68205.20135387778,17.94408412327861,-66.02597481958747,-52.302277,4,0,-10.3969,3,3
9.743700195103884,68205.90136572719,17.944077629527204,-66.02597593265503,-41.58104,4,0,0.3243,1,1
9.743900194764135,68207.30136334896,17.944064778022717,-66.02597722704563,-41.573204,4,0,0.3322,1,1
9.74400019273162,68208.00134912133,17.944058353815855,-66.02597786555073,-41.766663,4,0,0.1387,1,1
9.74410019442439,68208.70136097074,17.94405192735322,-66.02597851798984,-41.63875,4,0,0.2666,1,1
9.744200192391872,68209.4013467431,17.944045502047864,-66.0259791644709,-41.646046,4,0,0.2593,1,1
9.744300205260515,68210.1014368236,17.944039077228833,-66.02597980249776,-41.84828,4,0,0.0571,1,1
9.74460020288825,68212.20142021775,17.944019800389388,-66.02598175337101,-41.593807,4,0,0.3116,1,1
9.744800202548504,68213.60141783953,17.944006951250024,-66.02598304302387,-41.668205,4,0,0.2372,1,1
9.74510020390153,68215.7014273107,17.94398767756946,-66.02598498214095,-41.662113,4,0,0.2433,1,1
9.745300214737654,68217.10150316358,17.94397482825231,-66.0259862760354,-41.625523,4,0,0.2798,1,1
9.745300214737654,68217.10150316358,17.94397482976235,-66.02598626435173,-41.8948,4,0,0.0106,1,1
9.745400212705135,68217.80148893595,17.94396840474329,-66.0259869197594,-41.677963,4,0,0.2274,1,1
9.745500214397907,68218.50150078535,17.943961980717575,-66.0259875662248,-41.666393,4,0,0.239,1,1
9.745500214397907,68218.50150078535,17.94396199676953,-66.02598745480425,-44.230515,4,0,-2.3251,0,0
9.745600212365389,68219.20148655772,17.943955556599487,-66.02598821576511,-41.58203,4,0,0.3233,1,1
9.746000211685896,68222.00148180127,17.943929863066607,-66.0259908007706,-41.53294,4,0,0.3724,1,1
9.74620021507144,68223.40150550008,17.943917017564985,-66.02599208930418,-41.591034,4,0,0.3143,1,1
9.746400222182274,68224.80155527592,17.94390417241747,-66.02599337814175,-41.636543,4,0,0.2688,1,1
9.7467002235353,68226.9015647471,17.94388490627187,-66.02599531312306,-41.652225,4,0,0.2531,1,1
9.746800225228071,68227.6015765965,17.943878484503397,-66.02599595802606,-41.65665,4,0,0.2487,1,1
9.747200194746256,68230.40136322379,17.94385280095341,-66.02599854144903,-41.566006,4,0,0.3394,1,1
9.747300192713736,68231.10134899616,17.943846402780192,-66.0259990325486,-45.100937,4,0,-3.1956,0,0
9.747600205242634,68233.20143669844,17.94382711839934,-66.02600112158045,-41.53233,4,0,0.373,1,1
9.747900202870367,68235.30142009258,17.943807860060545,-66.02600305116445,-41.61627,4,0,0.2891,1,1
9.748300202190876,68238.10141533613,17.943782183435175,-66.02600563467904,-41.460285,4,0,0.4451,1,1
9.74850020185113,68239.5014129579,17.94376941830625,-66.02600643313426,-52.723267,4,0,-10.8179,3,3
9.748800214380026,68241.60150066018,17.94375009388044,-66.02600885016003,-41.55302,4,0,0.3523,1,1
9.748900212347507,68242.30148643255,17.943743677424607,-66.02600949002542,-41.64068,4,0,0.2647,1,1
9.74900021404028,68243.00149828196,17.943737310922174,-66.02600978695249,-49.617847,3,0,-7.7125,0,0
9.74910021200776,68243.70148405433,17.94373084328217,-66.0260107810254,-41.5529,4,0,0.3525,1,1
9.749200213700531,68244.40149590373,17.943724427538687,-66.02601141930748,-41.67303,4,0,0.2323,1,1
9.749200213700531,68244.40149590373,17.943724427522273,-66.02601141941626,-41.67053,4,0,0.2348,1,1
9.749700222164392,68247.90155515075,17.94369234815908,-66.02601463936244,-41.59273,4,0,0.3126,1,1
9.749700222164392,68247.90155515075,17.943692348460562,-66.02601463736337,-41.638702,4,0,0.2667,1,1
9.749800223857164,68248.60156700015,17.943686004028425,-66.02601479585785,-52.789135,4,0,-10.8838,3,3
9.749900221824646,68249.30155277252,17.943679518902226,-66.02601592352835,-41.638695,4,0,0.2667,1,1
9.749900221824646,68249.30155277252,17.943679524538453,-66.02601588448117,-42.537216,4,0,-0.6318,0,0
9.749900221824646,68249.30155277252,17.943679519407226,-66.02601592017989,-41.715694,4,0,0.1897,1,1
9.749900221824646,68249.30155277252,17.943679519178424,-66.02601592169698,-41.68081,4,0,0.2246,1,1
9.750500224530697,68253.50157171488,17.943641037988762,-66.02601977149222,-41.845924,4,0,0.0594,1,1
9.750700194388628,68254.9013607204,17.94362800161572,-66.02602111332442,-41.733364,4,0,0.172,1,1
9.750700194388628,68254.9013607204,17.94362800132126,-66.02602111527712,-41.68846,4,0,0.2169,1,1
9.75080019235611,68255.60134649277,17.943621604528513,-66.02602174891797,-41.810276,4,0,0.0951,1,1
9.75130020454526,68259.10143181682,17.943589228868458,-66.02602762490984,19.899237,0,0,61.8046,0,0
9.75130020454526,68259.10143181682,17.943589686442127,-66.02602448161805,-52.42234,4,0,-10.517,3,3
9.75130020454526,68259.10143181682,17.943589619315883,-66.02602494351851,-41.79467,4,0,0.1107,1,1
9.751500204205511,68260.50142943859,17.94357682693963,-66.02602622485071,-41.698036,4,0,0.2073,1,1
9.751800201833248,68262.60141283274,17.9435576410504,-66.02602814319778,-41.62741,4,0,0.278,1,1
9.752000205218792,68264.00143653154,17.943544851782956,-66.02602941998987,-41.62353,4,0,0.2818,1,1
9.752500213682652,68267.50149577856,17.943512882925024,-66.02603261342631,-41.561012,4,0,0.3444,1,1
9.752600215375423,68268.20150762796,17.94350649000711,-66.0260332515153,-41.559155,4,0,0.3462,1,1
9.75290021300316,68270.30149102211,17.943487313973627,-66.02603516032326,-41.672527,4,0,0.2328,1,1
9.75300021469593,68271.00150287151,17.943480921606387,-66.02603580133568,-41.599697,4,0,0.3057,1,1
9.753100223839285,68271.70156687498,17.94347452898398,-66.02603644254408,-41.522587,4,0,0.3828,1,1
9.753300223499537,68273.10156449676,17.94346174741037,-66.02603771318545,-41.633904,4,0,0.2715,1,1
9.753300223499537,68273.10156449676,17.943461747694716,-66.02603771129982,-41.67726,4,0,0.2281,1,1
9.753400225192308,68273.80157634616,17.943455357319987,-66.02603834548255,-41.75816,4,0,0.1472,1,1
9.75350022315979,68274.50156211853,17.943448965999835,-66.02603898905434,-41.62184,4,0,0.2835,1,1
9.753600224852562,68275.20157396793,17.943442575955505,-66.02603962416299,-41.679943,4,0,0.2254,1,1
9.753600224852562,68275.20157396793,17.943442644795237,-66.0260391509044,-52.568478,4,0,-10.6631,3,3
9.753600224852562,68275.20157396793,17.943442575109856,-66.02603962977085,-41.550987,4,0,0.3544,1,1
9.753700222820044,68275.9015597403,17.943436185809038,-66.02604026304331,-41.650055,4,0,0.2553,1,1
9.753800224512815,68276.60157158971,17.943429797971607,-66.02604088490733,-42.011906,4,0,-0.1065,0,0
9.753900222480295,68277.30155736208,17.943423406919965,-66.02604153450521,-41.73364,4,0,0.1717,1,1
9.753900222480295,68277.30155736208,17.94342347749171,-66.02604104976324,-52.88619,4,0,-10.9808,3,3
9.754100192338228,68278.7013463676,17.943410629261567,-66.02604281624322,-41.57402,4,0,0.3313,1,1
9.754300191998482,68280.10134398937,17.943397852123173,-66.02604408798936,-41.64623,4,0,0.2591,1,1
9.754500202834606,68281.50141984224,17.94338507455797,-66.02604536368776,-41.62709,4,0,0.2783,1,1
9.754600204527378,68282.20143169165,17.94337868705095,-66.02604599676785,-41.72592,4,0,0.1794,1,1
9.75470020249486,68282.90141746402,17.94337229902295,-66.02604663626157,-41.676285,4,0,0.2291,1,1
9.754900202155111,68284.30141508579,17.943359523243984,-66.02604791601576,-41.558697,4,0,0.3467,1,1
9.75520020350814,68286.40142455697,17.943340361787,-66.02604983038594,-41.50092,4,0,0.4044,1,1
9.75530020520091,68287.10143640637,17.94333397673471,-66.02605045672291,-41.75227,4,0,0.1531,1,1
9.755500212311745,68288.50148618221,17.943321202950997,-66.02605173566427,-41.651028,4,0,0.2543,1,1
9.755600214004517,68289.20149803162,17.94331481745059,-66.02605236884139,-41.744408,4,0,0.161,1,1
9.755600214004517,68289.20149803162,17.943314816688414,-66.02605237389547,-41.628193,4,0,0.2772,1,1
9.755700211971998,68289.90148380399,17.943308431707358,-66.02605300644235,-41.735344,4,0,0.17,1,1
9.75580021366477,68290.60149565339,17.94330204485496,-66.02605365108964,-41.56465,4,0,0.3407,1,1
9.75580021366477,68290.60149565339,17.943302045465796,-66.02605364703912,-41.657795,4,0,0.2476,1,1
9.755900215357542,68291.3015075028,17.943295663118235,-66.02605426136876,-42.184708,4,0,-0.2793,0,0
9.755900215357542,68291.3015075028,17.94329565959819,-66.02605428638587,-41.608868,4,0,0.2965,1,1
9.756000213325024,68292.00149327517,17.943289274559085,-66.02605492300707,-41.621975,4,0,0.2834,1,1
9.756200212985275,68293.40149089694,17.943276504760533,-66.02605619642479,-41.64454,4,0,0.2608,1,1
9.756300214678047,68294.10150274634,17.943270192043048,-66.02605633705292,-53.069572,4,0,-11.1642,3,3
9.756600212305784,68296.20148614049,17.943250967760324,-66.02605873994236,-41.76605,4,0,0.1393,1,1
9.756700225174429,68296.90157622099,17.94324458950825,-66.02605933174398,-42.81263,4,0,-0.9073,0,0
9.757000222802162,68299.00155961514,17.943225430395373,-66.02606129892638,-41.5351,4,0,0.3703,1,1
9.757100224494934,68299.70157146454,17.943219046771038,-66.02606193695608,-41.51713,4,0,0.3882,1,1
9.757200222462416,68300.40155723691,17.943212663746387,-66.02606257359047,-41.530937,4,0,0.3744,1,1
9.757900204509497,68305.30143156648,17.943167987687943,-66.02606702511117,-41.748837,4,0,0.1565,1,1
9.758000202476978,68306.00141733885,17.94316162473583,-66.02606753127404,-44.767242,4,0,-2.8619,0,0
9.75810020416975,68306.70142918825,17.94315522306628,-66.02606830353645,-41.66449,4,0,0.2409,1,1
9.758400205522776,68308.80143865943,17.943136078165235,-66.02607021292694,-41.73191,4,0,0.1735,1,1
9.75860020518303,68310.2014362812,17.943123314453747,-66.02607149374099,-41.597973,4,0,0.3074,1,1
9.75860020518303,68310.2014362812,17.943123313982614,-66.02607149686476,-41.526146,4,0,0.3792,1,1
9.758800204843284,68311.60143390298,17.943110550769244,-66.0260727775168,-41.39843,4,0,0.5069,1,1
9.759000211954117,68313.00148367882,17.94309779032959,-66.02607403968291,-41.69957,4,0,0.2058,1,1
9.759300213307142,68315.10149315,17.943077983047978,-66.02608051944749,63.361332,0,0,105.2667,0,0
9.75980021432042,68318.60150024295,17.943046745466173,-66.02607914726691,-41.5766,4,0,0.3288,1,1
9.759900223463774,68319.30156424642,17.943040365279895,-66.02607978205205,-41.650654,4,0,0.2547,1,1
9.760000225156546,68320.00157609582,17.943033985649066,-66.02608041683008,-41.72473,4,0,0.1806,1,1
9.760000225156546,68320.00157609582,17.943033984972555,-66.02608042131526,-41.6216,4,0,0.2838,1,1
9.760000225156546,68320.00157609582,17.943033985686395,-66.02608041658259,-41.730423,4,0,0.1749,1,1
9.76030022278428,68322.10155948997,17.943014845038284,-66.02608233892644,-41.543404,4,0,0.362,1,1
9.760400224477053,68322.80157133937,17.943008464433078,-66.02608298228705,-41.424187,4,0,0.4812,1,1
9.760400224477053,68322.80157133937,17.94300846684727,-66.02608296628141,-41.792206,4,0,0.1132,1,1
9.760700222104788,68324.90155473351,17.942989327955452,-66.02608488295574,-41.748264,4,0,0.1571,1,1
9.76090019568801,68326.30136981606,17.9429765692024,-66.02608616994567,-41.5093,4,0,0.3961,1,1
9.76090019568801,68326.30136981606,17.942976569569055,-66.02608616751489,-41.56519,4,0,0.3402,1,1
9.76090019568801,68326.30136981606,17.94297656971875,-66.02608616652248,-41.58801,4,0,0.3174,1,1
9.761100195348265,68327.70136743784,17.94296381360476,-66.02608742466433,-42.02176,4,0,-0.1164,0,0
9.761200193315744,68328.40135321021,17.94295743256708,-66.0260880775801,-41.690945,4,0,0.2144,1,1
9.761300195008516,68329.10136505961,17.942951053119184,-66.02608871708954,-41.670765,4,0,0.2346,1,1
9.761600203812122,68331.20142668486,17.942931915279335,-66.02609063272297,-41.685127,4,0,0.2202,1,1
9.761700205504894,68331.90143853426,17.942925535944966,-66.02609127275822,-41.658123,4,0,0.2472,1,1
9.761700205504894,68331.90143853426,17.94292553566265,-66.02609127462979,-41.61509,4,0,0.2903,1,1
9.761800203472376,68332.60142430663,17.942919156657354,-66.02609191431465,-41.596966,4,0,0.3084,1,1
9.761800203472376,68332.60142430663,17.94291915782047,-66.02609190660394,-41.774254,4,0,0.1311,1,1
9.761900205165148,68333.30143615603,17.942912777149857,-66.02609255604072,-41.533848,4,0,0.3715,1,1
9.761900205165148,68333.30143615603,17.942912777087077,-66.02609255645693,-41.524277,4,0,0.3811,1,1
9.762200202792885,68335.40141955018,17.942893642270217,-66.02609446159735,-41.80313,4,0,0.1022,1,1
9.762200202792885,68335.40141955018,17.94289364035998,-66.02609447426066,-41.51197,4,0,0.3934,1,1
9.762200202792885,68335.40141955018,17.942893706978953,-66.02609401588161,-52.057144,4,0,-10.1518,0,3
9.762200202792885,68335.40141955018,17.94289364170991,-66.02609446531174,-41.717728,4,0,0.1876,1,1
9.762300215661526,68336.10150963068,17.942887261101923,-66.02609511057571,-41.5807,4,0,0.3247,1,1
9.76250021532178,68337.50150725245,17.942874503190573,-66.0260963905968,-41.548912,4,0,0.3565,1,1
9.762700214982033,68338.90150487423,17.942861746132376,-66.02609766557795,-41.63918,4,0,0.2662,1,1
9.762900214642286,68340.301502496,17.942848989745414,-66.0260989366016,-41.826775,4,0,0.0786,1,1
9.763000212609768,68341.00148826838,17.942842636668708,-66.02609939983938,-45.88606,2,0,-3.9807,0,0
9.76320021227002,68342.40148589015,17.942829915635187,-66.02610042864771,-51.65547,4,0,-9.7501,3,3
9.763300213962792,68343.10149773955,17.9428234736282,-66.0261015017987,-41.68936,4,0,0.216,1,1
9.7636002227664,68345.2015593648,17.94280433648772,-66.0261034225545,-41.67775,4,0,0.2276,1,1
9.763800222426651,68346.60155698657,17.942791578956868,-66.02610470187436,-41.7051,4,0,0.2003,1,1
9.763900224119425,68347.30156883597,17.942785200294537,-66.02610534001958,-41.75657,4,0,0.1488,1,1
9.763900224119425,68347.30156883597,17.942785199755328,-66.02610534359373,-41.67439,4,0,0.231,1,1
9.764000222086906,68348.00155460835,17.94277882126733,-66.0261059815803,-41.731033,4,0,0.1743,1,1
9.764000222086906,68348.00155460835,17.94277882104449,-66.02610598305742,-41.69707,4,0,0.2083,1,1
9.764100223779678,68348.70156645775,17.942772441399146,-66.02610662759072,-41.605316,4,0,0.3001,1,1
9.76430019363761,68350.10135546327,17.942759707262656,-66.02610775859074,-45.058487,4,0,-3.1531,0,0
9.764500193297865,68351.50135308504,17.942746926866363,-66.02610919340327,-41.534832,4,0,0.3705,1,1
9.764600194990637,68352.20136493444,17.942740547431058,-66.02610983597464,-41.497643,4,0,0.4077,1,1
9.764800202101467,68353.60141471028,17.942727789400205,-66.02611111351736,-41.604404,4,0,0.301,1,1
9.76490020379424,68354.30142655969,17.94272141010235,-66.02611175466755,-41.605774,4,0,0.2996,1,1
9.765000205487013,68355.00143840909,17.942715030299066,-66.02611239897045,-41.53665,4,0,0.3687,1,1
9.765100203454494,68355.70142418146,17.942708652131756,-66.02611303377009,-41.68749,4,0,0.2179,1,1
9.765100203454494,68355.70142418146,17.94270865080315,-66.02611304257624,-41.485016,4,0,0.4204,1,1
9.765500202775002,68358.50141942501,17.942683134220378,-66.02611560223326,-41.639503,4,0,0.2659,1,1
9.765700202435257,68359.90141704679,17.942670373641093,-66.02611689561414,-41.417633,4,0,0.4877,1,1
9.76590021327138,68361.30149289966,17.942657672362923,-66.02611777669085,-50.6901,4,0,-8.7847,3,3
9.766000214964151,68362.00150474906,17.94265123482351,-66.02611881435352,-41.593136,4,0,0.3122,1,1
9.766100212931631,68362.70149052143,17.94264485694042,-66.02611944276042,-41.9125,4,0,-0.0071,1,1
9.766300212591888,68364.1014881432,17.942632094519134,-66.02612074608238,-41.487263,4,0,0.4181,1,1
9.766600213944912,68366.20149761438,17.942613012614782,-66.02612227240725,-50.727283,4,0,-8.8219,3,3
9.766800224781036,68367.60157346725,17.942600193347104,-66.02612395511319,-41.59952,4,0,0.3058,1,1
9.766800224781036,68367.60157346725,17.942600192606026,-66.02612396002475,-41.4866,4,0,0.4188,1,1
9.767100222408772,68369.7015568614,17.942581052432615,-66.02612588110009,-41.67937,4,0,0.226,1,1
9.767300225794315,68371.10158056021,17.94256829053133,-66.02612716924494,-41.649357,4,0,0.256,1,1
9.767400223761795,68371.80156633258,17.942561909774145,-66.02612781285168,-41.647995,4,0,0.2574,1,1
9.7677001953125,68373.9013671875,17.94254276788952,-66.02612974734781,-41.57018,4,0,0.3352,1,1
9.767900194972754,68375.30136480927,17.942530010792737,-66.02613099735063,-42.445354,4,0,-0.54,0,0
9.768400203436611,68378.80142405629,17.942498096145325,-66.02613425959372,-41.519474,4,0,0.3859,1,1
9.768500205129383,68379.5014359057,17.942491714529975,-66.02613490121969,-41.59053,4,0,0.3148,1,1
9.768600203096868,68380.20142167807,17.942485165634952,-66.02613669085474,-15.256041,0,0,26.6493,0,0
9.76870020478964,68380.90143352747,17.942478950914843,-66.02613618671583,-41.687847,4,0,0.2175,1,1
9.76880020275712,68381.60141929984,17.942472567909913,-66.02613683722888,-41.5614,4,0,0.344,1,1
9.769100204110146,68383.70142877102,17.942453420996628,-66.02613876784768,-41.679028,4,0,0.2263,1,1
9.769400212913752,68385.80149039626,17.94243432533729,-66.02614033630374,-50.15132,4,0,-8.246,3,3
9.769400212913752,68385.80149039626,17.94243436667874,-66.02614005229772,-56.68434,2,0,-14.779,0,0
9.769400212913752,68385.80149039626,17.942434271489727,-66.02614070653335,-41.63477,4,0,0.2706,1,1
9.769600212574003,68387.20148801804,17.942421505998187,-66.0261419920823,-41.77596,4,0,0.1294,1,1
9.769700214266775,68387.90149986744,17.9424151212185,-66.02614264671523,-41.57788,4,0,0.3275,1,1
9.76990021392703,68389.30149748921,17.942402353470097,-66.0261439433736,-41.478638,4,0,0.4267,1,1
9.770000215619802,68390.00150933862,17.942395970753246,-66.02614458216341,-41.65243,4,0,0.2529,1,1
9.770100213587284,68390.70149511099,17.942389588087995,-66.02614522142433,-41.81739,4,0,0.088,1,1
9.770300224423409,68392.10157096386,17.942376818658197,-66.02614651865714,-41.72702,4,0,0.1783,1,1
9.77040022239089,68392.80155673623,17.942370433591073,-66.02614717157516,-41.585674,4,0,0.3197,1,1
9.77100022509694,68397.00157567859,17.942332251784457,-66.02615100599492,-41.66651,4,0,0.2389,1,1
9.771200194954872,68398.4013646841,17.942319461863075,-66.02615230668012,-41.71449,4,0,0.1909,1,1
9.77210020273924,68404.70141917467,17.942261889201124,-66.02615818158887,-41.574535,4,0,0.3308,1,1
9.772300202399492,68406.10141679645,17.942249095093224,-66.02615948126837,-41.704575,4,0,0.2008,1,1
9.772300202399492,68406.10141679645,17.942249145512694,-66.02615913546563,-49.65876,4,0,-7.7534,3,3
9.772500205785036,68407.50144049525,17.942236299348433,-66.02616078707474,-41.70396,4,0,0.2014,1,1
9.77270021289587,68408.90149027109,17.942223501876995,-66.02616210057968,-41.536007,4,0,0.3694,1,1
9.772900212556124,68410.30148789287,17.94221070666195,-66.02616339969003,-41.70701,4,0,0.1984,1,1
9.773100215941668,68411.70151159167,17.94219795901686,-66.02616436785195,-49.500214,4,0,-7.5948,3,3
9.77320021390915,68412.40149736404,17.942191559583136,-66.02616502814999,-49.346268,4,0,-7.4409,3,3
9.77320021390915,68412.40149736404,17.942191510994363,-66.02616536182381,-41.670963,4,0,0.2344,1,1
9.77330021560192,68413.10150921345,17.94218511199428,-66.0261660171078,-41.635048,4,0,0.2703,1,1
9.773700222373009,68415.90155661106,17.942159515485734,-66.02616863596975,-41.565147,4,0,0.3402,1,1
9.773700222373009,68415.90155661106,17.942159515695707,-66.02616863457847,-41.597134,4,0,0.3082,1,1
9.77380022406578,68416.60156846046,17.942153169646442,-66.0261689228435,-50.01433,4,0,-8.109,3,3
9.77380022406578,68416.60156846046,17.942153170290243,-66.02616891857754,-50.112408,4,0,-8.207,3,3
9.774000223726034,68418.00156608224,17.942140317478888,-66.02617060019985,-41.532238,4,0,0.3731,1,1
9.774100225418806,68418.70157793164,17.942133919884313,-66.02617124187813,-41.825905,4,0,0.0795,1,1
9.77440022304654,68420.80156132579,17.942114772934364,-66.02617285005512,-50.00698,4,0,-8.1016,3,3
9.77440022304654,68420.80156132579,17.942114719615095,-66.02617321675133,-41.571953,4,0,0.3334,1,1
9.77450019493699,68421.50136455894,17.942108321723946,-66.0261738709609,-41.580936,4,0,0.3244,1,1
9.774700194597244,68422.90136218071,17.94209552450835,-66.02617516256326,-42.000267,4,0,-0.0949,0,0
9.774700194597244,68422.90136218071,17.942095522779386,-66.02617517569378,-41.69781,4,0,0.2076,1,1
9.774800192564726,68423.60134795308,17.94208912378944,-66.02617582501014,-41.828922,4,0,0.0764,1,1
9.774900205433369,68424.30143803358,17.94208272148337,-66.02617648967293,-41.611317,4,0,0.2941,1,1
9.775200203061104,68426.40142142773,17.9420635388499,-66.02617833251736,-44.439816,4,0,-2.5344,0,0
9.775300204753876,68427.10143327713,17.942057136580985,-66.02617899968153,-44.17042,4,0,-2.2651,0,0
9.775300204753876,68427.10143327713,17.94205712038767,-66.02617911200483,-41.58636,4,0,0.319,1,1
9.77560020238161,68429.20141667128,17.942037919501008,-66.02618107659632,-41.635273,4,0,0.2701,1,1
9.775700204074385,68429.90142852068,17.942031518327042,-66.02618173560768,-41.559998,4,0,0.3454,1,1
9.776000205427408,68432.00143799186,17.942012316942478,-66.02618369829476,-41.67333,4,0,0.232,1,1
9.776000205427408,68432.00143799186,17.94201231581057,-66.02618370579516,-41.500896,4,0,0.4045,1,1
9.776300214231014,68434.1014996171,17.94199311439468,-66.0261856632259,-41.75054,4,0,0.1548,1,1
9.776400215923786,68434.8015114665,17.94198671074008,-66.0261863368448,-41.350605,4,0,0.5548,1,1
9.776400215923786,68434.8015114665,17.941986713483015,-66.02618631866922,-41.76846,4,0,0.1369,1,1
9.777000214904549,68439.00150433183,17.94194830551356,-66.02619026853247,-41.50958,4,0,0.3958,1,1
9.777200225740671,68440.4015801847,17.94193550292218,-66.02619157881908,-41.58179,4,0,0.3236,1,1
9.777200225740671,68440.4015801847,17.941935503216815,-66.02619157686668,-41.62668,4,0,0.2787,1,1
9.777300223708153,68441.10156595707,17.941929102508944,-66.02619223105016,-41.685722,4,0,0.2196,1,1
9.777400225400925,68441.80157780647,17.941922699007613,-66.02619290208833,-41.359142,4,0,0.5462,1,1
9.77770022302866,68443.90156120062,17.941903497797494,-66.02619485625043,-41.74115,4,0,0.1642,1,1
9.777900192886593,68445.30135020614,17.941890695348224,-66.02619618156282,-41.479446,4,0,0.4259,1,1
9.778300195932388,68448.10137152672,17.941865141220674,-66.02619845688656,-49.61172,4,0,-7.7064,3,3
9.778300195932388,68448.10137152672,17.941865090502773,-66.02619880468852,-41.611774,4,0,0.2936,1,1
9.77890020608902,68452.30144262314,17.94182673064165,-66.02620241290369,-49.352024,4,0,-7.4467,3,3
9.77890020608902,68452.30144262314,17.941826682523967,-66.02620274347782,-41.748154,4,0,0.1572,1,1
9.7790002040565,68453.00142839551,17.941820281682276,-66.02620339853895,-41.80599,4,0,0.0994,1,1
9.779400203377008,68455.80142363906,17.941794677071954,-66.02620602515496,-41.900818,4,0,0.0046,1,1
9.77950021252036,68456.50148764253,17.94178827418506,-66.02620668978489,-41.744667,4,0,0.1607,1,1
9.779700215905905,68457.90151134133,17.941775519353325,-66.02620767650743,-49.311356,4,0,-7.406,3,3
9.779800213873386,68458.6014971137,17.941769069772956,-66.02620866750247,-41.64874,4,0,0.2566,1,1
9.779900215566158,68459.30150896311,17.941762670063895,-66.0262093149541,-41.889423,4,0,0.0159,1,1
9.780100215226412,68460.70150658488,17.941749867531676,-66.02621063272956,-41.846485,4,0,0.0589,1,1
9.780200213193892,68461.40149235725,17.941743465924837,-66.02621129501789,-41.74755,4,0,0.1578,1,1
9.780200213193892,68461.40149235725,17.941743466158997,-66.02621129346618,-41.783226,4,0,0.1221,1,1
9.780300214886664,68462.10150420666,17.941737064912395,-66.02621195207084,-41.770176,4,0,0.1352,1,1
9.780300214886664,68462.10150420666,17.941737064571132,-66.02621195433227,-41.718185,4,0,0.1872,1,1
9.780400212854149,68462.80148997903,17.941730714061944,-66.02621226682365,-49.66626,4,0,-7.7609,3,3
9.780400212854149,68462.80148997903,17.941730667156204,-66.02621258769858,-42.285988,4,0,-0.3806,0,0
9.78050022572279,68463.50158005953,17.941724262988203,-66.02621326322485,-41.886223,4,0,0.0191,1,1
9.780600223690271,68464.2015658319,17.941717861244342,-66.02621392753073,-41.743305,4,0,0.1621,1,1
9.780600223690271,68464.2015658319,17.941717910271613,-66.02621359092211,-49.485867,4,0,-7.5805,3,3
9.780600223690271,68464.2015658319,17.941717867937736,-66.02621388150132,-42.802086,4,0,-0.8967,0,0
9.780800223350523,68465.60156345367,17.941705060092605,-66.02621524004203,-41.82979,4,0,0.0756,1,1
9.780800223350523,68465.60156345367,17.94170510855687,-66.02621490716352,-49.48659,4,0,-7.5812,3,3
9.78110022470355,68467.70157292485,17.94168585701435,-66.02621721906614,-41.72784,4,0,0.1775,1,1
9.781400192528965,68469.80134770274,17.94166665696434,-66.0262191957555,-41.678204,4,0,0.376,1,1
9.781600195914509,68471.20137140155,17.941653856342185,-66.02622050907023,-41.753685,4,0,0.3005,1,1
9.781900204718111,68473.30143302679,17.941634653586537,-66.02622249278096,-41.553978,4,0,0.5002,1,1
9.782100204378366,68474.70143064857,17.941621853328115,-66.02622380966392,-41.549747,4,0,0.5044,1,1
9.782200206071138,68475.40144249797,17.941615453844136,-66.02622446376934,-41.647926,4,0,0.4062,1,1
9.78230020403862,68476.10142827034,17.941609107794502,-66.02622475242946,-50.151783,4,0,-8.0976,3,3
9.78230020403862,68476.10142827034,17.941609053202267,-66.02622512759639,-41.522236,4,0,0.5319,1,1
9.782400205731392,68476.80144011974,17.94160265334289,-66.02622578518711,-41.540653,4,0,0.5135,1,1
9.782500203698874,68477.50142589211,17.94159625295947,-66.02622644832144,-41.43121,4,0,0.623,1,1
9.782500203698874,68477.50142589211,17.94159625338427,-66.02622644550641,-41.495926,4,0,0.5582,1,1
9.782600205391644,68478.20143774152,17.94158990574306,-66.02622674470396,-49.758533,4,0,-7.7044,3,3
9.782600205391644,68478.20143774152,17.941589853923645,-66.02622710149679,-41.551407,4,0,0.5028,1,1
9.782700203359129,68478.90142351389,17.941583458214346,-66.02622773304599,-42.168903,4,0,-0.1147,0,0
9.78280021250248,68479.60148751736,17.941577055885134,-66.02622840769546,-41.796158,4,0,0.258,1,1
9.782900214195251,68480.30149936676,17.941570653548027,-66.02622908439257,-41.37586,4,0,0.6783,1,1
9.783000215888023,68481.00151121616,17.94156427493268,-66.0262295994366,-44.673664,4,0,-2.6195,0,0
9.783200215548275,68482.40150883794,17.941551458176296,-66.02623104236847,-41.77247,4,0,0.2817,1,1
9.783500213176012,68484.50149223208,17.941532259612693,-66.02623302846702,-41.52182,4,0,0.5323,1,1
9.783600214868784,68485.20150408149,17.94152591284587,-66.02623332772453,-49.783154,4,0,-7.729,3,3
9.783800214529036,68486.60150170326,17.94151306386091,-66.02623499962442,-41.61469,4,0,0.4395,1,1
9.784000225365162,68488.00157755613,17.94150026609475,-66.02623631714692,-41.598747,4,0,0.4554,1,1
9.784100223332644,68488.7015633285,17.941493867270186,-66.02623697965078,-41.50335,4,0,0.5508,1,1
9.784200225025415,68489.40157517791,17.941487519652767,-66.02623729022883,-49.502937,4,0,-7.4488,3,3
9.784200225025415,68489.40157517791,17.941487521771922,-66.02623727451125,-49.864857,4,0,-7.8107,3,3
9.784400224685667,68490.80157279968,17.941474674160048,-66.02623894596086,-41.704422,4,0,0.3497,1,1
9.784400224685667,68490.80157279968,17.941474673468672,-66.02623895054248,-41.59909,4,0,0.4551,1,1
9.78450022265315,68491.50155857205,17.94146827622929,-66.0262396053728,-41.67919,4,0,0.375,1,1
9.785000193864107,68495.00135704875,17.941436338137112,-66.02624256795666,-49.239147,4,0,-7.185,3,3
9.785000193864107,68495.00135704875,17.941436291645203,-66.02624288777342,-41.882706,4,0,0.1715,1,1
9.785000193864107,68495.00135704875,17.941436290269618,-66.02624289688924,-41.67314,4,0,0.381,1,1
9.785200204700232,68496.40143290162,17.941423494224914,-66.02624422055509,-41.509357,4,0,0.5448,1,1
9.785300202667711,68497.10141867399,17.94141710007095,-66.02624486105158,-41.916245,4,0,0.1379,1,1
9.785400204360483,68497.8014305234,17.941410748659933,-66.02624520582518,-49.125805,4,0,-7.0716,3,3
9.785400204360483,68497.8014305234,17.941410749999232,-66.02624519694979,-49.32984,4,0,-7.2757,3,3
9.785400204360483,68497.8014305234,17.941410700761995,-66.02624553495934,-41.555172,4,0,0.499,1,1
9.786000203341246,68502.00142338872,17.941372323371922,-66.02624947809095,-41.6833,4,0,0.3709,1,1
9.786100205034018,68502.70143523812,17.941365928995936,-66.02625012350451,-41.974407,4,0,0.0798,1,1
9.786100205034018,68502.70143523812,17.941365927524334,-66.02625013493102,-41.711136,4,0,0.343,1,1
9.786500215530396,68505.50150871277,17.941340398654752,-66.02625239436571,-50.280388,4,0,-8.2262,3,3
9.786600213497875,68506.20149448514,17.941333993893444,-66.0262531179392,-48.769943,4,0,-6.7158,3,3
9.786900214850904,68508.30150395632,17.941314763069528,-66.02625540734296,-41.50502,4,0,0.5491,1,1
9.787100214511156,68509.70150157809,17.94130197435196,-66.02625672001827,-41.571175,4,0,0.483,1,1
9.787100214511156,68509.70150157809,17.941301975512683,-66.02625671232634,-41.748005,4,0,0.3062,1,1
9.78730022534728,68511.10157743096,17.94128918534399,-66.0262580337374,-41.61212,4,0,0.442,1,1
9.78790022432804,68515.30157029629,17.941250823884218,-66.02626197522964,-41.703583,4,0,0.3506,1,1
9.788000226020811,68516.00158214569,17.94124443106112,-66.02626262982741,-41.76952,4,0,0.2846,1,1
9.788100223988296,68516.70156791806,17.941238037270267,-66.02626329339444,-41.627842,4,0,0.4263,1,1
9.788200195878744,68517.40137115121,17.94123164679641,-66.02626394686457,-41.71347,4,0,0.3407,1,1
9.78850019350648,68519.50135454535,17.9412125132549,-66.02626561813463,-48.627945,4,0,-6.5738,3,3
9.78850019350648,68519.50135454535,17.941212516533312,-66.02626559473526,-49.16646,4,0,-7.1123,3,3
9.78850019350648,68519.50135454535,17.941212468757282,-66.02626592305195,-41.61469,4,0,0.4395,1,1
9.788900204002855,68522.30142802,17.941186948968028,-66.0262682175066,-49.303013,4,0,-7.2488,3,3
9.788900204002855,68522.30142802,17.941186949497965,-66.02626821399494,-49.383743,4,0,-7.3296,3,3
9.788900204002855,68522.30142802,17.941186901016287,-66.02626854698504,-41.72455,4,0,0.3296,1,1
9.78900020569563,68523.0014398694,17.94118055577251,-66.02626888484355,-49.06692,4,0,-7.0128,3,3
9.789200205355884,68524.40143749118,17.941167726287077,-66.02627052152855,-41.644184,4,0,0.41,1,1
9.789200205355884,68524.40143749118,17.941167725319143,-66.0262705279426,-41.49673,4,0,0.5574,1,1
9.789300203323364,68525.10142326355,17.94116138416342,-66.02627084344442,-49.349495,4,0,-7.2953,3,3
9.789400205016136,68525.80143511295,17.9411549435045,-66.02627184081405,-41.518368,4,0,0.5358,1,1
9.789500202983618,68526.50142088532,17.941148553331317,-66.02627249499409,-41.579124,4,0,0.475,1,1
9.78960020467639,68527.20143273473,17.941142162179226,-66.02627315518411,-41.50124,4,0,0.5529,1,1
9.789900213479996,68529.30149435997,17.941122990563503,-66.02627512850125,-41.428493,4,0,0.6257,1,1
9.79010021314025,68530.70149198174,17.941110212236296,-66.02627643386249,-41.607742,4,0,0.4464,1,1
9.79020021483302,68531.40150383115,17.941103821873693,-66.02627709535687,-41.49337,4,0,0.5608,1,1
9.790300212800505,68532.10148960352,17.941097433396806,-66.02627774700947,-41.60357,4,0,0.4506,1,1
9.790400214493276,68532.80150145292,17.94109104330604,-66.02627840890783,-41.47766,4,0,0.5765,1,1
9.790500216186048,68533.50151330233,17.941084653954984,-66.02627906701142,-41.437855,4,0,0.6163,1,1
9.790500216186048,68533.50151330233,17.941084654261505,-66.0262790649803,-41.484547,4,0,0.5696,1,1
9.7907002158463,68534.9015109241,17.941071778328002,-66.02628041925942,-41.793434,4,0,0.2607,1,1
9.791000224649906,68537.00157254934,17.94105263125257,-66.02628239111806,-41.458218,4,0,0.5959,1,1
9.791000224649906,68537.00157254934,17.941052633549916,-66.02628237589482,-41.80818,4,0,0.246,1,1
9.791100226342678,68537.70158439875,17.94104625124694,-66.02628303557913,-41.638737,4,0,0.4154,1,1
9.79120022431016,68538.40157017112,17.941039871159262,-66.02628368324794,-41.743774,4,0,0.3104,1,1
9.791600193828344,68541.20135679841,17.94101439855942,-66.02628596609199,-49.229748,4,0,-7.1756,3,3
9.792000193148851,68544.00135204196,17.940988831024633,-66.0262889062689,-41.582676,4,0,0.4715,1,1
9.792100206017494,68544.70144212246,17.940982450931113,-66.02628955747012,-41.598595,4,0,0.4556,1,1
9.792100206017494,68544.70144212246,17.94098245083361,-66.02628955811622,-41.58374,4,0,0.4704,1,1
9.792100206017494,68544.70144212246,17.940982449241915,-66.02628956866283,-41.34129,4,0,0.7129,1,1
9.792200203984976,68545.40142789483,17.940976072530056,-66.02629020421558,-41.713852,4,0,0.3403,1,1
9.79240020364523,68546.8014255166,17.940963314589307,-66.0262915077527,-41.710373,4,0,0.3438,1,1
9.79240020364523,68546.8014255166,17.940963314308334,-66.02629150961442,-41.667576,4,0,0.3866,1,1
9.792500205338,68547.50143736601,17.940956935523836,-66.02629216090368,-41.675568,4,0,0.3786,1,1
9.792700204998257,68548.90143498778,17.940944178495243,-66.02629346446552,-41.66532,4,0,0.3888,1,1
9.79300020635128,68551.00144445896,17.94092504386569,-66.02629542039053,-41.62934,4,0,0.4248,1,1
9.79300020635128,68551.00144445896,17.940925045398615,-66.02629541023384,-41.862827,4,0,0.1913,1,1
9.793100204318762,68551.70143023133,17.940918666014966,-66.02629607296112,-41.60133,4,0,0.4528,1,1
9.793200213462114,68552.4014942348,17.940912289491617,-66.02629671304365,-41.861115,4,0,0.193,1,1
9.793200213462114,68552.4014942348,17.940912288098637,-66.02629672227297,-41.648945,4,0,0.4052,1,1
9.793400213122368,68553.80149185658,17.94089957970508,-66.02629770545371,-48.994236,4,0,-6.9401,3,3
9.79360021278262,68555.20148947835,17.94088677994291,-66.02629932115295,-41.786995,4,0,0.2672,1,1
9.793800216168163,68556.60151317716,17.94087402512006,-66.02630062948471,-41.646748,4,0,0.4074,1,1
9.793800216168163,68556.60151317716,17.940874075722046,-66.0263002825118,-49.627216,4,0,-7.5731,3,3
9.793800216168163,68556.60151317716,17.940874086809497,-66.02630020570574,-51.394035,4,0,-9.3399,0,0
9.793800216168163,68556.60151317716,17.940874024682834,-66.02630063238144,-41.580154,4,0,0.474,1,1
9.79400021582842,68558.00151079893,17.940861271192407,-66.0263019370068,-41.521076,4,0,0.5331,1,1
9.79400021582842,68558.00151079893,17.940861271522827,-66.02630193481771,-41.571404,4,0,0.4828,1,1
9.794300224632025,68560.10157242417,17.940842143216255,-66.02630388163412,-41.710564,4,0,0.3436,1,1
9.79460022598505,68562.20158189535,17.94082306406011,-66.02630550182077,-49.354137,4,0,-7.3,3,3
9.79460022598505,68562.20158189535,17.94082301565435,-66.02630583422466,-41.70863,4,0,0.3455,1,1
9.794700223952532,68562.90156766772,17.940816687417463,-66.02630616058954,-49.169838,4,0,-7.1157,3,3
9.794800225645304,68563.60157951713,17.94081031257102,-66.02630680671521,-49.27599,4,0,-7.2218,3,3
9.794900223612784,68564.3015652895,17.94080393757189,-66.02630745619777,-49.303673,4,0,-7.2495,3,3
9.795200195163488,68566.40136614442,17.940784765535657,-66.02630974149574,-41.631596,4,0,0.4226,1,1
9.795400194823742,68567.8013637662,17.940772018034867,-66.02631102927137,-41.938446,4,0,0.1157,1,1
9.795500192791224,68568.50134953856,17.940765691134747,-66.02631135296292,-49.45543,4,0,-7.4013,3,3
9.795700203627348,68569.90142539144,17.94075289175389,-66.02631299586578,-41.59221,4,0,0.462,1,1
9.795700203627348,68569.90142539144,17.940752942080742,-66.02631265076212,-49.52961,4,0,-7.4754,3,3
9.7959002032876,68571.30142301321,17.940740143101586,-66.02631429845718,-41.552097,4,0,0.5021,1,1
9.796000204980372,68572.00143486261,17.940733820912417,-66.02631459291929,-49.73846,4,0,-7.6843,3,3
9.796000204980372,68572.00143486261,17.9407337694569,-66.0263149454918,-41.629383,4,0,0.4248,1,1
9.796000204980372,68572.00143486261,17.940733770946668,-66.02631493562315,-41.856247,4,0,0.1979,1,1
9.796100202947857,68572.70142063498,17.940727396339845,-66.02631559125105,-41.734856,4,0,0.3193,1,1
9.7963002063334,68574.10144433379,17.940714649161254,-66.0263168878978,-41.82735,4,0,0.2268,1,1
9.796700213104486,68576.9014917314,17.940689154572564,-66.02631949029606,-41.796745,4,0,0.2574,1,1
9.796700213104486,68576.9014917314,17.94068915474497,-66.02631948915408,-41.822998,4,0,0.2312,1,1
9.796800214797258,68577.60150358081,17.94068283455773,-66.02631977376522,-50.23214,4,0,-8.178,3,3
9.796800214797258,68577.60150358081,17.940682781647226,-66.0263201376271,-41.863003,4,0,0.1912,1,1
9.796800214797258,68577.60150358081,17.940682780089883,-66.02632014794274,-41.625866,4,0,0.4283,1,1
9.797000214457512,68579.00150120258,17.940670085847945,-66.0263210906575,-49.851677,4,0,-7.7975,3,3
9.797200214117764,68580.40149882436,17.94065729001173,-66.02632273365617,-41.968857,4,0,0.0853,1,1
9.79740021377802,68581.80149644613,17.940644542573708,-66.02632404818507,-41.63877,4,0,0.4154,1,1
9.79740021377802,68581.80149644613,17.940644543489192,-66.02632404212135,-41.778164,4,0,0.276,1,1
9.797500222921371,68582.5015604496,17.940638169690413,-66.02632469598504,-41.6924,4,0,0.3618,1,1
9.79800022393465,68586.00156754255,17.940606307348236,-66.02632794669401,-41.679695,4,0,0.3745,1,1
9.798400223255156,68588.8015627861,17.940580870122773,-66.02633019593176,-49.744087,4,0,-7.6899,3,3
9.798400223255156,68588.8015627861,17.940580870008798,-66.02633019668662,-49.726734,4,0,-7.6726,3,3
9.798600193113089,68590.20135179162,17.940568076781286,-66.02633184787625,-41.642155,4,0,0.412,1,1
9.798800196498632,68591.60137549043,17.940555386584887,-66.02633277916895,-50.11929,4,0,-8.0651,3,3
9.798800196498632,68591.60137549043,17.94055533324695,-66.02633314580294,-41.686546,4,0,0.3676,1,1
9.798900194466114,68592.3013612628,17.940548960555464,-66.02633380296912,-41.519333,4,0,0.5348,1,1
9.799000196158886,68593.0013731122,17.94054259070125,-66.02633444013662,-41.81223,4,0,0.2419,1,1
9.799500204622746,68596.50143235922,17.94051073189425,-66.02633769380841,-41.715244,4,0,0.3389,1,1
9.800000213086603,68600.00149160624,17.940478873098783,-66.02634095410431,-41.46372,4,0,0.5904,1,1
9.800100214779375,68600.70150345564,17.94047250340951,-66.0263415931286,-41.71293,4,0,0.3412,1,1
9.800200216472147,68601.40151530504,17.940466130788383,-66.02634225176365,-41.511322,4,0,0.5428,1,1
9.80030021443963,68602.10150107741,17.94045976180563,-66.02634288803651,-41.823215,4,0,0.2309,1,1
9.800700213760138,68604.90149632096,17.940434324236517,-66.02634516538842,-49.231125,4,0,-7.177,3,3
9.800700213760138,68604.90149632096,17.94043427603221,-66.02634549629694,-41.620308,4,0,0.4339,1,1
9.801000215113165,68607.00150579214,17.940415161926584,-66.0263474519465,-41.481445,4,0,0.5727,1,1
9.801200225949287,68608.40158164501,17.940402420540874,-66.02634874309209,-41.680977,4,0,0.3732,1,1
9.801200225949287,68608.40158164501,17.94040242145524,-66.02634873703762,-41.820152,4,0,0.234,1,1
9.80140022560954,68609.80157926679,17.940389679164976,-66.02635003906427,-41.768406,4,0,0.2858,1,1
9.801800224930048,68612.60157451034,17.940364245502494,-66.02635229463283,-49.681667,4,0,-7.6275,3,3
9.801800224930048,68612.60157451034,17.940364244191578,-66.02635230331258,-49.482143,4,0,-7.428,3,3
9.801800224930048,68612.60157451034,17.940364193499143,-66.0263526506641,-41.49341,4,0,0.5608,1,1
9.80200019478798,68614.00136351585,17.940351503127772,-66.02635360976892,-49.326263,4,0,-7.2721,3,3
9.802200194448233,68615.40136113763,17.94033871124892,-66.02635525186093,-41.456352,4,0,0.5978,1,1
9.802200194448233,68615.40136113763,17.940338712785916,-66.02635524168458,-41.690277,4,0,0.3639,1,1
9.802200194448233,68615.40136113763,17.9403387123562,-66.02635524452971,-41.624878,4,0,0.4293,1,1
9.802700206637384,68618.90144646168,17.940306855415315,-66.0263585010599,-41.476086,4,0,0.5781,1,1
9.803000204265118,68621.00142985582,17.940287743831135,-66.0263604405872,-41.719776,4,0,0.3344,1,1
9.80310020595789,68621.70144170523,17.940281409149566,-66.02636084009004,-47.482906,4,0,-5.4287,0,0
9.80310020595789,68621.70144170523,17.940281371396633,-66.02636109839278,-41.542374,4,0,0.5118,1,1
9.803400203585625,68623.80142509937,17.940262309517724,-66.02636269522343,-49.671875,4,0,-7.6177,3,3
9.803500205278397,68624.50143694878,17.940255886529965,-66.02636369818397,-41.558006,4,0,0.4962,1,1
9.80360021442175,68625.20150095224,17.940249514009995,-66.02636435250858,-41.463604,4,0,0.5906,1,1
9.80360021442175,68625.20150095224,17.940249513453782,-66.0263643561908,-41.378963,4,0,0.6752,1,1
9.803800214082004,68626.60149857402,17.94023677138606,-66.02636565220884,-41.47895,4,0,0.5752,1,1
9.803900215774776,68627.30151042342,17.940230399311446,-66.02636630596578,-41.39773,4,0,0.6564,1,1
9.804000213742256,68628.0014961958,17.94022402887439,-66.02636695016793,-41.536022,4,0,0.5181,1,1
9.804100215435028,68628.7015080452,17.940217657699097,-66.02636759743699,-41.60482,4,0,0.4493,1,1
9.804400213062763,68630.80149143934,17.940198543484296,-66.02636954514423,-41.67724,4,0,0.3769,1,1
9.804600223898888,68632.20156729221,17.940185798173104,-66.02637085343855,-41.503986,4,0,0.5502,1,1
9.80480022355914,68633.60156491399,17.940173056116656,-66.02637214345825,-41.751144,4,0,0.303,1,1
9.804900225251911,68634.30157676339,17.940166682739584,-66.02637280269998,-41.548634,4,0,0.5055,1,1
9.805000223219396,68635.00156253576,17.940160311147864,-66.02637345129382,-41.590855,4,0,0.4633,1,1
9.805300194770098,68637.10136339068,17.940141196638372,-66.02637540222408,-41.599087,4,0,0.4551,1,1
9.805300194770098,68637.10136339068,17.940141196886806,-66.02637540057962,-41.636887,4,0,0.4173,1,1
9.805600196123123,68639.20137286186,17.940122079671266,-66.02637735324544,-41.61475,4,0,0.4394,1,1
9.805800195783377,68640.60137048364,17.94010933510121,-66.02637865168765,-41.679386,4,0,0.3748,1,1
9.80590020492673,68641.3014344871,17.94010296341962,-66.02637929233576,-41.911064,4,0,0.1431,1,1
9.806200206279756,68643.40144395828,17.94008384503461,-66.02638124424051,-41.917202,4,0,0.137,1,1
9.806200206279756,68643.40144395828,17.940083844536854,-66.02638124753508,-41.84147,4,0,0.2127,1,1
9.806300204247236,68644.10142973065,17.940077470210973,-66.02638190785092,-41.62207,4,0,0.4321,1,1
9.80650020390749,68645.50142735243,17.940064724836365,-66.02638320454541,-41.73558,4,0,0.3186,1,1
9.806700203567743,68646.9014249742,17.940051977549864,-66.0263845116783,-41.61176,4,0,0.4424,1,1
9.806700203567743,68646.9014249742,17.940051978064755,-66.02638450827051,-41.690094,4,0,0.3641,1,1
9.80700021609664,68649.00151267648,17.940032856913664,-66.02638646067932,-41.701897,4,0,0.3523,1,1
9.80700021609664,68649.00151267648,17.940032856890934,-66.02638646082976,-41.698437,4,0,0.3557,1,1
9.80710021406412,68649.70149844885,17.94002648411283,-66.02638710679798,-41.813934,4,0,0.2402,1,1
9.80710021406412,68649.70149844885,17.940026538127718,-66.02638673593754,-50.343353,4,0,-8.2892,3,3
9.807300213724377,68651.10149607062,17.940013790636836,-66.02638803727535,-50.36087,4,0,-8.3067,3,3
9.807300213724377,68651.10149607062,17.940013735908906,-66.02638841284897,-41.723125,4,0,0.331,1,1
9.807400215417148,68651.80150792003,17.940007361735,-66.02638906462556,-41.707752,4,0,0.3464,1,1
9.8076002150774,68653.2015055418,17.9399946123702,-66.02639037450271,-41.53322,4,0,0.5209,1,1
9.807900223881006,68655.30156716704,17.93997549135659,-66.0263923086664,-41.98336,4,0,0.0708,1,1
9.808000225573778,68656.00157901645,17.939969169938504,-66.02639259557395,-50.363373,4,0,-8.3092,3,3
9.808000225573778,68656.00157901645,17.939969114542706,-66.02639297554764,-41.624523,4,0,0.4296,1,1
9.808400224894283,68658.80157426,17.939943615949076,-66.02639557497947,-41.76302,4,0,0.2911,1,1
9.808500226587055,68659.5015861094,17.939937240340136,-66.02639622857768,-41.713818,4,0,0.3403,1,1
9.80860022455454,68660.20157188177,17.939930864538912,-66.02639688423946,-41.617386,4,0,0.4368,1,1
9.80880019441247,68661.60136088729,17.939918114303328,-66.02639819504337,-41.43484,4,0,0.6193,1,1
9.809000194072723,68663.00135850906,17.939905363846457,-66.02639949179547,-41.582825,4,0,0.4713,1,1
9.809100195765495,68663.70137035847,17.939898987669682,-66.02640014447351,-41.55937,4,0,0.4948,1,1
9.809200193732975,68664.40135613084,17.93989261152694,-66.02640079715998,-41.536163,4,0,0.518,1,1
9.80930020660162,68665.10144621134,17.93988623437649,-66.02640145000535,-41.51209,4,0,0.5421,1,1
9.80930020660162,68665.10144621134,17.939886283902027,-66.02640111058311,-49.31817,4,0,-7.264,3,3
9.8094002045691,68665.80143198371,17.939879858314082,-66.02640210101123,-41.52885,4,0,0.5253,1,1
9.809500206261871,68666.50144383311,17.939873481938935,-66.0264027517002,-41.554234,4,0,0.4999,1,1
9.809600204229357,68667.20142960548,17.939867107994644,-66.02640338700398,-41.93349,4,0,0.1207,1,1
9.809700205922129,68667.90144145489,17.939860729205105,-66.02640405196487,-41.632397,4,0,0.4218,1,1
9.809800203889608,68668.60142722726,17.939854350930386,-66.02640471420155,-41.39415,4,0,0.66,1,1
9.80990020558238,68669.30143907666,17.939847976250206,-66.0264053502321,-41.75963,4,0,0.2945,1,1
9.80990020558238,68669.30143907666,17.939847975164717,-66.02640535741466,-41.594532,4,0,0.4596,1,1
9.810000203549862,68670.00142484903,17.93984159911054,-66.02640600320218,-41.73597,4,0,0.3182,1,1
9.810000203549862,68670.00142484903,17.939841598625286,-66.02640600641305,-41.662167,4,0,0.392,1,1
9.810200214385986,68671.4015007019,17.939828894606745,-66.02640695754367,-49.779778,4,0,-7.7256,3,3
9.810200214385986,68671.4015007019,17.93982884288971,-66.02640731311773,-41.601894,4,0,0.4523,1,1
9.81040021404624,68672.80149832368,17.939816140332965,-66.02640825559416,-49.919937,4,0,-7.8658,3,3
9.810600213706492,68674.20149594545,17.93980335497682,-66.02640984903529,-41.755478,4,0,0.2987,1,1
9.810700215399264,68674.90150779486,17.93979697405741,-66.0264105139633,-41.55942,4,0,0.4947,1,1
9.810700215399264,68674.90150779486,17.939796974580382,-66.02641051050308,-41.638958,4,0,0.4152,1,1
9.81100021675229,68677.00151726604,17.939777836774603,-66.02641246833545,-41.90466,4,0,0.1495,1,1
9.81100021675229,68677.00151726604,17.939777834224657,-66.02641248520699,-41.516853,4,0,0.5373,1,1
9.811100214719772,68677.7015030384,17.93977145415735,-66.02641314220186,-41.505894,4,0,0.5483,1,1
9.811600223183632,68681.20156228542,17.93973955242728,-66.0264164138705,-41.770973,4,0,0.2832,1,1
9.811700224876404,68681.90157413483,17.93973317168873,-66.02641706780051,-41.835365,4,0,0.2188,1,1
9.811800226569176,68682.60158598423,17.93972683721511,-66.0264174029204,-49.23258,4,0,-7.1784,3,3
9.811900224536656,68683.3015717566,17.939720406363474,-66.02641839961942,-41.414803,4,0,0.6394,1,1
9.81200022622943,68684.001583606,17.93971402518217,-66.02641905295383,-41.494957,4,0,0.5592,1,1
9.812100194394588,68684.70136076212,17.93970764627286,-66.02641970462395,-41.608704,4,0,0.4455,1,1
9.812300194054842,68686.1013583839,17.939694882519184,-66.02642101778976,-41.62158,4,0,0.4326,1,1
9.812500193715096,68687.50135600567,17.939682117065566,-66.026422338007,-41.474457,4,0,0.5797,1,1
9.812600206583738,68688.20144608617,17.939675778477582,-66.02642268906402,-48.510857,4,0,-6.4567,3,3
9.812900204211472,68690.30142948031,17.939656589540935,-66.02642493698912,-42.14085,4,0,-0.0867,1,1
9.812900204211472,68690.30142948031,17.93965663534065,-66.02642462396038,-49.339523,4,0,-7.2854,3,3
9.812900204211472,68690.30142948031,17.939656586493935,-66.02642495881882,-41.638496,4,0,0.4157,1,1
9.813000205904244,68691.00144132972,17.939650203181557,-66.02642561615036,-41.63147,4,0,0.4227,1,1
9.813100203871729,68691.70142710209,17.939643820010367,-66.02642627301127,-41.635063,4,0,0.4191,1,1
9.813100203871729,68691.70142710209,17.939643820113734,-66.02642627232743,-41.650784,4,0,0.4034,1,1
9.813100203871729,68691.70142710209,17.939643819667292,-66.02642627528095,-41.582893,4,0,0.4713,1,1
9.8132002055645,68692.40143895149,17.93963743745281,-66.02642692317428,-41.79352,4,0,0.2606,1,1
9.813400205224752,68693.80143657327,17.939624669091803,-66.02642824323438,-41.657227,4,0,0.3969,1,1
9.813700206577778,68695.90144604445,17.939605517874732,-66.02643020549895,-41.864838,4,0,0.1893,1,1
9.81380021572113,68696.60151004791,17.93959913155449,-66.02643087082082,-41.677597,4,0,0.3766,1,1
9.81380021572113,68696.60151004791,17.93959913175722,-66.02643086947965,-41.708424,4,0,0.3457,1,1
9.814000215381384,68698.00150766969,17.93958636385293,-66.02643217149677,-41.990265,4,0,0.0639,1,1
9.814200215041636,68699.40150529146,17.939573642421127,-66.0264331532077,-49.63802,4,0,-7.5839,3,3
9.814200215041636,68699.40150529146,17.939573593666516,-66.02643348743712,-41.951485,4,0,0.1027,1,1
9.814400214701893,68700.80150291324,17.93956082191211,-66.0264348075307,-41.81823,4,0,0.2359,1,1
9.814500216394665,68701.50151476264,17.939554436762144,-66.02643546027694,-41.91979,4,0,0.1344,1,1
9.814600214362144,68702.20150053501,17.939548051174874,-66.02643611631737,-41.9451,4,0,0.1091,1,1
9.814600214362144,68702.20150053501,17.939548051255148,-66.02643611578634,-41.957306,4,0,0.0969,1,1
9.814800225198267,68703.60157638788,17.939535277927078,-66.02643743199891,-41.91541,4,0,0.1388,1,1
9.81490022689104,68704.30158823729,17.939528891413072,-66.02643808915568,-41.915592,4,0,0.1386,1,1
9.815000224858522,68705.00157400966,17.939522505956,-66.0264387380373,-42.105953,4,0,-0.0518,1,1
9.815200224518776,68706.40157163143,17.93950976536612,-66.02643982681299,-47.291824,4,0,-5.2377,0,3
9.81540022417903,68707.8015692532,17.93949695615723,-66.02644137987147,-41.80019,4,0,0.254,1,1
9.81540022417903,68707.8015692532,17.939496956961975,-66.02644137454806,-41.92255,4,0,0.1316,1,1
9.8155002258718,68708.50158110261,17.939490568410616,-66.02644203816807,-41.77351,4,0,0.2807,1,1
9.81560019403696,68709.20135825872,17.939484182957315,-66.02644269406244,-41.796795,4,0,0.2574,1,1
9.81560019403696,68709.20135825872,17.939484183346337,-66.02644269148907,-41.855946,4,0,0.1982,1,1
9.815700195729733,68709.90137010813,17.939477795387955,-66.02644334882676,-41.850906,4,0,0.2033,1,1
9.815900195389986,68711.3013677299,17.93946501948491,-66.02644466140696,-41.887707,4,0,0.1665,1,1
9.816200204193592,68713.40142935514,17.939445878608144,-66.02644645880214,-45.885944,4,0,-3.8318,3,3
9.816300205886364,68714.10144120455,17.939439463967496,-66.02644729218846,-41.83029,4,0,0.2239,1,1
9.816300205886364,68714.10144120455,17.939439459773055,-66.02644731993416,-41.192547,4,0,0.8616,1,1
9.816500205546618,68715.50143882632,17.93942668259017,-66.02644862666774,-41.359882,4,0,0.6943,1,1
9.816700205206873,68716.9014364481,17.93941390421396,-66.0264499364943,-41.45449,4,0,0.5997,1,1
9.817000206559896,68719.00144591928,17.93939476202868,-66.02645171686832,-45.833286,4,0,-3.7791,3,3
9.817100204527378,68719.70143169165,17.939388345015242,-66.0264525578767,-41.59836,4,0,0.4558,1,1
9.817100204527378,68719.70143169165,17.939388373738392,-66.02645236119535,-46.121483,4,0,-4.0673,3,3
9.81720021367073,68720.40149569511,17.939381952414664,-66.0264532248553,-41.36705,4,0,0.6871,1,1
9.817300215363504,68721.10150754452,17.939375561258228,-66.02645388417183,-41.310173,4,0,0.744,1,1
9.817400213330984,68721.80149331689,17.939369205228175,-66.02645430312123,-46.779987,4,0,-4.7258,3,3
9.817600216716528,68723.2015170157,17.939356390284047,-66.02645583944548,-41.65681,4,0,0.3974,1,1
9.818000216037037,68726.00151225924,17.939330822177094,-66.02645847616546,-41.426846,4,0,0.6273,1,1
9.818400226533411,68728.80158573389,17.939305251187033,-66.02646110786866,-41.302227,4,0,0.7519,1,1
9.818500224500896,68729.50157150626,17.939298860243074,-66.02646175276546,-41.56787,4,0,0.4863,1,1
9.818500224500896,68729.50157150626,17.939298860022937,-66.02646175422153,-41.5344,4,0,0.5198,1,1
9.819000195711851,68733.00136998296,17.939266896904964,-66.02646502379484,-41.810555,4,0,0.2436,1,1
9.819100193679333,68733.70135575533,17.939260502372445,-66.02646568514518,-41.692722,4,0,0.3614,1,1
9.819400195032358,68735.8013652265,17.939241319371895,-66.02646765487802,-41.66368,4,0,0.3905,1,1
9.819400195032358,68735.8013652265,17.93924131978848,-66.0264676521225,-41.727016,4,0,0.3271,1,1
9.81950019672513,68736.50137707591,17.939234927185755,-66.02646829264393,-42.08517,4,0,-0.031,0,0
9.819700203835964,68737.90142685175,17.93922215828961,-66.02646945896427,-45.43643,4,0,-3.3823,1,3
9.819900203496218,68739.30142447352,17.939209353024285,-66.02647087415613,-43.058456,4,0,-1.0043,0,0
9.82060021534562,68744.20150741935,17.939164595492656,-66.02647535828075,-45.490967,4,0,-3.4368,1,3
9.820700217038391,68744.90151926875,17.93915818192721,-66.02647612974998,-42.823376,4,0,-0.7692,0,0
9.821400213986635,68749.80149790645,17.93911341927304,-66.02648058791497,-45.780766,4,0,-3.7266,3,3
9.821600213646889,68751.20149552822,17.939100595271466,-66.02648208834819,-41.400887,4,0,0.6533,1,1
9.821900226175783,68753.3015832305,17.939081400025735,-66.02648404524392,-41.57793,4,0,0.4762,1,1
9.822000224143268,68754.00156900287,17.93907500248532,-66.02648469203328,-41.759766,4,0,0.2944,1,1
9.822000224143268,68754.00156900287,17.939075000143674,-66.02648470752209,-41.403755,4,0,0.6504,1,1
9.82220022380352,68755.40156662464,17.93906180351638,-66.02648874571817,21.354483,0,0,63.4086,0,0
9.822300225496292,68756.10157847404,17.939055806695695,-66.02648664170151,-42.08438,4,0,-0.0302,1,1
9.822400193661451,68756.80135563016,17.939049406871476,-66.02648731311366,-41.68926,4,0,0.3649,1,1
9.822400193661451,68756.80135563016,17.939049407698185,-66.02648730764535,-41.814945,4,0,0.2392,1,1
9.822500195354223,68757.50136747956,17.939043006357576,-66.02648797230944,-41.57903,4,0,0.4751,1,1
9.822600197046995,68758.20137932897,17.939036627559247,-66.02648848172315,-44.91174,4,0,-2.8576,3,3
9.822600197046995,68758.20137932897,17.939036606410816,-66.0264886266234,-41.579475,4,0,0.4747,1,1
9.822600197046995,68758.20137932897,17.939036606276435,-66.02648862751224,-41.559048,4,0,0.4951,1,1
9.822800196707249,68759.60137695074,17.939023808527885,-66.02648992012944,-41.92271,4,0,0.1315,1,1
9.8229002058506,68760.30144095421,17.939017406333164,-66.02649058283986,-41.726585,4,0,0.3276,1,1
9.823100205510856,68761.70143857598,17.939004606626895,-66.02649188171021,-41.937,4,0,0.1172,1,1
9.823200203478336,68762.40142434835,17.93899822774834,-66.02649238483946,-45.404648,4,0,-3.3505,3,3
9.823300205171108,68763.10143619776,17.938991804297057,-66.02649319306911,-41.854084,4,0,0.2001,1,1
9.82340020686388,68763.80144804716,17.93898542440584,-66.02649370081792,-45.21224,4,0,-3.1581,3,3
9.823500204831362,68764.50143381953,17.93897900158185,-66.02649450303879,-41.796307,4,0,0.2579,1,1
9.823500204831362,68764.50143381953,17.938979024444144,-66.02649434512898,-45.428158,4,0,-3.374,3,3
9.823700204491615,68765.9014314413,17.938966219865232,-66.02649566475182,-45.141228,4,0,-3.0871,3,3
9.823900204151869,68767.30142906308,17.938953393530078,-66.02649712732155,-41.56074,4,0,0.4934,1,1
9.824200216680763,68769.40151676536,17.938934186405064,-66.02649908606952,-41.585514,4,0,0.4687,1,1
9.8245002143085,68771.5015001595,17.938914979755012,-66.02650103843794,-41.738865,4,0,0.3153,1,1
9.824700213968754,68772.90149778128,17.938902171542892,-66.02650235931847,-41.388714,4,0,0.6655,1,1
9.824800215661526,68773.60150963068,17.938895794015096,-66.02650283495262,-45.46123,4,0,-3.4071,3,3
9.824800215661526,68773.60150963068,17.93889576853718,-66.02650301016791,-41.431644,4,0,0.6225,1,1
9.824900224804878,68774.30157363415,17.938889366499758,-66.02650365048942,-41.715855,4,0,0.3383,1,1
9.824900224804878,68774.30157363415,17.938889365684737,-66.02650365588063,-41.59194,4,0,0.4622,1,1
9.82500022649765,68775.00158548355,17.938882961796885,-66.02650431053942,-41.543663,4,0,0.5105,1,1
9.825100224465132,68775.70157125592,17.938876558525283,-66.02650496167205,-41.574036,4,0,0.4801,1,1
9.825300224125384,68777.1015688777,17.93886375282036,-66.02650625385236,-41.861572,4,0,0.1926,1,1
9.825300224125384,68777.1015688777,17.93886375128064,-66.0265062640374,-41.627476,4,0,0.4267,1,1
9.82550022378564,68778.50156649947,17.938850943757075,-66.02650756430847,-41.721577,4,0,0.3326,1,1
9.82550022378564,68778.50156649947,17.938850944752694,-66.02650755772252,-41.87295,4,0,0.1812,1,1
9.825700227171184,68779.90159019828,17.93883815886861,-66.02650870272367,-45.531197,4,0,-3.477,3,3
9.825800225138664,68780.60157597065,17.938831755083445,-66.02650935040542,-45.62774,4,0,-3.5736,3,3
9.825900197029114,68781.3013792038,17.93882535071392,-66.02651001187868,-45.401478,4,0,-3.3473,3,3
9.825900197029114,68781.3013792038,17.938825352134465,-66.02651000248183,-45.61746,4,0,-3.5633,3,3
9.825900197029114,68781.3013792038,17.938825328052506,-66.0265101684679,-41.800026,4,0,0.2541,1,1
9.826000194996595,68782.00136497617,17.93881894679993,-66.02651065851602,-45.518196,4,0,-3.464,3,3
9.826100196689367,68782.70137682557,17.938812518256167,-66.02651147184658,-41.800064,4,0,0.2541,1,1
9.82630019634962,68784.10137444735,17.938799708709787,-66.02651277027277,-41.906002,4,0,0.1482,1,1
9.826500207185743,68785.50145030022,17.938786896556806,-66.02651407761181,-41.800964,4,0,0.2532,1,1
9.826600205153229,68786.20143607259,17.9387804915319,-66.02651472607629,-41.86403,4,0,0.1901,1,1
9.826600205153229,68786.20143607259,17.93878048988156,-66.02651473699343,-41.613106,4,0,0.4411,1,1
9.82680020481348,68787.60143369436,17.93876770269293,-66.02651587177577,-45.463047,4,0,-3.4089,3,3
9.826900206506252,68788.30144554377,17.938761271607458,-66.0265166951031,-41.49931,4,0,0.5549,1,1
9.827000204473734,68789.00143131614,17.938754867097956,-66.02651733662374,-41.71407,4,0,0.3401,1,1
9.827100206166506,68789.70144316554,17.938748460048878,-66.026517992525,-41.596867,4,0,0.4573,1,1
9.827200204133987,68790.40142893791,17.938742055223706,-66.02651863441228,-41.799217,4,0,0.2549,1,1
9.827200204133987,68790.40142893791,17.938742054451442,-66.02651863952092,-41.681797,4,0,0.3724,1,1
9.827200204133987,68790.40142893791,17.938742054813634,-66.02651863712492,-41.73687,4,0,0.3173,1,1
9.82730020582676,68791.10144078732,17.938735649574273,-66.02651927934865,-41.930042,4,0,0.1241,1,1
9.82730020582676,68791.10144078732,17.93873564949585,-66.02651927986744,-41.918118,4,0,0.136,1,1
9.82730020582676,68791.10144078732,17.938735648812894,-66.02651928438536,-41.814278,4,0,0.2399,1,1
9.827400214970112,68791.80150479078,17.9387292641169,-66.02651978007357,-45.3769,4,0,-3.3227,3,3
9.827400214970112,68791.80150479078,17.938729241931902,-66.02651993351868,-41.847748,4,0,0.2064,1,1
9.827500216662884,68792.50151664019,17.938722858707663,-66.02652042174638,-45.57872,4,0,-3.5246,3,3
9.827500216662884,68792.50151664019,17.938722833033474,-66.02652059827399,-41.519035,4,0,0.5351,1,1
9.827600214630364,68793.20150241256,17.93871642836046,-66.02652123580654,-41.81345,4,0,0.2407,1,1
9.82780021429062,68794.60150003433,17.938703615016987,-66.02652253331898,-41.880848,4,0,0.1733,1,1
9.82780021429062,68794.60150003433,17.938703614281682,-66.02652253818329,-41.769047,4,0,0.2851,1,1
9.82790021598339,68795.30151188374,17.938697207580287,-66.02652318515345,-41.84104,4,0,0.2131,1,1
9.828000213950872,68796.0014976561,17.938690824642922,-66.02652366899225,-45.66222,4,0,-3.6081,3,3
9.828200213611126,68797.40149527788,17.938678012542628,-66.0265249519435,-46.048077,4,0,-3.9939,3,3
9.828200213611126,68797.40149527788,17.938677983397604,-66.02652515143669,-41.46057,4,0,0.5936,1,1
9.828300215303898,68798.10150712729,17.9386716025866,-66.0265256173267,-45.688736,4,0,-3.6346,3,3
9.828300215303898,68798.10150712729,17.938671602408554,-66.02652561850458,-45.661663,4,0,-3.6075,3,3
9.828800223767756,68801.6015663743,17.938639537844374,-66.02652903871956,-41.68767,4,0,0.3665,1,1
9.82890022546053,68802.3015782237,17.938633130015855,-66.02652968515987,-41.751694,4,0,0.3025,1,1
9.8290002271533,68803.00159007311,17.938626721688784,-66.02653033464698,-41.743423,4,0,0.3107,1,1
9.8290002271533,68803.00159007311,17.938626721583088,-66.02653033534624,-41.727352,4,0,0.3268,1,1
9.829100225120785,68803.70157584548,17.93862031338896,-66.0265309848136,-41.716934,4,0,0.3372,1,1
9.829200226813557,68804.40158769488,17.938613904137075,-66.026531639037,-41.59571,4,0,0.4585,1,1
9.829400196671486,68805.8013767004,17.938601089191806,-66.02653293591692,-41.607983,4,0,0.4462,1,1
9.829500194638968,68806.50136247277,17.938594705521677,-66.02653341376227,-45.53625,4,0,-3.4821,3,3
9.829500194638968,68806.50136247277,17.938594682687636,-66.02653357151367,-41.90818,4,0,0.146,1,1
9.8301002047956,68810.7014335692,17.938556251392203,-66.02653730463739,-45.52131,4,0,-3.4671,3,3
9.8301002047956,68810.7014335692,17.93855622799576,-66.02653746611391,-41.807632,4,0,0.2465,1,1
9.830200206488373,68811.4014454186,17.93854981852537,-66.02653811543641,-41.778625,4,0,0.2755,1,1
9.830300204455853,68812.10143119097,17.938543408408464,-66.02653877001038,-41.62633,4,0,0.4278,1,1
9.830300204455853,68812.10143119097,17.938543408959138,-66.0265387663671,-41.710068,4,0,0.3441,1,1
9.830500204116106,68813.50142881274,17.93853059052414,-66.02654006035374,-41.7484,4,0,0.3058,1,1
9.830600205808878,68814.20144066215,17.938524240296502,-66.02654079653121,-41.768135,4,0,0.286,1,1
9.83070020377636,68814.90142643452,17.938517827826328,-66.02654143382823,-41.87414,4,0,0.18,1,1
9.830800205469131,68815.60143828392,17.938511412801695,-66.02654208591893,-41.638588,4,0,0.4156,1,1
9.830800205469131,68815.60143828392,17.938511436487914,-66.02654192252359,-45.396355,4,0,-3.3422,3,3
9.830900214612484,68816.30150228739,17.938504998780335,-66.02654272772529,-41.638435,4,0,0.4157,1,1
9.83120021596551,68818.40151175857,17.938485758396276,-66.02654464989496,-41.696747,4,0,0.3574,1,1
9.83120021596551,68818.40151175857,17.93848575778274,-66.02654465395425,-41.60345,4,0,0.4507,1,1
9.831300213932993,68819.10149753094,17.9384793446441,-66.02654529262581,-41.665756,4,0,0.3884,1,1
9.831500217318537,68820.50152122974,17.938466518146196,-66.02654656698367,-41.854393,4,0,0.1998,1,1
9.831500217318537,68820.50152122974,17.93846652301653,-66.02654653308832,-42.634014,4,0,-0.5798,0,0
9.831900224089622,68823.30156862736,17.938440861573003,-66.0265491341001,-41.78715,4,0,0.267,1,1
9.832000225782394,68824.00158047676,17.938434446593277,-66.02654978060654,-41.65728,4,0,0.3969,1,1
9.832000225782394,68824.00158047676,17.9384344479488,-66.02654977163762,-41.863415,4,0,0.1907,1,1
9.832100223749876,68824.70156624913,17.938428032831926,-66.02655042027824,-41.68227,4,0,0.3719,1,1
9.8324002251029,68826.80157572031,17.938408790567532,-66.02655234085212,-41.71279,4,0,0.3414,1,1
9.832500226795672,68827.50158756971,17.9384024016937,-66.02655280645264,-45.735023,4,0,-3.6809,3,3
9.832600224763157,68828.20157334208,17.938395962443952,-66.02655362006476,-41.752083,4,0,0.3021,1,1
9.832800194621086,68829.6013623476,17.938383135623177,-66.0265549022019,-41.713875,4,0,0.3403,1,1
9.832900196313858,68830.301374197,17.938376746203865,-66.02655537052838,-45.667606,4,0,-3.6134,3,3
9.83300019428134,68831.00135996938,17.93837030736907,-66.02655618058888,-41.76062,4,0,0.2935,1,1
9.83300019428134,68831.00135996938,17.93837030617675,-66.02655618847841,-41.579292,4,0,0.4749,1,1
9.833300206810236,68833.10144767165,17.938351064077686,-66.02655809758593,-41.83611,4,0,0.2181,1,1
9.833400204777718,68833.80143344402,17.938344649601135,-66.02655873924552,-41.796696,4,0,0.2575,1,1
9.833400204777718,68833.80143344402,17.938344648580962,-66.02655874599614,-41.641544,4,0,0.4126,1,1
9.833800204098225,68836.60142868757,17.938319017495328,-66.02656112460838,-45.797043,4,0,-3.7429,3,3
9.833800204098225,68836.60142868757,17.938319016630594,-66.0265611303306,-45.665527,4,0,-3.6114,3,3
9.833900205790997,68837.30144053698,17.93831257775412,-66.0265619382966,-41.79646,4,0,0.2577,1,1
9.834000203758478,68838.00142630935,17.93830616341258,-66.02656257877041,-41.77761,4,0,0.2766,1,1
9.834000203758478,68838.00142630935,17.938306163920103,-66.0265625754119,-41.854797,4,0,0.1994,1,1
9.83410020545125,68838.70143815875,17.938299747002635,-66.02656323138545,-41.47927,4,0,0.5749,1,1
9.834200207144022,68839.40145000815,17.938293334348817,-66.02656385917264,-41.75059,4,0,0.3036,1,1
9.834300216287374,68840.10151401162,17.9382869450955,-66.02656432234761,-45.80766,4,0,-3.7535,3,3
9.834300216287374,68840.10151401162,17.938286920161598,-66.0265644940369,-41.85943,4,0,0.1947,1,1
9.834400214254856,68840.801499784,17.938280531188987,-66.02656496008774,-45.847862,4,0,-3.7937,3,3
9.834400214254856,68840.801499784,17.93828050536695,-66.02656513765541,-41.764538,4,0,0.2896,1,1
9.834400214254856,68840.801499784,17.938280506013772,-66.026565133375,-41.86291,4,0,0.1913,1,1
9.83460021391511,68842.20149740577,17.93826767788615,-66.02656640915893,-41.934635,4,0,0.1195,1,1
9.834700215607882,68842.90150925517,17.938261262242357,-66.02656705712724,-41.73786,4,0,0.3163,1,1
9.834700215607882,68842.90150925517,17.938261261331533,-66.02656706315486,-41.59933,4,0,0.4548,1,1
9.834700215607882,68842.90150925517,17.938261278580153,-66.02656694399197,-44.339764,4,0,-2.2856,0,0
9.835300225764511,68847.10158035159,17.938222775137984,-66.02657090352999,-41.494293,4,0,0.5599,1,1
9.835300225764511,68847.10158035159,17.93822278248165,-66.0265708532576,-42.650265,4,0,-0.5961,0,0
9.835300225764511,68847.10158035159,17.938222777044068,-66.02657089091551,-41.784206,4,0,0.27,1,1
9.835600227117538,68849.20158982277,17.938203560252983,-66.02657263476608,-45.778328,4,0,-3.7242,3,3
9.83570022508502,68849.90157559514,17.93819712040596,-66.02657345321602,-41.654644,4,0,0.3995,1,1
9.836100194603205,68852.70136222243,17.938171466267512,-66.02657601619015,-41.49875,4,0,0.5554,1,1
9.836300194263458,68854.10135984421,17.93815864268165,-66.02657726883461,-42.084698,4,0,-0.0305,1,1
9.836300194263458,68854.10135984421,17.938158642347187,-66.02657727272049,-41.99481,4,0,0.0594,1,1
9.83640019595623,68854.80137169361,17.938152227735547,-66.02657791834132,-41.843925,4,0,0.2102,1,1
9.836500193923712,68855.50135746598,17.938145814274506,-66.02657855831703,-41.82207,4,0,0.2321,1,1
9.836600195616484,68856.20136931539,17.938139399718793,-66.02657920440869,-41.660076,4,0,0.3941,1,1
9.836700204759836,68856.90143331885,17.938132987060087,-66.02657983527514,-41.848984,4,0,0.2052,1,1
9.83690020442009,68858.30143094063,17.938120160118167,-66.02658111694582,-41.765697,4,0,0.2885,1,1
9.83690020442009,68858.30143094063,17.938120158288623,-66.026581129055,-41.487404,4,0,0.5668,1,1
9.837200205773115,68860.4014404118,17.938100946651954,-66.02658285736747,-45.82816,4,0,-3.774,3,3
9.837300203740597,68861.10142618418,17.938094535443685,-66.02658348631063,-46.059753,4,0,-4.0056,3,3
9.83750020712614,68862.50144988298,17.93808168213055,-66.02658495354207,-41.711246,4,0,0.3429,1,1
9.837700214236976,68863.90149965882,17.938068949305077,-66.02658559605061,-56.32741,2,0,-14.2732,0,0
9.837700214236976,68863.90149965882,17.938068855951574,-66.02658623569907,-41.61957,4,0,0.4346,1,1
9.837900213897228,68865.3014972806,17.938056030868168,-66.02658751619607,-41.566044,4,0,0.4881,1,1
9.837900213897228,68865.3014972806,17.938056031038506,-66.02658751506861,-41.591957,4,0,0.4622,1,1
9.83800021559,68866.00150913,17.93804961842435,-66.02658815598541,-41.550594,4,0,0.5036,1,1
9.83800021559,68866.00150913,17.938049616818365,-66.02658816661562,-41.306293,4,0,0.7479,0,0
9.838300216943026,68868.10151860118,17.938030410674052,-66.02658987847025,-46.033085,4,0,-3.9789,3,3
9.838400214910507,68868.80150437355,17.938023998256774,-66.02659052239316,-45.923763,4,0,-3.8696,3,3
9.838400214910507,68868.80150437355,17.938023971393772,-66.02659070689677,-41.68124,4,0,0.3729,1,1
9.838800225406883,68871.6015778482,17.937998326733585,-66.02659324738887,-42.061546,4,0,-0.0074,1,1
9.83900022506714,68873.00157546997,17.937985531168614,-66.02659434327144,-46.26309,4,0,-4.2089,3,3
9.83910022675991,68873.70158731937,17.93797909131183,-66.02659517935896,-41.739925,4,0,0.3142,1,1
9.83910022675991,68873.70158731937,17.937979091103006,-66.02659518074127,-41.70816,4,0,0.346,1,1
9.839200224727392,68874.40157309175,17.93797268124167,-66.02659581396959,-41.849503,4,0,0.2047,1,1
9.839400224387646,68875.80157071352,17.9379598599846,-66.02659709157223,-41.878864,4,0,0.1753,1,1
9.839400224387646,68875.80157071352,17.937959857415443,-66.02659710857911,-41.48802,4,0,0.5661,1,1
9.839400224387646,68875.80157071352,17.93796006445768,-66.02659568952824,-74.11646,0,0,-32.0623,0,0
9.839500226080418,68876.50158256292,17.93795344949938,-66.02659772994737,-41.904816,4,0,0.1493,1,1
9.839700195938349,68877.90137156844,17.93794062974903,-66.026599015307,-41.756493,4,0,0.2977,1,1
9.839700195938349,68877.90137156844,17.937940630473356,-66.0265990105121,-41.866688,4,0,0.1875,1,1
9.840000204741957,68880.00143319368,17.937921429202927,-66.02660072679771,-46.52825,4,0,-4.4741,3,3
9.840000204741957,68880.00143319368,17.937921400019682,-66.02660092834951,-41.89344,4,0,0.1607,1,1
9.840400204062462,68882.80142843723,17.937895762145462,-66.02660348557127,-41.939137,4,0,0.115,1,1
9.840600207448006,68884.20145213604,17.9378829424855,-66.02660477363999,-41.751583,4,0,0.3026,1,1
9.840600207448006,68884.20145213604,17.937882942305695,-66.0266047748303,-41.72423,4,0,0.3299,1,1
9.840700205415487,68884.90143790841,17.937876533029932,-66.02660541829997,-41.644615,4,0,0.4095,1,1
9.84080020710826,68885.60144975781,17.937870154908556,-66.0266058466525,-46.51325,4,0,-4.4591,3,3
9.84090020507574,68886.30143553019,17.937863717945888,-66.02660668388673,-41.98024,4,0,0.0739,1,1
9.841000206768513,68887.00144737959,17.937857306917817,-66.02660734058563,-41.60081,4,0,0.4534,1,1
9.841000206768513,68887.00144737959,17.937857308154285,-66.02660733239995,-41.788925,4,0,0.2652,1,1
9.841200213879349,68888.40149715543,17.93784449020256,-66.02660862034361,-41.61943,4,0,0.4347,1,1
9.841700214892626,68891.90150424838,17.937812451328718,-66.0266118271313,-41.517345,4,0,0.5368,1,1
9.841700214892626,68891.90150424838,17.93781245277278,-66.02661181757107,-41.737045,4,0,0.3171,1,1
9.841700214892626,68891.90150424838,17.9378124520663,-66.02661182224823,-41.629562,4,0,0.4246,1,1
9.841800216585398,68892.60151609778,17.93780604551627,-66.02661245834658,-41.7345,4,0,0.3197,1,1
9.842100214213133,68894.70149949193,17.93778682495576,-66.02661438293762,-41.682743,4,0,0.3714,1,1
9.842100214213133,68894.70149949193,17.93778682521471,-66.02661438122328,-41.722137,4,0,0.332,1,1
9.842300225049256,68896.1015753448,17.937774017308694,-66.02661562509776,-42.59833,4,0,-0.5442,0,0
9.84240022674203,68896.8015871942,17.937767604994292,-66.02661630831544,-41.62915,4,0,0.425,1,1
9.84240022674203,68896.8015871942,17.937767605757404,-66.02661630326315,-41.745255,4,0,0.3089,1,1
9.84240022674203,68896.8015871942,17.937767606011,-66.02661630158423,-41.783836,4,0,0.2703,1,1
9.842700224369764,68898.90157058835,17.937748389760305,-66.02661821989994,-41.90504,4,0,0.1491,1,1
9.842800226062536,68899.60158243775,17.9377420166088,-66.0266186388767,-47.018406,4,0,-4.9642,3,3
9.842800226062536,68899.60158243775,17.937741983031675,-66.0266188695435,-41.714676,4,0,0.3395,1,1
9.843000195920467,68901.00137144327,17.93772920755768,-66.02661992651701,-46.905773,4,0,-4.8516,3,3
9.843100193887947,68901.70135721564,17.937722770950675,-66.02662078781843,-41.853218,4,0,0.2009,1,1
9.843300197273493,68903.10138091445,17.937709959924117,-66.02662208285003,-41.58619,4,0,0.468,1,1
9.8436002060771,68905.20144253969,17.93769078334401,-66.0266237610471,-47.27777,4,0,-5.2236,3,3
9.844000205397606,68908.00143778324,17.937665173350812,-66.02662630554151,-47.835533,4,0,-5.7814,3,3
9.844100207090378,68908.70144963264,17.93765873199798,-66.02662721210996,-41.76167,4,0,0.2925,1,1
9.84420020505786,68909.40143540502,17.937652366201466,-66.02662760300235,-47.54594,4,0,-5.4918,3,3
9.84420020505786,68909.40143540502,17.937652327247232,-66.02662786928074,-41.42394,4,0,0.6302,1,1
9.84470021724701,68912.90152072906,17.93762031661949,-66.02663108055806,-41.483047,4,0,0.5711,1,1
9.845200214534998,68916.40150174499,17.937588311249797,-66.0266343001038,-41.40274,4,0,0.6514,1,1
9.84530021622777,68917.10151359439,17.93758191174173,-66.02663493722262,-41.549572,4,0,0.5046,1,1
9.84530021622777,68917.10151359439,17.937581915230243,-66.02663491245188,-42.119385,4,0,-0.0652,1,1
9.84530021622777,68917.10151359439,17.937581910267443,-66.02663494698403,-41.325256,4,0,0.7289,1,1
9.845600225031376,68919.20157521963,17.937562751789585,-66.0266365907501,-47.932278,4,0,-5.8781,3,3
9.845700226724148,68919.90158706903,17.93755631119466,-66.02663751607406,-41.46168,4,0,0.5925,1,1
9.845700226724148,68919.90158706903,17.937556311317,-66.02663751526406,-41.480293,4,0,0.5739,1,1
9.84580022469163,68920.6015728414,17.93754991737874,-66.026638122584,-42.32338,4,0,-0.2692,0,0
9.84580022469163,68920.6015728414,17.937549913369956,-66.02663815079947,-41.674416,4,0,0.3797,1,1
9.84580022469163,68920.6015728414,17.937549912354143,-66.02663815752535,-41.519855,4,0,0.5343,1,1
9.8459002263844,68921.30158469081,17.93754351396606,-66.026638796459,-41.638477,4,0,0.4157,1,1
9.846100226044657,68922.70158231258,17.937530717123227,-66.026640081014,-41.728397,4,0,0.3258,1,1
9.846300225704908,68924.10157993436,17.937517958848797,-66.02664110645998,-47.785328,4,0,-5.7312,3,3
9.846400197595358,68924.8013831675,17.937511522782568,-66.02664202520921,-41.477627,4,0,0.5765,1,1
9.846600197255611,68926.20138078928,17.937498729393248,-66.02664330272928,-41.752655,4,0,0.3015,1,1
9.846700195223091,68926.90136656165,17.937492370617267,-66.02664368356305,-47.82397,4,0,-5.7698,3,3
9.846800196915863,68927.60137841105,17.937485936183293,-66.0266445854743,-41.91716,4,0,0.137,1,1
9.846800196915863,68927.60137841105,17.937485934120748,-66.02664459913089,-41.60334,4,0,0.4508,1,1
9.8470002040267,68929.0014281869,17.9374731429011,-66.0266458703712,-42.043545,4,0,0.0106,1,1
9.8470002040267,68929.0014281869,17.937473141543695,-66.02664588103161,-41.79799,4,0,0.2562,1,1
9.847100205719473,68929.7014400363,17.937466745528987,-66.02664652337897,-41.866577,4,0,0.1876,1,1
9.847100205719473,68929.7014400363,17.93746674634495,-66.02664651797627,-41.990726,4,0,0.0634,1,1
9.847200207412245,68930.4014518857,17.937460387010503,-66.02664690904597,-47.83945,4,0,-5.7853,3,3
9.84760020673275,68933.20144712925,17.937434767968686,-66.02664974442038,-42.03196,4,0,0.0222,1,1
9.847700204700232,68933.90143290162,17.937428372869157,-66.02665039376875,-41.95331,4,0,0.1009,1,1
9.847800206393003,68934.60144475102,17.937421976978072,-66.02665104678492,-41.794003,4,0,0.2602,1,1
9.847900215536356,68935.30150875449,17.93741558164125,-66.02665169468192,-41.755936,4,0,0.2982,1,1
9.84820021688938,68937.40151822567,17.937396399718818,-66.02665363215331,-41.79586,4,0,0.2583,1,1
9.84820021688938,68937.40151822567,17.93739640021382,-66.02665362887579,-41.871174,4,0,0.183,1,1
9.848300214856865,68938.10150399804,17.937390042987335,-66.02665402739257,-47.57497,4,0,-5.5208,3,3
9.848300214856865,68938.10150399804,17.937390006441362,-66.02665427773532,-41.8194,4,0,0.2348,1,1
9.848500214517117,68939.50150161982,17.93737722120895,-66.02665556193756,-42.03519,4,0,0.019,1,1
9.848500214517117,68939.50150161982,17.937377220820753,-66.02665556618078,-41.937103,4,0,0.1171,1,1
9.848600216209888,68940.20151346922,17.937370865930614,-66.02665595057724,-47.974327,4,0,-5.9202,3,3
9.84870021417737,68940.90149924159,17.937364433675395,-66.02665687098221,-41.68935,4,0,0.3648,1,1
9.848800215870142,68941.601511091,17.93735804047242,-66.02665752290748,-41.580395,4,0,0.4738,1,1
9.848800215870142,68941.601511091,17.937358040906187,-66.02665752003551,-41.64639,4,0,0.4078,1,1
9.848900217562914,68942.3015229404,17.937351690339455,-66.0266578813068,-48.222424,4,0,-6.1683,3,3
9.849000215530396,68943.00150871277,17.93734525684632,-66.02665881496135,-41.64067,4,0,0.4135,1,1
9.849100224673748,68943.70157271624,17.93733886494562,-66.0266594602196,-41.693703,4,0,0.3605,1,1
9.84920022636652,68944.40158456564,17.937332472142995,-66.02666011624444,-41.50079,4,0,0.5534,1,1
9.849300224334002,68945.10157033801,17.937326080888635,-66.02666076526219,-41.4709,4,0,0.5833,1,1
9.849400226026772,68945.80158218741,17.93731973491216,-66.0266611045932,-48.5639,4,0,-6.5097,3,3
9.8497002273798,68947.90159165859,17.937300519240853,-66.02666335130544,-41.609173,4,0,0.445,1,1
9.849800195544958,68948.6013688147,17.937294183426005,-66.02666364243454,-49.815662,4,0,-7.7615,3,3
9.849800195544958,68948.6013688147,17.93729413040662,-66.0266640051891,-41.475906,4,0,0.5783,1,1
9.84990019723773,68949.30138066411,17.937287740987024,-66.02666465067789,-41.543114,4,0,0.5111,1,1
9.850300207734108,68952.10145413876,17.937262182931075,-66.02666725055775,-41.42638,4,0,0.6278,1,1
9.85050020739436,68953.50145176053,17.93724940710179,-66.02666854183167,-41.581768,4,0,0.4724,1,1
9.850600205361845,68954.2014375329,17.937242958462818,-66.026669063739,-41.75662,4,0,0.2975,1,1
9.850700207054617,68954.9014493823,17.9372365730524,-66.02666972993866,-41.543526,4,0,0.5106,1,1
9.850800205022097,68955.60143515468,17.93723018887016,-66.02667039127161,-41.444374,4,0,0.6098,1,1
9.85100020468235,68957.00143277645,17.937217423791424,-66.0266716957439,-41.672546,4,0,0.3816,1,1
9.851100206375122,68957.70144462585,17.937211087609597,-66.02667203110306,-49.076206,4,0,-7.022,3,3
9.851200204342604,68958.40143039823,17.937204657676773,-66.0266730138344,-41.597992,4,0,0.4562,1,1
9.851200204342604,68958.40143039823,17.93720465834044,-66.02667300944033,-41.698963,4,0,0.3552,1,1
9.851300206035376,68959.10144224763,17.937198275177405,-66.02667367092356,-41.60967,4,0,0.4445,1,1
9.851300206035376,68959.10144224763,17.937198274523777,-66.0266736752512,-41.510227,4,0,0.5439,1,1
9.8515002168715,68960.5015181005,17.937185514406575,-66.0266749568437,-42.29151,4,0,-0.2373,0,0
9.8515002168715,68960.5015181005,17.937185510595334,-66.02667498375008,-41.672657,4,0,0.3815,1,1
9.851600214838982,68961.20150387287,17.937179130426472,-66.02667563192267,-41.895813,4,0,0.1584,1,1
9.851700216531754,68961.90151572227,17.93717274780325,-66.02667629643167,-41.74645,4,0,0.3077,1,1
9.851700216531754,68961.90151572227,17.93717274658801,-66.02667630447749,-41.56157,4,0,0.4926,1,1
9.851800214499235,68962.60150149465,17.937166365049816,-66.02667696497885,-41.50599,4,0,0.5482,1,1
9.851800214499235,68962.60150149465,17.93716636604561,-66.02667695838598,-41.657482,4,0,0.3967,1,1
9.851900216192009,68963.30151334405,17.937159984931643,-66.02667761614622,-41.667667,4,0,0.3865,1,1
9.852000214159489,68964.00149911642,17.937153605697475,-66.02667826461787,-41.892902,4,0,0.1613,1,1
9.852000214159489,68964.00149911642,17.93715360457703,-66.0266782720359,-41.722446,4,0,0.3317,1,1
9.852200217545033,68965.40152281523,17.937140843017556,-66.02667959112854,-41.671436,4,0,0.3827,1,1
9.852300226688383,68966.1015868187,17.937134464037406,-66.02668023803416,-41.940613,4,0,0.1136,1,1
9.85260022431612,68968.20157021284,17.937115324663853,-66.02668221661486,-41.885418,4,0,0.1687,1,1
9.85260022431612,68968.20157021284,17.937115324305893,-66.02668221898472,-41.83096,4,0,0.2232,1,1
9.852700226008892,68968.90158206224,17.93710894424719,-66.02668288233633,-41.72885,4,0,0.3253,1,1
9.852800227701664,68969.60159391165,17.937102566429836,-66.02668353237482,-41.934486,4,0,0.1197,1,1
9.852800227701664,68969.60159391165,17.937102566503338,-66.02668353188818,-41.945667,4,0,0.1085,1,1
9.852900225669146,68970.30157968402,17.937096232992474,-66.02668387996013,-49.095314,4,0,-7.0411,3,3
9.852900225669146,68970.30157968402,17.937096186837454,-66.02668419722806,-41.80092,4,0,0.2532,1,1
9.852900225669146,68970.30157968402,17.937096186505727,-66.02668419942421,-41.750454,4,0,0.3037,1,1
9.853000227361916,68971.00159153342,17.93708980845686,-66.02668485401396,-41.85503,4,0,0.1991,1,1
9.853400196880102,68973.80137816072,17.937064298754446,-66.02668748616838,-41.967194,4,0,0.087,1,1
9.853600196540356,68975.20137578249,17.937051543108826,-66.02668881004163,-41.85567,4,0,0.1985,1,1
9.853700194507836,68975.90136155486,17.937045166450932,-66.02668946718278,-41.911983,4,0,0.1422,1,1
9.853700194507836,68975.90136155486,17.9370451651114,-66.02668947605041,-41.708218,4,0,0.3459,1,1
9.853900205343962,68977.30143740773,17.937032411312103,-66.02669079156732,-41.79883,4,0,0.2553,1,1
9.854100205004215,68978.7014350295,17.937019658665484,-66.02669210965259,-41.833897,4,0,0.2203,1,1
9.854500204324722,68981.50143027306,17.936994155788884,-66.0266947456468,-41.922306,4,0,0.1319,1,1
9.854700215160848,68982.90150612593,17.93698140351356,-66.02669607270576,-41.766193,4,0,0.288,1,1
9.854700215160848,68982.90150612593,17.936981402759105,-66.02669607769985,-41.651436,4,0,0.4027,1,1
9.854700215160848,68982.90150612593,17.936981403349584,-66.02669607379117,-41.741253,4,0,0.3129,1,1
9.855000216513872,68985.0015155971,17.936962278710162,-66.02669805522704,-41.721977,4,0,0.3322,1,1
9.855100214481354,68985.70150136948,17.936955902776795,-66.02669872622873,-41.475018,4,0,0.5791,1,1
9.855100214481354,68985.70150136948,17.93695590467487,-66.02669871366491,-41.763714,4,0,0.2905,1,1
9.855300217866898,68987.10152506828,17.93694315433391,-66.0267000461721,-41.491325,4,0,0.5628,1,1
9.855300217866898,68987.10152506828,17.93694315725362,-66.02670002684617,-41.935402,4,0,0.1188,1,1
9.855300217866898,68987.10152506828,17.936943157153443,-66.02670002750924,-41.920166,4,0,0.134,1,1
9.855500217527153,68988.50152269006,17.936930408827745,-66.0267013530665,-41.809525,4,0,0.2446,1,1
9.855800215154886,68990.6015060842,17.936911289025364,-66.02670333323834,-41.83499,4,0,0.2192,1,1
9.855900216847658,68991.3015179336,17.93690491569077,-66.02670399501218,-41.80533,4,0,0.2488,1,1
9.85600022599101,68992.00158193707,17.936898543518286,-66.02670464712979,-41.999058,4,0,0.0551,1,1
9.856100227683784,68992.70159378648,17.936892168061775,-66.02670532519203,-41.595833,4,0,0.4583,1,1
9.856200225651264,68993.40157955885,17.93688579552079,-66.02670598660448,-41.574913,4,0,0.4793,1,1
9.856300227344036,68994.10159140825,17.93687942343055,-66.02670664457395,-41.63392,4,0,0.4202,1,1
9.856400225311518,68994.80157718062,17.936873050949558,-66.02670730774884,-41.57295,4,0,0.4812,1,1
9.85670019686222,68996.90137803555,17.936853937389298,-66.02670928714777,-41.62006,4,0,0.4341,1,1
9.856900196522474,68998.30137565732,17.93684119450209,-66.02671060751614,-41.63679,4,0,0.4174,1,1
9.856900196522474,68998.30137565732,17.93684119304595,-66.0267106171532,-41.415348,4,0,0.6388,1,1
9.856900196522474,68998.30137565732,17.936841197425547,-66.02671058649585,-42.120384,4,0,-0.0662,1,1
9.857100196182728,68999.7013732791,17.936828451415224,-66.02671193266053,-41.54368,4,0,0.5105,1,1
9.857100196182728,68999.7013732791,17.9368284519865,-66.02671192887978,-41.63055,4,0,0.4236,1,1
9.85720020532608,69000.40143728256,17.936822080133304,-66.02671259132512,-41.588013,4,0,0.4662,1,1
9.857400204986334,69001.80143490434,17.936809397733683,-66.02671350765846,-50.892036,4,0,-8.8379,3,3
9.857600204646587,69003.20143252611,17.936796598403276,-66.0267152282347,-41.705486,4,0,0.3487,1,1
9.857600204646587,69003.20143252611,17.936796598939992,-66.02671522468285,-41.7871,4,0,0.2671,1,1
9.85780020430684,69004.60143014789,17.936783856810816,-66.02671655685985,-41.52841,4,0,0.5258,1,1
9.858000207692385,69006.0014538467,17.93677111785332,-66.02671786991242,-41.707848,4,0,0.3463,1,1
9.858400214463472,69008.8015012443,17.93674569902739,-66.02672009970598,-51.17146,4,0,-9.1173,3,3
9.858400214463472,69008.8015012443,17.93674563732217,-66.02672052307481,-41.437965,4,0,0.6162,1,1
9.85880021750927,69011.60152256489,17.936720221114566,-66.0267227509489,-50.932846,4,0,-8.8787,3,3
9.859000217169523,69013.00152018666,17.936707426275508,-66.02672446390638,-41.903385,4,0,0.1508,1,1
9.859200216829777,69014.40151780844,17.936694689856875,-66.0267257779173,-42.042294,4,0,0.0119,1,1
9.859200216829777,69014.40151780844,17.93669468948482,-66.02672578205099,-41.946728,4,0,0.1074,1,1
9.859300214797258,69015.10150358081,17.936688319809523,-66.02672645132667,-41.73208,4,0,0.3221,1,1
9.859600227326156,69017.20159128308,17.936669275753847,-66.02672801016357,-51.40634,4,0,-9.3522,3,3
9.859600227326156,69017.20159128308,17.936669216044404,-66.02672842027717,-41.97745,4,0,0.0767,1,1
9.859700225293636,69017.90157705545,17.936662906391813,-66.026728679756,-51.179733,4,0,-9.1256,3,3
9.859800226986408,69018.60158890486,17.936656539529373,-66.02672933182156,-51.355152,4,0,-9.301,3,3
9.860000226646662,69020.00158652663,17.936643744428466,-66.02673105973393,-41.958687,4,0,0.0955,1,1
9.860000226646662,69020.00158652663,17.936643805103202,-66.02673064324992,-51.53395,4,0,-9.4798,3,3
9.860300194472076,69022.10136130452,17.936624643441988,-66.02673304019237,-41.905308,4,0,0.1489,1,1
9.860500197857618,69023.50138500333,17.936611908045,-66.02673436183036,-41.83538,4,0,0.2188,1,1
9.860500197857618,69023.50138500333,17.936611909130807,-66.02673435464679,-42.000446,4,0,0.0537,1,1
9.8606001958251,69024.2013707757,17.936605541351256,-66.02673501819702,-41.8998,4,0,0.1544,1,1
9.860800206661224,69025.60144662857,17.936592806493728,-66.02673633569707,-41.916447,4,0,0.1377,1,1
9.860800206661224,69025.60144662857,17.936592806126885,-66.026736338124,-41.86068,4,0,0.1935,1,1
9.86110020428896,69027.70143002272,17.936573704752835,-66.02673831886901,-41.766685,4,0,0.2875,1,1
9.861300207674503,69029.10145372152,17.936560970889506,-66.02673963643369,-41.763145,4,0,0.291,1,1
9.861500207334757,69030.5014513433,17.93654823866688,-66.02674094588296,-41.937973,4,0,0.1162,1,1
9.861500207334757,69030.5014513433,17.93654823787756,-66.02674095110449,-41.817993,4,0,0.2362,1,1
9.861600205302238,69031.20143711567,17.936541870305657,-66.02674161667034,-41.653095,4,0,0.4011,1,1
9.861800216138365,69032.60151296854,17.936529137907442,-66.02674292419346,-41.862015,4,0,0.1921,1,1
9.86220021545887,69035.40150821209,17.936503672032185,-66.02674555811433,-41.817734,4,0,0.2364,1,1
9.862400215119123,69036.80150583386,17.93649093919598,-66.02674687537808,-41.775562,4,0,0.2786,1,1
9.862500216811895,69037.50151768327,17.93648457174165,-66.02674754027822,-41.60734,4,0,0.4468,1,1
9.862600225955248,69038.20158168674,17.936478205384322,-66.02674819493633,-41.673286,4,0,0.3809,1,1
9.862600225955248,69038.20158168674,17.93647832105071,-66.02674740145639,-59.915726,2,0,-17.8616,0,0
9.863200224936008,69042.40157455206,17.936440008291708,-66.02675213985349,-41.62075,4,0,0.4334,1,1
9.863500196486712,69044.50137540698,17.936420912737937,-66.02675410440087,-41.738384,4,0,0.3158,1,1
9.863600194454191,69045.20136117935,17.93641454725422,-66.02675475804114,-41.801323,4,0,0.2528,1,1
9.863600194454191,69045.20136117935,17.936414610695646,-66.02675432341586,-51.79334,4,0,-9.7392,3,3
9.863800197839735,69046.60138487816,17.936401813555882,-66.02675608004836,-41.582,4,0,0.4722,1,1
9.86390019580722,69047.30137065053,17.93639544906781,-66.026756726825,-41.794662,4,0,0.2595,1,1
9.864100195467472,69048.7013682723,17.93638271572135,-66.02675804734534,-41.592716,4,0,0.4614,1,1
9.864300206303596,69050.10144412518,17.936369984701553,-66.0267593472161,-41.855843,4,0,0.1983,1,1
9.864300206303596,69050.10144412518,17.9363706841197,-66.02675455635622,-151.99533,0,0,-109.9412,0,0
9.864700205624104,69052.90143936872,17.93634452010184,-66.02676197074572,-41.79801,4,0,0.2562,1,1
9.864800207316875,69053.60145121813,17.93633815490853,-66.02676261893492,-41.953354,4,0,0.1008,1,1
9.864800207316875,69053.60145121813,17.93633815367274,-66.02676262710709,-41.76558,4,0,0.2886,1,1
9.86500021442771,69055.00150099397,17.936325420715697,-66.02676393811412,-41.73181,4,0,0.3224,1,1
9.865400217473509,69057.80152231455,17.93629995518793,-66.02676655845664,-41.66486,4,0,0.3893,1,1
9.865400217473509,69057.80152231455,17.93629995639699,-66.02676655046173,-41.848564,4,0,0.2056,1,1
9.865500215440989,69058.50150808692,17.936293590060863,-66.02676720552918,-41.82416,4,0,0.23,1,1
9.865500215440989,69058.50150808692,17.936293591195405,-66.0267671980271,-41.99654,4,0,0.0576,1,1
9.865700215101242,69059.9015057087,17.936280856151466,-66.02676852066507,-41.651855,4,0,0.4023,1,1
9.865700215101242,69059.9015057087,17.936280857454463,-66.02676851204929,-41.849827,4,0,0.2043,1,1
9.86610021442175,69062.70150095224,17.936255389342424,-66.02677114014391,-41.516907,4,0,0.5373,1,1
9.866200227290392,69063.40159103274,17.936249023806024,-66.02677178075427,-41.804752,4,0,0.2494,1,1
9.866300225257874,69064.10157680511,17.936242657172723,-66.026772434303,-41.789825,4,0,0.2643,1,1
9.866300225257874,69064.10157680511,17.93624272115495,-66.02677199622407,-51.861073,4,0,-9.8069,3,3
9.866400226950644,69064.80158865452,17.93623629049462,-66.02677308609887,-41.81247,4,0,0.2417,1,1
9.866400226950644,69064.80158865452,17.936236357813417,-66.0267726242929,-52.429485,4,0,-10.3753,3,3
9.866500224918129,69065.50157442689,17.936229924003698,-66.02677373768067,-41.836193,4,0,0.218,1,1
9.86670022457838,69066.90157204866,17.936217255450945,-66.02677459499138,-52.124733,4,0,-10.0706,3,3
9.866800226271152,69067.60158389807,17.93621082320395,-66.0267756948356,-41.833275,4,0,0.2209,1,1
9.866900227963924,69068.30159574747,17.936204455776217,-66.02677634883247,-41.788784,4,0,0.2654,1,1
9.866900227963924,69068.30159574747,17.936204457208895,-66.02677633768997,-42.045395,4,0,0.0088,1,1
9.867200195789335,69070.40137052536,17.93618535503895,-66.02677831240226,-41.593224,4,0,0.4609,1,1
9.867300197482107,69071.10138237476,17.93617905437305,-66.02677850584091,-52.123497,4,0,-10.0693,3,3
9.867300197482107,69071.10138237476,17.936178988690557,-66.02677895678708,-41.75607,4,0,0.2981,1,1
9.867300197482107,69071.10138237476,17.936178989249225,-66.02677895309365,-41.840935,4,0,0.2132,1,1
9.867500204592943,69072.5014321506,17.936166257044402,-66.0267802334129,-42.351665,4,0,-0.2975,0,0
9.867600206285717,69073.201444,17.93615988484899,-66.02678091610966,-41.62333,4,0,0.4308,1,1
9.867800205945969,69074.60144162178,17.93614714874073,-66.02678222283242,-41.504993,4,0,0.5492,1,1
9.868200205266476,69077.40143686533,17.936121744357212,-66.02678436227917,-52.123596,4,0,-10.0694,3,3
9.868200205266476,69077.40143686533,17.9361217445059,-66.0267843612962,-52.146183,4,0,-10.092,3,3
9.868300206959248,69078.10144871473,17.93611537831149,-66.02678499744364,-52.463604,4,0,-10.4094,3,3
9.86840020492673,69078.8014344871,17.936108941868284,-66.02678611492605,-41.711555,4,0,0.3426,1,1
9.8685002066195,69079.50144633651,17.936102574029803,-66.02678676031925,-41.80949,4,0,0.2447,1,1
9.8685002066195,69079.50144633651,17.93610257368045,-66.02678676262865,-41.756424,4,0,0.2977,1,1
9.868700217455626,69080.90152218938,17.93608983732649,-66.02678805229684,-41.968464,4,0,0.0857,1,1
9.868800215423107,69081.60150796175,17.936083468382215,-66.0267887040109,-41.90996,4,0,0.1442,1,1
9.868800215423107,69081.60150796175,17.93608346775584,-66.02678870815143,-41.814823,4,0,0.2393,1,1
9.869300216436386,69085.1015150547,17.936051621584717,-66.02679195830956,-41.663757,4,0,0.3904,1,1
9.869300216436386,69085.1015150547,17.936051621845145,-66.0267919565881,-41.703312,4,0,0.3509,1,1
9.86950021609664,69086.50151267648,17.936038884455254,-66.02679324333985,-41.923573,4,0,0.1306,1,1
9.869600225239992,69087.20157667994,17.93603251250878,-66.02679390290228,-41.657784,4,0,0.3964,1,1
9.869700226932764,69087.90158852935,17.93602614223861,-66.02679455349165,-41.593468,4,0,0.4607,1,1
9.869700226932764,69087.90158852935,17.93602621163233,-66.02679407811658,-52.522022,4,0,-10.4679,3,3
9.869800224900246,69088.60157430172,17.936019840444,-66.02679473532898,-52.30137,4,0,-10.2472,3,3
9.870100226253273,69090.7015837729,17.93600072871307,-66.02679668565621,-52.108574,4,0,-10.0544,3,3
9.870200227946045,69091.4015956223,17.935994359658626,-66.02679732311101,-52.328053,4,0,-10.2739,3,3
9.870200227946045,69091.4015956223,17.935994292143107,-66.02679778605145,-41.68525,4,0,0.3689,1,1
9.870300225913525,69092.10158139467,17.93598792157504,-66.0267984339916,-41.659664,4,0,0.3945,1,1
9.870300225913525,69092.10158139467,17.935987922076873,-66.02679843067484,-41.735874,4,0,0.3183,1,1
9.870600197464228,69094.2013822496,17.93596877624855,-66.02680048588897,-42.101227,4,0,-0.0471,0,0
9.870600197464228,69094.2013822496,17.93596877398107,-66.02680050254516,-41.71793,4,0,0.3362,1,1
9.87070019543171,69094.90136802197,17.935962405613168,-66.0268011389156,-41.75121,4,0,0.303,1,1
9.87070019543171,69094.90136802197,17.935962405992264,-66.02680113641009,-41.808777,4,0,0.2454,1,1
9.870900195091965,69096.30136564374,17.93594973575138,-66.02680194806905,-52.4649,4,0,-10.4107,3,3
9.870900195091965,69096.30136564374,17.935949667380182,-66.02680241663951,-41.692745,4,0,0.3614,1,1
9.871000207960606,69097.00145572424,17.93594329729571,-66.02680305478175,-41.676517,4,0,0.3776,1,1
9.871000207960606,69097.00145572424,17.93594329804252,-66.02680304984601,-41.789925,4,0,0.2642,1,1
9.871100205928087,69097.70144149661,17.93593692807,-66.02680369226658,-41.66964,4,0,0.3845,1,1
9.87120020762086,69098.40145334601,17.93593055808743,-66.02680433203582,-41.607292,4,0,0.4469,1,1
9.871400207281113,69099.80145096779,17.935917819989257,-66.02680559673719,-41.8128,4,0,0.2414,1,1
9.872100215405226,69104.70150783658,17.935873277677047,-66.0268096975646,-49.9149,4,0,-7.8607,0,0
9.872100215405226,69104.70150783658,17.9358732401432,-66.02680995562342,-43.982098,4,0,-1.9279,0,0
9.87230021506548,69106.10150545835,17.935860484712155,-66.02681131602253,-41.92943,4,0,0.1247,1,1
9.872400216758251,69106.80151730776,17.93585411101956,-66.02681196520804,-41.612095,4,0,0.4421,1,1
9.872500214725733,69107.50150308013,17.935847740406174,-66.02681259424895,-41.75416,4,0,0.3,1,1
9.872600216418505,69108.20151492953,17.935841367957345,-66.02681323252139,-41.68181,4,0,0.3724,1,1
9.873200226575136,69112.40158602595,17.935803133207532,-66.02681703345314,-41.850056,4,0,0.2041,1,1
9.873300228267908,69113.10159787536,17.93579675869704,-66.02681767554739,-41.67132,4,0,0.3828,1,1
9.87340022623539,69113.80158364773,17.935790454968885,-66.02681783332842,-52.623077,4,0,-10.5689,3,3
9.873700227588415,69115.9015931189,17.935771265716188,-66.02682019900006,-41.963547,4,0,0.0906,1,1
9.874000195413828,69118.0013678968,17.93575214292841,-66.02682210928948,-41.747746,4,0,0.3064,1,1
9.874300196766852,69120.10137736797,17.93573301878593,-66.02682400046291,-41.95759,4,0,0.0966,1,1
9.874500207602978,69121.50145322084,17.93572026505466,-66.0268252781221,-41.70131,4,0,0.3529,1,1
9.87460020557046,69122.20143899322,17.93571388967014,-66.02682590790415,-41.777218,4,0,0.2769,1,1
9.874800205230711,69123.60143661499,17.93570113872816,-66.02682716231202,-42.04283,4,0,0.0113,1,1
9.875000204890966,69125.00143423676,17.93568838175218,-66.02682845018695,-41.532925,4,0,0.5212,1,1
9.875300217419865,69127.10152193904,17.93566932546341,-66.02682982294698,-53.609463,4,0,-11.5553,3,3
9.875300217419865,69127.10152193904,17.935669252000512,-66.02683032501388,-42.068417,4,0,-0.0143,1,1
9.875400215387344,69127.80150771141,17.93566287414723,-66.02683095986684,-42.01471,4,0,0.0395,1,1
9.875800214707851,69130.60150295496,17.935637358004243,-66.02683350413619,-41.679073,4,0,0.3751,1,1
9.875900216400623,69131.30151480436,17.935630980737326,-66.02683412354669,-41.97525,4,0,0.0789,1,1
9.876000218093395,69132.00152665377,17.935624601840864,-66.02683475035914,-42.100906,4,0,-0.0467,1,1
9.876600228250028,69136.20159775019,17.935586319173243,-66.02683854826576,-41.98119,4,0,0.073,1,1
9.877000227570534,69139.00159299374,17.935560791221913,-66.02684108768848,-41.715218,4,0,0.3389,1,1
9.877200197428463,69140.40138199925,17.93554755557311,-66.02684558565498,32.632866,0,0,74.687,0,0
9.877400197088718,69141.80137962103,17.93553526352768,-66.02684360986893,-41.833965,4,0,0.2202,1,1
9.8775001950562,69142.5013653934,17.935528880387615,-66.026844241652,-41.835373,4,0,0.2188,1,1
9.877700205892324,69143.90144124627,17.935516112387926,-66.02684550497388,-41.84558,4,0,0.2086,1,1
9.877800207585096,69144.60145309567,17.935509729206196,-66.02684613005957,-42.001125,4,0,0.053,1,1
9.878100205212831,69146.70143648982,17.935490573827654,-66.0268480360144,-41.76175,4,0,0.2924,1,1
9.878100205212831,69146.70143648982,17.935490573769545,-66.0268480363982,-41.752934,4,0,0.3012,1,1
9.87860020622611,69150.20144358277,17.935458644373234,-66.02685119906522,-41.679092,4,0,0.3751,1,1
9.878700207918882,69150.90145543218,17.93545225850255,-66.02685182537267,-41.80875,4,0,0.2454,1,1
9.878800205886364,69151.60144120455,17.935445870763374,-66.02685246371234,-41.661953,4,0,0.3922,1,1
9.879000216722488,69153.00151705742,17.93543309507609,-66.02685372998526,-41.611385,4,0,0.4428,1,1
9.879000216722488,69153.00151705742,17.935433095343452,-66.02685372821898,-41.651966,4,0,0.4022,1,1
9.87910021841526,69153.70152890682,17.935426709407334,-66.02685434749863,-41.945488,4,0,0.1087,1,1
9.879200216382742,69154.4015146792,17.935420320997405,-66.02685498279558,-41.871223,4,0,0.1829,1,1
9.879400216042995,69155.80151230097,17.935407543412836,-66.02685625125973,-41.77461,4,0,0.2796,1,1
9.879500217735767,69156.50152415037,17.935401155198917,-66.02685687807428,-41.89831,4,0,0.1559,1,1
9.879600215703247,69157.20150992274,17.9353948522271,-66.02685691973882,-55.47316,4,0,-13.419,3,3
9.879600215703247,69157.20150992274,17.935394848789212,-66.02685694411889,-54.91247,4,0,-12.8583,3,3
9.880000226199629,69160.00158339739,17.935369202925386,-66.02686005736646,-41.49367,4,0,0.5605,1,1
9.880300227552652,69162.10159286857,17.93535003072309,-66.02686194957055,-41.617607,4,0,0.4366,1,1
9.880600195378063,69164.20136764646,17.9353308590102,-66.02686383537898,-41.896084,4,0,0.1581,1,1
9.880600195378063,69164.20136764646,17.93533085876866,-66.0268638369746,-41.85943,4,0,0.1947,1,1
9.880600195378063,69164.20136764646,17.935330856515517,-66.02686385185893,-41.517483,4,0,0.5367,1,1
9.88090019673109,69166.30137711763,17.935311770268992,-66.02686512029456,-56.005455,4,0,-13.9513,3,3
9.881000198423862,69167.00138896704,17.93530528491275,-66.02686638205799,-41.55463,4,0,0.4995,1,1
9.881200198084116,69168.40138658881,17.935292498274627,-66.02686764202092,-41.701252,4,0,0.3529,1,1
9.881300207227468,69169.10145059228,17.935286104556408,-66.02686826790367,-41.872833,4,0,0.1813,1,1
9.88140020519495,69169.80143636465,17.935279708895152,-66.02686890936535,-41.686802,4,0,0.3674,1,1
9.88140020519495,69169.80143636465,17.93527970781825,-66.0268689164794,-41.52337,4,0,0.5308,1,1
9.881600204855204,69171.20143398643,17.935266917523354,-66.02687018534436,-41.480736,4,0,0.5734,1,1
9.881800208240747,69172.60145768523,17.935254126695234,-66.02687144855933,-41.57668,4,0,0.4775,1,1
9.882000207901,69174.001455307,17.93524133621121,-66.02687270343573,-41.87228,4,0,0.1819,1,1
9.882100205868484,69174.70144107938,17.935234937221274,-66.02687335355506,-41.502117,4,0,0.552,1,1
9.882100205868484,69174.70144107938,17.935234938825246,-66.02687334295918,-41.745537,4,0,0.3086,1,1
9.882200215011837,69175.40150508285,17.935228634073454,-66.02687334228612,-56.337494,4,0,-14.2833,3,3
9.882600218057632,69178.20152640343,17.935203040835788,-66.02687589309268,-56.033024,4,0,-13.9789,3,3
9.882800217717886,69179.6015240252,17.935190151821242,-66.02687779022166,-41.60518,4,0,0.449,1,1
9.882900215685368,69180.30150979757,17.935183753251913,-66.02687842241163,-41.66672,4,0,0.3874,1,1
9.883200217038391,69182.40151926875,17.935164554925695,-66.02688032188489,-41.80207,4,0,0.2521,1,1
9.883700225502253,69185.90157851577,17.935132549009595,-66.02688350514939,-41.684296,4,0,0.3699,1,1
9.883900225162506,69187.30157613754,17.935119745185972,-66.02688477660824,-41.70015,4,0,0.354,1,1
9.88420019671321,69189.40137699246,17.935100625372637,-66.026886093924,-55.301228,4,0,-13.2471,3,3
9.88420019671321,69189.40137699246,17.93510053743501,-66.02688669489851,-41.488487,4,0,0.5657,1,1
9.88430019840598,69190.10138884187,17.935093069380347,-66.02689461523308,125.92478,0,0,167.9789,0,0
9.884400196373464,69190.80137461424,17.935087817706133,-66.02688737234806,-55.189114,4,0,-13.1349,3,3
9.884500198066236,69191.50138646364,17.93508132740055,-66.02688859934295,-41.6287,4,0,0.4255,1,1
9.884600207209589,69192.20145046711,17.935074924390257,-66.02688922467824,-41.901222,4,0,0.1529,1,1
9.884600207209589,69192.20145046711,17.935074921400627,-66.02688924442899,-41.447502,4,0,0.6067,1,1
9.884700205177069,69192.90143623948,17.935068605972077,-66.02688927397308,-55.4154,4,0,-13.3612,3,3
9.884700205177069,69192.90143623948,17.935068518087775,-66.0268898746051,-41.610622,4,0,0.4435,1,1
9.88480020686984,69193.60144808888,17.935062112866326,-66.0268905140282,-41.565346,4,0,0.4888,1,1
9.884900204837322,69194.30143386126,17.935055708405457,-66.02689114817522,-41.644245,4,0,0.4099,1,1
9.884900204837322,69194.30143386126,17.935055708005056,-66.02689115082046,-41.583477,4,0,0.4707,1,1
9.885000206530094,69195.00144571066,17.935049305991512,-66.02689176377905,-42.153812,4,0,-0.0996,0,0
9.885100208222866,69195.70145756006,17.935042896800947,-66.02689242569863,-41.60185,4,0,0.4523,1,1
9.88530020788312,69197.10145518184,17.935030170802676,-66.02689311203488,-55.161175,4,0,-13.107,3,3
9.8854002058506,69197.80144095421,17.935023679470888,-66.02689433074943,-41.8229,4,0,0.2313,1,1
9.8854002058506,69197.80144095421,17.935023679038242,-66.02689433360771,-41.757236,4,0,0.2969,1,1
9.88580021634698,69200.60151442885,17.934998047915833,-66.02689689683282,-41.574444,4,0,0.4797,1,1
9.88580021634698,69200.60151442885,17.934998049473002,-66.02689688654503,-41.810772,4,0,0.2434,1,1
9.88580021634698,69200.60151442885,17.934998134602413,-66.02689630408719,-55.197865,4,0,-13.1437,3,3
9.885900218039753,69201.30152627826,17.934991640739817,-66.02689752966637,-41.72143,4,0,0.3327,1,1
9.886000216007233,69202.00151205063,17.934985231635952,-66.02689817505785,-41.58334,4,0,0.4708,1,1
9.886100217700005,69202.70152390003,17.934978823637685,-66.02689880986645,-41.692883,4,0,0.3613,1,1
9.886300217360258,69204.1015215218,17.934966004701092,-66.02690009531742,-41.559765,4,0,0.4944,1,1
9.88640021532774,69204.80150729418,17.934959597254334,-66.02690072290719,-41.846737,4,0,0.2074,1,1
9.88640021532774,69204.80150729418,17.934959596138455,-66.02690073027966,-41.67738,4,0,0.3768,1,1
9.886800225824118,69207.60158076882,17.93493395675705,-66.0269032794036,-41.97903,4,0,0.0751,1,1
9.886800225824118,69207.60158076882,17.93493395745592,-66.02690327311674,-42.12403,4,0,-0.0699,1,1
9.887000225484371,69209.0015783906,17.93492121774686,-66.02690399320275,-55.042942,4,0,-12.9888,3,3
9.887100227177145,69209.70159024,17.93491480691254,-66.02690462993732,-55.1499,4,0,-13.0957,3,3
9.887300226837397,69211.10158786178,17.93490189888117,-66.02690649072044,-41.877934,4,0,0.1762,1,1
9.887500196695328,69212.5013768673,17.93488907575445,-66.0269077764693,-41.835556,4,0,0.2186,1,1
9.8876001983881,69213.2013887167,17.934882661754028,-66.02690842605283,-41.669407,4,0,0.3848,1,1
9.88770019635558,69213.90137448907,17.93487624997034,-66.02690906095816,-41.844383,4,0,0.2098,1,1
9.887900196015837,69215.30137211084,17.934863422258253,-66.02691035188167,-41.723495,4,0,0.3307,1,1
9.887900196015837,69215.30137211084,17.9348634242914,-66.02691033844769,-42.03209,4,0,0.0221,1,1
9.888000205159187,69216.00143611431,17.934857009363245,-66.02691098476761,-41.960163,4,0,0.094,1,1
9.88810020685196,69216.70144796371,17.93485059430532,-66.02691163350882,-41.83613,4,0,0.218,1,1
9.888200208544731,69217.40145981312,17.93484417974986,-66.026912276995,-41.837654,4,0,0.2165,1,1
9.888200208544731,69217.40145981312,17.93484418058523,-66.02691227147524,-41.964447,4,0,0.0897,1,1
9.888300206512213,69218.10144558549,17.93483776639092,-66.02691291300552,-42.014797,4,0,0.0394,1,1
9.888300206512213,69218.10144558549,17.934837766004076,-66.0269129155617,-41.95608,4,0,0.0981,1,1
9.888500206172466,69219.50144320726,17.934824936542526,-66.0269141996267,-42.04834,4,0,0.0058,1,1
9.888600207865238,69220.20145505667,17.934818520974314,-66.02691484250246,-42.08305,4,0,-0.0289,1,1
9.88870020583272,69220.90144082904,17.934812103375638,-66.02691550220881,-41.734184,4,0,0.32,1,1
9.888800207525492,69221.60145267844,17.934805772969458,-66.02691556103004,-55.20118,4,0,-13.147,3,3
9.889000207185743,69223.00145030022,17.93479285613787,-66.02691742771137,-41.95087,4,0,0.1033,1,1
9.889100205153229,69223.70143607259,17.934786440013326,-66.02691807019984,-42.017376,4,0,0.0368,1,1
9.88920021802187,69224.40152615309,17.934780020542348,-66.02691872715651,-41.758617,4,0,0.2955,1,1
9.889400217682123,69225.80152377486,17.93476718569565,-66.02692002067725,-41.720383,4,0,0.3338,1,1
9.889900214970112,69229.30150479078,17.934735095796366,-66.0269232496029,-41.82327,4,0,0.2309,1,1
9.890000227838756,69230.00159487128,17.934728674674492,-66.0269239065288,-41.604954,4,0,0.4492,1,1
9.890200227499008,69231.40159249306,17.934715836846333,-66.02692519817633,-41.68965,4,0,0.3645,1,1
9.890200227499008,69231.40159249306,17.934715924396034,-66.02692459789266,-55.48619,4,0,-13.432,3,3
9.890600226819515,69234.2015877366,17.93469030913379,-66.02692768256148,-41.75291,4,0,0.3013,1,1
9.890600226819515,69234.2015877366,17.934690307749467,-66.02692769170976,-41.54277,4,0,0.5114,1,1
9.890700228512287,69234.90159958601,17.934683878970542,-66.02692833810576,-41.755615,4,0,0.2985,1,1
9.890900198370218,69236.30138859153,17.934671019078756,-66.0269296566275,-41.60096,4,0,0.4532,1,1
9.891200195997952,69238.40137198567,17.93465172577369,-66.02693163003313,-41.515217,4,0,0.5389,1,1
9.891400195658209,69239.80136960745,17.93463886285979,-66.02693294448216,-41.510384,4,0,0.5438,1,1
9.891600206494331,69241.20144546032,17.93462599864117,-66.02693425861648,-41.53488,4,0,0.5193,1,1
9.891800206154585,69242.6014430821,17.934613134368682,-66.02693557373772,-41.555252,4,0,0.4989,1,1
9.891900207847357,69243.3014549315,17.934606791913566,-66.02693561461474,-55.74632,4,0,-13.6922,3,3
9.891900207847357,69243.3014549315,17.934606701809415,-66.02693623186435,-41.560246,4,0,0.4939,1,1
9.89210020750761,69244.70145255327,17.934593837519873,-66.02693754143111,-41.738194,4,0,0.316,1,1
9.89210020750761,69244.70145255327,17.934593836642122,-66.02693754723275,-41.604927,4,0,0.4492,1,1
9.892200205475092,69245.40143832564,17.934587402540743,-66.0269382143992,-41.41659,4,0,0.6376,1,1
9.892400216311216,69246.80151417851,17.93457453695133,-66.0269395226982,-41.6549,4,0,0.3993,1,1
9.892500218003988,69247.50152602792,17.934568102484747,-66.02694018825112,-41.51885,4,0,0.5353,1,1
9.892700217664242,69248.90152364969,17.934555244332376,-66.02694144570654,-42.953022,4,0,-0.8989,0,0
9.893000215291975,69251.00150704384,17.934535933864026,-66.02694348517714,-41.617237,4,0,0.4369,1,1
9.89320021867752,69252.40153074265,17.93452316041641,-66.02694415268722,-56.658195,4,0,-14.604,3,3
9.89320021867752,69252.40153074265,17.93452306418507,-66.02694481220773,-41.500595,4,0,0.5536,1,1
9.893400218337774,69253.80152836442,17.93451019588069,-66.02694612940492,-41.627823,4,0,0.4263,1,1
9.893900226801634,69257.30158761144,17.934478020330467,-66.02694944113973,-41.59657,4,0,0.4576,1,1
9.894000228494406,69258.00159946084,17.934471584307904,-66.02695010833128,-41.492413,4,0,0.5618,1,1
9.894500195980072,69261.5013718605,17.93443940916148,-66.02695342382579,-41.500736,4,0,0.5534,1,1
9.894800208508968,69263.60145956278,17.93442010176753,-66.02695541210892,-41.584972,4,0,0.4692,1,1
9.89490020647645,69264.30144533515,17.93441366551002,-66.02695608020095,-41.497963,4,0,0.5562,1,1
9.895000208169222,69265.00145718455,17.934407231710875,-66.02695673036969,-41.827328,4,0,0.2268,1,1
9.89550020545721,69268.50143820047,17.93437505053675,-66.0269600657581,-41.59073,4,0,0.4634,1,1
9.895700205117464,69269.90143582225,17.934361215750922,-66.02696799041888,109.94595,0,0,152.0001,0,0
9.895700205117464,69269.90143582225,17.93436217923281,-66.02696139209719,-41.70323,4,0,0.3509,1,1
9.895900208503008,69271.30145952106,17.934349306927498,-66.02696272394213,-41.705116,4,0,0.349,1,1
9.89650021865964,69275.50153061748,17.93431069452774,-66.0269666927851,-42.413235,4,0,-0.3591,1,1
9.89650021865964,69275.50153061748,17.9343107883432,-66.02696605063792,-57.17119,4,0,-15.117,3,3
9.89660021662712,69276.20151638985,17.934304253372623,-66.02696739637696,-41.575253,4,0,0.4789,1,1
9.896800216287374,69277.60151401162,17.93429138205073,-66.02696872796832,-41.647507,4,0,0.4067,1,1
9.8970002271235,69279.00158986449,17.93427850988183,-66.02697006211346,-41.676456,4,0,0.3777,1,1
9.89710022881627,69279.7016017139,17.934272075002195,-66.02697072345799,-41.826958,4,0,0.2272,1,1
9.89710022881627,69279.7016017139,17.934272076064886,-66.02697071642956,-41.988403,4,0,0.0658,1,1
9.897300228476524,69281.10159933567,17.934259301408552,-66.0269713897724,-57.222607,4,0,-15.1684,3,3
9.897400226444006,69281.80158510804,17.93425286512825,-66.02697206347814,-57.09836,4,0,-15.0442,3,3
9.897500228136778,69282.50159695745,17.93424633349352,-66.02697339026854,-41.968052,4,0,0.0861,1,1
9.897500228136778,69282.50159695745,17.934246334784316,-66.02697338005997,-42.20313,4,0,-0.149,1,1
9.89760022610426,69283.20158272982,17.934239898197223,-66.02697405863591,-41.97274,4,0,0.0814,1,1
9.897900197654964,69285.30138358474,17.934220593165552,-66.02697607125751,-41.829075,4,0,0.2251,1,1
9.898100197315216,69286.70138120651,17.93420772449972,-66.0269773996839,-42.057114,4,0,-0.0029,1,1
9.898200195282698,69287.40136697888,17.93420128933097,-66.02697807131803,-42.004753,4,0,0.0494,1,1
9.898200195282698,69287.40136697888,17.934201384707517,-66.02697741703815,-57.04205,4,0,-14.9879,3,3
9.89830019697547,69288.10137882829,17.934194853194967,-66.02697874856499,-41.82689,4,0,0.2273,1,1
9.899000208824871,69293.00146177411,17.93414981312907,-66.0269834279005,-42.06865,4,0,-0.0145,1,1
9.899100206792356,69293.70144754648,17.934143377732756,-66.02698410893083,-41.824688,4,0,0.2295,1,1
9.899100206792356,69293.70144754648,17.934143378644446,-66.02698410289968,-41.963226,4,0,0.0909,1,1
9.89930021762848,69295.10152339935,17.9341305113081,-66.02698543888309,-42.08403,4,0,-0.0299,1,1
9.89930021762848,69295.10152339935,17.9341305106114,-66.02698544349212,-41.978157,4,0,0.076,1,1
9.899800218641758,69298.6015304923,17.934098343129897,-66.02698880707126,-41.775043,4,0,0.2791,1,1
9.89990021660924,69299.30151626468,17.934091911803463,-66.02698946987249,-41.96854,4,0,0.0856,1,1
9.90040022879839,69302.80160158873,17.93405974900383,-66.02699283371646,-41.82609,4,0,0.2281,1,1
9.900600228458645,69304.2015992105,17.93404688650988,-66.02699417308523,-41.92388,4,0,0.1303,1,1
9.900600228458645,69304.2015992105,17.934046886421676,-66.02699417366883,-41.910477,4,0,0.1437,1,1
9.900700226426125,69304.90158498287,17.93404045479574,-66.02699484866542,-41.839863,4,0,0.2143,1,1
9.900800228118896,69305.60159683228,17.934034024067177,-66.02699551754463,-41.912155,4,0,0.142,1,1
9.900800228118896,69305.60159683228,17.934034023593465,-66.02699552067898,-41.840157,4,0,0.214,1,1
9.900900226086378,69306.30158260465,17.934027593225565,-66.02699619013441,-41.900406,4,0,0.1538,1,1
9.900900226086378,69306.30158260465,17.934027591974914,-66.02699619840959,-41.71032,4,0,0.3438,1,1
9.90100022777915,69307.00159445405,17.934021161239027,-66.02699687016465,-41.72005,4,0,0.3341,1,1
9.901100225746632,69307.70158022642,17.93401473007257,-66.02699754777605,-41.596363,4,0,0.4578,1,1
9.901100225746632,69307.70158022642,17.934014730518435,-66.02699754482585,-41.66413,4,0,0.39,1,1
9.901300195604565,69309.10136923194,17.934001873177976,-66.02699888236297,-41.82386,4,0,0.2303,1,1
9.901800207793713,69312.60145455599,17.933969724796857,-66.02700224967779,-41.724014,4,0,0.3302,1,1
9.901900205761194,69313.30144032836,17.933963296880215,-66.02700291814192,-41.822376,4,0,0.2318,1,1
9.902000207453966,69314.00145217776,17.93395686835679,-66.02700359070163,-41.828537,4,0,0.2256,1,1
9.90220020711422,69315.40144979954,17.93394401186858,-66.02700493826293,-41.788048,4,0,0.2661,1,1
9.902300208806992,69316.10146164894,17.93393664783414,-66.02701202742192,105.67782,0,0,147.732,0,0
9.902400206774471,69316.80144742131,17.93393115645835,-66.02700628591768,-41.749958,4,0,0.3042,1,1
9.902500208467243,69317.50145927072,17.93392476212732,-66.02700673234597,-46.959335,3,0,-4.9052,0,0
9.902500208467243,69317.50145927072,17.93392473028267,-66.02700695144583,-41.923492,4,0,0.1307,1,1
9.902600206434728,69318.20144504309,17.933918301772323,-66.02700763574458,-41.666313,4,0,0.3879,1,1
9.90270021557808,69318.90150904655,17.93391187534306,-66.02700830337349,-41.794785,4,0,0.2594,1,1
9.902800217270851,69319.60152089596,17.933905448184,-66.02700898075099,-41.699127,4,0,0.355,1,1
9.902800217270851,69319.60152089596,17.93390544707827,-66.02700898806862,-41.531033,4,0,0.5231,1,1
9.903500217944384,69324.50152561069,17.93386047101414,-66.0270136933951,-41.717155,4,0,0.337,1,1
9.903600215911863,69325.20151138306,17.933854046884786,-66.02701436735519,-41.70555,4,0,0.3486,1,1
9.903600215911863,69325.20151138306,17.933854046373174,-66.02701437074123,-41.627773,4,0,0.4264,1,1
9.90380021557212,69326.60150900483,17.933841199077335,-66.02701571664524,-41.653145,4,0,0.401,1,1
9.904000226408243,69328.0015848577,17.933828352553363,-66.02701706076803,-41.72313,4,0,0.331,1,1
9.904000226408243,69328.0015848577,17.933828352916546,-66.02701705836427,-41.778347,4,0,0.2758,1,1
9.904300227761269,69330.10159432888,17.933809085487955,-66.02701908048374,-41.74764,4,0,0.3065,1,1
9.90440022572875,69330.80158010125,17.933802664634015,-66.02701974897224,-41.865158,4,0,0.189,1,1
9.904500227421522,69331.50159195065,17.933796242841478,-66.02702042421527,-41.82834,4,0,0.2258,1,1
9.904700197279452,69332.90138095617,17.933783401904112,-66.02702177756449,-41.684303,4,0,0.3699,1,1
9.905300207436085,69337.1014520526,17.933744885106567,-66.0270258073275,-41.96508,4,0,0.0891,1,1
9.905500207096338,69338.50144967437,17.933732046766497,-66.02702716609801,-41.701042,4,0,0.3531,1,1
9.905500207096338,69338.50144967437,17.933732047852093,-66.02702715891213,-41.86611,4,0,0.1881,1,1
9.905800208449364,69340.60145914555,17.93371279578578,-66.0270291772705,-41.92346,4,0,0.1307,1,1
9.905900206416844,69341.30144491792,17.93370637563406,-66.02702987419535,-41.38709,4,0,0.6671,1,1
9.905900206416844,69341.30144491792,17.93370638019543,-66.02702984400158,-42.08068,4,0,-0.0265,1,1
9.905900206416844,69341.30144491792,17.93370637731661,-66.02702986305778,-41.642933,4,0,0.4112,1,1
9.9061002060771,69342.70144253969,17.933693546147808,-66.02703120184893,-41.834396,4,0,0.2198,1,1
9.906300216913223,69344.10151839256,17.933680713857424,-66.02703255276313,-41.74732,4,0,0.3068,1,1
9.906400218605995,69344.80153024197,17.933674299525286,-66.02703322131998,-41.860947,4,0,0.1932,1,1
9.906500216573477,69345.50151601434,17.93366788455499,-66.02703389803648,-41.78599,4,0,0.2682,1,1
9.906600218266249,69346.20152786374,17.933661470070287,-66.02703457237196,-41.76571,4,0,0.2885,1,1
9.90670021623373,69346.90151363611,17.933655054406053,-66.02703525847376,-41.473915,4,0,0.5802,1,1
9.90670021623373,69346.90151363611,17.933655055610632,-66.02703525049978,-41.65709,4,0,0.3971,1,1
9.906800217926502,69347.60152548552,17.933648754946606,-66.02703514942473,-59.457077,2,0,-17.4029,0,3
9.907000217586756,69349.00152310729,17.9336358167397,-66.02703726644785,-41.751644,4,0,0.3025,1,1
9.90720022842288,69350.40159896016,17.933622992115204,-66.02703860993346,-41.823326,4,0,0.2308,1,1
9.90720022842288,69350.40159896016,17.933622991974257,-66.02703861086647,-41.80189,4,0,0.2523,1,1
9.907300226390362,69351.10158473253,17.933616579638922,-66.02703928956684,-41.67547,4,0,0.3787,1,1
9.907400228083134,69351.80159658194,17.93361016879075,-66.02703995934121,-41.753757,4,0,0.3004,1,1
9.907600227743387,69353.20159420371,17.933597347215283,-66.02704130710745,-41.718117,4,0,0.336,1,1
9.907700225710869,69353.90157997608,17.933590936801792,-66.02704198304006,-41.651417,4,0,0.4027,1,1
9.90780022740364,69354.60159182549,17.933584526228667,-66.02704266098542,-41.538002,4,0,0.5162,1,1
9.908100198954344,69356.7013926804,17.933565302086325,-66.02704467338775,-41.67837,4,0,0.3758,1,1
9.90840019658208,69358.80137607455,17.93354607814138,-66.02704669691443,-41.556286,4,0,0.4979,1,1
9.90840019658208,69358.80137607455,17.933546077511448,-66.02704670108464,-41.460487,4,0,0.5937,1,1
9.908900208771229,69362.3014613986,17.933514047189576,-66.02705005484216,-41.664444,4,0,0.3897,1,1
9.90900020673871,69363.00144717097,17.933507643214373,-66.02705072139949,-41.79658,4,0,0.2576,1,1
9.90900020673871,69363.00144717097,17.93350764315964,-66.02705072176181,-41.78826,4,0,0.2659,1,1
9.909100208431482,69363.70145902038,17.933501237882542,-66.0270513979877,-41.697353,4,0,0.3568,1,1
9.90950020775199,69366.50145426393,17.933475624206512,-66.02705408294304,-41.774994,4,0,0.2792,1,1
9.909800216555595,69368.60151588917,17.93345641656013,-66.02705610307777,-41.66966,4,0,0.3845,1,1
9.910000216215847,69370.00151351094,17.933443615286553,-66.02705744030592,-41.80851,4,0,0.2457,1,1
9.91010021790862,69370.70152536035,17.93343725363057,-66.02705784401282,-47.964363,3,0,-5.9102,0,0
9.910200215876102,69371.40151113272,17.933430951323665,-66.02705784563422,-63.35901,3,0,-21.3048,0,0
9.910500217229128,69373.5015206039,17.933411615790956,-66.02706080456134,-41.636425,4,0,0.4177,1,1
9.9106002189219,69374.2015324533,17.933405044253455,-66.02706154785739,-41.561886,4,0,0.4923,1,1
9.910700228065252,69374.90159645677,17.93339873212887,-66.02706169594639,-53.48146,2,0,-11.4273,0,0
9.910800226032734,69375.60158222914,17.93339227120817,-66.02706287378116,-41.72901,4,0,0.3252,1,1
9.910900227725506,69376.30159407854,17.933385883498968,-66.02706354965002,-41.512524,4,0,0.5416,1,1
9.910900227725506,69376.30159407854,17.933385929931347,-66.02706323053206,-48.847363,3,0,-6.7932,0,0
9.910900227725506,69376.30159407854,17.933385885810836,-66.02706353434417,-41.864132,4,0,0.19,1,1
9.911000225692987,69377.00157985091,17.933379497792522,-66.0270642164872,-41.50081,4,0,0.5534,1,1
9.911000225692987,69377.00157985091,17.933379636246986,-66.02706326806145,-63.299007,3,0,-21.2448,0,0
9.91110022738576,69377.70159170032,17.933373113302522,-66.02706487638466,-41.64693,4,0,0.4072,1,1
9.91110022738576,69377.70159170032,17.933373239548903,-66.02706401045974,-61.549355,3,0,-19.4952,0,3
9.911300227046013,69379.10158932209,17.93336034339684,-66.02706621179314,-41.573467,4,0,0.4807,1,1
9.911300227046013,69379.10158932209,17.93336034506795,-66.02706620072966,-41.827618,4,0,0.2265,1,1
9.911400228738785,69379.8016011715,17.9333539618867,-66.02706685986976,-41.984653,4,0,0.0695,1,1
9.912000197917225,69384.00138542056,17.933315667278574,-66.02707085632044,-41.918797,4,0,0.1354,1,1
9.912100207060575,69384.70144942403,17.933309283936826,-66.02707153135722,-41.69642,4,0,0.3577,1,1
9.912300206720827,69386.1014470458,17.933296522765286,-66.02707286016937,-41.730556,4,0,0.3236,1,1
9.912800207734108,69389.60145413876,17.933264627631296,-66.02707617271828,-41.994816,4,0,0.0593,1,1
9.912800207734108,69389.60145413876,17.93326475590127,-66.02707529348228,-62.20305,3,0,-20.1489,3,3
9.91290020570159,69390.30143991113,17.93325824700625,-66.0270768539571,-41.610325,4,0,0.4438,1,1
9.913000218570232,69391.00152999163,17.933251869112503,-66.02707751328938,-41.72908,4,0,0.3251,1,1
9.913100216537714,69391.701515764,17.933245492051523,-66.02707817565084,-41.77371,4,0,0.2805,1,1
9.91350021585822,69394.50151100755,17.933219986277578,-66.02708082832117,-41.856686,4,0,0.1975,1,1
9.913700215518476,69395.90150862932,17.933207234530872,-66.02708216097533,-41.73922,4,0,0.3149,1,1
9.913800217211246,69396.60152047873,17.93320086027166,-66.02708281918802,-41.863735,4,0,0.1904,1,1
9.913800217211246,69396.60152047873,17.933200858728753,-66.02708282940111,-41.62912,4,0,0.425,1,1
9.9140002168715,69398.0015181005,17.93318811132565,-66.02708414658635,-41.85323,4,0,0.2009,1,1
9.914300225675106,69400.10157972574,17.93316898976795,-66.0270861376992,-41.821255,4,0,0.2329,1,1
9.914800226688383,69403.6015868187,17.933137126850426,-66.02708946181492,-41.591118,4,0,0.463,1,1
9.915100198239088,69405.70138767362,17.93311801827052,-66.02709143193084,-41.98022,4,0,0.0739,1,1
9.915400207042694,69407.80144929886,17.933098905518438,-66.02709343174767,-41.67178,4,0,0.3824,1,1
9.915500208735466,69408.50146114826,17.933092538283493,-66.02709407830096,-42.02476,4,0,0.0294,1,1
9.915600206702948,69409.20144692063,17.93308616715886,-66.02709475401043,-41.70507,4,0,0.3491,1,1
9.915900208055971,69411.30145639181,17.933067060897883,-66.02709674196691,-41.633015,4,0,0.4211,1,1
9.916200205683708,69413.40143978596,17.933047958395143,-66.027098722644,-41.706635,4,0,0.3475,1,1
9.916200205683708,69413.40143978596,17.933047958426254,-66.02709872243808,-41.711365,4,0,0.3428,1,1
9.916400209069252,69414.80146348476,17.933035223017818,-66.02710005165554,-41.548347,4,0,0.5058,1,1
9.91680021584034,69417.60151088238,17.933009759324463,-66.02710268387152,-41.796288,4,0,0.2579,1,1
9.916900217533112,69418.30152273178,17.933003393553825,-66.02710334494019,-41.783195,4,0,0.271,1,1
9.917100217193363,69419.70152035356,17.932990662066956,-66.02710467293748,-41.614853,4,0,0.4393,1,1
9.917400225996971,69421.8015819788,17.932971567985035,-66.02710665159373,-41.652752,4,0,0.4014,1,1
9.917600225657225,69423.20157960057,17.93295884202637,-66.02710795788883,-41.959713,4,0,0.0945,1,1
9.917600225657225,69423.20157960057,17.93295884040603,-66.02710796861048,-41.713417,4,0,0.3407,1,1
9.917600225657225,69423.20157960057,17.93295884078341,-66.02710796611339,-41.77078,4,0,0.2834,1,1
9.917700227349997,69423.90159144998,17.932952476606964,-66.02710862853523,-41.70802,4,0,0.3461,1,1
9.918300196528437,69428.10137569904,17.93291429986409,-66.02711259334056,-41.500057,4,0,0.5541,1,1
9.918300196528437,69428.10137569904,17.93291430254131,-66.02711257562716,-41.906967,4,0,0.1472,1,1
9.918500196188688,69429.50137332082,17.932901576383333,-66.027113907168,-41.592373,4,0,0.4618,1,1
9.91860019788146,69430.20138517022,17.932895215542857,-66.02711455917247,-41.748135,4,0,0.306,1,1
9.918800197541714,69431.601382792,17.93288249059533,-66.02711588985355,-41.439495,4,0,0.6147,1,1
9.918800197541714,69431.601382792,17.932882518097866,-66.02711570121183,-45.775276,3,0,-3.7211,0,0
9.918800197541714,69431.601382792,17.93288249173319,-66.02711588232553,-41.612427,4,0,0.4417,1,1
9.919300206005571,69435.10144203901,17.93285068700575,-66.02711917356326,-41.617043,4,0,0.4371,1,1
9.919300206005571,69435.10144203901,17.93285068558154,-66.02711918298519,-41.400604,4,0,0.6536,1,1
9.91970020905137,69437.9014633596,17.93282524546434,-66.02712181210735,-41.45141,4,0,0.6028,1,1
9.920100215822458,69440.70151075721,17.932799808690575,-66.02712443234323,-41.67066,4,0,0.3835,1,1
9.92020021751523,69441.40152260661,17.93279344941529,-66.02712509007584,-41.658413,4,0,0.3958,1,1
9.920500218868256,69443.50153207779,17.93277437328121,-66.02712705836598,-41.72038,4,0,0.3338,1,1
9.920500218868256,69443.50153207779,17.932774372742777,-66.02712706192746,-41.638565,4,0,0.4156,1,1
9.920500218868256,69443.50153207779,17.93277437356238,-66.02712705650617,-41.7631,4,0,0.2911,1,1
9.920600216835735,69444.20151785016,17.93276801488559,-66.02712771490418,-41.726036,4,0,0.3281,1,1
9.921000227332115,69447.0015913248,17.93274258042366,-66.02713034604267,-41.614655,4,0,0.4395,1,1
9.921200226992369,69448.40158894658,17.93272986420162,-66.02713166105,-41.5577,4,0,0.4965,1,1
9.921500228345394,69450.50159841776,17.932710791255136,-66.02713362783788,-41.587467,4,0,0.4667,1,1
9.921600226312876,69451.20158419013,17.93270443513314,-66.02713427539503,-41.77728,4,0,0.2769,1,1
9.921700198203323,69451.90138742328,17.93269807846478,-66.02713493783463,-41.619095,4,0,0.4351,1,1
9.921700198203323,69451.90138742328,17.93269807829947,-66.02713493892793,-41.593983,4,0,0.4602,1,1
9.92200019583106,69454.00137081742,17.93267900530971,-66.02713691418477,-41.39595,4,0,0.6582,1,1
9.922100197523832,69454.70138266683,17.932672649957798,-66.02713755725462,-41.678482,4,0,0.3757,1,1
9.922200206667185,69455.4014466703,17.932666291931216,-66.02713821528859,-41.61622,4,0,0.4379,1,1
9.922200206667185,69455.4014466703,17.93266629109249,-66.02713822083508,-41.488808,4,0,0.5654,1,1
9.922200206667185,69455.4014466703,17.93266629112574,-66.02713822061521,-41.49386,4,0,0.5603,1,1
9.922300208359957,69456.1014585197,17.932659934121148,-66.02713887530983,-41.505016,4,0,0.5491,1,1
9.922400206327438,69456.80144429207,17.932653578140226,-66.02713952508961,-41.62635,4,0,0.4278,1,1
9.92250020802021,69457.50145614147,17.932647220236092,-66.02714018633478,-41.48271,4,0,0.5715,1,1
9.922600205987692,69458.20144191384,17.93264086419686,-66.02714083705544,-41.578125,4,0,0.476,1,1
9.922700207680464,69458.90145376325,17.932634504666943,-66.0271415095603,-41.171535,4,0,0.8826,0,0
9.922800209373236,69459.60146561265,17.932628151729773,-66.0271421386899,-41.759197,4,0,0.295,1,1
9.922900207340716,69460.30145138502,17.932621793463955,-66.02714280479341,-41.494816,4,0,0.5593,1,1
9.92300020903349,69461.00146323442,17.932615435497272,-66.02714346755103,-41.30572,4,0,0.7484,1,1
9.92300020903349,69461.00146323442,17.932615436100008,-66.02714346356555,-41.39727,4,0,0.6569,1,1
9.923400215804577,69463.80151063204,17.932590011458043,-66.02714606809992,-41.68773,4,0,0.3664,1,1
9.924000218510628,69468.0015295744,17.932551871023957,-66.0271500022498,-41.430878,4,0,0.6233,1,1
9.924800228327513,69473.60159829259,17.932501021970843,-66.0271552074702,-41.899284,4,0,0.1549,1,1
9.924900226294994,69474.30158406496,17.932494665049987,-66.02715586383529,-41.816864,4,0,0.2373,1,1
9.924900226294994,69474.30158406496,17.932494664588756,-66.02715586688424,-41.746826,4,0,0.3073,1,1
9.925100225955248,69475.70158168674,17.93248195220082,-66.02715716761205,-41.852154,4,0,0.202,1,1
9.925100225955248,69475.70158168674,17.93248195171438,-66.0271571708276,-41.77829,4,0,0.2759,1,1
9.925200197845696,69476.40138491988,17.932475598080934,-66.02715781535434,-41.957813,4,0,0.0964,1,1
9.925600197166204,69479.20138016343,17.932450170438226,-66.02716043025303,-41.827362,4,0,0.2268,1,1
9.925600197166204,69479.20138016343,17.93245017077035,-66.02716042805774,-41.877792,4,0,0.1764,1,1
9.925600197166204,69479.20138016343,17.932450169677615,-66.02716043528066,-41.711872,4,0,0.3423,1,1
9.926000207662582,69482.00145363808,17.93242476856372,-66.02716285669497,-45.997993,3,0,-3.9438,0,0
9.926000207662582,69482.00145363808,17.932424741213016,-66.02716304415212,-41.68956,4,0,0.3646,1,1
9.926200207322836,69483.40145125985,17.932412027113553,-66.02716434703531,-41.701336,4,0,0.3528,1,1
9.926200207322836,69483.40145125985,17.932412027468935,-66.02716434468643,-41.75529,4,0,0.2989,1,1
9.92650020867586,69485.50146073103,17.932392954867332,-66.02716630363892,-41.65218,4,0,0.402,1,1
9.926600206643345,69486.2014465034,17.932386726903623,-66.0271660700516,-61.989433,0,0,-19.9353,0,0
9.92690021917224,69488.30153420568,17.932367524541466,-66.02716890453505,-41.742275,4,0,0.3119,1,1
9.92700021713972,69489.00151997805,17.9323611661219,-66.02716956053492,-41.626583,4,0,0.4276,1,1
9.927100218832493,69489.70153182745,17.932354810281762,-66.02717019723144,-41.95293,4,0,0.1012,1,1
9.927300218492746,69491.10152944922,17.93234209318809,-66.02717150571505,-41.793243,4,0,0.2609,1,1
9.927400216460228,69491.8015152216,17.932335735125978,-66.02717215637132,-41.792614,4,0,0.2616,1,1
9.927500218153,69492.501527071,17.932329375821286,-66.02717281290376,-41.65565,4,0,0.3985,1,1
9.927500218153,69492.501527071,17.93232949704305,-66.02717198345033,-60.718815,0,0,-18.6647,0,0
9.927800226956606,69494.60158869624,17.932310299810567,-66.02717476293901,-41.68348,4,0,0.3707,1,1
9.92800022661686,69496.00158631802,17.932297584922402,-66.02717604365544,-42.135597,4,0,-0.0814,1,1
9.928400225937366,69498.80158156157,17.932272147421067,-66.02717865008937,-41.981853,4,0,0.0723,1,1
9.928500227630138,69499.50159341097,17.932265786546463,-66.0271793080053,-41.794292,4,0,0.2599,1,1
9.92870019748807,69500.90138241649,17.93225306819517,-66.02718061223572,-41.675106,4,0,0.3791,1,1
9.92880019918084,69501.60139426589,17.93224670899767,-66.02718125601386,-41.80675,4,0,0.2474,1,1
9.928900197148325,69502.30138003826,17.93224034769985,-66.02718191415596,-41.606052,4,0,0.4481,1,1
9.929000198841097,69503.00139188766,17.932233989113122,-66.02718255177183,-41.875572,4,0,0.1786,1,1
9.9293002076447,69505.1014535129,17.93221490509238,-66.02718451104813,-41.60722,4,0,0.4469,1,1
9.929400209337471,69505.80146536231,17.93220854521978,-66.0271851526971,-41.776802,4,0,0.2774,1,1
9.929400209337471,69505.80146536231,17.93220854442865,-66.02718515792388,-41.65674,4,0,0.3974,1,1
9.929400209337471,69505.80146536231,17.932208545378987,-66.02718515164527,-41.80096,4,0,0.2532,1,1
9.929700206965208,69507.90144875646,17.93218946232697,-66.02718709534624,-41.86694,4,0,0.1872,1,1
9.930100217461586,69510.7015222311,17.932164012392267,-66.02718970304913,-41.561913,4,0,0.4923,1,1
9.930100217461586,69510.7015222311,17.932164012864,-66.02718969993272,-41.6335,4,0,0.4207,1,1
9.93030021712184,69512.10151985288,17.932151288328797,-66.02719099566573,-41.655933,4,0,0.3982,1,1
9.93030021712184,69512.10151985288,17.932151287257767,-66.02719100274102,-41.493412,4,0,0.5608,1,1
9.93030021712184,69512.10151985288,17.932151287914305,-66.02719099840387,-41.593037,4,0,0.4611,1,1
9.930600218474863,69514.20152932405,17.932132304813575,-66.02719285346143,-41.944996,4,0,0.1092,1,1
9.930600218474863,69514.20152932405,17.93213230195694,-66.02719287233136,-41.511547,4,0,0.5426,1,1
9.9309002161026,69516.3015127182,17.932113192973056,-66.02719482516144,-41.629086,4,0,0.4251,1,1
9.931100219488144,69517.70153641701,17.932100452043876,-66.02719612860079,-41.663918,4,0,0.3902,1,1
9.931300226598978,69519.10158619285,17.932087710901083,-66.02719742624593,-41.82534,4,0,0.2288,1,1
9.931300226598978,69519.10158619285,17.932087709455626,-66.02719743579351,-41.60603,4,0,0.4481,1,1
9.931600227952003,69521.20159566402,17.9320685960145,-66.02719938680326,-41.728874,4,0,0.3253,1,1
9.931800227612255,69522.6015932858,17.93205585337921,-66.02720068302831,-41.903496,4,0,0.1507,1,1
9.931900229305027,69523.3016051352,17.932049480404157,-66.02720133913446,-41.80464,4,0,0.2495,1,1
9.932200197130442,69525.40137991309,17.93203036412879,-66.02720329659842,-41.740276,4,0,0.3139,1,1
9.932300198823214,69526.1013917625,17.932023989360104,-66.02720395867388,-41.496544,4,0,0.5576,1,1
9.932400207966566,69526.80145576596,17.93201761871099,-66.02720458897163,-41.98188,4,0,0.0723,1,1
9.932800207287071,69529.60145100951,17.931992123409493,-66.02720719460363,-41.957825,4,0,0.0963,1,1
9.932900208979843,69530.30146285892,17.931985748033533,-66.02720785173099,-41.81558,4,0,0.2386,1,1
9.9331002086401,69531.70146048069,17.931972998934338,-66.0272091520862,-41.84351,4,0,0.2107,1,1
9.9331002086401,69531.70146048069,17.931972999856573,-66.02720914599547,-41.983414,4,0,0.0708,1,1
9.9331002086401,69531.70146048069,17.931972999540616,-66.02720914808215,-41.935482,4,0,0.1187,1,1
9.933500207960606,69534.50145572424,17.931947495794965,-66.02721176672276,-41.55407,4,0,0.5001,1,1
9.933500207960606,69534.50145572424,17.931947497819657,-66.02721175335152,-41.861206,4,0,0.193,1,1
9.933600209653378,69535.20146757364,17.931941136459415,-66.02721230394498,-44.152203,3,0,-2.098,0,0
9.93370021879673,69535.90153157711,17.93193474341157,-66.02721306585637,-41.585823,4,0,0.4683,1,1
9.933800216764212,69536.60151734948,17.931928368995262,-66.02721370448401,-41.84853,4,0,0.2056,1,1
9.93420021608472,69539.40151259303,17.931902861376994,-66.02721630620998,-41.793358,4,0,0.2608,1,1
9.93430021777749,69540.10152444243,17.93189648347816,-66.02721695856502,-41.72993,4,0,0.3242,1,1
9.934500217437744,69541.50152206421,17.93188372776565,-66.027218259596,-41.680058,4,0,0.3741,1,1
9.93480022624135,69543.60158368945,17.93186459158453,-66.02722021284347,-41.54988,4,0,0.5043,1,1
9.93480022624135,69543.60158368945,17.931864591380478,-66.02722021419096,-41.51893,4,0,0.5352,1,1
9.935000229626894,69545.00160738826,17.931851834262908,-66.0272215073487,-41.62671,4,0,0.4275,1,1
9.935100227594376,69545.70159316063,17.93184545601683,-66.02722215105776,-41.742325,4,0,0.3118,1,1
9.935100227594376,69545.70159316063,17.931845456619595,-66.02722214707745,-41.83375,4,0,0.2204,1,1
9.93550019711256,69548.50137978792,17.93181994012164,-66.02722473868877,-41.883026,4,0,0.1711,1,1
9.935700196772814,69549.9013774097,17.931807178660918,-66.02722604008433,-41.766556,4,0,0.2876,1,1
9.935800198465586,69550.6013892591,17.931800796751943,-66.02722669542895,-41.598087,4,0,0.4561,1,1
9.93600019812584,69552.00138688087,17.931787328353728,-66.02723282050677,69.39071,0,0,111.4449,0,0
9.93600019812584,69552.00138688087,17.931788033416687,-66.02722799974583,-41.399334,4,0,0.6548,1,1
9.936200208961964,69553.40146273375,17.931775270621912,-66.02722928910093,-41.535862,4,0,0.5183,1,1
9.9365002065897,69555.50144612789,17.93175612598289,-66.02723122263932,-41.729477,4,0,0.3247,1,1
9.93660020828247,69556.2014579773,17.931749743256663,-66.02723187075432,-41.706413,4,0,0.3478,1,1
9.93660020828247,69556.2014579773,17.931749741952192,-66.02723187936766,-41.508568,4,0,0.5456,1,1
9.936700206249952,69556.90144374967,17.931743358661663,-66.0272325311754,-41.39749,4,0,0.6567,1,1
9.937400218099356,69561.80152669549,17.9316986737772,-66.02723705103446,-41.532055,4,0,0.5221,1,1
9.937500216066836,69562.50151246786,17.931692289247305,-66.02723769840547,-41.5014,4,0,0.5528,1,1
9.93760021775961,69563.20152431726,17.93168509721892,-66.02724386445475,85.35988,0,0,127.414,0,0
9.93760021775961,69563.20152431726,17.931685904212863,-66.02723834598736,-41.463726,4,0,0.5904,1,1
9.937900219112636,69565.30153378844,17.931666748232722,-66.02724028663266,-41.3819,4,0,0.6723,1,1
9.938000217080116,69566.00151956081,17.931660362749614,-66.02724093243687,-41.373486,4,0,0.6807,1,1
9.938000217080116,69566.00151956081,17.931660364786488,-66.02724091898831,-41.682384,4,0,0.3718,1,1
9.938400227576494,69568.80159303546,17.93163481899665,-66.02724350427333,-41.576115,4,0,0.478,1,1
9.938400227576494,69568.80159303546,17.931634820091897,-66.027243497042,-41.74221,4,0,0.312,1,1
9.938600227236748,69570.20159065723,17.931622045806538,-66.02724479180726,-41.622665,4,0,0.4315,1,1
9.939000196754932,69573.00137728453,17.931596498841134,-66.0272473639334,-41.74523,4,0,0.3089,1,1
9.93940019607544,69575.80137252808,17.93157094332266,-66.02724995587113,-41.37132,4,0,0.6828,1,1
9.940000206232073,69580.0014436245,17.93153260810456,-66.02725380582683,-41.59753,4,0,0.4566,1,1
9.940000206232073,69580.0014436245,17.931532609006055,-66.02725379987497,-41.734238,4,0,0.3199,1,1
9.940200209617617,69581.4014673233,17.93151983068526,-66.0272550704246,-42.079784,4,0,-0.0256,1,1
9.940200209617617,69581.4014673233,17.931519826061546,-66.02725510095131,-41.37863,4,0,0.6755,1,1
9.940600216388702,69584.20151472092,17.931494263673464,-66.02725766183512,-41.58044,4,0,0.4737,1,1
9.941400218755009,69589.80153128505,17.93144312830471,-66.02726278636977,-41.778988,4,0,0.2752,1,1
9.941800229251385,69592.6016047597,17.931417555799246,-66.02726534079348,-41.98999,4,0,0.0642,1,1
9.941800229251385,69592.6016047597,17.931417555176708,-66.02726534490346,-41.89559,4,0,0.1586,1,1
9.942000228911638,69594.00160238147,17.931404766008242,-66.02726663515779,-41.68312,4,0,0.371,1,1
9.94210022687912,69594.70158815384,17.93139837460287,-66.02726725790541,-42.086266,4,0,-0.0321,1,1
9.942500196397305,69597.50137478113,17.93137279636314,-66.02726982716199,-41.8689,4,0,0.1853,1,1
9.9428002089262,69599.6014624834,17.931353608660306,-66.02727175103449,-41.751205,4,0,0.303,1,1
9.943000208586454,69601.00146010518,17.9313408172749,-66.02727302745369,-41.798603,4,0,0.2556,1,1
9.943100206553936,69601.70144587755,17.93133442234123,-66.02727365933418,-41.963085,4,0,0.0911,1,1
9.94330020621419,69603.10144349933,17.93132162903914,-66.02727494006407,-41.89427,4,0,0.1599,1,1
9.94340020790696,69603.80145534873,17.93131522942589,-66.02727559714255,-41.47199,4,0,0.5822,1,1
9.943500209599732,69604.50146719813,17.931308832416743,-66.02727623565681,-41.473236,4,0,0.5809,1,1
9.943600207567217,69605.2014529705,17.931302436952638,-66.02727686415379,-41.70117,4,0,0.353,1,1
9.943600207567217,69605.2014529705,17.931302438289073,-66.02727685533046,-41.903824,4,0,0.1503,1,1
9.944200217723846,69609.40152406693,17.931264049492164,-66.02728069435828,-41.65269,4,0,0.4015,1,1
9.944200217723846,69609.40152406693,17.93126404956909,-66.02728069385039,-41.664352,4,0,0.3898,1,1
9.944600217044352,69612.20151931047,17.931238454150048,-66.02728324829963,-41.552975,4,0,0.5012,1,1
9.944800227880478,69613.60159516335,17.931225656167097,-66.02728451508294,-41.722103,4,0,0.3321,1,1
9.94490022957325,69614.30160701275,17.931219255263187,-66.02728516071427,-41.520924,4,0,0.5332,1,1
9.94490022957325,69614.30160701275,17.931219255939975,-66.02728515624598,-41.62355,4,0,0.4306,1,1
9.945000227540731,69615.00159278512,17.931212857010816,-66.02728578910676,-41.71242,4,0,0.3417,1,1
9.945200227200983,69616.4015904069,17.931200056263215,-66.02728706853095,-41.56792,4,0,0.4862,1,1
9.94550022855401,69618.50159987807,17.931180854664557,-66.02728898058155,-41.494164,4,0,0.56,1,1
9.945700198411942,69619.90138888359,17.931168055481592,-66.02729024954127,-41.559116,4,0,0.495,1,1
9.946100197732449,69622.70138412714,17.93114245100017,-66.02729278831043,-41.647045,4,0,0.4071,1,1
9.946100197732449,69622.70138412714,17.931142452192763,-66.02729278043644,-41.82789,4,0,0.2263,1,1
9.946300197392702,69624.10138174891,17.93112964763815,-66.02729405784734,-41.67217,4,0,0.382,1,1
9.946300197392702,69624.10138174891,17.931129646978835,-66.02729406220051,-41.57219,4,0,0.482,1,1
9.946500208228828,69625.50145760179,17.93111684261188,-66.02729532895839,-41.652702,4,0,0.4015,1,1
9.946800209581852,69627.60146707296,17.93109763401799,-66.02729723998553,-41.502598,4,0,0.5516,1,1
9.946900207549334,69628.30145284534,17.931091232607063,-66.02729786611052,-41.697285,4,0,0.3569,1,1
9.946900207549334,69628.30145284534,17.931091232562938,-66.02729786640187,-41.690594,4,0,0.3636,1,1
9.947000209242104,69629.00146469474,17.9310848275842,-66.02729851338427,-41.404385,4,0,0.6498,1,1
9.947100207209589,69629.70145046711,17.931078542166233,-66.02729834467333,-59.85817,0,0,-17.804,0,0
9.94720021635294,69630.40151447058,17.931072022175666,-66.0272997723466,-41.629227,4,0,0.4249,1,1
9.947300218045712,69631.10152631998,17.931065620166837,-66.02730039631788,-41.86437,4,0,0.1898,1,1
9.947300218045712,69631.10152631998,17.931065863888293,-66.02729872872429,-80.18329,0,0,-38.1291,0,0
9.947500217705963,69632.50152394176,17.931052811786284,-66.02730167084445,-41.716827,4,0,0.3373,1,1
9.947600219398735,69633.20153579116,17.931046407745683,-66.02730230489439,-41.71354,4,0,0.3406,1,1
9.94770021736622,69633.90152156353,17.93104000326914,-66.02730294227662,-41.630898,4,0,0.4233,1,1
9.947900217026472,69635.3015191853,17.931027194609438,-66.02730421028906,-41.614468,4,0,0.4397,1,1
9.94830021634698,69638.10151442885,17.931001576708944,-66.02730673730527,-41.76206,4,0,0.2921,1,1
9.94830021634698,69638.10151442885,17.931001576128825,-66.0273067411357,-41.674088,4,0,0.3801,1,1
9.94830021634698,69638.10151442885,17.931001576022254,-66.0273067418394,-41.657925,4,0,0.3962,1,1
9.948500227183104,69639.50159028172,17.9309887652491,-66.02730800642499,-41.695724,4,0,0.3584,1,1
9.948600228875875,69640.20160213113,17.93098236125457,-66.02730862952865,-41.921978,4,0,0.1322,1,1
9.948800228536127,69641.6015997529,17.930969548354614,-66.02730990665339,-41.657738,4,0,0.3964,1,1
9.949300199747086,69645.1013982296,17.930937518836483,-66.02731307557261,-41.506966,4,0,0.5472,1,1
9.949300199747086,69645.1013982296,17.930937519747,-66.02731306956031,-41.645042,4,0,0.4091,1,1
9.949400197714567,69645.80138400197,17.930931114061117,-66.0273136974163,-41.745792,4,0,0.3084,1,1
9.94950019940734,69646.50139585137,17.930924706815578,-66.02731433305706,-41.66644,4,0,0.3877,1,1
9.94950019940734,69646.50139585137,17.930924707488373,-66.02731432861448,-41.768467,4,0,0.2857,1,1
9.94950019940734,69646.50139585137,17.930924706846127,-66.02731433285534,-41.67107,4,0,0.3831,1,1
9.94960019737482,69647.20138162374,17.930918299387994,-66.02731497049915,-41.543335,4,0,0.5108,1,1
9.949700206518171,69647.90144562721,17.93091189215304,-66.02731560106591,-41.577938,4,0,0.4762,1,1
9.95010020956397,69650.7014669478,17.930886263144398,-66.02731812845892,-41.57618,4,0,0.478,1,1
9.950200207531452,69651.40145272017,17.93087985706748,-66.02731875142507,-41.775055,4,0,0.2791,1,1
9.95060020685196,69654.20144796371,17.930854187748498,-66.02732140634949,-41.568497,4,0,0.4857,1,1
9.950800217688084,69655.60152381659,17.930841375868205,-66.02732265008005,-41.65041,4,0,0.4038,1,1
9.951400216668844,69659.80151668191,17.930802938303625,-66.02732638779878,-41.706657,4,0,0.3475,1,1
9.951500218361616,69660.50152853131,17.93079653149777,-66.02732701070343,-41.713047,4,0,0.3411,1,1
9.951800227165222,69662.60159015656,17.930777308642572,-66.02732888916698,-41.50275,4,0,0.5514,1,1
9.9523002281785,69666.10159724951,17.930745273896157,-66.02733198794209,-41.86887,4,0,0.1853,1,1
9.952400229871271,69666.80160909891,17.930738865270296,-66.02733261586712,-41.752872,4,0,0.3013,1,1
9.952500227838756,69667.50159487128,17.93073245755852,-66.02733323856297,-41.75599,4,0,0.2982,1,1
9.952500227838756,69667.50159487128,17.930732455710277,-66.02733325076915,-41.475677,4,0,0.5785,1,1
9.95290019735694,69670.30138149858,17.9307068272416,-66.02733572784359,-41.796722,4,0,0.2574,1,1
9.953000199049711,69671.00139334798,17.930700419469,-66.02733634575935,-41.90897,4,0,0.1452,1,1
9.953100197017193,69671.70137912035,17.930694009865018,-66.02733697616925,-41.734055,4,0,0.3201,1,1
9.953100197017193,69671.70137912035,17.930694009547498,-66.02733697826632,-41.685894,4,0,0.3683,1,1
9.953100197017193,69671.70137912035,17.930694010413944,-66.02733697254389,-41.817307,4,0,0.2369,1,1
9.953200209885836,69672.40146920085,17.930687601378242,-66.02733759273559,-41.87891,4,0,0.1753,1,1
9.953300207853315,69673.10145497322,17.93068119308242,-66.02733821356189,-41.923923,4,0,0.1302,1,1
9.95340020954609,69673.80146682262,17.930674782514473,-66.0273388471544,-41.67649,4,0,0.3777,1,1
9.95340020954609,69673.80146682262,17.930674783707698,-66.02733883927368,-41.857464,4,0,0.1967,1,1
9.95350020751357,69674.501452595,17.930668373891738,-66.02733946877358,-41.70374,4,0,0.3504,1,1
9.95350020751357,69674.501452595,17.93066837451345,-66.02733946466742,-41.79803,4,0,0.2561,1,1
9.953600209206344,69675.2014644444,17.930661967660427,-66.0273400723712,-42.14569,4,0,-0.0915,1,1
9.953700207173824,69675.90145021677,17.930655555275028,-66.02734071750166,-41.633747,4,0,0.4204,1,1
9.953900206834078,69677.30144783854,17.93064273716704,-66.02734196022963,-41.7034,4,0,0.3508,1,1
9.953900206834078,69677.30144783854,17.930642736832215,-66.02734196244107,-41.652615,4,0,0.4015,1,1
9.954100206494331,69678.70144546032,17.93062992564608,-66.0273431551956,-42.87285,4,0,-0.8187,0,0
9.954100206494331,69678.70144546032,17.930629919393105,-66.02734319816405,-41.88555,4,0,0.1686,1,1
9.954200219362974,69679.40153554082,17.930623508179437,-66.02734382610633,-41.77347,4,0,0.2807,1,1
9.954400219023228,69680.8015331626,17.930610689290603,-66.02734506762245,-41.878048,4,0,0.1761,1,1
9.954400219023228,69680.8015331626,17.93061069025018,-66.02734506128448,-42.023594,4,0,0.0306,1,1
9.954800218343737,69683.60152840614,17.93058504986186,-66.02734755424812,-42.016693,4,0,0.0375,1,1
9.95500022917986,69685.00160425901,17.93057223028207,-66.02734878679081,-42.34263,4,0,-0.2885,1,1
9.95510022714734,69685.70159003139,17.930565817871358,-66.02734942512065,-41.99914,4,0,0.055,1,1
9.955200228840113,69686.40160188079,17.930559407287934,-66.02735004759039,-42.022415,4,0,0.0317,1,1
9.955300226807594,69687.10158765316,17.930552998343995,-66.02735065855558,-42.311424,4,0,-0.2573,1,1
9.955300226807594,69687.10158765316,17.9305531983342,-66.02734929083319,-73.73485,0,0,-31.6807,0,0
9.955300226807594,69687.10158765316,17.93055316489981,-66.02734952002156,-68.469086,0,0,-26.4149,0,0
9.955400228500366,69687.80159950256,17.930546585180277,-66.02735129862323,-41.933094,4,0,0.1211,1,1
9.955700229853392,69689.90160897374,17.930527354501358,-66.02735315223971,-42.339104,4,0,-0.2849,1,1
9.956500198692083,69695.50139084458,17.930476061935643,-66.02735816372262,-41.9284,4,0,0.1258,1,1
9.956600207835436,69696.20145484805,17.930469651099695,-66.02735877583716,-42.218464,4,0,-0.1643,1,1
9.956700209528208,69696.90146669745,17.930463236886617,-66.02735941624009,-41.859184,4,0,0.195,1,1
9.95680020749569,69697.60145246983,17.930456924812308,-66.02735935797885,-57.553673,0,0,-15.4995,0,0
9.957000207155945,69699.0014500916,17.93044400027141,-66.02736129301705,-41.81773,4,0,0.2364,1,1
9.957300208508968,69701.10145956278,17.930424763901872,-66.02736316264458,-41.965538,4,0,0.0886,1,1
9.95740021765232,69701.80152356625,17.930418348334946,-66.02736380412405,-41.602295,4,0,0.4519,1,1
9.957500219345093,69702.50153541565,17.930411937976405,-66.02736441389054,-41.96917,4,0,0.085,1,1
9.9579002186656,69705.3015306592,17.930386282786596,-66.0273669429223,-41.401005,4,0,0.6532,1,1
9.95800021663308,69706.00151643157,17.930379870077168,-66.02736756779845,-41.43632,4,0,0.6178,1,1
9.958100218325852,69706.70152828097,17.930373458474232,-66.02736818343365,-41.687744,4,0,0.3664,1,1
9.958100218325852,69706.70152828097,17.93037345763265,-66.02736818899358,-41.560078,4,0,0.4941,1,1
9.958200220018623,69707.40154013038,17.930367045078896,-66.02736881054163,-41.679165,4,0,0.375,1,1
9.95850021764636,69709.50152352452,17.93034780357736,-66.02737070151801,-41.452007,4,0,0.6022,1,1
9.958600219339132,69710.20153537393,17.93034139179141,-66.02737131658252,-41.734364,4,0,0.3198,1,1
9.959300227463244,69715.10159224272,17.930296492383764,-66.02737572581215,-41.436226,4,0,0.6179,1,1
9.959600199013948,69717.20139309764,17.930277252615475,-66.02737760576309,-41.588364,4,0,0.4658,1,1
9.959600199013948,69717.20139309764,17.93027725451957,-66.02737759318231,-41.877235,4,0,0.1769,1,1
9.959900207817554,69719.30145472288,17.930258010900854,-66.02737948057245,-41.90314,4,0,0.151,1,1
9.960000209510326,69720.00146657228,17.93025159643394,-66.02738010922667,-41.931507,4,0,0.1227,1,1
9.960400208830832,69722.80146181583,17.930225937350194,-66.02738263258884,-41.889526,4,0,0.1646,1,1
9.960500206798317,69723.5014475882,17.930219522329864,-66.0273832652865,-41.848015,4,0,0.2061,1,1
9.96080020815134,69725.60145705938,17.930200277012485,-66.02738516069792,-41.815544,4,0,0.2386,1,1
9.960900209844112,69726.30146890879,17.930193861254537,-66.02738579589206,-41.737045,4,0,0.3171,1,1
9.961000207811594,69727.00145468116,17.93018744776256,-66.02738641747868,-41.97553,4,0,0.0786,1,1
9.961000207811594,69727.00145468116,17.930187447757813,-66.02738641751003,-41.974808,4,0,0.0794,1,1
9.961000207811594,69727.00145468116,17.930187448928127,-66.02738640810728,-42.191288,4,0,-0.1371,1,1
9.961100216954948,69727.70151868463,17.930181031286622,-66.02738705393232,-41.879414,4,0,0.1748,1,1
9.961100216954948,69727.70151868463,17.93018103338178,-66.02738703841818,-42.236214,4,0,-0.182,1,1
9.961200218647718,69728.40153053403,17.930174616582995,-66.02738768160857,-41.988945,4,0,0.0652,1,1
9.961200218647718,69728.40153053403,17.930174615633874,-66.02738768788035,-41.84494,4,0,0.2092,1,1
9.961400218307972,69729.8015281558,17.93016178603204,-66.02738894556664,-42.02565,4,0,0.0285,1,1
9.961500220000744,69730.5015400052,17.93015537044542,-66.02738957815443,-42.038555,4,0,0.0156,1,1
9.961700219660996,69731.90153762698,17.930142539741738,-66.02739084218656,-42.10579,4,0,-0.0516,1,1
9.96180021762848,69732.60152339935,17.930136122358842,-66.02739148818826,-41.826237,4,0,0.2279,1,1
9.96180021762848,69732.60152339935,17.930136126558438,-66.02739145876657,-42.502357,4,0,-0.4482,0,0
9.961900219321253,69733.30153524876,17.93012970761053,-66.02739211508982,-41.991325,4,0,0.0628,1,1
9.96240022778511,69736.80159449577,17.9300976283438,-66.02739528430492,-42.104767,4,0,-0.0506,1,1
9.962500229477882,69737.50160634518,17.93009121177906,-66.02739592253063,-42.04414,4,0,0.01,1,1
9.962500229477882,69737.50160634518,17.93009121223881,-66.02739591949229,-42.113903,4,0,-0.0597,1,1
9.962800197303295,69739.60138112307,17.930071963369368,-66.02739784374828,-41.742123,4,0,0.312,1,1
9.962800197303295,69739.60138112307,17.93007219672978,-66.02739624642052,-78.43599,0,0,-36.3818,0,0
9.96310019865632,69741.70139059424,17.930052714815876,-66.02739975124314,-41.81422,4,0,0.2399,1,1
9.963200196623802,69742.40137636662,17.930046300835112,-66.02740037342627,-42.163498,4,0,-0.1093,1,1
9.963300198316574,69743.10138821602,17.93003988142717,-66.02740102987057,-41.732872,4,0,0.3213,1,1
9.963300198316574,69743.10138821602,17.93003988236008,-66.02740102370494,-41.87443,4,0,0.1797,1,1
9.963400200009346,69743.80140006542,17.930033466264724,-66.02740165821122,-41.95374,4,0,0.1004,1,1
9.963400200009346,69743.80140006542,17.930033462619974,-66.02740168229963,-41.40067,4,0,0.6535,1,1
9.9635002091527,69744.50146406889,17.9300270497937,-66.0274022920489,-42.05576,4,0,-0.0016,1,1
9.9635002091527,69744.50146406889,17.93002704806874,-66.02740230344942,-41.794006,4,0,0.2602,1,1
9.963700208812952,69745.90146169066,17.93001421544881,-66.02740357668152,-41.886723,4,0,0.1674,1,1
9.964000210165976,69748.00147116184,17.929994962991586,-66.02740550891392,-41.560204,4,0,0.494,1,1
9.964200209826233,69749.40146878362,17.929982128760614,-66.0274067926597,-41.476074,4,0,0.5781,1,1
9.964500218629835,69751.50153040886,17.92996287668461,-66.02740871881404,-41.388714,4,0,0.6655,1,1
9.964800219982862,69753.60153988004,17.929943626824524,-66.02741063410178,-41.60976,4,0,0.4444,1,1
9.964900217950344,69754.30152565241,17.929937210047978,-66.02741127467517,-41.647404,4,0,0.4068,1,1
9.965100217610598,69755.70152327418,17.929924374319242,-66.0274125687883,-41.446075,4,0,0.6081,1,1
9.965400230139494,69757.80161097646,17.92990512260577,-66.02741449252215,-41.598145,4,0,0.456,1,1
9.96580022946,69760.60160622,17.929879453256184,-66.02741706843499,-41.645317,4,0,0.4088,1,1
9.966200228780508,69763.40160146356,17.929853783744807,-66.02741964691644,-41.747234,4,0,0.3069,1,1
9.96640019863844,69764.80139046907,17.92984094962219,-66.02742094508977,-41.631863,4,0,0.4223,1,1
9.96640019863844,69764.80139046907,17.929840949885815,-66.02742094334702,-41.671875,4,0,0.3823,1,1
9.966600198298693,69766.20138809085,17.929828115454384,-66.02742223161049,-41.81751,4,0,0.2367,1,1
9.96700020879507,69769.0014615655,17.929802442572065,-66.02742483170155,-41.657337,4,0,0.3968,1,1
9.967200208455324,69770.40145918727,17.929789607345054,-66.0274261265228,-41.74089,4,0,0.3133,1,1
9.967300210148096,69771.10147103667,17.929783190219208,-66.02742677039835,-41.875145,4,0,0.179,1,1
9.96750020980835,69772.50146865845,17.929770352950325,-66.02742808016717,-41.65998,4,0,0.3942,1,1
9.968700218945742,69780.90153262019,17.929693334897394,-66.02743591378237,-41.57829,4,0,0.4759,1,1
9.968900229781866,69782.30160847306,17.92968050126392,-66.027437200672,-42.102325,4,0,-0.0482,1,1
9.96910022944212,69783.70160609484,17.92966766199263,-66.02743853048642,-41.669865,4,0,0.3843,1,1
9.969300229102371,69785.10160371661,17.92965482723397,-66.0274398314786,-41.92988,4,0,0.1243,1,1
9.9696002304554,69787.20161318779,17.929635573543912,-66.0274417944292,-42.114784,4,0,-0.0606,1,1
9.969700198620558,69787.9013903439,17.929629156743307,-66.02744245553285,-42.031147,4,0,0.023,1,1
9.96980020031333,69788.60140219331,17.92962273870095,-66.02744311111836,-42.086983,4,0,-0.0328,1,1
9.969900198280811,69789.30138796568,17.929616319220212,-66.02744377805503,-41.889366,4,0,0.1648,1,1
9.969900198280811,69789.30138796568,17.92961632027167,-66.02744377110253,-42.048985,4,0,0.0052,1,1
9.970200207084416,69791.40144959092,17.929597063066304,-66.02744575885391,-41.804714,4,0,0.2495,1,1
9.97040021046996,69792.80147328973,17.929584226802408,-66.02744707443449,-41.9001,4,0,0.1541,1,1
9.970500208437445,69793.5014590621,17.929577808991485,-66.02744773211894,-41.961246,4,0,0.0929,1,1
9.970800209790468,69795.60146853328,17.929558574940998,-66.02744959987358,-41.824795,4,0,0.2294,1,1
9.97090020775795,69796.30145430565,17.92955215667449,-66.02745026008475,-42.062107,4,0,-0.0079,1,1
9.97090020775795,69796.30145430565,17.92955215485645,-66.02745027210688,-41.7861,4,0,0.2681,1,1
9.971100207418203,69797.70145192742,17.929539316271608,-66.02745160552806,-41.986042,4,0,0.0681,1,1
9.971100207418203,69797.70145192742,17.92953931544646,-66.02745161098461,-41.860767,4,0,0.1934,1,1
9.971300207078457,69799.1014495492,17.92952647623123,-66.02745294991897,-41.964718,4,0,0.0894,1,1
9.971300207078457,69799.1014495492,17.929526475625302,-66.02745295392592,-41.872726,4,0,0.1814,1,1
9.9714002199471,69799.8015396297,17.92952005589419,-66.02745361927656,-42.03257,4,0,0.0216,1,1
9.97150021791458,69800.50152540207,17.929513634932,-66.02745429934272,-41.85976,4,0,0.1944,1,1
9.971600219607351,69801.20153725147,17.929507214387296,-66.02745497544413,-41.785995,4,0,0.2682,1,1
9.971700217574837,69801.90152302384,17.929500794652526,-66.02745564810286,-41.798088,4,0,0.2561,1,1
9.971700217574837,69801.90152302384,17.929500794252288,-66.02745565074964,-41.737324,4,0,0.3168,1,1
9.971800219267609,69802.60153487325,17.929494374934407,-66.02745631945542,-41.848087,4,0,0.2061,1,1
9.971800219267609,69802.60153487325,17.929494504240314,-66.02745543426897,-62.18122,0,0,-20.1271,0,0
9.971900217235088,69803.30152064562,17.929487955520035,-66.0274569907203,-41.906815,4,0,0.1473,1,1
9.971900217235088,69803.30152064562,17.929487954888963,-66.02745699489361,-41.811,4,0,0.2432,1,1
9.97200021892786,69804.00153249502,17.929481535452393,-66.02745766511727,-41.901447,4,0,0.1527,1,1
9.972200229763985,69805.4016083479,17.929468693998942,-66.02745902063681,-41.758953,4,0,0.2952,1,1
9.972200229763985,69805.4016083479,17.92946869368172,-66.02745902273467,-41.71079,4,0,0.3434,1,1
9.97250022739172,69807.50159174204,17.929449435136753,-66.02746104261583,-41.854702,4,0,0.1995,1,1
9.972700227051972,69808.90158936381,17.929436595300626,-66.02746239596613,-41.83022,4,0,0.2239,1,1
9.972800228744743,69809.60160121322,17.92943017479147,-66.02746307593827,-41.752922,4,0,0.3012,1,1
9.973000228405,69811.00159883499,17.929417334562157,-66.02746443429211,-41.65419,4,0,0.4,1,1
9.973100200295448,69811.70140206814,17.92941091732843,-66.02746510670134,-41.765827,4,0,0.2883,1,1
9.973500199615955,69814.50139731169,17.929385237859268,-66.02746782347931,-41.671738,4,0,0.3824,1,1
9.973600197583435,69815.20138308406,17.929378818481137,-66.02746850127511,-41.696026,4,0,0.3581,1,1
9.973600197583435,69815.20138308406,17.929378818659345,-66.02746850009646,-41.723083,4,0,0.3311,1,1
9.974100209772589,69818.70146840811,17.92934672043831,-66.0274718950533,-41.803673,4,0,0.2505,1,1
9.974200207740068,69819.40145418048,17.92934030071363,-66.02747257777074,-41.751705,4,0,0.3025,1,1
9.97430020943284,69820.10146602988,17.92933388101564,-66.02747325920474,-41.73569,4,0,0.3185,1,1
9.974400207400322,69820.80145180225,17.9293274615822,-66.02747394089792,-41.718994,4,0,0.3352,1,1
9.974500209093094,69821.50146365166,17.929321041320858,-66.02747462696624,-41.608215,4,0,0.4459,1,1
9.974600218236446,69822.20152765512,17.92931462236618,-66.02747530173795,-41.763683,4,0,0.2905,1,1
9.9748002178967,69823.6015252769,17.92930178243196,-66.02747667384402,-41.570602,4,0,0.4836,1,1
9.974900219589472,69824.3015371263,17.92929536572676,-66.0274773382433,-41.97983,4,0,0.0743,1,1
9.975200217217209,69826.40152052045,17.92927610550647,-66.02747940422402,-41.567875,4,0,0.4863,1,1
9.975500218570232,69828.50152999163,17.929256848436726,-66.02748145211835,-41.61922,4,0,0.4349,1,1
9.975700218230486,69829.9015276134,17.929244016614078,-66.02748277707327,-42.604885,4,0,-0.5507,0,0
9.975700218230486,69829.9015276134,17.929244011390665,-66.02748281329616,-41.772648,4,0,0.2815,1,1
9.975800227373838,69830.60159161687,17.929237590497106,-66.02748350661999,-41.565845,4,0,0.4883,1,1
9.975800227373838,69830.60159161687,17.9292375937743,-66.02748348494205,-42.063557,4,0,-0.0094,1,1
9.976200230419636,69833.40161293745,17.9292119155383,-66.027486241906,-41.654182,4,0,0.4,1,1
9.97640023007989,69834.80161055923,17.92919907925665,-66.02748760542183,-41.82077,4,0,0.2334,1,1
9.976500228047373,69835.5015963316,17.92919265924882,-66.02748830107075,-41.591595,4,0,0.4626,1,1
9.976700197905302,69836.90138533711,17.929179824322066,-66.02748967113557,-41.629807,4,0,0.4244,1,1
9.976800199598074,69837.60139718652,17.929173406793247,-66.0274903503711,-41.791096,4,0,0.2631,1,1
9.97760020941496,69843.20146590471,17.92912206057242,-66.02749584427085,-41.848705,4,0,0.2055,1,1
9.97820021957159,69847.40153700113,17.929083554083583,-66.02749996490031,-42.043343,4,0,0.0108,1,1
9.978600218892096,69850.20153224468,17.92905788232043,-66.02750273062269,-41.809963,4,0,0.2442,1,1
9.978800218552353,69851.60152986646,17.929045048746673,-66.02750410174198,-41.980907,4,0,0.0733,1,1
9.978900220245125,69852.30154171586,17.9290386309531,-66.02750479401423,-41.91683,4,0,0.1373,1,1
9.979000218212605,69853.00152748823,17.929032213120003,-66.02750548865932,-41.800438,4,0,0.2537,1,1
9.979500230401754,69856.50161281228,17.929000128320144,-66.02750893204704,-41.946037,4,0,0.1081,1,1
9.979700230062008,69857.90161043406,17.928987294014686,-66.02751031806434,-41.821434,4,0,0.2327,1,1
9.980100199580193,69860.70139706135,17.928961629966224,-66.0275130791514,-41.844704,4,0,0.2095,1,1
9.980400197207928,69862.8013804555,17.92894238223543,-66.02751514536253,-41.99155,4,0,0.0626,1,1
9.980400197207928,69862.8013804555,17.928942381816945,-66.0275151481314,-41.927975,4,0,0.1262,1,1
9.98050021007657,69863.501470536,17.928935963352696,-66.02751584920495,-41.699356,4,0,0.3548,1,1
9.980600208044052,69864.20145630836,17.92892954872477,-66.02751653169152,-41.89679,4,0,0.1574,1,1
9.980700209736824,69864.90146815777,17.92892287291757,-66.02751900146424,-1.0375354,0,0,41.0166,0,0
9.980800207704306,69865.60145393014,17.92891671711607,-66.02751791239781,-41.935658,4,0,0.1185,1,1
9.980900209397078,69866.30146577954,17.928910300254017,-66.02751860983336,-41.79496,4,0,0.2592,1,1
9.981100209057333,69867.70146340132,17.928897468956404,-66.02751999193268,-41.810265,4,0,0.2439,1,1
9.981200207024813,69868.40144917369,17.928891053334276,-66.02752068401176,-41.79594,4,0,0.2582,1,1
9.981200207024813,69868.40144917369,17.92889105329023,-66.02752068430318,-41.78925,4,0,0.2649,1,1
9.981200207024813,69868.40144917369,17.92889105337987,-66.02752068371005,-41.802868,4,0,0.2513,1,1
9.981300208717585,69869.10146102309,17.928884637729034,-66.02752137543719,-41.798306,4,0,0.2559,1,1
9.981300208717585,69869.10146102309,17.928884639121154,-66.02752136622603,-42.0098,4,0,0.0444,1,1
9.981500208377838,69870.50145864487,17.928871807616922,-66.02752275431018,-41.896988,4,0,0.1572,1,1
9.98160021752119,69871.20152264833,17.92886539101615,-66.02752345094667,-41.783962,4,0,0.2702,1,1
9.98160021752119,69871.20152264833,17.92886539075167,-66.02752345269666,-41.743782,4,0,0.3104,1,1
9.981700219213964,69871.90153449774,17.9288589751547,-66.02752414638113,-41.698242,4,0,0.3559,1,1
9.981800217181444,69872.60152027011,17.928852560679594,-66.02752483477751,-41.774353,4,0,0.2798,1,1
9.98210021853447,69874.70152974129,17.92883331824069,-66.02752689380733,-42.14955,4,0,-0.0954,1,1
9.982300218194723,69876.10152736306,17.928820485967112,-66.02752829625558,-41.71899,4,0,0.3352,1,1
9.982500229030848,69877.50160321593,17.928807657527923,-66.0275296709881,-41.92826,4,0,0.1259,1,1
9.9827002286911,69878.90160083771,17.928794828710007,-66.02753105521644,-41.918858,4,0,0.1353,1,1
9.9827002286911,69878.90160083771,17.92879482803761,-66.02753105966573,-41.816696,4,0,0.2375,1,1
9.983000230044128,69881.00161030889,17.928775583988823,-66.02753314502436,-41.596836,4,0,0.4573,1,1
9.983000230044128,69881.00161030889,17.928775586083297,-66.02753313116501,-41.915066,4,0,0.1391,1,1
9.983000230044128,69881.00161030889,17.928775588203838,-66.02753311546131,-42.276234,4,0,-0.2221,1,1
9.983100228011608,69881.70159608126,17.928769171284713,-66.0275338292479,-41.77334,4,0,0.2808,1,1
9.98320022970438,69882.40160793066,17.92876275765557,-66.02753451861761,-41.832157,4,0,0.222,1,1
9.983700197190046,69885.90138033032,17.92873069233511,-66.02753797257374,-41.9526,4,0,0.1016,1,1
9.98390020057559,69887.30140402913,17.92871786634629,-66.02753935044292,-42.085598,4,0,-0.0314,1,1
9.984000209718944,69888.0014680326,17.928711453503922,-66.02754003400115,-42.27649,4,0,-0.2223,1,1
9.984100207686424,69888.70145380497,17.92870504016861,-66.02754072819067,-42.22014,4,0,-0.166,1,1
9.984600208699703,69892.20146089792,17.928672975011384,-66.02754419472882,-42.028286,4,0,0.0259,1,1
9.984600208699703,69892.20146089792,17.92867297531616,-66.02754419271196,-42.074596,4,0,-0.0204,1,1
9.984700210392475,69892.90147274733,17.928666561641535,-66.02754489104264,-41.918297,4,0,0.1359,1,1
9.984700210392475,69892.90147274733,17.928666561449365,-66.02754489231434,-41.889095,4,0,0.1651,1,1
9.984700210392475,69892.90147274733,17.92866656241426,-66.02754488592912,-42.035713,4,0,0.0185,1,1
9.984800208359957,69893.6014585197,17.928660148550314,-66.02754558764046,-41.80007,4,0,0.2541,1,1
9.98490021750331,69894.30152252316,17.928653738290873,-66.02754626140572,-42.20672,4,0,-0.1526,1,1
9.985100217163565,69895.70152014494,17.928640913147426,-66.02754764902733,-42.09268,4,0,-0.0385,1,1
9.985300220549108,69897.10154384375,17.92862809912107,-66.02754896045872,-43.72444,4,0,-1.6703,0,0
9.985300220549108,69897.10154384375,17.928628089060023,-66.02754903038324,-42.11764,4,0,-0.0635,1,1
9.985400218516588,69897.80152961612,17.92862167781413,-66.0275497181886,-42.193295,4,0,-0.1391,1,1
9.98550022020936,69898.50154146552,17.92861526137834,-66.02755043935066,-41.50204,4,0,0.5521,1,1
9.985600218176842,69899.20152723789,17.928608851941714,-66.02755111631481,-41.823483,4,0,0.2307,1,1
9.985600218176842,69899.20152723789,17.9286088538769,-66.02755110350827,-42.117554,4,0,-0.0634,1,1
9.985600218176842,69899.20152723789,17.928608854041258,-66.0275511024206,-42.14253,4,0,-0.0884,1,1
9.985900219529867,69901.30153670907,17.928589618458513,-66.02755318171597,-41.986385,4,0,0.0678,1,1
9.985900219529867,69901.30153670907,17.928589617526573,-66.02755318788336,-41.844765,4,0,0.2094,1,1
9.986100230365992,69902.70161256194,17.92857679445892,-66.02755456841311,-41.863293,4,0,0.1909,1,1
9.986100230365992,69902.70161256194,17.928576795516033,-66.02755456141728,-42.023937,4,0,0.0302,1,1
9.986200228333471,69903.40159833431,17.928570384448705,-66.02755525254342,-42.009346,4,0,0.0448,1,1
9.9865002296865,69905.50160780549,17.928551150357066,-66.0275573320402,-41.814007,4,0,0.2402,1,1
9.98660022765398,69906.20159357786,17.928544738825334,-66.02755802846224,-41.66945,4,0,0.3847,1,1
9.986700229346752,69906.90160542727,17.928538329455545,-66.02755870957414,-41.874817,4,0,0.1793,1,1
9.986800197511911,69907.60138258338,17.928531922007114,-66.02755939208848,-42.040462,4,0,0.0137,1,1
9.986800197511911,69907.60138258338,17.928531920224525,-66.02755940388556,-41.76957,4,0,0.2846,1,1
9.986900199204683,69908.30139443278,17.928525510911356,-66.02756008572281,-41.953663,4,0,0.1005,1,1
9.98730020970106,69911.10146790743,17.92849986959395,-66.02756284388204,-41.958702,4,0,0.0955,1,1
9.987500209361317,69912.5014655292,17.928487048644953,-66.02756423047148,-41.772484,4,0,0.2817,1,1
9.98780021071434,69914.60147500038,17.92846782080829,-66.0275662898745,-41.943348,4,0,0.1108,1,1
9.988000210374594,69916.00147262216,17.928455000411375,-66.02756767816875,-41.690174,4,0,0.364,1,1
9.988100208342075,69916.70145839453,17.92844858989667,-66.02756837598163,-41.474705,4,0,0.5795,1,1
9.988100208342075,69916.70145839453,17.928448592270563,-66.02756836027078,-41.835476,4,0,0.2187,1,1
9.9884002096951,69918.8014678657,17.928429363531283,-66.02757043519634,-41.597137,4,0,0.457,1,1
9.988600220531223,69920.20154371858,17.928416545456844,-66.0275718097674,-41.624218,4,0,0.4299,1,1
9.988700218498709,69920.90152949095,17.928410138527724,-66.02757248698798,-41.862865,4,0,0.1913,1,1
9.988700218498709,69920.90152949095,17.92841014045072,-66.02757247426106,-42.155117,4,0,-0.101,1,1
9.98880022019148,69921.60154134035,17.92840372807414,-66.02757318649608,-41.587013,4,0,0.4672,1,1
9.98890021815896,69922.30152711272,17.92839732141282,-66.02757386297422,-41.836086,4,0,0.2181,1,1
9.989300217479467,69925.10152235627,17.928371688878965,-66.0275766098489,-41.85866,4,0,0.1955,1,1
9.98940023034811,69925.80161243677,17.928365278154875,-66.02757730953714,-41.55975,4,0,0.4944,1,1
9.98940023034811,69925.80161243677,17.92836527984463,-66.02757729835373,-41.81656,4,0,0.2376,1,1
9.989700227975844,69927.90159583092,17.928346056144473,-66.02757936096683,-41.728725,4,0,0.3254,1,1
9.989800229668615,69928.60160768032,17.928339649428462,-66.02758004078159,-41.86976,4,0,0.1844,1,1
9.9899002276361,69929.30159345269,17.92833324113249,-66.02758073309954,-41.719315,4,0,0.3348,1,1
9.99000022932887,69930.0016053021,17.92832683366218,-66.02758141888822,-41.71558,4,0,0.3386,1,1
9.990100227296352,69930.70159107447,17.928320427439168,-66.02758209846299,-41.850105,4,0,0.2041,1,1
9.990100227296352,69930.70159107447,17.928320427444163,-66.02758209842987,-41.85087,4,0,0.2033,1,1
9.990300200879574,69932.10140615702,17.928307615059026,-66.02758346795324,-41.86647,4,0,0.1877,1,1
9.990400198847055,69932.80139192939,17.92830128155955,-66.0275836492589,-53.43779,3,0,-11.3836,0,0
9.990500200539827,69933.50140377879,17.92829480094638,-66.02758483994978,-41.813515,4,0,0.2406,1,1
9.99110021069646,69937.70147487521,17.928256335779146,-66.02758899356459,-42.248596,4,0,-0.1944,1,1
9.991300210356712,69939.10147249699,17.928243525960216,-66.02759036842842,-41.772297,4,0,0.2819,1,1
9.991400208324194,69939.80145826936,17.928237122706545,-66.02759104551376,-41.765404,4,0,0.2888,1,1
9.991400208324194,69939.80145826936,17.92823712362584,-66.0275910394293,-41.90513,4,0,0.149,1,1
9.991400208324194,69939.80145826936,17.928237121978604,-66.02759105033174,-41.654762,4,0,0.3994,1,1
9.991500210016966,69940.50147011876,17.928230719329566,-66.02759172230309,-41.76165,4,0,0.2925,1,1
9.99170020967722,69941.90146774054,17.928217912830807,-66.02759307704993,-41.71402,4,0,0.3401,1,1
9.991800218820572,69942.601531744,17.928211508927447,-66.02759375550966,-41.66034,4,0,0.3938,1,1
9.991900220513344,69943.3015435934,17.928205106415618,-66.02759442828732,-41.731743,4,0,0.3224,1,1
9.99220021814108,69945.40152698755,17.928185899061077,-66.02759645100406,-41.818653,4,0,0.2355,1,1
9.99230021983385,69946.10153883696,17.928179495814373,-66.027597130278,-41.72389,4,0,0.3303,1,1
9.992400217801332,69946.80152460933,17.928173091542458,-66.02759781787113,-41.433376,4,0,0.6208,1,1
9.99280022829771,69949.60159808397,17.928147482998792,-66.02760050943493,-41.58179,4,0,0.4724,1,1
9.992900229990482,69950.30160993338,17.928141082233793,-66.02760117457638,-41.78611,4,0,0.2681,1,1
9.993000227957964,69951.00159570575,17.928134679046863,-66.02760185766543,-41.573463,4,0,0.4807,1,1
9.993700198829174,69955.90139180422,17.928089873995777,-66.0276065410299,-42.220776,4,0,-0.1666,1,1
9.994400210678576,69960.80147475004,17.928045065392116,-66.02761124659608,-42.15871,4,0,-0.1045,1,1
9.994600210338833,69962.20147237182,17.928032262207097,-66.02761260005195,-41.89602,4,0,0.1581,1,1
9.994700208306313,69962.90145814419,17.928025862011275,-66.02761326872663,-41.943115,4,0,0.111,1,1
9.994900207966566,69964.30145576596,17.92801305914114,-66.02761462172941,-41.66602,4,0,0.3881,1,1
9.99510020762682,69965.70145338774,17.928000260399696,-66.02761594844011,-41.97626,4,0,0.0779,1,1
9.995300218462944,69967.10152924061,17.927987458479226,-66.0276172920612,-41.88366,4,0,0.1705,1,1
9.995400220155716,69967.80154109001,17.927981058856698,-66.02761795716204,-41.98468,4,0,0.0695,1,1
9.99620021879673,69973.40153157711,17.92792985823252,-66.02762331622722,-41.766693,4,0,0.2875,1,1
9.996600229293108,69976.20160505176,17.9279042596465,-66.02762598441929,-41.824253,4,0,0.2299,1,1
9.997000228613617,69979.0016002953,17.92787866203451,-66.02762865354492,-41.79607,4,0,0.2581,1,1
9.997100200504065,69979.70140352845,17.927872265459317,-66.027629314144,-41.92853,4,0,0.1256,1,1
9.997200198471546,69980.40138930082,17.927865866808027,-66.02762997775775,-41.991917,4,0,0.0622,1,1
9.997500211000444,69982.5014770031,17.927846666480615,-66.02763199059825,-41.65683,4,0,0.3973,1,1
9.997600208967924,69983.20146277547,17.9278402678132,-66.02763265484637,-41.690445,4,0,0.3637,1,1
9.998200207948685,69987.4014556408,17.92780187464454,-66.02763664526496,-41.702415,4,0,0.3517,1,1
9.998200207948685,69987.4014556408,17.927801875204985,-66.02763664155546,-41.787605,4,0,0.2666,1,1
9.998300209641457,69988.1014674902,17.927795475263277,-66.02763731341611,-41.621002,4,0,0.4332,1,1
9.998600210994482,69990.20147696137,17.92777628072965,-66.02763929601704,-41.85626,4,0,0.1979,1,1
9.998800218105316,69991.60152673721,17.927763482576406,-66.02764062741946,-41.774044,4,0,0.2801,1,1
9.998900219798088,69992.30153858662,17.92775708422191,-66.02764128921088,-41.817112,4,0,0.2371,1,1
9.999100219458342,69993.70153620839,17.92774428557748,-66.0276426273199,-41.558514,4,0,0.4957,1,1
9.999300219118595,69995.10153383017,17.927731488897315,-66.02764395261391,-41.580242,4,0,0.4739,1,1
9.999300219118595,69995.10153383017,17.927731490695685,-66.02764394071077,-41.853596,4,0,0.2006,1,1
9.999400220811369,69995.80154567957,17.927725090796123,-66.02764461296125,-41.639015,4,0,0.4151,1,1
9.999500218778849,69996.50153145194,17.927718693572988,-66.02764526908214,-41.790844,4,0,0.2633,1,1
9.9996002279222,69997.20159545541,17.927712293787614,-66.02764593753112,-41.657852,4,0,0.3963,1,1
9.999900229275228,69999.30160492659,17.927693098684706,-66.02764792571811,-41.6287,4,0,0.4255,1,1
9.999900229275228,69999.30160492659,17.927693099468094,-66.02764792053301,-41.747776,4,0,0.3064,1,1
10.000300228595734,70002.10160017014,17.927667505495968,-66.02765057591766,-41.559364,4,0,0.4948,1,1
10.000300228595734,70002.10160017014,17.927667505914428,-66.02765057314794,-41.62297,4,0,0.4312,1,1
10.000600200146437,70004.20140102506,17.92764831275159,-66.0276525609316,-41.52947,4,0,0.5247,1,1
10.000600200146437,70004.20140102506,17.927648311876016,-66.0276525667269,-41.39638,4,0,0.6578,1,1
10.000700198113918,70004.90138679743,17.927641915835608,-66.02765321505541,-41.687565,4,0,0.3666,1,1
10.000700198113918,70004.90138679743,17.927641915340327,-66.02765321833358,-41.61228,4,0,0.4419,1,1
10.001500207930803,70010.50145551562,17.927590730550694,-66.0276585013336,-41.620747,4,0,0.4334,1,1
10.001700207591057,70011.9014531374,17.927577934462935,-66.02765982213026,-41.591026,4,0,0.4631,1,1
10.001700207591057,70011.9014531374,17.92757793552518,-66.02765981509943,-41.752487,4,0,0.3017,1,1
10.002300217747688,70016.10152423382,17.927539545857794,-66.02766378038706,-41.528664,4,0,0.5255,1,1
10.00240021944046,70016.80153608322,17.927533148641313,-66.02766443394867,-41.649513,4,0,0.4047,1,1
10.002500221133232,70017.50154793262,17.927526749992538,-66.02766509689604,-41.552048,4,0,0.5021,1,1
10.002600219100714,70018.201533705,17.92752035315845,-66.02766574928731,-41.69368,4,0,0.3605,1,1
10.002700220793486,70018.9015455544,17.927513954340753,-66.02766641315317,-41.569637,4,0,0.4845,1,1
10.003300230950115,70023.10161665082,17.92747556508673,-66.02767036983545,-41.37822,4,0,0.6759,1,1
10.00350023061037,70024.5016142726,17.92746277127538,-66.02767167205347,-41.676044,4,0,0.3781,1,1
10.00350023061037,70024.5016142726,17.927462770923153,-66.02767167438485,-41.622505,4,0,0.4317,1,1
10.003600228577852,70025.20160004497,17.92745637332693,-66.0276723306424,-41.649117,4,0,0.405,1,1
10.003800228238106,70026.60159766674,17.927443577011097,-66.02767364819364,-41.57998,4,0,0.4742,1,1
10.003900200128555,70027.30140089989,17.927437260384806,-66.02767376057575,-54.091488,3,0,-12.0373,0,0
10.004100199788809,70028.70139852166,17.927424385250948,-66.0276756177733,-41.608475,4,0,0.4457,1,1
10.004400201141834,70030.80140799284,17.92740519053532,-66.02767759311364,-41.487846,4,0,0.5663,1,1
10.005000207573175,70035.00145301223,17.927366804701073,-66.0276815139738,-41.870598,4,0,0.1836,1,1
10.005400210618973,70037.80147433281,17.927341213299304,-66.02768413044191,-42.023426,4,0,0.0307,1,1
10.005500219762324,70038.50153833628,17.927334813328073,-66.02768479463217,-41.826378,4,0,0.2278,1,1
10.005500219762324,70038.50153833628,17.927334814146086,-66.02768478921783,-41.950714,4,0,0.1035,1,1
10.005600217729809,70039.20152410865,17.927328431214796,-66.02768534174413,-44.315414,4,0,-2.2612,0,0
10.005600217729809,70039.20152410865,17.927328416393944,-66.02768544318681,-41.98468,4,0,0.0695,1,1
10.00570021942258,70039.90153595805,17.927322018412458,-66.02768609692504,-42.022507,4,0,0.0317,1,1
10.00580022111535,70040.60154780746,17.927315619400492,-66.02768675728574,-41.90627,4,0,0.1479,1,1
10.005900219082832,70041.30153357983,17.927309221312907,-66.02768741288095,-41.896954,4,0,0.1572,1,1
10.00630021840334,70044.10152882338,17.92728362820396,-66.02769003512327,-41.844948,4,0,0.2092,1,1
10.006600230932236,70046.20161652565,17.927264435011946,-66.02769198117568,-42.263096,4,0,-0.2089,1,1
10.00680023059249,70047.60161414742,17.9272516356937,-66.02769330969288,-41.815304,4,0,0.2389,1,1
10.00680023059249,70047.60161414742,17.927251636208894,-66.02769330628286,-41.893612,4,0,0.1606,1,1
10.00690022855997,70048.3015999198,17.927245239098134,-66.02769395328127,-42.06352,4,0,-0.0094,1,1
10.00690022855997,70048.3015999198,17.927245238096265,-66.02769395991267,-41.911232,4,0,0.1429,1,1
10.007000230252745,70049.0016117692,17.92723884111001,-66.02769460430873,-42.139774,4,0,-0.0856,1,1
10.007000230252745,70049.0016117692,17.927238838328268,-66.027694622721,-41.71695,4,0,0.3372,1,1
10.007100228220224,70049.70159754157,17.927232441371714,-66.02769526824717,-41.917316,4,0,0.1368,1,1
10.007700201123953,70053.90140786767,17.927194050855245,-66.02769920084916,-41.718616,4,0,0.3355,1,1
10.007800199091434,70054.60139364004,17.92718765207221,-66.02769985682716,-41.668007,4,0,0.3862,1,1
10.008400209248066,70058.80146473646,17.927149468649123,-66.02770234457425,-74.60915,0,0,-32.555,0,0
10.00860020890832,70060.20146235824,17.92713646204259,-66.02770508343488,-41.703297,4,0,0.3509,1,1
10.008700210601091,70060.90147420764,17.92713006361575,-66.02770573328382,-41.78161,4,0,0.2726,1,1
10.009000219404696,70063.00153583288,17.927110866840145,-66.02770768965088,-41.85302,4,0,0.2011,1,1
10.009200219064953,70064.40153345466,17.927098067334178,-66.02770900616386,-41.611977,4,0,0.4422,1,1
10.009300220757725,70065.10154530406,17.92709166786422,-66.02770966138364,-41.559746,4,0,0.4944,1,1
10.009500220417976,70066.50154292583,17.927078869984214,-66.02771096508697,-41.606293,4,0,0.4479,1,1
10.00970022007823,70067.90154054761,17.92706607324457,-66.02771226069535,-41.834198,4,0,0.22,1,1
10.009800218045712,70068.60152631998,17.92705967281528,-66.02771292251525,-41.62446,4,0,0.4297,1,1
10.010000228881836,70070.00160217285,17.927046873461958,-66.0277142291881,-41.59383,4,0,0.4603,1,1
10.010100230574608,70070.70161402225,17.92704047556726,-66.02771487188738,-41.82077,4,0,0.2334,1,1
10.01020022854209,70071.40159979463,17.927034075284386,-66.0277155316832,-41.653606,4,0,0.4006,1,1
10.01030023023486,70072.10161164403,17.927027675198737,-66.02771618835501,-41.557816,4,0,0.4963,1,1
10.0109001994133,70076.3013958931,17.926989320679095,-66.02772006379853,-41.581264,4,0,0.4729,1,1
10.011300198733808,70079.10139113665,17.9269637104582,-66.02772267798241,-41.727417,4,0,0.3267,1,1
10.01140020787716,70079.80145514011,17.926957308524383,-66.02772332288113,-41.96208,4,0,0.0921,1,1
10.01250021904707,70087.50153332949,17.926886873725092,-66.02773052746868,-41.941242,4,0,0.1129,1,1
10.01260022073984,70088.20154517889,17.92688047015332,-66.02773118356171,-41.909378,4,0,0.1448,1,1
10.012900218367577,70090.30152857304,17.92686095544745,-66.02773523788173,6.1195307,0,0,48.1737,0,0
10.012900218367577,70090.30152857304,17.926861260198827,-66.02773314871106,-41.880615,4,0,0.1735,1,1
10.01310021802783,70091.70152619481,17.926848453677763,-66.02773445656968,-41.90987,4,0,0.1443,1,1
10.01310021802783,70091.70152619481,17.926848452140867,-66.027734466743,-41.676254,4,0,0.3779,1,1
10.013300221413374,70093.10154989362,17.926835646056137,-66.0277357694305,-41.822292,4,0,0.2319,1,1
10.013500228524208,70094.50159966946,17.9268228375061,-66.02773708618889,-41.643284,4,0,0.4109,1,1
10.01360023021698,70095.20161151886,17.926816434641392,-66.02773773576084,-41.754826,4,0,0.2993,1,1
10.013700228184462,70095.90159729123,17.926810030537805,-66.02773839492805,-41.644863,4,0,0.4093,1,1
10.013900227844715,70097.301594913,17.926797225278488,-66.02773969173126,-41.918125,4,0,0.136,1,1
10.01430020108819,70100.10140761733,17.926771611105817,-66.02774231868176,-41.687965,4,0,0.3662,1,1
10.01430020108819,70100.10140761733,17.92677161029247,-66.02774232406576,-41.56433,4,0,0.4898,1,1
10.014400199055672,70100.8013933897,17.92676520749404,-66.02774297359649,-41.67154,4,0,0.3826,1,1
10.014600198715923,70102.20139101148,17.926752399748292,-66.0277442849595,-41.602325,4,0,0.4518,1,1
10.014700207859278,70102.90145501494,17.926745995665502,-66.0277449379687,-41.62964,4,0,0.4245,1,1
10.015000209212303,70105.00146448612,17.926726786268112,-66.02774688791808,-41.913,4,0,0.1412,1,1
10.015100210905077,70105.70147633553,17.926720381609176,-66.02774754743542,-41.787544,4,0,0.2666,1,1
10.015200208872557,70106.4014621079,17.926713976650415,-66.02774821040012,-41.58182,4,0,0.4723,1,1
10.015500210225582,70108.50147157907,17.92669476353411,-66.02775018402728,-41.31316,4,0,0.741,1,1
10.015700209885836,70109.90146920085,17.92668195742911,-66.02775148245065,-41.52914,4,0,0.525,1,1
10.015700209885836,70109.90146920085,17.926681957465366,-66.02775148221065,-41.534653,4,0,0.5195,1,1
10.016200218349695,70113.40152844787,17.926649938109605,-66.02775475043579,-41.558,4,0,0.4962,1,1
10.016300220042467,70114.10154029727,17.926643536155062,-66.02775539125236,-41.855736,4,0,0.1984,1,1
10.016300220042467,70114.10154029727,17.926643534493447,-66.02775540225197,-41.60315,4,0,0.451,1,1
10.016400218009949,70114.80152606964,17.92663713036361,-66.02775605898745,-41.534286,4,0,0.5199,1,1
10.01650021970272,70115.50153791904,17.9266307269415,-66.0277567094517,-41.609493,4,0,0.4447,1,1
10.016600221395493,70116.20154976845,17.92662432443058,-66.0277573538574,-41.823338,4,0,0.2308,1,1
10.016600221395493,70116.20154976845,17.926624323537226,-66.02775735977131,-41.687534,4,0,0.3666,1,1
10.016700219362974,70116.90153554082,17.926617918128226,-66.02775802489501,-41.424583,4,0,0.6296,1,1
10.016700219362974,70116.90153554082,17.92661791918093,-66.02775801792622,-41.58461,4,0,0.4696,1,1
10.016800228506328,70117.60159954429,17.926611514520065,-66.02775867341582,-41.544083,4,0,0.5101,1,1
10.016800228506328,70117.60159954429,17.926611514129366,-66.02775867600221,-41.48469,4,0,0.5695,1,1
10.017200231552124,70120.40162086487,17.9265859003509,-66.02776127967266,-41.732735,4,0,0.3214,1,1
10.017200231552124,70120.40162086487,17.92658590111174,-66.0277612746359,-41.848392,4,0,0.2058,1,1
10.01750022917986,70122.50160425901,17.926566688624924,-66.02776324363823,-41.65568,4,0,0.3985,1,1
10.01770019903779,70123.90139326453,17.92655397491019,-66.02776392025523,-56.133812,0,0,-14.0796,0,0
10.01770019903779,70123.90139326453,17.926553884447284,-66.027764540871,-41.875072,4,0,0.1791,1,1
10.01770019903779,70123.90139326453,17.92655388245427,-66.02776455406492,-41.5721,4,0,0.4821,1,1
10.01770019903779,70123.90139326453,17.926553883726353,-66.02776454564368,-41.76548,4,0,0.2887,1,1
10.018000200390816,70126.00140273571,17.92653467161679,-66.02776651051865,-41.66149,4,0,0.3927,1,1
10.018300209194422,70128.10146436095,17.926515462302536,-66.0277684546372,-42.03106,4,0,0.0231,1,1
10.018600210547447,70130.20147383213,17.92649625458875,-66.02777039012452,-42.594383,4,0,-0.5402,0,0
10.018600210547447,70130.20147383213,17.926496248740293,-66.02777043051523,-41.666313,4,0,0.3879,1,1
10.01920022070408,70134.40154492855,17.926457826433207,-66.0277743493565,-41.682316,4,0,0.3718,1,1
10.01920022070408,70134.40154492855,17.92645783007535,-66.0277743235717,-42.27499,4,0,-0.2208,1,1
10.019400220364332,70135.80154255033,17.926445021922266,-66.02777563858379,-42.075363,4,0,-0.0212,1,1
10.019500218331814,70136.5015283227,17.92643861795431,-66.02777629547431,-41.989086,4,0,0.0651,1,1
10.019700217992067,70137.90152594447,17.926425809778692,-66.02777760963515,-41.807167,4,0,0.247,1,1
10.01980021968484,70138.60153779387,17.926419407975438,-66.02777825099615,-42.076847,4,0,-0.0227,1,1
10.020000219345093,70140.00153541565,17.92640659912729,-66.0277795703637,-41.772984,4,0,0.2812,1,1
10.0203002281487,70142.10159704089,17.926387389322855,-66.0277815236084,-41.90825,4,0,0.1459,1,1
10.020800229161978,70145.60160413384,17.926355372525176,-66.02778479033697,-41.864243,4,0,0.1899,1,1
10.021000228822231,70147.00160175562,17.926342567270158,-66.02778608901367,-42.02786,4,0,0.0263,1,1
10.021200198680162,70148.40139076114,17.926329837064916,-66.02778688557837,-53.721703,0,0,-11.6675,0,0
10.021400198340416,70149.80138838291,17.926316953044218,-66.02778872561787,-41.444923,4,0,0.6092,1,1
10.0222002081573,70155.4014571011,17.926265732136557,-66.02779392912883,-41.872974,4,0,0.1812,1,1
10.022300209850073,70156.10146895051,17.92625932668227,-66.02779459918135,-41.474613,4,0,0.5796,1,1
10.022800218313932,70159.60152819753,17.92622731666954,-66.02779783879525,-42.01851,4,0,0.0357,1,1
10.023000217974186,70161.0015258193,17.92621450910386,-66.02779916153177,-41.615707,4,0,0.4385,1,1
10.023400221019983,70163.80154713988,17.92618889981005,-66.02780176957954,-41.666344,4,0,0.3878,1,1
10.023500218987463,70164.50153291225,17.926182499138413,-66.02780241261118,-41.88395,4,0,0.1702,1,1
10.023600220680237,70165.20154476166,17.92617609532352,-66.0278030751815,-41.653145,4,0,0.401,1,1
10.023600220680237,70165.20154476166,17.92617609662336,-66.02780306657533,-41.85076,4,0,0.2034,1,1
10.02380023151636,70166.60162061453,17.92616329101242,-66.02780437610176,-41.74788,4,0,0.3063,1,1
10.024000231176617,70168.0016182363,17.926150487663996,-66.02780567648558,-41.852024,4,0,0.2021,1,1
10.024000231176617,70168.0016182363,17.926150488007696,-66.02780567420992,-41.904278,4,0,0.1499,1,1
10.024000231176617,70168.0016182363,17.926150487313286,-66.02780567880758,-41.798706,4,0,0.2555,1,1
10.024100229144096,70168.70160400867,17.926144085116672,-66.02780633368461,-41.742462,4,0,0.3117,1,1
10.024100229144096,70168.70160400867,17.926144085828593,-66.02780632897095,-41.850697,4,0,0.2035,1,1
10.024200230836868,70169.40161585808,17.92613768340896,-66.02780698407356,-41.78953,4,0,0.2646,1,1
10.024200230836868,70169.40161585808,17.926137683668927,-66.02780698235237,-41.829052,4,0,0.2251,1,1
10.024400230497122,70170.80161347985,17.926124879392763,-66.0278082913104,-41.733906,4,0,0.3203,1,1
10.02450019866228,70171.50139063597,17.92611848046118,-66.02780893824387,-41.854412,4,0,0.1998,1,1
10.02450019866228,70171.50139063597,17.926118479568384,-66.02780894415513,-41.718674,4,0,0.3355,1,1
10.024600200355051,70172.20140248537,17.926112078575848,-66.02780959105962,-41.844574,4,0,0.2096,1,1
10.024800200015306,70173.60140010715,17.92609927553085,-66.02781089440799,-41.8759,4,0,0.1783,1,1
10.02490020915866,70174.30146411061,17.926092873582224,-66.02781154550706,-41.905735,4,0,0.1484,1,1
10.025300208479166,70177.10145935416,17.926067267166953,-66.02781415966045,-41.79265,4,0,0.2615,1,1
10.025400210171938,70177.80147120357,17.926060868540894,-66.02781479355689,-42.21498,4,0,-0.1608,1,1
10.02550020813942,70178.50145697594,17.926054466183622,-66.02781545405968,-42.02555,4,0,0.0286,1,1
10.025600209832191,70179.20146882534,17.926048063030812,-66.02781611862527,-41.74312,4,0,0.311,1,1
10.025700211524963,70179.90148067474,17.9260416638609,-66.02781675717239,-42.057854,4,0,-0.0037,1,1
10.025800209492443,70180.60146644711,17.926035261685666,-66.02781741752867,-41.87099,4,0,0.1832,1,1
10.0260002091527,70182.00146406889,17.926022458382633,-66.02781873083102,-41.667187,4,0,0.387,1,1
10.026100218296053,70182.70152807236,17.926016058485086,-66.02781937252803,-41.909668,4,0,0.1445,1,1
10.026300221681597,70184.10155177116,17.92600325538548,-66.02782068464796,-41.732254,4,0,0.3219,1,1
10.026500221341848,70185.50154939294,17.925990454233446,-66.02782198739625,-41.768257,4,0,0.2859,1,1
10.02660021930933,70186.20153516531,17.925984053703523,-66.0278226398086,-41.761772,4,0,0.2924,1,1
10.026900220662355,70188.30154463649,17.925964851509512,-66.02782460023407,-41.668785,4,0,0.3854,1,1
10.026900220662355,70188.30154463649,17.92596485357176,-66.02782458657927,-41.982323,4,0,0.0718,1,1
10.026900220662355,70188.30154463649,17.92596485194849,-66.02782459732744,-41.735527,4,0,0.3186,1,1
10.027800228446722,70194.60159912705,17.92590725103661,-66.02783046075086,-41.854694,4,0,0.1995,1,1
10.027900200337172,70195.3014023602,17.925900852660103,-66.02783111492833,-41.80084,4,0,0.2533,1,1
10.028200201690195,70197.40141183138,17.925881654271173,-66.02783306577051,-41.919296,4,0,0.1349,1,1
10.02840020135045,70198.80140945315,17.925868856709357,-66.0278343599018,-42.144733,4,0,-0.0906,1,1
10.02840020135045,70198.80140945315,17.92586920262099,-66.02783198750578,-96.64688,0,0,-54.5927,0,0
10.028500210493805,70199.50147345662,17.925862455107392,-66.02783502239227,-41.90438,4,0,0.1498,1,1
10.028600208461285,70200.20145922899,17.92585605646263,-66.02783567038782,-41.99499,4,0,0.0592,1,1
10.028600208461285,70200.20145922899,17.925856056476306,-66.02783567029722,-41.99707,4,0,0.0571,1,1
10.028600208461285,70200.20145922899,17.925856484902045,-66.02783273146048,-109.512276,0,0,-67.4581,0,0
10.028800208121538,70201.60145685077,17.925843258574556,-66.02783697006437,-42.091587,4,0,-0.0374,1,1
10.029000211507082,70203.00148054957,17.925830458127017,-66.0278382868477,-41.795227,4,0,0.2589,1,1
10.029800221323969,70208.60154926777,17.925779267651468,-66.02784349762045,-41.896843,4,0,0.1573,1,1
10.029800221323969,70208.60154926777,17.92577926838296,-66.02784349277684,-42.008057,4,0,0.0461,1,1
10.030100218951702,70210.70153266191,17.92576007300438,-66.02784544980686,-41.974014,4,0,0.0802,1,1
10.030100218951702,70210.70153266191,17.925760074347128,-66.02784544091587,-42.17816,4,0,-0.124,1,1
10.030200220644474,70211.40154451132,17.92575367360479,-66.02784610823011,-41.823154,4,0,0.231,1,1
10.030900228768587,70216.30160138011,17.92570884658648,-66.02785068762958,-41.88005,4,0,0.1741,1,1
10.031200230121613,70218.40161085129,17.925689662346848,-66.02785264338225,-41.768322,4,0,0.2858,1,1
10.031400199979544,70219.8013998568,17.92567687504219,-66.02785394790745,-41.672935,4,0,0.3812,1,1
10.031400199979544,70219.8013998568,17.925676875202413,-66.02785394684653,-41.697296,4,0,0.3569,1,1
10.03170020133257,70221.90140932798,17.925657695134877,-66.02785588161696,-42.066307,4,0,-0.0121,1,1
10.03180019930005,70222.60139510036,17.925651299433817,-66.02785654396664,-41.788754,4,0,0.2654,1,1
10.031900208443403,70223.30145910382,17.925644903833845,-66.02785720093075,-41.63673,4,0,0.4174,1,1
10.032200209796429,70225.401468575,17.9256257235569,-66.02785914345682,-41.827465,4,0,0.2267,1,1
10.032500211149454,70227.50147804618,17.92560654170287,-66.02786110010992,-41.69411,4,0,0.3601,1,1
10.032700210809708,70228.90147566795,17.92559375537285,-66.02786239664421,-41.786743,4,0,0.2674,1,1
10.032700210809708,70228.90147566795,17.925593756493278,-66.0278623892253,-41.95709,4,0,0.0971,1,1
10.03280020877719,70229.60146144032,17.925587360595475,-66.02786305695078,-41.556473,4,0,0.4977,1,1
10.03280020877719,70229.60146144032,17.92558736162314,-66.0278630501461,-41.712715,4,0,0.3414,1,1
10.032900221645832,70230.30155152082,17.925580968013442,-66.0278636968952,-41.79606,4,0,0.2581,1,1
10.033000219613314,70231.0015372932,17.925574574722436,-66.02786434812714,-41.774357,4,0,0.2798,1,1
10.033000219613314,70231.0015372932,17.925574574648355,-66.02786434861768,-41.763092,4,0,0.2911,1,1
10.033200219273567,70232.40153491497,17.92556178739762,-66.02786565508535,-41.62869,4,0,0.4255,1,1
10.03330022096634,70233.10154676437,17.925555396692364,-66.02786628876343,-42.01099,4,0,0.0432,1,1
10.03340021893382,70233.80153253675,17.9255490027691,-66.02786694566764,-41.8596,4,0,0.1946,1,1
10.03340021893382,70233.80153253675,17.92554900041736,-66.02786696123961,-41.502052,4,0,0.5521,1,1
10.033600218594074,70235.20153015852,17.925536216098912,-66.02786825121338,-41.747597,4,0,0.3066,1,1
10.033700220286846,70235.90154200792,17.92552982441633,-66.02786889279926,-41.949013,4,0,0.1052,1,1
10.033700220286846,70235.90154200792,17.925529822615758,-66.02786890472163,-41.675262,4,0,0.3789,1,1
10.034200228750706,70239.40160125494,17.925497858887432,-66.02787215299017,-41.759323,4,0,0.2948,1,1
10.034300230443478,70240.10161310434,17.9254914675779,-66.02787279413349,-41.97226,4,0,0.0819,1,1
10.034300230443478,70240.10161310434,17.92549146613678,-66.02787280367569,-41.753162,4,0,0.301,1,1
10.03440022841096,70240.80159887671,17.925485074623772,-66.02787344804197,-41.891808,4,0,0.1624,1,1
10.03440022841096,70240.80159887671,17.925485073978457,-66.02787345231482,-41.793697,4,0,0.2605,1,1
10.034500230103731,70241.50161072612,17.925478680055118,-66.02787411140673,-41.595062,4,0,0.4591,1,1
10.034800201654434,70243.60141158104,17.925459506676457,-66.0278760484918,-41.918934,4,0,0.1352,1,1
10.03510019928217,70245.70139497519,17.9254403292521,-66.0278780046753,-41.810852,4,0,0.2433,1,1
10.03520020097494,70246.40140682459,17.925433937066437,-66.02787865436872,-41.830254,4,0,0.2239,1,1
10.035400211811066,70247.80148267746,17.925421152064555,-66.02787995567107,-41.827286,4,0,0.2269,1,1
10.035400211811066,70247.80148267746,17.92542115094371,-66.0278799630925,-41.656883,4,0,0.3973,1,1
10.035400211811066,70247.80148267746,17.925421151542896,-66.0278799591251,-41.74798,4,0,0.3062,1,1
10.035800211131573,70250.60147792101,17.925395583285034,-66.02788256274137,-41.72019,4,0,0.334,1,1
10.036000210791826,70252.00147554278,17.925382800300515,-66.02788385852863,-41.84706,4,0,0.2071,1,1
10.036100208759308,70252.70146131516,17.925376410520013,-66.0278844962377,-42.14473,4,0,-0.0906,1,1
10.036400221288204,70254.80154901743,17.925357233961307,-66.02788645082897,-42.091286,4,0,-0.0371,1,1
10.03670021891594,70256.90153241158,17.92533805779393,-66.02788841110075,-41.90962,4,0,0.1445,1,1
10.036800220608711,70257.60154426098,17.925331665811882,-66.0278890634386,-41.8754,4,0,0.1788,1,1
10.03720023110509,70260.40161773562,17.925306100231776,-66.02789165775381,-42.089767,4,0,-0.0356,1,1
10.03720023110509,70260.40161773562,17.925306098724903,-66.027891667731,-41.860687,4,0,0.1935,1,1
10.037600230425596,70263.20161297917,17.925280533624893,-66.02789426616748,-41.988148,4,0,0.066,1,1
10.03780023008585,70264.60161060095,17.925267750848416,-66.02789556816747,-41.99156,4,0,0.0626,1,1
10.038000229746103,70266.00160822272,17.925254968536844,-66.02789686774948,-42.05303,4,0,0.0011,1,1
10.038000229746103,70266.00160822272,17.925254967923145,-66.02789687181279,-41.959736,4,0,0.0944,1,1
10.038100231438875,70266.70162007213,17.925247491386003,-66.02790496333013,128.96558,0,0,171.0197,0,0
10.038200199604034,70267.40139722824,17.925242187968387,-66.02789816883119,-42.078228,4,0,-0.0241,1,1
10.03850020095706,70269.50140669942,17.925223015092556,-66.02790011553554,-42.240993,4,0,-0.1868,1,1
10.038800209760666,70271.60146832466,17.92520383915605,-66.02790208059695,-41.98973,4,0,0.0644,1,1
10.039100211113691,70273.70147779584,17.925184665749217,-66.02790403308758,-42.03257,4,0,0.0216,1,1
10.039200209081171,70274.40146356821,17.925178275117776,-66.02790468183184,-42.09588,4,0,-0.0417,1,1
10.039200209081171,70274.40146356821,17.925178275701963,-66.02790467796402,-42.184685,4,0,-0.1305,1,1
10.039300210773945,70275.10147541761,17.92517188335044,-66.02790533664583,-42.021156,4,0,0.033,1,1
10.039400208741426,70275.80146118999,17.925165491945858,-66.02790599070684,-41.96394,4,0,0.0902,1,1
10.039400208741426,70275.80146118999,17.925165492418458,-66.02790598757782,-42.03578,4,0,0.0184,1,1
10.03960020840168,70277.20145881176,17.92515270889565,-66.02790729914439,-41.845203,4,0,0.209,1,1
10.039700221270325,70277.90154889226,17.925146318271327,-66.02790794209412,-42.047726,4,0,0.0064,1,1
10.039800219237804,70278.60153466463,17.925139927213536,-66.02790859420053,-42.0386,4,0,0.0156,1,1
10.039900220930576,70279.30154651403,17.925133536153535,-66.02790924484361,-42.064453,4,0,-0.0103,1,1
10.040300220251083,70282.10154175758,17.92510797078397,-66.02791185865246,-41.917183,4,0,0.137,1,1
10.040300220251083,70282.10154175758,17.92510797109407,-66.02791185659932,-41.964325,4,0,0.0898,1,1
10.040500219911335,70283.50153937936,17.92509518984377,-66.02791315388183,-42.11699,4,0,-0.0628,1,1
10.04070021957159,70284.90153700113,17.925082406506274,-66.02791446561004,-41.941322,4,0,0.1128,1,1
10.041100230067968,70287.70161047578,17.92505684005958,-66.02791708327851,-41.73546,4,0,0.3187,1,1
10.041400231420994,70289.80161994696,17.925037668288116,-66.02791902915898,-41.988716,4,0,0.0654,1,1
10.041400231420994,70289.80161994696,17.92503766605783,-66.02791904392484,-41.649696,4,0,0.4045,1,1
10.041600201278923,70291.20140895247,17.92502458500987,-66.02792241136552,5.737667,0,0,47.7918,0,0
10.041600201278923,70291.20140895247,17.925024887589345,-66.02792033618246,-41.93338,4,0,0.1208,1,1
10.041600201278923,70291.20140895247,17.925024886495844,-66.02792034342204,-41.76716,4,0,0.287,1,1
10.042000200599432,70294.00140419602,17.92499932207374,-66.02792295258014,-41.789436,4,0,0.4198,1,1
10.042000200599432,70294.00140419602,17.924999321579786,-66.0279229558504,-41.71435,4,0,0.4949,1,1
10.042200211435556,70295.4014800489,17.924986538035554,-66.02792426449207,-41.6399,4,0,0.5693,1,1
10.042300209403038,70296.10146582127,17.924980148624563,-66.0279249062438,-41.891666,4,0,0.3176,1,1
10.042500209063292,70297.50146344304,17.92496736407184,-66.02792622603239,-41.565765,4,0,0.6435,1,1
10.042600210756063,70298.20147529244,17.924960973003767,-66.02792687709173,-41.607502,4,0,0.6017,1,1
10.04300021007657,70301.001470536,17.924935411279726,-66.02792946707127,-42.11127,4,0,0.098,1,1
10.043100211769342,70301.7014823854,17.92492901801576,-66.02793013240297,-41.830647,4,0,0.3786,1,1
10.043100211769342,70301.7014823854,17.92492901721198,-66.02793013772431,-41.708473,4,0,0.5008,1,1
10.043100211769342,70301.7014823854,17.9249290205367,-66.02793011571332,-42.213833,4,0,-0.0046,1,1
10.043300218880177,70303.10153216124,17.92491623503144,-66.0279314373691,-41.863434,4,0,0.3458,1,1
10.04350021854043,70304.50152978301,17.924903453067433,-66.0279327388808,-41.9786,4,0,0.2306,1,1
10.043700221925974,70305.90155348182,17.924890669049162,-66.02793405211933,-41.829533,4,0,0.3797,1,1
10.043800219893456,70306.60153925419,17.924884278482423,-66.02793470061164,-41.942715,4,0,0.2665,1,1
10.04410022124648,70308.70154872537,17.924865103291804,-66.02793666552867,-41.843857,4,0,0.3654,1,1
10.044200230389832,70309.40161272883,17.924858712651048,-66.02793730946682,-42.06784,4,0,0.1414,1,1
10.044300232082604,70310.10162457824,17.924852319515626,-66.02793797291834,-41.843845,4,0,0.3654,1,1
10.04450023174286,70311.50162220001,17.924839537834565,-66.02793927065495,-42.06843,4,0,0.1408,1,1
10.04460022971034,70312.20160797238,17.924833146299083,-66.02793992472633,-42.062744,4,0,0.1465,1,1
10.044700231403112,70312.90161982179,17.924826754006666,-66.0279405821365,-41.982136,4,0,0.2271,1,1
10.044700231403112,70312.90161982179,17.924826753545887,-66.02794058518695,-41.912098,4,0,0.2971,1,1
10.045000199228523,70315.00139459968,17.924806648841724,-66.02794893367476,104.80238,0,0,147.0116,0,0
10.045000199228523,70315.00139459968,17.924807581332704,-66.02794254130278,-42.041798,4,0,0.1674,1,1
10.045000199228523,70315.00139459968,17.924807580098644,-66.02794254947248,-41.854225,4,0,0.355,1,1
10.045100200921295,70315.70140644908,17.924801188376478,-66.0279432025913,-41.87692,4,0,0.3323,1,1
10.045700211077929,70319.9014775455,17.924762836329577,-66.0279471296453,-41.84706,4,0,0.3622,1,1
10.04580020904541,70320.60146331787,17.924756445103483,-66.02794777999995,-41.941204,4,0,0.268,1,1
10.046100210398436,70322.70147278905,17.92473726806522,-66.0279497487749,-41.82578,4,0,0.3835,1,1
10.046100210398436,70322.70147278905,17.924737267581314,-66.02794975197835,-41.752228,4,0,0.457,1,1
10.046200212091208,70323.40148463845,17.92473087784056,-66.0279503902881,-42.128464,4,0,0.0808,1,1
10.04630021005869,70324.10147041082,17.924724484007005,-66.02795105707166,-41.851658,4,0,0.3576,1,1
10.04640021175146,70324.80148226023,17.92471809188791,-66.02795171077801,-41.87692,4,0,0.3323,1,1
10.046700220555069,70326.90154388547,17.924698934550264,-66.02795353833305,-45.02914,3,0,-2.8199,0,0
10.046800218522549,70327.60152965784,17.924692521788266,-66.02795433453322,-41.785652,4,0,0.4236,1,1
10.04690022021532,70328.30154150724,17.924686129404098,-66.02795498907182,-41.79818,4,0,0.4111,1,1
10.047000221908092,70329.00155335665,17.92467973894723,-66.02795563065906,-42.109344,4,0,0.0999,1,1
10.047100219875574,70329.70153912902,17.924673344962333,-66.02795629695814,-41.85388,4,0,0.3554,1,1
10.0474002212286,70331.8015486002,17.924654167283194,-66.02795826324534,-41.845078,4,0,0.3642,1,1
10.0474002212286,70331.8015486002,17.924654167563215,-66.02795826139157,-41.887638,4,0,0.3216,1,1
10.047800231724976,70334.60162207484,17.924628595137637,-66.02796089106033,-41.7129,4,0,0.4963,1,1
10.048000231385233,70336.00161969662,17.92461580962287,-66.0279622023122,-41.714825,4,0,0.4944,1,1
10.048200231045485,70337.40161731839,17.924603024326768,-66.02796351123087,-41.775604,4,0,0.4336,1,1
10.048300229012966,70338.10160309076,17.924596632805525,-66.0279641586687,-41.96891,4,0,0.2403,1,1
10.048400230705738,70338.80161494017,17.92459023878827,-66.02796482084909,-41.825634,4,0,0.3836,1,1
10.048500198870896,70339.50139209628,17.924583847488616,-66.02796547877774,-41.776257,4,0,0.433,1,1
10.048500198870896,70339.50139209628,17.924583847949254,-66.02796547572844,-41.846264,4,0,0.363,1,1
10.048800200223925,70341.60140156746,17.92456466915543,-66.02796743970276,-41.946186,4,0,0.2631,1,1
10.048900201916696,70342.30141341686,17.924558276049,-66.02796809467775,-41.97502,4,0,0.2342,1,1
10.048900201916696,70342.30141341686,17.924558275793565,-66.02796809636865,-41.9362,4,0,0.273,1,1
10.0492002107203,70344.4014750421,17.92453909446213,-66.0279700716033,-41.794636,4,0,0.4146,1,1
10.0492002107203,70344.4014750421,17.924539095122057,-66.02797006723478,-41.89493,4,0,0.3143,1,1
10.049500212073326,70346.50148451328,17.924519914809267,-66.0279720366018,-41.899094,4,0,0.3101,1,1
10.049600210040808,70347.20147028565,17.924513522766087,-66.02797268435728,-42.10256,4,0,0.1067,1,1
10.049600210040808,70347.20147028565,17.924513520768606,-66.02797269758004,-41.79898,4,0,0.4103,1,1
10.04980020970106,70348.60146790743,17.924500733626374,-66.02797401100061,-41.79935,4,0,0.4099,1,1
10.049900211393831,70349.30147975683,17.924494338812558,-66.02797467477397,-41.639694,4,0,0.5695,1,1
10.049900211393831,70349.30147975683,17.924494339547262,-66.02797466991045,-41.751354,4,0,0.4579,1,1
10.050000220537186,70350.0015437603,17.92448794681049,-66.02797531656933,-41.987106,4,0,0.2221,1,1
10.050100222229958,70350.7015556097,17.92448155247433,-66.02797597665801,-41.91476,4,0,0.2945,1,1
10.05020022019744,70351.40154138207,17.924475158877883,-66.0279766331385,-41.926056,4,0,0.2832,1,1
10.05020022019744,70351.40154138207,17.924475159014694,-66.02797663223288,-41.94685,4,0,0.2624,1,1
10.050300221890213,70352.10155323148,17.924468765079297,-66.02797728913939,-41.950283,4,0,0.259,1,1
10.050300221890213,70352.10155323148,17.924468764380222,-66.02797729376702,-41.84404,4,0,0.3652,1,1
10.050700221210718,70354.90154847503,17.92444326511444,-66.02797975554701,-45.15148,3,0,-2.9422,0,0
10.050700221210718,70354.90154847503,17.924443244275636,-66.02797989850713,-41.86755,4,0,0.3417,1,1
10.0508002191782,70355.6015342474,17.924436848178694,-66.02798054646043,-42.118717,4,0,0.0905,1,1
10.051200229674578,70358.40160772204,17.92441125481153,-66.02798318715097,-42.017746,4,0,0.1915,1,1
10.051400229334831,70359.80160534382,17.924398457060416,-66.02798451526702,-41.796127,4,0,0.4131,1,1
10.051500231027603,70360.50161719322,17.924392058548516,-66.02798517574767,-41.769737,4,0,0.4395,1,1
10.051600228995085,70361.2016029656,17.92438565927942,-66.02798584208593,-41.609806,4,0,0.5994,1,1
10.051600228995085,70361.2016029656,17.92438566027452,-66.02798583549878,-41.76104,4,0,0.4482,1,1
10.051700230687857,70361.901614815,17.924379262159064,-66.02798649284478,-41.809258,4,0,0.4,1,1
10.051700230687857,70361.901614815,17.924379260200688,-66.02798650580837,-41.511627,4,0,0.6976,1,1
10.051700230687857,70361.901614815,17.92437926280481,-66.02798648857026,-41.907394,4,0,0.3018,1,1
10.051700230687857,70361.901614815,17.92437926103397,-66.0279865002924,-41.638268,4,0,0.571,1,1
10.051700230687857,70361.901614815,17.924379521260843,-66.02798471583031,-82.62852,0,0,-40.4193,0,0
10.051800228655338,70362.60160058737,17.924372863389397,-66.02798715582504,-41.728863,4,0,0.4804,1,1
10.051900200545788,70363.30140382051,17.92436646702144,-66.0279878135341,-41.76684,4,0,0.4424,1,1
10.052200201898811,70365.4014132917,17.92434727133754,-66.0279897930577,-41.75463,4,0,0.4546,1,1
10.052800212055445,70369.60148438811,17.924308878730155,-66.02799375109454,-41.788578,4,0,0.4207,1,1
10.052900210022926,70370.30147016048,17.924302481270455,-66.02799440291535,-41.978256,4,0,0.231,1,1
10.053000211715698,70371.00148200989,17.924296082691114,-66.02799506039167,-42.03987,4,0,0.1694,1,1
10.053000211715698,70371.00148200989,17.92429607897288,-66.02799508500473,-41.47479,4,0,0.7344,1,1
10.05310020968318,70371.70146778226,17.924289683363266,-66.02799572417784,-41.957253,4,0,0.252,1,1
10.05310020968318,70371.70146778226,17.92428968355521,-66.0279957229073,-41.986423,4,0,0.2228,1,1
10.053400211036204,70373.80147725344,17.924270486468952,-66.02799770406881,-41.98094,4,0,0.2283,1,1
10.053400211036204,70373.80147725344,17.924270484991677,-66.02799771384771,-41.75643,4,0,0.4528,1,1
10.053500209003689,70374.50146302581,17.924264307903197,-66.0279968539048,-76.67915,0,0,-34.4699,0,0
10.053700219839811,70375.90153887868,17.924251288728097,-66.0279996848159,-41.996613,4,0,0.2126,1,1
10.054000221192837,70378.00154834986,17.92423209091486,-66.02800166761776,-41.974255,4,0,0.235,1,1
10.05420022085309,70379.40154597163,17.924219291063824,-66.02800299787138,-41.772224,4,0,0.437,1,1
10.05420022085309,70379.40154597163,17.924219291840725,-66.02800299272862,-41.890293,4,0,0.3189,1,1
10.054500229656696,70381.50160759687,17.924200181475264,-66.02800436907245,-55.8168,2,0,-13.6076,0,0
10.054600231349468,70382.20161944628,17.924193693122017,-66.02800563987007,-41.808052,4,0,0.4012,1,1
10.054600231349468,70382.20161944628,17.924193693465327,-66.0280056375975,-41.860226,4,0,0.349,1,1
10.054900228977203,70384.30160284042,17.924174496252196,-66.02800761404811,-42.012493,4,0,0.1967,1,1
10.054900228977203,70384.30160284042,17.924174495263124,-66.02800762059537,-41.86218,4,0,0.3471,1,1
10.054900228977203,70384.30160284042,17.924174496347053,-66.0280076134202,-42.02691,4,0,0.1823,1,1
10.055000230669975,70385.00161468983,17.924168095602333,-66.02800828203277,-41.855225,4,0,0.354,1,1
10.055000230669975,70385.00161468983,17.92416809505312,-66.02800828566835,-41.77176,4,0,0.4375,1,1
10.055300202220678,70387.10141554475,17.924148898862246,-66.02801026479743,-41.870922,4,0,0.3383,1,1
10.055300202220678,70387.10141554475,17.924148902567723,-66.02801023859615,-42.47305,4,0,-0.2638,0,0
10.055500201880932,70388.50141316652,17.92413609983404,-66.02801158629562,-41.897137,4,0,0.3121,1,1
10.055600199848412,70389.2013989389,17.92412970016362,-66.02801224870926,-41.87322,4,0,0.336,1,1
10.055700201541184,70389.9014107883,17.92412329894952,-66.02801291969523,-41.654026,4,0,0.5552,1,1
10.056000210344791,70392.00147241354,17.924104100982284,-66.02801489301737,-41.912724,4,0,0.2965,1,1
10.056100212037563,70392.70148426294,17.924097699391677,-66.02801556616569,-41.647675,4,0,0.5616,1,1
10.056700211018324,70396.90147712827,17.92405930000393,-66.02801954110498,-41.54297,4,0,0.6663,1,1
10.056700211018324,70396.90147712827,17.924059302619654,-66.02801952378977,-41.940502,4,0,0.2687,1,1
10.056800208985806,70397.60146290064,17.924052902679204,-66.02802018714435,-41.90601,4,0,0.3032,1,1
10.057100221514702,70399.70155060291,17.92403370110017,-66.02802218082323,-41.727478,4,0,0.4818,1,1
10.057200219482183,70400.40153637528,17.92402730126939,-66.02802284329648,-41.7166,4,0,0.4926,1,1
10.057300221174955,70401.10154822469,17.92402090038424,-66.02802351065533,-41.595135,4,0,0.6141,1,1
10.057400219142435,70401.80153399706,17.924014503903205,-66.02802415089974,-42.096233,4,0,0.113,1,1
10.057400219142435,70401.80153399706,17.924014499596712,-66.02802417940745,-41.44174,4,0,0.7675,1,1
10.057500220835207,70402.50154584646,17.924008100753667,-66.0280248337129,-41.621384,4,0,0.5879,1,1
10.05760021880269,70403.20153161883,17.924001701599646,-66.0280254916127,-41.71874,4,0,0.4905,1,1
10.058000229299068,70406.00160509348,17.923976101550284,-66.02802813807088,-41.777603,4,0,0.4316,1,1
10.05810023099184,70406.70161694288,17.923969700994515,-66.02802880366491,-41.70271,4,0,0.5065,1,1
10.05810023099184,70406.70161694288,17.923969700225125,-66.02802880875804,-41.58578,4,0,0.6235,1,1
10.058300230652094,70408.10161456466,17.923956900527767,-66.02803013215642,-41.616474,4,0,0.5928,1,1
10.058900199830532,70412.30139881372,17.92391850278509,-66.02803410625546,-41.631416,4,0,0.5778,1,1
10.059000201523304,70413.00141066313,17.92391210307002,-66.02803476645867,-41.686615,4,0,0.5226,1,1
10.059000201523304,70413.00141066313,17.923912103802053,-66.0280347616128,-41.79787,4,0,0.4114,1,1
10.059100199490786,70413.7013964355,17.923905702033004,-66.02803543700351,-41.50448,4,0,0.7048,1,1
10.059500209987164,70416.50146991014,17.92388010233734,-66.02803808238104,-41.63008,4,0,0.5792,1,1
10.059700209647415,70417.90146753192,17.923867303904352,-66.02803939834592,-41.850124,4,0,0.3591,1,1
10.059800211340187,70418.60147938132,17.923860901592256,-66.02804007613312,-41.506638,4,0,0.7026,1,1
10.060300219804049,70422.10153862834,17.923828904843624,-66.02804336764372,-42.034748,4,0,0.1745,1,1
10.06040022149682,70422.80155047774,17.923822504180293,-66.02804403494875,-41.935314,4,0,0.2739,1,1
10.060500219464302,70423.50153625011,17.923816104383658,-66.02804469815285,-41.93,4,0,0.2792,1,1
10.060600221157074,70424.20154809952,17.923809705016478,-66.02804535704654,-42.024742,4,0,0.1845,1,1
10.060700219124556,70424.90153387189,17.923803304184766,-66.02804602727774,-41.859146,4,0,0.3501,1,1
10.060800220817327,70425.60154572129,17.92379690502248,-66.02804668499594,-41.981907,4,0,0.2273,1,1
10.06140023097396,70429.80161681771,17.92375850600102,-66.02805066019489,-42.065468,4,0,0.1438,1,1
10.061800230294466,70432.60161206126,17.923732904532436,-66.02805332967341,-41.68507,4,0,0.5242,1,1
10.061900231987238,70433.30162391067,17.923726505427126,-66.02805398821238,-41.794064,4,0,0.4152,1,1
10.06200022995472,70434.00160968304,17.92372010467977,-66.02805465929998,-41.61481,4,0,0.5944,1,1
10.062100201845167,70434.70141291618,17.92371370916207,-66.02805530676955,-41.974224,4,0,0.235,1,1
10.06220019981265,70435.40139868855,17.92370730798885,-66.02805598093335,-41.725147,4,0,0.4841,1,1
10.062400199472904,70436.80139631033,17.923694508786713,-66.02805730729148,-41.733116,4,0,0.4761,1,1
10.0627002120018,70438.9014840126,17.923675309948493,-66.02805929265546,-41.84566,4,0,0.3636,1,1
10.0627002120018,70438.9014840126,17.923675311372282,-66.02805928323009,-42.06205,4,0,0.1472,1,1
10.062900211662054,70440.30148163438,17.923662511515797,-66.0280606148428,-41.9532,4,0,0.256,1,1
10.06320020928979,70442.40146502852,17.923643311343394,-66.0280626174395,-41.673027,4,0,0.5362,1,1
10.063400208950045,70443.8014626503,17.923630514101507,-66.02806393373339,-41.918976,4,0,0.2903,1,1
10.063500210642816,70444.5014744997,17.923624113331094,-66.02806460556889,-41.728424,4,0,0.4808,1,1
10.06380021944642,70446.60153612494,17.923604916806973,-66.02806658217735,-42.052124,4,0,0.1571,1,1
10.064400222152472,70450.8015550673,17.923566521010887,-66.02807056429849,-42.04092,4,0,0.1683,1,1
10.064500220119951,70451.50154083967,17.923560121655854,-66.02807122999135,-41.99349,4,0,0.2157,1,1
10.064600221812723,70452.20155268908,17.923553721825904,-66.02807189745064,-41.906296,4,0,0.3029,1,1
10.06480023264885,70453.60162854195,17.923540922504664,-66.02807322755308,-41.844288,4,0,0.365,1,1
10.065000232309105,70455.00162616372,17.923528125084026,-66.02807455045269,-41.946793,4,0,0.2624,1,1
10.065000232309105,70455.00162616372,17.923528126836935,-66.02807453884854,-42.213207,4,0,-0.004,1,1
10.065000232309105,70455.00162616372,17.923528127893086,-66.02807453018424,-42.412712,4,0,-0.2035,0,0
10.065100230276585,70455.70161193609,17.9235217252164,-66.0280752206131,-41.798084,4,0,0.4112,1,1
10.065700199455025,70459.90139618516,17.923483335313406,-66.02807919120681,-42.063416,4,0,0.1458,1,1
10.065800201147796,70460.60140803456,17.92347693567481,-66.02807985960044,-41.957077,4,0,0.2522,1,1
10.065800201147796,70460.60140803456,17.92347693603543,-66.0280798572131,-42.011887,4,0,0.1974,1,1
10.065900199115276,70461.30139380693,17.923470535685055,-66.02808053206124,-41.75695,4,0,0.4523,1,1
10.066000200808048,70462.00140565634,17.92346413936225,-66.02808117888397,-42.146156,4,0,0.0631,1,1
10.066200211644173,70463.40148150921,17.9234513390755,-66.0280825205803,-41.822952,4,0,0.3863,1,1
10.066300209611654,70464.10146728158,17.923444941874177,-66.02808317534655,-42.029636,4,0,0.1796,1,1
10.06660021096468,70466.20147675276,17.923425746168142,-66.02808516485148,-42.072895,4,0,0.1363,1,1
10.06660021096468,70466.20147675276,17.923425746221366,-66.02808516449915,-42.080982,4,0,0.1283,1,1
10.066800210624931,70467.60147437453,17.92341294845162,-66.02808649650768,-41.98,4,0,0.2292,1,1
10.06710021942854,70469.70153599977,17.923393751909998,-66.02808849134722,-41.90359,4,0,0.3056,1,1
10.06710021942854,70469.70153599977,17.92339374984239,-66.02808850503477,-41.589344,4,0,0.6199,1,1
10.067200221121311,70470.40154784918,17.923387353026705,-66.02808915743934,-41.85182,4,0,0.3574,1,1
10.067300219088793,70471.10153362155,17.92338095457035,-66.02808982245332,-41.82433,4,0,0.3849,1,1
10.067400220781565,70471.80154547095,17.923374568453607,-66.02809040107566,-43.782074,4,0,-1.5728,0,0
10.068000219762324,70476.00153833628,17.923336213431927,-66.02809414694343,-49.23064,3,0,-7.0214,0,0
10.068400230258703,70478.80161181092,17.92331057152423,-66.02809713660886,-41.554703,4,0,0.6545,1,1
10.068500231951475,70479.50162366033,17.923304172382757,-66.02809780692479,-41.40683,4,0,0.8024,1,1
10.068600229918957,70480.2016094327,17.923297776690816,-66.028098455699,-41.753155,4,0,0.4561,1,1
10.068900231271982,70482.30161890388,17.923278583300505,-66.0281004431994,-41.84763,4,0,0.3616,1,1
10.06900019943714,70483.00139605999,17.923272186522453,-66.02810111279116,-41.711452,4,0,0.4978,1,1
10.069600209593771,70487.20146715641,17.923233799063087,-66.02810509530441,-41.72995,4,0,0.4793,1,1
10.069900210946798,70489.30147662759,17.923214603469447,-66.02810710289202,-41.363914,4,0,0.8453,1,1
10.070300210267304,70492.10147187114,17.923189015049235,-66.02810974539376,-41.662647,4,0,0.5466,1,1
10.070400211960076,70492.80148372054,17.923182618758194,-66.0281104002811,-41.869358,4,0,0.3399,1,1
10.070400211960076,70492.80148372054,17.923182617417204,-66.02811040915833,-41.66555,4,0,0.5437,1,1
10.070900220423937,70496.30154296756,17.923150563463928,-66.02811374830678,-41.673683,4,0,0.5356,1,1
10.07110022008419,70497.70154058933,17.923137779756093,-66.028115068805,-41.767784,4,0,0.4415,1,1
10.071200221776962,70498.40155243874,17.923131387411278,-66.02811573175177,-41.753178,4,0,0.4561,1,1
10.071300219744444,70499.1015382111,17.92312499526283,-66.02811639508704,-41.7291,4,0,0.4801,1,1
10.071300219744444,70499.1015382111,17.923124996566546,-66.02811638645642,-41.927246,4,0,0.282,1,1
10.07160023227334,70501.20162591338,17.923105820663086,-66.02811836539745,-42.11215,4,0,0.0971,1,1
10.07160023227334,70501.20162591338,17.923105817667317,-66.02811838522938,-41.656837,4,0,0.5524,1,1
10.071800231933594,70502.60162353516,17.923093034780162,-66.02811970202201,-41.836273,4,0,0.373,1,1
10.071900229901075,70503.30160930753,17.923086643023414,-66.02812036339554,-41.857426,4,0,0.3518,1,1
10.072000231593847,70504.00162115693,17.923080250557152,-66.0281210279876,-41.805313,4,0,0.4039,1,1
10.072100229561329,70504.7016069293,17.92307385996952,-66.02812168175853,-42.001133,4,0,0.2081,1,1
10.072100229561329,70504.7016069293,17.923073859377066,-66.02812168568055,-41.91109,4,0,0.2981,1,1
10.072500202804804,70507.50141963363,17.923048292677038,-66.02812433777044,-41.842747,4,0,0.3665,1,1
10.072700202465056,70508.9014172554,17.923035508647548,-66.02812566302474,-41.829296,4,0,0.3799,1,1
10.072700202465056,70508.9014172554,17.923035510525075,-66.02812565059581,-42.114643,4,0,0.0946,1,1
10.072900202125313,70510.30141487718,17.92302275480381,-66.0281267817603,-46.56001,3,0,-4.3508,0,0
10.073100209236143,70511.70146465302,17.92300994151504,-66.02812830420847,-42.019096,4,0,0.1901,1,1
10.073200210928915,70512.40147650242,17.92300354864755,-66.02812897160948,-41.90378,4,0,0.3055,1,1
10.073500212281942,70514.5014859736,17.922984372719668,-66.0281309573333,-41.936584,4,0,0.2727,1,1
10.073600210249424,70515.20147174597,17.922977980088113,-66.02813162447559,-41.82732,4,0,0.3819,1,1
10.073700211942196,70515.90148359537,17.92297158846966,-66.02813228327418,-41.910374,4,0,0.2989,1,1
10.073800209909678,70516.60146936774,17.92296519878079,-66.02813293075597,-42.252872,4,0,-0.0436,1,1
10.073800209909678,70516.60146936774,17.922965195654932,-66.02813295144814,-41.777813,4,0,0.4314,1,1
10.07390021160245,70517.30148121715,17.922958804865882,-66.02813360455679,-41.9919,4,0,0.2173,1,1
10.07390021160245,70517.30148121715,17.922958805672216,-66.02813359921916,-42.114445,4,0,0.0948,1,1
10.074100222438574,70518.70155707002,17.922946019231464,-66.02813493417096,-41.88471,4,0,0.3245,1,1
10.074200220406055,70519.40154284239,17.922939679737294,-66.02813523505655,-50.190243,3,0,-7.981,0,0
10.07500023022294,70525.00161156058,17.922888488091573,-66.02814089847185,-41.844063,4,0,0.3652,1,1
10.075400229543447,70527.80160680413,17.92286291608844,-66.0281435632243,-41.512592,4,0,0.6966,1,1
10.0756002292037,70529.2016044259,17.922850132682395,-66.02814487692915,-41.77754,4,0,0.4317,1,1
10.075800232589245,70530.60162812471,17.922837347159085,-66.02814620200513,-41.783424,4,0,0.4258,1,1
10.077000211924314,70539.0014834702,17.92276063261118,-66.02815415132291,-41.87285,4,0,0.3364,1,1
10.077100209891796,70539.70146924257,17.92275424013704,-66.02815480886576,-41.995663,4,0,0.2136,1,1
10.07730022072792,70541.10154509544,17.92274145120274,-66.0281561428916,-41.810196,4,0,0.399,1,1
10.07730022072792,70541.10154509544,17.922741452165386,-66.0281561365196,-41.956486,4,0,0.2528,1,1
10.077400222420692,70541.80155694485,17.922735100007532,-66.02815651435762,-48.506447,3,0,-6.2972,0,0
10.077500220388174,70542.50154271722,17.922728665352942,-66.02815745944736,-42.026146,4,0,0.1831,1,1
10.077600222080946,70543.20155456662,17.922722270025385,-66.02815813219053,-41.803085,4,0,0.4062,1,1
10.0778002217412,70544.6015521884,17.922709485310648,-66.02815943853905,-42.256554,4,0,-0.0473,1,1
10.078300222754478,70548.10155928135,17.922677513625825,-66.02816276076476,-42.10649,4,0,0.1027,1,1
10.078500229865313,70549.50160905719,17.922664723643102,-66.02816409199059,-41.99797,4,0,0.2113,1,1
10.078800231218338,70551.60161852837,17.922645539302543,-66.0281660845202,-41.937313,4,0,0.2719,1,1
10.078800231218338,70551.60161852837,17.922645537796267,-66.02816609449046,-41.708412,4,0,0.5008,1,1
10.079100232571363,70553.70162799954,17.922626353392456,-66.02816808244577,-41.75851,4,0,0.4507,1,1
10.079300202429296,70555.10141700506,17.9226135655886,-66.02816940589692,-41.833015,4,0,0.3762,1,1
10.07960020005703,70557.20140039921,17.92259437858615,-66.02817140379959,-41.66425,4,0,0.545,1,1
10.08010021224618,70560.70148572326,17.922562400740258,-66.02817471074755,-41.92534,4,0,0.2839,1,1
10.08020021021366,70561.40147149563,17.9225560031917,-66.0281753852486,-41.678032,4,0,0.5312,1,1
10.08020021021366,70561.40147149563,17.922556003980976,-66.02817538002434,-41.797974,4,0,0.4113,1,1
10.080300211906431,70562.10148334503,17.92254960774651,-66.02817604361042,-41.80258,4,0,0.4067,1,1
10.080800212919712,70565.60149043798,17.922517625191922,-66.02817936357557,-41.7894,4,0,0.4198,1,1
10.081100221723318,70567.70155206323,17.92249843454746,-66.02818135106251,-41.895454,4,0,0.3138,1,1
10.0812002196908,70568.4015378356,17.922492037035227,-66.02818201835531,-41.821564,4,0,0.3877,1,1
10.081400219351051,70569.80153545737,17.92247925691153,-66.02818324720262,-44.105614,4,0,-1.8964,0,0
10.08180022239685,70572.60155677795,17.92245365273758,-66.02818599508944,-42.018696,4,0,0.1905,1,1
10.082100231200457,70574.7016184032,17.922434456422646,-66.02818799755305,-41.806572,4,0,0.4027,1,1
10.082200232893229,70575.4016302526,17.92242806043954,-66.02818864552204,-42.185596,4,0,0.0236,1,1
10.08230023086071,70576.10161602497,17.922421661526794,-66.02818931363537,-42.102486,4,0,0.1068,1,1
10.082400232553482,70576.80162787437,17.92241526125578,-66.02818998838025,-41.868607,4,0,0.3406,1,1
10.082700200378897,70578.90140265226,17.92239608231218,-66.0281918746884,-44.334797,4,0,-2.1256,0,0
10.082900200039148,70580.30140027404,17.92238326781237,-66.02819331406272,-41.81015,4,0,0.3991,1,1
10.08300020173192,70581.00141212344,17.922376870597123,-66.0281939636238,-42.160122,4,0,0.0491,1,1
10.083200201392174,70582.40140974522,17.922364070381384,-66.02819530004746,-42.006027,4,0,0.2032,1,1
10.083600211888552,70585.20148321986,17.922338468658584,-66.02819796645798,-41.85917,4,0,0.3501,1,1
10.083800211548803,70586.60148084164,17.92232566806146,-66.02819929499913,-41.898,4,0,0.3112,1,1
10.08410021290183,70588.70149031281,17.922306466795348,-66.02820128281913,-42.078815,4,0,0.1304,1,1
10.084500219672918,70591.50153771043,17.922280860412577,-66.02820394960793,-41.959625,4,0,0.2496,1,1
10.08460022136569,70592.20154955983,17.922274517911767,-66.02820420948673,-51.277073,3,0,-9.0678,0,0
10.08460022136569,70592.20154955983,17.922274461091146,-66.02820459896479,-42.330585,4,0,-0.1213,1,1
10.084700223058462,70592.90156140924,17.92226805578805,-66.02820528699107,-41.814823,4,0,0.3944,1,1
10.084800221025944,70593.6015471816,17.922261655037914,-66.02820594550771,-41.97707,4,0,0.2322,1,1
10.084900222718716,70594.30155903101,17.92225525284173,-66.02820661111058,-41.97828,4,0,0.231,1,1
10.085000220686196,70595.00154480338,17.922248851056338,-66.028207274613,-42.02823,4,0,0.181,1,1
10.08510022237897,70595.70155665278,17.92224244769999,-66.0282079460205,-41.898357,4,0,0.3109,1,1
10.08520022034645,70596.40154242516,17.922236043780387,-66.02820862176742,-41.669388,4,0,0.5399,1,1
10.085300229489803,70597.10160642862,17.922229643698405,-66.02820926650413,-42.15518,4,0,0.0541,1,1
10.085300229489803,70597.10160642862,17.922229644860398,-66.02820925881281,-42.331764,4,0,-0.1225,1,1
10.085400231182575,70597.80161827803,17.92222323997253,-66.02820993751797,-42.037663,4,0,0.1716,1,1
10.085500232875347,70598.50163012743,17.92221683706689,-66.02821060171989,-42.077805,4,0,0.1314,1,1
10.085500232875347,70598.50163012743,17.922216836501917,-66.02821060545958,-41.991947,4,0,0.2173,1,1
10.085600230842829,70599.2016158998,17.92221043190264,-66.02821128189781,-41.75156,4,0,0.4577,1,1
10.0857002325356,70599.9016277492,17.92220402991978,-66.02821193850338,-41.9682,4,0,0.241,1,1
10.085800230503082,70600.60161352158,17.92219762718984,-66.02821260064458,-42.05831,4,0,0.1509,1,1
10.086000230163336,70602.00161114335,17.922184820444606,-66.02821392897792,-42.149517,4,0,0.0597,1,1
10.086100202053784,70602.7014143765,17.92217841881376,-66.02821459181526,-42.223083,4,0,-0.0138,1,1
10.086100202053784,70602.7014143765,17.922178416449032,-66.02821460746786,-41.863724,4,0,0.3455,1,1
10.086800210177898,70607.60147124529,17.922133584521287,-66.02821927015569,-41.918457,4,0,0.2908,1,1
10.08690021187067,70608.30148309469,17.922127179635062,-66.02821993423139,-41.97749,4,0,0.2317,1,1
10.087000209838152,70609.00146886706,17.92212077417016,-66.02822060269719,-41.936348,4,0,0.2729,1,1
10.087000209838152,70609.00146886706,17.922120773892697,-66.02822060453384,-41.89418,4,0,0.3151,1,1
10.087300211191176,70611.10147833824,17.922101557401923,-66.0282226014697,-41.973316,4,0,0.2359,1,1
10.087300211191176,70611.10147833824,17.922101557187528,-66.02822260288886,-41.940735,4,0,0.2685,1,1
10.087300211191176,70611.10147833824,17.922101558692937,-66.02822259292401,-42.169514,4,0,0.0397,1,1
10.087600219994783,70613.20153996348,17.922082339531375,-66.02822459540916,-42.133205,4,0,0.076,1,1
10.087600219994783,70613.20153996348,17.92208238428837,-66.02822428743694,-49.207893,3,0,-6.9987,0,0
10.087800219655035,70614.60153758526,17.92206952598638,-66.02822593306044,-42.05301,4,0,0.1562,1,1
10.087800219655035,70614.60153758526,17.922069526293523,-66.02822593102731,-42.09969,4,0,0.1095,1,1
10.087900221347809,70615.30154943466,17.92206312094444,-66.02822658813974,-42.330624,4,0,-0.1214,1,1
10.08800022304058,70616.00156128407,17.92205671315568,-66.02822726039119,-42.21521,4,0,-0.006,1,1
10.088100221008062,70616.70154705644,17.9220503053975,-66.02822793298373,-42.092617,4,0,0.1166,1,1
10.088400222361088,70618.80155652761,17.922031082616318,-66.02822993786664,-42.02957,4,0,0.1797,1,1
10.088400222361088,70618.80155652761,17.922031084325077,-66.02822992655538,-42.28926,4,0,-0.08,1,1
10.08860022202134,70620.20155414939,17.922018267641306,-66.02823126878957,-42.123505,4,0,0.0857,1,1
10.089300230145454,70625.10161101818,17.921973407491656,-66.02823594234575,-42.141094,4,0,0.0681,1,1
10.089300230145454,70625.10161101818,17.921973406542996,-66.02823594862568,-41.996914,4,0,0.2123,1,1
