Delta_Time_Rel,Along_Track_Dist,Latitude,Longitude,WGS84_Ellipsoid_Height,Confidence,Classification,labels,Geoid_Corrected_Ortho_Height
0.0,0.0,18.199982827897752,-65.26019233533538,-43.592064,1,1,1,0.457
0.0010000169277191,7.0001184940338135,18.19991891655796,-65.26019904287068,-43.26218,1,1,1,0.7869
0.0015999674797058,11.199772357940674,18.199880579999267,-65.26020311404042,-43.42899,1,1,1,0.6201
0.0019999742507934,13.9998197555542,18.19985501810922,-65.26020583028932,-43.544357,1,1,1,0.5047
0.0021999776363372,15.399843454360962,18.19984224141777,-65.26020720881638,-43.76978,1,1,1,0.2793
0.0029999911785125,20.999938249588013,18.19979108787389,-65.2602125464957,-43.171757,1,1,1,0.8773
0.003600001335144,25.2000093460083,18.199752733582844,-65.2602166128389,-43.232025,1,1,1,0.8171
0.0040000081062316,28.000056743621823,18.19972717103388,-65.26021936119058,-43.577488,1,1,1,0.4716
0.00450000166893,31.500011682510376,18.19969524390001,-65.26022270523629,-43.32332,1,1,1,0.7258
0.0050999820232391,35.69987416267395,18.199656864630256,-65.2602267889884,-43.456425,1,1,1,0.5927
0.0058999955654144,41.299968957901,18.19960569286125,-65.26023226973368,-43.913513,1,1,1,0.1356
0.0065000057220458,45.50004005432129,18.1995673041675,-65.26023635569653,-44.039013,1,1,1,0.0101
0.0078999996185302,55.29999732971192,18.1994777071256,-65.26024583319804,-43.833996,1,0,1,0.2151
0.0080000162124633,56.00011348724365,18.19947130990789,-65.2602465276751,-43.964203,1,0,1,0.0849
0.0083999633789062,58.79974365234375,18.199446822205907,-65.26025384884494,-82.574814,0,0,0,-38.5257
0.00859996676445,60.19976735115051,18.199432916564074,-65.2602506187062,-44.116447,1,0,1,-0.0674
0.0092999935150146,65.09995460510254,18.199388111296727,-65.26025537238411,-44.126263,1,0,1,-0.0772
0.0092999935150146,65.09995460510254,18.199388121907223,-65.26025541611197,-44.492878,1,0,1,-0.4438
0.0093999803066253,65.79986214637756,18.19938169896448,-65.26025600008823,-43.69771,1,0,1,0.3514
0.0094999969005584,66.4999783039093,18.199375312783467,-65.26025674385073,-44.2405,1,0,1,-0.1914
0.0101000070571899,70.70004940032959,18.19933688482393,-65.26026072965418,-43.505703,1,0,1,0.5434
0.0118999779224395,83.29984545707703,18.19922165113463,-65.26027291409572,-43.226513,1,0,1,0.8226
0.0119999647140502,83.99975299835205,18.19921526071698,-65.26027363626386,-43.592403,1,0,1,0.4567
0.0121999979019165,85.39998531341553,18.199198981625187,-65.26026055837438,77.41078,0,0,0,121.4599
0.0141000151634216,98.70010614395142,18.199080803806982,-65.26028784122485,-43.254734,1,0,1,0.7943
0.0146000087261199,102.20006108283997,18.199048811374272,-65.26029130658327,-43.890568,1,0,1,0.1585
0.0155999958515167,109.19997096061708,18.19898476438042,-65.26029797849027,-43.0169,1,0,1,1.0322
0.0157999992370605,110.59999465942384,18.198971975060093,-65.26029939649098,-43.547096,1,0,1,0.502
0.0164999961853027,115.49997329711914,18.19892716128032,-65.26030414204155,-43.59237,1,0,1,0.4567
0.0164999961853027,115.49997329711914,18.198927136614987,-65.26030404038211,-42.74007,1,0,1,1.309
0.0172999799251556,121.09985947608948,18.19887592629656,-65.2603094756128,-42.914856,1,0,1,1.1342
0.0192999839782714,135.0998878479004,18.198747910411274,-65.26032307165569,-43.536922,1,0,1,0.5122
0.0196000039577484,137.2000277042389,18.19872870286429,-65.26032508802703,-43.451767,1,0,1,0.5973
0.0198000073432922,138.60005140304563,18.19871588961335,-65.26032639455181,-43.08166,1,0,1,0.9674
0.0200999975204467,140.69998264312744,18.198696696695787,-65.2603284596225,-43.41359,1,0,1,0.6355
0.0205000042915344,143.50003004074097,18.19867109583906,-65.260331172473,-43.521553,1,0,1,0.5275
0.0214999616146087,150.49973130226135,18.19860708333077,-65.26033787700672,-43.178223,1,0,1,0.8709
0.0215999782085418,151.1998474597931,18.19860069890276,-65.2603386208902,-43.761013,1,0,1,0.2881
0.0216999650001525,151.89975500106812,18.198594277813235,-65.2603392053058,-43.009037,1,0,1,1.04
0.0219999849796295,153.99989485740662,18.19857509036496,-65.26034128568799,-43.49525,1,0,1,0.5538
0.0223999917507171,156.79994225502014,18.198549500189365,-65.26034402101327,-43.82864,1,0,1,0.2204
0.0225999951362609,158.1999659538269,18.198536694285067,-65.26034534221385,-43.60874,1,0,1,0.4403
0.0225999951362609,158.1999659538269,18.19853668449345,-65.26034530185449,-43.27038,1,0,1,0.7787
0.0227999985218048,159.59998965263367,18.19852388430724,-65.26034664534566,-43.239307,1,0,1,0.8098
0.0229999721050262,160.99980473518372,18.198511091497465,-65.26034800988269,-43.388306,1,0,1,0.6608
0.0232999920845031,163.09994459152222,18.19849191184156,-65.26035010974019,-44.056847,1,0,1,-0.0078
0.0234000086784362,163.80006074905396,18.19848549742905,-65.26035072435386,-43.564644,1,0,1,0.4844
0.0241999924182891,169.3999469280243,18.1984342975672,-65.26035606445966,-43.20065,1,0,1,0.8484
0.0256999731063842,179.89981174468994,18.19833832879152,-65.26036617727227,-43.369022,1,0,1,0.6801
0.0262999832630157,184.09988284111023,18.19829996830452,-65.26037020191688,-43.54536,1,0,1,0.5037
0.0264999866485595,185.499906539917,18.198287176511062,-65.26037152037556,-43.4131,1,0,1,0.636
0.0266000032424926,186.2000226974488,18.198280784389027,-65.260372198709,-43.50673,1,0,1,0.5423
0.027099996805191,189.69997763633728,18.198248822912493,-65.26037555792936,-43.711742,1,0,1,0.3373
0.0274000167846679,191.80011749267567,18.198229622324924,-65.26037747852433,-43.04024,1,0,1,1.0088
0.0287999808788299,201.5998661518097,18.198140143316387,-65.26038688247088,-43.63075,1,0,1,0.4183
0.0295999944210052,207.1999609470368,18.198088991629184,-65.26039215605766,-43.13334,1,0,1,0.9157
0.0300000011920928,210.00000834465027,18.198063430767537,-65.26039484883061,-43.353584,1,0,1,0.6955
0.0302000045776367,211.40003204345703,18.19805064892981,-65.26039618805365,-43.40329,1,0,1,0.6458
0.0308000147342681,215.6001031398773,18.198012297404908,-65.26040017604119,-43.301147,1,0,1,0.7479
0.0314999818801879,220.49987316131592,18.19796758564534,-65.26040493773394,-44.092106,1,0,1,-0.043
0.0329999923706054,230.99994659423828,18.197871737721425,-65.26041498182988,-44.407417,1,0,1,-0.3583
0.0331999957561492,232.39997029304504,18.19785895173755,-65.26041629353394,-44.21364,1,0,1,-0.1646
0.03329998254776,233.09987783432007,18.19785256336519,-65.26041696402918,-44.23986,1,0,1,-0.1908
0.0340999960899353,238.69997262954712,18.19780143864689,-65.26042228256661,-44.048775,1,0,1,0.0003
0.0346999764442443,242.8998351097107,18.19776311451584,-65.26042633874314,-44.454,1,0,1,-0.4049
0.0347999632358551,243.5997426509857,18.197756695568387,-65.26042688152248,-43.403427,1,0,1,0.6457
0.0357999801635742,250.5998611450196,18.19769281368379,-65.26043361286386,-43.791515,1,0,1,0.2576
0.0358999967575073,251.29997730255127,18.197686417333404,-65.26043425597477,-43.575027,1,0,1,0.4741
0.035999983549118,251.9998848438263,18.197680037811462,-65.26043496060223,-43.875366,1,0,1,0.1737
0.0361999869346618,253.39990854263303,18.19766725969101,-65.2604362985684,-43.875217,1,0,1,0.1739
0.0361999869346618,253.39990854263303,18.19766731839538,-65.26043654054972,-45.903896,1,0,0,-1.8548
0.036899983882904,258.2998871803284,18.19762233105677,-65.26044012122236,-36.648132,1,0,0,7.4009
0.0370000004768371,259.0000033378601,18.19761613167481,-65.26044158432912,-43.29843,1,0,1,0.7506
0.0372000038623809,260.40002703666687,18.19760336137524,-65.26044295358886,-43.54945,1,0,1,0.4996
0.0372999906539917,261.0999345779419,18.19759698070704,-65.26044365261626,-43.795624,1,0,1,0.2535
0.038699984550476,270.8998918533325,18.19750753197308,-65.2604529928069,-43.427723,1,0,1,0.6214
0.0389999747276306,272.9998230934143,18.19748837367608,-65.26045503025522,-43.635036,1,0,1,0.414
0.0392999947071075,275.0999629497528,18.197469203373885,-65.26045702600445,-43.48536,1,0,1,0.5637
0.039900004863739,279.3000340461731,18.19743088905127,-65.26046111800063,-44.01271,1,0,1,0.0364
0.039900004863739,279.3000340461731,18.197430889967297,-65.26046112177652,-44.044365,1,0,1,0.0047
0.0417999923229217,292.59994626045227,18.197309513605305,-65.26047387658772,-43.857437,1,0,1,0.1916
0.0419999957084655,293.99996995925903,18.19729674070545,-65.26047523579277,-43.962814,1,0,1,0.0863
0.0428999960422515,300.2999722957611,18.19723926813664,-65.26048137288316,-44.57912,1,0,0,-0.53
0.0429999828338623,300.99987983703613,18.19723286425412,-65.2604819770643,-43.993603,1,0,1,0.0555
0.0430999994277954,301.69999599456787,18.19722646974393,-65.26048262797454,-43.79753,1,0,1,0.2515
0.0435999929904937,305.1999509334564,18.197194542919355,-65.26048604760346,-44.1968,1,0,1,-0.1477
0.0437000095844268,305.90006709098816,18.19718815212686,-65.26048671413581,-44.12798,1,0,1,-0.0789
0.0446999669075012,312.89976835250854,18.19712432094577,-65.26049339651165,-44.40534,1,0,1,-0.3563
0.0447999835014343,313.5998845100403,18.197117920966228,-65.26049404670016,-44.121223,1,0,1,-0.0721
0.0450999736785888,315.69981575012207,18.197098753829263,-65.26049611663734,-44.269855,1,0,1,-0.2208
0.0465999841690063,326.19988918304443,18.197002883327904,-65.26050634119579,-43.906036,1,0,1,0.143
0.0469999909400939,328.999936580658,18.1969773028026,-65.2605090061239,-43.282543,1,0,1,0.7665
0.0477000176906585,333.90012383461,18.19693257593584,-65.26051383282515,-43.554813,1,0,1,0.4943
0.0488999783992767,342.29984879493713,18.19685593042199,-65.26052219331658,-44.758358,1,0,0,-0.7093
0.0488999783992767,342.29984879493713,18.19685591154891,-65.26052211551958,-44.106155,1,0,1,-0.0571
0.0490999817848205,343.6998724937439,18.19684313770941,-65.26052351158675,-44.33163,1,0,1,-0.2826
0.0503000020980834,352.1000146865845,18.19676449047032,-65.2605235436431,24.221857,0,0,0,68.2709
0.0503999888896942,352.7999222278595,18.19676006801928,-65.26053240235645,-44.298725,1,0,1,-0.2496
0.0509999990463256,356.9999933242798,18.19672171316494,-65.26053643455424,-43.717674,1,0,1,0.3314
0.0530999898910522,371.6999292373657,18.19658753845926,-65.26055074123086,-43.54397,1,0,1,0.5051
0.0532000064849853,372.4000453948975,18.19658114131948,-65.260551391455,-43.28534,1,0,1,0.7637
0.053299993276596,373.0999529361725,18.196574767875067,-65.26055213098456,-43.77821,1,0,1,0.2709
0.0537000000476837,375.900000333786,18.19654920755156,-65.2605548276199,-43.565807,1,0,1,0.4833
0.0537000000476837,375.900000333786,18.19654921498092,-65.26055485824509,-43.822544,1,0,1,0.2265
0.0538000166416168,376.60011649131775,18.196542815167422,-65.26055549547392,-43.461987,1,0,1,0.5871
0.0546999871730804,382.8999102115631,18.19648564926021,-65.26056295761158,-54.761078,1,0,0,-10.712
0.0556999742984771,389.8998200893402,18.196421452189643,-65.26056840004196,-43.56629,1,0,1,0.4828
0.0562999844551086,394.0998911857605,18.196383140068978,-65.26057250639542,-43.96853,1,0,1,0.0805
0.0569999814033508,398.9998698234558,18.19633843043371,-65.26057722373704,-43.896038,1,0,1,0.153
0.0575999915599823,403.1999409198761,18.196300106835903,-65.26058124944682,-43.74989,1,0,1,0.2992
0.0577000081539154,403.90005707740784,18.19629372583662,-65.26058194871061,-43.968082,1,0,1,0.081
0.0589999854564666,412.9998981952667,18.19621071929562,-65.26059071308927,-44.24787,1,0,1,-0.1988
0.0591999888420105,414.3999218940735,18.196197953188065,-65.26059207337408,-44.418076,1,0,1,-0.369
0.0593999922275543,415.79994559288025,18.196185164184328,-65.260593337404,-43.78891,1,0,1,0.2602
0.0597999989986419,418.5999929904938,18.1961596308718,-65.26059604405566,-44.050617,1,0,1,-0.0015
0.0604000091552734,422.80006408691406,18.19612131559011,-65.26060002669249,-43.85276,1,0,1,0.1963
0.0609000027179718,426.3000190258026,18.19608939380438,-65.26060335981768,-43.862137,1,0,1,0.1869
0.0611000061035156,427.7000427246094,18.1960766235229,-65.26060468486855,-43.81067,1,0,1,0.2384
0.0616999864578247,431.89990520477295,18.196038319135504,-65.26060866744031,-43.76793,1,0,1,0.2811
0.0625999867916107,438.199907541275,18.195981980746943,-65.26061926060827,-82.55497,0,0,0,-38.5059
0.0629000067710876,440.3000473976135,18.195962045617584,-65.26061798716185,-55.250137,1,0,0,-11.2011
0.0629000067710876,440.3000473976135,18.19596171778862,-65.26061662715168,-43.850735,1,0,1,0.1983
0.0634999871253967,444.4999098777771,18.19592342698259,-65.2606206141834,-44.06284,1,0,1,-0.0138
0.0636000037193298,445.2000260353088,18.195914063805784,-65.2606088889762,59.741573,0,0,0,103.7907
0.0640000104904174,448.0000734329224,18.1958915079224,-65.26062389323546,-43.92826,1,0,1,0.1208
0.0646999776363372,452.89984345436096,18.19584680946313,-65.26062869335082,-44.338593,1,0,1,-0.2895
0.064799964427948,453.599750995636,18.19584042727677,-65.260629321476,-44.20637,1,0,1,-0.1573
0.0651999711990356,456.3997983932495,18.19581490770917,-65.26063188358877,-44.109364,1,0,1,-0.0603
0.0655999779701232,459.19984579086304,18.19579046590061,-65.26063891643165,-81.513466,0,0,0,-37.4644
0.0657999813556671,460.5998694896698,18.19577663489052,-65.26063574167362,-44.143486,1,0,1,-0.0944
0.066100001335144,462.7000093460083,18.19575749750317,-65.26063766573556,-44.14094,1,0,1,-0.0919
0.066100001335144,462.7000093460083,18.19575747508547,-65.26063757332888,-43.366283,1,0,1,0.6828
0.0661999881267547,463.3999168872833,18.195751114864645,-65.26063828658837,-43.97251,1,0,1,0.0766
0.0665000081062316,465.5000567436218,18.19573196399854,-65.26064015109588,-43.489597,1,0,1,0.5595
0.0665999948978424,466.1999642848969,18.195725603961648,-65.2606408638443,-44.097607,1,0,1,-0.0485
0.0665999948978424,466.1999642848969,18.195725596665262,-65.2606408337685,-43.845474,1,0,1,0.2036
0.0666999816894531,466.8998718261719,18.195719221725145,-65.26064148478805,-43.937447,1,0,1,0.1116
0.0670999884605407,469.6999192237854,18.195693695849624,-65.26064399470367,-43.52656,1,0,1,0.5225
0.0678000152111053,474.6001064777374,18.195649056224003,-65.26064850738473,-43.864525,1,0,1,0.1846
0.0679999887943267,475.9999215602875,18.19563629497896,-65.2606497564901,-43.635937,1,0,1,0.4131
0.0680999755859375,476.6998291015625,18.19562992516315,-65.26065042530593,-43.89428,1,0,1,0.1548
0.0694999992847442,486.4999949932098,18.19554061650907,-65.26065928912845,-43.404034,1,0,1,0.645
0.0695999860763549,487.19990253448486,18.195534250979044,-65.26065997381755,-43.807457,1,0,1,0.2416
0.0699000060558319,489.30004239082336,18.19551511666664,-65.26066188847302,-43.848995,1,0,1,0.2001
0.0703000128269195,492.1000897884369,18.19548960104352,-65.26066442199564,-43.74986,1,0,1,0.2992
0.0707000195980072,494.9001371860504,18.19546408816321,-65.26066696688737,-43.751766,1,0,1,0.2973
0.0710000097751617,497.0000684261322,18.195444949399544,-65.26066885498781,-43.5842,1,0,1,0.4649
0.0715999901294708,501.1999309062958,18.195406688749568,-65.26067270262594,-43.85137,1,0,1,0.1977
0.072299987077713,506.0999095439911,18.195362042479143,-65.26067716554586,-43.942936,1,0,1,0.1061
0.0724999904632568,507.49993324279785,18.19534928476189,-65.26067843642554,-43.931824,1,0,1,0.1173
0.073199987411499,512.3999118804932,18.19530475383341,-65.26068338601591,-48.08813,1,0,0,-4.0391
0.0733999907970428,513.7999355792999,18.195291876795448,-65.2606841688582,-43.97905,1,0,1,0.07
0.0741000175476074,518.700122833252,18.19524721296344,-65.26068859370724,-43.70427,1,0,1,0.3448
0.0742000043392181,519.400030374527,18.19524082299599,-65.26068918357366,-43.30912,1,0,1,0.74
0.0742999911308288,520.099937915802,18.19523446798936,-65.26068991784578,-44.12388,1,0,1,-0.0748
0.0744000077247619,520.8000540733337,18.19522808337989,-65.26069053845198,-43.983383,1,0,1,0.0657
0.0744999647140502,521.499752998352,18.19522171035367,-65.26069119107338,-44.113705,1,0,1,-0.0646
0.076799988746643,537.5999212265015,18.195074938351286,-65.26070578783204,-43.323666,1,0,1,0.7254
0.076799988746643,537.5999212265015,18.19507494231108,-65.26070580415222,-43.460487,1,0,1,0.5886
0.0775000154972076,542.5001084804535,18.19503028208588,-65.26071033872442,-43.865463,1,0,1,0.1836
0.0776000022888183,543.2000160217285,18.195023903508783,-65.26071099000875,-43.94784,1,0,1,0.1012
0.0778999626636505,545.2997386455536,18.195004745924447,-65.26071285704425,-43.458267,1,0,1,0.5908
0.0788999795913696,552.2998571395874,18.19494092498924,-65.26071931316193,-43.667446,1,0,1,0.3816
0.0789999961853027,552.9999732971191,18.194934532040133,-65.26071992127845,-43.364212,1,0,1,0.6849
0.0792999863624572,555.0999045372009,18.194915396412373,-65.26072191138918,-43.837154,1,0,1,0.2119
0.079800009727478,558.6000680923462,18.19488346194694,-65.26072507950066,-43.341183,1,0,1,0.7079
0.0801999866962432,561.399906873703,18.19485794022481,-65.26072772097862,-43.811077,1,0,1,0.238
0.0804000198841095,562.8001391887665,18.19484516741148,-65.26072900850616,-43.75404,1,0,1,0.295
0.0805000066757202,563.5000467300415,18.19483945959996,-65.26073246793126,-67.32475,0,0,0,-23.2757
0.0805999934673309,564.1999542713165,18.19483241028728,-65.26073034733324,-44.122772,1,0,1,-0.0737
0.0807999968528747,565.5999779701233,18.194819626691512,-65.26073158783818,-43.657955,1,0,1,0.3911
0.08119997382164,568.3998167514801,18.194790196986062,-65.26071802097829,91.8113,0,0,0,135.8604
0.0814999639987945,570.4997479915619,18.19477495290457,-65.26073622340233,-44.435276,1,0,1,-0.3862
0.0824999809265136,577.4998664855957,18.194711067304667,-65.26074265211992,-43.749916,1,0,1,0.2992
0.0828000009059906,579.6000063419342,18.194691893153774,-65.2607445642994,-43.36575,1,0,1,0.6833
0.0835999846458435,585.1998925209045,18.194640805882123,-65.26074985858297,-43.889378,1,0,1,0.1597
0.0844999849796295,591.4998948574066,18.194583326766672,-65.26075557463987,-44.066803,1,0,1,-0.0177
0.0845999717712402,592.1998023986816,18.19457693293168,-65.26075623156181,-43.935513,1,0,1,0.1136
0.0846999883651733,592.8999185562134,18.19457053877512,-65.26075689599844,-43.863407,1,0,1,0.1857
0.0848999619483947,594.2997336387634,18.19455774984202,-65.26075820857226,-43.579605,1,0,1,0.4695
0.0860999822616577,602.699875831604,18.194481053364445,-65.2607663497797,-43.93049,1,0,1,0.1186
0.0866000056266784,606.2000393867493,18.194449067080328,-65.2607696563126,-43.28273,1,0,1,0.7663
0.0869999825954437,608.9998781681061,18.19442350005681,-65.26077239409804,-43.514874,1,0,1,0.5342
0.0877000093460083,613.9000654220581,18.194378733509623,-65.26077712936693,-43.395775,1,0,1,0.6533
0.0878999829292297,615.2998805046082,18.194365944101563,-65.26077848336737,-43.361412,1,0,1,0.6877
0.0891999900341034,624.3999302387238,18.19428280014997,-65.26078734143938,-43.508205,1,0,1,0.5409
0.0895000100135803,626.5000700950623,18.19426360614488,-65.26078937632593,-43.44382,1,0,1,0.6053
0.0895000100135803,626.5000700950623,18.1942636279856,-65.26078946633976,-44.198467,1,0,1,-0.1494
0.0900999903678894,630.6999325752258,18.194225214878404,-65.26079343190723,-43.184246,1,0,1,0.8648
0.0909000039100647,636.3000273704529,18.19417403438013,-65.26079891136212,-43.418785,1,0,1,0.6303
0.0910000205039978,637.0001435279846,18.194167630956937,-65.2607995783887,-43.29622,1,0,1,0.7529
0.0910999774932861,637.6998424530029,18.194161236325936,-65.26080026599861,-43.349525,1,0,1,0.6996
0.0915999710559845,641.1997973918915,18.19412924433978,-65.26080368974223,-43.483955,1,0,1,0.5651
0.0916999876499176,641.8999135494232,18.19412284383566,-65.26080437197476,-43.48891,1,0,1,0.5602
0.092299997806549,646.0999846458435,18.19408444572391,-65.26080847019273,-43.56823,1,0,1,0.4808
0.0925999879837036,648.1999158859253,18.194065242285163,-65.26081050282139,-43.474625,1,0,1,0.5745
0.0936999917030334,655.8999419212341,18.193994835262544,-65.2608180156532,-43.67096,1,0,1,0.3781
0.0940999984741211,658.6999893188477,18.19396923897028,-65.26082078421535,-44.070305,1,0,1,-0.0212
0.0942000150680542,659.4001054763794,18.193962816868225,-65.2608213861623,-43.415333,1,0,1,0.6337
0.0965999960899353,676.1999726295471,18.193809152599336,-65.26083770453273,-43.75868,1,0,1,0.2904
0.0970000028610229,679.0000200271606,18.193783532859914,-65.26084039771693,-43.673,1,0,1,0.3761
0.0976999700069427,683.8997900485992,18.193738705400524,-65.26084513033113,-43.756416,1,0,1,0.2927
0.098499983549118,689.4998848438263,18.19368751785176,-65.26085073508399,-45.60591,1,0,0,-1.5568
0.0988999903202056,692.2999322414398,18.193661841205447,-65.26085319519295,-43.710155,1,0,1,0.3389
0.0988999903202056,692.2999322414398,18.19366184475068,-65.26085320980589,-43.83266,1,0,1,0.2164
0.0989999771118164,692.9998397827148,18.19365543655719,-65.2608538658806,-43.709,1,0,1,0.3401
0.0997000038623809,697.9000270366669,18.193610592097137,-65.26085854166944,-43.596542,1,0,1,0.4525
0.1001000106334686,700.7000744342804,18.193584963543923,-65.26086119600488,-43.435925,1,0,1,0.6132
0.1001999974250793,701.3999819755554,18.19357853917913,-65.26086178422678,-42.770702,1,0,1,1.2784
0.1005000174045562,703.5001218318939,18.19355932567592,-65.2608638097857,-42.97328,1,0,1,1.0758
0.1017999947071075,712.5999629497528,18.193476056995205,-65.260872497158,-43.360996,1,0,1,0.6881
0.1018999814987182,713.2998704910278,18.19346966198119,-65.26087320311986,-43.725502,1,0,1,0.3236
0.1019999980926513,713.9999866485596,18.19346324560401,-65.26087382884486,-43.418327,1,0,1,0.6308
0.102099984884262,714.6998941898346,18.19345684704817,-65.26087451971158,-43.66156,1,0,1,0.3875
0.1050999760627746,735.6998324394226,18.193264678924223,-65.26089435863115,-43.841644,1,0,1,0.2074
0.1052999794483184,737.0998561382294,18.193251848324813,-65.26089558293735,-43.42008,1,0,1,0.629
0.1053999960422515,737.7999722957611,18.193245451871352,-65.26089627618185,-43.892357,1,0,1,0.1567
0.1055999994277954,739.1999959945679,18.193233072852003,-65.26089937676868,-59.21308,1,0,0,-15.164
0.1056999862194061,739.8999035358429,18.193226236824465,-65.26089823134599,-44.283875,1,0,1,-0.2348
0.1062000095844268,743.4000670909882,18.19319418784922,-65.26090139343745,-44.17638,1,0,1,-0.1273
0.1079999804496765,755.9998631477356,18.193078836908818,-65.26091275424675,-44.08698,1,0,1,-0.0379
0.1080999672412872,756.6997706890106,18.19307240370201,-65.260913275235,-43.17902,1,0,1,0.8701
0.1083000004291534,758.1000030040741,18.19305959716145,-65.2609145785992,-43.55702,1,0,1,0.4921
0.1094000041484832,765.8000290393829,18.19298911222217,-65.260921459523,-43.36007,1,0,1,0.689
0.1099999845027923,769.9998915195465,18.192950689136914,-65.26092527490309,-43.854504,1,0,1,0.1946
0.1101999878883361,771.3999152183533,18.192937872054976,-65.26092650624365,-43.69054,1,0,1,0.3585
0.1111999750137329,778.3998250961304,18.19287381947898,-65.26093275628554,-43.724915,1,0,1,0.3242
0.1119000017642974,783.3000123500824,18.19282899720687,-65.26093716665682,-44.100643,1,0,1,-0.0516
0.112199991941452,785.3999435901642,18.19280977318931,-65.26093898291342,-43.65425,1,0,1,0.3948
0.1130000054836273,791.0000383853912,18.19275855641052,-65.26094400527866,-43.986885,1,0,1,0.0622
0.1137000024318695,795.9000170230865,18.192713732302465,-65.2609483258969,-43.676987,1,0,1,0.3721
0.1138000190258026,796.6001331806183,18.19270734207093,-65.26094899982147,-44.10783,1,0,1,-0.0588
0.1141000092029571,798.7000644207001,18.192688114386566,-65.26095076699751,-43.26926,1,0,1,0.7798
0.1145999729633331,802.1998107433319,18.192656120137165,-65.26095390897204,-43.520744,1,0,1,0.5283
0.1145999729633331,802.1998107433319,18.192656114056685,-65.26095388390593,-43.31059,1,0,1,0.7385
0.1150999963283538,805.6999742984772,18.19262411351053,-65.26095700144211,-43.34937,1,0,1,0.6997
0.115799993276596,810.5999529361725,18.1925793235064,-65.2609613756152,-43.470943,1,0,1,0.5781
0.1158999800682067,811.2998604774475,18.19257293565437,-65.26096203889544,-43.808903,1,0,1,0.2402
0.1173000037670135,821.1000263690948,18.19248338285593,-65.26097081386372,-44.168957,1,0,1,-0.1199
0.1184999942779541,829.4999599456787,18.192406627554124,-65.26097825677962,-43.665295,1,0,1,0.3838
0.1190999746322631,833.6998224258423,18.19236825588223,-65.26098196919118,-43.268055,1,0,1,0.781
0.1198000013828277,838.6000096797943,18.19232351517671,-65.26098639792048,-43.550568,1,0,1,0.4985
0.1204000115394592,842.8000807762146,18.19228516769228,-65.26099017755637,-43.589775,1,0,1,0.4593
0.1209000051021575,846.3000357151031,18.19225319859428,-65.26099325693627,-42.98302,1,0,1,1.0661
0.1211999654769897,848.3997583389282,18.192234048169784,-65.26099521689814,-43.539406,1,0,1,0.5097
0.1216000020503997,851.2000143527985,18.19220848538681,-65.26099772868247,-43.39702,1,0,1,0.6521
0.1220999956130981,854.699969291687,18.192176539869028,-65.26100087694992,-43.245636,1,0,1,0.8034
0.1231999993324279,862.3999953269958,18.19210627888203,-65.26100784906575,-43.098286,1,0,1,0.9508
0.1232999861240387,863.0999028682709,18.19209989214642,-65.26100847937396,-43.04193,1,0,1,1.0071
0.1234000027179718,863.8000190258026,18.192093502031213,-65.261009103394,-42.928825,1,0,1,1.1203
0.1234000027179718,863.8000190258026,18.1920934969502,-65.26100908244875,-42.753212,1,0,1,1.2959
0.1236999928951263,865.8999502658844,18.1920743484488,-65.2610110264744,-43.005592,1,0,1,1.0435
0.1240000128746032,868.0000901222229,18.19205517879961,-65.26101288768277,-42.539574,1,0,1,1.5095
0.1240000128746032,868.0000901222229,18.192055188239586,-65.26101292659665,-42.86585,1,0,1,1.1832
0.1242000162601471,869.4001138210297,18.192042430097445,-65.26101425204256,-43.25265,1,0,1,0.7964
0.1243999898433685,870.7999289035797,18.19202956939405,-65.2610154130728,-43.329685,1,0,1,0.7194
0.1248999834060669,874.2998838424683,18.191997671116305,-65.2610186107722,-42.890553,1,0,1,1.1585
0.125,875.0,18.19199130448373,-65.26101930783302,-43.276108,1,0,1,0.773
0.1250999867916107,875.699907541275,18.191984909617748,-65.26101988017466,-42.61494,1,0,1,1.4341
0.1254999935626983,878.4999549388885,18.19195942540075,-65.26102257532041,-43.34299,1,0,1,0.7061
0.1257999837398529,880.5998861789703,18.191940313756003,-65.26102459610712,-43.85754,1,0,1,0.1915
0.1265000104904174,885.5000734329224,18.19189566575094,-65.2610290936425,-43.13967,1,0,1,0.9094
0.1266999840736389,886.8998885154724,18.191883219923387,-65.26103165722675,-53.631817,1,0,0,-9.5827
0.126800000667572,887.6000046730042,18.191876563227364,-65.26103114570334,-43.838852,1,0,1,0.2102
0.1274000108242035,891.8000757694244,18.19183832089965,-65.26103510018896,-43.912373,1,0,1,0.1367
0.1275999844074249,893.1998908519745,18.191825694012,-65.26103690632783,-48.00989,1,0,0,-3.9608
0.1280999779701233,896.699845790863,18.191793718167645,-65.26103975193233,-44.207012,1,0,1,-0.1579
0.1295999884605407,907.1999192237854,18.191698121822643,-65.26104965935933,-43.927475,1,0,1,0.1216
0.1301999986171722,911.3999903202056,18.191659892204367,-65.26105366383642,-44.017498,1,0,1,0.0964
0.1305000185966491,913.5001301765442,18.191640779727088,-65.26105568126835,-44.15909,1,0,1,-0.0452
0.1308000087738037,915.600061416626,18.19162165512469,-65.26105764202516,-43.807632,1,0,1,0.3063
0.1308000087738037,915.600061416626,18.191621657876453,-65.26105765336766,-43.902733,1,0,1,0.2112
0.1310999691486358,917.699784040451,18.191602563589484,-65.26105973259483,-44.52711,1,0,1,-0.4132
0.1311999857425689,918.3999001979828,18.191596160016367,-65.26106027410083,-43.45853,1,0,1,0.6554
0.1312999725341797,919.0998077392578,18.19158979821568,-65.26106097996366,-43.767605,1,0,1,0.3463
0.1316999793052673,921.8998551368712,18.19156431442136,-65.26106367080905,-43.86828,1,0,1,0.2456
0.1321999728679657,925.39981007576,18.191532450352163,-65.26106699764829,-43.642155,1,0,1,0.4717
0.1324999928474426,927.4999499320984,18.19151335800569,-65.26106911080166,-44.463356,1,0,1,-0.3495
0.1333000063896179,933.1000447273254,18.19146235826048,-65.26107439089596,-43.597626,1,0,1,0.5163
0.1339000165462494,937.3001158237456,18.191424125030768,-65.26107843389988,-43.56978,1,0,1,0.5441
0.1340000033378601,938.0000233650208,18.19141776335657,-65.26107914845726,-43.901558,1,0,1,0.2123
0.1341000199317932,938.7001395225524,18.1914113797059,-65.26107978085949,-43.541187,1,0,1,0.5727
0.134499967098236,941.4997696876526,18.19138589903234,-65.26108250473912,-43.719364,1,0,1,0.3945
0.1346999704837799,942.8997933864594,18.191373152775068,-65.26108385285369,-43.681515,1,0,1,0.4324
0.1358999907970428,951.2999355793,18.19129667516671,-65.2610919802513,-43.657196,1,0,1,0.4567
0.1362999975681305,954.0999829769136,18.191271172914504,-65.26109466502601,-43.401985,1,0,1,0.7119
0.136599987745285,956.1999142169952,18.191252066233965,-65.26109676259189,-43.90275,1,0,1,0.2111
0.137499988079071,962.4999165534972,18.191194693586898,-65.26110287633503,-43.842228,1,0,1,0.2717
0.1375999748706817,963.1998240947725,18.191188316162982,-65.2611035441282,-43.7345,1,0,1,0.3794
0.1375999748706817,963.1998240947725,18.191188309213103,-65.26110351548353,-43.49433,1,0,1,0.6196
0.1387999951839447,971.5999662876128,18.19111180323639,-65.26111171622615,-43.691235,1,0,1,0.4227
0.1392000019550323,974.4000136852264,18.19108631473434,-65.26111452533593,-44.36476,1,0,1,-0.2509
0.13960000872612,977.20006108284,18.19106078205032,-65.26111716265831,-43.587322,1,0,1,0.5266
0.13960000872612,977.20006108284,18.19106202512433,-65.26112232933085,-86.89781,0,0,0,-42.7839
0.1398000121116638,978.6000847816468,18.191048829398305,-65.26112186487268,-71.558716,0,0,0,-27.4448
0.1398999989032745,979.2999923229218,18.19104164631081,-65.26111920027553,-43.49878,1,0,1,0.6151
0.140500009059906,983.500063419342,18.191003373694965,-65.26112329714306,-43.48755,1,0,1,0.6263
0.1409999728202819,986.999809741974,18.190971486888834,-65.26112674648682,-43.76505,1,0,1,0.3488
0.1411999762058258,988.3998334407806,18.19095871686717,-65.26112807277904,-43.424553,1,0,1,0.6893
0.1414999961853027,990.4999732971193,18.19093956088644,-65.26113006749786,-42.955162,1,0,1,1.1587
0.1416999995708465,991.899996995926,18.190926815915745,-65.26113150394457,-43.535698,1,0,1,0.5782
0.1416999995708465,991.899996995926,18.190926816447085,-65.26113150613453,-43.554058,1,0,1,0.5598
0.1421999931335449,995.3999519348145,18.190894898959463,-65.26113487847115,-43.168976,1,0,1,0.9449
0.1423999965190887,996.7999756336212,18.19088216832969,-65.26113638378206,-44.32491,1,0,1,-0.211
0.1428000032901764,999.6000230312349,18.19085661309952,-65.26113901550794,-43.459465,1,0,1,0.6544
0.1437000036239624,1005.9000253677368,18.190799150951804,-65.26114512721699,-43.111454,1,0,1,1.0024
0.1437000036239624,1005.9000253677368,18.190799171347205,-65.26114521127684,-43.816235,1,0,1,0.2977
0.1447999775409698,1013.5998427867888,18.190729022767528,-65.26115277438942,-44.16089,1,0,1,-0.047
0.1451999843120575,1016.3998901844024,18.190703444967586,-65.26115549738502,-44.091812,1,0,1,0.0221
0.1455999910831451,1019.199937582016,18.190677834592453,-65.26115809654816,-42.991394,1,0,1,1.1225
0.145900011062622,1021.3000774383544,18.19065865197867,-65.26116016021595,-43.128635,1,0,1,0.9853
0.1466000080108642,1026.2000560760498,18.190615024463536,-65.26116968259498,-82.92973,0,0,0,-38.8158
0.1466999948024749,1026.8999636173248,18.19060751139735,-65.26116572419593,-44.033745,1,0,1,0.0801
0.1473000049591064,1031.1000347137451,18.19056912321745,-65.26116979052591,-43.84439,1,0,1,0.2695
0.1482999920845031,1038.0999445915222,18.190505126525995,-65.26117652934865,-43.269676,1,0,1,0.8442
0.149399995803833,1045.799970626831,18.19043473058883,-65.26118399348886,-43.16966,1,0,1,0.9442
0.1495000123977661,1046.5000867843628,18.19042835296892,-65.26118476904509,-43.978733,1,0,1,0.1352
0.1495000123977661,1046.5000867843628,18.19042836147136,-65.26118480408924,-44.272545,1,0,1,-0.1587
0.1508999764919281,1056.2998354434967,18.190338731852552,-65.2611942008982,-43.478764,1,0,1,0.6351
0.1512999832630157,1059.0998828411102,18.19031312613321,-65.26119690810242,-43.479923,1,0,1,0.634
0.1517999768257141,1062.5998377799988,18.190281101546567,-65.26120021883091,-42.895218,1,0,1,1.2187
0.1517999768257141,1062.5998377799988,18.19028112523916,-65.26120031648631,-43.713963,1,0,1,0.3999
0.1518999934196472,1063.2999539375303,18.190274903056807,-65.26120174551929,-50.02765,1,0,0,-5.9138
0.152099996805191,1064.6999776363373,18.1902619134272,-65.26120232225729,-43.53894,1,0,1,0.575
0.1525999903678894,1068.1999325752258,18.190229906178285,-65.26120570636913,-43.62036,1,0,1,0.4935
0.1535000205039978,1074.5001435279846,18.1901735509024,-65.26121703547983,-87.75266,0,0,0,-43.6388
0.1536000072956085,1075.2000510692596,18.19016589229645,-65.26121248353397,-43.956654,1,0,1,0.1572
0.1536999940872192,1075.899958610535,18.190159479913586,-65.26121311151307,-43.581676,1,0,1,0.5322
0.1550999879837036,1085.6999158859253,18.19006983877637,-65.26122248186196,-43.322556,1,0,1,0.7913
0.1551999747753143,1086.3998234272003,18.19006344687068,-65.26122319174587,-43.655804,1,0,1,0.4581
0.1557999849319458,1090.5998945236206,18.190025032569444,-65.261227210889,-43.667854,1,0,1,0.446
0.1559000015258789,1091.3000106811523,18.190018613408125,-65.26122781467409,-43.12029,1,0,1,0.9936
0.1567000150680542,1096.9001054763794,18.189967412575992,-65.26123322994299,-43.705116,1,0,1,0.4088
0.1571000218391418,1099.700152873993,18.189941804561347,-65.26123589798928,-43.701935,1,0,1,0.412
0.1572999954223632,1101.099967956543,18.18992899672413,-65.26123720588261,-43.492065,1,0,1,0.6218
0.1574999690055847,1102.499783039093,18.189916193919807,-65.2612385332591,-43.451572,1,0,1,0.6623
0.1576999723911285,1103.8998067378998,18.18990338078117,-65.26123982410661,-43.109318,1,0,1,1.0046
0.1592000126838684,1114.4000887870789,18.18980738679846,-65.26124988203082,-43.89322,1,0,1,0.2207
0.1597999930381775,1118.5999512672424,18.189768998463794,-65.26125390163165,-44.27451,1,0,1,-0.1606
0.1603000164031982,1122.1001148223877,18.18973698308084,-65.26125714335318,-43.726295,1,0,1,0.3876
0.1606000065803527,1124.2000460624697,18.189718499411025,-65.26126209155575,-68.589806,0,0,0,-24.4759
0.1611999869346618,1128.399908542633,18.189679394987007,-65.26126308415638,-43.723114,1,0,1,0.3908
0.1611999869346618,1128.399908542633,18.189679366402427,-65.26126296632636,-42.735233,1,0,1,1.3787
0.1613999903202057,1129.7999322414398,18.189666602756446,-65.26126442125255,-43.879765,1,0,1,0.2341
0.1615999937057495,1131.1999559402466,18.189653770426563,-65.26126559046472,-42.634647,1,0,1,1.4792
0.1620000004768371,1134.00000333786,18.189628203138064,-65.26126832236179,-43.46041,1,0,1,0.6535
0.1621999740600586,1135.3998184204102,18.18961543027795,-65.2612697206875,-44.154865,1,0,1,-0.041
0.1635000109672546,1144.5000767707825,18.189533459428624,-65.2612831816407,-85.43596,0,0,0,-41.3221
0.1644999682903289,1151.4997780323029,18.18946827259267,-65.2612848731762,-43.908443,1,0,1,0.2054
0.1650999784469604,1155.6998491287231,18.189429911316594,-65.26128866666038,-43.18998,1,0,1,0.9239
0.1665999889373779,1166.1999225616455,18.189334090586083,-65.26129837124836,-43.41318,1,0,1,0.7007
0.1668000221252441,1167.600154876709,18.189321337145675,-65.26129975514048,-44.210476,1,0,1,-0.0966
0.1669999957084655,1168.999969959259,18.189308560093792,-65.26130102290377,-44.04035,1,0,1,0.0735
0.1671999990940094,1170.3999936580658,18.189295793343007,-65.26130233848197,-44.272316,1,0,1,-0.1584
0.1677999794483184,1174.5998561382294,18.189257452186546,-65.26130609280156,-43.371655,1,0,1,0.7422
0.1686999797821045,1180.8998584747314,18.189200002455955,-65.26131194567026,-43.908848,1,0,1,0.205
0.1692999899387359,1185.0999295711515,18.189161694459475,-65.26131578957875,-43.79557,1,0,1,0.3183
0.169400006532669,1185.8000457286837,18.18915530463304,-65.2613164109911,-43.615364,1,0,1,0.4985
0.1697999835014343,1188.5998845100405,18.189129792511565,-65.26131906157254,-44.283577,1,0,1,-0.1697
0.1700000166893005,1190.0001168251038,18.18911741764741,-65.26132198435192,-58.005936,1,0,0,-13.892
0.1703999936580658,1192.7999556064606,18.18909153045937,-65.26132305899118,-45.46593,1,0,0,-1.352
0.1703999936580658,1192.7999556064606,18.18909148824243,-65.26132288496957,-44.00691,1,0,1,0.107
0.1710999906063079,1197.699934244156,18.189046811906067,-65.26132736855875,-43.874527,1,0,1,0.2394
0.1711999773979187,1198.399841785431,18.1890404424902,-65.26132805702238,-44.257675,1,0,1,-0.1438
0.1711999773979187,1198.399841785431,18.189040424752463,-65.26132798390655,-43.64466,1,0,1,0.4692
0.1715999841690063,1201.1998891830444,18.18901491215506,-65.26133060573383,-44.06453,1,0,1,0.0494
0.1726000010967254,1208.2000076770782,18.188951105687263,-65.26133702812574,-43.981518,1,0,1,0.1324
0.1728000044822693,1209.600031375885,18.18893834167013,-65.26133829691416,-43.82783,1,0,1,0.2861
0.1735000014305114,1214.5000100135803,18.188893682854985,-65.26134278611761,-43.67842,1,0,1,0.4355
0.1741999685764312,1219.399780035019,18.18884904008941,-65.26134731909052,-43.8639,1,0,1,0.25
0.174699991941452,1222.8999435901642,18.18881714579724,-65.26135053514747,-43.78704,1,0,1,0.3269
0.1749999821186065,1224.999874830246,18.18879800881819,-65.26135245395463,-43.640785,1,0,1,0.4731
0.1755000054836273,1228.5000383853912,18.18876611795311,-65.26135567590573,-43.576283,1,0,1,0.5376
0.1766000092029571,1236.2000644207,18.188696170793587,-65.26136362476099,-50.556686,1,0,0,-6.4428
0.1768000125885009,1237.6000881195068,18.18868322895465,-65.26136413527962,-43.97562,1,0,1,0.1383
0.1772000193595886,1240.4001355171204,18.18865770477985,-65.26136665508632,-43.361324,1,0,1,0.7526
0.1772000193595886,1240.4001355171204,18.18865771587145,-65.26136670080325,-43.744633,1,0,1,0.3693
0.1776999831199646,1243.8998818397522,18.18862582080544,-65.26136987935364,-43.19177,1,0,1,0.9221
0.1783999800682068,1248.7998604774475,18.18858119419333,-65.26137445174943,-43.384857,1,0,1,0.729
0.1799000203609466,1259.3001425266266,18.188485552784613,-65.26138422122868,-43.31774,1,0,1,0.7962
0.1800000071525573,1260.0000500679016,18.1884791830656,-65.26138489585959,-43.497505,1,0,1,0.6164
0.1802999973297119,1262.0999813079834,18.188460063003618,-65.26138688292632,-43.717163,1,0,1,0.3967
0.1809999644756317,1266.999751329422,18.188415435876024,-65.26139146737253,-43.73786,1,0,1,0.376
0.1812999844551086,1269.0998911857605,18.188396317809435,-65.26139347703334,-44.09689,1,0,1,0.017
0.1816999912261963,1271.899938583374,18.188370789326434,-65.26139599933114,-43.2351,1,0,1,0.8788
0.1816999912261963,1271.899938583374,18.188370810613225,-65.2613960870652,-43.9707,1,0,1,0.1432
0.1821999847888946,1275.3998935222626,18.188338924151616,-65.2613993417912,-43.7107,1,0,1,0.4032
0.1829999983310699,1280.9999883174896,18.18828792302415,-65.26140464355952,-43.995438,1,0,1,0.1185
0.1830999851226806,1281.6998958587646,18.188281533738923,-65.2614052455028,-43.514633,1,0,1,0.5993
0.1836999952793121,1285.899966955185,18.188244413435267,-65.26141393302885,-83.14028,0,0,0,-39.0264
0.1838000118732452,1286.600083112717,18.188236907963955,-65.26140991079794,-43.88188,1,0,1,0.232
0.1847999989986419,1293.5999929904938,18.188173192442584,-65.26141678075464,-47.03084,1,0,0,-2.9169
0.1848999857902526,1294.2999005317688,18.18816456714858,-65.26140810209465,31.377102,0,0,0,75.491
0.185399979352951,1297.7998554706571,18.18813485163496,-65.26142041918172,-43.580154,1,0,1,0.5337
0.1856000125408172,1299.2000877857208,18.18812210876847,-65.26142180114877,-43.83346,1,0,1,0.2804
0.1859000027179718,1301.3000190258026,18.188102982311925,-65.2614238112662,-43.679066,1,0,1,0.4348
0.1871000230312347,1309.7001612186432,18.188026498602444,-65.26143200806516,-44.249332,1,0,1,-0.1354
0.1879999935626983,1315.9999549388883,18.187969095567755,-65.26143803319319,-43.546402,1,0,1,0.5675
0.188400000333786,1318.800002336502,18.187943588168565,-65.26144075385496,-43.568256,1,0,1,0.5456
0.1893999874591827,1325.7999122142792,18.18787982648219,-65.26144762091374,-44.123554,1,0,1,-0.0097
0.1893999874591827,1325.7999122142792,18.1878798228701,-65.26144760602745,-43.99874,1,0,1,0.1152
0.1901000142097473,1330.7000994682312,18.187835156902715,-65.2614523283159,-43.644657,1,0,1,0.4692
0.190699964761734,1334.899753332138,18.18779689388233,-65.26145647529434,-44.16552,1,0,1,-0.0516
0.1909999847412109,1336.9998931884766,18.187777742746185,-65.26145848978494,-43.926376,1,0,1,0.1875
0.1911999881267547,1338.399916887283,18.18776499000888,-65.2614598943138,-44.283054,1,0,1,-0.1692
0.1922999918460846,1346.0999429225922,18.187694762499063,-65.26146730864663,-43.646072,1,0,1,0.4678
0.1924000084400177,1346.800059080124,18.18768839178457,-65.26146804766121,-44.133186,1,0,1,-0.0193
0.1926000118255615,1348.200082778931,18.18767575487352,-65.26146995068702,-48.673294,1,0,0,-4.5594
0.1962999999523162,1374.099999666214,18.18743931620918,-65.26149475265204,-45.893845,1,0,0,-1.78
0.196399986743927,1374.799907207489,18.187432864290567,-65.26149518004628,-43.800545,1,0,1,0.3133
0.1965000033378601,1375.5000233650208,18.18742647465863,-65.26149587296008,-43.932934,1,0,1,0.181
0.1965000033378601,1375.5000233650208,18.187427175583068,-65.2614987875962,-68.36451,0,0,0,-24.2506
0.196800023317337,1377.6001632213593,18.18740727574864,-65.2614978245505,-43.273273,1,0,1,0.8406
0.1969000101089477,1378.3000707626345,18.18740090000174,-65.26149856986889,-43.85178,1,0,1,0.2621
0.1979999840259552,1385.9998881816864,18.18733053984615,-65.26150591315705,-43.129982,1,0,1,0.9839
0.1984999775886535,1389.499843120575,18.187298568911057,-65.26150932727741,-43.500416,1,0,1,0.6135
0.1986999809741974,1390.8998668193815,18.18728577800819,-65.26151068919593,-43.628105,1,0,1,0.4858
0.199099987745285,1393.6999142169952,18.18725655491945,-65.2614982936195,82.83831,0,0,0,126.9522
0.1992999911308288,1395.099937915802,18.18724738553041,-65.26151471058365,-43.51128,1,0,1,0.6026
0.1998000144958496,1398.6001014709473,18.18721538732351,-65.26151806684572,-43.503193,1,0,1,0.6107
0.2003999948501587,1402.7999639511108,18.187176989379072,-65.26152210304558,-43.628445,1,0,1,0.4854
0.2005999684333801,1404.199779033661,18.18716132278978,-65.26151153607746,56.171127,0,0,0,100.285
0.2010999917984008,1407.6999425888062,18.187132178508776,-65.26152679234829,-43.69442,1,0,1,0.4195
0.2028999924659729,1420.2999472618103,18.187016912393304,-65.26153883192747,-44.152645,1,0,1,-0.0388
0.2037000060081482,1425.9000420570374,18.1869656474142,-65.26154409643448,-43.845703,1,0,1,0.2682
0.2039999663829803,1427.9997646808624,18.18694643654437,-65.26154612223566,-44.2007,1,0,1,-0.0868
0.2039999663829803,1427.9997646808624,18.18694642534065,-65.26154607605916,-43.81355,1,0,1,0.3003
0.2046999931335449,1432.8999519348145,18.18690169970596,-65.26155083346205,-43.80829,1,0,1,0.3056
0.2051999866962433,1436.399906873703,18.18686961850128,-65.26155417083751,-44.676685,1,0,0,-0.5628
0.2062000036239624,1443.4000253677368,18.186805386502527,-65.26156059083739,-44.426105,1,0,1,-0.3122
0.20660001039505,1446.2000727653503,18.18677968787837,-65.2615631409806,-44.228367,1,0,1,-0.1145
0.2078999876976013,1455.2999138832092,18.186695304535093,-65.26156784452397,-13.723518,0,0,0,30.3904
0.2078999876976013,1455.2999138832092,18.1866961800934,-65.26157147938993,-44.19386,1,0,1,-0.08
0.2080999910831451,1456.699937582016,18.1866833182647,-65.26157270438239,-43.725758,1,0,1,0.3881
0.2087999880313873,1461.5999162197113,18.186638357735728,-65.2615772149171,-43.999783,1,0,1,0.1141
0.2089000046253204,1462.300032377243,18.18663193615808,-65.26157786881859,-44.122932,1,0,1,-0.009
0.2091000080108642,1463.7000560760498,18.18661907961039,-65.26157911272173,-43.838512,1,0,1,0.2754
0.2104999721050262,1473.4998047351835,18.18652914459441,-65.2615880226195,-43.66063,1,0,1,0.4533
0.21069997549057,1474.8998284339905,18.186516312917817,-65.26158935857804,-44.17729,1,0,1,-0.0634
0.2109999656677246,1476.9997596740725,18.18649702654892,-65.26159119522887,-43.555378,1,0,1,0.5585
0.2110999822616577,1477.699875831604,18.18649061592585,-65.26159188664441,-44.012287,1,0,1,0.1016
0.211899995803833,1483.299970626831,18.186439228990903,-65.26159694615795,-43.736134,1,0,1,0.3778
0.2120999991893768,1484.6999943256378,18.186426387001426,-65.26159822477562,-43.786285,1,0,1,0.3276
0.2121999859809875,1485.3999018669128,18.18641997321143,-65.2615988888024,-44.01985,1,0,1,0.094
0.2123999893665313,1486.7999255657196,18.186407122824257,-65.26160012897175,-43.749306,1,0,1,0.3646
0.2125000059604644,1487.5000417232511,18.18640070639808,-65.2616007882384,-43.942078,1,0,1,0.1718
0.2130999863147735,1491.699904203415,18.186362195457008,-65.26160464574325,-44.28547,1,0,1,-0.1716
0.2134000062942505,1493.8000440597534,18.18634292844914,-65.26160652500587,-44.04125,1,0,1,0.0726
0.2135000228881836,1494.5001602172852,18.1863365044438,-65.26160714567675,-43.91101,1,0,1,0.2029
0.2142999768257141,1500.0998377799988,18.18628515403941,-65.26161220483522,-43.659454,1,0,1,0.4544
0.2142999768257141,1500.0998377799988,18.186285165695733,-65.26161225288672,-44.06234,1,0,1,0.0516
0.2142999768257141,1500.0998377799988,18.18628514791785,-65.26161217959995,-43.447872,1,0,1,0.666
0.2152999937534332,1507.0999562740326,18.18622098949735,-65.26161856502078,-43.616116,1,0,1,0.4978
0.2159000039100647,1511.3000273704529,18.186182556974863,-65.26162260736395,-45.461517,1,0,0,-1.3476
0.2172999680042266,1521.0997760295868,18.18609274092336,-65.26163129710106,-43.43636,1,0,1,0.6775
0.2172999680042266,1521.0997760295868,18.186092736650373,-65.26163127948557,-43.288662,1,0,1,0.8252
0.2182999849319458,1528.0998945236206,18.18602865272574,-65.2616376511022,-43.097603,1,0,1,1.0163
0.2190000116825103,1533.0000817775726,18.18598382388972,-65.2616421666229,-43.352436,1,0,1,0.7615
0.2204000055789947,1542.8000390529633,18.18589421526504,-65.2616511983405,-43.65336,1,0,1,0.4605
0.2212999761104583,1549.0998327732086,18.18583753356882,-65.26166069741517,-74.634026,0,0,0,-30.5201
0.2218999862670898,1553.299903869629,18.185798253131047,-65.26166078165718,-42.820484,1,0,1,1.2934
0.2222999930381775,1556.0999512672424,18.185772699897147,-65.26166344132483,-43.398487,1,0,1,0.7154
0.2227999866008758,1559.599906206131,18.185740765053367,-65.26166675908361,-44.019188,1,0,1,0.0947
0.2229999899864196,1560.9999299049375,18.18572797241647,-65.26166800135022,-43.54131,1,0,1,0.5726
0.224399983882904,1570.7998871803284,18.185638338022382,-65.26167705352152,-43.75766,1,0,1,0.3562
0.2245999872684478,1572.1999108791351,18.185625604940928,-65.26167838193547,-43.822178,1,0,1,0.2917
0.22529998421669,1577.0998895168304,18.185581050781227,-65.26168303510204,-44.007786,1,0,1,0.1061
0.2256999909877777,1579.899936914444,18.185555588064663,-65.26168565610514,-43.74521,1,0,1,0.3687
0.2267000079154968,1586.9000554084778,18.185491950694207,-65.26169221135649,-42.95496,1,0,1,1.1589
0.2267000079154968,1586.9000554084778,18.18549197223121,-65.26169230014209,-43.6994,1,0,1,0.4145
0.2269999980926513,1588.9999866485596,18.18547288872273,-65.26169427479829,-43.487892,1,0,1,0.626
0.2281000018119812,1596.7000126838684,18.185402957442,-65.26170163063125,-43.512554,1,0,1,0.6013
0.2287999987602234,1601.5999913215635,18.185358713103525,-65.26170733275661,-51.957405,1,0,0,-7.8435
0.2290000021457672,1603.0000150203705,18.185345755425143,-65.26170764188764,-43.285744,1,0,1,0.8281
0.2296000123023986,1607.2000861167908,18.185307650003853,-65.2617117467568,-43.860695,1,0,1,0.2532
0.2296000123023986,1607.2000861167908,18.18530763750826,-65.26171169524777,-43.428806,1,0,1,0.6851
0.2296999990940094,1607.8999936580658,18.185301291156275,-65.26171239247819,-43.628426,1,0,1,0.4855
0.2298000156879425,1608.6001098155975,18.185294941491307,-65.26171308362774,-43.773476,1,0,1,0.3404
0.2304999828338623,1613.499879837036,18.18525047440943,-65.26171779108428,-43.650116,1,0,1,0.4638
0.2312999963760376,1619.0999746322632,18.185199663643324,-65.26172320453861,-43.679512,1,0,1,0.4344
0.2315999865531921,1621.199905872345,18.18518061422772,-65.26172524676612,-43.76531,1,0,1,0.3486
0.2330999970436096,1631.699979305267,18.18508535262424,-65.26173541260485,-43.597546,1,0,1,0.5163
0.2338999807834625,1637.2998654842377,18.185034564348687,-65.26174091587538,-44.059685,1,0,1,0.0542
0.2339999675750732,1637.9997730255127,18.18502820162094,-65.26174154350531,-43.606785,1,0,1,0.5071
0.2347999811172485,1643.5998678207395,18.18497740599798,-65.26174704787749,-43.985683,1,0,1,0.1282
0.2348999977111816,1644.2999839782717,18.18497105165197,-65.26174772170666,-43.9078,1,0,1,0.2061
0.23539999127388,1647.79993891716,18.18493929195582,-65.26175112406764,-43.785984,1,0,1,0.3279
0.2360000014305114,1652.0000100135803,18.184901182862912,-65.26175524105619,-43.892387,1,0,1,0.2215
0.2374999821186065,1662.499874830246,18.1848058796092,-65.26176550681937,-43.806557,1,0,1,0.3073
0.2378999888896942,1665.2999222278595,18.184780453004304,-65.26176822762291,-43.61739,1,0,1,0.4965
0.2391999959945678,1674.399971961975,18.18469780087843,-65.26177710858785,-43.27488,1,0,1,0.839
0.2408999800682068,1686.2998604774475,18.184589669956537,-65.26178879938448,-43.418877,1,0,1,0.695
0.2408999800682068,1686.2998604774475,18.184589674040502,-65.26178881621479,-43.55999,1,0,1,0.5539
0.2412999868392944,1689.099907875061,18.184564206392974,-65.26179151746273,-43.178307,1,0,1,0.9356
0.2418999969959259,1693.299978971481,18.184526023069857,-65.26179568294117,-43.56402,1,0,1,0.5499
0.2435000240802765,1704.5001685619354,18.184424099928822,-65.26180661385654,-43.172703,1,0,1,0.9412
0.2439999878406524,1707.9999148845673,18.184392241366343,-65.2618100603932,-43.338425,1,0,1,0.7755
0.2444999814033508,1711.4998698234558,18.184360554357863,-65.26181346503068,-43.410828,1,0,1,0.7031
0.2448000013828277,1713.6000096797943,18.184341386775426,-65.2618155395139,-43.53075,1,0,1,0.5831
0.2450999915599823,1715.699940919876,18.184322212252187,-65.26181759076903,-43.465473,1,0,1,0.6484
0.2461000084877014,1722.70005941391,18.18425828309035,-65.26182447422468,-43.694847,1,0,1,0.419
0.2466000020503997,1726.2000143527985,18.18422628380313,-65.26182781925003,-43.04181,1,0,1,1.0721
0.2484000027179718,1738.8000190258026,18.18411111465489,-65.26184023580659,-44.10982,1,0,1,0.0041
0.2486999928951263,1740.8999502658844,18.1840918960668,-65.26184223946008,-43.78514,1,0,1,0.3288
0.2493999898433685,1745.7999289035797,18.18404707012517,-65.26184702613169,-44.02084,1,0,1,0.0931
0.2495999932289123,1747.1999526023865,18.18403425840638,-65.26184838546955,-44.03451,1,0,1,0.0794
0.25,1750.0,18.18400863021909,-65.26185109492249,-44.006775,1,0,1,0.1071
0.2501000165939331,1750.7001161575315,18.18400252265276,-65.26185302123552,-54.473312,1,0,0,-10.3594
0.2502000033855438,1751.4000236988068,18.18399582697885,-65.2618524993236,-44.420776,1,0,1,-0.3069
0.2503999769687652,1752.7998387813568,18.18398408328014,-65.26185829990335,-81.69513,0,0,0,-37.5812
0.2516999840736389,1761.8998885154724,18.18389967199724,-65.26186257403971,-43.942226,1,0,1,0.1717
0.2518999874591827,1763.2999122142792,18.18388791868409,-65.2618683630131,-81.17964,0,0,0,-37.0657
0.2520000040531158,1764.000028371811,18.183880437518955,-65.26186459788256,-43.976746,1,0,1,0.1371
0.2522999942302704,1766.0999596118927,18.183861190510378,-65.26186656668143,-43.571316,1,0,1,0.5426
0.2529000043869018,1770.300030708313,18.1838227309096,-65.26187066658063,-44.18046,1,0,1,-0.0666
0.2530000209808349,1771.0001468658447,18.183816311799955,-65.26187131754733,-44.01797,1,0,1,0.0959
0.2533000111579895,1773.1000781059265,18.183797067282978,-65.26187330924307,-43.87312,1,0,1,0.2408
0.2541999816894531,1779.399871826172,18.183739339688085,-65.26187932492368,-43.907444,1,0,1,0.2064
0.2545999884605407,1782.1999192237854,18.18371368317084,-65.26188201013063,-44.081886,1,0,1,0.032
0.2556000053882599,1789.2000377178192,18.18364952646078,-65.26188866640481,-44.217113,1,0,1,-0.1032
0.2562000155448913,1793.4001088142395,18.18361101317113,-65.26189258099492,-43.7565,1,0,1,0.3574
0.2569999694824219,1798.9997863769531,18.183560765910247,-65.26190236134397,-81.522316,0,0,0,-37.4084
0.2571999728679657,1800.39981007576,18.18354683244279,-65.26189911179554,-43.253815,1,0,1,0.8601
0.2575999796390533,1803.1998574733727,18.1835211650176,-65.26190174441837,-43.294876,1,0,1,0.819
0.2587000131607055,1810.900092124939,18.18345058555172,-65.26190898493616,-43.63095,1,0,1,0.4829
0.2592999935150146,1815.0999546051023,18.183412080128896,-65.2619128713837,-43.42311,1,0,1,0.6908
0.2596000134944916,1817.200094461441,18.183392830065365,-65.261914826499,-43.4528,1,0,1,0.6611
0.2605999708175659,1824.1997957229607,18.18332867244828,-65.26192131362805,-43.476704,1,0,1,0.6372
0.2608000040054321,1825.600028038025,18.18331677389797,-65.2619264948227,-76.065285,0,0,0,-31.9514
0.2609999775886535,1826.999843120575,18.18330301102664,-65.26192390320269,-43.513283,1,0,1,0.6006
0.2612999975681305,1829.0999829769128,18.18328376025647,-65.26192582244774,-43.374535,1,0,1,0.7394
0.2617000043392181,1831.900030374527,18.183258121712,-65.26192848554972,-44.099045,1,0,1,0.0148
0.2624000012874603,1836.8000090122223,18.18321320292072,-65.26193289942263,-43.397083,1,0,1,0.7168
0.2626000046730041,1838.200032711029,18.183200390142623,-65.26193424116983,-43.894684,1,0,1,0.2192
0.2629000246524811,1840.300172567368,18.18318115392456,-65.26193618086678,-44.047173,1,0,1,0.0667
0.2632000148296356,1842.400103807449,18.183161918607183,-65.26193810798301,-44.1175,1,0,1,-0.0036
0.2635999917984009,1845.1999425888064,18.18313626013593,-65.26194061467048,-43.71858,1,0,1,0.3953
0.264299988746643,1850.0999212265008,18.183091271693787,-65.26194516112932,-43.365948,1,0,1,0.7479
0.2651000022888183,1855.7000160217283,18.183040050996063,-65.26195020868427,-43.63542,1,0,1,0.4785
0.2655999958515167,1859.199970960617,18.18300802841137,-65.26195328524565,-43.21818,1,0,1,0.8957
0.2660999894142151,1862.6999258995056,18.1829760464582,-65.26195650317516,-44.03483,1,0,1,0.0791
0.2664999961853027,1865.4999732971191,18.18295043462881,-65.2619589537899,-43.68267,1,0,1,0.4312
0.2668000161647796,1867.6001131534576,18.18293123018872,-65.26196080323764,-43.531803,1,0,1,0.5821
0.2671999931335449,1870.3999519348145,18.182905643779705,-65.26196332190102,-43.797432,1,0,1,0.3165
0.2671999931335449,1870.3999519348145,18.18290563301349,-65.26196327752048,-43.42533,1,0,1,0.6886
0.2672999799251556,1871.0998594760893,18.18289924321718,-65.26196393069789,-43.692993,1,0,1,0.4209
0.2685000002384186,1879.50000166893,18.182822466827457,-65.2619713323182,-43.33849,1,0,1,0.7754
0.2687999904155731,1881.599932909012,18.18280328336675,-65.2619732005026,-43.425632,1,0,1,0.6883
0.26910001039505,1883.7000727653503,18.18278410102478,-65.26197507276044,-43.55404,1,0,1,0.5599
0.2694000005722046,1885.800004005432,18.18276491361396,-65.26197690762088,-43.378227,1,0,1,0.7357
0.2703999876976013,1892.7999138832088,18.18270099226917,-65.26198312132573,-43.653755,1,0,1,0.4601
0.2725000083446502,1907.500058412552,18.18256681334628,-65.26199613411644,-44.03725,1,0,1,0.0766
0.2731000185012817,1911.700129508972,18.182528489841403,-65.26199984498442,-44.082653,1,0,1,0.0312
0.2732000052928924,1912.4000370502472,18.18252209555898,-65.26200042789323,-43.791553,1,0,1,0.3223
0.2735999822616577,1915.199875831604,18.18249655729042,-65.26200292076778,-43.97295,1,0,1,0.1409
0.2736999690532684,1915.899783372879,18.182490157802707,-65.26200347876618,-43.470524,1,0,1,0.6434
0.2737999856472015,1916.5998995304108,18.182483775426856,-65.2620041146589,-43.6191,1,0,1,0.4948
0.2739999890327453,1917.9999232292173,18.182471016785943,-65.26200540162237,-44.043198,1,0,1,0.0707
0.274399995803833,1920.799970626831,18.182442948491435,-65.26199736601181,44.060696,0,0,0,88.1746
0.2746999859809875,1922.8999018669128,18.18242630606065,-65.26200965322846,-43.386196,1,0,1,0.7277
0.2748000025749206,1923.6000180244448,18.182419915808342,-65.26201025034824,-43.20221,1,0,1,0.9117
0.2754000127315521,1927.8000891208649,18.18238162089736,-65.26201398894976,-43.38994,1,0,1,0.724
0.2754000127315521,1927.8000891208649,18.18238162397919,-65.2620140016529,-43.496456,1,0,1,0.6174
0.2763999998569488,1934.799998998642,18.18231780879268,-65.26202022188201,-43.631275,1,0,1,0.4826
0.2784000039100647,1948.8000273704529,18.18219080260723,-65.26203512780067,-64.13779,0,0,0,-20.0239
0.2800000011920929,1960.0000083446505,18.18208817827364,-65.26204272691794,-43.755104,1,0,1,0.3588
0.280100017786026,1960.700124502182,18.182081805357907,-65.2620433750014,-43.914074,1,0,1,0.1998
0.2802999913692474,1962.099939584732,18.182069047357995,-65.26204460447404,-43.669235,1,0,1,0.4447
0.2809000015258789,1966.3000106811523,18.182030794704392,-65.26204840151003,-43.785988,1,0,1,0.3279
0.2809999883174896,1966.999918222428,18.182024411943672,-65.26204899976136,-43.50802,1,0,1,0.6059
0.2822999954223633,1976.099967956543,18.18194154833166,-65.26205728228263,-43.898167,1,0,1,0.2157
0.2830000221729278,1981.000155210495,18.18189691657145,-65.26206169425525,-43.526306,1,0,1,0.5876
0.2830000221729278,1981.000155210495,18.181896931689963,-65.26206175656549,-44.048798,1,0,1,0.0651
0.2833000123500824,1983.1000864505768,18.181877792936824,-65.26206359768118,-43.433445,1,0,1,0.6804
0.2834999859333038,1984.4999015331268,18.18186506014749,-65.26206492886556,-43.880833,1,0,1,0.2331
0.2834999859333038,1984.4999015331268,18.1818650590927,-65.26206492451833,-43.84438,1,0,1,0.2695
0.2849999964237213,1994.9999749660487,18.18176943930324,-65.26207444969847,-43.457222,1,0,1,0.6567
0.2856999933719635,1999.8999536037445,18.18172483633884,-65.26207901421509,-43.46455,1,0,1,0.6493
0.2862000167369842,2003.400117158889,18.18169298914772,-65.26208233855404,-43.919773,1,0,1,0.1941
0.2871999740600586,2010.3998184204104,18.18162926695555,-65.26208887061105,-43.647827,1,0,1,0.4661
0.2873999774456024,2011.799842119217,18.18161650602501,-65.26209011608864,-43.04883,1,0,1,1.0651
0.2879999876022339,2015.9999132156368,18.18157828270984,-65.26209410621445,-43.314335,1,0,1,0.7996
0.2883999943733215,2018.7999606132507,18.181552792008453,-65.26209673888789,-43.20822,1,0,1,0.9057
0.2888000011444092,2021.6000080108645,18.18152599959428,-65.26209397028443,2.223835,0,0,0,46.3377
0.2911999821662903,2038.399875164032,18.18137437909562,-65.2621154403997,-43.626575,1,0,1,0.4873
0.2924999892711639,2047.499924898148,18.181289183619093,-65.26211445447501,37.861217,0,0,0,81.9751
0.2944999933242798,2061.4999532699585,18.181164025297324,-65.26213768512575,-43.59453,1,0,1,0.5194
0.2945999801158905,2062.199860811233,18.18115766192265,-65.26213841089321,-43.995777,1,0,1,0.1181
0.2951000034809112,2065.700024366379,18.181125777982096,-65.26214179677709,-43.93506,1,0,1,0.1788
0.2964000105857849,2074.8000741004944,18.181042875410075,-65.26215064177921,-43.952267,1,0,1,0.1616
0.2968999743461609,2078.299820423126,18.18101099859323,-65.26215409802042,-44.355137,1,0,1,-0.2412
0.2976000010967254,2083.2000076770782,18.180966337951467,-65.26215884825892,-44.122395,1,0,1,-0.0085
0.2976999878883362,2083.8999152183533,18.18095995763916,-65.26215952393646,-44.061146,1,0,1,0.0527
0.2981999814510345,2087.399870157242,18.18092805155771,-65.26216290942038,-43.79575,1,0,1,0.3181
0.2991000115871429,2093.7000811100006,18.180870628146973,-65.26216908622325,-43.953674,1,0,1,0.1602
0.2991999983787536,2094.399988651276,18.180864241707763,-65.26216974625618,-43.747803,1,0,1,0.3661
0.3007999956607818,2105.599969625473,18.180762122193578,-65.26218071017479,-43.740116,1,0,1,0.3738
0.3012000024318695,2108.4000170230865,18.180736580618248,-65.26218342964134,-43.538563,1,0,1,0.5753
0.301499992609024,2110.4999482631683,18.18071742754132,-65.26218548473227,-43.51489,1,0,1,0.599
0.301499992609024,2110.4999482631683,18.180717423522164,-65.26218546817046,-43.376015,1,0,1,0.7379
0.3015999794006347,2111.199855804444,18.180711053814345,-65.2621862119525,-43.860855,1,0,1,0.253
0.30239999294281,2116.7999505996704,18.18065996856072,-65.26219168973006,-43.764915,1,0,1,0.349
0.3030000030994415,2121.0000216960907,18.180621637845945,-65.26219575299598,-43.31253,1,0,1,0.8014
0.3030000030994415,2121.0000216960907,18.18062164591408,-65.26219578624259,-43.59131,1,0,1,0.5226
0.3035999834537506,2125.1998841762543,18.18058333229465,-65.26219993180483,-43.83353,1,0,1,0.2804
0.3035999834537506,2125.1998841762543,18.18058333517084,-65.26219994365688,-43.93291,1,0,1,0.181
0.3050999939441681,2135.6999576091766,18.180487542329065,-65.26221018552415,-43.667885,1,0,1,0.446
0.3057999908924103,2140.599936246872,18.180442788297995,-65.26221504112317,-44.06135,1,0,1,0.0525
0.3065000176429748,2145.500123500824,18.18039800406933,-65.2622197994767,-43.670498,1,0,1,0.4434
0.3073000013828277,2151.1000096797943,18.18034683766125,-65.26222530868948,-43.872234,1,0,1,0.2417
0.3075000047683716,2152.500033378601,18.18033404478744,-65.26222668537766,-43.926544,1,0,1,0.1873
0.3075000047683716,2152.500033378601,18.180334053773365,-65.26222672240718,-44.237038,1,0,1,-0.1231
0.3086999952793121,2160.899966955185,18.18025727347948,-65.26223489619818,-43.932453,1,0,1,0.1814
0.3088000118732452,2161.6000831127167,18.18025087773245,-65.26223559379373,-44.05171,1,0,1,0.0622
0.3105999827384949,2174.199879169464,18.18013570059807,-65.26224785013514,-43.933823,1,0,1,0.1801
0.311299979686737,2179.0998578071594,18.180090912431982,-65.26225262846316,-44.121113,1,0,1,-0.0072
0.311599999666214,2181.199997663498,18.18007171330131,-65.26225466309124,-44.11429,1,0,1,-0.0004
0.3127000033855438,2188.9000236988068,18.180001324865653,-65.26226212604905,-44.25144,1,0,1,-0.1375
0.3137999773025512,2196.599841117859,18.17993092118548,-65.2622694883703,-43.772858,1,0,1,0.341
0.3147999942302704,2203.5999596118927,18.17986693282265,-65.26227621943728,-43.863216,1,0,1,0.2507
0.3149000108242035,2204.3000757694244,18.17986053118358,-65.26227688289501,-43.801823,1,0,1,0.3121
0.315200001001358,2206.400007009506,18.17984134417729,-65.26227892843708,-44.096134,1,0,1,0.0178
0.3156999945640564,2209.899961948395,18.17980933812885,-65.26228221766551,-43.622116,1,0,1,0.4918
0.3164000213146209,2214.800149202347,18.17976455147353,-65.2622869016774,-43.70996,1,0,1,0.4039
0.3166000247001648,2216.2001729011536,18.17975177073484,-65.26228829791887,-44.240784,1,0,1,-0.1269
0.3169999718666076,2218.9998030662537,18.17972616929157,-65.26229090317513,-43.762226,1,0,1,0.3517
0.3175999820232391,2223.199874162674,18.17968778697392,-65.26229490029503,-43.85388,1,0,1,0.26
0.3177999854087829,2224.5998978614807,18.179675001041662,-65.26229626171211,-44.14572,1,0,1,-0.0318
0.3187000155448913,2230.9001088142395,18.179617424698293,-65.26230219882191,-43.981575,1,0,1,0.1323
0.3187000155448913,2230.9001088142395,18.179617435893693,-65.26230224496085,-44.36844,1,0,1,-0.2545
0.3199000060558319,2239.300042390824,18.17954068564382,-65.26231014094175,-44.264694,1,0,1,-0.1508
0.3199999928474426,2239.9999499320984,18.179534280757267,-65.26231075396224,-43.894073,1,0,1,0.2198
0.3208999931812286,2246.2999522686005,18.179476810797503,-65.26231698889758,-46.66943,1,0,0,-2.5555
0.3208999931812286,2246.2999522686005,18.179476727926485,-65.26231664736379,-43.80574,1,0,1,0.3082
0.3211999833583832,2248.3998835086823,18.17945754996021,-65.26231862250684,-43.90573,1,0,1,0.2082
0.321399986743927,2249.799907207489,18.17944487890815,-65.26232040904038,-47.921673,1,0,0,-3.8078
0.3219999969005584,2253.9999783039093,18.179406395056752,-65.26232381108858,-43.60737,1,0,1,0.5065
0.3222000002861023,2255.400002002716,18.179393620243303,-65.26232515814762,-43.972614,1,0,1,0.1413
0.3222000002861023,2255.400002002716,18.179393614467926,-65.2623251343457,-43.77304,1,0,1,0.3409
0.3224000036716461,2256.800025701523,18.179379688900536,-65.2623216925654,-4.0013843,0,0,0,40.1125
0.3224999904632568,2257.499933242798,18.179374781823512,-65.2623285122137,-55.716312,1,0,0,-11.6024
0.3228000104427337,2259.6000730991364,18.17935524745062,-65.26232898202132,-43.296562,1,0,1,0.8173
0.3230000138282776,2261.000096797943,18.179342487381945,-65.26233037779355,-44.103558,1,0,1,0.0103
0.3233999907970428,2263.7999355793,18.179316914983225,-65.26233293680009,-43.793785,1,0,1,0.3201
0.3242999911308288,2270.099937915802,18.179259311888693,-65.26233893338312,-43.94566,1,0,1,0.1682
0.3246999979019165,2272.8999853134155,18.17923378866576,-65.26234152751472,-44.350864,1,0,1,-0.237
0.325300008058548,2277.100056409836,18.17919579138127,-65.2623465898162,-54.831764,1,0,0,-10.7179
0.3268999755382538,2288.2998287677765,18.179093359823884,-65.26235536583803,-43.46341,1,0,1,0.6505
0.3281999826431274,2297.399878501892,18.1790104213687,-65.26236358651666,-43.59585,1,0,1,0.518
0.3287000060081482,2300.9000420570374,18.178978508438345,-65.2623666767877,-43.085316,1,0,1,1.0286
0.3291000127792358,2303.700089454651,18.178952995202405,-65.26236920902899,-43.19243,1,0,1,0.9215
0.3299000263214111,2309.300184249878,18.178901977523783,-65.26237429339976,-43.595703,1,0,1,0.5182
0.3316999971866607,2321.8999803066254,18.178787173660844,-65.26238559994205,-43.42508,1,0,1,0.6888
0.3323999941349029,2326.7999589443207,18.17874252816606,-65.26238998900241,-43.275784,1,0,1,0.8381
0.3335999846458435,2335.1998925209045,18.178666017966805,-65.26239761236448,-43.78989,1,0,1,0.324
0.3335999846458435,2335.1998925209045,18.178666021947905,-65.26239762876975,-43.927456,1,0,1,0.1864
0.3339000046253204,2337.300032377243,18.178646997047625,-65.26239996483645,-47.6453,1,0,0,-3.5314
0.3339999914169311,2337.999939918518,18.17864051941731,-65.26240017797923,-44.141537,1,0,1,-0.0276
0.3343999981880188,2340.799987316132,18.178614995175632,-65.2624026396642,-43.60645,1,0,1,0.5074
0.3365000188350677,2355.5001318454742,18.17848108029251,-65.26241597528477,-43.934425,1,0,1,0.1795
0.3366999924182892,2356.8999469280243,18.17846831810119,-65.26241720979122,-43.636227,1,0,1,0.4777
0.336899995803833,2358.299970626831,18.17845555388564,-65.26241844543082,-43.339455,1,0,1,0.7744
0.3371999859809875,2360.399901866913,18.178436433476023,-65.26242040452732,-43.768364,1,0,1,0.3455
0.3373000025749206,2361.1000180244446,18.17843094827002,-65.26242474980089,-74.86279,0,0,0,-30.7489
0.3375999927520752,2363.1999492645264,18.17841090774893,-65.26242289646862,-43.30705,1,0,1,0.8068
0.3382000029087066,2367.4000203609467,18.17836959553034,-65.2624140851933,62.65247,0,0,0,106.7664
0.3382000029087066,2367.4000203609467,18.178372639558138,-65.26242673194808,-43.3784,1,0,1,0.7355
0.3384000062942505,2368.8000440597534,18.178360633680533,-65.26243113121323,-69.55107,0,0,0,-25.4372
0.3384999930858612,2369.4999516010284,18.17835351376754,-65.26242868615451,-43.694927,1,0,1,0.419
0.3386000096797943,2370.20006775856,18.1783471411314,-65.26242935472901,-43.939426,1,0,1,0.1745
0.3388000130653381,2371.600091457367,18.178334372410816,-65.26243058877583,-43.55944,1,0,1,0.5545
0.3388999998569488,2372.299998998642,18.17832799717944,-65.26243124018649,-43.655556,1,0,1,0.4583
0.3388999998569488,2372.299998998642,18.17832799606532,-65.26243123559578,-43.617058,1,0,1,0.4968
0.3392000198364258,2374.4001388549805,18.178308863200048,-65.2624331795466,-43.8036,1,0,1,0.3103
0.3393000066280365,2375.1000463962555,18.1783024754209,-65.26243378142337,-43.476036,1,0,1,0.6379
0.3409999907016754,2386.999934911728,18.17819404375231,-65.26244482209377,-44.34161,1,0,1,-0.2277
0.3409999907016754,2386.999934911728,18.1781940213798,-65.26244472991074,-43.5686,1,0,1,0.5453
0.3412999808788299,2389.0998661518097,18.17817499228504,-65.26244713175397,-47.455692,1,0,0,-3.3418
0.3438999950885772,2407.299965620041,18.17800895153762,-65.26246362058394,-43.927467,1,0,1,0.1864
0.3446999788284302,2412.8998517990112,18.17795791253804,-65.26246872445272,-43.89874,1,0,1,0.2152
0.3454999923706054,2418.4999465942383,18.17790680617995,-65.26247407117985,-43.819733,1,0,1,0.2942
0.3458000123500824,2420.600086450577,18.177887621802974,-65.26247601278381,-43.216995,1,0,1,0.8969
0.3477999866008758,2434.599906206131,18.177759830332143,-65.26248951468978,-43.374832,1,0,1,0.7391
0.3486000001430511,2440.200001001358,18.177708712395155,-65.26249499400917,-43.874367,1,0,1,0.2395
0.3490999937057495,2443.6999559402466,18.177676746802643,-65.26249836577085,-43.689503,1,0,1,0.4244
0.3493000268936157,2445.10018825531,18.17766396333204,-65.26249974007237,-43.817204,1,0,1,0.2967
0.3494000136852264,2445.800095796585,18.177657564244576,-65.26250038964288,-43.565403,1,0,1,0.5485
0.3496000170707702,2447.200119495392,18.177644773082584,-65.26250172748895,-43.380337,1,0,1,0.7336
0.3496000170707702,2447.200119495392,18.177644787560634,-65.26250178714265,-43.880566,1,0,1,0.2333
0.3500999808311462,2450.699865818024,18.17761283054655,-65.26250521572406,-44.10057,1,0,1,0.0133
0.35029998421669,2452.0998895168304,18.17760004540361,-65.26250658621625,-44.17065,1,0,1,-0.0568
0.3514000177383423,2459.800124168396,18.17752969566989,-65.26251403503524,-43.729794,1,0,1,0.3841
0.3517000079154968,2461.900055408478,18.17751051650027,-65.26251610077026,-43.877403,1,0,1,0.2365
0.3522000014781952,2465.4000103473663,18.17747853365403,-65.2625194829631,-43.598045,1,0,1,0.5158
0.3527000248432159,2468.900173902512,18.177446559188454,-65.26252291751739,-43.739475,1,0,1,0.3744
0.3531000018119812,2471.7000126838684,18.177421075793333,-65.26252605682072,-47.129707,1,0,0,-3.0158
0.3531999886035919,2472.3999202251434,18.177414587936983,-65.26252635837776,-43.924156,1,0,1,0.1897
0.3532999753952026,2473.0998277664185,18.177408186664284,-65.26252701702354,-43.712593,1,0,1,0.4013
0.354200005531311,2479.400038719177,18.17735062404327,-65.26253319996484,-43.927032,1,0,1,0.1869
0.3543999791145324,2480.799853801728,18.177338049090263,-65.26253546971364,-51.48448,1,0,0,-7.3706
0.3555000126361847,2488.500088453293,18.17726746379561,-65.26254209760802,-43.951687,1,0,1,0.1622
0.3555000126361847,2488.500088453293,18.1772674677411,-65.26254211386535,-44.088013,1,0,1,0.0259
0.356000006198883,2492.0000433921814,18.17723545973472,-65.26254544529559,-43.345894,1,0,1,0.768
0.3564000129699707,2494.800090789795,18.17720987098648,-65.2625481885211,-43.41338,1,0,1,0.7005
0.3569999933242798,2498.9999532699585,18.17717149821124,-65.26255234025085,-43.841553,1,0,1,0.2723
0.3574000000953674,2501.800000667572,18.177145905621543,-65.26255506999408,-43.819622,1,0,1,0.2943
0.3574999868869781,2502.499908208847,18.17713951482036,-65.26255577869776,-44.037125,1,0,1,0.0768
0.3578999936580658,2505.299955606461,18.177113917433367,-65.26255848895948,-43.867504,1,0,1,0.2464
0.3584000170230865,2508.800119161606,18.177081927077296,-65.26256190583008,-43.918613,1,0,1,0.1953
0.3585000038146972,2509.500026702881,18.177075529335102,-65.26256258552655,-43.901985,1,0,1,0.2119
0.3594000041484833,2515.800029039383,18.177017939708584,-65.26256868931772,-43.682396,1,0,1,0.4315
0.3596000075340271,2517.2000527381897,18.177005151432883,-65.2625700839225,-43.967003,1,0,1,0.1469
0.3600999712944031,2520.699799060821,18.17697316021178,-65.26257347062517,-43.86727,1,0,1,0.2466
0.3605999946594238,2524.199962615967,18.1769411512927,-65.26257679559534,-43.28168,1,0,1,0.8322
0.3607999980449676,2525.5999863147736,18.176928367668456,-65.2625782043584,-43.718807,1,0,1,0.3951
0.3608999848365783,2526.2998938560486,18.176921980742527,-65.2625789244558,-44.07232,1,0,1,0.0416
0.3623000085353851,2536.100059747696,18.17683238944725,-65.26258831219234,-43.367474,1,0,1,0.7464
0.3623000085353851,2536.100059747696,18.176832398102327,-65.26258834785777,-43.666534,1,0,1,0.4474
0.3625999987125397,2538.1999909877777,18.17681319661457,-65.26259033286183,-43.337944,1,0,1,0.7759
0.3642999827861786,2550.09987950325,18.17670452648868,-65.26260193036458,-43.799244,1,0,1,0.3146
0.3664000034332275,2564.800024032593,18.17657011325545,-65.26261575398624,-43.39179,1,0,1,0.7221
0.3673000037670135,2571.100026369095,18.17651252445753,-65.26262165984855,-43.35225,1,0,1,0.7616
0.3682000041007995,2577.400028705597,18.176454954064024,-65.26262758255466,-43.623447,1,0,1,0.4904
0.3682999908924103,2578.099936246872,18.176448561538923,-65.26262825045268,-43.746914,1,0,1,0.367
0.3686999976634979,2580.899983644485,18.17642298209977,-65.26263089167718,-44.003082,1,0,1,0.1108
0.3686999976634979,2580.899983644485,18.17642296389509,-65.26263081665729,-43.374023,1,0,1,0.7399
0.3693000078201294,2585.1000547409058,18.176384772998325,-65.26263549748225,-49.84514,1,0,0,-5.7312
0.370199978351593,2591.399848461151,18.176327037404054,-65.26264057560122,-43.395874,1,0,1,0.718
0.3703999817371368,2592.799872159958,18.176314252254908,-65.26264188435307,-43.4942,1,0,1,0.6197
0.3707000017166137,2594.9000120162964,18.17629507309012,-65.2626438387966,-43.58184,1,0,1,0.5321
0.3711999952793121,2598.399966955185,18.17626310407093,-65.26264705172504,-43.39312,1,0,1,0.7208
0.3712999820709228,2599.09987449646,18.176256713952903,-65.26264770350002,-43.438377,1,0,1,0.6755
0.3713999986648559,2599.799990653992,18.17625031121613,-65.26264831038121,-43.107315,1,0,1,1.0066
0.3733999729156494,2613.799810409546,18.17612252485221,-65.26266125660337,-43.632328,1,0,1,0.4816
0.3735999763011932,2615.1998341083527,18.176109746067016,-65.2626625307081,-43.54661,1,0,1,0.5673
0.3745999932289123,2622.1999526023865,18.17604587371121,-65.26266893049439,-43.447746,1,0,1,0.6661
0.375900000333786,2631.300002336502,18.175962886624525,-65.26267729087009,-43.852646,1,0,1,0.2612
0.3762000203132629,2633.4001421928406,18.17594371514388,-65.26267911619668,-43.100735,1,0,1,1.0132
0.3766999840736389,2636.8998885154724,18.1759118224209,-65.26268236607997,-43.613514,1,0,1,0.5004
0.3773999810218811,2641.799867153168,18.17586716075191,-65.26268683869098,-43.72162,1,0,1,0.3923
0.377700001001358,2643.900007009506,18.175844546339864,-65.26267431161097,77.31805,0,0,0,121.4319
0.3779999911785126,2645.999938249588,18.17582888734861,-65.26269067138345,-43.838978,1,0,1,0.2749
0.378600001335144,2650.2000093460083,18.175790615194604,-65.2626944747612,-43.73786,1,0,1,0.376
0.3794000148773193,2655.800104141236,18.175739668232723,-65.2626998343022,-46.057343,1,0,0,-1.9435
0.3797999918460846,2658.599942922592,18.175714111702725,-65.26270214218636,-44.11326,1,0,1,0.0006
0.3799999952316284,2659.999966621399,18.17570134147604,-65.26270332797716,-43.410282,1,0,1,0.7036
0.3800999820232391,2660.699874162674,18.17569306358669,-65.26269604697843,22.954239,0,0,0,67.0681
0.3801999986171722,2661.3999903202057,18.17568860391864,-65.26270464491525,-43.808735,1,0,1,0.3052
0.3804999887943268,2663.4999215602875,18.175669473962035,-65.2627065128309,-43.508602,1,0,1,0.6053
0.3806000053882599,2664.200037717819,18.17566311347349,-65.26270720564118,-43.99665,1,0,1,0.1172
0.3809999823570251,2666.999876499176,18.17563762101537,-65.26270973643791,-43.94035,1,0,1,0.1735
0.3813000023365021,2669.1000163555145,18.17561963587121,-65.26271634410068,-83.3846,0,0,0,-39.2707
0.382999986410141,2680.999904870987,18.17551020730901,-65.26272243632962,-44.076073,1,0,1,0.0378
0.3833999931812286,2683.7999522686005,18.17548473046918,-65.26272496849138,-44.037464,1,0,1,0.0764
0.3834999799728393,2684.4998598098755,18.175478364253674,-65.26272560814536,-44.083763,1,0,1,0.0301
0.3847000002861023,2692.900002002716,18.17540180125538,-65.26273326214091,-44.365345,1,0,1,-0.2515
0.3847000002861023,2692.900002002716,18.175401791142,-65.26273322047109,-44.01591,1,0,1,0.098
0.3849999904632568,2694.999933242798,18.1753827300625,-65.26273510777956,-43.892635,1,0,1,0.2213
0.3851000070571899,2695.7000494003296,18.175376384972303,-65.2627357767007,-44.18361,1,0,1,-0.0697
0.3856000006198883,2699.200004339218,18.17534460932716,-65.26273888433333,-43.649326,1,0,1,0.4646
0.3862000107765198,2703.4000754356384,18.175306493155645,-65.26274266791219,-43.446686,1,0,1,0.6672
0.386599987745285,2706.1999142169952,18.17528111004162,-65.2627452917263,-44.151997,1,0,1,-0.0381
0.3869999945163727,2708.9999616146088,18.17525568465702,-65.26274774746034,-43.435616,1,0,1,0.6783
0.387800008058548,2714.600056409836,18.175204878721463,-65.26275284339864,-43.51411,1,0,1,0.5998
0.3878999948501587,2715.299963951111,18.1751985381092,-65.26275351852394,-43.840866,1,0,1,0.273
0.3890000283718109,2723.0001986026764,18.17512864739888,-65.26276041524609,-42.92429,1,0,1,1.1896
0.3910000026226043,2737.0000183582306,18.17500162193249,-65.26277327019191,-43.584824,1,0,1,0.5291
0.3916999995708465,2741.899996995926,18.174957143678025,-65.26277775799137,-43.60683,1,0,1,0.5992
0.3918000161647796,2742.6001131534576,18.174950792713595,-65.26277841984017,-43.777756,1,0,1,0.4283
0.3919999897480011,2743.999928236008,18.1749380744964,-65.26277966328986,-43.445858,1,0,1,0.7602
0.3922000229358673,2745.400160551071,18.174925359464783,-65.26278093974823,-43.38218,1,0,1,0.8239
0.3922000229358673,2745.400160551071,18.17492534278243,-65.26278087102966,-42.805897,1,0,1,1.4001
0.3939999938011169,2757.9999566078186,18.17481094268073,-65.26279261459965,-44.13868,1,0,1,0.0674
0.3942999839782715,2760.0998878479004,18.174791862250224,-65.26279455263469,-44.15349,1,0,1,0.0525
0.3956000208854675,2769.2001461982727,18.174709129317986,-65.26280290806537,-43.694054,1,0,1,0.512
0.3971999883651733,2780.3999185562134,18.17460725730819,-65.2628133356307,-43.96927,1,0,1,0.2368
0.3973999917507171,2781.79994225502,18.174594518681083,-65.26281465238056,-44.08531,1,0,1,0.1207
0.3988000154495239,2791.6001081466675,18.17450527411788,-65.26282376007376,-43.79398,1,0,1,0.4121
0.3989000022411346,2792.3000156879425,18.17449889942956,-65.26282441992845,-43.839577,1,0,1,0.3665
0.3991000056266784,2793.7000393867493,18.17448614972118,-65.2628257518694,-44.026745,1,0,1,0.1793
0.3997999727725982,2798.599809408188,18.17444149784861,-65.26283034591859,-44.06404,1,0,1,0.142
0.3999999761581421,2799.999833106994,18.174428740593328,-65.26283168076985,-44.245876,1,0,1,-0.0398
0.400299996137619,2802.099972963333,18.174409582858896,-65.26283361169888,-43.9071,1,0,1,0.2989
0.4009000062942505,2806.3000440597534,18.17437127426841,-65.26283754548187,-43.790443,1,0,1,0.4156
0.401199996471405,2808.399975299835,18.174352113913923,-65.26283950962915,-43.688072,1,0,1,0.518
0.4020000100135803,2814.0000700950623,18.17430191472896,-65.26284855649062,-75.28195,0,0,0,-31.0759
0.4027000069618225,2818.9000487327576,18.17425627331005,-65.26284945046397,-43.966255,1,0,1,0.2398
0.4036000072956085,2825.20005106926,18.174198721311484,-65.26285542846287,-44.08084,1,0,1,0.1252
0.4036999940872192,2825.8999586105347,18.174192316839385,-65.26285605837721,-43.7992,1,0,1,0.4068
0.4043000042438507,2830.100029706955,18.17415536727399,-65.26286448907219,-81.97236,0,0,0,-37.7663
0.4045000076293945,2831.5000534057617,18.17414141842714,-65.26286124699094,-43.52679,1,0,1,0.6792
0.4045000076293945,2831.5000534057617,18.174141434436024,-65.2628613129238,-44.079723,1,0,1,0.1263
0.4047999978065491,2833.5999846458435,18.174122158127744,-65.26286329510407,-43.797943,1,0,1,0.4081
0.4049000144004822,2834.3001008033752,18.1741157211143,-65.26286391728769,-43.37693,1,0,1,0.8291
0.405100017786026,2835.700124502182,18.174102883612548,-65.26286530946842,-43.772232,1,0,1,0.4338
0.4059000015258789,2841.3000106811523,18.174051486101973,-65.26287074372065,-44.177586,1,0,1,0.0284
0.4063999950885772,2844.799965620041,18.174019320662403,-65.26287401965902,-43.38353,1,0,1,0.8225
0.406499981880188,2845.499873161316,18.174012905105418,-65.26287474819718,-43.83743,1,0,1,0.3686
0.4072999954223633,2851.099967956543,18.17396145010855,-65.26288011907762,-43.592297,1,0,1,0.6137
0.4077000021934509,2853.9000153541565,18.17393573472362,-65.26288288336502,-44.110973,1,0,1,0.0951
0.4077999889850616,2854.5999228954315,18.17392826996685,-65.2628792716352,-8.161873,0,0,0,36.0442
0.4079999923706054,2855.9999465942383,18.173916428467248,-65.26288488247309,-43.87178,1,0,1,0.3343
0.4085000157356262,2859.5001101493835,18.173884260964066,-65.26288828355311,-44.0389,1,0,1,0.1671
0.4089000225067138,2862.300157546997,18.17385851823025,-65.26289098037627,-43.96194,1,0,1,0.2441
0.4096999764442444,2867.8998351097107,18.173807041216826,-65.26289642404906,-44.211395,1,0,1,-0.0054
0.4104000031948089,2872.8000223636627,18.173761975550075,-65.26290113469118,-43.971104,1,0,1,0.2349
0.4113999903202057,2879.79993224144,18.17369759837832,-65.2629078798941,-43.756054,1,0,1,0.45
0.4120000004768371,2884.00000333786,18.173658972661816,-65.26291193514913,-43.698742,1,0,1,0.5073
0.4125000238418579,2887.5001668930054,18.173626785386485,-65.26291531658819,-43.67429,1,0,1,0.5317
0.4135999977588653,2895.199984312057,18.173555998209416,-65.26292280244373,-44.05214,1,0,1,0.1539
0.4153999984264374,2907.7999889850616,18.173440182168346,-65.26293495446053,-44.016376,1,0,1,0.1897
0.4157000184059143,2909.9001288414,18.17342088433507,-65.26293697451668,-43.99171,1,0,1,0.2143
0.4161999821662903,2913.399875164032,18.173388723501866,-65.26294030791908,-43.694942,1,0,1,0.5111
0.4164999723434448,2915.4998064041138,18.17336944054461,-65.26294235181415,-43.896824,1,0,1,0.3092
0.4180000126361847,2926.000088453293,18.17327301934801,-65.26295237599882,-43.425297,1,0,1,0.7807
0.4187000095844269,2930.900067090988,18.173228062407443,-65.2629570877337,-43.592037,1,0,1,0.614
0.4190000295639038,2933.0002069473267,18.17320879595997,-65.26295908977856,-43.53918,1,0,1,0.6669
0.419899970293045,2939.299792051316,18.173151025145813,-65.26296508057217,-43.34113,1,0,1,0.8649
0.419899970293045,2939.299792051316,18.173151980794163,-65.26296905308716,-76.64782,0,0,0,-32.4418
0.4212000072002411,2948.400050401688,18.17306765263149,-65.26297378776827,-43.731823,1,0,1,0.4742
0.4214000105857849,2949.8000741004944,18.17305483648535,-65.26297513806622,-43.907604,1,0,1,0.2984
0.421999990940094,2953.999936580658,18.17301638833576,-65.26297912979433,-43.982815,1,0,1,0.2232
0.4222000241279602,2955.400168895721,18.17300356258528,-65.26298041345672,-43.62658,1,0,1,0.5795
0.4226000010967254,2958.2000076770782,18.172977968649526,-65.26298316683186,-44.501125,1,0,1,-0.2951
0.4227000176906585,2958.90012383461,18.17297154488252,-65.26298375162233,-43.854645,1,0,1,0.3514
0.42289999127388,2960.29993891716,18.172958731644165,-65.26298503904943,-43.558903,1,0,1,0.6471
0.4229999780654907,2960.999846458435,18.172952337553586,-65.26298573095293,-43.817932,1,0,1,0.3881
0.4229999780654907,2960.999846458435,18.17295234763001,-65.26298577247647,-44.16615,1,0,1,0.0399
0.4231999814510345,2962.399870157242,18.17293953759894,-65.26298706739155,-43.94269,1,0,1,0.2633
0.4233999848365783,2963.7998938560486,18.172926738384767,-65.2629883976258,-44.022896,1,0,1,0.1831
0.4237000048160553,2965.900033712387,18.172907529529745,-65.26299033820625,-43.69716,1,0,1,0.5089
0.4248000085353851,2973.600059747696,18.17283691499448,-65.26299768489143,-43.860336,1,0,1,0.3457
0.4255000054836273,2978.5000383853912,18.17279233673662,-65.26300220500048,-43.701683,1,0,1,0.5044
0.4257000088691711,2979.900062084198,18.17277961171901,-65.26300352521343,-43.9138,1,0,1,0.2922
0.4259000122547149,2981.3000857830048,18.1727668783759,-65.26300480246925,-43.77282,1,0,1,0.4332
0.4276999831199646,2993.899881839752,18.17265239521384,-65.26301640519678,-43.71028,1,0,1,0.4958
0.4281000196933746,2996.7001378536224,18.17262697269295,-65.26301899100747,-43.824764,1,0,1,0.3813
0.428600013256073,3000.200092792511,18.172595194995544,-65.26302217608685,-43.606594,1,0,1,0.5994
0.4297999739646911,3008.599817752838,18.172518974529364,-65.26302986174383,-43.563313,1,0,1,0.6427
0.429999977350235,3009.999841451645,18.172506280965337,-65.26303116893486,-43.7921,1,0,1,0.4139
0.4302999973297119,3012.0999813079834,18.172487228742977,-65.26303307683695,-43.698997,1,0,1,0.507
0.4305000007152557,3013.50000500679,18.17247453916389,-65.2630343901777,-43.98983,1,0,1,0.2162
0.4320000112056732,3024.0000784397125,18.172379316379107,-65.26304392336884,-43.62906,1,0,1,0.577
0.4323000013828277,3026.1000096797943,18.172360280929546,-65.26304584742454,-43.724426,1,0,1,0.4816
0.4337999820709228,3036.59987449646,18.17226509265344,-65.26305538725994,-43.60009,1,0,1,0.6059
0.4341000020503998,3038.7000143527985,18.17224605534136,-65.2630572999962,-43.62514,1,0,1,0.5809
0.4352000057697296,3046.400040388108,18.172176223546632,-65.26306418734916,-42.681873,1,0,1,1.5242
0.4354000091552734,3047.800064086914,18.17216353680548,-65.26306548493714,-42.892094,1,0,1,1.3139
0.4354000091552734,3047.800064086914,18.17216354155714,-65.26306550451193,-43.056255,1,0,1,1.1498
0.4355000257492065,3048.500180244446,18.172157218027696,-65.26306623963578,-43.88462,1,0,1,0.3214
0.4361999928951263,3053.3999502658844,18.172111197370008,-65.26306407378442,11.61922,0,0,0,55.8253
0.436299979686737,3054.0998578071594,18.17210642834566,-65.26307126072825,-43.308285,1,0,1,0.8978
0.436599999666214,3056.199997663498,18.17208740051091,-65.2630732388429,-43.88673,1,0,1,0.3193
0.4370000064373016,3059.0000450611115,18.17206138079928,-65.26307318096829,-22.056528,0,0,0,22.1495
0.4370000064373016,3059.0000450611115,18.172062008060344,-65.26307579080995,-43.938847,1,0,1,0.2672
0.438400000333786,3068.800002336502,18.17197310226356,-65.26308469279438,-43.8299,1,0,1,0.3761
0.4386000037193298,3070.200026035309,18.17196039717654,-65.26308596478489,-43.809113,1,0,1,0.3969
0.4386000037193298,3070.200026035309,18.17196038894098,-65.2630859308618,-43.524616,1,0,1,0.6814
0.4387000203132629,3070.9001421928406,18.17195404177056,-65.26308659473622,-43.7464,1,0,1,0.4596
0.4389000236988067,3072.300165891648,18.17194134028013,-65.26308788865953,-43.906113,1,0,1,0.2999
0.4402999877929687,3082.099914550781,18.171852361276425,-65.26309679596051,-43.69137,1,0,1,0.5147
0.4406000077724457,3084.20005440712,18.17183378823589,-65.26310080041299,-61.19656,0,0,0,-16.9905
0.4415000081062317,3090.500056743622,18.17177604089862,-65.26310446126783,-43.630127,1,0,1,0.5759
0.4417000114917755,3091.9000804424286,18.17176331854964,-65.2631057527132,-43.722755,1,0,1,0.4833
0.4419000148773193,3093.300104141236,18.171750579638505,-65.26310698294768,-43.297813,1,0,1,0.9082
0.4427999854087829,3099.5998978614807,18.171693311108847,-65.26311283008319,-43.941654,1,0,1,0.2644
0.4438999891281128,3107.2999238967896,18.1716232463565,-65.26311990948356,-44.030743,1,0,1,0.1753
0.4444999992847442,3111.49999499321,18.171585233772447,-65.26312363801186,-43.402576,1,0,1,0.8035
0.4453000128269195,3117.100089788437,18.17153410929212,-65.26312895419284,-44.421314,1,0,1,-0.2153
0.4456000030040741,3119.2000210285187,18.171515362261523,-65.26313274448694,-59.845787,0,0,0,-15.6398
0.4460000097751617,3122.000068426132,18.171489292726367,-65.26313337014008,-43.261448,1,0,1,0.9446
0.4464999735355377,3125.499814748764,18.17145733337189,-65.26313679112083,-44.628708,1,0,1,-0.4227
0.4464999735355377,3125.499814748764,18.17145733271578,-65.26313678841868,-44.606045,1,0,1,-0.4
0.4467999935150146,3127.5999546051025,18.17143810506736,-65.26313866134979,-43.900055,1,0,1,0.306
0.4470999836921692,3129.6998858451843,18.17141890711128,-65.26314066567345,-44.284664,1,0,1,-0.0786
0.4470999836921692,3129.6998858451843,18.171418910028127,-65.26314067768638,-44.385414,1,0,1,-0.1794
0.4478999972343445,3135.2999806404114,18.17136766476643,-65.26314590582993,-44.366554,1,0,1,-0.1605
0.4494999945163727,3146.4999616146088,18.171265092851748,-65.26315635135208,-43.96579,1,0,1,0.2402
0.4495999813079834,3147.199869155884,18.17125865373099,-65.26315689747643,-43.034428,1,0,1,1.1716
0.4501999914646148,3151.399940252304,18.171220199593545,-65.26316097356697,-44.11613,1,0,1,0.0899
0.4505999982357025,3154.1999876499176,18.171194507283808,-65.26316348812439,-43.10863,1,0,1,1.0974
0.4510999917984009,3157.699942588806,18.171162452185275,-65.26316690632918,-44.126007,1,0,1,0.08
0.4512999951839447,3159.099966287613,18.17114973391663,-65.26316871154798,-48.196198,1,0,0,-3.9902
0.4518000185489654,3162.600129842758,18.17111749204134,-65.26317141222479,-43.147755,1,0,1,1.0583
0.4519000053405761,3163.300037384033,18.171111094860542,-65.26317216189635,-43.89249,1,0,1,0.3135
0.4520000219345093,3164.000153541565,18.17110467892407,-65.26317284352872,-44.063652,1,0,1,0.1424
0.4526000022888183,3168.2000160217285,18.17106616240512,-65.26317683774049,-44.268806,1,0,1,-0.0628
0.4539999961853027,3177.999973297119,18.17097622431044,-65.26318603002528,-43.503036,1,0,1,0.703
0.4540999829769134,3178.699880838394,18.170969804860484,-65.26318670870855,-43.625435,1,0,1,0.5806
0.4544000029563904,3180.8000206947327,18.170950534043484,-65.26318871387011,-43.7234,1,0,1,0.4826
0.4546999931335449,3182.8999519348145,18.170931249351696,-65.26319065984251,-43.316483,1,0,1,0.8896
0.4550999999046325,3185.699999332428,18.17090557414424,-65.26319342373077,-44.176952,1,0,1,0.0291
0.4555000066757202,3188.500046730041,18.17087985296555,-65.26319600687314,-43.50439,1,0,1,0.7016
0.4555000066757202,3188.500046730041,18.170879843902146,-65.2631959695395,-43.19128,1,0,1,1.0148
0.4582000076770782,3207.400053739548,18.17070634746194,-65.26321402645019,-43.45275,1,0,1,0.7533
0.4592000246047973,3214.400172233581,18.170642089928688,-65.26322073066332,-43.529984,1,0,1,0.6761
0.4592000246047973,3214.400172233581,18.17064213063384,-65.26322089835229,-44.936356,1,0,0,-0.7303
0.4607000052928924,3224.900037050247,18.170545735359063,-65.26323085626441,-44.10211,1,0,1,0.1039
0.460999995470047,3226.999968290329,18.1705264535097,-65.2632328230557,-43.711952,1,0,1,0.4941
0.4611000120639801,3227.7000844478607,18.1705200247616,-65.26323347692957,-43.565292,1,0,1,0.6407
0.4611999988555908,3228.399991989136,18.17051360728884,-65.26323416860164,-43.73682,1,0,1,0.4692
0.4613000154495239,3229.1001081466675,18.170507220043845,-65.2632349923097,-45.01354,1,0,0,-0.8075
0.461899995803833,3233.299970626831,18.17046864270561,-65.26323884311927,-43.517235,1,0,1,0.6888
0.4622000157833099,3235.4001104831696,18.17044967525608,-65.26324209973023,-53.924435,1,0,0,-9.7184
0.4625999927520752,3238.1999492645264,18.17042370097388,-65.26324357783506,-43.782204,1,0,1,0.4238
0.4625999927520752,3238.1999492645264,18.17042455160001,-65.26324710835507,-73.38661,0,0,0,-29.1806
0.462799996137619,3239.599972963333,18.17041083928249,-65.26324483730761,-43.071964,1,0,1,1.1341
0.4628999829292297,3240.299880504608,18.17040442191848,-65.26324551729502,-43.13865,1,0,1,1.0674
0.4632000029087066,3242.4000203609467,18.170385179749623,-65.26324760911996,-43.76851,1,0,1,0.4375
0.4636000096797943,3245.20006775856,18.170359507542653,-65.2632503143287,-43.902092,1,0,1,0.3039
0.4636000096797943,3245.20006775856,18.17036060612801,-65.26325487519983,-82.14596,0,0,0,-37.9399
0.4656000137329101,3259.200096130371,18.170231182266715,-65.26326379372422,-44.137444,1,0,1,0.0686
0.4670000076293945,3269.0000534057617,18.170141485327395,-65.26327318987013,-43.97177,1,0,1,0.2343
0.4675000011920929,3272.5000083446503,18.170109471020364,-65.26327656809758,-44.106056,1,0,1,0.1
0.467600017786026,3273.200124502182,18.170103056951326,-65.26327719847814,-43.752796,1,0,1,0.4532
0.4681999981403351,3277.3999869823456,18.17006465379014,-65.2632812556511,-43.94979,1,0,1,0.2562
0.4696999788284302,3287.8998517990112,18.169968681653536,-65.26329133840056,-43.981094,1,0,1,0.2249
0.4702000021934509,3291.4000153541565,18.16993670848544,-65.26329470974288,-44.0959,1,0,1,0.1101
0.4702999889850616,3292.0999228954315,18.169930305089235,-65.2632953388153,-43.742146,1,0,1,0.4639
0.4704999923706054,3293.4999465942383,18.16991752573249,-65.26329671378289,-44.014103,1,0,1,0.1919
0.4708999991416931,3296.299993991852,18.169891953801034,-65.26329939231871,-43.96502,1,0,1,0.241
0.47120001912117,3298.4001338481903,18.16987278748306,-65.26330144205025,-44.275223,1,0,1,-0.0692
0.4717999994754791,3302.599996328354,18.16983445120809,-65.2633054715469,-44.32715,1,0,1,-0.1211
0.4719000160694122,3303.3001124858856,18.16982805837877,-65.26330612922938,-44.22015,1,0,1,-0.0141
0.4728999733924866,3310.299813747406,18.169764184664416,-65.26331279530207,-43.945164,1,0,1,0.2609
0.4742000102996826,3319.4000720977783,18.1696812040472,-65.26332149929881,-44.006443,1,0,1,0.1996
0.4744000136852264,3320.800095796585,18.16966844166873,-65.26332283234402,-43.976894,1,0,1,0.2291
0.4758999943733215,3331.2999606132507,18.16957276546264,-65.26333281217381,-43.71364,1,0,1,0.4924
0.4759999811649322,3331.9998681545258,18.16956747433263,-65.26333797799613,-81.440674,0,0,0,-37.2346
0.4767000079154968,3336.900055408478,18.169521771563225,-65.26333815421404,-43.8174,1,0,1,0.3886
0.4769999980926513,3338.99998664856,18.169502675991,-65.26334024343346,-44.593704,1,0,1,-0.3877
0.4770999848842621,3339.6998941898346,18.169496298296565,-65.26334088305768,-44.378765,1,0,1,-0.1727
0.4778000116348266,3344.6000814437866,18.16945170995133,-65.26334558565736,-44.784267,1,0,0,-0.5782
0.4783999919891357,3348.79994392395,18.16941348502888,-65.2633495304797,-44.452877,1,0,1,-0.2468
0.4785000085830688,3349.500060081482,18.16940712030409,-65.26335021418258,-44.620186,1,0,1,-0.4142
0.4791000187397003,3353.700131177902,18.16936889440436,-65.26335411293563,-43.944958,1,0,1,0.2611
0.4792999923229217,3355.0999462604523,18.16935618454964,-65.26335552789214,-44.697666,1,0,1,-0.4916
0.4799000024795532,3359.300017356873,18.169317997765635,-65.26335953344093,-44.970165,1,0,0,-0.7641
0.4804999828338623,3363.499879837036,18.16927978806949,-65.26336339796175,-44.101612,1,0,1,0.1044
0.4808000028133392,3365.600019693374,18.169260696805733,-65.26336538033924,-44.10124,1,0,1,0.1048
0.4821000099182129,3374.7000694274902,18.169177994734728,-65.26337396044309,-44.138092,1,0,1,0.0679
0.4824000298976898,3376.8002092838287,18.16915890996177,-65.26337592526822,-44.046116,1,0,1,0.1599
0.4824999868869781,3377.499908208847,18.16915254938305,-65.26337656937946,-43.929726,1,0,1,0.2763
0.4824999868869781,3377.499908208847,18.16915304988797,-65.26337864873486,-61.365013,0,0,0,-17.159
0.4825999736785888,3378.199815750122,18.16914620465074,-65.26337728597136,-44.420734,1,0,1,-0.2147
0.4828999936580658,3380.299955606461,18.1691271249466,-65.26337925951441,-44.419582,1,0,1,-0.2135
0.4829999804496765,3380.999863147736,18.16912183011558,-65.26338433306239,-81.4484,0,0,0,-37.2424
0.4837000072002411,3385.900050401688,18.169076249167688,-65.26338449290643,-44.224506,1,0,1,-0.0185
0.4837999939918518,3386.599957942962,18.169069889923,-65.26338514086702,-44.154198,1,0,1,0.0518
0.4839000105857849,3387.3000741004944,18.16906353690141,-65.26338582180695,-44.36003,1,0,1,-0.154
0.4843000173568725,3390.100121498108,18.169038098008325,-65.26338841276127,-44.084816,1,0,1,0.1212
0.4846000075340271,3392.2000527381897,18.16901889214702,-65.26339038618312,-44.03369,1,0,1,0.1723
0.4853000044822693,3397.100031375885,18.16897446484538,-65.26339496100483,-44.023563,1,0,1,0.1825
0.4856000244617462,3399.2001712322235,18.16895540642919,-65.26339684571333,-43.399117,1,0,1,0.8069
0.4869999885559082,3408.9999198913574,18.168866597527483,-65.26340611019603,-44.566013,1,0,1,-0.36
0.4875000119209289,3412.5000834465027,18.168834839219777,-65.26340925463663,-43.65731,1,0,1,0.5487
0.4879000186920166,3415.300130844116,18.168809462435817,-65.26341189127471,-43.966568,1,0,1,0.2395
0.4882999956607818,3418.099969625473,18.16878409349676,-65.26341455396766,-44.51374,1,0,1,-0.3077
0.4896999895572662,3427.899926900864,18.16869522173984,-65.26342359865632,-44.255836,1,0,1,-0.0498
0.4900000095367431,3430.000066757202,18.16867615987328,-65.26342547985298,-43.74832,1,0,1,0.4577
0.4909999966621399,3436.9999766349792,18.16861266859747,-65.26343196859571,-43.954582,1,0,1,0.2515
0.4919000267982483,3443.300187587738,18.16855550333052,-65.26343778940256,-44.059788,1,0,1,0.1462
0.4919000267982483,3443.300187587738,18.16855550141068,-65.26343778149527,-43.99347,1,0,1,0.2126
0.4921000301837921,3444.700211286545,18.168542797455768,-65.26343908165092,-44.082798,1,0,1,0.1232
0.4926999807357788,3448.899865150452,18.168504680530777,-65.26344296925132,-44.26721,1,0,1,-0.0612
0.4927999973297119,3449.5999813079834,18.16849831761358,-65.26344358594145,-44.037582,1,0,1,0.1685
0.4937999844551086,3456.5998911857605,18.16843475679419,-65.26345004985626,-44.287205,1,0,1,-0.0812
0.4939000010490417,3457.300007343292,18.16842839935138,-65.26345070209072,-44.364597,1,0,1,-0.1586
0.4941000044345855,3458.700031042099,18.168415670007484,-65.2634519428695,-43.989132,1,0,1,0.2169
0.4945000112056732,3461.5000784397125,18.16839023854676,-65.26345455240161,-44.320526,1,0,1,-0.1145
0.4951000213623047,3465.700149536133,18.16835206597267,-65.26345840355933,-44.30975,1,0,1,-0.1037
0.4957000315189361,3469.900220632553,18.168313860262337,-65.26346217067167,-43.618732,1,0,1,0.5873
0.496099978685379,3472.699850797653,18.16828839619575,-65.26346472301799,-43.5175,1,0,1,0.6885
0.4968000054359436,3477.600038051605,18.168243829010777,-65.26346926269207,-43.96985,1,0,1,0.2362
0.4970999956130981,3479.699969291687,18.16822472231654,-65.26347120055017,-44.108677,1,0,1,0.0974
0.4977000057697296,3483.900040388108,18.168186497098944,-65.26347508177709,-44.445133,1,0,1,-0.2391
0.4979000091552734,3485.300064086914,18.16817374354936,-65.2634763408707,-44.27066,1,0,1,-0.0646
0.4979999959468841,3485.999971628189,18.16816736253626,-65.26347695162185,-44.02729,1,0,1,0.1787
0.5004000067710876,3502.800047397613,18.16801425248456,-65.26349239372804,-44.864887,1,0,0,-0.6589
0.5017000138759613,3511.900097131729,18.16793116426421,-65.26350058865694,-43.967968,1,0,1,0.2381
0.5017000138759613,3511.900097131729,18.167931179626347,-65.26350065191804,-44.498547,1,0,1,-0.2925
0.5024000108242035,3516.8000757694244,18.1678864073336,-65.26350506777982,-44.05512,1,0,1,0.1509
0.5025999844074249,3518.1998908519745,18.16787363411533,-65.26350641809825,-44.674324,1,0,1,-0.4683
0.5042999982833862,3530.099987983704,18.16776479769772,-65.26351719343752,-44.041092,1,0,1,0.1649
0.5049000084400177,3534.300059080124,18.16772655578994,-65.26352103332817,-44.04312,1,0,1,0.1629
0.5052000284194946,3536.4001989364624,18.167707277699083,-65.26352297246208,-44.26741,1,0,1,-0.0614
0.505700021982193,3539.900153875351,18.167675122007648,-65.26352612494948,-43.974594,1,0,1,0.2314
0.5057999789714813,3540.5998528003693,18.167668689562063,-65.26352674403093,-43.82201,1,0,1,0.384
0.506199985742569,3543.399900197983,18.16764297358842,-65.26352934258021,-44.22524,1,0,1,-0.0192
0.506199985742569,3543.399900197983,18.1676429708397,-65.26352933126064,-44.1303,1,0,1,0.0757
0.5068999826908112,3548.299878835678,18.167597995292347,-65.26353404894806,-46.25538,1,0,0,-2.0493
0.5083000063896179,3558.100044727325,18.16750781172141,-65.26354274083216,-44.222027,1,0,1,-0.016
0.5087000131607056,3560.900092124939,18.167482041937244,-65.26354525468638,-43.882645,1,0,1,0.3234
0.5090000033378601,3563.0000233650208,18.1674627329302,-65.26354722228096,-44.313694,1,0,1,-0.1077
0.5093999803066254,3565.7998621463776,18.1674369648652,-65.26354976252046,-44.184288,1,0,1,0.0217
0.5097000002861023,3567.900002002716,18.167417639710344,-65.26355169042097,-44.27051,1,0,1,-0.0645
0.5101000070571899,3570.7000494003296,18.16739186729135,-65.26355424331516,-44.23112,1,0,1,-0.0251
0.5101999938488007,3571.3999569416046,18.167385405950142,-65.263554804104,-43.57121,1,0,1,0.6348
0.5104999840259552,3573.4998881816864,18.167366090034587,-65.26355677910175,-44.04076,1,0,1,0.1653
0.5110999941825867,3577.6999592781067,18.167327433812645,-65.26356065071106,-44.304802,1,0,1,-0.0988
0.5112999975681305,3579.099982976913,18.167314543386546,-65.26356192414437,-44.24435,1,0,1,-0.0383
0.5114000141620636,3579.800099134445,18.167308089010422,-65.26356252772614,-43.934433,1,0,1,0.2716
0.5114000141620636,3579.800099134445,18.167308104774737,-65.26356259265681,-44.47904,1,0,1,-0.273
0.5117000043392181,3581.900030374527,18.167288760212703,-65.26356446559255,-44.070137,1,0,1,0.1359
0.5133999884128571,3593.7999188899994,18.16717920656576,-65.26357538469668,-44.195297,1,0,1,0.0107
0.5135999917984009,3595.199942588806,18.16716629871594,-65.26357659101258,-43.538795,1,0,1,0.6672
0.5139000117778778,3597.3000824451447,18.16714697162389,-65.26357854580853,-43.766148,1,0,1,0.4399
0.5141000151634216,3598.7001061439514,18.16713409419588,-65.26357987503613,-44.13253,1,0,1,0.0735
0.5143000185489655,3600.100129842758,18.16712118447436,-65.26358106994577,-43.369022,1,0,1,0.837
0.5171999931335449,3620.399951934816,18.16693440676998,-65.26359982096733,-43.859753,1,0,1,0.3463
0.517300009727478,3621.100068092346,18.16692796486617,-65.2636004548919,-43.75575,1,0,1,0.4503
0.5177000164985657,3623.90011548996,18.16690222009729,-65.26360305813927,-43.899975,1,0,1,0.3061
0.5179000198841095,3625.300139188768,18.166887677506296,-65.26359741176294,14.299962,0,0,0,58.506
0.5179000198841095,3625.300139188768,18.16688934243374,-65.26360433151761,-43.729393,1,0,1,0.4766
0.5180000066757202,3626.0000467300415,18.16688290053379,-65.26360494982849,-43.489304,1,0,1,0.7167
0.5180999934673309,3626.699954271317,18.16687647640698,-65.26360564021034,-43.852757,1,0,1,0.3533
0.5184000134468079,3628.800094127655,18.16685717051552,-65.26360758239028,-43.852283,1,0,1,0.3538
0.5189000070095062,3632.300049066544,18.16682501119659,-65.26361085479878,-44.131218,1,0,1,0.0748
0.5190999805927277,3633.6998641490936,18.166812139145915,-65.26361211384682,-43.81852,1,0,1,0.3875
0.5196000039577484,3637.200027704239,18.166779983362613,-65.26361536220682,-43.859467,1,0,1,0.3466
0.5205999910831451,3644.199937582016,18.1667157046613,-65.26362186933082,-43.956745,1,0,1,0.2493
0.5207000076770782,3644.900053739548,18.16670927384756,-65.26362250434693,-43.828312,1,0,1,0.3777
0.520799994468689,3645.599961280823,18.16670285175241,-65.26362316561362,-43.920677,1,0,1,0.2854
0.5217000246047974,3651.9001722335815,18.1666450312957,-65.26362899515476,-43.67629,1,0,1,0.5297
0.522599995136261,3658.199965953827,18.1665872616154,-65.26363487881822,-43.807766,1,0,1,0.3983
0.5226999819278717,3658.899873495102,18.166580837052223,-65.2636354974359,-43.52331,1,0,1,0.6827
0.5230000019073486,3661.00001335144,18.166561584711538,-65.26363744645906,-43.442215,1,0,1,0.7638
0.5250000059604645,3675.0000417232513,18.166433199006683,-65.2636505326168,-43.66205,1,0,1,0.544
0.5251000225543976,3675.700157880783,18.166426815996395,-65.2636512082504,-43.809174,1,0,1,0.3969
0.525600016117096,3679.200112819672,18.166394887778832,-65.26365447947329,-43.638966,1,0,1,0.5671
0.5256999731063843,3679.89981174469,18.16638852120104,-65.26365519540123,-44.12193,1,0,1,0.0841
0.5259999930858612,3681.999951601029,18.16636936029968,-65.2636571202893,-43.687737,1,0,1,0.5183
0.5268000066280365,3687.600046396256,18.16631831648752,-65.26366237807366,-43.541496,1,0,1,0.6645
0.527099996805191,3689.699977636337,18.16629917714808,-65.26366432631932,-43.277725,1,0,1,0.9283
0.5273000001907349,3691.100001335144,18.16628642636425,-65.26366565548886,-43.35203,1,0,1,0.854
0.5287000238895416,3700.900167226792,18.16619720643129,-65.26367493175638,-43.55866,1,0,1,0.6474
0.5291000008583069,3703.700006008148,18.16617172335581,-65.26367755624625,-43.379,1,0,1,0.827
0.5294999778270721,3706.499844789505,18.16614625221688,-65.26368020868945,-43.42451,1,0,1,0.7815
0.5295999944210052,3707.1999609470367,18.166139886504624,-65.2636808831641,-43.528584,1,0,1,0.6775
0.5300999879837036,3710.699915885925,18.16610805248684,-65.26368419101662,-43.504837,1,0,1,0.7012
0.5304000079631805,3712.800055742264,18.166088947702693,-65.26368615000209,-43.267586,1,0,1,0.9384
0.5309000015258789,3716.300010681152,18.16605713393292,-65.26368949604782,-43.54532,1,0,1,0.6607
0.5311000049114227,3717.700034379959,18.16604442275275,-65.26369088793042,-44.101585,1,0,1,0.1045
0.531900018453598,3723.300129175186,18.16599458726397,-65.26370061095743,-81.16034,0,0,0,-36.9543
0.532399982213974,3726.799875497818,18.165961707566463,-65.26369945411462,-43.649937,1,0,1,0.5561
0.5334999859333038,3734.499901533127,18.16589175931475,-65.26370678244645,-43.901344,1,0,1,0.3047
0.5349000096321106,3744.300067424774,18.165802741096105,-65.2637160549925,-43.736614,1,0,1,0.4694
0.5350000262260437,3745.000183582306,18.16579638783824,-65.2637167401721,-43.915157,1,0,1,0.2909
0.5355000197887421,3748.5001385211945,18.165764593626943,-65.26372002387325,-43.619915,1,0,1,0.5861
0.5357999801635742,3750.59986114502,18.165745540426744,-65.2637220791265,-44.158077,1,0,1,0.048
0.5361000001430511,3752.700001001358,18.16572646499428,-65.26372405762373,-44.049587,1,0,1,0.1564
0.536300003528595,3754.100024700165,18.16571372973948,-65.26372529837435,-43.321823,1,0,1,0.8842
0.536300003528595,3754.100024700165,18.165713760280426,-65.26372542419446,-44.377182,1,0,1,-0.1711
0.5363999903202057,3754.79993224144,18.1657073951758,-65.26372605095911,-44.067852,1,0,1,0.1382
0.5370000004768372,3759.00000333786,18.165669253028003,-65.2637300363805,-44.09511,1,0,1,0.1109
0.5379000008106232,3765.300005674362,18.16561202882708,-65.2637359752075,-43.817707,1,0,1,0.3883
0.5379000008106232,3765.300005674362,18.1656120254446,-65.26373596127318,-43.700825,1,0,1,0.5052
0.5382000207901001,3767.4001455307007,18.16559226331257,-65.26373509303946,-19.728722,0,0,0,24.4773
0.5390999913215637,3773.699939250946,18.165535736814537,-65.263743957857,-44.015842,1,0,1,0.1902
0.5397000014781952,3777.9000103473663,18.16549756569725,-65.26374787394448,-43.49916,1,0,1,0.7069
0.5407000184059143,3784.9001288414,18.165433964289708,-65.26375451905508,-43.65959,1,0,1,0.5464
0.5412000119686127,3788.4000837802887,18.16540215386658,-65.26375782383637,-43.607056,1,0,1,0.599
0.5422000288963318,3795.4002022743225,18.16533629873213,-65.26375522167352,33.716923,0,0,0,77.923
0.5422999858856201,3796.099901199341,18.165332169821028,-65.26376515904806,-44.075874,1,0,1,0.1302
0.5425999760627747,3798.199832439423,18.165313086514374,-65.26376719107283,-44.478813,1,0,1,-0.2728
0.5430999994277954,3801.699995994568,18.165281284203708,-65.26377062121038,-45.52323,1,0,0,-1.3172
0.5437999963760376,3806.599974632263,18.165236658358623,-65.26377503456224,-43.74952,1,0,1,0.4565
0.5439999997615814,3807.99999833107,18.16522393164622,-65.26377640333249,-44.152092,1,0,1,0.0539
0.5446999967098236,3812.899976968765,18.165179470941883,-65.26378099307118,-43.75656,1,0,1,0.4495
0.5458000004291534,3820.600003004074,18.165109240668816,-65.26378824156875,-43.841404,1,0,1,0.3646
0.5458999872207642,3821.299910545349,18.165102845048555,-65.26378885839542,-43.500324,1,0,1,0.7057
0.5459999740123749,3821.999818086624,18.165096473445107,-65.26378957530758,-43.99939,1,0,1,0.2066
0.546099990606308,3822.699934244156,18.16509064589777,-65.26379255963589,-63.512753,0,0,0,-19.3067
0.5464999973773956,3825.4999816417694,18.16506558701008,-65.26379723776932,-80.697235,0,0,0,-36.4912
0.5467999875545502,3827.599912881851,18.165045343886657,-65.26379473866895,-43.211056,1,0,1,0.995
0.546999990940094,3828.999936580658,18.1650325798145,-65.26379611660538,-43.750877,1,0,1,0.4552
0.5480000078678131,3836.000055074692,18.164968661914774,-65.26380267005518,-43.668354,1,0,1,0.5377
0.5482000112533569,3837.4000787734985,18.164955865895724,-65.26380394260745,-43.339592,1,0,1,0.8664
0.5484000146389008,3838.800102472305,18.16494308572249,-65.2638052846996,-43.596653,1,0,1,0.6094
0.5486000180244446,3840.200126171112,18.16493029954863,-65.26380660630488,-43.684395,1,0,1,0.5216
0.5489999949932098,3842.999964952469,18.16490471648991,-65.26380920985856,-43.536396,1,0,1,0.6696
0.5494999885559082,3846.499919891357,18.164872739866635,-65.26381250235488,-43.683353,1,0,1,0.5227
0.5500999987125397,3850.6999909877777,18.16483435500326,-65.26381643792088,-43.74945,1,0,1,0.4566
0.5500999987125397,3850.6999909877777,18.16483434966682,-65.26381641594041,-43.56508,1,0,1,0.641
0.5504000186920166,3852.800130844116,18.164815153204923,-65.26381838392005,-43.607143,1,0,1,0.5989
0.550900012254715,3856.3000857830048,18.16478316061899,-65.26382167789087,-43.808765,1,0,1,0.3973
0.5512000024318695,3858.400017023087,18.164763968699912,-65.26382367839156,-44.13937,1,0,1,0.0667
0.5517000257968903,3861.900180578232,18.164731966425823,-65.26382697573244,-44.390743,1,0,1,-0.1847
0.5521000325679779,3864.700227975845,18.164706354877204,-65.26382958528467,-44.36503,1,0,1,-0.159
0.5523999929428101,3866.7999505996704,18.164687141901723,-65.26383152098661,-44.17392,1,0,1,0.0321
0.5524999797344208,3867.4998581409454,18.16468073481082,-65.2638321563812,-44.02876,1,0,1,0.1773
0.5530000030994415,3871.00002169609,18.164648710740824,-65.26383541595128,-43.998745,1,0,1,0.2073
0.5532999932765961,3873.099952936173,18.1646294967963,-65.26383737582601,-44.022953,1,0,1,0.1831
0.5534000098705292,3873.800069093704,18.164623089406533,-65.26383802459216,-43.992992,1,0,1,0.213
0.5539000034332275,3877.300024032593,18.164591057121864,-65.26384127352144,-43.898243,1,0,1,0.3078
0.5541999936103821,3879.3999552726746,18.164571832906606,-65.26384320902882,-43.73133,1,0,1,0.4747
0.5543000102043152,3880.1000714302063,18.16456542547688,-65.26384386344567,-43.753117,1,0,1,0.4529
0.5549000203609467,3884.3001425266266,18.16452699315643,-65.26384782851855,-44.221813,1,0,1,-0.0158
0.5550000071525574,3885.0000500679016,18.164520574662724,-65.26384843329848,-43.83202,1,0,1,0.374
0.5550000071525574,3885.0000500679016,18.16452063814172,-65.2638486947759,-46.025288,1,0,0,-1.8193
0.555400013923645,3887.800097465515,18.16449494139051,-65.2638510417104,-43.86156,1,0,1,0.3445
0.5556999742984772,3889.89982008934,18.164475704979765,-65.26385294374097,-43.43527,1,0,1,0.7708
0.5564999878406525,3895.4999148845673,18.164424436980376,-65.26385818761948,-43.750156,1,0,1,0.4559
0.5566999912261963,3896.899938583374,18.164411621536875,-65.2638595090473,-43.92028,1,0,1,0.2858
0.557200014591217,3900.4001021385193,18.16437957453962,-65.26386278830161,-44.146805,1,0,1,0.0592
0.5573000013828278,3901.1000096797934,18.16437314495854,-65.26386335716481,-43.464413,1,0,1,0.7416
0.5577000081539154,3903.900057077408,18.164347506951483,-65.26386598253275,-43.669796,1,0,1,0.5362
0.5577999949455261,3904.599964618683,18.16434110140475,-65.26386665181937,-43.83128,1,0,1,0.3748
0.5598999857902527,3919.299900531769,18.1642064583196,-65.26388030124433,-43.863277,1,0,1,0.3428
0.5600000023841858,3920.000016689301,18.16420004449926,-65.26388094776037,-43.837135,1,0,1,0.3689
0.560699999332428,3924.899995326996,18.16415515867001,-65.2638854864021,-43.77405,1,0,1,0.432
0.5611000061035156,3927.7000427246094,18.164129503202027,-65.2638880553828,-43.53442,1,0,1,0.6716
0.5615000128746033,3930.500090122223,18.164103855011604,-65.26389065288713,-43.535564,1,0,1,0.6705
0.5621999800205231,3935.3998601436615,18.16405897917893,-65.26389521663457,-43.694256,1,0,1,0.5118
0.5627000033855438,3938.900023698807,18.16402691060159,-65.26389842449598,-43.37001,1,0,1,0.836
0.5629999935626984,3940.999954938889,18.16400770077026,-65.26390046909893,-44.182316,1,0,1,0.0237
0.5640999972820282,3948.699980974197,18.16393717994806,-65.26390760628888,-44.13785,1,0,1,0.0682
0.5654999911785126,3958.499938249588,18.163847429139217,-65.26391667432921,-43.833233,1,0,1,0.3728
0.5667999982833862,3967.599987983704,18.16376414780973,-65.26392510885759,-44.01875,1,0,1,0.1873
0.5676999986171722,3973.8999903202057,18.163706510989112,-65.26393097547556,-44.342068,1,0,1,-0.136
0.5687000155448914,3980.90010881424,18.163642466482507,-65.26393742893373,-44.11141,1,0,1,0.0946
0.5687000155448914,3980.90010881424,18.16364246617364,-65.26393742766123,-44.10073,1,0,1,0.1053
0.5697000026702881,3987.9000186920166,18.16357845036733,-65.26394392965605,-44.22331,1,0,1,-0.0173
0.5706000030040741,3994.200021028519,18.163520841628,-65.26394975074373,-44.020496,1,0,1,0.1855
0.571800023317337,4002.6001632213593,18.16344404922085,-65.26395750953705,-43.6348,1,0,1,0.5712
0.5723999738693237,4006.799817085266,18.163405691025105,-65.26396149093556,-44.257664,1,0,1,-0.0516
0.5729999840259552,4010.9998881816864,18.163367315671675,-65.26396539094102,-44.163883,1,0,1,0.0422
0.5731000006198883,4011.700004339218,18.163360908696987,-65.26396599669975,-43.773235,1,0,1,0.4328
0.5733999907970428,4013.7999355793,18.163341729050824,-65.26396796344582,-43.852966,1,0,1,0.3531
0.5740000009536743,4018.00000667572,18.16330336877633,-65.26397188056221,-43.84863,1,0,1,0.3574
0.5748000144958496,4023.6001014709473,18.163252236872044,-65.26397712310838,-43.95528,1,0,1,0.2508
0.5755999982357025,4029.1999876499176,18.16320115183698,-65.26398250202732,-45.144802,1,0,0,-0.9388
0.5758999884128571,4031.29991889,18.163181957217635,-65.26398434988243,-44.154926,1,0,1,0.0511
0.576200008392334,4033.400058746338,18.163162902335888,-65.2639867745797,-47.993046,1,0,0,-3.787
0.5764000117778778,4034.8000824451447,18.16315001187529,-65.26398761325987,-44.022858,1,0,1,0.1832
0.5764999985694885,4035.49998998642,18.16314361405556,-65.26398822276049,-43.632183,1,0,1,0.5739
0.5771999955177307,4040.399968624115,18.163098905138465,-65.26399280439067,-43.50699,1,0,1,0.699
0.5775000154972076,4042.5001084804535,18.163079743766552,-65.26399476061083,-43.375027,1,0,1,0.831
0.5778000056743622,4044.6000397205353,18.16306060255221,-65.26399678504708,-43.807526,1,0,1,0.3985
0.5779000222682953,4045.300155878067,18.163054220043342,-65.2639974553289,-43.91044,1,0,1,0.2956
0.5784000158309937,4048.800110816956,18.1630222982713,-65.26400073197794,-43.787415,1,0,1,0.4186
0.5784000158309937,4048.800110816956,18.163022296248204,-65.26400072364305,-43.7175,1,0,1,0.4885
0.5787000060081482,4050.900042057037,18.163003142328,-65.2640026755883,-43.513634,1,0,1,0.6924
0.5787000060081482,4050.900042057037,18.1630031331788,-65.26400263789482,-43.197445,1,0,1,1.0086
0.5789999961853027,4052.999973297119,18.16298400149577,-65.26400467483654,-43.697147,1,0,1,0.5089
0.5791999995708466,4054.399996995926,18.162971237912632,-65.26400599422078,-43.70091,1,0,1,0.5051
0.5794999897480011,4056.499928236008,18.162952421233044,-65.26400932667792,-55.05059,0,0,0,-10.8446
0.5800000131130219,4060.000091791153,18.16292020019438,-65.26401131141505,-44.00706,1,0,1,0.199
0.5804000198841095,4062.800139188768,18.162894672368203,-65.26401391608309,-43.68301,1,0,1,0.523
0.5805000066757202,4063.5000467300415,18.1628882856627,-65.2640145419316,-43.38789,1,0,1,0.8181
0.580700010061264,4064.900070428848,18.16287553765431,-65.2640159042462,-43.720856,1,0,1,0.4852
0.5810000002384186,4067.00000166893,18.162856398021333,-65.2640178662714,-43.5303,1,0,1,0.6757
0.5811000168323517,4067.700117826462,18.16285002996283,-65.26401857288027,-43.904926,1,0,1,0.3011
0.5815000236034393,4070.5001652240753,18.162824525262646,-65.26402124283797,-44.0842,1,0,1,0.1218
0.5818000137805939,4072.600096464157,18.162805409890023,-65.26402328857681,-44.572132,1,0,1,-0.3661
0.5822999775409698,4076.099842786789,18.162773889382105,-65.26402808290823,-56.98143,0,0,0,-12.7754
0.5830000042915344,4081.000030040741,18.16272888375568,-65.26403115626749,-43.791645,1,0,1,0.4144
0.5834000110626221,4083.8000774383545,18.16270338979413,-65.26403382285024,-43.870647,1,0,1,0.3354
0.5845000147819519,4091.5001034736633,18.16263587990018,-65.26405212177966,-136.91638,0,0,0,-92.7103
0.584600031375885,4092.200219631195,18.162626847523686,-65.26404172903854,-44.105953,1,0,1,0.1001
0.5849000215530396,4094.300150871277,18.16260819233382,-65.2640455863639,-59.508564,0,0,0,-15.3025
0.5849000215530396,4094.300150871277,18.16260774518464,-65.26404372697456,-43.914623,1,0,1,0.2914
0.5850000083446503,4095.000058412552,18.16260138128008,-65.26404440386565,-43.941402,1,0,1,0.2646
0.5856999754905701,4099.899828433991,18.162556824241552,-65.26404910494868,-43.79445,1,0,1,0.4116
0.5858999788761139,4101.299852132797,18.1625440969476,-65.26405046111795,-43.85524,1,0,1,0.3508
0.5861000120639801,4102.700084447861,18.162531354284823,-65.26405176035017,-43.434578,1,0,1,0.7715
0.5866000056266785,4106.200039386749,18.16249955295112,-65.26405520592216,-44.03631,1,0,1,0.1697
0.5873000025749207,4111.100018024445,18.16245499770865,-65.26405987907432,-43.59928,1,0,1,0.6068
0.5879000127315521,4115.300089120865,18.16241682191706,-65.26406393631262,-43.64832,1,0,1,0.5577
0.5879000127315521,4115.300089120865,18.162416823280186,-65.26406394192789,-43.695423,1,0,1,0.5106
0.5883000195026398,4118.100136518478,18.162391374871408,-65.26406665081271,-43.760002,1,0,1,0.446
0.5885000228881836,4119.500160217285,18.162378644667896,-65.26406797936401,-43.574997,1,0,1,0.631
0.5892999768257141,4125.099837779999,18.16232448946853,-65.26405983588823,70.02616,0,0,0,114.2322
0.5892999768257141,4125.099837779999,18.16232775778967,-65.26407341154648,-43.831318,1,0,1,0.3747
0.5893999934196472,4125.7999539375305,18.162321398791352,-65.26407410366959,-43.972733,1,0,1,0.2333
0.5897000133991241,4127.900093793869,18.1623023119538,-65.26407613099212,-43.98876,1,0,1,0.2173
0.5903000235557556,4132.100164890289,18.16226414216288,-65.2640801922539,-44.086807,1,0,1,0.1192
0.5909000039100647,4136.300027370453,18.16222596702787,-65.26408422332726,-43.948902,1,0,1,0.2571
0.5914000272750854,4139.800190925598,18.16219415510802,-65.26408759739837,-43.97145,1,0,1,0.2346
0.5914000272750854,4139.800190925598,18.162194152499254,-65.26408758665248,-43.88131,1,0,1,0.3247
0.5920999944210052,4144.699960947037,18.16214978642937,-65.26409300008454,-49.73066,1,0,0,-5.5246
0.5925000011920929,4147.50000834465,18.162124163358506,-65.26409498708962,-43.808292,1,0,1,0.3977
0.5925000011920929,4147.50000834465,18.16212416443744,-65.2640949915338,-43.845573,1,0,1,0.3605
0.5929999947547913,4150.999963283539,18.16209233883048,-65.26409831286057,-43.489254,1,0,1,0.7168
0.5932999849319458,4153.099894523621,18.162073244474,-65.26410031099707,-43.332184,1,0,1,0.8739
0.5932999849319458,4153.099894523621,18.16207324484193,-65.26410031251255,-43.344894,1,0,1,0.8611
0.5934000015258789,4153.800010681152,18.162066902501923,-65.26410107686945,-44.118126,1,0,1,0.0879
0.5940000116825104,4158.000081777573,18.162028700741946,-65.2641050365476,-43.53033,1,0,1,0.6757
0.5942000150680542,4159.400105476379,18.16201596870574,-65.26410636669964,-43.429543,1,0,1,0.7765
0.5943000018596649,4160.100013017654,18.162010814064733,-65.26411205244116,-85.489456,0,0,0,-41.2834
0.5950000286102295,4165.000200271606,18.161965051407403,-65.26411174666512,-43.573357,1,0,1,0.6327
0.5972000062465668,4180.400043725967,18.161824972135538,-65.26412643635678,-43.550705,1,0,1,0.6553
0.5976000130176544,4183.200091123581,18.16179948690586,-65.26412907044345,-43.318645,1,0,1,0.8874
0.5981000065803528,4186.7000460624695,18.16176763906595,-65.26413240841386,-43.447906,1,0,1,0.7581
0.6003000140190125,4202.100098133087,18.16162742808422,-65.26414696986629,-43.493805,1,0,1,0.7122
0.6010999977588654,4207.6999843120575,18.161576423663423,-65.26415227093611,-43.7884,1,0,1,0.4176
0.6014000177383423,4209.800124168396,18.161557291626504,-65.2641542564664,-43.909855,1,0,1,0.2962
0.6017000079154968,4211.900055408478,18.16153814032557,-65.264156161862,-43.378544,1,0,1,0.8275
0.6019000113010406,4213.300079107285,18.161525386450062,-65.26415749512353,-43.562153,1,0,1,0.6439
0.6020999848842621,4214.699894189835,18.161512626412385,-65.26415879827277,-43.502777,1,0,1,0.7033
0.6028999984264374,4220.299988985062,18.16146157479104,-65.26416402924283,-43.4928,1,0,1,0.7132
0.6041000187397003,4228.700131177902,18.161384970745782,-65.26417186975132,-43.668316,1,0,1,0.5377
0.6049000322818756,4234.300225973129,18.1613339473636,-65.26417717870216,-43.654976,1,0,1,0.5511
0.6064999997615814,4245.49999833107,18.16123161613476,-65.2641874126523,-44.239006,1,0,1,-0.033
0.6078000068664551,4254.600048065186,18.161148408983298,-65.26419563883191,-44.259365,1,0,1,-0.0533
0.6086999773979187,4260.899841785431,18.161090786220825,-65.26420133204459,-44.38061,1,0,1,-0.1746
0.6086999773979187,4260.899841785431,18.16109076871622,-65.26420125995311,-43.77587,1,0,1,0.4302
0.6102000176906586,4271.40012383461,18.16099469735814,-65.2642107733305,-44.338688,1,0,1,-0.1327
0.6106000244617462,4274.200171232224,18.160969054320148,-65.26421323769736,-43.90413,1,0,1,0.3019
0.6110000014305115,4277.00001001358,18.160943960892705,-65.26421798585062,-62.631966,1,0,0,-18.4259
0.612199991941452,4285.399943590164,18.1608665099733,-65.26422330023337,-43.936466,1,0,1,0.2696
0.612500011920929,4287.500083446503,18.160847280684088,-65.26422520257971,-44.074604,1,0,1,0.1314
0.613099992275238,4291.699945926666,18.16080881228864,-65.26422896631138,-44.00656,1,0,1,0.1995
0.6136000156402588,4295.200109481812,18.160776760278647,-65.26423214915788,-44.329685,1,0,1,-0.1236
0.6137000024318695,4295.900017023087,18.160770351427946,-65.26423278886038,-44.42042,1,0,1,-0.2144
0.6137000024318695,4295.900017023087,18.16077034214608,-65.26423275063205,-44.099735,1,0,1,0.1063
0.6154000163078308,4307.800114154816,18.160661308419737,-65.26424342078231,-43.8246,1,0,1,0.3814
0.6160000264644623,4312.000185251236,18.16062281755995,-65.26424718322977,-43.645123,1,0,1,0.5609
0.6175000369548798,4322.500258684158,18.16051078399285,-65.26419100095613,507.12933,0,0,0,551.3354
0.6179000437259674,4325.300306081772,18.16050092359743,-65.2642591490462,-43.24966,1,0,1,0.9564
0.6179000437259674,4325.300306081772,18.160485290909737,-65.26419423328787,501.2688,0,0,0,545.4748
0.6184000372886658,4328.80026102066,18.16046884261365,-65.26426229652373,-43.056095,1,0,1,1.1499
0.6202000379562378,4341.400265693665,18.1603533890734,-65.26427382860311,-43.72088,1,0,1,0.4852
0.6207000315189362,4344.900220632553,18.16032131441209,-65.26427702020206,-43.70812,1,0,1,0.4979
0.6207000315189362,4344.900220632553,18.16032131534043,-65.26427702402586,-43.740196,1,0,1,0.4658
0.6218999922275543,4353.29994559288,18.16024433811968,-65.26428468965817,-43.56703,1,0,1,0.639
0.6218999922275543,4353.29994559288,18.16022931588832,-65.26422230190632,479.75375,0,0,0,523.9598
0.622299998998642,4356.099992990494,18.160206190748607,-65.26423538624456,391.55002,0,0,0,435.7561
0.6229000091552734,4360.300064086914,18.16018022328692,-65.2642912256007,-44.441654,1,0,1,-0.2356
0.6239000260829926,4367.300182580948,18.160116083500107,-65.26429765172088,-44.185616,1,0,1,0.0204
0.6240000128746033,4368.000090122223,18.16010966710577,-65.26429827968906,-44.02619,1,0,1,0.1798
0.6243000328540802,4370.100229978561,18.16007492687966,-65.26423584047643,496.02878,0,0,0,540.2348
0.6247000396251678,4372.900277376175,18.16006473311792,-65.26430267330214,-44.009373,1,0,1,0.1967
0.6249000430107117,4374.300301074982,18.16005192402337,-65.26430402422629,-44.25619,1,0,1,-0.0502
0.6252000033855438,4376.400023698807,18.160017623119696,-65.26424337841608,481.10086,0,0,0,525.3069
0.6252999901771545,4377.099931240082,18.160026294256443,-65.26430665995908,-44.172596,1,0,1,0.0334
0.6252999901771545,4377.099931240082,18.1600115874147,-65.26424557689741,468.20895,0,0,0,512.415
0.6256999969482422,4379.899978637695,18.16000062472217,-65.26430914469405,-42.785393,1,0,1,1.4206
0.6256999969482422,4379.899978637695,18.1599853399482,-65.26424566334218,489.71606,0,0,0,533.9221
0.6258000135421753,4380.600094795227,18.159994249485376,-65.26430994297218,-43.918343,1,0,1,0.2877
0.6258000135421753,4380.600094795227,18.159994257506337,-65.26430997601291,-44.19553,1,0,1,0.0105
0.6265000104904175,4385.500073432922,18.15993424970031,-65.2642516549063,484.01245,0,0,0,528.2185
0.6266000270843506,4386.200189590454,18.159928459469068,-65.26425487827427,462.5503,0,0,0,506.7563
0.6267000138759613,4386.900097131729,18.15992179882316,-65.26425448183984,471.45538,0,0,0,515.6614
0.6270000338554382,4389.000236988068,18.15990282921519,-65.26425751175823,462.79007,0,0,0,506.9961
0.6272000372409821,4390.400260686874,18.15990455635247,-65.26431922480094,-43.700184,1,0,1,0.5059
0.6278000175952911,4394.600123167038,18.159866125487376,-65.26432321510178,-43.605797,1,0,1,0.6002
0.6278000175952911,4394.600123167038,18.1598512368542,-65.26426138120176,475.07535,0,0,0,519.2814
0.6284000277519226,4398.800194263458,18.15982770173244,-65.2643272314406,-43.671066,1,0,1,0.535
0.6284000277519226,4398.800194263458,18.159827705150576,-65.26432724552136,-43.789192,1,0,1,0.4168
0.6288000047206879,4401.600033044815,18.159786619890085,-65.26426565544433,495.291,0,0,0,539.497
0.62950000166893,4406.50001168251,18.159757278845603,-65.26433463589845,-44.006447,1,0,1,0.1996
0.6297000050544739,4407.900035381317,18.15973002380868,-65.2642759562676,459.461,0,0,0,503.667
0.629800021648407,4408.600151538849,18.159738098761224,-65.26433676259133,-44.970104,1,0,0,-0.7641
0.6315000355243683,4420.500248670578,18.159617572617208,-65.26429954948925,362.97012,0,0,0,407.1762
0.631600022315979,4421.200156211853,18.159622845408187,-65.26434870259689,-43.688847,1,0,1,0.5172
0.6323000192642212,4426.100134849548,18.159578041987245,-65.26435337861697,-43.39722,1,0,1,0.8088
0.6324000060558319,4426.800042390823,18.159571656351225,-65.26435410253585,-43.823124,1,0,1,0.3829
0.6329000294208527,4430.300205945969,18.159525402814022,-65.26429823990009,453.00775,0,0,0,497.2138
0.6335000097751617,4434.500068426132,18.15950136923824,-65.26436188904911,-46.991463,1,0,0,-2.7854
0.6342000365257263,4439.400255680084,18.15944135634891,-65.26430334228992,483.6773,0,0,0,527.8833
0.6342000365257263,4439.400255680084,18.15944194120099,-65.26430576898103,463.3196,0,0,0,507.5256
0.6347000300884247,4442.900210618973,18.159410447858985,-65.26431116232177,446.33875,0,0,0,490.5448
0.6350000202655792,4445.000141859055,18.159405279777385,-65.26437141073114,-42.078728,1,0,0,2.1273
0.6353000104427338,4447.100073099136,18.15938615288273,-65.26437367296161,-44.10062,1,0,1,0.1054
0.6358000040054321,4450.600028038025,18.1593541528037,-65.26437693336727,-43.19626,1,0,1,1.0098
0.6362000107765198,4453.400075435638,18.15932858732936,-65.26437967796618,-43.621155,1,0,1,0.5849
0.6376000344753265,4463.200241327286,18.15923909787008,-65.264389174767,-44.254128,1,0,1,-0.0481
0.6376000344753265,4463.200241327286,18.159239617912124,-65.26439133450813,-62.36889,0,0,0,-18.1629
0.6378000378608704,4464.6002650260925,18.15922629987597,-65.26439046599727,-43.805763,1,0,1,0.4003
0.6379000246524811,4465.300172567368,18.15921699929157,-65.26437904915997,57.590332,0,0,0,101.7964
0.6385999917984009,4470.199942588806,18.15917517849608,-65.26439588391142,-44.170597,1,0,1,0.0354
0.6395000219345093,4476.500153541565,18.159117646734703,-65.26440187617783,-43.785282,1,0,1,0.4208
0.6410000324249268,4487.000226974487,18.159021794327625,-65.2644118939913,-43.60836,1,0,1,0.5977
0.6412000358104706,4488.400250673294,18.15900902519606,-65.26441326704709,-43.91995,1,0,1,0.2861
0.641700029373169,4491.900205612183,18.15897707090248,-65.26441655658103,-43.523926,1,0,1,0.6821
0.6421999931335449,4495.399951934814,18.15894514063205,-65.26441992360787,-43.816414,1,0,1,0.3896
0.642600029706955,4498.200207948685,18.158919701778427,-65.26442305939003,-47.783676,1,0,0,-3.5776
0.6427000164985657,4498.90011548996,18.158913200359624,-65.26442325218565,-43.821526,1,0,1,0.3845
0.6431000232696533,4501.700162887573,18.15888765802266,-65.264425943333,-44.09234,1,0,1,0.1137
0.643200010061264,4502.400070428848,18.15888127686718,-65.2644266289582,-44.272694,1,0,1,-0.0667
0.6434000134468079,4503.800094127655,18.15886850020172,-65.26442794754671,-44.194973,1,0,1,0.0111
0.6437000334262848,4505.9002339839935,18.158849330401864,-65.26442990577529,-43.925373,1,0,1,0.2807
0.6440000236034393,4508.000165224075,18.15883017810716,-65.26443192344426,-44.17157,1,0,1,0.0345
0.64410001039505,4508.70007276535,18.15882378780992,-65.2644325667589,-44.01237,1,0,1,0.1937
0.6452000141143799,4516.400098800659,18.15875354152943,-65.26443989785461,-44.01758,1,0,1,0.1885
0.6455000042915344,4518.500030040741,18.15873438973908,-65.26444187294139,-44.187866,1,0,1,0.0182
0.6463000178337097,4524.100124835968,18.15868330296474,-65.26444706716256,-44.1073,1,0,1,0.0987
0.6474000215530396,4531.800150871277,18.15861308100058,-65.2644542506882,-44.522633,1,0,1,-0.3166
0.6477000415325165,4533.900290727615,18.1585939201088,-65.26445616732472,-44.312504,1,0,1,-0.1065
0.6493000090122223,4545.100063085556,18.15849177247645,-65.26446647538877,-44.15258,1,0,1,0.0535
0.6496000289916992,4547.200202941895,18.158472619578465,-65.26446840434036,-44.130287,1,0,1,0.0757
0.650600016117096,4554.200112819672,18.158408785132288,-65.26447482790122,-44.093464,1,0,1,0.1126
0.6514000296592712,4559.800207614899,18.158357726149887,-65.26447998872466,-44.33533,1,0,1,-0.1293
0.6537000238895416,4575.900167226791,18.158210925279224,-65.26449470646065,-44.3982,1,0,1,-0.0703
0.6544000208377838,4580.800145864487,18.15816625533129,-65.2644992026082,-44.64716,1,0,1,-0.3193
0.6552999913692474,4587.099939584732,18.15810879376044,-65.26450484879142,-43.885864,1,0,1,0.442
0.6555000245571136,4588.500171899796,18.15809604467358,-65.26450619610551,-44.497486,1,0,1,-0.1696
0.6559000015258789,4591.300010681152,18.15807049484575,-65.26450865289607,-43.735806,1,0,1,0.5921
0.656000018119812,4592.000126838684,18.158062789870726,-65.26450380232502,2.292432,0,0,0,46.6203
0.656000018119812,4592.000126838684,18.15806412711652,-65.26450935419676,-44.276005,1,0,1,0.0519
0.6586000025272369,4610.200017690659,18.15789818791437,-65.26452589738282,-44.254673,1,0,1,0.0732
0.659600019454956,4617.200136184692,18.157834341214755,-65.26453216884664,-43.491997,1,0,1,0.8359
0.6600000262260437,4620.000183582306,18.157808818881485,-65.26453474644445,-43.762012,1,0,1,0.5659
0.6603000164031982,4622.100114822388,18.15778967762072,-65.26453667813934,-43.950443,1,0,1,0.3774
0.6604000329971313,4622.800230979919,18.15778329959186,-65.26453733738757,-44.14045,1,0,1,0.1874
0.6605000197887421,4623.5001385211945,18.15777689676935,-65.26453788656067,-43.408283,1,0,1,0.9196
0.6606000363826752,4624.200254678726,18.15777052875398,-65.2645385872181,-43.945107,1,0,1,0.3828
0.6607000231742859,4624.900162220001,18.157764152801573,-65.26453924724143,-44.142307,1,0,1,0.1856
0.6612000465393066,4628.4003257751465,18.15773222518758,-65.2645423756947,-43.678135,1,0,1,0.6498
0.6617000102996826,4631.900072097778,18.157700316413067,-65.26454556823221,-43.74477,1,0,1,0.5831
0.662200003862381,4635.400027036667,18.15766839119852,-65.26454870392855,-43.32119,1,0,1,1.0067
0.662200003862381,4635.400027036667,18.157668406505195,-65.2645487669785,-43.85015,1,0,1,0.4777
0.6625000238418579,4637.500166893005,18.15764925130282,-65.26455065600993,-43.652252,1,0,1,0.6756
0.6629000008106232,4640.300005674362,18.1576237167844,-65.26455318718908,-43.487434,1,0,1,0.8405
0.6632000207901001,4642.400145530701,18.157604572630607,-65.26455512462496,-43.682945,1,0,1,0.6449
0.6638000309467316,4646.600216627121,18.1575662699149,-65.26455893619388,-43.52611,1,0,1,0.8018
0.6641000211238861,4648.700147867203,18.157544068569347,-65.26454817330907,62.82883,0,0,0,107.1567
0.664400041103363,4650.800287723541,18.15752797290332,-65.26456262516737,-42.618256,1,0,1,1.7096
0.6653000116348267,4657.100081443787,18.15747054878562,-65.2645685634916,-43.96504,1,0,1,0.3629
0.6657000184059143,4659.9001288414,18.15744501295194,-65.2645711552703,-44.14138,1,0,1,0.1865
0.6663000285625458,4664.10019993782,18.157406701930803,-65.26457501774345,-44.167183,1,0,1,0.1607
0.6664000153541565,4664.800107479096,18.157400315841123,-65.26457565428106,-44.10854,1,0,1,0.2194
0.6685999929904938,4680.199950933456,18.15725983933435,-65.26458984363744,-44.11135,1,0,1,0.2165
0.6698000133037567,4688.600093126297,18.157183204578445,-65.26459757637632,-43.842903,1,0,1,0.485
0.6707000136375427,4694.900095462799,18.15712572958872,-65.26460338904029,-43.65094,1,0,1,0.677
0.6710000336170197,4697.000235319138,18.15710656903666,-65.26460532503366,-43.55318,1,0,1,0.7747
0.6713000237941742,4699.100166559219,18.15708742024709,-65.26460730277813,-43.797413,1,0,1,0.5305
0.672400027513504,4706.800192594528,18.157017181803624,-65.26461446471056,-43.853085,1,0,1,0.4748
0.6725000143051147,4707.500100135803,18.15701081255024,-65.2646151789105,-44.38182,1,0,1,-0.0539
0.6727000176906586,4708.90012383461,18.15699803505949,-65.26461645506588,-44.157055,1,0,1,0.1708
0.6731000244617462,4711.700171232224,18.156972497553653,-65.26461908047784,-44.307674,1,0,1,0.0202
0.6743000447750092,4720.100313425064,18.156895876573262,-65.26462693036788,-44.433693,1,0,1,-0.1058
0.6748999953269958,4724.299967288971,18.15685756755549,-65.26463084918257,-44.39029,1,0,1,-0.0624
0.6756000220775604,4729.200154542923,18.15681285762315,-65.26463538054287,-43.94618,1,0,1,0.3817
0.6760000288486481,4732.0002019405365,18.15678731235326,-65.26463798225276,-43.773575,1,0,1,0.5543
0.6762000024318695,4733.400017023087,18.156774542906625,-65.2646392885031,-43.727993,1,0,1,0.5999
0.6766000390052795,4736.200273036957,18.15674902592153,-65.26464201587501,-44.583427,1,0,1,-0.2555
0.6767000257968903,4736.900180578232,18.15674261934937,-65.26464257952524,-43.8043,1,0,1,0.5236
0.6769000291824341,4738.300204277039,18.1567298574832,-65.2646439256252,-44.07723,1,0,1,0.2507
0.6772000193595886,4740.40013551712,18.15671069496098,-65.2646458597968,-43.767025,1,0,1,0.5609
0.6775000393390656,4742.500275373459,18.15668890121613,-65.2646368699518,48.188522,0,0,0,92.5164
0.6782000362873077,4747.400254011154,18.156646838646644,-65.26465239962842,-43.44398,1,0,1,0.8839
0.6790000200271606,4753.0001401901245,18.15659576541936,-65.26465767369214,-43.47373,1,0,1,0.8542
0.6792000234127045,4754.400163888931,18.15658300679962,-65.26465903424874,-43.82445,1,0,1,0.5034
0.6797000169754028,4757.90011882782,18.15655107693392,-65.26466229481811,-43.50524,1,0,1,0.8227
0.6799000203609467,4759.300142526627,18.156538325442057,-65.26466368482033,-44.090904,1,0,1,0.237
0.6808000206947327,4765.600144863129,18.156480858669408,-65.26466958545123,-43.71328,1,0,1,0.6146
0.6811000406742096,4767.700284719467,18.15646169633092,-65.26467152980068,-43.383053,1,0,1,0.9448
0.6815000474452972,4770.500332117081,18.15643618956436,-65.26467429394819,-44.373688,1,0,1,-0.0458
0.6815000474452972,4770.500332117081,18.15643693896341,-65.2646774063831,-70.48179,0,0,0,-26.1539
0.6818000078201294,4772.600054740906,18.1564170247046,-65.26467621161119,-43.80727,1,0,1,0.5206
0.6820000112056732,4774.0000784397125,18.156404275218428,-65.26467760957168,-44.427216,1,0,1,-0.0993
0.6826000213623047,4778.200149536133,18.15636601220869,-65.264681743392,-45.766724,1,0,0,-1.4388
0.6833000183105469,4783.100128173828,18.156321271999307,-65.2646861488728,-43.799904,1,0,1,0.528
0.6836000382900238,4785.200268030167,18.156302131131827,-65.26468818031486,-44.14974,1,0,1,0.1782
0.6850000023841858,4795.0000166893005,18.15621273570036,-65.26469739797838,-43.716732,1,0,1,0.6112
0.6860000193119049,4802.000135183334,18.15615006921244,-65.26470879062317,-83.34456,0,0,0,-39.0167
0.6866000294685364,4806.200206279755,18.15611065619729,-65.26470810250616,-43.99344,1,0,1,0.3345
0.6881999969482422,4817.399978637695,18.15600857318655,-65.26471877514975,-43.949352,1,0,1,0.3785
0.688400000333786,4818.800002336502,18.155995804554344,-65.26472007741286,-43.675213,1,0,1,0.6527
0.6888000071048737,4821.600049734116,18.1559702988852,-65.26472281234324,-44.221336,1,0,1,0.1066
0.6891000270843506,4823.700189590454,18.15595113608545,-65.26472472968632,-43.507744,1,0,1,0.8201
0.6893000304698944,4825.100213289261,18.155938385482123,-65.264726106703,-43.86192,1,0,1,0.466
0.6899000406265259,4829.300284385681,18.15590010023654,-65.26473010098687,-43.780624,1,0,1,0.5473
0.6901000142097473,4830.700099468231,18.155887329693464,-65.26473138852111,-43.38848,1,0,1,0.9394
0.6904000341892242,4832.80023932457,18.155868184631185,-65.26473338054487,-43.308193,1,0,1,1.0197
0.6906000375747681,4834.2002630233765,18.15585542810718,-65.26473473437089,-43.473118,1,0,1,0.8548
0.6927000284194946,4848.900198936462,18.155721430089766,-65.2647487299867,-43.455845,1,0,1,0.872
0.6929000020027161,4850.300014019012,18.15570868792336,-65.2647501384015,-44.09996,1,0,1,0.2279
0.6939000189304352,4857.300132513046,18.155644867621653,-65.2647567761087,-43.955418,1,0,1,0.3725
0.6951000094413757,4865.70006608963,18.15556828350527,-65.26476474907959,-43.93844,1,0,1,0.3895
0.6951999962329865,4866.399973630905,18.15556189468028,-65.26476538290025,-43.685963,1,0,1,0.6419
0.6953000128269196,4867.100089788437,18.15555551616495,-65.26476606734387,-43.857353,1,0,1,0.4705
0.6953999996185303,4867.799997329712,18.155549147267333,-65.26476678349982,-44.297283,1,0,1,0.0306
0.6955000162124634,4868.500113487244,18.15554275135393,-65.26476739656465,-43.87144,1,0,1,0.4565
0.6965000331401825,4875.5002319812775,18.15547892237024,-65.26477403122095,-43.896942,1,0,1,0.431
0.6966000199317932,4876.2001395225525,18.15547253914378,-65.26477469010332,-43.866768,1,0,1,0.4611
0.6969000399112701,4878.300279378891,18.15545337589206,-65.26477662785074,-43.452126,1,0,1,0.8758
0.6971000134944916,4879.700094461441,18.155440625666213,-65.26477801385367,-43.972713,1,0,1,0.3552
0.6973000168800354,4881.100118160248,18.155427859455425,-65.2647793427036,-44.015976,1,0,1,0.3119
0.6975000500679016,4882.500350475311,18.15541509034026,-65.26478066828106,-44.03403,1,0,1,0.2939
0.6982000172138214,4887.40012049675,18.15537040996114,-65.26478532042222,-44.24289,1,0,1,0.085
0.6992000043392181,4894.400030374527,18.155306553499344,-65.26479187794534,-43.88626,1,0,1,0.4416
0.699400007724762,4895.800054073334,18.155293783711944,-65.26479319968446,-43.91337,1,0,1,0.4145
0.7000000178813934,4900.000125169754,18.15525546458113,-65.26479712864423,-43.71724,1,0,1,0.6107
0.7000000178813934,4900.000125169754,18.15525546948344,-65.26479714883295,-43.886623,1,0,1,0.4413
0.7002000212669373,4901.400148868561,18.15524268956188,-65.26479843172548,-43.60572,1,0,1,0.7222
0.7019000053405762,4913.300037384033,18.15513469943942,-65.26481200686986,-63.80969,0,0,0,-19.4818
0.7036000192165375,4925.200134515762,18.155025522445847,-65.2648207299537,-43.653214,1,0,1,0.6747
0.7037000358104706,4925.900250673294,18.155019142092986,-65.26482142256492,-43.98322,1,0,1,0.3447
0.7044000327587128,4930.800229310989,18.15497444868676,-65.26482605883054,-44.088528,1,0,1,0.2394
0.7044000327587128,4930.800229310989,18.15497444633152,-65.26482604913132,-44.00715,1,0,1,0.3207
0.7047000229358673,4932.900160551071,18.15495526996171,-65.26482798316538,-43.917843,1,0,1,0.41
0.7054000198841095,4937.800139188767,18.154910527552424,-65.26483251969819,-43.949535,1,0,1,0.3784
0.7061000168323517,4942.700117826462,18.154865789744324,-65.26483708602878,-44.287304,1,0,1,0.0406
0.7062000036239624,4943.400025367737,18.154859397174665,-65.26483772982384,-44.269012,1,0,1,0.0589
0.7071000337600708,4949.700236320496,18.154801864976577,-65.26484357790078,-44.595814,1,0,1,-0.2679
0.7073000371456146,4951.100260019302,18.15478907681884,-65.26484486568795,-44.580826,1,0,1,-0.2529
0.7075000405311584,4952.500283718109,18.154776276258403,-65.26484610325355,-44.14833,1,0,1,0.1796
0.707800030708313,4954.600214958191,18.154757094015903,-65.26484803409346,-44.132347,1,0,1,0.1955
0.7080000340938568,4956.000238656998,18.154744326524007,-65.2648494099465,-44.86938,1,0,0,-0.5415
0.7094000279903412,4965.800195932388,18.154654774632824,-65.26485831669856,-44.048935,1,0,1,0.279
0.7101000249385834,4970.700174570084,18.15460998623149,-65.26486273318024,-43.38518,1,0,1,0.9427
0.7116999924182892,4981.899946928024,18.154507655317936,-65.26487303018322,-43.679382,1,0,1,0.6485
0.7129000127315521,4990.300089120865,18.154430899091714,-65.26488075986917,-44.035694,1,0,1,0.2922
0.7154000103473663,5007.800072431564,18.15427094952979,-65.26489675020197,-43.947567,1,0,1,0.3803
0.7155000269412994,5008.500188589096,18.15426453643253,-65.26489733368145,-43.47335,1,0,1,0.8545
0.715800017118454,5010.600119829178,18.15424534579201,-65.26489926904756,-43.605316,1,0,1,0.7226
0.7162000238895416,5013.400167226791,18.15421975694104,-65.26490185090044,-43.79073,1,0,1,0.5372
0.7164000272750854,5014.800190925598,18.15420695519608,-65.26490311250745,-43.63675,1,0,1,0.6911
0.7169000208377838,5018.300145864487,18.154174967705288,-65.2649063331031,-43.80874,1,0,1,0.5192
0.7171000242233276,5019.7001695632935,18.154162166508204,-65.26490759804557,-43.68044,1,0,1,0.6475
0.7175000309944153,5022.500216960907,18.154136591013994,-65.26491023972055,-44.359,1,0,1,-0.0311
0.7184000015258789,5028.800010681152,18.15407901106328,-65.26491603136321,-44.594524,1,0,1,-0.2666
0.7191000282764435,5033.700197935104,18.154034188940592,-65.26492039793413,-43.595722,1,0,1,0.7322
0.7192000150680542,5034.400105476379,18.15402780581374,-65.26492109982124,-44.107414,1,0,1,0.2205
0.7199000120162964,5039.300084114075,18.153983020581947,-65.26492561288215,-44.312984,1,0,1,0.0149
0.7246000468730927,5072.200328111649,18.15368229261537,-65.26495585809748,-44.37507,1,0,1,-0.0472
0.7251000106334686,5075.70007443428,18.15364945739495,-65.26495554729456,-14.646308,0,0,0,29.6816
0.7262000143527985,5083.400100469589,18.153579926737827,-65.26496613940199,-43.73563,1,0,1,0.5923
0.7284000217914581,5098.800152540207,18.15343956170369,-65.26498186972816,-55.75043,1,0,0,-11.4225
0.7287000119686127,5100.900083780289,18.15342001831604,-65.2649823404154,-43.297295,1,0,1,1.0306
0.7290000319480896,5103.000223636627,18.153400842981217,-65.26498434270745,-43.680954,1,0,1,0.6469
0.7291000187397003,5103.700131177902,18.15339444479161,-65.26498497817721,-43.539257,1,0,1,0.7886
0.7303000390529633,5112.100273370743,18.153317705903127,-65.26499280619363,-43.42884,1,0,1,0.8991
0.7316000163555145,5121.200114488602,18.15323459280999,-65.26500134153181,-43.56485,1,0,1,0.763
0.7318000197410583,5122.600138187408,18.153221811050155,-65.26500267466609,-43.733845,1,0,1,0.594
0.7332000136375427,5132.400095462799,18.15313199916839,-65.26501056801538,-32.7053,1,0,0,11.6226
0.7332000136375427,5132.400095462799,18.153132315182667,-65.26501188677382,-43.76735,1,0,1,0.5605
0.7332000136375427,5132.400095462799,18.153132315936205,-65.26501188987714,-43.79339,1,0,1,0.5345
0.7339000403881073,5137.300282716751,18.15308755970489,-65.26501645916345,-43.4047,1,0,1,0.9232
0.734300047159195,5140.100330114365,18.1530620024552,-65.26501913761587,-43.72053,1,0,1,0.6074
0.7345000505447388,5141.500353813171,18.153049213269373,-65.2650204324145,-43.497982,1,0,1,0.8299
0.7345000505447388,5141.500353813171,18.15304922064657,-65.26502046279653,-43.75291,1,0,1,0.575
0.7346000373363495,5142.200261354446,18.1530428181066,-65.26502107320952,-43.330204,1,0,1,0.9977
0.7356000244617462,5149.200171232224,18.15297892305147,-65.26502773740586,-43.72635,1,0,1,0.6015
0.7368000149726868,5157.600104808807,18.15290225818883,-65.26503575189933,-44.183987,1,0,1,0.1439
0.7368000149726868,5157.600104808807,18.152902990780216,-65.26503879492974,-69.71224,0,0,0,-25.3843
0.7380000054836273,5166.000038385391,18.15282556354019,-65.26504361776541,-43.222214,1,0,1,1.1057
0.7391000092029572,5173.7000644207,18.15275529869824,-65.26505096701747,-43.361023,1,0,1,0.9669
0.7401000261306763,5180.700182914734,18.15269142824941,-65.26505765845121,-43.4602,1,0,1,0.8677
0.7403000295162201,5182.100206613541,18.15267865338781,-65.2650589911522,-43.420906,1,0,1,0.907
0.7407000362873077,5184.900254011154,18.15265310728736,-65.26506166902847,-43.435192,1,0,1,0.8927
0.7412000298500061,5188.400208950043,18.15262118237396,-65.26506503948455,-43.62632,1,0,1,0.7016
0.7413000166416168,5189.100116491318,18.152614803516883,-65.2650657349652,-43.841908,1,0,1,0.486
0.7421000301837921,5194.700211286545,18.152563710021187,-65.26507106574405,-43.572205,1,0,1,0.7557
0.7433000206947327,5203.100144863129,18.152487103419563,-65.26507916636801,-43.946465,1,0,1,0.3814
0.7436000406742096,5205.200284719467,18.15246795398636,-65.26508120181494,-44.10806,1,0,1,0.2198
0.7440000474452972,5208.000332117081,18.15244243251059,-65.26508395304806,-44.627884,1,0,1,-0.3
0.744700014591217,5212.900102138519,18.152397730957222,-65.26508854051309,-44.132927,1,0,1,0.195
0.7448000013828278,5213.600009679794,18.152391360466343,-65.26508926666409,-44.536808,1,0,1,-0.2089
0.7454000115394592,5217.800080776215,18.15235303948237,-65.26509323922392,-43.718697,1,0,1,0.6092
0.7454000115394592,5217.800080776215,18.15235304379886,-65.26509325700059,-43.86786,1,0,1,0.46
0.7470000386238098,5229.000270366669,18.15225092294,-65.26510409167129,-43.641193,1,0,1,0.6867
0.7475000321865082,5232.500225305557,18.15221901406768,-65.26510747744389,-43.55942,1,0,1,0.7685
0.7495000064373016,5246.500045061111,18.15209140852789,-65.2651210802235,-43.746483,1,0,1,0.5814
0.7507000267505646,5254.900187253952,18.152014840443066,-65.26512918354702,-43.422096,1,0,1,0.9058
0.7522000074386597,5265.400052070618,18.151919166806152,-65.26513939839182,-43.8539,1,0,1,0.474
0.7527000308036804,5268.900215625763,18.15188757484884,-65.26514403954353,-54.40456,0,0,0,-10.0767
0.7532000243663788,5272.400170564652,18.151855375012268,-65.2651461457977,-43.713394,1,0,1,0.6145
0.7533000409603119,5273.100286722183,18.151848989053388,-65.26514679521087,-43.491055,1,0,1,0.8368
0.7536000311374664,5275.200217962265,18.151829858824165,-65.2651488397261,-43.64118,1,0,1,0.6867
0.7540000379085541,5278.000265359879,18.15180434888765,-65.26515155535739,-43.767487,1,0,1,0.5604
0.7549000084400177,5284.300059080124,18.151746948861124,-65.26515762788469,-43.80315,1,0,1,0.5247
0.7549999952316284,5284.999966621399,18.151740567941538,-65.26515828577348,-43.67226,1,0,1,0.6556
0.7549999952316284,5284.999966621399,18.15174058607875,-65.26515836046498,-44.298958,1,0,1,0.0289
0.7551000118255615,5285.700082778931,18.151734203595304,-65.26515901969756,-44.178883,1,0,1,0.149
0.7552000284194946,5286.400198936462,18.15172781647935,-65.26515965960941,-43.897926,1,0,1,0.43
0.7563000321388245,5294.100224971771,18.151658716551264,-65.26517143973075,-80.67531,0,0,0,-36.3474
0.7570000290870667,5299.000203609467,18.15161302100878,-65.26517176825196,-44.03415,1,0,1,0.2937
0.7575000524520874,5302.500367164612,18.151581748864587,-65.2651776766068,-65.50015,0,0,0,-21.1723
0.7578000426292419,5304.600298404694,18.15156200020266,-65.26517712705358,-44.04917,1,0,1,0.2787
0.7578999996185303,5305.299997329712,18.1515556244156,-65.26517779135114,-44.013714,1,0,1,0.3142
0.7580000162124634,5306.000113487244,18.15154924025796,-65.26517843701691,-43.820107,1,0,1,0.5078
0.7589000165462494,5312.300115823746,18.151491857996767,-65.26518450828465,-44.339836,1,0,1,-0.0119
0.7598000168800354,5318.600118160248,18.151434449243165,-65.26519045402519,-43.9361,1,0,1,0.3918
0.7612000107765198,5328.400075435638,18.151345154183137,-65.26519970265889,-43.573452,1,0,1,0.7544
0.7615000009536743,5330.50000667572,18.15132602960232,-65.26520171978343,-43.835403,1,0,1,0.4925
0.7616000175476074,5331.200122833252,18.15131965421225,-65.26520239492359,-43.948265,1,0,1,0.3796
0.7625000178813934,5337.500125169754,18.151262302342,-65.26520853429204,-45.579285,1,0,0,-1.2514
0.7636000216007233,5345.200151205063,18.151192103036944,-65.26521560236954,-44.107582,1,0,1,0.2203
0.7642000317573547,5349.400222301483,18.151153842045545,-65.26521957601994,-44.38502,1,0,1,-0.0571
0.7643000483512878,5350.100338459015,18.151147440861312,-65.26522014194961,-43.627995,1,0,1,0.6999
0.7644000351428986,5350.80024600029,18.1511410850744,-65.26522101294465,-44.07874,1,0,1,0.2492
0.7648000121116638,5353.600084781647,18.151115579864182,-65.26522362723048,-44.37521,1,0,1,-0.0473
0.7654000222682953,5357.800155878067,18.151078333117297,-65.26523175655389,-80.166504,0,0,0,-35.8386
0.7665000259876251,5365.500181913376,18.15100712608013,-65.26523452546535,-44.127396,1,0,1,0.2005
0.7668000161647797,5367.600113153458,18.15098796758668,-65.26523636422698,-43.41731,1,0,1,0.9106
0.7679000198841095,5375.300139188767,18.15091779126115,-65.26524341417543,-43.48186,1,0,1,0.846
0.7682999968528748,5378.099977970123,18.15089228459817,-65.26524602224531,-43.909405,1,0,1,0.4185
0.7686000168323517,5380.200117826462,18.15087313368669,-65.26524790310576,-43.60601,1,0,1,0.7219
0.7692000269889832,5384.400188922882,18.150834854466755,-65.2652517527261,-43.758205,1,0,1,0.5697
0.7709000408649445,5396.300286054611,18.150726377304256,-65.26526260481208,-43.829105,1,0,1,0.4988
0.7714000046253204,5399.800032377243,18.15069447151409,-65.2652657928656,-43.83687,1,0,1,0.491
0.7714000046253204,5399.800032377243,18.150694461669023,-65.26526575232874,-43.496735,1,0,1,0.8312
0.7719000279903412,5403.300195932388,18.1506625545912,-65.2652689567756,-43.64074,1,0,1,0.6872
0.7725000083446503,5407.500058412552,18.150624268565345,-65.2652728076549,-43.860943,1,0,1,0.4669
0.7728000283241272,5409.60019826889,18.15060512441054,-65.2652747402996,-44.027695,1,0,1,0.3002
0.7729000151157379,5410.300105810165,18.150598740980744,-65.26527537122647,-43.9724,1,0,1,0.3555
0.7732000350952148,5412.400245666504,18.15057958897124,-65.26527727472231,-43.89152,1,0,1,0.4364
0.7735000252723694,5414.500176906586,18.15056044922868,-65.26527922341899,-44.18846,1,0,1,0.1394
0.7738000452518463,5416.600316762924,18.15054127540052,-65.26528104261853,-43.39359,1,0,1,0.9343
0.7744000256061554,5420.800179243088,18.15050299404747,-65.26528494686458,-44.024483,1,0,1,0.3034
0.7749000191688538,5424.300134181976,18.15047107351522,-65.26528813273688,-43.9658,1,0,1,0.3621
0.7750000059604645,5425.000041723251,18.150464694906383,-65.26528879042498,-44.124825,1,0,1,0.2031
0.775600016117096,5429.200112819672,18.150426393525844,-65.26529264654437,-44.303165,1,0,1,0.0247
0.7758000195026398,5430.600136518478,18.15041362062681,-65.26529391112447,-44.181755,1,0,1,0.1461
0.7775000333786011,5442.500233650208,18.150305062800104,-65.26530477195377,-43.935673,1,0,1,0.3922
0.7779000103473663,5445.300072431564,18.150279529804173,-65.26530738015288,-44.276127,1,0,1,0.0518
0.7785000205039978,5449.500143527985,18.150241205633304,-65.26531121712999,-44.11584,1,0,1,0.2121
0.7787000238895416,5450.900167226791,18.150226757047168,-65.265305547713,14.240227,0,0,0,58.5681
0.7788000106811523,5451.600074768066,18.15022203576836,-65.26531310596353,-43.77047,1,0,1,0.5574
0.7788000106811523,5451.600074768066,18.15022203257238,-65.26531309280496,-43.660057,1,0,1,0.6678
0.7793000340461731,5455.100238323212,18.15019011001717,-65.26531637348853,-44.16846,1,0,1,0.1594
0.7829000353813171,5480.30024766922,18.14996009706566,-65.26533963523546,-43.731144,1,0,1,0.5967
0.784000039100647,5488.000273704529,18.14988981468501,-65.26534688464722,-44.373096,1,0,1,-0.0452
0.7855000197887421,5498.5001385211945,18.149793908994347,-65.26535656971521,-43.798244,1,0,1,0.5296
0.7857000231742859,5499.900162220001,18.14978112876487,-65.2653579228685,-43.88376,1,0,1,0.4441
0.7864000201225281,5504.8001408576965,18.149736380510003,-65.2653626008395,-43.655243,1,0,1,0.6726
0.7868000268936157,5507.60018825531,18.149710805894923,-65.26536527130975,-43.47589,1,0,1,0.852
0.7869000434875488,5508.300304412842,18.149705422484,-65.26537013854193,-78.659904,0,0,0,-34.332
0.7875000238418579,5512.500166893005,18.14966607866641,-65.2653700786513,-44.249084,1,0,1,0.0788
0.787600040435791,5513.200283050537,18.1496596740023,-65.26537071011894,-43.89112,1,0,1,0.4368
0.788100004196167,5516.700029373169,18.149627929918047,-65.2653750015255,-51.611427,1,0,0,-7.2835
0.788100004196167,5516.700029373169,18.149627690699404,-65.26537400796977,-43.276134,1,0,1,1.0518
0.7883000075817108,5518.100053071976,18.14961491587541,-65.2653754117552,-43.734875,1,0,1,0.593
0.7886000275611877,5520.200192928314,18.149595728713347,-65.26537742269609,-43.62315,1,0,1,0.7047
0.789000004529953,5523.000031709671,18.149570148133183,-65.26538010713139,-43.49749,1,0,1,0.8304
0.7892000377178192,5524.400264024735,18.14955734780606,-65.26538142309963,-43.20979,1,0,1,1.1181
0.7892000377178192,5524.400264024735,18.149557359899447,-65.2653814728908,-43.62759,1,0,1,0.7003
0.7897000312805176,5527.900218963623,18.149525382031857,-65.26538484205186,-43.57427,1,0,1,0.7536
0.7902000248432159,5531.400173902512,18.14949340988406,-65.26538824647857,-43.81439,1,0,1,0.5135
0.7907000482082367,5534.900337457657,18.149461421267947,-65.26539160281995,-43.65079,1,0,1,0.6771
0.7912000119686127,5538.400083780289,18.14942943950141,-65.26539498257306,-43.692413,1,0,1,0.6355
0.792600005865097,5548.200041055679,18.1493398767608,-65.26540447211187,-44.085197,1,0,1,0.2427
0.792900025844574,5550.300180912018,18.14932068472948,-65.26540652155212,-44.31962,1,0,1,0.0083
0.7931000292301178,5551.700204610825,18.149307879410987,-65.26540784331553,-44.107166,1,0,1,0.2207
0.7940000295639038,5558.000206947327,18.149250267731347,-65.26541385596778,-43.744713,1,0,1,0.5832
0.7942000329494476,5559.400230646133,18.14923746950137,-65.26541521488575,-43.867435,1,0,1,0.4605
0.795600026845932,5569.200187921524,18.149147848056103,-65.26542461673966,-43.95103,1,0,1,0.3769
0.7957000136375427,5569.900095462799,18.149141456137112,-65.26542532670308,-44.29112,1,0,1,0.0368
0.7968000173568726,5577.600121498108,18.14907083633464,-65.26543191503046,-37.88957,1,0,0,6.4383
0.7969000339508057,5578.30023765564,18.1490646093788,-65.26543332413895,-44.11367,1,0,1,0.2142
0.7977000176906586,5583.90012383461,18.149013365243786,-65.26543861417152,-43.796158,1,0,1,0.5317
0.7980999946594238,5586.699962615967,18.14898775398773,-65.265441305232,-44.072765,1,0,1,0.2551
0.7984000146389008,5588.800102472305,18.14896858840545,-65.26544351194353,-45.881237,1,0,0,-1.5533
0.7999000251293182,5599.300175905228,18.148872429604246,-65.26545318214517,-43.78799,1,0,1,0.5399
0.800400048494339,5602.800339460373,18.148839722030377,-65.26545369655965,-20.479338,0,0,0,23.8486
0.8005000352859497,5603.500247001648,18.1488339877227,-65.2654571499233,-43.93349,1,0,1,0.3944
0.8015000224113464,5610.500156879425,18.14876989241306,-65.26546365836649,-43.495815,1,0,1,0.8321
0.8021000325679779,5614.700227975845,18.148731457041983,-65.26546766164485,-44.176346,1,0,1,0.1515
0.8023000061511993,5616.100043058395,18.1487186312723,-65.26546893088626,-43.878147,1,0,1,0.4497
0.8027000427246094,5618.900299072266,18.14869298109632,-65.26547149964688,-43.56155,1,0,1,0.7663
0.8031000196933746,5621.700137853622,18.14866734600549,-65.26547411485674,-43.67896,1,0,1,0.6489
0.8034000396728516,5623.800277709961,18.148647298499213,-65.26547267901867,-15.290672,0,0,0,29.0372
0.8036000430583954,5625.200301408768,18.14863529844551,-65.26547738303829,-43.873695,1,0,1,0.4542
0.804500013589859,5631.500095129013,18.14857764474501,-65.26548344899349,-43.785507,1,0,1,0.5424
0.804500013589859,5631.500095129013,18.14857764505939,-65.26548345028809,-43.796368,1,0,1,0.5315
0.8049000203609467,5634.300142526627,18.148551994034857,-65.2654859871677,-44.038467,1,0,1,0.2894
0.8058000206947327,5640.600144863129,18.148494257630624,-65.26549159916267,-43.919926,1,0,1,0.408
0.8070000410079956,5649.000287055969,18.14841727794395,-65.26549908758696,-44.073315,1,0,1,0.2546
0.8074000477790833,5651.800334453583,18.148391600865622,-65.26550150999337,-43.562283,1,0,1,0.7656
0.8076000511646271,5653.2003581523895,18.14837877302683,-65.26550276464316,-43.680458,1,0,1,0.6474
0.8079000115394592,5655.300080776215,18.148359532851096,-65.26550464022513,-43.81688,1,0,1,0.511
0.80799999833107,5655.99998831749,18.148353102858053,-65.26550519682634,-43.289402,1,0,1,1.0385
0.8104000389575958,5672.800272703171,18.148199148700392,-65.26552011800929,-43.999527,1,0,1,0.3284
0.8105000257492065,5673.500180244446,18.14819271916433,-65.2655206729273,-43.476173,1,0,1,0.8517
0.8128000199794769,5689.6001398563385,18.14804520849902,-65.26553498464155,-44.37892,1,0,1,-0.051
0.8136000335216522,5695.200234651566,18.147993891428808,-65.26553990442018,-44.129948,1,0,1,0.1979
0.8142000436782837,5699.400305747986,18.14795542107263,-65.26554365663522,-44.42024,1,0,1,-0.0923
0.814300000667572,5700.100004673004,18.147949007983662,-65.26554426348837,-44.310993,1,0,1,0.0169
0.8148000240325928,5703.600168228149,18.147917086017987,-65.26554794948733,-49.199512,1,0,0,-4.8716
0.8154000341892242,5707.80023932457,18.147878477173787,-65.2655511142161,-44.452484,1,0,1,-0.1246
0.8157000243663788,5709.900170564652,18.14785923436434,-65.2655529427017,-44.120926,1,0,1,0.207
0.8157000243663788,5709.900170564652,18.14786019944281,-65.26555694325893,-77.68722,0,0,0,-33.3593
0.8165000379085541,5715.500265359879,18.147804415220964,-65.26554326153465,78.99212,0,0,0,123.32
0.8179000020027161,5725.300014019012,18.14771822850898,-65.26556673560273,-44.3138,1,0,1,0.0141
0.8181000053882599,5726.700037717819,18.147705403082515,-65.26556795644356,-43.994366,1,0,1,0.3335
0.8181000053882599,5726.700037717819,18.14770540524643,-65.26556796535569,-44.069157,1,0,1,0.2587
0.8186000287532806,5730.2002012729645,18.14767336538716,-65.2655711138713,-44.03032,1,0,1,0.2976
0.8188000321388245,5731.600224971771,18.147660547665883,-65.26557236221622,-43.902237,1,0,1,0.4257
0.819100022315979,5733.700156211853,18.147641684071846,-65.26557573202211,-56.252113,0,0,0,-11.9242
0.8206000328063965,5744.200229644775,18.14754524234268,-65.26558375554345,-43.523006,1,0,1,0.8049
0.8215000331401825,5750.5002319812775,18.1474876365022,-65.26558960546501,-44.215763,1,0,1,0.1121
0.821800023317337,5752.600163221359,18.14746842145978,-65.2655914925842,-43.856117,1,0,1,0.4718
0.8230000436306,5761.0003054142,18.147391632583364,-65.26559931928566,-44.418304,1,0,1,-0.0904
0.8234000504016876,5763.800352811813,18.147366023936723,-65.26560186587639,-43.962147,1,0,1,0.3657
0.8242000341415405,5769.400238990784,18.14731485007149,-65.26560711269546,-44.155106,1,0,1,0.1728
0.825300008058548,5777.100056409836,18.147244477493523,-65.2656141976954,-43.71382,1,0,1,0.6141
0.8262000381946564,5783.400267362595,18.147186936981743,-65.26562024676176,-43.34742,1,0,1,0.9805
0.8265000283718109,5785.500198602676,18.14716776541154,-65.26562228601377,-43.35244,1,0,1,0.9755
0.8265000283718109,5785.500198602676,18.147167772579763,-65.26562231553753,-43.600204,1,0,1,0.7277
0.8267000317573547,5786.900222301483,18.14715498905668,-65.2656236652705,-43.503265,1,0,1,0.8246
0.8274000287055969,5791.8002009391785,18.14711027532873,-65.2656284895469,-43.897285,1,0,1,0.4306
0.8274000287055969,5791.8002009391785,18.14711026370285,-65.26562844166325,-43.495445,1,0,1,0.8324
0.828000009059906,5796.000063419342,18.14707194328491,-65.26563257811982,-43.71673,1,0,1,0.6112
0.8284000158309937,5798.800110816956,18.147046399831893,-65.26563534641386,-43.889774,1,0,1,0.4381
0.8284000158309937,5798.800110816956,18.1470464003755,-65.26563534865285,-43.90856,1,0,1,0.4193
0.8286000192165375,5800.200134515762,18.14703362736732,-65.26563672474417,-43.90938,1,0,1,0.4185
0.8297000229358673,5807.900160551071,18.14696582372051,-65.2656544157687,-128.64307,0,0,0,-84.3152
0.830100029706955,5810.700207948685,18.146937844016907,-65.26564703957557,-43.510998,1,0,1,0.8169
0.8306000530719757,5814.20037150383,18.146905927605296,-65.26565050550732,-43.481518,1,0,1,0.8464
0.8312000036239624,5818.400025367737,18.146867641968942,-65.26565468505663,-43.54765,1,0,1,0.7802
0.8312000036239624,5818.400025367737,18.146868606710743,-65.26565868451884,-77.10535,0,0,0,-32.7775
0.8314000070095062,5819.800049066544,18.146854888052072,-65.26565611233254,-43.837795,1,0,1,0.4901
0.8321000337600708,5824.700236320496,18.146810225108528,-65.2656609961204,-43.854546,1,0,1,0.4733
0.8323000073432922,5826.100051403046,18.14679747727484,-65.26566243113562,-44.17789,1,0,1,0.15
0.8334000408649445,5833.800286054611,18.146727306957327,-65.26567009883065,-43.947674,1,0,1,0.3802
0.833700031042099,5835.900217294693,18.146708177609646,-65.26567220684478,-43.998737,1,0,1,0.3292
0.8339000344276428,5837.3002409935,18.14669431590184,-65.26566900210358,-5.3481393,0,0,0,38.9798
0.8350000083446503,5845.000058412552,18.146624170149927,-65.26567666210914,-4.852481,0,0,0,39.4754
0.8353000283241272,5847.10019826889,18.14660615391439,-65.26568338049417,-43.538826,1,0,1,0.7891
0.8357000350952148,5849.900245666504,18.146580661239515,-65.265686209165,-43.691345,1,0,1,0.6365
0.8358000218868256,5850.600153207779,18.146574286264407,-65.26568690354961,-43.62199,1,0,1,0.7059
0.8365000188350677,5855.500131845474,18.146529666900232,-65.26569179602035,-43.38974,1,0,1,0.9382
0.8371000289916992,5859.700202941895,18.14649144344551,-65.26569606190297,-43.79226,1,0,1,0.5356
0.8388000130653381,5871.600091457367,18.146383140442968,-65.26570802222652,-43.92225,1,0,1,0.4056
0.8394000232219696,5875.800162553787,18.14634491685164,-65.26571221674972,-43.782703,1,0,1,0.5452
0.8398000299930573,5878.600209951401,18.14631944042289,-65.26571502777983,-43.83066,1,0,1,0.4972
0.839900016784668,5879.300117492676,18.1463130863575,-65.2657157872545,-44.32199,1,0,1,0.0059
0.8402000367641449,5881.400257349014,18.146293973589383,-65.26571787054783,-44.16165,1,0,1,0.1662
0.8406000435352325,5884.200304746628,18.14626848481984,-65.265720615579,-43.69127,1,0,1,0.6366
0.8412000238895416,5888.400167226791,18.14623027775675,-65.26572481808842,-43.740067,1,0,1,0.5878
0.8413000106811523,5889.100074768066,18.14622391783691,-65.26572554685391,-43.991676,1,0,1,0.3362
0.842600017786026,5898.200124502182,18.14614113755699,-65.26573461117673,-43.963528,1,0,1,0.3644
0.8435000479221344,5904.500335454941,18.14608382502973,-65.26574083889501,-43.726604,1,0,1,0.6013
0.8452000319957733,5916.400223970413,18.14597555761401,-65.2657526028892,-43.434135,1,0,1,0.8938
0.845300018787384,5917.100131511688,18.14596920387437,-65.26575332077215,-43.722504,1,0,1,0.6054
0.8458000421524048,5920.6002950668335,18.145937685221604,-65.26575796816151,-54.072563,1,0,0,-9.7447
0.8464000225067139,5924.800157546997,18.14589922987159,-65.2657608978839,-44.370735,1,0,1,-0.0428
0.8466000258922577,5926.200181245804,18.14588648681456,-65.26576218856468,-43.79204,1,0,1,0.5359
0.8471000492572784,5929.700344800949,18.145854672355068,-65.265765593659,-43.887245,1,0,1,0.4406
0.8472000360488892,5930.400252342224,18.14584830852156,-65.26576626546523,-43.83793,1,0,1,0.49
0.8474999964237213,5932.499974966049,18.14582924263634,-65.26576838546139,-44.583466,1,0,1,-0.2556
0.8480000197887421,5936.0001385211945,18.14579841105793,-65.26577586608249,-78.98937,0,0,0,-34.6615
0.8482000231742859,5937.400162220001,18.14578467294624,-65.26577301961039,-43.788033,1,0,1,0.5399
0.8485000133514404,5939.500093460083,18.145765578949963,-65.26577502869159,-43.682117,1,0,1,0.6458
0.8485000133514404,5939.500093460083,18.14576558548148,-65.26577505558915,-43.907814,1,0,1,0.4201
0.8487000167369843,5940.90011715889,18.145752859968454,-65.26577641308758,-44.002243,1,0,1,0.3256
0.8490000069141388,5943.000048398972,18.14573376352282,-65.2657784116462,-43.848965,1,0,1,0.4789
0.8496000170707703,5947.200119495392,18.14569557099923,-65.26578241761047,-43.6892,1,0,1,0.6387
0.8498000204563141,5948.600143194199,18.14568284632322,-65.26578377849643,-43.872494,1,0,1,0.4554
0.8520000278949738,5964.000195264816,18.145542797357407,-65.2657984472423,-44.092587,1,0,1,0.2353
0.8520000278949738,5964.000195264816,18.14554279876612,-65.26579845304319,-44.141262,1,0,1,0.1866
0.8521000146865845,5964.700102806091,18.14553643919016,-65.2657991438652,-44.38549,1,0,1,-0.0576
0.8522000312805176,5965.400218963623,18.14553006431085,-65.2657997798989,-44.171062,1,0,1,0.1568
0.8525000214576721,5967.500150203705,18.145510949741364,-65.26580171480973,-43.77235,1,0,1,0.5555
0.8527000248432159,5968.900173902512,18.1454982206491,-65.26580306609362,-44.034264,1,0,1,0.2936
0.8535000383853912,5974.500268697739,18.14544725494077,-65.26580827892732,-43.575718,1,0,1,0.7522
0.8537000417709351,5975.900292396545,18.145434526682205,-65.26580963934073,-43.967705,1,0,1,0.3602
0.8544000089168549,5980.800062417984,18.145389947681977,-65.26581427536668,-44.372314,1,0,1,-0.0444
0.8557000160217285,5989.9001121521,18.14530710919924,-65.26582275145113,-44.33126,1,0,1,-0.0034
0.8558000326156616,5990.600228309631,18.145300275085145,-65.26582149136765,-28.303694,0,0,0,16.0242
0.8585000336170197,6009.500235319138,18.14512864871212,-65.26584111286722,-46.499664,1,0,0,-2.1718
0.8588000237941742,6011.600166559219,18.14510944536726,-65.26584276163535,-44.162537,1,0,1,0.1654
0.8597000241279602,6017.900168895721,18.14505200823408,-65.26584845921933,-43.562286,1,0,1,0.7656
0.8607999980449677,6025.599986314774,18.144981813490865,-65.26585550789986,-43.750523,1,0,1,0.5774
0.8611000180244446,6027.700126171112,18.14496276927288,-65.26585786144557,-47.455383,1,0,0,-3.1275
0.8612000048160553,6028.400033712387,18.14495634593602,-65.2658583319854,-46.060112,1,0,0,-1.7322
0.8613000214099884,6029.100149869919,18.1449499075914,-65.26585874939072,-44.219017,1,0,1,0.1089
0.8616000115871429,6031.200081110001,18.14493076274423,-65.26586069009653,-44.48579,1,0,1,-0.1579
0.8625000417232513,6037.500292062759,18.144873287726647,-65.26586639629411,-44.392426,1,0,1,-0.0645
0.8625000417232513,6037.500292062759,18.14487327149844,-65.26586632947776,-43.831753,1,0,1,0.4961
0.8635000288486481,6044.5002019405365,18.144809383879863,-65.26587261014856,-43.361774,1,0,1,0.9661
0.8649000227451324,6054.300159215927,18.14472003468472,-65.26588157423946,-43.807743,1,0,1,0.5201
0.8651000261306763,6055.700182914734,18.14470725210302,-65.2658829003261,-44.44604,1,0,1,-0.1181
0.8661000430583954,6062.700301408768,18.1446432273982,-65.26588910650254,-44.12099,1,0,1,0.2069
0.8662000298500061,6063.400208950043,18.14463683338763,-65.26588976100646,-44.376858,1,0,1,-0.049
0.8664000332355499,6064.8002326488495,18.14462403364124,-65.26589103136213,-44.564037,1,0,1,-0.2361
0.8667000532150269,6066.900372505188,18.14460482858459,-65.2658929223604,-44.724937,1,0,1,-0.397
0.8683000206947327,6078.100144863129,18.14450237033519,-65.26590290991619,-44.794727,1,0,1,-0.4668
0.8689000308513641,6082.300215959549,18.14446393290173,-65.26590662244669,-44.537857,1,0,1,-0.21
0.8701000511646271,6090.7003581523895,18.144387045655765,-65.26591402595828,-43.79545,1,0,1,0.5324
0.8704000413417816,6092.800289392471,18.144367834897253,-65.26591592319616,-43.984974,1,0,1,0.3429
0.8721000254154205,6104.700177907944,18.14425894483508,-65.26592658617949,-44.15539,1,0,1,0.1725
0.8725000321865082,6107.500225305557,18.144233332600805,-65.26592913695724,-44.496773,1,0,1,-0.1689
0.8728000223636627,6109.600156545639,18.14421410277675,-65.26593096082263,-43.990387,1,0,1,0.3375
0.8732000291347504,6112.400203943253,18.144188462418462,-65.26593339489456,-43.312424,1,0,1,1.0155
0.8733000159263611,6113.100111484528,18.144182074528324,-65.26593409061634,-43.871677,1,0,1,0.4562
0.8733000159263611,6113.100111484528,18.144182067714564,-65.2659340625617,-43.636246,1,0,1,0.6916
0.8734000325202942,6113.800227642059,18.14417567742426,-65.26593475636105,-44.17621,1,0,1,0.1517
0.8735000491142273,6114.500343799591,18.14416925923668,-65.26593533520213,-43.74985,1,0,1,0.578
0.8754000067710876,6127.8000473976135,18.14404758482332,-65.26594732456584,-43.65225,1,0,1,0.6756
0.876300036907196,6134.100258350372,18.143989960930032,-65.26595303546911,-43.622364,1,0,1,0.7055
0.8768000304698944,6137.600213289261,18.143957978418268,-65.26595631788959,-44.45171,1,0,1,-0.1238
0.8768000304698944,6137.600213289261,18.143958036961862,-65.26595655893847,-46.47459,1,0,0,-2.1467
0.8773000240325928,6141.100168228149,18.14392598206118,-65.26595953485207,-44.674892,1,0,1,-0.347
0.8778000175952911,6144.600123167038,18.143893980565057,-65.26596272086623,-44.579834,1,0,1,-0.2519
0.8779000341892242,6145.30023932457,18.143887581298504,-65.26596336593694,-44.618706,1,0,1,-0.2908
0.878000020980835,6146.000146865845,18.143881185529025,-65.26596401694601,-44.706593,1,0,1,-0.3787
0.8785000145435333,6149.500101804733,18.143850073318404,-65.26597087588927,-75.34488,0,0,0,-31.017
0.8795000314712524,6156.500220298767,18.14378520722406,-65.26597361256752,-44.29235,1,0,1,0.0355
0.879800021648407,6158.600151538849,18.14376687685589,-65.2659791042115,-74.116905,0,0,0,-29.789
0.8802000284194946,6161.400198936462,18.14374073012204,-65.26597934763787,-54.45004,1,0,0,-10.1221
0.8803000450134277,6162.100315093994,18.143734036166585,-65.26597875921394,-44.077953,1,0,1,0.2499
0.880700021982193,6164.900153875351,18.14370852297956,-65.2659816094263,-46.232834,1,0,0,-1.9049
0.881600022315979,6171.200156211853,18.143650912363,-65.26598715583258,-43.649746,1,0,1,0.6781
0.8820000290870667,6174.000203609467,18.143625353910952,-65.26598979817203,-43.919018,1,0,1,0.4089
0.8821000456809998,6174.700319766998,18.1436192531289,-65.26599165919349,-54.051285,1,0,0,-9.7234
0.882500022649765,6177.500158548355,18.14359340704993,-65.26599308864654,-44.09113,1,0,1,0.2368
0.8832000195980072,6182.40013718605,18.14354868729509,-65.26599769569125,-44.221367,1,0,1,0.1065
0.8836000263690948,6185.200184583664,18.143523285254982,-65.26600094315202,-49.396076,1,0,0,-5.0682
0.8850000202655792,6195.000141859055,18.143433600053537,-65.26600933161319,-43.290882,1,0,1,1.037
0.8851000070571899,6195.70004940033,18.143427233974418,-65.26601003129375,-43.48131,1,0,1,0.8466
0.8853000104427338,6197.100073099136,18.14341449828823,-65.26601142232883,-43.78312,1,0,1,0.5448
0.8866000473499298,6206.200331449509,18.14333167659228,-65.26602024947567,-43.71724,1,0,1,0.6107
0.8868000507354736,6207.600355148315,18.143318945415785,-65.26602164269126,-43.970734,1,0,1,0.3572
0.8872000277042389,6210.400193929672,18.14329345672686,-65.26602430697467,-43.43151,1,0,1,0.8964
0.8877000212669373,6213.900148868561,18.14326164915212,-65.26602785273906,-44.524067,1,0,1,-0.1962
0.8879000246524811,6215.300172567368,18.14324712934563,-65.26602181133381,17.642118,0,0,0,61.97
0.8882000148296356,6217.400103807449,18.143229795862155,-65.2660312001407,-43.91181,1,0,1,0.4161
0.8883000314235687,6218.100219964981,18.143222050528617,-65.26602616149137,4.109395,0,0,0,48.4373
0.8883000314235687,6218.100219964981,18.143223419112022,-65.26603184822491,-43.60436,1,0,1,0.7235
0.889100044965744,6223.700314760208,18.14317248800523,-65.26603733039484,-43.60129,1,0,1,0.7266
0.8892000317573547,6224.400222301483,18.14316612562732,-65.26603802676468,-43.6896,1,0,1,0.6383
0.8898000419139862,6228.600293397903,18.143127941460406,-65.26604218280963,-44.007294,1,0,1,0.3206
0.8915000259876251,6240.500181913376,18.143019739390606,-65.26605385386024,-43.896423,1,0,1,0.4315
0.8915000259876251,6240.500181913376,18.14301972401673,-65.26605379056438,-43.365246,1,0,1,0.9626
0.8921000361442566,6244.700253009796,18.142981547235507,-65.26605795721929,-43.699368,1,0,1,0.6285
0.8922000229358673,6245.400160551071,18.14297517700905,-65.26605861697676,-43.464622,1,0,1,0.8633
0.8924000263214111,6246.800184249878,18.142962455309373,-65.26606002171944,-43.708782,1,0,1,0.6191
0.8931000232696533,6251.700162887573,18.14291790944663,-65.26606485334727,-43.85623,1,0,1,0.4717
0.8958000242710114,6270.60016989708,18.14274604923635,-65.26608339160452,-43.862827,1,0,1,0.4651
0.896200031042099,6273.400217294693,18.142720600183843,-65.26608620367033,-44.475037,1,0,1,-0.1471
0.8963000178337097,6274.100124835968,18.14271421209717,-65.2660867972289,-43.71365,1,0,1,0.6142
0.8966000378131866,6276.2002646923065,18.14269510691668,-65.26608883935462,-43.628387,1,0,1,0.6995
0.8969000279903412,6278.300195932388,18.14267599966095,-65.26609086839048,-43.447983,1,0,1,0.8799
0.8973000049591064,6281.100034713745,18.142650534577083,-65.26609362348324,-43.646633,1,0,1,0.6813
0.8983000218868256,6288.100153207779,18.14258683944152,-65.26610042904913,-43.567314,1,0,1,0.7606
0.8984000086784363,6288.800060749054,18.14258051803796,-65.26610130637154,-45.221375,1,0,0,-0.8935
0.8988000452518463,6291.600316762924,18.142554978770253,-65.26610380080949,-43.33539,1,0,1,0.9925
0.8992000222206116,6294.400155544281,18.14252952060141,-65.26610662191004,-44.225918,1,0,1,0.102
0.8994000256061554,6295.800179243088,18.142516788879696,-65.26610802906612,-44.65422,1,0,1,-0.3263
0.8997000455856323,6297.900319099426,18.14249774440015,-65.26611036688577,-47.21738,1,0,0,-2.8895
0.9002000391483307,6301.400274038315,18.14246580567097,-65.26611345035772,-44.713737,1,0,1,-0.3858
0.900600016117096,6304.200112819672,18.142440300213625,-65.26611611110188,-44.38026,1,0,1,-0.0524
0.9007000029087067,6304.900020360947,18.1424339205118,-65.26611676220094,-44.184895,1,0,1,0.143
0.9019000232219696,6313.300162553787,18.14235741153917,-65.26612487310845,-44.5164,1,0,1,-0.1885
0.9023000299930573,6316.100209951401,18.14233190602322,-65.26612758958078,-44.8141,1,0,1,-0.4862
0.902400016784668,6316.800117492676,18.142326044226174,-65.26613040216893,-62.795643,1,0,3,-18.4678
0.9028000235557556,6319.600164890289,18.142299974804537,-65.26613079557008,-43.653687,1,0,1,0.6742
0.9032000303268432,6322.400212287903,18.142274473691973,-65.26613355790595,-44.42942,1,0,1,-0.1015
0.9034000337123872,6323.80023598671,18.142261713128267,-65.26613490265188,-44.527485,1,0,1,-0.1996
0.9035000503063202,6324.500352144241,18.142255329110743,-65.26613556486836,-44.494442,1,0,1,-0.1665
0.903700053691864,6325.900375843048,18.14224254971645,-65.26613683694663,-43.99868,1,0,1,0.3292
0.9038000404834748,6326.600283384323,18.14223616704753,-65.26613749912762,-43.97502,1,0,1,0.3529
0.9038999974727632,6327.299982309341,18.14222979908487,-65.2661382146389,-44.403233,1,0,1,-0.0753
0.90420001745224,6329.40012216568,18.14221065689965,-65.26614024862663,-44.751263,1,0,1,-0.4234
0.9048000276088716,6333.6001932621,18.14217244821869,-65.2661443498097,-44.289894,1,0,1,0.038
0.9056000411510468,6339.200288057327,18.142121739294343,-65.26615145237521,-60.61954,1,0,3,-16.2916
0.9057000279426576,6339.900195598602,18.14211487845095,-65.26615017068364,-44.471127,1,0,1,-0.1432
0.9068000316619872,6347.600221633911,18.1420444728992,-65.2661572007422,-44.252502,1,0,1,0.0754
0.9083000123500824,6358.100086450577,18.141948881250208,-65.26616865296064,-60.017063,1,0,3,-15.6892
0.9094000458717346,6365.800321102142,18.14187793475501,-65.26617366989562,-43.44379,1,0,1,0.8841
0.910500019788742,6373.5001385211945,18.141807446177587,-65.26618064464598,-43.454895,1,0,1,0.873
0.911600023508072,6381.200164556503,18.1417369541862,-65.26618768690624,-44.137886,1,0,1,0.19
0.912600040435791,6388.200283050537,18.141673293423445,-65.2661958990157,-59.99961,1,0,3,-15.6717
0.912600040435791,6388.200283050537,18.141672837368823,-65.26619401292321,-44.173378,1,0,1,0.1545
0.9133000373840332,6393.100261688232,18.14162794849355,-65.26619843704553,-44.17526,1,0,1,0.3052
0.9136000275611876,6395.200192928314,18.14160870763748,-65.26620032616312,-44.117466,1,0,1,0.3629
0.914000004529953,6398.000031709671,18.141583056766425,-65.26620286331769,-44.19161,1,0,1,0.2888
0.914000004529953,6398.000031709671,18.14158306590589,-65.26620290094294,-44.507362,1,0,1,-0.027
0.9142000079154968,6399.400055408478,18.14157022556733,-65.26620411448225,-44.07987,1,0,1,0.4005
0.9151000082492828,6405.70005774498,18.141512499637063,-65.26620981870529,-44.174236,1,0,1,0.3062
0.9153000116348268,6407.100081443787,18.14149966770278,-65.26621107475232,-44.090992,1,0,1,0.3894
0.9154000282287598,6407.800197601318,18.141493254089223,-65.26621171697663,-44.16659,1,0,1,0.3138
0.9160000383853912,6412.000268697739,18.141454759889417,-65.26621550096482,-44.024582,1,0,1,0.4558
0.9163000285625458,6414.10019993782,18.14143552941823,-65.26621746119451,-44.513783,1,0,1,-0.0334
0.9164000451564788,6414.800316095352,18.14142910048427,-65.26621804319741,-44.074368,1,0,1,0.406
0.9165000319480896,6415.500223636627,18.141422696633526,-65.26621872065678,-44.436478,1,0,1,0.0439
0.9166000485420228,6416.200339794159,18.14141677155195,-65.26622139477153,-61.54857,0,0,3,-17.0682
0.9169000387191772,6418.300271034241,18.14139703619544,-65.26622126384582,-44.47113,1,0,1,0.0093
0.9171000123023988,6419.700086116791,18.141384689234723,-65.26622453544606,-61.263348,0,0,3,-16.7829
0.917600005865097,6423.200041055679,18.141352116732445,-65.26622565374548,-43.97411,1,0,1,0.5063
0.9178000092506408,6424.600064754486,18.141339286571448,-65.26622692949316,-43.9987,1,0,1,0.4817
0.9183000326156616,6428.100228309631,18.141307736118364,-65.26623230420074,-62.36792,0,0,3,-17.8875
0.9193000197410583,6435.100138187408,18.14124358369904,-65.26623868319808,-62.308167,0,0,3,-17.8278
0.919700026512146,6437.900185585022,18.141217399913128,-65.26623907096302,-44.073936,1,0,1,0.4065
0.9198000431060792,6438.600301742554,18.141211573541646,-65.26624215619975,-64.583694,0,0,0,-20.1033
0.9207000136375428,6444.900095462799,18.141153246821105,-65.26624545614804,-43.784008,1,0,1,0.6964
0.9221000373363496,6454.700261354446,18.14106344965641,-65.26625447550553,-43.65763,1,0,1,0.8228
0.9221000373363496,6454.700261354446,18.14106345871652,-65.26625451280844,-43.97069,1,0,1,0.5097
0.9222000241279602,6455.400168895721,18.14105703582037,-65.26625511631175,-43.601887,1,0,1,0.8785
0.922400027513504,6456.800192594528,18.141044758268567,-65.26625868834688,-62.69942,0,0,3,-18.219
0.9225000441074372,6457.50030875206,18.14103780479944,-65.266257097831,-43.911686,1,0,1,0.5687
0.922600030899048,6458.200216293335,18.141031386179428,-65.26625771857452,-43.67709,1,0,1,0.8033
0.9227000176906586,6458.90012383461,18.141024986310207,-65.26625841641676,-44.086872,1,0,1,0.3935
0.9229000508785248,6460.3003561496735,18.14101267249899,-65.26626184590374,-61.960045,0,0,3,-17.4796
0.9239000082015992,6467.300057411194,18.14094803792833,-65.26626620355499,-43.85688,1,0,1,0.6235
0.9241999983787536,6469.399988651276,18.140928807840137,-65.2662681737575,-43.933136,1,0,1,0.5473
0.9246000349521636,6472.200244665146,18.1409030951928,-65.26627073115922,-44.698498,1,0,1,-0.2181
0.9247000217437744,6472.900152206421,18.140896693014486,-65.26627140001281,-44.711754,1,0,1,-0.2313
0.9248000085353852,6473.600059747696,18.140890283209096,-65.26627203726,-44.45681,1,0,1,0.0236
0.9249000251293182,6474.300175905228,18.140884384263988,-65.2662748030958,-62.057755,0,0,3,-17.5773
0.9252000451087952,6476.400315761566,18.1408646574227,-65.26627466394864,-44.054836,1,0,1,0.4256
0.9252000451087952,6476.400315761566,18.140864653052933,-65.2662746459563,-43.903835,1,0,1,0.5766
0.9255000352859496,6478.500247001648,18.140845437521023,-65.26627661923258,-43.601486,1,0,1,0.8789
0.9255000352859496,6478.500247001648,18.140845986911906,-65.26627889863167,-62.72762,0,0,3,-18.2472
0.9256000220775604,6479.200154542923,18.140839593787565,-65.26627960292092,-63.012177,0,0,3,-18.5318
0.926200032234192,6483.400225639343,18.1408006416416,-65.26628138781176,-44.174377,1,0,1,0.306
0.9264000356197356,6484.80024933815,18.14078783939686,-65.26628273543155,-44.188354,1,0,1,0.2921
0.9266000390052797,6486.200273036957,18.14077503476241,-65.26628407236507,-44.101757,1,0,1,0.3787
0.9266000390052797,6486.200273036957,18.14077504790725,-65.26628412648935,-44.555984,1,0,1,-0.0756
0.9267000555992126,6486.9003891944885,18.140769155682417,-65.26628691628106,-62.307278,0,0,3,-17.8269
0.926900029182434,6488.300204277039,18.1407558428684,-65.2662861341456,-44.425705,1,0,1,0.0547
0.9275000095367432,6492.500066757202,18.14071743261702,-65.26629014298749,-44.039856,1,0,1,0.4406
0.928000032901764,6496.000230312347,18.140685428075987,-65.2662935053099,-43.827347,1,0,1,0.6531
0.9285000264644624,6499.500185251236,18.14065344080496,-65.26629692505163,-44.037086,1,0,1,0.4433
0.928700029850006,6500.900208950043,18.14064064921777,-65.26629830673727,-44.219707,1,0,1,0.2607
0.9292000234127044,6504.400163888931,18.14060866265741,-65.26630172192621,-44.309326,1,0,1,0.1711
0.9295000433921814,6506.50030374527,18.140589928591737,-65.26630567757168,-60.331665,0,0,3,-15.8513
0.9318000078201294,6522.600054740906,18.140442884945323,-65.26632169307852,-62.50185,0,0,0,-18.0214
0.9329000413417816,6530.300289392471,18.140372477082323,-65.26632897900993,-60.079197,0,0,3,-15.5988
0.9335000514984132,6534.500360488892,18.14033365781394,-65.2663312281558,-44.2107,1,0,1,0.2697
0.9344000220298768,6540.800154209137,18.140276116512744,-65.2663374215116,-43.99033,1,0,1,0.4901
0.9350000321865082,6545.000225305557,18.140237753483323,-65.2663415409045,-43.716293,1,0,1,0.7641
0.9354000389575958,6547.800272703171,18.14021218878037,-65.26634432735305,-43.853863,1,0,1,0.6265
0.9355000257492064,6548.500180244446,18.140205794546382,-65.26634500689404,-43.74397,1,0,1,0.7364
0.9359000325202942,6551.300227642059,18.140180659091808,-65.2663495659779,-58.741524,0,0,3,-14.2611
0.9363000392913818,6554.100275039673,18.140154652767286,-65.26635051880959,-43.46915,1,0,1,1.0113
0.9366000294685364,6556.200206279755,18.140135499481776,-65.26635268160463,-44.16225,1,0,1,0.3182
0.9369000494480132,6558.300346136093,18.140116307455923,-65.26635469108294,-43.56326,1,0,1,0.9172
0.9369000494480132,6558.300346136093,18.14011671484136,-65.26635637730088,-57.71226,0,0,3,-13.2318
0.9369000494480132,6558.300346136093,18.1401163238376,-65.26635475854097,-44.129368,1,0,1,0.351
0.9374000132083892,6561.800092458725,18.14008435656173,-65.26635816551378,-43.6141,1,0,1,0.8663
0.9375,6562.5,18.14007799410131,-65.2663589724276,-44.56402,1,0,1,-0.0836
0.9378000199794768,6564.6001398563385,18.140058796797675,-65.26636095561982,-43.73742,1,0,1,0.743
0.93790003657341,6565.30025601387,18.14005281048647,-65.26636332752093,-57.816586,0,0,3,-13.3362
0.9389000236988068,6572.300165891647,18.139988490480665,-65.26636854102783,-43.340363,1,0,1,1.14
0.9395000338554382,6576.500236988068,18.13995017826808,-65.26637282396179,-44.350574,1,0,1,0.1298
0.940000057220459,6580.000400543213,18.13991821611258,-65.26637624714184,-43.97564,1,0,1,0.5048
0.9402000308036804,6581.400215625763,18.139905426904683,-65.26637758778276,-43.590446,1,0,1,0.89
0.9408000111579896,6585.600078105927,18.139867112730485,-65.26638184225861,-44.395645,1,0,1,0.0848
0.9413000345230104,6589.100241661072,18.139834157226822,-65.26638113036624,-9.362079,0,0,0,35.1183
0.9417000114917756,6591.900080442429,18.139810018598705,-65.26638978357477,-58.732594,0,0,3,-14.2522
0.942300021648407,6596.100151538849,18.13977124505707,-65.26639213265294,-43.615177,1,0,1,0.8652
0.9431000351905824,6601.700246334076,18.13972055240428,-65.26639941666669,-58.352276,0,0,3,-13.8719
0.94350004196167,6604.500293731689,18.1396945496669,-65.2664003390907,-42.92856,1,0,1,1.5519
0.9436000287532806,6605.2002012729645,18.13968817179644,-65.26640107322666,-43.30158,1,0,1,1.1788
0.944100022315979,6608.700156211853,18.13965663597252,-65.26640622233482,-57.587284,0,0,3,-13.1069
0.9448000192642212,6613.600134849548,18.139611556285747,-65.26640942705565,-43.662186,1,0,1,0.8182
0.9455000460147858,6618.5003221035,18.13956721653097,-65.26641594163895,-58.204956,0,0,3,-13.7245
0.9456000328063964,6619.200229644775,18.139560794947734,-65.2664165061321,-57.217213,0,0,3,-12.7368
0.9456000328063964,6619.200229644775,18.13956089468549,-65.26641692550866,-60.73474,0,0,0,-16.2543
0.9457000195980072,6619.90013718605,18.13955402860429,-65.2664156420526,-44.24476,1,0,1,0.2357
0.945900022983551,6621.300160884857,18.1395412379807,-65.26641699460019,-44.151524,1,0,1,0.3289
0.9461000263690948,6622.700184583664,18.139528436448785,-65.26641830150942,-43.68174,1,0,1,0.7987
0.9465000331401824,6625.5002319812775,18.1395028801064,-65.26642110548677,-44.357483,1,0,1,0.1229
0.9466000497341156,6626.200348138809,18.13949348510332,-65.26640932753156,60.16966,0,0,0,104.6501
0.9471000134944916,6629.700094461441,18.1394649402414,-65.26642693129787,-59.014145,0,0,3,-14.5337
0.9475000202655792,6632.500141859055,18.139438936543787,-65.26642787612795,-44.158012,1,0,1,0.3224
0.9481000304222108,6636.700212955475,18.13940095924261,-65.26643354284565,-57.58166,0,0,3,-13.1012
0.9481000304222108,6636.700212955475,18.13940057618513,-65.26643195670748,-44.27325,1,0,1,0.2072
0.9481000304222108,6636.700212955475,18.139400573774072,-65.26643194677837,-44.18993,1,0,1,0.2905
0.9484000205993652,6638.800144195557,18.13938138665206,-65.26643395107628,-43.970448,1,0,1,0.51
0.9485000371932985,6639.500260353088,18.1393749935803,-65.266434634894,-44.031673,1,0,1,0.4487
0.9485000371932985,6639.500260353088,18.13937500048394,-65.26643466332435,-44.27025,1,0,1,0.2102
0.9493000209331512,6645.100146532059,18.139324216897805,-65.26644157945381,-56.963337,0,0,3,-12.4829
0.9494000375270844,6645.80026268959,18.13931781624273,-65.26644222964255,-56.75892,0,0,3,-12.2785
0.949800044298172,6648.600310087204,18.139292253131785,-65.26644497417378,-57.169857,0,0,3,-12.6894
0.9500000476837158,6650.000333786011,18.139279096944552,-65.26644479324554,-44.35472,1,0,1,0.1257
0.950300008058548,6652.100056409836,18.13925991450585,-65.26644679311256,-44.205463,1,0,1,0.2749
0.9509000182151794,6656.300127506256,18.139221932652884,-65.26645239506009,-57.39668,0,0,3,-12.9163
0.9515000283718108,6660.500198602676,18.13918318852912,-65.26645482862894,-44.073395,1,0,1,0.407
0.9519000351428986,6663.30024600029,18.13915760595821,-65.26645746665778,-43.751717,1,0,1,0.7287
0.9521000385284424,6664.700269699097,18.13914522077064,-65.26646046466558,-57.690094,0,0,3,-13.2097
0.9523000419139862,6666.100293397903,18.13913205052289,-65.26646021091662,-44.352703,1,0,1,0.1277
0.9528000354766846,6669.600248336792,18.139100074953333,-65.26646350042904,-43.967224,1,0,1,0.5132
0.9537000060081482,6675.900042057037,18.13904294877654,-65.26647117270007,-58.09095,0,0,3,-13.6105
0.9541999995708466,6679.399996995926,18.13901059607186,-65.26647287419176,-44.518784,1,0,1,-0.0384
0.9545000195503236,6681.500136852264,18.138991823953354,-65.26647654429581,-58.625656,0,0,3,-14.1452
0.954800009727478,6683.600068092346,18.13897223152581,-65.26647680722269,-44.16402,1,0,1,0.3164
0.955100029706955,6685.700207948685,18.138953460633616,-65.26648047515182,-58.287785,0,0,3,-13.8074
0.9555000364780426,6688.500255346298,18.13892748204325,-65.26648141907489,-44.033623,1,0,1,0.4468
0.9556000232696532,6689.200162887573,18.13892148229605,-65.2664836989437,-57.624817,0,0,3,-13.1444
0.9558000266551973,6690.60018658638,18.13890831112735,-65.26648341425793,-44.164684,1,0,1,0.3157
0.9559000432491302,6691.300302743912,18.13890047094242,-65.2664780609603,6.2819796,0,0,0,50.7624
0.9567000567913057,6696.900397539139,18.138850772760737,-65.26648928787941,-43.71885,1,0,1,0.7616
0.9569000005722046,6698.300004005432,18.13883839064823,-65.26649224460412,-57.50078,0,0,3,-13.0204
0.9572000205516816,6700.400143861771,18.138819211295623,-65.26649419518101,-57.33591,0,0,3,-12.8555
0.957500010728836,6702.500075101852,18.138799658503665,-65.26649458722358,-44.11283,1,0,1,0.3676
0.9580000340938568,6706.000238656998,18.138768081649243,-65.26649942974576,-57.25757,0,0,3,-12.7772
0.9581000208854676,6706.700146198273,18.13876130493943,-65.26649848180675,-43.81326,1,0,1,0.6672
0.9582000374794006,6707.400262355804,18.13875531272689,-65.26650078953111,-57.68557,0,0,3,-13.2052
0.958400011062622,6708.8000774383545,18.13874215260429,-65.26650051978793,-44.450027,1,0,1,0.0304
0.958700031042099,6710.900217294693,18.13872298344232,-65.26650249250645,-44.55378,1,0,1,-0.0734
0.959900051355362,6719.300359487534,18.13864627703324,-65.2665102047718,-43.632534,1,0,1,0.8479
0.9602999985218048,6722.099989652634,18.138620711194985,-65.2665127572052,-43.230255,1,0,1,1.2502
0.960400015115738,6722.800105810165,18.138614335924984,-65.26651346889903,-43.74977,1,0,1,0.7306
0.961400032043457,6729.800224304199,18.1385504519584,-65.26651998041703,-43.96324,1,0,1,0.5172
0.9620000422000884,6734.00029540062,18.138512516715352,-65.26652550211118,-57.71689,0,0,3,-13.2365
0.9620000422000884,6734.00029540062,18.13851211677953,-65.26652384643509,-43.82489,1,0,1,0.6555
0.9622000455856324,6735.400319099426,18.138499739493653,-65.26652679196843,-57.693127,0,0,3,-13.2127
0.9624000191688538,6736.800134181976,18.13848656327473,-65.26652642022357,-43.735306,1,0,1,0.7451
0.9630000293254852,6741.000205278397,18.13844824086308,-65.26653031212408,-43.905235,1,0,1,0.5752
0.9630000293254852,6741.000205278397,18.13844824392984,-65.2665303247536,-44.011215,1,0,1,0.4692
0.9630000293254852,6741.000205278397,18.138449605809363,-65.26653597650167,-91.42957,0,0,0,-46.9492
0.9634000360965728,6743.80025267601,18.13842308438205,-65.26653452018849,-57.585297,0,0,3,-13.1049
0.963800013065338,6746.600091457367,18.13839713807871,-65.26653544342886,-43.72787,1,0,1,0.7525
0.9642000198364258,6749.4001388549805,18.13837199495708,-65.26653969289046,-57.799526,0,0,3,-13.3191
0.9648000299930573,6753.600209951401,18.13833322255385,-65.26654184019735,-43.341473,1,0,1,1.1389
0.9648000299930573,6753.600209951401,18.138333237462668,-65.26654190159456,-43.856697,1,0,1,0.6237
0.9657000303268432,6759.900212287903,18.13827620764881,-65.2665493874809,-58.357727,0,0,3,-13.8773
0.9657000303268432,6759.900212287903,18.138275785113606,-65.26654763877048,-43.684834,1,0,1,0.7956
0.9659000337123872,6761.30023598671,18.13826300825732,-65.26654887067878,-43.298203,1,0,1,1.1822
0.9660000205039978,6762.000143527985,18.13825664712625,-65.26654959450535,-44.012577,1,0,1,0.4678
0.966200053691864,6763.400375843048,18.138243874411195,-65.26655084940101,-43.823803,1,0,1,0.6566
0.9671000242233276,6769.7001695632935,18.13818646447808,-65.26655670935752,-44.821346,1,0,1,-0.3409
0.9671000242233276,6769.7001695632935,18.138186834686167,-65.26655824255525,-57.68581,0,0,3,-13.2054
0.9677000343799592,6773.900240659714,18.138148146524824,-65.26656042716552,-43.942448,1,0,1,0.538
0.9682000279426576,6777.400195598602,18.13811624555424,-65.26656364020388,-44.198055,1,0,1,0.2824
0.9685000479221344,6779.500335454941,18.138097102462133,-65.26656556130621,-44.30307,1,0,1,0.1773
0.9689000248908995,6782.300174236298,18.138071580409896,-65.26656811496737,-44.390266,1,0,1,0.0901
0.9699000418186188,6789.300292730331,18.13800777382354,-65.26657450051552,-44.660423,1,0,1,-0.18
0.9699000418186188,6789.300292730331,18.13800773301373,-65.26657433246226,-43.250145,1,0,1,1.2303
0.9701000452041626,6790.700316429138,18.137995001199428,-65.26657572924448,-44.31513,1,0,1,0.1653
0.971400022506714,6799.800157546997,18.137912040478327,-65.26658394648538,-44.049667,1,0,1,0.4307
0.9722000360488892,6805.400252342224,18.137860999876587,-65.26658905516503,-44.347637,1,0,1,0.1328
0.9725000262260436,6807.500183582306,18.137842241988498,-65.26659254962817,-57.710323,0,0,3,-13.2299
0.9728000462055206,6809.600323438644,18.137822974123456,-65.26659394350492,-53.446384,1,0,0,-8.966
0.9728000462055206,6809.600323438644,18.13782268067137,-65.26659272647491,-43.234802,1,0,1,1.2456
0.9729000329971312,6810.300230979919,18.13781631239861,-65.26659340959026,-43.648308,1,0,1,0.8321
0.9732000529766084,6812.400370836258,18.13779756679338,-65.26659696326124,-57.50859,0,0,3,-13.0282
0.9735000133514404,6814.500093460083,18.137778048718083,-65.26659730281052,-44.40304,1,0,1,0.0774
0.974100023508072,6818.700164556503,18.13773974279032,-65.26660103188824,-43.778778,1,0,1,0.7016
0.974800020456314,6823.600143194199,18.137695467112216,-65.26660709834613,-57.44526,0,0,3,-12.9648
0.975000023841858,6825.000166893005,18.13768269893864,-65.26660834553105,-57.269566,1,0,3,-12.7892
0.9754000306129456,6827.800214290619,18.137656806198592,-65.26660936539476,-44.54316,1,0,1,-0.0627
0.9756000339984894,6829.200237989426,18.13764441071605,-65.26661215759088,-57.32888,1,0,3,-12.8485
0.9756000339984894,6829.200237989426,18.137644036117653,-65.26661060646576,-44.313393,1,0,1,0.167
0.9757000207901,6829.900145530701,18.13763764404672,-65.2666111942858,-43.924335,1,0,1,0.5561
0.9762000441551208,6833.400309085846,18.13760573869552,-65.26661438689824,-44.097034,1,0,1,0.3834
0.9765000343322754,6835.500240325928,18.137586585044428,-65.26661625513461,-43.80059,1,0,1,0.6798
0.9772000014781952,6840.400010347366,18.1375419320166,-65.26662077898929,-44.476734,1,0,1,0.0037
0.9785000383853912,6849.500268697739,18.1374589509312,-65.26662901636348,-44.28518,1,0,1,0.1952
0.978600025177002,6850.200176239014,18.13745257371092,-65.26662967208169,-44.452484,1,0,1,0.0279
0.978600025177002,6850.200176239014,18.13745295703009,-65.26663125906468,-57.7691,1,0,3,-13.2887
0.9790000319480896,6853.000223636627,18.13742742999468,-65.26663382655238,-57.9638,1,0,3,-13.4834
0.9794000387191772,6855.800271034241,18.137401493344004,-65.26663470346925,-43.961735,1,0,1,0.5187
0.9796000421047212,6857.200294733048,18.137388725559983,-65.26663597393618,-43.93799,1,0,1,0.5424
0.9796000421047212,6857.200294733048,18.137388731964585,-65.2666360003072,-44.1593,1,0,1,0.3211
0.9802000224590302,6861.400157213211,18.13735044008681,-65.26663985907345,-44.4691,1,0,1,0.0113
0.9803000092506408,6862.100064754486,18.1373440361378,-65.26664041029227,-43.747204,1,0,1,0.7332
0.9803000092506408,6862.100064754486,18.13734444792289,-65.26664211445751,-58.047356,1,0,3,-13.5669
0.9805000126361848,6863.500088453293,18.137331662384387,-65.2666433180611,-57.448563,1,0,3,-12.9682
0.9824000298976898,6876.800209283829,18.13720995969867,-65.26665382788723,-43.829754,1,0,1,0.6507
0.9827000200748444,6878.900140523911,18.137190803768263,-65.26665574688411,-43.82699,1,0,1,0.6534
0.9827000200748444,6878.900140523911,18.13719080124036,-65.26665573647573,-43.73964,1,0,1,0.7408
0.9830000400543212,6881.000280380249,18.13717164714436,-65.26665767490064,-43.88927,1,0,1,0.5911
0.9834000468254088,6883.800327777863,18.13714611490085,-65.26666028718337,-44.308056,1,0,1,0.1724
0.9836000204086304,6885.200142860413,18.1371337700342,-65.26666333105992,-59.094852,1,0,3,-14.6144
0.9836000204086304,6885.200142860413,18.13713333883031,-65.26666154698448,-44.12385,1,0,1,0.3566
0.984000027179718,6888.000190258026,18.137107811985988,-65.26666419217865,-44.793427,1,0,1,-0.313
0.9841000139713288,6888.700097799301,18.13710142109789,-65.2666648128101,-44.617615,1,0,1,-0.1372
0.9846000373363496,6892.200261354446,18.137069481848624,-65.26666786675364,-43.52753,1,0,1,0.9529
0.9873000383377076,6911.100268363953,18.136896966801167,-65.2666854065394,-44.29758,1,0,1,0.1828
0.9877000153064728,6913.900107145309,18.136871772887016,-65.26668953313671,-57.165176,1,0,0,-12.6848
0.9877000153064728,6913.900107145309,18.13687139752677,-65.26668797901588,-44.123867,1,0,1,0.3565
0.9877000153064728,6913.900107145309,18.136871841790104,-65.2666898168322,-59.546097,1,0,3,-15.0657
0.9877000153064728,6913.900107145309,18.13687195227749,-65.266690280389,-63.4348,1,0,0,-18.9544
0.987800031900406,6914.600223302841,18.136865010696543,-65.26668865183107,-44.3256,1,0,1,0.1548
0.9880000352859496,6916.000247001648,18.136852665090025,-65.26669176177495,-59.53265,1,0,3,-15.0522
0.9882000088691713,6917.400062084198,18.136839896724247,-65.26669311608983,-60.00431,1,0,3,-15.5239
0.9882000088691713,6917.400062084198,18.13683947503388,-65.26669137121439,-45.362076,1,0,0,-0.8817
0.9889000356197356,6922.30024933815,18.13679511846541,-65.26669753502259,-58.91764,1,0,3,-14.4372
0.9889000356197356,6922.30024933815,18.136794705293568,-65.26669582522126,-44.569736,1,0,1,-0.0893
0.9901000261306764,6930.700182914734,18.136717953440783,-65.26670347609355,-43.216667,1,0,1,1.2637
0.990200012922287,6931.400090456009,18.136711560866257,-65.26670412684035,-43.208004,1,0,1,1.2724
0.9908000230789183,6935.600161552429,18.13667319261293,-65.26670801043123,-42.95304,1,0,1,1.5274
0.991200029850006,6938.400208950043,18.136648104818512,-65.26671263706885,-59.860474,1,0,3,-15.3801
0.9913000166416168,6939.100116491318,18.13664123020625,-65.26671129841661,-43.14548,1,0,1,1.3349
0.9917000234127044,6941.900163888931,18.13661567312533,-65.26671399109127,-43.80254,1,0,1,0.6779
0.9918000400066376,6942.600280046463,18.13660954579416,-65.26671575624812,-53.126312,1,0,0,-8.6459
0.9919000267982484,6943.300187587738,18.13660335010401,-65.26671722359181,-59.95294,1,0,3,-15.4725
0.9920000433921814,6944.00030374527,18.13659648152512,-65.26671592015981,-43.524586,1,0,1,0.9558
0.992300033569336,6946.100234985352,18.13657730110403,-65.26671789012167,-43.582226,1,0,1,0.8982
0.993300050497055,6953.100353479385,18.13651336156561,-65.26672447046694,-43.82213,1,0,1,0.6583
0.9953000247478484,6967.10017323494,18.13638586599161,-65.26673928425541,-57.89134,1,0,3,-13.4109
0.99590003490448,6971.30024433136,18.136347460192088,-65.26674310235121,-56.787815,1,0,3,-12.3074
0.9960000514984132,6972.000360488892,18.13634070521513,-65.26674227713858,-44.335457,1,0,1,0.145
0.9962000548839568,6973.400384187698,18.136327901325693,-65.26674354366968,-43.90751,1,0,1,0.5729
0.9964000582695008,6974.800407886505,18.136315127968725,-65.26674493666957,-44.537712,1,0,1,-0.0573
0.9964000582695008,6974.800407886505,18.13631512598588,-65.26674492850546,-44.469193,1,0,1,0.0112
0.9967000484466552,6976.900339126587,18.136295942198696,-65.26674691754542,-44.566185,1,0,1,-0.0858
0.9970000088214874,6979.000061750412,18.136276751156945,-65.26674887021683,-44.352535,1,0,1,0.1279
0.9972000122070312,6980.400085449219,18.136263959877148,-65.26675019217042,-44.373913,1,0,1,0.1065
0.9974000155925752,6981.8001091480255,18.1362511583924,-65.26675147272478,-44.044827,1,0,1,0.4356
0.9974000155925752,6981.8001091480255,18.13625115524472,-65.26675145976452,-43.936054,1,0,1,0.5444
0.9979000091552734,6985.300064086914,18.136219188395348,-65.26675481143093,-44.36256,1,0,1,0.1179
0.9983000457286836,6988.100320100784,18.13619359843707,-65.26675743854781,-44.233635,1,0,1,0.2468
0.9988000392913818,6991.600275039673,18.136161618523985,-65.26676074225674,-44.226276,1,0,1,0.2541
0.9989000260829926,6992.300182580948,18.136155220800187,-65.26676139286967,-44.138493,1,0,1,0.3419
0.9996000528335572,6997.2003698349,18.136110425565963,-65.26676593585586,-43.404892,1,0,1,1.0755
0.9996000528335572,6997.2003698349,18.136110806167952,-65.26676751160386,-56.62792,1,0,3,-12.1475
1.0005000233650208,7003.500163555145,18.13605287682039,-65.26677195042248,-43.879517,1,0,1,0.6009
1.0006000101566317,7004.20007109642,18.13604648920261,-65.26677264381206,-44.14074,1,0,1,0.3397
1.0016000270843506,7011.200189590454,18.13598252672221,-65.26677926445387,-44.087746,1,0,1,0.3927
1.0019000470638275,7013.300329446793,18.1359633225438,-65.26678119126038,-43.563408,1,0,1,0.917
1.002100020647049,7014.700144529343,18.13595055014304,-65.26678259015785,-44.173656,1,0,1,0.3068
1.002100020647049,7014.700144529343,18.135950837386453,-65.26678378152283,-54.17069,1,0,3,-9.6903
1.0023000240325928,7016.100168228149,18.13593776188993,-65.26678393178265,-44.29989,1,0,1,0.1805
1.002400040626526,7016.800284385681,18.13593165884977,-65.26678581378228,-54.524956,1,0,3,-10.0445
1.0026000440120697,7018.200308084488,18.13591856087111,-65.26678587135113,-43.873806,1,0,1,0.6066
1.0028000473976135,7019.600331783295,18.135906046112748,-65.26678834750365,-53.51609,1,0,3,-9.0357
1.0028000473976135,7019.600331783295,18.135906046690472,-65.26678834988243,-53.536053,1,0,3,-9.0556
1.0038000345230105,7026.600241661072,18.135841791078114,-65.26679374327753,-43.095455,1,0,1,1.385
1.0043000280857086,7030.10019659996,18.13581004622889,-65.26679801915702,-51.11606,1,0,3,-6.6356
1.0044000148773191,7030.800104141235,18.1358035215385,-65.26679814808554,-46.72605,1,0,0,-2.2456
1.0047000348567965,7032.900243997574,18.13578452698553,-65.2668009427487,-53.43461,1,0,0,-8.9542
1.00490003824234,7034.300267696381,18.13577143908799,-65.26680103892554,-43.079876,1,0,1,1.4005
1.0056000351905825,7039.200246334076,18.135726696889293,-65.26680578554013,-43.83827,1,0,1,0.6421
1.005800038576126,7040.600270032883,18.135713881234768,-65.26680700938972,-42.942535,1,0,1,1.5379
1.0063000321388245,7044.100224971771,18.13568193076469,-65.26681042787656,-43.71339,1,0,1,0.767
1.0065000355243685,7045.500248670578,18.13566937545367,-65.26681273053481,-51.868237,1,0,3,-7.3878
1.0067000091075895,7046.900063753128,18.13565636556256,-65.2668131355271,-44.101303,1,0,1,0.3791
1.0069000124931335,7048.300087451935,18.135643561451563,-65.26681440393563,-43.577057,1,0,1,0.9034
1.007200002670288,7050.400018692017,18.135624386575653,-65.26681643055215,-43.83175,1,0,1,0.6487
1.008800029754639,7061.600208282471,18.13552205441136,-65.26682696066905,-42.84783,1,0,1,1.6326
1.0089000463485718,7062.300324440002,18.13551593787296,-65.26682877962213,-52.526558,1,0,3,-8.0461
1.0103000104427338,7072.100073099136,18.13542618958664,-65.2668370703432,-43.940838,1,0,1,0.5396
1.0105000138282776,7073.500096797943,18.135413639308023,-65.26683937887401,-52.148937,1,0,3,-7.6685
1.0116000473499298,7081.200331449509,18.135343380689303,-65.2668469423204,-54.23388,1,0,0,-9.7535
1.0119000375270844,7083.30026268959,18.13532391345621,-65.2668477271024,-44.084835,1,0,1,0.3956
1.012000024318695,7084.0001702308655,18.13531752030777,-65.26684838340142,-44.01498,1,0,1,0.4654
1.012000024318695,7084.0001702308655,18.1353175199688,-65.26684838200568,-44.003265,1,0,1,0.4771
1.0121000409126282,7084.700286388397,18.135308110361823,-65.26683652166294,61.09719,0,0,0,105.5776
1.0121000409126282,7084.700286388397,18.13531114460057,-65.26684911930796,-44.611866,1,0,1,-0.1315
1.012300044298172,7086.100310087204,18.13529858121057,-65.26685136518313,-52.302902,1,0,0,-7.8225
1.013700008392334,7095.900058746338,18.13520886180727,-65.26685966061059,-43.871822,1,0,1,0.6086
1.0144000351428986,7100.80024600029,18.13516414522896,-65.26686439426005,-44.59689,1,0,1,-0.1165
1.0145000219345093,7101.500153541565,18.13515800114116,-65.26686607813691,-53.15806,1,0,3,-8.6776
1.014700025320053,7102.900177240372,18.135145198581384,-65.26686731775446,-52.422665,1,0,3,-7.9423
1.015200048685074,7106.400340795517,18.13511299184861,-65.26686958240214,-43.58953,1,0,1,0.8909
1.0153000354766846,7107.100248336792,18.135106852869097,-65.26687128508732,-52.311886,1,0,3,-7.8315
1.0154000222682953,7107.800155878067,18.135100460831968,-65.2668719371761,-52.219032,1,0,3,-7.7386
1.0156000256538391,7109.200179576874,18.13508745679307,-65.26687233349674,-44.41549,1,0,1,0.0649
1.0156000256538391,7109.200179576874,18.13508770449878,-65.26687336210959,-53.046566,1,0,3,-8.5662
1.015800058841705,7110.600411891937,18.13507467141737,-65.26687364575447,-44.29749,1,0,1,0.1829
1.015900045633316,7111.300319433212,18.13506829086033,-65.26687434337106,-44.589016,1,0,1,-0.1086
1.0162000358104706,7113.400250673294,18.13504912108172,-65.2668763268243,-44.54653,1,0,1,-0.0661
1.0164000391960144,7114.800274372101,18.13503657141589,-65.26687860686339,-52.5562,1,0,3,-8.0758
1.0164000391960144,7114.800274372101,18.13503632843012,-65.26687759768562,-44.08823,1,0,1,0.3922
1.0166000425815582,7116.200298070908,18.13502379806038,-65.2668799560432,-52.757065,1,0,3,-8.2767
1.0169000029563904,7118.300020694733,18.13500439797139,-65.26688096851096,-44.5786,1,0,1,-0.0982
1.0170000195503237,7119.000136852264,18.134998007331177,-65.26688162952446,-44.566402,1,0,1,-0.086
1.0172000229358673,7120.400160551071,18.13498521321261,-65.266882889797,-44.026817,1,0,1,0.4536
1.0174000263214111,7121.800184249878,18.13497242844541,-65.2668841874379,-43.8028,1,0,1,0.6776
1.0178000330924988,7124.600231647492,18.134946893830502,-65.26688692309693,-44.538784,1,0,1,-0.0584
1.0184000432491302,7128.800302743912,18.134908562875463,-65.26689089885484,-44.585625,1,0,1,-0.1052
1.018500030040741,7129.500210285187,18.134902341091024,-65.26689224286791,-50.314667,1,0,3,-5.8343
1.0187000334262848,7130.9002339839935,18.134889402663607,-65.26689290043397,-44.731686,1,0,1,-0.2513
1.0191000401973724,7133.700281381607,18.134863846381965,-65.26689553221364,-44.621983,1,0,1,-0.1416
1.019400030374527,7135.800212621689,18.13484468719498,-65.26689753214771,-44.764942,1,0,1,-0.2845
1.0199000537395475,7139.300376176834,18.13481274328098,-65.26690082141941,-44.6424,1,0,1,-0.162
1.020000010728836,7140.000075101852,18.1348063560143,-65.26690147183827,-44.559673,1,0,1,-0.0793
1.0201000273227692,7140.700191259384,18.1347999672309,-65.26690213181071,-44.554337,1,0,1,-0.0739
1.0208000242710114,7145.60016989708,18.134755258016344,-65.26690676245056,-44.628902,1,0,1,-0.1485
1.021200031042099,7148.400217294693,18.13472968688641,-65.26690931049656,-43.859493,1,0,1,0.6209
1.0215000212192535,7150.500148534775,18.134710526843243,-65.26691128995552,-43.86291,1,0,1,0.6175
1.0217000246047974,7151.9001722335815,18.13469776555189,-65.26691266068825,-44.295982,1,0,1,0.1844
1.0220000445842743,7154.00031208992,18.134678815965653,-65.26691551957013,-51.68432,1,0,3,-7.2039
1.0220000445842743,7154.00031208992,18.134678609421155,-65.26691466045243,-44.47574,1,0,1,0.0047
1.0223000347614288,7156.100243330002,18.134659432631903,-65.26691656486094,-43.861347,1,0,1,0.6191
1.0226000547409058,7158.20038318634,18.134640588909257,-65.26691985516558,-54.879414,1,0,0,-10.399
1.0228000581264496,7159.600406885147,18.13462750823588,-65.26691989668686,-44.169495,1,0,1,0.3109
1.023000031709671,7161.000221967697,18.13461473178515,-65.26692119053266,-43.971798,1,0,1,0.5086
1.0233000218868256,7163.100153207779,18.13459594457996,-65.26692470048343,-56.845116,1,0,0,-12.3647
1.0237000286579132,7165.9002006053925,18.134570211426123,-65.26692654778378,-50.245705,1,0,3,-5.7653
1.023800015449524,7166.600108146668,18.134563645802665,-65.2669264622853,-44.003906,1,0,1,0.4765
1.0240000188350675,7168.000131845474,18.13455087403157,-65.26692777915275,-44.007126,1,0,1,0.4733
1.0244000256061554,7170.800179243088,18.13452532770141,-65.26693058582573,-45.072933,1,0,0,-0.5925
1.024500012397766,7171.500086784363,18.134518904317027,-65.26693107221202,-43.659927,1,0,1,0.8205
1.0254000425338743,7177.800297737122,18.134461493378755,-65.26693712564543,-45.01977,1,0,0,-0.5394
1.0254000425338743,7177.800297737122,18.13446147904873,-65.26693706664055,-44.524563,1,0,1,-0.0442
1.0256000459194183,7179.200321435928,18.134448750322573,-65.26693852937373,-45.817616,1,0,0,-1.3372
1.0256000459194183,7179.200321435928,18.13444870224257,-65.26693833140119,-44.15609,1,0,1,0.3243
1.0256000459194183,7179.200321435928,18.134448713286268,-65.26693837687434,-44.537735,1,0,1,-0.0573
1.0256000459194183,7179.200321435928,18.13444875791222,-65.26693856062454,-46.07989,1,0,0,-1.5995
1.025700032711029,7179.900228977203,18.134442326971826,-65.26693901358699,-44.391212,1,0,1,0.0892
1.026000052690506,7182.000368833542,18.13442316396296,-65.26694092207964,-43.93659,1,0,1,0.5438
1.0261000394821167,7182.700276374817,18.1344167758072,-65.26694155058568,-43.722507,1,0,1,0.7579
1.0265000462532043,7185.50032377243,18.13439127543509,-65.26694429440866,-44.794518,1,0,1,-0.3141
1.026600003242493,7186.200022697449,18.134384876663447,-65.26694487049868,-44.143593,1,0,1,0.3368
1.0268000066280365,7187.600046396256,18.1343721071162,-65.26694616195095,-44.00642,1,0,1,0.474
1.0269000232219696,7188.300162553787,18.134365729507955,-65.26694684088535,-44.216118,1,0,1,0.2643
1.0271000266075134,7189.700186252594,18.134352932224065,-65.2669480171946,-43.11404,1,0,1,1.3664
1.0273000299930573,7191.100209951401,18.134340211658323,-65.26694950899847,-44.660664,1,0,1,-0.1803
1.0273000299930573,7191.100209951401,18.134340201690847,-65.26694946795722,-44.316216,1,0,1,0.1642
1.0280000269412994,7196.000188589096,18.13429551581219,-65.2669540078332,-44.016544,1,0,1,0.4639
1.028600037097931,7200.200259685516,18.13425721657304,-65.26695791243236,-43.87522,1,0,1,0.6052
1.028600037097931,7200.200259685516,18.13425733207352,-65.26695838800299,-47.866558,1,0,3,-3.3861
1.0287000238895416,7200.900167226791,18.13425082642287,-65.26695853046589,-43.578033,1,0,1,0.9024
1.0288000404834747,7201.600283384323,18.134244445862088,-65.26695919598524,-43.677795,1,0,1,0.8026
1.0289000272750854,7202.300190925598,18.134238081236973,-65.26695991907243,-44.262383,1,0,1,0.218
1.0289000272750854,7202.300190925598,18.13423806532149,-65.26695985354094,-43.712395,1,0,1,0.768
1.0290000438690186,7203.00030708313,18.13423199817675,-65.26696181815028,-54.713436,1,0,0,-10.233
1.0291000306606293,7203.700214624405,18.134225306883145,-65.26696118751815,-43.938374,1,0,1,0.542
1.029300034046173,7205.100238323212,18.13421265378349,-65.26696295519639,-47.804333,1,0,3,-3.3239
1.02960005402565,7207.20037817955,18.134193727433644,-65.26696583913495,-55.55122,1,0,0,-11.0708
1.030100017786026,7210.700124502182,18.13416148646361,-65.26696773374968,-44.03097,1,0,1,0.4494
1.0306000113487244,7214.200079441071,18.13412988374316,-65.26697228258364,-54.779568,1,0,0,-10.2992
1.0314000248908997,7219.800174236298,18.134078493759752,-65.26697614852519,-43.33481,1,0,1,1.1456
1.0315000414848328,7220.500290393829,18.134072134636387,-65.26697690332561,-44.181404,1,0,1,0.299
1.0317000448703766,7221.900314092636,18.13405937837151,-65.26697824866189,-44.49689,1,0,1,-0.0165
1.0319000482559204,7223.300337791443,18.134046822768635,-65.26698042927032,-51.819916,1,0,0,-7.3395
1.0320000350475311,7224.000245332718,18.13404024615678,-65.2669802724456,-45.01752,1,0,0,-0.5371
1.0320000350475311,7224.000245332718,18.13404022232673,-65.2669801743283,-44.194042,1,0,1,0.2864
1.0320000350475311,7224.000245332718,18.134040232562416,-65.26698021647246,-44.547752,1,0,1,-0.0673
1.032700031995773,7228.900223970413,18.13399554994592,-65.26698478081343,-44.426487,1,0,1,0.0539
1.0345000326633451,7241.500228643417,18.13388063053855,-65.2669964673408,-43.60528,1,0,1,0.8751
1.0348000228405,7243.600159883499,18.133861745480505,-65.26699953132669,-52.820713,1,0,0,-8.3403
1.0352000296115875,7246.400207281113,18.133835954098583,-65.26700108822361,-43.882587,1,0,1,0.5978
1.0353000462055206,7247.100323438644,18.13382969803685,-65.26700227377397,-48.328815,1,0,3,-3.8484
1.0356000363826752,7249.200254678726,18.133810421421565,-65.2670037224457,-43.975334,1,0,1,0.5051
1.0362000465393066,7253.400325775146,18.133772444391884,-65.26700901555347,-55.355484,1,0,0,-10.8751
1.036600023508072,7256.200164556503,18.13374657594575,-65.2670102608173,-43.768795,1,0,1,0.7116
1.0370000004768372,7259.00000333786,18.133721302017644,-65.26701397553214,-52.89329,1,0,3,-8.4129
1.037200003862381,7260.400027036667,18.133708471575165,-65.26701502902667,-50.70627,1,0,3,-6.2259
1.0378000140190125,7264.600098133087,18.13367002963491,-65.2670184257813,-46.105106,1,0,0,-1.6247
1.0387000441551208,7270.900309085846,18.13361282846298,-65.26702545545771,-55.383854,1,0,3,-10.9034
1.0387000441551208,7270.900309085846,18.133612503191145,-65.26702410759653,-44.073166,1,0,1,0.4072
1.0387000441551208,7270.900309085846,18.133612500099865,-65.26702409486906,-43.966347,1,0,1,0.5141
1.0388000309467316,7271.600216627121,18.133606118042344,-65.26702476348032,-44.050415,1,0,1,0.43
1.039100021123886,7273.700147867203,18.133586965326035,-65.26702675233415,-44.15335,1,0,1,0.3271
1.039500057697296,7276.500403881073,18.13356142270838,-65.26702939877656,-44.230686,1,0,1,0.2497
1.039800047874451,7278.600335121155,18.13354226493074,-65.267031373691,-44.198193,1,0,1,0.2822
1.039900004863739,7279.300034046173,18.13353635303193,-65.2670339909108,-60.62523,1,0,0,-16.1448
1.0403000116348269,7282.100081443787,18.133510342029066,-65.26703469428311,-44.370907,1,0,1,0.1095
1.040900021791458,7286.300152540207,18.13347202540137,-65.26703866733621,-44.446484,1,0,1,0.0339
1.0413000285625458,7289.10019993782,18.133446471109224,-65.26704128212269,-44.1931,1,0,1,0.2873
1.0417000353336334,7291.900247335434,18.13342091430704,-65.26704389216069,-43.884212,1,0,1,0.5962
1.042000025510788,7294.000178575516,18.133402145288247,-65.26704749903843,-57.484005,1,0,3,-13.0036
1.042100042104721,7294.700294733047,18.13339593280398,-65.26704889371439,-63.627655,1,0,0,-19.1472
1.0426000356674194,7298.200249671936,18.133363424658302,-65.2670498354576,-43.725037,1,0,1,0.7554
1.0428000390529633,7299.600273370743,18.13335066094008,-65.26705120937535,-44.124672,1,0,1,0.3557
1.043000042438507,7301.00029706955,18.13333787790688,-65.26705250518002,-43.864597,1,0,1,0.6158
1.0434000194072723,7303.800135850906,18.13331298511508,-65.26705788225318,-66.70823,1,0,0,-22.2278
1.0437000095844269,7305.900067090988,18.133293681148995,-65.26705929630174,-61.853264,1,0,0,-17.3729
1.0442000329494476,7309.400230646133,18.133261208472923,-65.26706042021954,-43.394936,1,0,1,1.0855
1.044800043106079,7313.600301742554,18.133222942489297,-65.26706447049882,-44.13906,1,0,1,0.3414
1.044800043106079,7313.600301742554,18.133222960519625,-65.26706454473238,-44.762093,1,0,1,-0.2817
1.0453000366687777,7317.100256681442,18.133190987866307,-65.26706784965234,-44.43418,1,0,1,0.0462
1.0457000434398651,7319.900304079056,18.13316585918369,-65.26707236152954,-59.828056,1,0,3,-15.3476
1.0460000336170197,7322.000235319138,18.13314623569254,-65.2670725304196,-44.383373,1,0,1,0.097
1.0460000336170197,7322.000235319138,18.13314622470103,-65.26707248516573,-44.003563,1,0,1,0.4768
1.0462000370025637,7323.400259017944,18.133133430182497,-65.26707379254775,-43.728043,1,0,1,0.7524
1.04830002784729,7338.10019493103,18.13299918853318,-65.26708797881712,-44.45522,1,0,1,0.0252
1.04830002784729,7338.10019493103,18.13299918804657,-65.26708797681367,-44.438404,1,0,1,0.042
1.0488000214099884,7341.600149869919,18.132967226033088,-65.26709136595971,-44.649002,1,0,1,-0.1686
1.0490000247955322,7343.000173568726,18.13295442298293,-65.26709264897362,-44.11728,1,0,1,0.3631
1.049100041389465,7343.700289726257,18.132948037416725,-65.26709336037166,-44.435917,1,0,1,0.0445
1.049500048160553,7346.500337123871,18.132922462808423,-65.2670960578649,-44.4627,1,0,1,0.0177
1.0504000186920166,7352.800130844116,18.132864924125865,-65.26710213581455,-44.552128,1,0,1,-0.0717
1.051200032234192,7358.400225639343,18.132813770558432,-65.26710751768266,-44.40586,1,0,1,0.0746
1.0518000423908234,7362.600296735764,18.132775410945936,-65.26711157618709,-44.453754,1,0,1,0.0267
1.0518000423908234,7362.600296735764,18.13277589589733,-65.26711359016056,-61.353127,1,0,3,-16.8727
1.0523000359535215,7366.100251674652,18.1327439496801,-65.26711704988148,-62.02853,1,0,3,-17.5481
1.0526000559329989,7368.200391530991,18.13272479293431,-65.26711917619468,-62.84924,1,0,3,-18.3688
1.0527000427246094,7368.900299072266,18.132717871651064,-65.26711765646648,-44.423058,1,0,1,0.0574
1.0535000264644625,7374.500185251236,18.132666712243537,-65.26712299408365,-43.797386,1,0,1,0.683
1.0541000366210938,7378.700256347656,18.132628371063,-65.26712711386723,-44.285557,1,0,1,0.1949
1.0542000234127045,7379.400163888931,18.132621976407545,-65.2671277774973,-44.173244,1,0,1,0.3072
1.0544000267982483,7380.800187587738,18.13260918739916,-65.26712911346905,-44.01886,1,0,1,0.4616
1.054900050163269,7384.300351142883,18.1325777603838,-65.26713471712067,-62.62085,1,0,3,-18.1404
1.0554000437259674,7387.800306081772,18.132545814741675,-65.26713815469684,-63.040325,1,0,3,-18.5599
1.0556000471115112,7389.200329780579,18.132532483771698,-65.26713723646097,-43.9625,1,0,1,0.5179
1.055700033903122,7389.900237321854,18.13252611210412,-65.26713799132486,-44.610878,1,0,1,-0.1305
1.0560000538825989,7392.000377178192,18.13250693629153,-65.26714002000155,-44.571133,1,0,1,-0.0907
1.0566000044345856,7396.200031042099,18.13246912024877,-65.26714626794983,-62.872215,1,0,3,-18.3918
1.0568000078201294,7397.600054740906,18.132455813608058,-65.26714544298501,-44.57192,1,0,1,-0.0915
1.0574000179767609,7401.800125837326,18.13241744054731,-65.26714938115477,-43.479946,1,0,1,1.0005
1.057500034570694,7402.500241994858,18.132411607016284,-65.26715237152763,-62.881775,1,0,3,-18.4014
1.057600021362305,7403.200149536133,18.13240468942441,-65.26715085542847,-44.4709,1,0,1,0.0095
1.0577000379562378,7403.900265693665,18.13239830359956,-65.26715155379861,-44.640053,1,0,1,-0.1596
1.0579000115394592,7405.300080776215,18.13238552232165,-65.2671528939687,-44.50674,1,0,1,-0.0263
1.0582000315189362,7407.400220632553,18.132366898088204,-65.26715718950999,-63.479168,1,0,3,-18.9988
1.0583000481128693,7408.100336790085,18.13235999572741,-65.26715574159364,-45.638515,1,0,0,-1.1581
1.0585000216960907,7409.500151872635,18.13234719054239,-65.26715697859346,-44.638985,1,0,1,-0.1586
1.0589000284671783,7412.300199270248,18.13232161918272,-65.26715962458313,-44.080128,1,0,1,0.4003
1.059400051832199,7415.800362825394,18.13228968177762,-65.26716303727072,-44.264687,1,0,1,0.2157
1.061000019311905,7427.000135183334,18.1321880140643,-65.2671760639505,-62.554436,1,0,3,-18.074
1.0616000294685364,7431.200206279755,18.13214914398067,-65.26717783447128,-43.291927,1,0,1,1.1885
1.0618000328540802,7432.600229978561,18.132136385946804,-65.26717924452186,-43.75308,1,0,1,0.7273
1.06290003657341,7440.30025601387,18.13206615614324,-65.26718671078721,-43.88902,1,0,1,0.5914
1.0634000301361084,7443.800210952759,18.13203426233295,-65.26719020112317,-44.777508,1,0,1,-0.2971
1.0634000301361084,7443.800210952759,18.132034774876026,-65.26719232876046,-62.63027,1,0,3,-18.1499
1.0648000240325928,7453.600168228149,18.13194483972406,-65.26719955944837,-43.752945,1,0,1,0.7275
1.0662000477313995,7463.400334119797,18.131855540379,-65.26720900441782,-43.779408,1,0,1,0.701
1.0669000148773191,7468.300104141235,18.13181142129959,-65.26721588067167,-61.914062,1,0,3,-17.4337
1.0671000182628632,7469.700127840042,18.13179816100877,-65.26721512599194,-44.283504,1,0,1,0.1969
1.0676000118255615,7473.200082778931,18.131766284929675,-65.26721851867536,-44.518642,1,0,1,-0.0382
1.0678000152111051,7474.600106477737,18.13175352824087,-65.26721984846843,-44.38849,1,0,1,0.0919
1.0678000152111051,7474.600106477737,18.13175354123635,-65.26721990197483,-44.83754,1,0,1,-0.3571
1.0678000152111051,7474.600106477737,18.131753538520552,-65.26721989079304,-44.7437,1,0,1,-0.2633
1.068200021982193,7477.400153875351,18.13172803090376,-65.26722256890585,-44.6478,1,0,1,-0.1674
1.068300038576126,7478.100270032883,18.13172164426838,-65.26722320132018,-44.3134,1,0,1,0.167
1.0687000453472135,7480.900317430496,18.131696139005307,-65.26722588076292,-44.243935,1,0,1,0.2365
1.0711000263690948,7497.700184583664,18.1315431673151,-65.267242063449,-44.994278,1,0,0,-0.5139
1.072200030088425,7505.400210618973,18.13147302983197,-65.26724931884686,-44.14824,1,0,1,0.3322
1.0727000534534454,7508.900374174118,18.13144160115166,-65.26725448215142,-59.45264,0,0,3,-14.9722
1.0727000534534454,7508.900374174118,18.13144116215671,-65.26725266611751,-44.213543,1,0,1,0.2669
1.0741000175476074,7518.700122833252,18.131348861052683,-65.26724923551025,62.89993,0,0,0,107.3803
1.0746000409126282,7522.200286388397,18.13132006384508,-65.26726531122458,-44.059944,1,0,1,0.4205
1.0751000344753263,7525.700241327286,18.131288221840105,-65.26726873726332,-44.904156,1,0,1,-0.4237
1.075400024652481,7527.800172567368,18.131269510366995,-65.26727241969854,-59.074127,0,0,3,-14.5937
1.075600028038025,7529.200196266174,18.131256346625,-65.2672720242439,-44.606476,1,0,1,-0.1261
1.0758000314235687,7530.600219964981,18.13124356996768,-65.26727323084664,-43.58618,1,0,0,0.8942
1.0760000348091123,7532.000243663788,18.13123129986587,-65.26727653139574,-60.141357,0,0,3,-15.6609
1.0771000385284424,7539.700269699097,18.13116074181044,-65.26728197412065,-44.61076,1,0,1,-0.1303
1.0773000121116638,7541.100084781647,18.131148235560925,-65.26728429451501,-52.96849,1,0,0,-8.4881
1.077400028705597,7541.800200939178,18.13114161921004,-65.26728395447205,-44.559265,1,0,1,-0.0789
1.0775000154972076,7542.500108480453,18.131135245346027,-65.2672846133981,-44.53473,1,0,1,-0.0543
1.07860004901886,7550.200343132019,18.131065122605644,-65.26729187304468,-44.41955,1,0,1,0.0609
1.0787000358104706,7550.900250673294,18.131058763065504,-65.26729259202753,-44.91151,1,0,1,-0.4311
1.0790000557899475,7553.000390529633,18.13103962683536,-65.26729452863883,-44.541195,1,0,1,-0.0608
1.079300045967102,7555.100321769714,18.131020496736834,-65.26729648379012,-44.337513,1,0,1,0.1429
1.0797000229358673,7557.900160551071,18.13099500541691,-65.26729915402225,-44.612865,1,0,1,-0.1325
1.079800009727478,7558.600068092346,18.130988633200104,-65.26729982255235,-44.69288,1,0,1,-0.2125
1.0804000198841095,7562.8001391887665,18.13095036999181,-65.26730373921124,-44.396587,1,0,1,0.0838
1.080900013446808,7566.300094127655,18.130918957321512,-65.2673089622563,-60.61945,0,0,3,-16.139
1.080900013446808,7566.300094127655,18.13091848567468,-65.26730701198044,-44.253742,1,0,1,0.2267
1.081000030040741,7567.000210285187,18.1309121168277,-65.26730770509087,-44.55088,1,0,1,-0.0705
1.081500023603439,7570.500165224075,18.13088068925995,-65.26731287454469,-60.355076,0,0,3,-15.8747
1.0817000269889832,7571.900188922882,18.130867535955183,-65.26731253676321,-46.497684,1,0,0,-2.0173
1.0818000435829165,7572.600305080414,18.13086109601933,-65.26731293947145,-44.365917,1,0,1,0.1145
1.0830000042915344,7581.000030040741,18.13078458413608,-65.26732089217045,-45.0635,1,0,0,-0.5831
1.0839000344276428,7587.3002409935,18.13072716723581,-65.26732677179774,-44.966335,1,0,1,-0.4859
1.0841000378131866,7588.700264692306,18.130713744693605,-65.26732532573091,-21.859537,0,0,0,22.6209
1.0841000378131866,7588.700264692306,18.13071484051968,-65.26732987135424,-60.00152,0,0,3,-15.5211
1.0842000246047974,7589.400172233581,18.130707999814533,-65.26732861644834,-43.985954,1,0,1,0.4945
1.084300011396408,7590.100079774857,18.13070164136209,-65.2673293558484,-44.70667,1,0,1,-0.2263
1.0844000279903412,7590.800195932388,18.13069522090856,-65.26732991848414,-44.175667,1,0,1,0.3047
1.085900038480759,7601.300269365311,18.130599543529552,-65.26733982244525,-44.91627,1,0,1,-0.4359
1.0865000188350675,7605.500131845474,18.130561241293528,-65.26734368126971,-44.412617,1,0,1,0.0678
1.0867000222206116,7606.900155544281,18.13054847584773,-65.2673449826511,-44.37876,1,0,1,0.1017
1.086800038814545,7607.600271701813,18.13054209236145,-65.26734563506577,-44.376938,1,0,1,0.1035
1.0869000256061554,7608.300179243088,18.130535719519177,-65.26734632384824,-44.682934,1,0,1,-0.2025
1.08720001578331,7610.40011048317,18.130517238320152,-65.26735104255853,-67.861465,0,0,0,-23.3811
1.08720001578331,7610.40011048317,18.13051713893974,-65.26735063346212,-64.42816,0,0,0,-19.9477
1.0880000293254852,7616.000205278397,18.13046549847408,-65.26735348701614,-44.634686,1,0,1,-0.1543
1.089400053024292,7625.800371170044,18.130376091340715,-65.26736257776659,-44.520844,1,0,1,-0.0404
1.090800017118454,7635.600119829178,18.13028666447822,-65.26737170761297,-44.920353,1,0,1,-0.4399
1.093500018119812,7654.500126838684,18.130114041586143,-65.26738911173186,-44.460835,1,0,1,0.0196
1.094400018453598,7660.800129175186,18.13005704881984,-65.26739731806734,-64.617256,0,0,0,-20.1368
1.095200031995773,7666.400223970413,18.130005832716133,-65.26740236990663,-63.763176,0,0,0,-19.2828
1.096400022506714,7674.800157546997,18.12992844988601,-65.26740772394558,-43.902763,1,0,1,0.5776
1.0966000258922577,7676.200181245804,18.12991608487876,-65.26741083157619,-59.19079,0,0,3,-14.7104
1.0976000130176544,7683.200091123581,18.12985161509589,-65.26741547433988,-44.233707,1,0,1,0.2467
1.0981000363826752,7686.700254678726,18.129819592641898,-65.26741871439953,-44.48149,1,0,1,-0.0011
1.0984000265598295,7688.800185918808,18.129800373384967,-65.26742063835727,-44.468277,1,0,1,0.0121
1.0988000333309174,7691.600233316421,18.129774739862413,-65.26742318851362,-44.32841,1,0,1,0.152
1.0996000170707705,7697.200119495392,18.12972347440568,-65.26742832749407,-44.39227,1,0,1,0.0881
1.099700003862381,7697.900027036667,18.129717058799947,-65.26742894002243,-44.15183,1,0,1,0.3286
1.1007000207901,7704.900145530701,18.129652948551644,-65.2674353394243,-44.054295,1,0,1,0.4261
1.100900024175644,7706.300169229507,18.12964012385748,-65.26743661805904,-44.026955,1,0,1,0.4535
1.101000040769577,7707.000285387039,18.129633714226248,-65.26743727378147,-44.15043,1,0,1,0.33
1.1011000275611875,7707.700192928314,18.12962731025824,-65.26743794555303,-44.41036,1,0,1,0.0701
1.1016000509262085,7711.2003564834595,18.12959522207301,-65.26744105903887,-43.647854,1,0,1,0.8326
1.1016000509262085,7711.2003564834595,18.129595132080432,-65.26744067992617,-40.467712,1,0,0,4.0127
1.1017000377178192,7711.9002640247345,18.1295888184418,-65.26744173689781,-43.959606,1,0,1,0.5208
1.1027000546455383,7718.900382518768,18.12952466526111,-65.26744811663097,-43.72436,1,0,1,0.7561
1.103300005197525,7723.100036382675,18.12948620595367,-65.26745209845969,-44.878143,1,0,1,-0.3977
1.1038000285625458,7726.60019993782,18.129454109607792,-65.26745526040403,-44.52231,1,0,1,-0.0419
1.1042000353336334,7729.400247335434,18.129428421776705,-65.26745775495205,-43.941734,1,0,1,0.5387
1.104600042104721,7732.200294733047,18.12940340085558,-65.26746276499703,-63.72976,0,0,0,-19.2493
1.1060000360012054,7742.000252008438,18.129312893307933,-65.26746938908198,-44.744995,1,0,1,-0.2646
1.1074000298976898,7751.800209283829,18.12922290730913,-65.2674782813,-44.6821,1,0,1,-0.2017
1.1077000200748444,7753.9001405239105,18.12920360632007,-65.2674801202214,-44.08986,1,0,1,0.3906
1.1078000366687777,7754.600256681442,18.12919771903138,-65.26748300611486,-62.962845,0,0,0,-18.4824
1.1079000234603882,7755.300164222717,18.129190760374303,-65.26748143873057,-44.466602,1,0,1,0.0138
1.1083000302314758,7758.100211620331,18.12916138906481,-65.26746880126969,82.96957,0,0,0,127.45
1.1083000302314758,7758.100211620331,18.1291650543994,-65.26748402183331,-44.755302,1,0,1,-0.2749
1.1094000339508057,7765.80023765564,18.129094888508625,-65.2674933259608,-63.921665,0,0,0,-19.4413
1.109600007534027,7767.20005273819,18.12908201509999,-65.2674945325226,-63.320545,0,0,0,-18.8401
1.1100000143051147,7770.000100135803,18.129056225246696,-65.26749677797554,-60.692814,0,0,3,-16.2124
1.1103000342845917,7772.100239992142,18.129036468457382,-65.26749675913533,-44.413395,1,0,1,0.067
1.1104000210762024,7772.800147533417,18.129030574314417,-65.26749961485606,-63.00223,0,0,0,-18.5218
1.111700028181076,7781.900197267532,18.12894646411332,-65.26750572633723,-44.25143,1,0,1,0.229
1.1121000349521637,7784.700244665146,18.12892076464087,-65.2675083566339,-44.715256,1,0,1,-0.2348
1.1122000515460968,7785.400360822678,18.12891485251817,-65.26751114665743,-62.72051,0,0,3,-18.2401
1.113500028848648,7794.500201940536,18.128830766010708,-65.26751733303261,-44.171173,1,0,1,0.3092
1.113700032234192,7795.900225639343,18.128817906159984,-65.26751860179279,-43.946774,1,0,1,0.5336
1.1141000390052795,7798.700273036957,18.1287921742941,-65.2675210863698,-43.02804,1,0,0,1.4524
1.1141000390052795,7798.700273036957,18.12879220229045,-65.26752120165324,-43.995647,1,0,1,0.4848
1.114700049161911,7802.900344133377,18.128753638542427,-65.26752506076993,-43.661877,1,0,1,0.8185
1.1150000393390656,7805.000275373459,18.12873436797132,-65.26752702842984,-43.785328,1,0,1,0.6951
1.1151000261306765,7805.700182914734,18.128727947983368,-65.26752769549215,-43.916245,1,0,1,0.5642
1.1161000430583954,7812.700301408768,18.128664275457982,-65.26753657414541,-63.617657,0,0,3,-19.1372
1.1163000166416168,7814.100116491318,18.12865085824317,-65.26753550453793,-43.653183,1,0,1,0.8272
1.1168000400066376,7817.600280046463,18.12861873396511,-65.26753873214889,-43.219913,1,0,1,1.2605
1.118000030517578,7826.000213623047,18.1285417010656,-65.2675466764772,-43.590874,1,0,1,0.8895
1.1181000471115112,7826.700329780579,18.12853530433333,-65.26754743284529,-44.39612,1,0,1,0.0843
1.1188000440597534,7831.600308418274,18.12849095906325,-65.2675544734341,-64.6185,0,0,3,-20.1381
1.1199000179767609,7839.300125837326,18.128419790821848,-65.26755931436232,-43.917534,1,0,1,0.5629
1.120100021362305,7840.700149536133,18.12840696276585,-65.26756065021333,-43.94316,1,0,1,0.5373
1.121000051498413,7847.000360488892,18.12834924216025,-65.26756665109599,-43.839363,1,0,1,0.641
1.1214000284671783,7849.800199270248,18.128323592049902,-65.26756930208147,-43.591827,1,0,1,0.8886
1.121900051832199,7853.300362825394,18.12829155515418,-65.26757271737496,-44.072815,1,0,1,0.4076
1.122700035572052,7858.900249004364,18.128240922579977,-65.26758072057058,-66.0146,0,0,3,-21.5342
1.1231000125408173,7861.700087785721,18.12821533436652,-65.2675835682583,-67.24097,0,0,0,-22.7606
1.123300015926361,7863.100111484528,18.12820186030408,-65.26758217296798,-44.17961,1,0,1,0.3008
1.1243000328540802,7870.100229978561,18.128137873512244,-65.26758916289711,-45.92837,1,0,0,-1.448
1.124500036239624,7871.500253677368,18.128125525350303,-65.26759267233963,-65.3783,0,0,3,-20.8979
1.1247000396251678,7872.900277376175,18.12811212918478,-65.2675915360918,-44.22497,1,0,1,0.2554
1.1265000104904177,7885.500073432922,18.127997742259115,-65.2676067422943,-66.868965,0,0,3,-22.3886
1.1268000304698944,7887.600213289261,18.12797790749541,-65.26760606080335,-43.590954,1,0,1,0.8895
1.1277000308036804,7893.900215625763,18.127920419833007,-65.26761230808548,-43.253872,1,0,1,1.2265
1.1278000473976135,7894.600331783295,18.127914057838773,-65.26761310724785,-44.089256,1,0,1,0.3912
1.1282000243663788,7897.4001705646515,18.12788853411008,-65.26761595872873,-44.52535,1,0,1,-0.0449
1.1282000243663788,7897.4001705646515,18.12788919462981,-65.26761869654841,-67.50066,0,0,3,-23.0202
1.1286000311374664,7900.200217962265,18.12786300240864,-65.26761877146433,-44.614296,1,0,1,-0.1339
1.1289000511169434,7902.3003578186035,18.1278438478142,-65.26762085153787,-44.42083,1,0,1,0.0596
1.1289000511169434,7902.3003578186035,18.127843823458463,-65.26762075122227,-43.578876,1,0,1,0.9015
1.129300057888031,7905.100405216217,18.12781919184171,-65.26762727223665,-74.75638,0,0,0,-30.276
1.1302000284194946,7911.400198936462,18.12776090706581,-65.2676300036085,-44.657112,1,0,1,-0.1767
1.1311000287532806,7917.700201272964,18.12770347201737,-65.2676362022466,-43.606354,1,0,1,0.8741
1.1314000487327576,7919.800341129303,18.127684340554907,-65.26763831522753,-43.641777,1,0,1,0.8386
1.131700038909912,7921.900272369385,18.127666063688483,-65.26764395901796,-73.30614,0,0,3,-28.8257
1.1325000524520874,7927.500367164612,18.12761422153,-65.26764610753143,-44.14707,1,0,1,0.3333
1.1337000131607056,7935.900092124939,18.127537744213,-65.26765456341067,-44.358295,1,0,1,0.1221
1.1339000165462494,7937.300115823746,18.12752499132816,-65.26765593876274,-44.115158,1,0,1,0.3653
1.1345000267028809,7941.500186920166,18.12748673817705,-65.26766007085286,-43.454086,1,0,1,1.0263
1.1345000267028809,7941.500186920166,18.12748666670953,-65.26765976785066,-40.912773,1,0,0,3.5676
1.1359000504016876,7951.300352811813,18.127397547485515,-65.26766990166048,-43.635,1,0,1,0.8454
1.1377000510692596,7963.9003574848175,18.12728291419275,-65.26768254457083,-44.281948,1,0,1,0.1985
1.1378000378608704,7964.6002650260925,18.127276530655205,-65.267683176964,-43.74684,1,0,1,0.7336
1.138100028038025,7966.700196266174,18.12725517266805,-65.26767591046463,34.741264,0,0,0,79.2217
1.138100028038025,7966.700196266174,18.127257421624176,-65.26768525080676,-43.633392,1,0,1,0.847
1.1388000547885897,7971.600383520126,18.127212865493068,-65.26769021878015,-44.51553,1,0,1,-0.0351
1.1394000053405762,7975.800037384033,18.12717463844016,-65.26769429393325,-43.8186,1,0,1,0.6618
1.1400000154972076,7980.000108480453,18.12713643512221,-65.2676984706183,-44.048584,1,0,1,0.4318
1.1402000188827517,7981.40013217926,18.12712473624794,-65.26770415973589,-80.1977,0,0,3,-35.7173
1.1407000422477722,7984.900295734405,18.12709184483446,-65.2677032515569,-43.64983,1,0,1,0.8306
1.1412000358104706,7988.400250673294,18.12706002043023,-65.26770675756137,-44.20292,1,0,1,0.2775
1.1419000327587128,7993.300229310989,18.12701543562721,-65.26771153122962,-43.95177,1,0,1,0.5286
1.1428000032901764,7999.600023031235,18.126959319150835,-65.2677226524616,-85.63613,0,0,3,-41.1557
1.143100023269653,8001.700162887573,18.126939019026548,-65.26771975103212,-44.126484,1,0,1,0.3539
1.1438000202178955,8006.600141525269,18.12689443074067,-65.26772448727725,-43.917957,1,0,1,0.5625
1.1452000439167025,8016.400307416916,18.12680602215388,-65.26773711578521,-69.61529,0,0,0,-25.1349
1.1453000605106354,8017.100423574448,18.126800135396188,-65.26773980479815,-86.62701,0,0,3,-42.1466
1.145400047302246,8017.800331115723,18.12679251594772,-65.26773529799084,-43.26472,1,0,0,1.2157
1.1457000374794006,8019.900262355804,18.126773430465224,-65.26773742674322,-44.503273,1,0,1,-0.0229
1.1463000178337095,8024.100124835968,18.12673517453341,-65.26774133413019,-44.11458,1,0,1,0.3658
1.1478000283241272,8034.60019826889,18.126639533954016,-65.26775111963106,-43.679222,1,0,1,0.8012
1.1491000354290009,8043.700248003006,18.126556643883355,-65.26775960658729,-43.76621,1,0,1,0.7142
1.1523000597953796,8066.1004185676575,18.12635252456841,-65.26778026181844,-43.27863,1,0,1,1.2018
1.152500033378601,8067.500233650207,18.126339782199505,-65.26778161376757,-43.808014,1,0,1,0.6724
1.1529000103473663,8070.300072431564,18.12631425164624,-65.26778413968736,-43.383827,1,0,1,1.0966
1.1531000137329102,8071.700096130371,18.12630149210074,-65.26778543162652,-43.41987,1,0,1,1.0605
1.1531000137329102,8071.700096130371,18.12630151899328,-65.26778554236586,-44.349236,1,0,1,0.1312
1.1531000137329102,8071.700096130371,18.126301486712453,-65.26778540943836,-43.233654,1,0,1,1.2468
1.1537000238895416,8075.900167226791,18.126263339962566,-65.26778983434798,-47.97023,1,0,0,-3.4898
1.1546000242233276,8082.200169563293,18.126205771755764,-65.26779504199622,-43.125896,1,0,1,1.3545
1.1546000242233276,8082.200169563293,18.126205795624244,-65.26779514892826,-44.021618,1,0,1,0.4588
1.1548000276088717,8083.6001932621,18.126194212950395,-65.26780133001625,-85.105736,0,0,0,-40.6253
1.1553000509738922,8087.100356817245,18.1261611299967,-65.26779967932978,-44.307484,1,0,1,0.1729
1.1553000509738922,8087.100356817245,18.126161119763943,-65.26779963719382,-43.953857,1,0,1,0.5266
1.1570000350475311,8099.000245332718,18.12605260718071,-65.26781051464627,-43.647083,1,0,1,0.8333
1.1584000289440155,8108.8002026081085,18.12596325629673,-65.26781958867156,-44.345642,1,0,1,0.1348
1.1587000489234924,8110.900342464447,18.125944106319263,-65.26782153266795,-44.480835,1,0,1,-0.0004
1.1597000062465668,8117.900043725967,18.12588060661616,-65.26782938527893,-56.417538,1,0,0,-11.9371
1.159900039434433,8119.300276041031,18.1258674929857,-65.26782925686858,-44.537926,1,0,1,-0.0575
1.1603000164031982,8122.100114822388,18.12584194141117,-65.26783177912297,-44.094128,1,0,1,0.3863
1.1615000367164612,8130.500257015228,18.12576532369945,-65.2678395514789,-44.394875,1,0,1,0.0855
1.161700040102005,8131.900280714035,18.125752549079834,-65.26784083049264,-44.293053,1,0,1,0.1874
1.1622000336647034,8135.400235652924,18.125720627595783,-65.26784409159697,-44.552673,1,0,1,-0.0723
1.1622000336647034,8135.400235652924,18.125721044084223,-65.26784581514892,-59.01616,1,0,0,-14.5357
1.1629000306129456,8140.300214290619,18.12567591586308,-65.26784858143422,-44.22916,1,0,1,0.2513
1.1632000207901,8142.400145530701,18.12565674700921,-65.26785048018132,-43.8577,1,0,1,0.6227
1.1636000275611875,8145.200192928314,18.12563121404225,-65.26785312619964,-44.301926,1,0,1,0.1785
1.1642000377178192,8149.4002640247345,18.12559289484576,-65.26785702231385,-44.313488,1,0,1,0.1669
1.1654000580310822,8157.800406217575,18.125516253108493,-65.2678647535615,-44.081116,1,0,1,0.3993
1.1654000580310822,8157.800406217575,18.12551626378918,-65.26786479753885,-44.450207,1,0,1,0.0302
1.1657000482082367,8159.900337457657,18.125497088645965,-65.26786673331242,-44.04362,1,0,1,0.4368
1.1660000085830688,8162.000060081482,18.12547793513112,-65.26786875209928,-44.321968,1,0,1,0.1584
1.166100025177002,8162.700176239014,18.12547285438124,-65.26787484487431,-89.88877,0,0,0,-45.4084
1.166800022125244,8167.600154876709,18.12542680770979,-65.26787396491585,-43.56165,1,0,1,0.9188
1.166800022125244,8167.600154876709,18.125426816272807,-65.26787400017365,-43.85756,1,0,1,0.6229
1.1675000488758087,8172.500342130661,18.125382107793232,-65.2678786897843,-44.195408,1,0,1,0.285
1.1678000390529633,8174.600273370743,18.12536295690649,-65.2678807367573,-44.63291,1,0,1,-0.1525
1.168200045824051,8177.400320768356,18.12533739473277,-65.26788335954262,-44.30299,1,0,1,0.1774
1.168200045824051,8177.400320768356,18.125337385278407,-65.2678833206147,-43.97628,1,0,1,0.5041
1.1683000326156616,8178.100228309631,18.12533100422056,-65.26788401154673,-44.1872,1,0,1,0.2932
1.169700026512146,8187.900185585022,18.12524156506244,-65.26789331157411,-43.873775,1,0,1,0.6066
1.1704000234603882,8192.800164222717,18.125196865408867,-65.2678980470404,-44.35282,1,0,1,0.1276
1.1707000136375427,8194.900095462799,18.12517769555106,-65.26790002163958,-44.082825,1,0,1,0.3976
1.1712000370025637,8198.400259017944,18.12514575742893,-65.26790337068718,-44.09906,1,0,1,0.3814
1.171500027179718,8200.500190258026,18.125126605662327,-65.26790541908778,-44.426548,1,0,1,0.0539
1.1717000603675842,8201.90042257309,18.12511383250275,-65.26790677331209,-44.542942,1,0,1,-0.0625
1.171800047159195,8202.600330114365,18.125107426755285,-65.26790736339012,-43.87114,1,0,1,0.6093
1.1734000146389008,8213.800102472305,18.12500523921396,-65.26791809602516,-43.851933,1,0,1,0.6285
1.1737000346183777,8215.900242328644,18.124986079972608,-65.26792011662947,-43.898037,1,0,1,0.7647
1.1738000214099884,8216.600149869919,18.12497969472177,-65.2679207892447,-43.90576,1,0,1,0.7569
1.174100041389465,8218.700289726257,18.12496053967322,-65.26792282525538,-44.07507,1,0,1,0.5876
1.174200028181076,8219.400197267532,18.124954153058106,-65.26792349170374,-44.02911,1,0,1,0.6336
1.17440003156662,8220.80022096634,18.12494138329469,-65.26792484647008,-44.117737,1,0,1,0.545
1.1746000349521637,8222.200244665146,18.124928619855,-65.26792622666306,-44.4181,1,0,1,0.2446
1.175400048494339,8227.800339460373,18.12487769733536,-65.26793228117688,-50.084846,1,0,0,-5.4221
1.175900012254715,8231.300085783005,18.124845598884367,-65.26793492788148,-44.074436,1,0,1,0.5883
1.1766000390052795,8236.200273036957,18.124800894088786,-65.26793960557355,-43.808075,1,0,1,0.8546
1.1772000193595886,8240.40013551712,18.12476259670663,-65.26794368140382,-44.135727,1,0,1,0.527
1.1775000393390656,8242.500275373459,18.124743449566864,-65.26794573066229,-44.392887,1,0,1,0.2698
1.1775000393390656,8242.500275373459,18.12474343377844,-65.26794566565479,-43.8473,1,0,1,0.8154
1.1782000362873075,8247.400254011154,18.124698743081105,-65.2679503676926,-43.784603,1,0,1,0.8781
1.1788000464439392,8251.600325107574,18.12466043837678,-65.267954398358,-43.738495,1,0,1,0.9242
1.1801000237464905,8260.700166225433,18.12457746441978,-65.26796316789219,-43.97884,1,0,1,0.6839
1.181600034236908,8271.200239658356,18.12448171609207,-65.26797320108867,-43.62248,1,0,1,1.0402
1.1836000382900238,8285.200268030167,18.124354091046587,-65.26798664117729,-43.883163,1,0,1,0.7795
1.184400051832199,8290.800362825394,18.12430294856076,-65.2679920188131,-43.507217,1,0,1,1.1555
1.1845000386238098,8291.500270366669,18.12429657567384,-65.26799268998015,-43.565983,1,0,1,1.0967
1.1847000420093536,8292.900294065475,18.124284000723826,-65.26799474286324,-49.64785,1,0,0,-4.9852
1.1848000288009644,8293.60020160675,18.12427745962923,-65.26799472093623,-43.89245,1,0,1,0.7702
1.185200035572052,8296.400249004364,18.124251958033422,-65.26799737466953,-43.884335,1,0,1,0.7784
1.185300052165985,8297.100365161896,18.124245600413804,-65.26799811474528,-44.526947,1,0,1,0.1357
1.1861000061035156,8302.70004272461,18.124194579849792,-65.26800332302943,-43.73193,1,0,1,0.9308
1.186900019645691,8308.300137519836,18.124143577952324,-65.26800861442703,-43.68825,1,0,1,0.9744
1.1871000230312347,8309.700161218643,18.124130844118906,-65.26801000472383,-44.25223,1,0,1,0.4105
1.18790003657341,8315.30025601387,18.124079824056263,-65.26801521502398,-43.598186,1,0,1,1.0645
1.1894000172615051,8325.800120830536,18.12398422823717,-65.26802524766079,-44.731327,1,0,1,-0.0686
1.1919000446796415,8343.300312757492,18.12382480787993,-65.26804166387831,-44.455345,1,0,1,0.2074
1.1923000514507294,8346.100360155106,18.12379930151012,-65.26804430894005,-44.60829,1,0,1,0.0544
1.19240003824234,8346.80026769638,18.123792916627,-65.26804493286335,-44.335644,1,0,1,0.3271
1.1928000152111051,8349.600106477737,18.1237676417398,-65.26804853817602,-52.56085,1,0,0,-7.8982
1.1934000253677368,8353.800177574158,18.12372912544535,-65.26805146142847,-44.066326,1,0,1,0.5964
1.1937000155448914,8355.90010881424,18.12370999548219,-65.26805345633043,-44.302856,1,0,1,0.3598
1.194400042295456,8360.800296068192,18.12366534089298,-65.2680580655776,-44.490143,1,0,1,0.1726
1.1947000324726105,8362.900227308273,18.123646174427588,-65.26805992370318,-43.595623,1,0,0,1.0671
1.195100039243698,8365.700274705887,18.123621364374696,-65.26806549879839,-68.402466,1,0,0,-23.7398
1.1956000626087189,8369.200438261032,18.12358877911077,-65.26806596988098,-44.895687,1,0,1,-0.233
1.1957000494003296,8369.900345802307,18.12358237370303,-65.2680665239884,-44.05569,1,0,1,0.607
1.1961000263690948,8372.700184583664,18.123556854214485,-65.26806917479742,-44.343994,1,0,1,0.3187
1.1967000365257263,8376.900255680084,18.12351855171034,-65.2680730842736,-44.226402,1,0,1,0.4363
1.19690003991127,8378.300279378891,18.123505785741106,-65.26807439855905,-44.283665,1,0,1,0.379
1.1970000267028809,8379.000186920166,18.1234994047746,-65.26807506092385,-44.35748,1,0,1,0.3052
1.1970000267028809,8379.000186920166,18.12349941253185,-65.268075092859,-44.6255,1,0,1,0.0372
1.197100043296814,8379.700303077698,18.12349302111016,-65.26807572083432,-44.409416,1,0,1,0.2533
1.1979000270366669,8385.300189256668,18.123444894814845,-65.26809319397987,-147.16324,0,0,0,-102.5005
1.1984000504016876,8388.800352811813,18.1234099994988,-65.26808416274346,-43.975353,1,0,1,0.6873
1.1986000537872314,8390.20037651062,18.12339722751986,-65.26808547460767,-44.02255,1,0,1,0.6401
1.198900043964386,8392.300307750702,18.12337806512874,-65.2680874257718,-43.956177,1,0,1,0.7065
1.199400007724762,8395.800054073334,18.12334613217904,-65.26809070405116,-44.07181,1,0,1,0.5909
1.2000000178813934,8400.000125169754,18.12330780032985,-65.26809462588035,-44.111355,1,0,1,0.5513
1.2003000378608704,8402.100265026093,18.123288617754696,-65.26809653234223,-43.674984,1,0,1,0.9877
1.2011000514030457,8407.70035982132,18.12323750847929,-65.26810182131192,-44.23807,1,0,1,0.4246
1.2012000381946564,8408.400267362595,18.1232311174158,-65.26810247200001,-44.221924,1,0,1,0.4408
1.201300024986267,8409.10017490387,18.1232250493018,-65.26810446161791,-55.44131,1,0,0,-10.7786
1.2014000415802002,8409.800291061401,18.12321833008764,-65.2681037623476,-44.09548,1,0,1,0.5672
1.2026000320911407,8418.200224637985,18.12314162306122,-65.26811163292236,-44.414883,1,0,1,0.2478
1.2049000263214111,8434.300184249878,18.12299459952592,-65.26812666964035,-44.678364,1,0,1,-0.0157
1.2053000628948212,8437.100440263748,18.12296845099794,-65.26812714358938,-26.683132,0,0,0,17.9796
1.2058000266551971,8440.60018658638,18.122936925715308,-65.26813254696361,-44.556606,1,0,1,0.1061
1.205900013446808,8441.300094127655,18.122930502069583,-65.26813313656731,-44.009933,1,0,1,0.6528
1.2063000202178955,8444.100141525269,18.122904869855944,-65.26813577492304,-44.166203,1,0,1,0.4965
1.2083000540733335,8458.100378513336,18.12277664886251,-65.26814887189208,-44.06387,1,0,1,0.5988
1.2101000249385834,8470.700174570084,18.122662508131533,-65.26816603791809,-88.960884,0,0,0,-44.2982
1.210500031709671,8473.500221967697,18.12263378097072,-65.26815591550807,18.034065,0,0,0,62.6968
1.210500031709671,8473.500221967697,18.12263555506049,-65.26816328014351,-43.76472,1,0,1,0.898
1.210600048303604,8474.200338125229,18.12262932416192,-65.2681646950863,-50.123077,1,0,0,-5.4604
1.211400032043457,8479.8002243042,18.122577834413896,-65.26816922092371,-43.9601,1,0,1,0.7026
1.21150004863739,8480.500340461731,18.122571429329007,-65.26816992088764,-44.31277,1,0,1,0.3499
1.2116000354290009,8481.200248003006,18.12256500716442,-65.2681705426583,-44.010254,1,0,1,0.6524
1.2121000587940216,8484.700411558151,18.12253292623437,-65.26817380135697,-43.741592,1,0,1,0.9211
1.212900012731552,8490.300089120865,18.12248161124352,-65.26817905903211,-43.652317,1,0,1,1.0104
1.2133000195026398,8493.100136518478,18.12245596762449,-65.26818175519921,-44.15612,1,0,1,0.5066
1.2134000360965729,8493.80025267601,18.12244828830173,-65.2681771675752,-0.12752488,0,0,0,44.5352
1.2140000462532043,8498.00032377243,18.122411052530985,-65.26818631811673,-43.708237,1,0,1,0.9545
1.2147000432014463,8502.900302410126,18.12236655817013,-65.26819261226528,-57.757717,1,0,0,-13.095
1.2150000631809237,8505.000442266464,18.122346925692927,-65.26819298189915,-44.232628,1,0,1,0.4301
1.2160000205039978,8512.000143527985,18.122282787024027,-65.26819956920663,-44.049038,1,0,1,0.6137
1.2164000272750854,8514.800190925598,18.122257134659915,-65.26820221809037,-44.071423,1,0,1,0.5913
1.216800034046173,8517.600238323212,18.1222314851416,-65.26820487500027,-44.149467,1,0,1,0.5132
1.2176000475883484,8523.200333118439,18.122180170700293,-65.26821011242139,-43.628647,1,0,1,1.034
1.2176000475883484,8523.200333118439,18.122180171640483,-65.26821011629275,-43.661137,1,0,1,1.0016
1.2187000513076782,8530.900359153748,18.12210964179083,-65.26821739333981,-43.500793,1,0,1,1.1619
1.2192000150680542,8534.40010547638,18.122077598032664,-65.26822073855637,-43.713493,1,0,1,0.9492
1.2195000052452087,8536.500036716461,18.12205836379277,-65.2682227110608,-43.54041,1,0,1,1.1223
1.2209000289440155,8546.300202608109,18.12196864290893,-65.26823204101701,-43.682663,1,0,1,0.98
1.2210000455379486,8547.00031876564,18.12196225294345,-65.2682327847159,-44.334515,1,0,1,0.3282
1.2219000458717346,8553.300321102142,18.121904576278062,-65.26823872702089,-43.870056,1,0,1,0.7926
1.2228000164031982,8559.600114822388,18.121846944435923,-65.26824480138654,-44.449722,1,0,1,0.213
1.223200023174286,8562.400162220001,18.121821314213943,-65.26824742549982,-44.05044,1,0,1,0.6123
1.223200023174286,8562.400162220001,18.121822667108063,-65.26825303991461,-91.16245,0,0,0,-46.4998
1.2246000468730929,8572.200328111649,18.12173152710557,-65.26825680672677,-43.950813,1,0,1,0.7119
1.2250000536441803,8575.000375509262,18.12170596514741,-65.2682594872508,-44.041252,1,0,1,0.6214
1.2256000638008118,8579.200446605682,18.12166762104996,-65.2682634856461,-43.964214,1,0,1,0.6985
1.2260000109672546,8582.000076770782,18.12164206374946,-65.26826614659625,-43.86039,1,0,1,0.8023
1.2263000309467316,8584.100216627121,18.121622890153606,-65.26826812991004,-43.666157,1,0,1,0.9965
1.2265000343322754,8585.500240325928,18.121610126857227,-65.26826952569327,-44.15041,1,0,1,0.5123
1.22680002450943,8587.60017156601,18.12159096459868,-65.26827154062346,-44.210228,1,0,1,0.4525
1.227300047874451,8591.100335121155,18.12156015769536,-65.26827959019211,-83.65662,0,0,0,-38.9939
1.2274000346660614,8591.80024266243,18.12155262751129,-65.26827551566079,-43.84434,1,0,1,0.8184
1.2277000546455383,8593.900382518768,18.12153345723088,-65.26827749469001,-43.577385,1,0,1,1.0853
1.2279000282287598,8595.300197601318,18.12152071737368,-65.26827896765369,-44.686413,1,0,1,-0.0237
1.2286000549793243,8600.20038485527,18.12147597930987,-65.26828353353676,-43.585537,1,0,1,1.0772
1.228700041770935,8600.900292396545,18.12146960156185,-65.26828423528882,-43.840916,1,0,1,0.8218
1.229300022125244,8605.100154876709,18.12143129407562,-65.26828828808767,-44.02711,1,0,1,0.6356
1.2298000156879425,8608.600109815598,18.12139937333734,-65.2682916715889,-44.20843,1,0,1,0.4543
1.2298000156879425,8608.600109815598,18.121399387052943,-65.2682917280708,-44.68247,1,0,1,-0.0198
1.230700045824051,8614.900320768356,18.12134190484348,-65.26829771895055,-44.114464,1,0,1,0.5482
1.2323000133037567,8626.100093126297,18.12123975274266,-65.26830849639467,-43.993336,1,0,1,0.6694
1.2336000204086304,8635.200142860413,18.121156768377613,-65.26831733537512,-44.414932,1,0,1,0.2478
1.2338000237941742,8636.60016655922,18.121143994608715,-65.26831866968736,-44.25227,1,0,1,0.4104
1.2342000305652618,8639.400213956833,18.12111845828741,-65.26832138713802,-44.32643,1,0,1,0.3363
1.2348000407218933,8643.600285053253,18.12108015101666,-65.2683254593808,-44.37931,1,0,1,0.2834
1.2349000573158264,8644.300401210785,18.121073755039948,-65.26832609601239,-44.03124,1,0,1,0.6315
1.235300064086914,8647.100448608398,18.1210482330292,-65.26832888443512,-44.664303,1,0,1,-0.0016
1.2356000244617462,8649.200171232224,18.121029060277333,-65.26833083878479,-43.983616,1,0,1,0.6791
1.23580002784729,8650.60019493103,18.12101631206581,-65.26833228972136,-44.7666,1,0,1,-0.1039
1.2361000180244446,8652.700126171112,18.12099712934649,-65.26833421612604,-43.8379,1,0,1,0.8248
1.2363000214099884,8654.100149869919,18.12098438199219,-65.26833567434838,-44.674263,1,0,1,-0.0116
1.2372000515460968,8660.400360822678,18.120926895352103,-65.26834175207424,-44.335724,1,0,1,0.327
1.237600028514862,8663.200199604034,18.12090134288459,-65.26834444326646,-44.08454,1,0,1,0.5782
1.2377000451087952,8663.900315761566,18.12089495487428,-65.26834512371124,-44.082916,1,0,1,0.5798
1.237900048494339,8665.300339460373,18.120882177475423,-65.26834647233419,-43.97638,1,0,1,0.6863
1.239300012588501,8675.100088119507,18.120792763404296,-65.26835606826283,-44.467827,1,0,1,0.1949
1.239400029182434,8675.800204277039,18.120786363236835,-65.26835670748746,-44.109596,1,0,1,0.5531
1.2401000261306765,8680.700182914734,18.120741648163783,-65.26836152028666,-44.432068,1,0,1,0.2306
1.240500032901764,8683.500230312347,18.120716063272045,-65.26836414786018,-43.5756,1,0,1,1.0871
1.241200029850006,8688.400208950043,18.120669301808512,-65.26836050981139,27.050627,0,0,0,71.7133
1.2424000203609469,8696.800142526627,18.12059465386053,-65.26837723836103,-44.531143,1,0,1,0.1316
1.2426000237464905,8698.200166225433,18.1205818588229,-65.26837856833285,-44.221355,1,0,1,0.4413
1.243000030517578,8701.000213623047,18.12055629494429,-65.26838134365664,-44.56678,1,0,1,0.0959
1.243000030517578,8701.000213623047,18.120556278577144,-65.26838127625453,-44.00111,1,0,1,0.6616
1.2438000440597534,8706.600308418274,18.12050512649053,-65.26838675670183,-44.09178,1,0,1,0.5709
1.244100034236908,8708.700239658356,18.120485927592217,-65.26838874895357,-43.595646,1,0,1,1.0671
1.2443000376224518,8710.100263357162,18.12047314847468,-65.26839016567102,-44.006824,1,0,1,0.6559
1.2449000477790833,8714.300334453583,18.120434888559423,-65.26839416089516,-43.795887,1,0,1,0.8668
1.2450000643730164,8715.000450611115,18.12042848205863,-65.26839486490415,-43.896225,1,0,1,0.7665
1.2455000281333923,8718.500196933746,18.120396443088914,-65.26839833432666,-43.980568,1,0,1,0.6821
1.24590003490448,8721.30024433136,18.12037080199949,-65.26840108780922,-43.863075,1,0,1,0.7996
1.24590003490448,8721.30024433136,18.120370793352887,-65.26840105220045,-43.564236,1,0,1,1.0985
1.2461000084877014,8722.70005941391,18.120357988858228,-65.26840248967456,-44.0182,1,0,1,0.6445
1.246800035238266,8727.600246667862,18.120313126928306,-65.26840737526278,-44.388645,1,0,1,0.2741
1.2474000453948977,8731.800317764282,18.12027464151447,-65.26841143830269,-43.67866,1,0,1,0.984
1.2475000321865082,8732.500225305557,18.120268238082947,-65.26841215677857,-43.909786,1,0,1,0.7529
1.249400019645691,8745.800137519836,18.12014641748685,-65.26842525299458,-43.77786,1,0,1,0.8848
1.250100016593933,8750.700116157532,18.12010153720305,-65.26843007993926,-43.83556,1,0,1,0.8271
1.2508000433444977,8755.600303411484,18.120056674497302,-65.26843497722199,-44.542156,1,0,1,0.1205
1.2514000535011292,8759.800374507904,18.12001820485092,-65.26843909418359,-44.524754,1,0,1,0.1379
1.2520000636577606,8764.000445604324,18.119979728274263,-65.26844316831357,-44.20195,1,0,1,0.4607
1.2522000074386597,8765.400052070618,18.119967024457896,-65.26844500777717,-48.15063,1,0,0,-3.4879
1.2534000277519226,8773.800194263458,18.11988998425908,-65.26845272821691,-44.135197,1,0,1,0.5275
1.2537000179290771,8775.90012550354,18.11987076242741,-65.26845479717993,-44.338276,1,0,1,0.3244
1.2538000345230105,8776.600241661072,18.1198643434266,-65.26845544249464,-44.036533,1,0,1,0.6262
1.254000037908554,8778.000265359879,18.119851520926844,-65.2684567866758,-43.889965,1,0,1,0.7727
1.2543000280857086,8780.10019659996,18.11983230384045,-65.26845886177756,-44.179394,1,0,1,0.4833
1.2548000514507294,8783.600360155106,18.11980026676093,-65.26846227935067,-44.356266,1,0,1,0.3064
1.2553000450134275,8787.100315093994,18.1197682223912,-65.26846563735641,-44.086716,1,0,1,0.576
1.2554000616073608,8787.800431251526,18.119761824895985,-65.2684663578805,-44.448715,1,0,1,0.214
1.2561000287532806,8792.700201272964,18.11971765766549,-65.26847388569016,-67.89538,0,0,0,-23.2327
1.2574000358581543,8801.80025100708,18.11963454489813,-65.2684832439809,-72.944855,0,0,0,-28.2822
1.258500039577484,8809.500277042389,18.11956475806641,-65.26849324193014,-94.97382,0,0,0,-50.3111
1.2589000165462494,8812.300115823746,18.11953748106679,-65.26848894913225,-36.53475,1,0,0,8.1279
1.2590000331401825,8813.000231981277,18.11953130299808,-65.26849054154096,-44.29508,1,0,1,0.3676
1.259200006723404,8814.400047063828,18.11951850036953,-65.26849184985657,-44.082245,1,0,1,0.5805
1.25940003991127,8815.800279378891,18.119505703569374,-65.26849319303186,-44.168354,1,0,1,0.4943
1.2598000168800354,8818.600118160248,18.119480114556595,-65.26849585811989,-44.196426,1,0,1,0.4663
1.2599000334739685,8819.30023431778,18.11947404189928,-65.26849787279356,-55.52229,0,0,0,-10.8596
1.2604000270366669,8822.800189256668,18.11944173318992,-65.26849983589581,-44.1428,1,0,1,0.5199
1.2613000273704529,8829.10019159317,18.11938418510803,-65.26850580326709,-44.234226,1,0,1,0.4285
1.2613000273704529,8829.10019159317,18.11938420942128,-65.26850590341971,-45.0747,1,0,0,-0.412
1.2616000473499298,8831.200331449509,18.119365007961218,-65.2685077947792,-44.32756,1,0,1,0.3351
1.2618000507354736,8832.600355148315,18.119352225623786,-65.26850912252578,-44.403065,1,0,1,0.2596
1.2627000212669373,8838.90014886856,18.119294711779684,-65.26851504029383,-44.38531,1,0,1,0.2774
1.2636000216007233,8845.200151205063,18.11923722273638,-65.26852094818364,-44.474823,1,0,1,0.1879
1.265200048685074,8856.400340795517,18.119134990240795,-65.26853149545711,-44.502914,1,0,1,0.1598
1.265300065279007,8857.100456953049,18.119128610241933,-65.26853209437644,-44.206085,1,0,1,0.4566
1.2654000520706177,8857.800364494324,18.11912223072755,-65.26853268586773,-43.85047,1,0,1,0.8122
1.2673000395298004,8871.100276708603,18.11900125378458,-65.26854470345205,-43.939636,1,0,1,0.7231
1.2675000429153442,8872.50030040741,18.11898852574746,-65.26854597096799,-43.998753,1,0,1,0.6639
1.2675000429153442,8872.50030040741,18.11898852014934,-65.26854594790916,-43.80524,1,0,1,0.8575
1.2680000364780426,8876.000255346298,18.118956708151387,-65.26854912770848,-44.063995,1,0,1,0.5987
1.2687000632286072,8880.90044260025,18.118912172213456,-65.26855355190236,-44.2278,1,0,1,0.4349
1.2687000632286072,8880.90044260025,18.1189121821778,-65.26855359294451,-44.57223,1,0,1,0.0905
1.2688000202178955,8881.600141525269,18.118906045029505,-65.26855513611127,-52.247055,1,0,0,-7.5844
1.26910001039505,8883.70007276535,18.11888672484087,-65.26855604960951,-44.082943,1,0,1,0.5798
1.2698000371456146,8888.600260019302,18.118842201394635,-65.26856046219226,-44.185333,1,0,1,0.4774
1.270300030708313,8892.100214958191,18.11881039826424,-65.26856358390526,-44.010624,1,0,1,0.6521
1.270300030708313,8892.100214958191,18.11881040190873,-65.26856359891593,-44.136597,1,0,1,0.5261
1.2710000276565552,8897.000193595886,18.118765881428928,-65.2685679633437,-43.83562,1,0,1,0.8271
1.271300047636032,8899.100333452225,18.11874681177659,-65.2685698758876,-44.05341,1,0,1,0.6093
1.271500051021576,8900.500357151031,18.11873409045172,-65.26857111237747,-43.87315,1,0,1,0.7895
1.2717000544071198,8901.900380849838,18.11872138545344,-65.26857241467133,-44.24273,1,0,1,0.42
1.2718000411987305,8902.600288391113,18.118715031274,-65.26857305440784,-44.331543,1,0,1,0.3312
1.2720000445842743,8904.00031208992,18.118702307119296,-65.2685742759175,-44.01895,1,0,1,0.6437
1.2722000181674955,8905.40012717247,18.11868959316908,-65.26857553067761,-43.983692,1,0,1,0.679
1.2729000449180603,8910.300314426422,18.118642922721207,-65.26857092542603,31.666313,0,0,0,76.329
1.2729000449180603,8910.300314426422,18.11864509513533,-65.2685799500954,-44.057587,1,0,1,0.6051
1.2731000185012815,8911.700129508972,18.11863239211542,-65.26858124648383,-44.353565,1,0,1,0.3091
1.2735000252723694,8914.500176906586,18.118606959055256,-65.26858374320727,-44.121326,1,0,1,0.5414
1.2736000418663025,8915.200293064117,18.11860059904011,-65.26858436412081,-44.03173,1,0,1,0.631
1.274900048971176,8924.300342798233,18.11851797496392,-65.26859261864873,-44.27034,1,0,1,0.3924
1.27510005235672,8925.70036649704,18.11850321174697,-65.26858537331181,27.17038,0,0,0,71.8331
1.275200039148331,8926.400274038315,18.118498913844,-65.26859454967102,-44.503452,1,0,1,0.1592
1.275400012731552,8927.800089120865,18.118486210530296,-65.26859584975978,-44.757206,1,0,1,-0.0945
1.2762000262737274,8933.400183916092,18.118435353192552,-65.26860091453516,-44.5449,1,0,1,0.1178
1.2764000296592712,8934.800207614899,18.118422632642066,-65.26860215927337,-44.289753,1,0,1,0.3729
1.2773000299930573,8941.1002099514,18.11836543211876,-65.26860795476225,-44.65392,1,0,1,0.0088
1.2781000435352323,8946.700304746628,18.11831453719133,-65.2686129370266,-43.384056,1,0,1,1.2786
1.2783000469207764,8948.100328445435,18.1183018286536,-65.26861426286557,-43.711037,1,0,1,0.9517
1.280100017786026,8960.700124502182,18.118187390612263,-65.26862599835155,-44.49272,1,0,1,0.17
1.2810000479221344,8967.00033545494,18.11813013748124,-65.26863185296627,-44.393944,1,0,1,0.2688
1.282700031995773,8978.900223970413,18.11802194574524,-65.26864294320288,-43.743744,1,0,1,0.919
1.2835000455379486,8984.50031876564,18.117971021096352,-65.26864824417974,-43.7833,1,0,1,0.8794
1.2856000065803528,8999.20004606247,18.11783730204517,-65.26866217903606,-43.559517,1,0,1,1.1032
1.2860000431537628,9002.00030207634,18.1178118005896,-65.26866504414129,-44.34861,1,0,1,0.3141
1.286400020122528,9004.800140857697,18.11778626608474,-65.26866776914396,-43.91932,1,0,1,0.7434
1.2878000438213348,9014.600306749344,18.117696901305337,-65.26867751185713,-43.796017,1,0,1,0.8667
1.2881000638008118,9016.700446605682,18.117677753996823,-65.26867964241553,-44.067726,1,0,1,0.595
1.2884000539779663,9018.800377845764,18.117658598779432,-65.26868174217105,-44.063976,1,0,1,0.5987
1.2898000180721283,9028.600126504898,18.11756916330123,-65.2686914737521,-43.271736,1,0,0,1.391
1.290300041437149,9032.100290060043,18.117537244012883,-65.26869510591804,-44.230263,1,0,1,0.4324
1.2919000387191772,9043.30027103424,18.117434978396904,-65.2687063068546,-43.61487,1,0,1,1.0478
1.2919000387191772,9043.30027103424,18.11743499384416,-65.26870637045383,-44.148613,1,0,1,0.5141
1.2931000292301178,9051.700204610825,18.117358282934013,-65.26871483656969,-44.170647,1,0,1,0.492
1.2947000563144684,9062.90039420128,18.117255970971275,-65.26872612335603,-44.24744,1,0,1,0.4153
1.294800043106079,9063.600301742554,18.117249568761203,-65.26872679637636,-43.987133,1,0,1,0.6756
1.295100063085556,9065.700441598892,18.117230395062883,-65.26872896934674,-44.500202,1,0,1,0.1625
1.2960000336170197,9072.000235319138,18.11717283771697,-65.26873532837814,-44.765884,1,0,1,-0.1032
1.2971000373363497,9079.700261354446,18.11710245111541,-65.2687429713649,-44.166275,1,0,1,0.4964
1.297400027513504,9081.800192594528,18.117083265061574,-65.26874509715725,-44.38744,1,0,1,0.2753
1.2980000376701355,9086.000263690948,18.11704485621713,-65.26874920632788,-43.687187,1,0,1,0.9755
1.2981000542640686,9086.70037984848,18.11703847369341,-65.26874997311411,-44.264565,1,0,1,0.3981
1.2996000349521637,9097.200244665146,18.116942500153502,-65.26876042012657,-44.37395,1,0,1,0.2887
1.3026000261306765,9118.200182914734,18.116750527632256,-65.2687810497338,-44.270527,1,0,1,0.3922
1.3029000461101532,9120.300322771072,18.116731341372184,-65.26878314417094,-44.68153,1,0,1,-0.0188
1.3041000366210938,9128.700256347656,18.11665454100068,-65.2687912244106,-44.14666,1,0,1,0.516
1.3043000400066376,9130.100280046465,18.11664174171712,-65.26879256800248,-44.080788,1,0,1,0.5819
1.3052000403404236,9136.400282382963,18.116584134033594,-65.26879879327072,-44.410408,1,0,1,0.2523
1.305500030517578,9138.500213623049,18.116564951624103,-65.2688007472886,-44.352764,1,0,1,0.3099
1.307600051164627,9153.20035815239,18.116430684786724,-65.2688143476955,-44.12636,1,0,1,0.5363
1.3077000379562378,9153.900265693665,18.11642430327499,-65.26881503554168,-44.487614,1,0,1,0.1751
1.3087000250816343,9160.900175571442,18.116360374422623,-65.26882145017233,-44.352848,1,0,1,0.3098
1.3091000318527222,9163.700222969055,18.11633480080493,-65.26882399749698,-44.215332,1,0,1,0.4474
1.3096000254154203,9167.200177907944,18.116302845461234,-65.26882721518803,-44.37933,1,0,1,0.2834
1.3097000420093536,9167.900294065475,18.11629646408639,-65.26882790215474,-44.782413,1,0,1,-0.1197
1.3100000321865082,9170.000225305555,18.11627727966716,-65.2688297785268,-44.45932,1,0,1,0.2034
1.310300052165985,9172.100365161896,18.11625808171336,-65.26883160350779,-43.722088,1,0,1,0.9406
1.3106000423431396,9174.200296401978,18.116238928206965,-65.26883359992725,-44.44288,1,0,1,0.2198
1.3132000267505646,9192.400187253952,18.116072780334857,-65.26885017318399,-45.164623,1,0,0,-0.5019
1.31400004029274,9198.00028204918,18.11602163982506,-65.268855166739,-44.649513,1,0,1,0.0132
1.314100056886673,9198.70039820671,18.11601524007311,-65.26885576445893,-44.365223,1,0,1,0.2975
1.3143000304698944,9200.10021328926,18.11600323377236,-65.26886023546075,-71.2846,0,0,0,-26.6219
1.314900040626526,9204.30028438568,18.115964123088084,-65.26886083420308,-44.53218,1,0,1,0.1305
1.315000057220459,9205.000400543213,18.11595772839191,-65.26886145136105,-44.414635,1,0,1,0.2481
1.3166000247001648,9216.200172901154,18.11585548938877,-65.2688715465619,-44.40503,1,0,1,0.2577
1.3173000514507294,9221.100360155106,18.11581076170324,-65.26887597850546,-44.505234,1,0,1,0.1575
1.317600041627884,9223.200291395187,18.115791588545584,-65.26887785547231,-44.352146,1,0,1,0.3106
1.3189000189304352,9232.300132513046,18.115708533124263,-65.26888611540163,-44.659817,1,0,1,0.0029
1.3193000257015228,9235.10017991066,18.115682964396264,-65.26888860941756,-44.31824,1,0,1,0.3445
1.320100039243698,9240.700274705889,18.115631831245835,-65.2688936219857,-43.775692,1,0,1,0.887
1.320100039243698,9240.700274705889,18.115631839871696,-65.26889365750365,-44.073765,1,0,1,0.5889
1.3206000328063965,9244.200229644775,18.115599890553685,-65.26889682894931,-44.009163,1,0,1,0.6535
1.3207000494003296,9244.900345802307,18.11559349586081,-65.26889744870134,-43.86825,1,0,1,0.7944
1.321200042963028,9248.400300741196,18.11556187215412,-65.26890197544063,-55.123867,0,0,0,-10.4612
1.3220000267028809,9254.000186920166,18.11551045265201,-65.26890582379451,-44.550396,1,0,1,0.1123
1.3220000267028809,9254.000186920166,18.11551042846384,-65.26890572419777,-43.714546,1,0,1,0.9482
1.3230000436306,9261.0003054142,18.1154465698058,-65.26891229235189,-45.052452,1,0,1,-0.3898
1.3233000338077543,9263.100236654282,18.11542736795723,-65.26891408278344,-43.89867,1,0,1,0.764
1.327700048685074,9293.900340795515,18.11514619251624,-65.2689429084666,-44.58236,1,0,1,0.0803
1.327800065279007,9294.600456953049,18.115139793573515,-65.26894355080431,-44.387486,1,0,1,0.2752
1.3281000554561615,9296.70038819313,18.11512059870994,-65.2689454634579,-43.670685,1,0,1,0.992
1.331000030040741,9317.000210285189,18.114935241082783,-65.26896502790567,-44.47642,1,0,1,0.1863
1.3317000567913055,9321.90039753914,18.114890491102148,-65.26896976626179,-44.469353,1,0,1,0.1933
1.3320000171661377,9324.000120162964,18.11487130458613,-65.26897175525556,-44.08106,1,0,1,0.5816
1.3326000273227692,9328.200191259384,18.114832959420323,-65.26897588063517,-44.469604,1,0,1,0.1931
1.332800030708313,9329.600214958193,18.11482017008072,-65.26897722685361,-44.33709,1,0,1,0.3256
1.3334000408649445,9333.800286054611,18.114781825598467,-65.26898136954853,-44.755848,1,0,1,-0.0932
1.3353000283241272,9347.10019826889,18.11466036167312,-65.26899437802403,-44.62863,1,0,1,0.0341
1.3363000452518463,9354.100316762924,18.114596443992983,-65.26900131041837,-44.982166,1,0,1,-0.3195
1.3363000452518463,9354.100316762924,18.11459642676347,-65.26900123947202,-44.386772,1,0,1,0.2759
1.336400032043457,9354.8002243042,18.11459003227148,-65.26900191866775,-44.294743,1,0,1,0.368
1.3382000625133514,9367.40043759346,18.114474952638385,-65.26901433684844,-43.947086,1,0,1,0.7156
1.3386000096797943,9370.20006775856,18.114449400837472,-65.26901717594508,-44.471825,1,0,1,0.1909
1.3398000299930573,9378.6002099514,18.114372705189574,-65.269025588529,-45.029213,1,0,1,-0.3665
1.3398000299930573,9378.6002099514,18.11437269360177,-65.26902554081231,-44.628773,1,0,1,0.0339
1.3401000499725342,9380.70034980774,18.1143535069764,-65.26902759843983,-44.358326,1,0,1,0.3044
1.3401000499725342,9380.70034980774,18.114353514747865,-65.26902763044154,-44.626884,1,0,1,0.0358
1.3407000303268433,9384.900212287905,18.11431517078592,-65.26903185208728,-44.95413,1,0,1,-0.2914
1.3413000404834747,9389.100283384323,18.11427680035824,-65.26903597548292,-44.42147,1,0,1,0.2412
1.3416000604629517,9391.200423240662,18.11425762132368,-65.26903806744174,-44.397102,1,0,1,0.2656
1.3425000309944153,9397.500216960909,18.11420009298349,-65.26904435736407,-44.409977,1,0,1,0.2527
1.3425000309944153,9397.500216960909,18.11420009023146,-65.2690443460314,-44.314877,1,0,1,0.3478
1.3428000211715698,9399.600148200989,18.11418091454864,-65.26904644514829,-44.3296,1,0,1,0.3331
1.3430000245571136,9401.000171899796,18.114168128521406,-65.269047837876,-44.280422,1,0,1,0.3823
1.3440000414848328,9408.00029039383,18.114104214971466,-65.26905486935487,-44.582695,1,0,1,0.08
1.3441000282764437,9408.700197935104,18.114097813482108,-65.26905552662505,-44.227413,1,0,1,0.4353
1.3443000614643097,9410.100430250168,18.114085475867,-65.26905878217893,-59.79975,0,0,0,-15.1371
1.3446000516414642,9412.20036149025,18.114066370925787,-65.2690612785109,-63.51421,0,0,0,-18.8515
1.3470000326633451,9429.000228643416,18.113912463701688,-65.26907578904873,-43.716118,1,0,1,0.9466
1.3470000326633451,9429.000228643416,18.113912482918444,-65.26907587683235,-44.451065,1,0,1,0.2116
1.3476000428199768,9433.200299739838,18.113870949880308,-65.26906680939358,66.97069,0,0,0,111.6334
1.3481000661849976,9436.700463294985,18.11384221392506,-65.26908365409002,-44.924347,1,0,1,-0.2617
1.3481000661849976,9436.700463294985,18.113842204389808,-65.26908361482276,-44.594833,1,0,1,0.0679
1.3486000299453735,9440.200209617617,18.113810257741434,-65.26908710657735,-44.484272,1,0,1,0.1784
1.3487000167369845,9440.90011715889,18.11380385627482,-65.2690877529615,-44.029522,1,0,1,0.6332
1.348900020122528,9442.300140857697,18.11379108925658,-65.26908920133401,-44.427334,1,0,1,0.2354
1.351000040769577,9457.00028538704,18.113656915860275,-65.26910388119069,-44.48884,1,0,1,0.1739
1.3512000441551208,9458.400309085846,18.113644138683984,-65.26910528151451,-44.548088,1,0,1,0.1146
1.3524000346660614,9466.80024266243,18.11356746010401,-65.26911359841385,-44.340782,1,0,1,0.3219
1.3542000651359558,9479.40045595169,18.113452437944407,-65.26912602021685,-44.116776,1,0,1,0.5459
1.3552000224590302,9486.400157213213,18.11338854245445,-65.26913290076821,-44.138428,1,0,1,0.5243
1.3553000092506409,9487.100064754486,18.113382148305853,-65.26913356629353,-43.96528,1,0,1,0.6974
1.3588000237941742,9511.60016655922,18.113158486422467,-65.26915738789747,-43.950157,1,0,1,0.7125
1.3605000376701355,9523.500263690948,18.113049848492853,-65.26916883358196,-44.11775,1,0,1,0.5449
1.3606000542640686,9524.20037984848,18.11304344594798,-65.2691694500591,-43.677647,1,0,1,0.985
1.360700041055679,9524.900287389755,18.11303707042692,-65.26917018677767,-44.24766,1,0,1,0.415
1.360700041055679,9524.900287389755,18.11303706515081,-65.26917016504873,-44.065334,1,0,1,0.5974
1.3622000217437744,9535.40015220642,18.11294121053951,-65.26918018326911,-44.313095,1,0,1,0.3496
1.3631000220775604,9541.700154542925,18.11288368138343,-65.2691860949716,-43.938824,1,0,1,0.7239
1.3641000390052795,9548.700273036957,18.112819783990822,-65.2691927332961,-44.37668,1,0,1,0.286
1.3643000423908234,9550.100296735764,18.11280700312036,-65.26919405097179,-44.413925,1,0,1,0.2488
1.3644000589847565,9550.800412893295,18.112800706119195,-65.26919486776353,-44.37815,1,0,1,0.2845
1.364700049161911,9552.900344133375,18.11278151193132,-65.26919678718929,-44.25479,1,0,1,0.4079
1.3656000196933746,9559.200137853622,18.11272393954296,-65.26920256738947,-44.212994,1,0,1,0.4497
1.3658000230789185,9560.60016155243,18.112708455248782,-65.2691926748358,49.53942,0,0,0,94.2021
1.366500049829483,9565.50034880638,18.11266636296068,-65.26920831322586,-44.07972,1,0,1,0.583
1.3666000366210938,9566.200256347656,18.11265996656141,-65.2692089491273,-44.056004,1,0,1,0.6067
1.366900056600571,9568.300396203997,18.11264077399884,-65.26921085634137,-43.990425,1,0,1,0.6723
1.3677000403404236,9573.900282382963,18.11258960465029,-65.26921594740085,-43.95135,1,0,1,0.7113
1.3682000637054443,9577.40044593811,18.11255763044792,-65.26921915014734,-44.159912,1,0,1,0.5028
1.3687000274658203,9580.900192260742,18.112525652818828,-65.26922230949576,-44.048946,1,0,1,0.6138
1.3702000379562378,9591.400265693665,18.112429728368493,-65.26923176438505,-43.72393,1,0,1,0.9388
1.3705000579357147,9593.500405550005,18.11241055228752,-65.26923369151035,-43.98962,1,0,1,0.6731
1.3707000315189362,9594.900220632551,18.11239785183295,-65.26923530113449,-46.900616,1,0,0,-2.2379
1.3707000315189362,9594.900220632551,18.112397777724667,-65.26923499593045,-44.33955,1,0,1,0.3231
1.3708000481128693,9595.600336790085,18.112391379287395,-65.26923560934146,-44.188614,1,0,1,0.4741
1.3716000318527222,9601.200222969055,18.112340247264644,-65.26924068344785,-44.414433,1,0,1,0.2483
1.3724000453948977,9606.800317764282,18.11228911238383,-65.26924571412437,-44.307907,1,0,1,0.3548
1.3729000389575958,9610.30027270317,18.112257164138903,-65.26924887929025,-44.427845,1,0,1,0.2349
1.3742000460624697,9619.400322437286,18.11217410006029,-65.26925704548808,-44.209297,1,0,1,0.4534
1.3746000528335571,9622.2003698349,18.112148563898486,-65.26925962768527,-44.717777,1,0,1,-0.0551
1.3747000396251678,9622.900277376177,18.11214217545613,-65.2692602494402,-44.645,1,0,1,0.0177
1.3750000298023224,9625.000208616257,18.11212300755628,-65.26926210816039,-44.367252,1,0,1,0.2954
1.3755000233650208,9628.500163555143,18.112091070543748,-65.26926523449168,-44.131123,1,0,1,0.5316
1.3759000301361084,9631.30021095276,18.112065537085027,-65.26926779330813,-44.41369,1,0,1,0.249
1.37650004029274,9635.50028204918,18.11202721996238,-65.2692715418368,-44.05962,1,0,1,0.6031
1.377400040626526,9641.80028438568,18.111969789164704,-65.26927730099642,-44.60486,1,0,1,0.0578
1.3779000639915466,9645.300447940826,18.11193786309608,-65.26928040094356,-44.028984,1,0,1,0.6337
1.3780000507831571,9646.0003554821,18.11193147450368,-65.26928099160214,-43.666344,1,0,1,0.9964
1.3781000673770905,9646.700471639631,18.111925100816453,-65.26928166830787,-44.019417,1,0,1,0.6433
1.3782000541687012,9647.400379180908,18.11191872558578,-65.26928232134192,-44.175716,1,0,1,0.487
1.3783000111579895,9648.100078105928,18.11191234525795,-65.26928294471946,-44.0833,1,0,1,0.5794
1.3791000247001648,9653.700172901154,18.11186130857413,-65.26928802936649,-44.089664,1,0,1,0.573
1.379800021648407,9658.600151538849,18.11181676746664,-65.26929291934431,-47.70998,1,0,0,-3.0473
1.37990003824234,9659.30026769638,18.1118102801562,-65.2692930994709,-43.870316,1,0,1,0.7924
1.380100041627884,9660.700291395187,18.111797543374507,-65.26929445524775,-44.536198,1,0,1,0.1265
1.3813000619411469,9669.100433588028,18.11172103621489,-65.26930213190933,-44.53666,1,0,1,0.126
1.381500065326691,9670.500457286837,18.111708885110584,-65.26930589166402,-65.319275,0,0,0,-20.6566
1.382600039243698,9678.200274705889,18.11163748783241,-65.26930757765493,-20.11567,0,0,0,24.547
1.3831000328063965,9681.700229644775,18.11160633488308,-65.26931372467689,-44.622993,1,0,1,0.0397
1.3832000494003296,9682.400345802307,18.11159995685783,-65.26931434508191,-44.40686,1,0,1,0.2558
1.3858000338077543,9700.600236654282,18.11143438144673,-65.26933128422989,-44.876415,1,0,1,-0.2137
1.386100023984909,9702.700167894363,18.11141528087765,-65.26933313320806,-43.630062,1,0,1,1.0326
1.3879000544548037,9715.300381183624,18.11130091787,-65.26934526707392,-44.440407,1,0,1,0.2223
1.3882000148296356,9717.40010380745,18.111281865866328,-65.26934730873624,-44.67462,1,0,1,-0.0119
1.3887000381946564,9720.900267362596,18.11125008802571,-65.26935063452567,-44.375336,1,0,1,0.2874
1.3895000219345093,9726.500153541563,18.11119926633852,-65.26935604038685,-44.5143,1,0,1,0.1484
1.3904000520706177,9732.800364494324,18.11114208685166,-65.26936212817913,-44.591324,1,0,1,0.0714
1.3907000422477722,9734.900295734406,18.111123027498312,-65.26936415887793,-44.602413,1,0,1,0.0603
1.390900045633316,9736.300319433212,18.11111032314882,-65.26936552490525,-44.704624,1,0,1,-0.0419
1.39110004901886,9737.70034313202,18.11109761103357,-65.26936686019046,-44.543304,1,0,1,0.1194
1.3943000435829165,9760.100305080414,18.11089423681735,-65.26938855740066,-44.143085,1,0,1,0.5196
1.3943000435829165,9760.100305080414,18.110894231477324,-65.26938853541712,-43.958603,1,0,1,0.7041
1.3949000239372251,9764.300167560576,18.11085610699021,-65.2693927051393,-44.64132,1,0,1,0.0214
1.3961000442504885,9772.700309753418,18.11077976911824,-65.26940077361455,-43.68068,1,0,1,0.982
1.3983000218868256,9788.10015320778,18.11063979325726,-65.26941582789402,-44.04827,1,0,1,0.6144
1.3996000289916992,9797.200202941896,18.11055701706472,-65.26942470362185,-44.127308,1,0,1,0.5354
1.3996000289916992,9797.200202941896,18.110557018203803,-65.26942470831077,-44.166656,1,0,1,0.496
1.4022000432014463,9815.400302410126,18.11039129940448,-65.26944236358929,-43.77165,1,0,1,0.891
1.4032000303268433,9822.400212287905,18.110327529109835,-65.26944925260511,-44.58058,1,0,1,0.0821
1.4033000469207764,9823.100328445436,18.110321127774668,-65.2694498438261,-43.847694,1,0,1,0.815
1.4049000144004822,9834.300100803375,18.11021910365205,-65.26946077816893,-43.869595,1,0,1,0.7931
1.4074000418186188,9851.800292730331,18.110059073390868,-65.26947755910811,-44.89323,1,0,1,-0.2305
1.4076000452041626,9853.200316429138,18.110046247630432,-65.26947883561215,-44.44748,1,0,1,0.2152
1.4079000651836395,9855.300456285477,18.11002701208642,-65.26948077512729,-43.992203,1,0,1,0.6705
1.409900039434433,9869.30027604103,18.10989883354175,-65.26949411788554,-44.606503,1,0,1,0.0562
1.410900056362152,9876.300394535065,18.109834688599136,-65.26950069171144,-44.18997,1,0,1,0.4727
1.4110000431537628,9877.00030207634,18.109828291560536,-65.26950142078219,-44.753567,1,0,1,-0.0909
1.4110000431537628,9877.00030207634,18.109828290350205,-65.26950141579977,-44.711758,1,0,1,-0.0491
1.4112000465393066,9878.400325775146,18.109815447461475,-65.26950268304174,-44.236763,1,0,1,0.4259
1.4117000102996826,9881.900072097778,18.10978340069422,-65.26950609886315,-45.13797,1,0,1,-0.4753
1.4119000136852264,9883.300095796583,18.10977056454711,-65.26950740237577,-44.973076,1,0,1,-0.3104
1.4122000336647034,9885.400235652924,18.10975131389694,-65.26950938052164,-44.919483,1,0,1,-0.2568
1.4122000336647034,9885.400235652924,18.10975128581937,-65.26950925629156,-43.87871,1,0,1,0.784
1.414400041103363,9900.80028772354,18.1096101202848,-65.26952388151582,-44.55147,1,0,1,0.1112
1.414400041103363,9900.80028772354,18.10961013527568,-65.26952394323094,-45.06935,1,0,1,-0.4067
1.4149000346660614,9904.30024266243,18.10957827644564,-65.2695282172137,-53.20028,1,0,0,-8.5376
1.415900021791458,9911.300152540209,18.10951382266032,-65.2695337144653,-43.863937,1,0,1,0.7988
1.4165000319480896,9915.500223636627,18.109475348656453,-65.26953785874785,-45.34827,1,0,0,-0.6856
1.4168000519275663,9917.600363492966,18.10945605433414,-65.26953969505392,-44.108242,1,0,1,0.5545
1.4183000326156616,9928.100228309631,18.10935978175652,-65.26954965836036,-44.428967,1,0,1,0.2337
1.418900042772293,9932.300299406052,18.109321277417035,-65.26955366018036,-44.66715,1,0,1,-0.0045
1.4195000231266022,9936.500161886215,18.109282777432952,-65.26955766447998,-44.90825,1,0,1,-0.2456
1.419800043106079,9938.600301742554,18.10926349841556,-65.26955954298313,-43.983223,1,0,1,0.6795
1.4202000498771667,9941.400349140167,18.109237836313728,-65.26956223638469,-44.32171,1,0,1,0.341
1.4206000566482544,9944.20039653778,18.10921217271409,-65.26956490970791,-44.482506,1,0,1,0.1802
1.420900046825409,9946.300327777864,18.109193446869707,-65.2695690728708,-62.70315,0,0,0,-18.0405
1.4216000139713287,9951.2000977993,18.10914801205133,-65.26957154343145,-44.419907,1,0,1,0.2428
1.4216000139713287,9951.2000977993,18.10914802389649,-65.26957159220365,-44.829178,1,0,1,-0.1665
1.4234000444412231,9963.800311088562,18.109032539352985,-65.26958345607417,-43.85676,1,0,1,0.8059
1.424100041389465,9968.700289726256,18.108987662056293,-65.26958816730925,-44.2141,1,0,1,0.4486
1.424500048160553,9971.50033712387,18.10896187166372,-65.26959074076042,-43.865204,1,0,1,0.7975
1.4255000352859497,9978.500247001648,18.108897860921378,-65.26959743524142,-43.62872,1,0,1,1.034
1.426300048828125,9984.100341796877,18.10884669236131,-65.26960292535556,-44.491856,1,0,1,0.1708
1.426300048828125,9984.100341796877,18.108846691211976,-65.26960292062279,-44.45214,1,0,1,0.2106
1.4276000559329989,9993.20039153099,18.10876352466102,-65.26961167043783,-44.282806,1,0,1,0.3799
1.4293000400066376,10005.100280046465,18.10865481919198,-65.26962317485531,-44.34644,1,0,1,0.3163
1.4297000467777252,10007.900327444077,18.108629246521936,-65.26962588457117,-44.3472,1,0,1,0.3155
1.4303000569343567,10012.100398540497,18.108590881618017,-65.269629902688,-43.935284,1,0,1,0.7274
1.4303000569343567,10012.100398540497,18.108590901956457,-65.26962999508713,-44.708935,1,0,1,-0.0462
1.430800050497055,10015.600353479384,18.10855892993904,-65.2696333293014,-44.223934,1,0,1,0.4388
1.4318000376224518,10022.600263357162,18.10849504033428,-65.26964019174576,-44.825916,1,0,1,-0.1632
1.432600021362305,10028.200149536133,18.10844390777445,-65.26964556793514,-44.303528,1,0,1,0.3592
1.4338000416755676,10036.600291728972,18.10836724002383,-65.26965373487775,-44.305706,1,0,1,0.357
1.4339000582695007,10037.300407886503,18.108360843281147,-65.26965437703167,-43.980736,1,0,1,0.682
1.4358000457286837,10050.600320100784,18.10823947834266,-65.26966732400012,-43.9669,1,0,1,0.9049
1.437300056219101,10061.100393533708,18.1081439391758,-65.26967865864994,-53.206562,1,0,0,-8.3347
1.437300056219101,10061.100393533708,18.108143678996573,-65.26967756993804,-44.074425,1,0,1,0.7974
1.43900004029274,10073.00028204918,18.108035446380967,-65.26969056639089,-55.764072,0,0,0,-10.8922
1.43900004029274,10073.00028204918,18.10803511380777,-65.26968918820502,-44.201294,1,0,1,0.6705
1.4396000504493711,10077.2003531456,18.107996797185603,-65.26969328910229,-44.245644,1,0,1,0.6262
1.4396000504493711,10077.2003531456,18.10799678653906,-65.26969323661257,-43.8069,1,0,1,1.0649
1.4402000308036804,10081.400215625765,18.10795846958617,-65.26969732791794,-43.77457,1,0,1,1.0973
1.4403000473976135,10082.100331783296,18.10795210061536,-65.26969809462376,-44.478455,1,0,1,0.3934
1.4422000348567965,10095.400243997574,18.10783074423296,-65.26971098324893,-43.85503,1,0,1,1.0168
1.443300038576126,10103.100270032885,18.10776049356028,-65.26971849742338,-43.981407,1,0,1,0.8904
1.4438000321388245,10106.600224971771,18.10772855502574,-65.26972188791322,-43.845993,1,0,1,1.0258
1.4442000687122345,10109.40048098564,18.10770300091473,-65.2697245998405,-43.740154,1,0,1,1.1317
1.4446000158786774,10112.200111150742,18.10767628266474,-65.26972197827264,0.7959855,0,0,0,45.6678
1.445000022649765,10115.000158548355,18.107651982821043,-65.26973003603665,-43.87566,1,0,1,0.9962
1.445900022983551,10121.300160884855,18.10759442880487,-65.26973622101971,-44.212322,1,0,1,0.6595
1.450700044631958,10154.900312423706,18.10728743138331,-65.26976891357836,-44.792065,1,0,1,0.0798
1.4528000354766846,10169.600248336792,18.10715312221879,-65.2697830475624,-44.499058,1,0,1,0.3728
1.4532000422477722,10172.400295734406,18.10712753601082,-65.2697857078428,-44.246002,1,0,1,0.6258
1.4540000557899475,10178.000390529633,18.10707638726061,-65.26979110266794,-44.434692,1,0,1,0.4371
1.455100029706955,10185.700207948685,18.10700606126132,-65.26979846948629,-44.427876,1,0,1,0.444
1.455200046300888,10186.400324106216,18.106999651115,-65.2697990628907,-43.796955,1,0,1,1.0749
1.455600023269653,10189.200162887571,18.106974096004045,-65.26980180187303,-44.35117,1,0,1,0.5207
1.456100046634674,10192.70032644272,18.10694232509516,-65.26980592831278,-50.974846,1,0,0,-6.103
1.4562000334262848,10193.400233983994,18.10693575111518,-65.26980584169078,-44.653793,1,0,1,0.218
1.457300066947937,10201.10046863556,18.10686544290678,-65.26981315514249,-44.57716,1,0,1,0.2947
1.4574000537395475,10201.800376176834,18.10685904771641,-65.26981379717797,-44.38915,1,0,1,0.4827
1.4594000577926636,10215.800404548643,18.10673126361176,-65.26982706018542,-44.48963,1,0,1,0.3822
1.460900068283081,10226.300477981567,18.106635440637373,-65.26983687589548,-43.86914,1,0,1,1.0027
1.4610000550746918,10227.000385522842,18.106629080245945,-65.2698376443998,-44.79629,1,0,1,0.0755
1.462700039148331,10238.900274038317,18.10652053724713,-65.26984879045492,-44.69591,1,0,1,0.1759
1.4639000594615936,10247.300416231155,18.1064439369888,-65.26985661332289,-44.48087,1,0,1,0.391
1.4640000462532043,10248.00032377243,18.10643755515792,-65.26985726273955,-44.451046,1,0,1,0.4208
1.464400053024292,10250.800371170044,18.10641189490596,-65.26986002379773,-44.414684,1,0,1,0.4572
1.4660000503063202,10262.00035214424,18.106309953616844,-65.26987029214257,-44.47264,1,0,1,0.3992
1.466200053691864,10263.400375843048,18.106297216186363,-65.26987158721789,-44.592453,1,0,1,0.2794
1.46710005402565,10269.70037817955,18.10623987956813,-65.26987731178089,-44.296318,1,0,1,0.5755
1.4685000479221344,10279.50033545494,18.10615071476692,-65.26988624780074,-44.157665,1,0,1,0.7142
1.4687000215053558,10280.90015053749,18.106137980784577,-65.26988753005745,-44.18843,1,0,1,0.6834
1.4694000482559204,10285.800337791445,18.10609341270957,-65.26989205640548,-44.60683,1,0,1,0.265
1.469800055027008,10288.600385189056,18.106067936087648,-65.26989459518587,-44.441563,1,0,1,0.4303
1.4710000455379486,10297.00031876564,18.10599153317957,-65.26990231209582,-44.745586,1,0,1,0.1263
1.4737000465393066,10315.900325775146,18.105819572905663,-65.26991953064656,-43.756718,1,0,1,1.1151
1.4742000699043274,10319.400489330292,18.10578782942081,-65.26992317777099,-47.316723,1,0,0,-2.4449
1.4746000170707705,10322.200119495392,18.10576226728188,-65.26992537996523,-44.139843,1,0,1,0.732
1.4746000170707705,10322.200119495392,18.10576228178508,-65.26992544832727,-44.711773,1,0,1,0.1601
1.474800020456314,10323.6001431942,18.10574952869997,-65.26992667134884,-44.13582,1,0,1,0.736
1.4752000272274015,10326.400190591812,18.1057240422762,-65.26992922243507,-43.841423,1,0,1,1.0304
1.4758000373840332,10330.600261688232,18.105685855418724,-65.26993325134288,-45.041615,1,0,1,-0.1698
1.4785000383853912,10349.50026869774,18.10551380511517,-65.26995077566866,-44.468082,1,0,1,0.4038
1.4788000285625458,10351.60019993782,18.105494675527893,-65.26995269395532,-44.064617,1,0,1,0.8072
1.479600042104721,10357.200294733047,18.105443668009656,-65.2699579012807,-43.64805,1,0,1,1.2238
1.48130002617836,10369.10018324852,18.10533529245864,-65.26996922545587,-44.407413,1,0,1,0.4644
1.481600046157837,10371.200323104858,18.105316156886843,-65.26997121456638,-44.386326,1,0,1,0.4855
1.4819000363349917,10373.30025434494,18.10529727618161,-65.2699742626354,-53.227833,1,0,0,-8.356
1.482300043106079,10376.100301742554,18.10527150656526,-65.2699758750777,-44.41091,1,0,1,0.4609
1.483700066804886,10385.9004676342,18.10518217565689,-65.26998523063844,-44.366093,1,0,1,0.5057
1.4844000339508057,10390.80023765564,18.10513767113506,-65.26998971788771,-44.50723,1,0,1,0.3646
1.4854000508785248,10397.800356149672,18.105073725627623,-65.26999662897025,-44.633545,1,0,1,0.2383
1.4860000610351562,10402.000427246094,18.10503535051928,-65.27000079006883,-44.716835,1,0,1,0.155
1.4869000613689425,10408.300429582596,18.10497775948463,-65.27000695999101,-44.10198,1,0,1,0.7699
1.4877000153064728,10413.90010714531,18.1049265841426,-65.2700125669469,-44.460747,1,0,1,0.4111
1.49140003323555,10439.80023264885,18.104689787714708,-65.27003845455755,-44.7978,1,0,1,0.074
1.494200050830841,10459.400355815887,18.10451055864335,-65.27005800022391,-44.484768,1,0,1,0.3871
1.4946000277996063,10462.200194597244,18.10448496722203,-65.27006082214449,-44.731773,1,0,1,0.1401
1.49480003118515,10463.600218296053,18.104472165226177,-65.2700622088356,-44.65702,1,0,1,0.2148
1.49480003118515,10463.600218296053,18.10447615735095,-65.2700787759868,-183.63722,0,0,0,-138.7654
1.496800035238266,10477.600246667862,18.1043441920038,-65.270076147308,-44.803844,1,0,1,0.068
1.4978000223636627,10484.60015654564,18.10428023403552,-65.27008313424099,-45.2755,1,0,1,-0.4037
1.500700056552887,10504.900395870209,18.10409477417005,-65.27010301610817,-44.690792,1,0,1,0.181
1.50150004029274,10510.50028204918,18.10404364950573,-65.27010850199014,-44.918766,1,0,1,-0.0469
1.5019000470638275,10513.300329446793,18.104018193875323,-65.27011166300385,-48.60701,1,0,0,-3.7352
1.5025000274181366,10517.500191926956,18.103979751751737,-65.2701152989592,-44.951847,1,0,1,-0.08
1.503400057554245,10523.800402879717,18.103922524975086,-65.270122500366,-54.326496,1,0,0,-9.4547
1.503400057554245,10523.800402879717,18.10392226622206,-65.2701214262361,-45.31595,1,0,1,-0.4441
1.5035000443458555,10524.50031042099,18.10391586922472,-65.27012205699391,-44.952545,1,0,1,-0.0807
1.5039000511169434,10527.300357818604,18.10389039832384,-65.27012506725336,-47.61423,1,0,0,-2.7424
1.5042000710964205,10529.400497674942,18.103871161047703,-65.27012676474928,-44.941906,1,0,1,-0.0701
1.50490003824234,10534.30026769638,18.103826329296496,-65.27013158487112,-44.772507,1,0,1,0.0993
1.5054000318050385,10537.80022263527,18.10379447139061,-65.27013484781301,-44.739094,1,0,1,0.1327
1.506900042295456,10548.300296068192,18.10369891505541,-65.27014456925413,-44.507305,1,0,1,0.3645
1.5073000490665436,10551.100343465803,18.10367344631265,-65.27014718340858,-44.730495,1,0,1,0.1413
1.5073000490665436,10551.100343465803,18.103673455530902,-65.270147221366,-45.04897,1,0,1,-0.1771
1.507400065660477,10551.800459623337,18.103667074567763,-65.27014782031132,-44.652195,1,0,1,0.2196
1.5082000494003296,10557.400345802307,18.10361612465041,-65.27015295024015,-44.41124,1,0,1,0.4606
1.5089000463485718,10562.300324440002,18.10357155593889,-65.27015746268273,-44.516453,1,0,1,0.3554
1.5090000331401825,10563.000231981276,18.103565556800525,-65.27015962507076,-57.273216,1,0,0,-12.4014
1.5093000531196594,10565.100371837616,18.103546090550434,-65.27016004318172,-44.637497,1,0,1,0.2343
1.5134000480175018,10593.800336122513,18.10328502433052,-65.27018612148535,-44.13088,1,0,1,0.741
1.5155000388622284,10608.5002720356,18.10315127290212,-65.27019948812665,-44.430996,1,0,1,0.4408
1.516700059175491,10616.90041422844,18.10307480360436,-65.27020707872188,-44.186447,1,0,1,0.6854
1.5205000638961792,10643.500447273254,18.1028324758326,-65.2702313318042,-44.40539,1,0,1,0.4664
1.520700067281723,10644.90047097206,18.10281969802288,-65.27023254964199,-43.87128,1,0,1,1.0006
1.521100014448166,10647.70010113716,18.102794175161907,-65.27023513701434,-44.054413,1,0,1,0.8174
1.5213000178337095,10649.100124835968,18.10278142179617,-65.2702364886864,-44.618107,1,0,1,0.2537
1.5214000344276428,10649.8002409935,18.1027750292047,-65.27023709213884,-44.291477,1,0,1,0.5804
1.5216000378131866,10651.200264692308,18.10276225989228,-65.27023837780118,-44.291405,1,0,1,0.5804
1.522200047969818,10655.400335788729,18.102723951564617,-65.27024227565721,-44.583862,1,0,1,0.288
1.5232000350952148,10662.400245666504,18.10266006982429,-65.27024872359421,-44.49607,1,0,1,0.3758
1.523400038480759,10663.80026936531,18.102647294608666,-65.27025003729929,-44.65309,1,0,1,0.2187
1.5235000550746918,10664.500385522842,18.10264090303166,-65.27025068440118,-44.64533,1,0,1,0.2265
1.52510005235672,10675.70036649704,18.10253872231492,-65.27026102229071,-44.618988,1,0,1,0.2528
1.5259000360965729,10681.30025267601,18.10248744796481,-65.27026629913162,-44.455345,1,0,1,0.4165
1.5259000360965729,10681.30025267601,18.10248744655968,-65.27026629334733,-44.406807,1,0,1,0.465
1.5262000560760498,10683.400392532349,18.102468222026427,-65.27026831700563,-44.676838,1,0,1,0.195
1.5272000432014463,10690.400302410126,18.102404100209807,-65.27027496571402,-44.59831,1,0,1,0.2735
1.5278000235557556,10694.60016489029,18.1023656111634,-65.27027893932798,-44.29738,1,0,1,0.5745
1.5281000435352323,10696.700304746628,18.10234636347316,-65.27028094184708,-44.24132,1,0,1,0.6305
1.52960005402565,10707.20037817955,18.10225010729308,-65.27029100631157,-44.057938,1,0,1,0.8139
1.53070005774498,10714.90040421486,18.102179499025507,-65.2702984394313,-44.010372,1,0,1,0.8615
1.5321000516414642,10724.70036149025,18.10208962249307,-65.27030798371992,-44.24249,1,0,1,0.6293
1.532200038433075,10725.400269031525,18.10208318703067,-65.27030860203179,-43.710648,1,0,1,1.1612
1.532500058412552,10727.500408887863,18.102063926587,-65.27031066551878,-43.848465,1,0,1,1.0234
1.5327000617980957,10728.90043258667,18.10205110519602,-65.27031212750136,-44.6527,1,0,1,0.2191
1.5328000485897064,10729.600340127943,18.102044705827893,-65.27031289748051,-45.380447,1,0,0,-0.5086
1.5333000421524048,10733.100295066832,18.102012570734583,-65.27031619220428,-44.327477,1,0,1,0.5444
1.533400058746338,10733.800411224363,18.10200614622193,-65.27031686924062,-44.261086,1,0,1,0.6108
1.5338000655174255,10736.60045862198,18.10198044321152,-65.27031954425925,-43.700672,1,0,1,1.1712
1.5351000428199768,10745.700299739838,18.10189697733235,-65.27032853787595,-44.18253,1,0,1,0.6893
1.5366000533103945,10756.20037317276,18.101800666745508,-65.27033893623563,-44.53776,1,0,1,0.3341
1.5377000272274015,10763.900190591812,18.101730047969635,-65.27034656799312,-44.63005,1,0,1,0.2418
1.5387000441551208,10770.900309085846,18.10166585476681,-65.27035351059547,-44.60788,1,0,1,0.264
1.5396000444889069,10777.200311422348,18.101608085990907,-65.27035973134043,-44.258316,1,0,1,0.6135
1.5417000353336334,10791.900247335434,18.10147338992202,-65.27037448891156,-45.180416,1,0,1,-0.3086
1.5417000353336334,10791.900247335434,18.10147337032166,-65.270374408193,-44.50315,1,0,1,0.3687
1.542100042104721,10794.700294733047,18.10144771966456,-65.27037720705239,-44.54155,1,0,1,0.3303
1.5427000522613523,10798.900365829468,18.10140925290915,-65.27038141816004,-44.691387,1,0,1,0.1805
1.543300062417984,10803.100436925888,18.10137078794069,-65.27038560475192,-44.620846,1,0,1,0.251
1.5437000691890717,10805.900484323502,18.10134515415937,-65.27038841601978,-44.737278,1,0,1,0.1346
1.5443000197410583,10810.100138187408,18.10130670130602,-65.27039257809108,-44.44932,1,0,1,0.4225
1.5445000231266022,10811.500161886215,18.10129374465336,-65.27039396490342,-44.36974,1,0,1,0.5021
1.5446000397205353,10812.200278043749,18.101287357766925,-65.27039471791247,-44.81429,1,0,1,0.0575
1.544800043106079,10813.600301742554,18.10127455951412,-65.27039609454577,-44.622856,1,0,1,0.249
1.5452000498771667,10816.400349140167,18.10124897449124,-65.27039888231299,-44.529545,1,0,1,0.3423
1.545600026845932,10819.200187921524,18.10122340538397,-65.27040171060267,-44.779118,1,0,1,0.0927
1.5467000603675842,10826.90042257309,18.10115387894292,-65.27041270228632,-72.43523,0,0,0,-27.5634
1.5492000579833984,10844.400405883787,18.10099338239654,-65.2704269016992,-45.04756,1,0,1,-0.1757
1.5500000715255735,10850.000500679016,18.100942297942243,-65.27043246247725,-44.904762,1,0,1,-0.0329
1.550500065088272,10853.500455617905,18.10091036712017,-65.27043589250259,-44.464252,1,0,1,0.4076
1.5509000420570374,10856.30029439926,18.10088481780861,-65.27043858840685,-43.728706,1,0,1,1.1431
1.5520000457763672,10864.00032043457,18.10081463232698,-65.27044628599889,-44.16871,1,0,1,0.7031
1.552100032567978,10864.700227975844,18.100808252909083,-65.27044698180245,-44.183125,1,0,1,0.6887
1.5524000525474548,10866.800367832184,18.10078910766836,-65.27044905195571,-44.085514,1,0,1,0.7863
1.5526000559329989,10868.20039153099,18.100776356648364,-65.27045047701839,-44.40454,1,0,1,0.4673
1.553400069475174,10873.800486326218,18.100725311097232,-65.27045597768425,-44.05888,1,0,1,0.813
1.5539000630378723,10877.300441265106,18.10069342494109,-65.27045946056656,-44.265823,1,0,1,0.606
1.554800033569336,10883.600234985352,18.10063602546209,-65.27046566698458,-44.205055,1,0,1,0.6668
1.5568000674247742,10897.60047197342,18.10050850204288,-65.27047945005681,-44.44842,1,0,1,0.4234
1.557600021362305,10903.200149536133,18.10045748380293,-65.27048485770052,-43.853153,1,0,1,1.0187
1.5586000382900238,10910.200268030168,18.10039375765,-65.27049180307462,-44.822998,1,0,1,0.0488
1.5590000450611117,10913.00031542778,18.10036823162337,-65.27049441323688,-43.855247,1,0,1,1.0166
1.5600000619888306,10920.000433921814,18.10030452193973,-65.27050138324796,-45.29081,1,0,1,-0.419
1.5601000487804413,10920.700341463087,18.100298105032017,-65.27050187615902,-43.735245,1,0,1,1.1366
1.560800015926361,10925.600111484528,18.10025348257093,-65.27050661620537,-43.704082,1,0,1,1.1678
1.561100035905838,10927.700251340866,18.10023438854732,-65.27050878568961,-44.87388,1,0,1,-0.002
1.5653000473976135,10957.100331783296,18.099966646098025,-65.27053695121414,-44.35152,1,0,1,0.5203
1.5660000443458555,10962.00031042099,18.099921957789423,-65.27054161300957,-44.611897,1,0,1,0.2599
1.5688000321388245,10981.600224971771,18.09974316706393,-65.27056008537922,-44.98842,1,0,1,-0.1166
1.5689000487327576,10982.300341129305,18.09973677251344,-65.27056071210521,-44.74512,1,0,1,0.1267
1.5690000355243685,10983.000248670578,18.099730382370417,-65.27056134029831,-44.51878,1,0,1,0.3531
1.569200038909912,10984.400272369385,18.09971761447963,-65.27056268169417,-44.77639,1,0,1,0.0954
1.5701000690460205,10990.700483322144,18.099660118589348,-65.27056850759514,-44.23967,1,0,1,0.6322
1.5725000500679016,11007.500350475311,18.09950685867797,-65.27058429442374,-45.324905,1,0,1,-0.4531
1.573100060224533,11011.700421571732,18.09946851830659,-65.27058813399303,-44.771595,1,0,1,0.1002
1.5740000307559967,11018.000215291975,18.09941103526969,-65.27059399015883,-44.79803,1,0,1,0.0738
1.5761000514030457,11032.70035982132,18.099276896704023,-65.27060760641413,-44.585197,1,0,1,0.2866
1.5762000381946564,11033.400267362596,18.09927052059977,-65.27060829711085,-44.933643,1,0,1,-0.0618
1.578300029039383,11048.10020327568,18.09913637763107,-65.27062183447981,-44.13316,1,0,1,0.7387
1.5785000324249268,11049.500226974487,18.099123607912507,-65.27062314722195,-44.251736,1,0,1,0.6201
1.581300050020218,11069.100350141523,18.09894481237973,-65.27064140315744,-44.754604,1,0,1,0.1172
1.5828000605106354,11079.600423574448,18.098849108211155,-65.2706514744675,-47.309162,1,0,0,-2.4373
1.5843000411987305,11090.100288391111,18.098753261023187,-65.27066092336054,-44.485428,1,0,1,0.3864
1.5851000249385834,11095.700174570084,18.09870209769338,-65.27066604444371,-43.85317,1,0,1,1.0187
1.5860000550746918,11102.000385522842,18.098644753050024,-65.27067211856021,-45.11014,1,0,1,-0.2383
1.586700052022934,11106.900364160538,18.09860011532812,-65.27067668305135,-44.699795,1,0,1,0.172
1.586800068616867,11107.60048031807,18.09859373926976,-65.27067734331017,-44.70537,1,0,1,0.1665
1.587300032377243,11111.1002266407,18.09856186248152,-65.27068062069033,-44.52758,1,0,1,0.3443
1.5875000357627869,11112.500250339508,18.09854911146787,-65.27068194861361,-44.589283,1,0,1,0.2826
1.5879000425338743,11115.300297737122,18.0985236105077,-65.2706845855065,-44.548187,1,0,1,0.3237
1.5881000459194183,11116.700321435928,18.098510860915848,-65.27068592201975,-44.671406,1,0,1,0.2004
1.5883000493049622,11118.100345134735,18.0984981116345,-65.27068725221885,-44.739857,1,0,1,0.132
1.588500052690506,11119.500368833542,18.0984853605063,-65.27068857625973,-44.753098,1,0,1,0.1187
1.5889000594615936,11122.300416231155,18.09845984616801,-65.27069116895522,-44.30636,1,0,1,0.5655
1.5889000594615936,11122.300416231155,18.09845985153355,-65.27069119104924,-44.491726,1,0,1,0.3801
1.5891000628471377,11123.700439929962,18.0984471006387,-65.27069252816995,-44.602734,1,0,1,0.2691
1.5897000432014463,11127.900302410126,18.09840885457073,-65.27069654150851,-44.93874,1,0,1,-0.0669
1.5902000665664673,11131.400465965273,18.09837695408581,-65.27069978054607,-44.31084,1,0,1,0.561
1.590900033712387,11136.30023598671,18.098332312970257,-65.2707044090552,-44.186108,1,0,1,0.6857
1.5919000506401062,11143.300354480743,18.098268529851783,-65.27071104029864,-44.097,1,0,1,0.7748
1.5923000574111938,11146.100401878355,18.098243019732724,-65.2707137212543,-44.278667,1,0,1,0.5932
1.592900037765503,11150.30026435852,18.09820473860096,-65.27071768727377,-44.065735,1,0,1,0.8061
1.593800067901611,11156.60047531128,18.098147311421645,-65.27072367391821,-44.010567,1,0,1,0.8613
1.595900058746338,11171.300411224363,18.0980140838,-65.27074105272446,-72.28228,0,0,0,-27.4104
1.59660005569458,11176.20038986206,18.09796858414415,-65.27074238747177,-44.254303,1,0,1,0.6175
1.59660005569458,11176.20038986206,18.097968585303896,-65.27074239224706,-44.29437,1,0,1,0.5775
1.5973000228405,11181.1001598835,18.09792387956244,-65.27074706439738,-44.235348,1,0,1,0.6365
1.5981000363826752,11186.700254678726,18.097872770998688,-65.2707524030286,-44.12773,1,0,1,0.7441
1.5982000529766085,11187.400370836258,18.09786639610824,-65.2707531433723,-44.722263,1,0,1,0.1496
1.5985000431537628,11189.50030207634,18.097847203385875,-65.27075503896296,-43.783024,1,0,1,1.0888
1.5998000502586365,11198.600351810455,18.097764134958435,-65.2707638116021,-44.345898,1,0,1,0.5259
1.6005000174045565,11203.500121831894,18.09771938255395,-65.2707684945205,-44.283546,1,0,1,0.5883
1.6013000309467316,11209.10021662712,18.09766821606124,-65.27077383038596,-44.056427,1,0,1,0.8154
1.6015000343322754,11210.500240325928,18.09765542799051,-65.27077518834648,-44.1982,1,0,1,0.6736
1.6017000377178192,11211.900264024734,18.09764263010843,-65.27077650964812,-44.0314,1,0,1,0.8404
1.6020000278949738,11214.000195264816,18.097623447017032,-65.27077855111636,-44.27955,1,0,1,0.5923
1.60220006108284,11215.40042757988,18.09761064883188,-65.27077988854114,-44.243996,1,0,1,0.6278
1.6029000580310822,11220.300406217577,18.0975658541359,-65.27078456242718,-44.060123,1,0,1,0.8117
1.6039000153541565,11227.300107479095,18.097501849032,-65.27079125408098,-43.907967,1,0,1,0.9639
1.604600042104721,11232.200294733047,18.097457191856925,-65.27079602632487,-44.44239,1,0,1,0.4294
1.605800062417984,11240.600436925888,18.097380208390994,-65.27080405731402,-44.318405,1,0,1,0.5534
1.6060000360012054,11242.000252008438,18.097367375156253,-65.27080538744593,-44.228313,1,0,1,0.6435
1.6062000393867493,11243.400275707245,18.09735455750925,-65.27080680124857,-44.83662,1,0,1,0.0352
1.6064000725746157,11244.800508022308,18.09734170502972,-65.27080806505056,-44.188015,1,0,1,0.6838
1.606600046157837,11246.200323104858,18.097328885605314,-65.27080946865065,-44.712074,1,0,1,0.1598
1.60670006275177,11246.90043926239,18.097322606465408,-65.2708107127961,-49.52332,1,0,0,-4.6515
1.60670006275177,11246.90043926239,18.09732624024629,-65.27082579720876,-176.05002,0,0,0,-131.1782
1.6079000532627106,11255.300372838974,18.09724542828096,-65.27081808995017,-43.906425,1,0,1,0.9654
1.608400046825409,11258.800327777864,18.09721335808415,-65.27082155458218,-44.842342,1,0,1,0.0295
1.6085000336170197,11259.500235319138,18.09720691698377,-65.27082212352344,-43.992077,1,0,1,0.8798
1.61080002784729,11275.60019493103,18.09705925885533,-65.27083755650699,-44.080925,1,0,1,0.7909
1.6124000549316406,11286.800384521484,18.0969565385596,-65.27084830299582,-44.244106,1,0,1,0.6277
1.6126000583171844,11288.200408220291,18.09694370976332,-65.27084969810068,-44.69851,1,0,1,0.1733
1.6143000423908234,11300.100296735764,18.09683459625936,-65.27086113370366,-45.042606,1,0,1,-0.1708
1.6150000393390656,11305.00027537346,18.09678968801808,-65.27086589106531,-45.598072,1,0,0,-0.7262
1.6153000891208649,11307.100623846054,18.09677014738084,-65.27086670598409,-35.56937,1,0,0,9.3025
1.6154000759124756,11307.80053138733,18.096763987585582,-65.2708684397158,-44.491802,1,0,1,0.38
1.6157000958919523,11309.900671243668,18.0967447230207,-65.27087039331772,-44.01535,1,0,1,0.8565
1.615900069475174,11311.300486326218,18.096731909218256,-65.2708718020286,-44.592213,1,0,1,0.2796
1.616900086402893,11318.300604820251,18.096667755992254,-65.27087849555635,-44.535812,1,0,1,0.336
1.617500066757202,11322.500467300417,18.09662927632378,-65.27088251555348,-44.539463,1,0,1,0.3324
1.6182000637054443,11327.40044593811,18.09658439056631,-65.27088720037392,-44.501934,1,0,1,0.3699
1.6197001039981842,11337.90072798729,18.096488249460545,-65.27089726700376,-44.65958,1,0,1,0.2123
1.6209000647068024,11346.300452947617,18.09641138039536,-65.27090530699552,-44.68328,1,0,1,0.1886
1.6216000616550446,11351.200431585312,18.096366553481737,-65.27090998015947,-44.55557,1,0,1,0.3163
1.6224000751972198,11356.80052638054,18.09631533858617,-65.27091531791756,-44.38303,1,0,1,0.4888
1.623000085353851,11361.00059747696,18.096276966627645,-65.2709194384018,-45.233967,1,0,1,-0.3621
1.623400092124939,11363.800644874573,18.09625135492102,-65.27092202004876,-44.416206,1,0,1,0.4556
1.6241000592708588,11368.700414896011,18.09620657297617,-65.27092664946775,-43.91842,1,0,1,0.9534
1.6256000697612762,11379.200488328934,18.09611067474897,-65.27093677781323,-44.503555,1,0,1,0.3683
1.62580007314682,11380.60051202774,18.096097920261435,-65.27093813249866,-44.671394,1,0,1,0.2004
1.6267001032829285,11386.9007229805,18.09604049327031,-65.27094404053797,-43.839157,1,0,1,1.0327
1.6272000670433044,11390.400469303131,18.096008635498603,-65.27094745694696,-44.4975,1,0,1,0.3743
1.6274000704288485,11391.800493001938,18.09599589199929,-65.27094882741343,-44.789036,1,0,1,0.0828
1.6280000805854795,11396.000564098358,18.09595763778876,-65.2709527805762,-44.33577,1,0,1,0.5361
1.6282000839710236,11397.400587797163,18.095944906079367,-65.27095418237384,-44.885227,1,0,1,-0.0134
1.629400074481964,11405.800521373749,18.095868456826345,-65.27096220699764,-44.92333,1,0,1,-0.0515
1.6295000910758972,11406.50063753128,18.095862092669503,-65.27096290154725,-45.139626,1,0,1,-0.2678
1.6295000910758972,11406.50063753128,18.095862827096934,-65.27096594401338,-70.66066,0,0,0,-25.7888
1.6304000616073608,11412.800431251526,18.09580477663283,-65.2709689067659,-45.014538,1,0,1,-0.1427
1.631200075149536,11418.400526046751,18.09575382561767,-65.27097417943018,-44.32167,1,0,1,0.5502
1.632400095462799,11426.800668239594,18.095677446032685,-65.27098221324205,-44.26155,1,0,1,0.6103
1.6330001056194303,11431.000739336014,18.095639272551026,-65.27098626643388,-44.50391,1,0,1,0.3679
1.6334000825881958,11433.80057811737,18.09561382342202,-65.27098895028554,-44.50126,1,0,1,0.3706
1.6337000727653503,11435.900509357452,18.09559473835427,-65.2709909682531,-44.53461,1,0,1,0.3372
1.633800059556961,11436.600416898727,18.09558839177298,-65.27099170821944,-45.107975,1,0,1,-0.2361
1.6341000497341156,11438.70034813881,18.09556929337452,-65.2709936577168,-44.560673,1,0,1,0.3112
1.6346000730991364,11442.200511693954,18.095537485299875,-65.27099701829766,-44.564545,1,0,1,0.3073
1.635000079870224,11445.000559091568,18.095512046913832,-65.2709997402796,-44.83529,1,0,1,0.0365
1.6351000666618347,11445.700466632845,18.095505693319584,-65.27100043871025,-45.05294,1,0,1,-0.1811
1.6353000700473783,11447.10049033165,18.095492957184952,-65.27100171505111,-44.47503,1,0,1,0.3968
1.6354000866413116,11447.800606489182,18.095485073666463,-65.27099607639876,8.467113,0,0,0,53.339
1.6363000869750977,11454.100608825684,18.09542936087276,-65.27100848595961,-44.796906,1,0,1,0.0749
1.6365000903606417,11455.50063252449,18.095416627766003,-65.27100977165885,-44.27991,1,0,1,0.5919
1.6365000903606417,11455.50063252449,18.095416648412137,-65.27100986533932,-45.06413,1,0,1,-0.1923
1.6369000971317291,11458.300679922104,18.09539133060082,-65.27101306403017,-49.2804,1,0,0,-4.4086
1.637400060892105,11461.800426244736,18.0953594176632,-65.27101595596318,-45.254097,1,0,1,-0.3823
1.637600064277649,11463.200449943542,18.095346684814967,-65.2710172508953,-44.79631,1,0,1,0.0755
1.6383000612258911,11468.100428581238,18.095302166756905,-65.27102196630834,-44.70905,1,0,1,0.1628
1.6383000612258911,11468.100428581238,18.09530217220581,-65.27102199739709,-44.968166,1,0,1,-0.0963
1.6390000879764557,11473.00061583519,18.09525764205345,-65.27102667789279,-44.54874,1,0,1,0.3231
1.6394000947475431,11475.800663232803,18.095232189298542,-65.27102933128825,-44.114048,1,0,1,0.7578
1.639800101518631,11478.600710630417,18.09520676606217,-65.27103211866847,-44.78951,1,0,1,0.0823
1.640300065279007,11482.100456953049,18.09517496373915,-65.27103548228544,-44.611282,1,0,1,0.2606
1.6405000686645508,11483.500480651855,18.09516224453693,-65.2710368454508,-44.681656,1,0,1,0.1902
1.640800058841705,11485.600411891935,18.0951431723444,-65.27103892481468,-45.071144,1,0,1,-0.1993
1.6418000757694244,11492.600530385973,18.095079556463457,-65.27104569477157,-44.97139,1,0,1,-0.0996
1.6420000791549685,11494.000554084778,18.09506679516961,-65.27104688900482,-43.60412,1,0,1,1.2677
1.6427000761032104,11498.900532722471,18.095022284204862,-65.27105174220156,-44.44057,1,0,1,0.4313
1.6429001092910769,11500.300765037537,18.095006429588675,-65.2710401199908,64.44381,0,0,0,109.3156
1.6440000534057615,11508.000373840332,18.094939564522004,-65.27106059191703,-44.535942,1,0,1,0.3359
1.6441000699996948,11508.700489997864,18.094933197576047,-65.27106126589068,-44.480846,1,0,1,0.391
1.6445000767707825,11511.500537395475,18.09490780396403,-65.27106391677641,-44.649582,1,0,1,0.2223
1.6447000801563263,11512.900561094284,18.094895050028537,-65.27106522904657,-44.127747,1,0,1,0.7441
1.644800066947937,11513.60046863556,18.09488548295923,-65.27105264217161,67.21249,0,0,0,112.0843
1.6456000804901123,11519.200563430786,18.094837717281163,-65.2710714117157,-44.08014,1,0,1,0.7917
1.645800083875656,11520.600587129593,18.094824981086937,-65.27107281233684,-44.28796,1,0,1,0.5839
1.6473000645637512,11531.10045194626,18.09472940020622,-65.27108314911548,-44.397915,1,0,1,0.4739
1.6473000645637512,11531.10045194626,18.09472939404504,-65.27108312374506,-44.18508,1,0,1,0.6868
1.647600084543228,11533.200591802595,18.09471027461575,-65.27108520285704,-44.298386,1,0,1,0.5735
1.6483000814914703,11538.100570440292,18.094665671047,-65.27109010846533,-45.017246,1,0,1,-0.1454
1.6483000814914703,11538.100570440292,18.09466565037694,-65.27109001470427,-44.232384,1,0,1,0.6395
1.6489000916481018,11542.300641536713,18.094627389780086,-65.27109412240237,-44.035442,1,0,1,0.8364
1.6491000950336456,11543.70066523552,18.09461465728051,-65.27109558359538,-44.742107,1,0,1,0.1297
1.649900108575821,11549.300760030746,18.09456156323471,-65.2710924745471,27.523647,0,0,0,72.3955
1.6524000763893127,11566.80053472519,18.09440412965515,-65.27111822283295,-44.267487,1,0,1,0.6044
1.6527000963687897,11568.900674581528,18.09438497779487,-65.27112026547147,-44.122932,1,0,1,0.7489
1.6527000963687897,11568.900674581528,18.09438498745534,-65.27112030525034,-44.45663,1,0,1,0.4152
1.653400093317032,11573.800653219225,18.094340317081723,-65.27112514854855,-44.796364,1,0,1,0.0755
1.6550000607967377,11585.000425577164,18.094238155237424,-65.27113606523197,-44.450157,1,0,1,0.4217
1.6553000807762146,11587.100565433502,18.09421898662489,-65.27113807782143,-44.125046,1,0,1,0.7468
1.655800074338913,11590.60052037239,18.09418706830311,-65.27114155090115,-44.604088,1,0,1,0.2677
1.6567001044750214,11596.90073132515,18.09412957360419,-65.27114766727378,-44.404545,1,0,1,0.4673
1.656800091266632,11597.600638866425,18.09412319145532,-65.27114836957851,-44.579998,1,0,1,0.2918
1.6599000990390778,11619.300693273544,18.09392509614241,-65.2711693786311,-44.27703,1,0,1,0.5948
1.6599000990390778,11619.300693273544,18.093925097888764,-65.27116938582213,-44.337353,1,0,1,0.5345
1.660300076007843,11622.1005320549,18.093899538130763,-65.27117211026372,-44.515694,1,0,1,0.3561
1.6606000661849976,11624.200463294985,18.09388036294454,-65.27117413519736,-44.510807,1,0,1,0.361
1.6613000631332395,11629.100441932678,18.093835610363247,-65.2711788269667,-44.275208,1,0,1,0.5966
1.6613000631332395,11629.100441932678,18.093835611762536,-65.27117883272867,-44.323544,1,0,1,0.5483
1.663300096988678,11643.100678920746,18.093707742061184,-65.27119224926761,-44.171326,1,0,1,0.7005
1.663800060749054,11646.600425243378,18.093675779828843,-65.27119561375375,-44.322296,1,0,1,0.5495
1.6642000675201416,11649.400472640991,18.093650190899307,-65.2711982355252,-43.88404,1,0,1,0.9878
1.6652000844478607,11656.400591135023,18.09358628287337,-65.27120499579685,-44.056213,1,0,1,0.8156
1.6653000712394714,11657.1004986763,18.0935798881812,-65.2712056640265,-44.151672,1,0,1,0.7202
1.665700078010559,11659.900546073914,18.0935542828971,-65.27120824253092,-43.752617,1,0,1,1.1192
1.6664001047611237,11664.800733327866,18.09350951646563,-65.27121292913613,-44.56717,1,0,1,0.3047
1.6666001081466677,11666.200757026672,18.093496711561624,-65.27121420564758,-44.28709,1,0,1,0.5847
1.666800081729889,11667.600572109222,18.093483916571525,-65.27121551409637,-44.28131,1,0,1,0.5905
1.6669000685214996,11668.300479650496,18.093477515240217,-65.27121615219319,-44.144867,1,0,1,0.727
1.6669000685214996,11668.300479650496,18.093477529587897,-65.2712162112751,-44.640476,1,0,1,0.2314
1.6676000654697418,11673.200458288193,18.09343272530965,-65.27122071643255,-44.033413,1,0,1,0.8384
1.6688000857830048,11681.600600481032,18.093355959648573,-65.27122858560935,-44.323143,1,0,1,0.5487
1.6692000925540924,11684.400647878649,18.093330366998345,-65.271231181467,-44.21599,1,0,1,0.6558
1.6706000566482544,11694.20039653778,18.093240824943265,-65.27124033656857,-44.495995,1,0,1,0.3758
1.6728000938892365,11709.600657224655,18.09310014848749,-65.27125471881395,-44.98824,1,0,1,-0.1164
1.673200100660324,11712.400704622269,18.093074580188205,-65.2712573454814,-45.17344,1,0,1,-0.3016
1.674600064754486,11722.200453281404,18.09298508949861,-65.27126644855134,-45.025597,1,0,1,-0.1538
1.6747000813484192,11722.900569438934,18.092978682159952,-65.27126702888752,-44.42596,1,0,1,0.4459
1.6751000881195068,11725.700616836548,18.09295311913988,-65.27126963641764,-44.418682,1,0,1,0.4532
1.6760000884532928,11732.00061917305,18.092895618177767,-65.2712755323379,-44.606274,1,0,1,0.2656
1.6765000820159912,11735.500574111938,18.09286366932153,-65.27127877030935,-44.36824,1,0,1,0.5036
1.6769000589847565,11738.300412893295,18.09283811701016,-65.27128137359912,-44.270927,1,0,1,0.6009
1.6770000755786896,11739.000529050829,18.09283205674863,-65.271283396252,-55.7475,1,0,0,-10.8757
1.677300065755844,11741.100460290909,18.09281257382533,-65.27128401346216,-44.463223,1,0,1,0.4086
1.6774000823497772,11741.80057644844,18.092806196443924,-65.27128471068347,-44.82045,1,0,1,0.0514
1.677500069141388,11742.500483989716,18.09279979333325,-65.27128529335637,-44.21734,1,0,1,0.6545
1.6780000627040863,11746.000438928604,18.09276788575356,-65.27128866761244,-45.046764,1,0,1,-0.1749
1.6781000792980194,11746.700555086136,18.09276193823032,-65.2712911396578,-60.28311,1,0,0,-15.4113
1.6788000762462616,11751.600533723831,18.092716798346856,-65.27129387629383,-44.72155,1,0,1,0.1503
1.6791000962257383,11753.70067358017,18.09269764844825,-65.27129586864473,-44.904003,1,0,1,-0.0322
1.680200070142746,11761.400490999222,18.092627440110352,-65.27130310647985,-44.916126,1,0,1,-0.0443
1.681100070476532,11767.700493335724,18.09257000659077,-65.27130901804667,-44.711987,1,0,1,0.1599
1.6818000972270966,11772.600680589676,18.09252534446873,-65.27131363658673,-44.6387,1,0,1,0.2331
1.6825000941753387,11777.500659227371,18.09248067614286,-65.2713181979754,-44.01014,1,0,1,0.8617
1.6828000843524933,11779.600590467451,18.09246155757609,-65.27132024670794,-44.504177,1,0,1,0.3677
1.6829001009464264,11780.300706624985,18.09245519401656,-65.2713209810166,-45.09392,1,0,1,-0.2221
1.683000087738037,11781.00061416626,18.092448807576577,-65.27132159535981,-44.680706,1,0,1,0.1911
1.683300107717514,11783.100754022598,18.092429647473768,-65.27132347461021,-43.726494,1,0,1,1.1453
1.6844000816345217,11790.80057144165,18.09235936998687,-65.27133078290223,-44.875675,1,0,1,-0.0038
1.684700071811676,11792.900502681732,18.09234027024248,-65.27133277449656,-44.546406,1,0,1,0.3254
1.6852000951766968,11796.400666236876,18.0923051914348,-65.27132262837986,68.97927,0,0,0,113.8511
1.6857000887393951,11799.900621175766,18.09227531993817,-65.27133407378638,1.4463156,0,0,0,46.3182
1.685900092124939,11801.300644874573,18.09226391524627,-65.27134091059098,-44.498558,1,0,1,0.3733
1.686000108718872,11802.000761032104,18.09225757027535,-65.27134167363646,-45.19505,1,0,1,-0.3232
1.6862000823020935,11803.400576114656,18.092244834267472,-65.27134296759655,-44.64473,1,0,1,0.2271
1.6867001056671145,11806.9007396698,18.09221302712522,-65.27134638131481,-44.7342,1,0,1,0.1376
1.6869000792503357,11808.30055475235,18.092200300723952,-65.27134772200688,-44.554237,1,0,1,0.3176
1.687600076198578,11813.200533390043,18.09215577655504,-65.27135251325359,-44.70695,1,0,1,0.1649
1.6882000863552094,11817.400604486464,18.09211875868372,-65.27136138579652,-84.7596,0,0,0,-39.8878
1.6888000965118408,11821.600675582886,18.09207944978491,-65.27136075225711,-45.045246,1,0,1,-0.1734
1.6891000866889954,11823.700606822968,18.09206035958181,-65.27136276620396,-44.72548,1,0,1,0.1464
1.689200073480606,11824.400514364244,18.09205399646686,-65.27136343941662,-44.632973,1,0,1,0.2389
1.6906000673770905,11834.200471639631,18.091964949199088,-65.27137310619545,-45.271328,1,0,1,-0.3995
1.6915000677108765,11840.500473976135,18.091907653714767,-65.27137914380165,-44.137398,1,0,1,0.7344
1.691700100898743,11841.9007062912,18.09189499052492,-65.27138079567992,-46.478615,1,0,0,-1.6068
1.692200094461441,11845.400661230087,18.09186312705009,-65.27138403579386,-44.87472,1,0,1,-0.0029
1.6923000812530518,11846.100568771362,18.091856766335106,-65.27138474226172,-45.042053,1,0,1,-0.1702
1.693700075149536,11855.900526046751,18.09176763031253,-65.27139427402562,-44.377026,1,0,1,0.4948
1.694900065660477,11864.300459623337,18.09169124795918,-65.27140267090249,-45.71681,1,0,0,-0.845
1.695700079202652,11869.900554418564,18.091640266602127,-65.2714080988985,-45.208687,1,0,1,-0.1057
1.6971000730991364,11879.700511693954,18.0915510399367,-65.27141771439817,-45.379932,1,0,1,-0.277
1.697500079870224,11882.500559091568,18.09152552944841,-65.27142043420032,-45.222836,1,0,1,-0.1199
1.69840008020401,11888.80056142807,18.09146701663281,-65.27142198968119,-6.6437445,0,0,0,38.4592
1.6989000737667084,11892.30051636696,18.091436221773947,-65.27143001232164,-45.279907,1,0,1,-0.1769
1.6990000903606417,11893.00063252449,18.09142982483313,-65.27143062843182,-44.72143,1,0,1,0.3815
1.6998001039028168,11898.600727319716,18.091378757434857,-65.27143608615557,-44.723316,1,0,1,0.3796
1.701000064611435,11907.000452280045,18.09130212503461,-65.27144429565298,-45.067154,1,0,1,0.0358
1.701000064611435,11907.000452280045,18.09130212469164,-65.27144429424098,-45.05531,1,0,1,0.0476
1.7014000713825226,11909.800499677658,18.091276571649008,-65.27144704014813,-45.291058,1,0,1,-0.1881
1.7021000981330872,11914.70068693161,18.091231819810467,-65.27145176198233,-45.057663,1,0,1,0.0453
1.7021000981330872,11914.70068693161,18.09123179937365,-65.27145166919972,-44.281082,1,0,1,0.8219
1.7044000625610352,11930.800437927246,18.09108488363549,-65.2714673656267,-44.53595,1,0,1,0.567
1.7044000625610352,11930.800437927246,18.09108488861059,-65.27146738610914,-44.70776,1,0,1,0.3952
1.704900085926056,11934.300601482391,18.09105279889145,-65.27147070418616,-44.65703,1,0,1,0.4459
1.7050000727176666,11935.000509023666,18.091046376384668,-65.27147134825523,-44.489113,1,0,1,0.6138
1.7052000761032104,11936.400532722471,18.09103354230392,-65.27147269345224,-44.63537,1,0,1,0.4676
1.7054000794887545,11937.80055642128,18.09102077070688,-65.2714743097531,-47.060757,1,0,0,-1.9578
1.7060000896453855,11942.0006275177,18.09098218357633,-65.27147803295885,-44.941082,1,0,1,0.1619
1.7061001062393188,11942.700743675232,18.09097573761557,-65.27147860239542,-44.16379,1,0,1,0.9392
1.7062000930309296,11943.400651216509,18.0909693175171,-65.27147927140625,-44.22501,1,0,1,0.8779
1.7069000601768494,11948.300421237946,18.09092438170298,-65.2714840309639,-45.334137,1,0,1,-0.2312
1.7071000635623932,11949.700444936752,18.090911511001085,-65.27148526184355,-44.584267,1,0,1,0.5187
1.708300083875656,11958.100587129593,18.09083452668168,-65.2714937751824,-49.658367,1,0,0,-4.5554
1.708300083875656,11958.100587129593,18.09083438080049,-65.27149316588704,-44.54919,1,0,1,0.5538
1.709400087594986,11965.800613164902,18.090763641834485,-65.27150036379341,-44.291145,1,0,1,0.8118
1.709500104188919,11966.500729322432,18.0907572203666,-65.27150106529331,-44.66976,1,0,1,0.4332
1.7096000909805298,11967.200636863708,18.09075079182396,-65.27150173021128,-44.744358,1,0,1,0.3586
1.710000067949295,11970.000475645063,18.09072506239416,-65.27150434148528,-44.646713,1,0,1,0.4562
1.7101000547409058,11970.70038318634,18.09071863624581,-65.27150501919299,-44.834354,1,0,1,0.2686
1.7102000713348389,11971.400499343872,18.09071218934478,-65.27150562007412,-44.377026,1,0,1,0.7259
1.7116000652313232,11981.200456619265,18.09062211888977,-65.27151478114406,-44.376713,1,0,1,0.7262
1.7125000953674316,11987.50066757202,18.0905642156544,-65.2715207086966,-44.790863,1,0,1,0.3121
1.7133000791072843,11993.100553750992,18.090512726577003,-65.2715258952008,-44.521824,1,0,1,0.5811
1.713900089263916,11997.300624847412,18.09047411089442,-65.27152979613368,-44.438854,1,0,1,0.6641
1.7140000760555267,11998.000532388687,18.090467679711743,-65.27153046161945,-44.556442,1,0,1,0.5465
1.7141000628471377,11998.700439929962,18.090461252581463,-65.27153114368062,-44.8136,1,0,1,0.2894
1.7142000794410706,11999.400556087494,18.090454801673506,-65.27153173578479,-44.315063,1,0,1,0.7879
1.7149000763893127,12004.30053472519,18.09040975843577,-65.2715363090152,-44.439438,1,0,1,0.6635
1.7155000865459442,12008.50060582161,18.09037114451353,-65.2715402005144,-44.32261,1,0,1,0.7803
1.715700089931488,12009.900629520416,18.090358268514088,-65.2715414756219,-44.10127,1,0,1,1.0017
1.7158000767230988,12010.600537061691,18.09035195167108,-65.27154261618293,-48.209507,1,0,0,-3.1065
1.715900093317032,12011.300653219225,18.090345923427567,-65.27154495300735,-62.350937,0,0,0,-17.248
1.7162000834941864,12013.400584459305,18.09032610045609,-65.27154474277452,-44.21922,1,0,1,0.8837
1.7170000672340393,12019.000470638275,18.09027462812623,-65.27154992996313,-44.08039,1,0,1,1.0226
1.7173000872135162,12021.100610494614,18.09025532505209,-65.27155186926625,-43.979305,1,0,1,1.1237
1.717400074005127,12021.800518035889,18.090248891880503,-65.27155251398185,-43.93238,1,0,1,1.1706
1.719500094652176,12036.500662565231,18.090113845423527,-65.27156617454365,-43.935555,1,0,1,1.1674
1.719600111246109,12037.200778722765,18.090107432649145,-65.27156689444345,-44.515144,1,0,1,0.5878
1.7199000716209412,12039.300501346588,18.090088136198293,-65.27156878494455,-43.998997,1,0,1,1.104
1.7205000817775726,12043.500572443008,18.09004959501774,-65.27157277733684,-44.726448,1,0,1,0.3765
1.7211000621318815,12047.700434923172,18.090011041033588,-65.27157667269479,-44.627827,1,0,1,0.4751
1.7213000655174255,12049.10045862198,18.089998192022858,-65.27157797478334,-44.62146,1,0,1,0.4815
1.7215000689029694,12050.500482320786,18.08998593249845,-65.27158172655379,-65.156944,0,0,0,-20.054
1.7216000854969025,12051.200598478315,18.08997892396368,-65.27157994618452,-44.760757,1,0,1,0.3422
1.72200009226799,12054.00064587593,18.089953208524346,-65.27158245181963,-43.909504,1,0,1,1.1935
1.7225000858306885,12057.50060081482,18.08992113038328,-65.2715858261316,-44.866047,1,0,1,0.2369
1.7227000892162323,12058.900624513626,18.089908278733,-65.27158708509316,-44.48284,1,0,1,0.6201
1.7227000892162323,12058.900624513626,18.089908272920297,-65.27158706114975,-44.281994,1,0,1,0.821
1.722900092601776,12060.300648212433,18.08989545019225,-65.2715884343628,-44.85469,1,0,1,0.2483
1.722900092601776,12060.300648212433,18.08989542654873,-65.27158833697106,-44.037727,1,0,1,1.0652
1.7247000634670258,12072.90044426918,18.089779799759764,-65.27160001777136,-44.011192,1,0,1,1.0918
1.7254000902175903,12077.800631523132,18.08973499855248,-65.27160467182883,-44.266872,1,0,1,0.8361
1.7259000837802887,12081.30058646202,18.089703008089096,-65.27160799205079,-44.393078,1,0,1,0.7099
1.7263000905513763,12084.100633859634,18.089677408205777,-65.27161059686932,-44.048878,1,0,1,1.0541
1.727500081062317,12092.500567436218,18.08960068536247,-65.27161859713506,-44.506516,1,0,1,0.5964
1.7280000746250153,12096.000522375109,18.089568718581265,-65.27162188146524,-44.255795,1,0,1,0.8472
1.728200078010559,12097.400546073914,18.08955593893004,-65.27162321747413,-44.3374,1,0,1,0.7656
1.7290000915527344,12103.00064086914,18.0895048385942,-65.27162858997409,-44.87714,1,0,1,0.2258
1.7293001115322113,12105.10078072548,18.08948566475194,-65.27163054367381,-44.55703,1,0,1,0.5459
1.7296001017093658,12107.20071196556,18.08946651198946,-65.27163256650435,-44.81317,1,0,1,0.2898
1.7307000756263733,12114.900529384611,18.08939629884573,-65.27163996835436,-45.580494,1,0,1,-0.4775
1.7319000959396362,12123.300671577454,18.089319688636103,-65.27164784366096,-44.67705,1,0,1,0.4259
1.732000082731247,12124.000579118729,18.089313320130422,-65.2716485552421,-45.0635,1,0,1,0.0395
1.7332000732421875,12132.400512695312,18.08923674337693,-65.27165643160212,-44.103767,1,0,1,0.9992
1.733700066804886,12135.9004676342,18.08920486626149,-65.2716598021529,-44.433502,1,0,1,0.6695
1.734400063753128,12140.800446271896,18.08916084600721,-65.27166702195606,-65.856895,0,0,0,-20.7539
1.7355000972747805,12148.500680923462,18.089090123060217,-65.27167187937346,-45.082943,1,0,1,0.02
1.735600084066391,12149.200588464735,18.089083733903024,-65.27167247165394,-44.459568,1,0,1,0.6434
1.7366000711917875,12156.200498342514,18.08901998713516,-65.27167908225626,-43.962814,1,0,1,1.1401
1.7367000579833984,12156.900405883787,18.08901363276957,-65.27167982127075,-44.566963,1,0,1,0.536
1.7372000813484192,12160.400569438934,18.08898176790268,-65.27168315115925,-44.517803,1,0,1,0.5852
1.737400084733963,12161.80059313774,18.08896903814224,-65.27168455422266,-45.092625,1,0,1,0.0103
1.738400101661682,12168.800711631777,18.088905319120897,-65.27169120982497,-44.955936,1,0,1,0.147
1.739600092172623,12177.20064520836,18.08882884857053,-65.2716991358641,-44.280502,1,0,1,0.8225
1.7398000955581665,12178.600668907166,18.08881612813796,-65.27170055763605,-45.013256,1,0,1,0.0897
1.741000086069107,12187.00060248375,18.08873967257393,-65.27170852723675,-44.71063,1,0,1,0.3923
1.7412000894546509,12188.400626182556,18.08872693038177,-65.27170985821391,-44.68387,1,0,1,0.4191
1.7414000630378723,12189.800441265106,18.088714184020144,-65.27171116413814,-44.449055,1,0,1,0.6539
1.7429001033306122,12200.300723314283,18.08861861580037,-65.27172115611997,-44.34826,1,0,1,0.7547
1.743900090456009,12207.300633192062,18.088554905392147,-65.27172783592295,-44.45784,1,0,1,0.6451
1.7442000806331637,12209.400564432144,18.08853579568288,-65.27172985717716,-44.6398,1,0,1,0.4632
1.7456000745296478,12219.200521707537,18.08844657912331,-65.27173915816033,-44.24039,1,0,1,0.8626
1.7456000745296478,12219.200521707537,18.08844659603292,-65.27173922780585,-44.824604,1,0,1,0.2784
1.7465000748634338,12225.500524044037,18.08838920468271,-65.27174517421383,-44.858917,1,0,1,0.244
1.7474000751972198,12231.80052638054,18.08833178942725,-65.27175105735242,-44.36542,1,0,1,0.7375
1.7478000819683075,12234.600573778152,18.088306283112,-65.27175373383788,-44.662865,1,0,1,0.4401
1.7479000687599182,12235.300481319427,18.08829990035596,-65.27175437473912,-44.501133,1,0,1,0.6018
1.748300075531006,12238.10052871704,18.0882743816045,-65.2717570100091,-44.45097,1,0,1,0.652
1.7485000789165497,12239.500552415848,18.08826162304561,-65.27175833410404,-44.479294,1,0,1,0.6237
1.749900072813034,12249.300509691238,18.08817210297874,-65.27176679001428,-37.839767,1,0,0,7.2632
1.7503000795841217,12252.100557088852,18.08814676733479,-65.27177022315782,-44.465496,1,0,1,0.6375
1.7513000667095184,12259.100466966627,18.088082947268163,-65.27177685833922,-44.669685,1,0,1,0.4333
1.752000093460083,12264.00065422058,18.08803826477447,-65.27178151374527,-44.87706,1,0,1,0.2259
1.7528001070022583,12269.600749015808,18.08798718093162,-65.27178679233718,-44.735268,1,0,1,0.3677
1.7531000673770905,12271.700471639631,18.087968026398244,-65.27178877780858,-44.72631,1,0,1,0.3766
1.753400057554245,12273.800402879717,18.08794887445859,-65.27179078766072,-44.915188,1,0,1,0.1878
1.753700077533722,12275.900542736052,18.08792971534232,-65.27179278167173,-44.9643,1,0,1,0.1387
1.7539000809192655,12277.30056643486,18.08791693933124,-65.27179409803954,-44.88577,1,0,1,0.2172
1.7541000843048096,12278.700590133669,18.087904164218205,-65.27179542063634,-44.857025,1,0,1,0.2459
1.7552000880241394,12286.400616168976,18.08783390317782,-65.27180274495909,-45.07295,1,0,1,0.03
1.7559000849723816,12291.300594806671,18.087789184564173,-65.27180742351284,-45.313187,1,0,1,-0.2102
1.7562001049518583,12293.40073466301,18.087769998177794,-65.27180934375743,-44.69464,1,0,1,0.4083
1.7566000819206238,12296.200573444366,18.08774444821222,-65.27181204216069,-45.018063,1,0,1,0.0849
1.7568000555038452,12297.600388526917,18.087731667694275,-65.27181336821961,-44.981846,1,0,1,0.1211
1.7569000720977783,12298.300504684448,18.08772527741197,-65.27181404010807,-45.03521,1,0,1,0.0677
1.7586000859737396,12310.200601816176,18.087616586646945,-65.27182525059187,-44.05846,1,0,1,1.0445
1.7601000666618347,12320.700466632845,18.087520707776164,-65.27183537122181,-44.917397,1,0,1,0.1856
1.7606000900268557,12324.200630187988,18.08748871766037,-65.27183865391072,-44.396496,1,0,1,0.7065
1.7606000900268557,12324.200630187988,18.0874887186028,-65.27183865779209,-44.429054,1,0,1,0.6739
1.7610000669956207,12327.000468969343,18.08746313801633,-65.27184132873015,-44.374683,1,0,1,0.7283
1.7613000869750977,12329.100608825684,18.08744395765,-65.27184336793108,-44.624596,1,0,1,0.4784
1.7616000771522522,12331.200540065764,18.08742478844376,-65.27184545788404,-45.292355,1,0,1,-0.1894
1.7619000971317291,12333.300679922104,18.087405574329093,-65.27184735770174,-44.35908,1,0,1,0.7439
1.762900084257126,12340.30058979988,18.08734162638407,-65.27185413368704,-44.909096,1,0,1,0.1939
1.7632000744342804,12342.400521039965,18.08732243586748,-65.27185614741592,-44.897873,1,0,1,0.2051
1.764800101518631,12353.600710630417,18.087220137949032,-65.27186686257495,-45.202347,1,0,1,-0.0994
1.76540008187294,12357.80057311058,18.08718172786134,-65.27187097939414,-45.45846,1,0,1,-0.3555
1.7658000886440277,12360.600620508194,18.087156090691057,-65.27187359956417,-44.572994,1,0,1,0.53
1.7665000557899475,12365.500390529633,18.08711127164285,-65.27187838326346,-44.66533,1,0,1,0.4376
1.7669000923633575,12368.300646543505,18.0870856590845,-65.2718811266246,-44.786854,1,0,1,0.3161
1.7673000693321228,12371.10048532486,18.087060021092626,-65.27188374951746,-43.89519,1,0,1,1.2078
1.7675000727176666,12372.500509023666,18.08704723504448,-65.27188520061418,-44.61803,1,0,1,0.4849
1.768300086259842,12378.100603818892,18.08699598967045,-65.27189058546078,-43.981113,1,0,1,1.1218
1.769000083208084,12383.000582456589,18.086951191671183,-65.27189545803856,-44.76761,1,0,1,0.3353
1.7694000899791718,12385.800629854202,18.0869255928636,-65.2718982487167,-45.268234,1,0,1,-0.1653
1.7695001065731049,12386.500746011734,18.08691915941212,-65.27189879995333,-44.16656,1,0,1,0.9364
1.7696000933647156,12387.200653553007,18.086912789465213,-65.27189962171313,-45.332516,1,0,1,-0.2296
1.7696000933647156,12387.200653553007,18.086912770234253,-65.27189953385401,-44.597237,1,0,1,0.5057
1.7699000537395475,12389.300376176834,18.08689357225975,-65.2719016083824,-44.82342,1,0,1,0.2795
1.7701000571250916,12390.70039987564,18.086880770242026,-65.27190298398571,-44.91126,1,0,1,0.1917
1.7704000771045685,12392.80053973198,18.08686155581238,-65.2719050018223,-44.661747,1,0,1,0.4412
1.770700067281723,12394.90047097206,18.08684323194552,-65.27191071095328,-75.37273,0,0,0,-30.2698
1.7710000872612,12397.0006108284,18.08682315274457,-65.27190912511138,-44.907787,1,0,1,0.1952
1.771100074052811,12397.700518369677,18.08681672842618,-65.27190970874085,-44.082073,1,0,1,1.0209
1.7713000774383545,12399.10054206848,18.08680394176218,-65.27191113794854,-44.62749,1,0,1,0.4755
1.771700084209442,12401.900589466097,18.08677832320122,-65.27191380425315,-44.11257,1,0,1,0.9904
1.771900087594986,12403.300613164902,18.08676553726765,-65.27191523077104,-44.641384,1,0,1,0.4616
1.7725000977516174,12407.500684261322,18.08672715459584,-65.27191940252237,-45.336285,1,0,1,-0.2333
1.7730000615119934,12411.000430583954,18.086695139671484,-65.27192271377346,-44.553802,1,0,1,0.5492
1.773400068283081,12413.800477981567,18.086669563456752,-65.27192552363937,-45.28579,1,0,1,-0.1828
1.7736000716686249,12415.200501680374,18.08665674777101,-65.2719267979578,-44.563686,1,0,1,0.5393
1.7745000720024109,12421.500504016876,18.086599168833608,-65.27193290927787,-44.513817,1,0,1,0.5891
1.774600088596344,12422.200620174408,18.086592783127443,-65.27193363861912,-44.93413,1,0,1,0.1688
1.7754001021385193,12427.800714969637,18.086541609231347,-65.27193904610098,-44.75859,1,0,1,0.3444
1.776300072669983,12434.10050868988,18.08648437843235,-65.27194647012968,-55.894142,0,0,0,-10.7912
1.7764000594615936,12434.800416231155,18.08647765315992,-65.27194575986988,-44.26519,1,0,1,0.8378
1.7769000828266144,12438.3005797863,18.08644627828784,-65.27195160572147,-64.93607,0,0,0,-19.8331
1.7771000862121582,12439.700603485107,18.08643291244145,-65.27195053878116,-44.65803,1,0,1,0.4449
1.777300089597702,12441.100627183914,18.086420121795,-65.2719518633549,-44.44037,1,0,1,0.6626
1.778400093317032,12448.800653219225,18.08634983241644,-65.27195931904934,-44.778362,1,0,1,0.3246
1.779300093650818,12455.100655555723,18.086292316461584,-65.27196530121428,-44.20388,1,0,1,0.8991
1.7798000574111938,12458.600401878355,18.086260384308,-65.27196866577432,-44.288494,1,0,1,0.8145
1.779900074005127,12459.300518035889,18.08625401205106,-65.27196940036029,-44.826385,1,0,1,0.2766
1.7800000607967377,12460.000425577164,18.08624818722148,-65.27197240676755,-64.418365,0,0,0,-19.3154
1.780900090932846,12466.300636529922,18.08619014539478,-65.27197605449606,-44.50546,1,0,1,0.5975
1.7816000878810885,12471.200615167618,18.08614545621481,-65.27198071670512,-44.421978,1,0,1,0.681
1.782000094652176,12474.000662565231,18.08611994573664,-65.27198346743643,-45.13972,1,0,1,-0.0368
1.7830000817775726,12481.000572443008,18.086056116932014,-65.27199004457427,-44.549683,1,0,1,0.5533
1.783200055360794,12482.400387525558,18.08604336457859,-65.27199139631023,-44.75962,1,0,1,0.3433
1.7833000719547272,12483.10050368309,18.08603697973544,-65.2719920427734,-44.6191,1,0,1,0.4839
1.783600091934204,12485.200643539429,18.086017839536627,-65.27199402682875,-44.58499,1,0,1,0.518
1.7841000854969025,12488.700598478315,18.08598594593585,-65.27199732963004,-44.534435,1,0,1,0.5685
1.784400075674057,12490.8005297184,18.085966650356283,-65.27199945820668,-44.734844,1,0,1,0.3681
1.7864000797271729,12504.80055809021,18.085839364505585,-65.27201249363759,-44.959507,1,0,1,0.1435
1.7876000702381134,12513.200491666794,18.08576300366265,-65.27202020192522,-44.462826,1,0,1,0.6401
1.7886000871658323,12520.200610160828,18.0856993973899,-65.27202668361447,-44.688847,1,0,1,0.4141
1.7891001105308533,12523.700773715973,18.0856675763476,-65.2720298391932,-44.131916,1,0,1,0.971
1.7902000546455383,12531.400382518768,18.08559761346088,-65.27203690659512,-44.055706,1,0,1,1.0473
1.7906000912189484,12534.20063853264,18.08557219683729,-65.27203958755163,-44.983856,1,0,1,0.1191
1.7906000912189484,12534.20063853264,18.08557216970745,-65.27203947581577,-44.046608,1,0,1,1.0564
1.7908000648021698,12535.600453615189,18.0855594516734,-65.27204076385182,-44.07811,1,0,1,1.0248
1.7913000881671906,12539.100617170334,18.085527656983256,-65.2720440094609,-44.379105,1,0,1,0.7239
1.791600078344345,12541.200548410416,18.085508583849208,-65.27204596645807,-44.64981,1,0,1,0.4531
1.7917000949382782,12541.900664567947,18.085502240570097,-65.27204669231455,-45.355255,1,0,1,-0.2523
1.7926000952720642,12548.20066690445,18.085444958687013,-65.27205231394755,-44.11078,1,0,1,0.9922
1.792700111865997,12548.90078306198,18.08543859334335,-65.27205294228567,-44.004818,1,0,1,1.0981
1.7935000658035278,12554.500460624697,18.08538772790521,-65.27205816874626,-44.854168,1,0,1,0.2488
1.793600082397461,12555.200576782228,18.08538135016761,-65.27205874920978,-44.349285,1,0,1,0.7537
1.7954001128673551,12567.800790071487,18.085266810503725,-65.2720702831275,-44.39531,1,0,1,0.7076
1.7959001064300537,12571.300745010376,18.08523499097629,-65.27207350705007,-44.572624,1,0,1,0.5303
1.796300083398819,12574.100583791733,18.08520953087298,-65.2720760765649,-44.63014,1,0,1,0.4728
1.7964000701904297,12574.800491333008,18.085203149273784,-65.27207665069821,-44.071663,1,0,1,1.0313
1.7974000871181488,12581.800609827042,18.085139476223905,-65.27208306860459,-44.131454,1,0,1,0.9715
1.7977000772953031,12583.900541067123,18.08512037569547,-65.2720850135887,-44.30504,1,0,1,0.7979
1.7987000942230225,12590.900659561155,18.085056670035485,-65.27209142266666,-44.217342,1,0,1,0.8856
1.799000084400177,12593.00059080124,18.08503754824654,-65.27209332068483,-43.97045,1,0,1,1.1325
1.7994000911712646,12595.800638198853,18.08501206959224,-65.27209594275864,-44.395252,1,0,1,0.7077
1.8001000583171844,12600.700408220291,18.084967443753463,-65.27210040748318,-44.06716,1,0,1,1.0358
1.8001000583171844,12600.700408220291,18.08496744317518,-65.272100405102,-44.047188,1,0,1,1.0558
1.8004000782966614,12602.80054807663,18.084948313534,-65.27210232811619,-43.970455,1,0,1,1.1325
1.801700085401535,12611.900597810743,18.084865419971297,-65.27211077839755,-44.51313,1,0,1,0.5898
1.8027001023292544,12618.90071630478,18.08480162591768,-65.2721173118783,-45.0711,1,0,1,0.0319
1.802900075912476,12620.30053138733,18.08478884195867,-65.27211852377306,-44.373352,1,0,1,0.7296
1.8036000728607176,12625.200510025024,18.08474414698147,-65.2721230339394,-44.13581,1,0,1,0.9671
1.8038000762462616,12626.600533723831,18.084731378474164,-65.27212434255844,-44.22273,1,0,1,0.8802
1.80430006980896,12630.10048866272,18.08469945231863,-65.27212761496102,-44.422382,1,0,1,0.6806
1.8048000931739807,12633.600652217863,18.084667689538566,-65.27213092273657,-45.505417,1,0,1,-0.4025
1.8057000935077667,12639.900654554369,18.08461005103005,-65.27213680354512,-45.12368,1,0,1,-0.0207
1.807000070810318,12649.000495672226,18.08452676983148,-65.27214538629349,-45.097202,1,0,1,0.0058
1.807100087404251,12649.700611829758,18.084520335507104,-65.27214594427373,-44.22637,1,0,1,0.8766
1.808200091123581,12657.400637865068,18.0844498223534,-65.27215319436226,-43.894558,1,0,1,1.2084
1.808300077915192,12658.100545406342,18.08444344654527,-65.272153997928,-45.068703,1,0,1,0.0343
1.8084000945091248,12658.800661563871,18.08443700724392,-65.27215454907959,-44.12246,1,0,1,0.9805
1.809000104665756,12663.000732660294,18.08439855371945,-65.27215860205293,-44.680206,1,0,1,0.4228
1.809100091457367,12663.700640201569,18.08439214912744,-65.2721592943819,-44.910603,1,0,1,0.1924
1.809600055217743,12667.2003865242,18.084360073861124,-65.2721625610392,-44.40597,1,0,1,0.697
1.8100000619888303,12670.000433921814,18.08433441156099,-65.2721651893215,-44.10303,1,0,1,0.9999
1.8105000853538515,12673.50059747696,18.084302350968866,-65.27216856558353,-44.45857,1,0,1,0.6444
1.8107000887393951,12674.900621175766,18.08429009078145,-65.27217226755418,-64.31285,0,0,0,-19.2099
1.8120000958442688,12684.000670909882,18.0842061359182,-65.27217862735887,-44.79276,1,0,1,0.3102
1.8128000795841217,12689.600557088852,18.08415480675595,-65.27218396710937,-44.65073,1,0,1,0.4522
1.8128000795841217,12689.600557088852,18.084155529658844,-65.27218696996468,-69.8349,0,0,0,-24.7319
1.8130000829696653,12691.00058078766,18.08414203011849,-65.27218554483159,-46.639687,1,0,0,-1.5367
1.8130000829696653,12691.00058078766,18.084141984721573,-65.2721853492391,-45.000664,1,0,1,0.1023
1.813200056552887,12692.400395870209,18.084129149404248,-65.27218666952027,-44.8296,1,0,1,0.2734
1.813700079917908,12695.900559425354,18.084097068758776,-65.27219002916702,-44.87498,1,0,1,0.228
1.8146000802516933,12702.200561761856,18.08403933429214,-65.2721961159525,-45.2338,1,0,1,-0.1308
1.8147000968456268,12702.900677919388,18.08403291666504,-65.27219678578653,-45.214222,1,0,1,-0.1113
1.814800083637237,12703.600585460665,18.084026488700893,-65.27219740494638,-44.770443,1,0,1,0.3325
1.8149001002311709,12704.300701618196,18.084020080050763,-65.27219811167485,-45.05875,1,0,1,0.0442
1.815300077199936,12707.100540399551,18.083994402171097,-65.27220073538903,-44.504723,1,0,1,0.5982
1.8158001005649569,12710.600703954697,18.083962330576625,-65.27220413245021,-44.77743,1,0,1,0.3255
1.8165000677108765,12715.500473976135,18.08391742693466,-65.27220884810671,-44.796238,1,0,1,0.3067
1.816900074481964,12718.300521373749,18.083891757695334,-65.27221150237118,-44.452465,1,0,1,0.6505
1.816900074481964,12718.300521373749,18.08389177356944,-65.27221156774654,-45.000862,1,0,1,0.1021
1.8172000646591189,12720.40045261383,18.08387252209572,-65.27221355300816,-44.69189,1,0,1,0.4111
1.8172000646591189,12720.40045261383,18.08387252624348,-65.27221357009026,-44.835182,1,0,1,0.2678
1.817600101232529,12723.2007086277,18.083846861878047,-65.27221624228252,-44.623688,1,0,1,0.4793
1.8183000981807709,12728.100687265396,18.083801974173657,-65.27222098580427,-44.800625,1,0,1,0.3023
1.8183000981807709,12728.100687265396,18.0838019723305,-65.27222097821328,-44.73695,1,0,1,0.366
1.8184000849723816,12728.800594806671,18.08379556795552,-65.27222168397749,-44.996845,1,0,1,0.1061
1.8191001117229464,12733.700782060623,18.08375072781289,-65.27222661031145,-46.677547,1,0,0,-1.5746
1.8192000985145569,12734.400689601898,18.08374426443192,-65.272227059765,-44.78563,1,0,1,0.3173
1.8204000890254968,12742.800623178482,18.08366734454432,-65.27223518377454,-44.930084,1,0,1,0.1729
1.8206000924110413,12744.200646877289,18.083654528175057,-65.27223654375973,-44.9995,1,0,1,0.1035
1.8208000659942627,12745.60046195984,18.083641712778448,-65.27223789655416,-45.009148,1,0,1,0.0938
1.8214000761508944,12749.80053305626,18.083603264038658,-65.27224194909472,-44.977783,1,0,1,0.1252
1.821600079536438,12751.200556755066,18.08359043510619,-65.27224324093048,-44.470444,1,0,1,0.6325
1.8220000863075256,12754.00060415268,18.083564818237107,-65.27224598288741,-44.78104,1,0,1,0.3219
1.8222000896930688,12755.400627851486,18.083551989735977,-65.2722472657998,-44.196487,1,0,1,0.9065
1.822600096464157,12758.2006752491,18.083526376991347,-65.2722500030306,-44.46317,1,0,1,0.6398
1.824100077152252,12768.700540065764,18.083430346634,-65.27226018676885,-44.77034,1,0,1,0.3326
1.8256000876426697,12779.200613498688,18.08333431280373,-65.27227030668925,-44.385986,1,0,1,0.717
1.8257001042366028,12779.90072965622,18.08332792494249,-65.2722709717549,-44.330425,1,0,1,0.7725
1.8263000547885893,12784.100383520126,18.083289634964125,-65.27227505418672,-44.776054,1,0,1,0.3269
1.8264000713825224,12784.800499677658,18.083283263903084,-65.27227578154127,-45.242466,1,0,1,-0.1395
1.8274000883102417,12791.800618171692,18.083219536126748,-65.27228290178209,-48.6214,1,0,0,-3.5184
1.8275000751018524,12792.500525712969,18.08321304857865,-65.27228312263372,-44.841248,1,0,1,0.2617
1.830500066280365,12813.500463962557,18.08302169191051,-65.27230322568023,-44.32464,1,0,1,0.7783
1.8311000764369965,12817.700535058975,18.08298343652621,-65.27230724650393,-44.19429,1,0,1,0.9087
1.832200109958649,12825.40076971054,18.08291334014724,-65.2723147361349,-44.91335,1,0,1,0.1896
1.8327000737190249,12828.900516033173,18.08288145589692,-65.27231801936487,-44.211708,1,0,1,0.8913
1.833200067281723,12832.40047097206,18.082849589949014,-65.27232137818025,-44.13204,1,0,1,0.9709
1.8335000872612,12834.5006108284,18.08283047880165,-65.27232343139278,-44.39577,1,0,1,0.7072
1.8346000909805296,12842.200636863708,18.08276039204948,-65.2723308746883,-44.616627,1,0,1,0.4863
1.8347000777721405,12842.900544404984,18.082754000952228,-65.27233146621646,-43.92043,1,0,1,1.1825
1.8348000943660736,12843.600660562515,18.0827476699148,-65.27233231303791,-45.36346,1,0,1,-0.2605
1.8349000811576843,12844.30056810379,18.082741388832943,-65.27233336615122,-48.53637,1,0,0,-3.4334
1.835300087928772,12847.100615501404,18.08271579697384,-65.27233562520341,-44.842625,1,0,1,0.2603
1.8358001112937927,12850.600779056547,18.08268436160257,-65.2723407641267,-59.62639,1,0,0,-14.5234
1.839000105857849,12873.000741004944,18.082480055356125,-65.27236070222905,-45.299736,1,0,1,-0.1968
1.83910009264946,12873.70064854622,18.082473675664787,-65.27236134633556,-45.019,1,0,1,0.084
1.839500069618225,12876.500487327576,18.082448187287355,-65.27236405944535,-45.03444,1,0,1,0.0685
1.840700089931488,12884.900629520416,18.082371695012583,-65.2723721494756,-44.5996,1,0,1,0.5034
1.841600090265274,12891.200631856918,18.082314325135805,-65.27237825389608,-44.52154,1,0,1,0.5814
1.84250009059906,12897.50063419342,18.082257901532508,-65.27238833355005,-77.72677,0,0,0,-32.6238
1.8431000709533687,12901.700496673584,18.082218695639146,-65.272388467742,-44.607376,1,0,1,0.4956
1.8431000709533687,12901.700496673584,18.08221870626071,-65.27238851148475,-44.974285,1,0,1,0.1287
1.8458001017570496,12920.600712299349,18.082046494684374,-65.27240690747468,-44.905247,1,0,1,0.1977
1.8465000689029687,12925.500482320786,18.08200177309948,-65.27241169516547,-44.694828,1,0,1,0.4081
1.8467000722885127,12926.900506019592,18.081988990711363,-65.27241305247395,-44.541035,1,0,1,0.5619
1.8471000790596008,12929.700553417206,18.081963441860545,-65.27241583999702,-44.84023,1,0,1,0.2627
1.84810009598732,12936.70067191124,18.081899532227105,-65.27242269536771,-44.61346,1,0,1,0.4895
1.8482000827789309,12937.400579452516,18.081893152571386,-65.27242342646004,-44.97225,1,0,1,0.1307
1.848300099372864,12938.100695610046,18.08188675363568,-65.27242408673098,-44.735065,1,0,1,0.3679
1.848500102758408,12939.500719308851,18.0818739714487,-65.27242546538253,-44.7492,1,0,1,0.3538
1.8486000895500183,12940.200626850128,18.081867577100944,-65.27242613805205,-44.617126,1,0,1,0.4858
1.8486000895500183,12940.200626850128,18.08186757213236,-65.27242611758994,-44.445496,1,0,1,0.6575
1.848700106143952,12940.90074300766,18.08186118919344,-65.2724268457996,-44.77738,1,0,1,0.3256
1.8498000800609589,12948.600560426712,18.08179087880972,-65.27243442747923,-44.836758,1,0,1,0.2662
1.8501000702381127,12950.700491666794,18.08177168387249,-65.272436424022,-44.254665,1,0,1,0.8483
1.8503000736236568,12952.1005153656,18.08175891393191,-65.27243786967551,-44.82747,1,0,1,0.2755
1.8512001037597656,12958.40072631836,18.081701360085496,-65.27244403097802,-44.520535,1,0,1,0.5824
1.8516000807285309,12961.200565099716,18.08167579210271,-65.27244681566035,-44.77785,1,0,1,0.3251
1.8539000749588013,12977.300524711609,18.081527758458712,-65.27245872306116,-11.909222,0,0,0,33.1937
1.8540000915527344,12978.00064086914,18.081522296933148,-65.27246328891738,-44.432293,1,0,1,0.6707
1.8546001017093656,12982.20071196556,18.08148393624066,-65.27246747787413,-44.97365,1,0,1,0.1293
1.8576000928878784,13003.200650215147,18.08129205753448,-65.27248810210035,-45.327507,1,0,1,-0.2245
1.857900083065033,13005.30058145523,18.0812728695539,-65.27249015714548,-45.338524,1,0,1,-0.2356
1.8587000966072085,13010.900676250458,18.081221688173617,-65.27249558418282,-44.95891,1,0,1,0.144
1.8590000867843628,13013.00060749054,18.081202481344363,-65.2724975546592,-44.290173,1,0,1,0.8128
1.859800070524216,13018.60049366951,18.081151321253984,-65.2725030396247,-44.48096,1,0,1,0.622
1.8607000708580017,13024.900496006012,18.08109376848412,-65.27250920015406,-44.68811,1,0,1,0.4148
1.8608000874519348,13025.600612163544,18.08108737222508,-65.27250988112992,-44.6859,1,0,1,0.4171
1.863200068473816,13042.400479316711,18.080933900953426,-65.27252614334569,-44.31514,1,0,1,0.7878
1.8641000986099243,13048.70069026947,18.080876378512023,-65.27253229858381,-44.82815,1,0,1,0.2748
1.864300101995468,13050.100713968275,18.08086358445358,-65.27253361286087,-44.50684,1,0,1,0.5961
1.864600092172623,13052.20064520836,18.080844397008825,-65.27253570615301,-44.507553,1,0,1,0.5954
1.8649000823497768,13054.30057644844,18.080825229898306,-65.27253773667557,-44.666706,1,0,1,0.4363
1.8652001023292544,13056.40071630478,18.080806062873364,-65.27253977052585,-44.863384,1,0,1,0.2396
1.865400105714798,13057.800740003586,18.08079327923916,-65.2725410973157,-44.757168,1,0,1,0.3458
1.8658001124858856,13060.6007874012,18.08076770874672,-65.27254373021569,-44.385994,1,0,1,0.717
1.8667000830173488,13066.900581121445,18.08071022553478,-65.27254981309004,-44.955376,1,0,1,0.1476
1.86680006980896,13067.60048866272,18.0807038398091,-65.27255048845582,-45.020725,1,0,1,0.0822
1.867100089788437,13069.700628519058,18.08068466364974,-65.27255244859997,-44.66705,1,0,1,0.4359
1.867800086736679,13074.600607156754,18.08063997150584,-65.27255720150627,-45.3864,1,0,1,-0.2834
1.867900103330612,13075.300723314283,18.080634120149416,-65.27256010471888,-64.14225,0,0,0,-19.0393
1.868000090122223,13076.00063085556,18.0806271759212,-65.27255844599536,-44.649536,1,0,1,0.4534
1.870500087738037,13093.50061416626,18.080467546625545,-65.27257506804462,-44.71302,1,0,1,0.3899
1.870600074529648,13094.200521707537,18.080461176067647,-65.2725757815002,-45.13539,1,0,1,-0.0324
1.8709000945091248,13096.300661563871,18.080442012428552,-65.27257771862129,-44.699757,1,0,1,0.4032
1.8713001012802124,13099.100708961489,18.080416476284928,-65.27258035031582,-44.541145,1,0,1,0.5618
1.872300088405609,13106.100618839264,18.08035267670306,-65.27258704439707,-45.162556,1,0,1,-0.0596
1.8724001049995425,13106.800734996796,18.080346296272307,-65.27258771317312,-45.222347,1,0,1,-0.1194
1.8727000653743744,13108.90045762062,18.0803271606908,-65.27258971515722,-45.374306,1,0,1,-0.2713
1.8732000887393951,13112.400621175766,18.08029534817393,-65.27259340204773,-48.571575,1,0,0,-3.4686
1.8736000955104828,13115.20066857338,18.080269723166804,-65.27259560123935,-44.85118,1,0,1,0.2518
1.873900085687637,13117.30059981346,18.080250585971,-65.27259758244449,-44.8496,1,0,1,0.2534
1.8742001056671145,13119.4007396698,18.080231455692328,-65.27259959478248,-45.112534,1,0,1,-0.0096
1.8750000894069672,13125.00062584877,18.080180419131004,-65.2726048239158,-44.69072,1,0,1,0.4122
1.8751000761985777,13125.700533390043,18.080174044432223,-65.27260549202902,-44.762203,1,0,1,0.3408
1.875200092792511,13126.400649547577,18.080167666446325,-65.27260615406455,-44.781532,1,0,1,0.3214
1.876000076532364,13132.000535726547,18.08011665734524,-65.27261145122164,-44.967636,1,0,1,0.1353
1.8763000667095184,13134.100466966627,18.08009760375933,-65.27261374477162,-47.618526,1,0,0,-2.5156
1.8763000667095184,13134.100466966627,18.08009751118028,-65.27261335482635,-44.349697,1,0,1,0.7533
1.876700073480606,13136.900514364244,18.08007202093033,-65.2726160471618,-44.823257,1,0,1,0.2797
1.878900110721588,13152.300775051115,18.07993179127924,-65.27263058017711,-45.211475,1,0,1,-0.1085
1.879600077867508,13157.200545072556,18.0798871668379,-65.2726351244238,-44.691666,1,0,1,0.4113
1.880600094795227,13164.20066356659,18.07982342592082,-65.2726416355326,-44.12187,1,0,1,0.9811
1.8808000981807709,13165.600687265396,18.079810707775497,-65.2726430574346,-45.01329,1,0,1,0.0897
1.8809000849723816,13166.300594806671,18.079804341387423,-65.27264373378162,-45.169765,1,0,1,-0.0668
1.88140007853508,13169.80054974556,18.07977248896487,-65.27264704274148,-45.339977,1,0,1,-0.237
1.881600081920624,13171.200573444366,18.079759745890986,-65.2726483572872,-45.332558,1,0,1,-0.2296
1.8821001052856443,13174.700736999512,18.07972427915214,-65.27263665921164,80.341606,0,0,0,125.4446
1.8822000920772552,13175.400644540789,18.07972151250502,-65.27265227788509,-45.11874,1,0,1,-0.0158
1.8828000724315643,13179.60050702095,18.07968328218069,-65.27265619456318,-44.875736,1,0,1,0.2272
1.8831000924110413,13181.700646877289,18.07966416694352,-65.27265815792649,-44.79525,1,0,1,0.3077
1.883800089359284,13186.600625514984,18.07961956954913,-65.2726627398278,-44.617027,1,0,1,0.4859
1.885800063610077,13200.600445270538,18.079492178703624,-65.2726759498869,-45.17424,1,0,1,-0.0713
1.8860000669956207,13202.000468969343,18.07947942617907,-65.2726771764999,-44.332935,1,0,1,0.77
1.886800080537796,13207.600563764572,18.07942853490303,-65.27268257567144,-45.10519,1,0,1,-0.0022
1.8873000741004944,13211.10051870346,18.07939670562236,-65.27268585906519,-44.83024,1,0,1,0.2727
1.8882001042366028,13217.40072965622,18.07933941572602,-65.27269180574352,-44.65481,1,0,1,0.4481
1.8882001042366028,13217.40072965622,18.07934014053353,-65.27269481634082,-69.90016,0,0,0,-24.7972
1.888900101184845,13222.300708293917,18.079294849604057,-65.27269640944641,-44.356842,1,0,1,0.7461
1.890700101852417,13234.90071296692,18.07918027702521,-65.27270844692609,-45.355698,1,0,1,-0.2527
1.891200095415116,13238.400667905807,18.079148409563484,-65.27271164531071,-44.443554,1,0,1,0.6594
1.8920001089572904,13244.000762701036,18.07909746576255,-65.2727169814845,-44.84876,1,0,1,0.2542
1.8929000794887545,13250.30055642128,18.07904013354471,-65.27272293833667,-44.96904,1,0,1,0.1339
1.893000066280365,13251.000463962557,18.079033751000207,-65.27272355040525,-44.568794,1,0,1,0.5342
1.8932000696659088,13252.400487661362,18.07902101760228,-65.27272491524592,-44.948986,1,0,1,0.154
1.8938000798225405,13256.600558757782,18.078982765282067,-65.27272881347382,-44.46152,1,0,1,0.6414
1.8938000798225405,13256.600558757782,18.07898277988137,-65.2727288735862,-44.9657,1,0,1,0.1373
1.895200103521347,13266.40072464943,18.07889423515169,-65.2727410343749,-69.6438,0,0,0,-24.5408
1.8959000706672668,13271.300494670868,18.078848890769336,-65.27274271377128,-45.14519,1,0,1,-0.0422
1.8962000608444207,13273.40042591095,18.07882974404777,-65.27274463998334,-44.77603,1,0,1,0.3269
1.8962000608444207,13273.40042591095,18.07882971870297,-65.27274453562927,-43.900787,1,0,1,1.2022
1.898000091314316,13286.00063920021,18.07871485208519,-65.2727563534461,-44.04943,1,0,1,1.0535
1.898600101470948,13290.20071029663,18.07867669317152,-65.27276090894802,-49.337917,1,0,0,-4.235
1.8991000652313232,13293.700456619265,18.07864463385007,-65.27276363478678,-44.80101,1,0,1,0.3019
1.899300068616867,13295.10048031807,18.078631851027275,-65.27276490912179,-44.53515,1,0,1,0.5678
1.900000095367432,13300.00066757202,18.078587139097127,-65.27276952203407,-44.91788,1,0,1,0.1851
1.900200068950653,13301.400482654572,18.07857434598929,-65.27277076528435,-44.411816,1,0,1,0.6911
1.900400072336197,13302.800506353378,18.07856157575163,-65.27277211506345,-44.801826,1,0,1,0.3011
1.902500063180924,13317.500442266464,18.078427293383097,-65.27278573718073,-44.5352,1,0,1,0.5678
1.9026000797748568,13318.200558423996,18.078420910388665,-65.2727864494288,-45.066254,1,0,1,0.0367
1.902900069952011,13320.300489664078,18.07840171486419,-65.27278838501549,-44.981625,1,0,1,0.1213
1.9036000669002533,13325.200468301771,18.07835532065113,-65.27278628608322,10.656856,0,0,0,55.7598
1.9036000669002533,13325.200468301771,18.078356905141018,-65.27279286179923,-44.486435,1,0,1,0.6165
1.9037000834941864,13325.900584459305,18.078350500723623,-65.27279349780108,-44.38908,1,0,1,0.7139
1.903800070285797,13326.60049200058,18.07834409945935,-65.27279413981634,-44.344765,1,0,1,0.7582
1.904000073671341,13328.000515699388,18.078331515213584,-65.27279634250623,-51.9609,1,0,0,-6.8579
1.9043000936508176,13330.100655555723,18.078312097373768,-65.27279740757184,-44.61675,1,0,1,0.4862
1.9046000838279724,13332.200586795809,18.07829301196296,-65.27279940976932,-44.436005,1,0,1,0.667
1.9047001004219053,13332.90070295334,18.07828662550014,-65.27280016353426,-45.38892,1,0,1,-0.286
1.904900103807449,13334.300726652144,18.07827378932011,-65.27280140572836,-45.073685,1,0,1,0.0293
1.905200093984604,13336.400657892227,18.078254511173363,-65.27280317443369,-43.815075,1,0,1,1.2879
1.905300110578537,13337.10077404976,18.07824810660935,-65.27280385986421,-44.200245,1,0,1,0.9027
1.905300110578537,13337.10077404976,18.07824812935556,-65.27280395351826,-44.98576,1,0,1,0.1172
1.9073000848293304,13351.100593805311,18.07811978020294,-65.27281669868907,-44.780293,1,0,1,0.3227
1.9075000882148745,13352.50061750412,18.07810692864386,-65.2728179251977,-44.369602,1,0,1,0.7334
1.907700091600418,13353.900641202928,18.07809407005998,-65.27281912546827,-43.740704,1,0,1,1.3623
1.9083001017570496,13358.100712299349,18.07805558378893,-65.2728231118774,-45.097275,1,0,1,0.0057
1.9084000885486605,13358.800619840622,18.078049145795124,-65.2728236773851,-44.49581,1,0,1,0.6071
1.908600091934204,13360.200643539429,18.07803632992649,-65.27282506594612,-45.452255,1,0,1,-0.3493
1.9092000722885127,13364.400506019592,18.077997768717022,-65.27282877037193,-44.459293,1,0,1,0.6437
1.9092000722885127,13364.400506019592,18.077998028092363,-65.27282984703129,-53.488132,1,0,0,-8.3852
1.9096000790596008,13367.200553417206,18.07797209645736,-65.27283140155109,-45.153927,1,0,1,-0.051
1.9100000858306885,13370.00060081482,18.07794523999324,-65.2728291299805,-4.7334256,0,0,0,40.3695
1.9107000827789309,13374.900579452516,18.07790141874548,-65.27283834732857,-44.632103,1,0,1,0.4709
1.911500096321106,13380.500674247742,18.07785005109185,-65.27284358028972,-45.760674,1,0,0,-0.6577
1.9120000898838043,13384.00062918663,18.077817883642755,-65.27284658384242,-44.219517,1,0,1,0.8834
1.9126000702381127,13388.200491666794,18.07777937603828,-65.27285059487413,-45.764523,1,0,0,-0.6616
1.914400100708008,13400.800704956057,18.077663700162176,-65.2728620053409,-45.04552,1,0,1,0.0574
1.9147000908851624,13402.900636196136,18.077644423764056,-65.27286391558856,-44.972797,1,0,1,0.1302
1.9156000912189484,13409.20063853264,18.0775865966673,-65.27286965516033,-44.774902,1,0,1,0.3281
1.9162000715732568,13413.400501012802,18.07754807364487,-65.27287358356917,-45.45158,1,0,1,-0.3486
1.916800081729889,13417.600572109222,18.077509505339464,-65.27287732272099,-44.496475,1,0,1,0.6065
1.9169000685215,13418.300479650496,18.07750309694287,-65.2728780216208,-44.96871,1,0,1,0.1342
1.9170000851154327,13419.00059580803,18.077496683901902,-65.27287870909736,-45.34222,1,0,1,-0.2393
1.9196000695228577,13437.200486660004,18.07732973771032,-65.27289544561744,-45.02632,1,0,1,0.0766
1.920000076293945,13440.000534057615,18.07730406003728,-65.27289801496981,-44.83568,1,0,1,0.2673
1.9210000932216644,13447.000652551653,18.077239889402342,-65.27290448709195,-44.6445,1,0,1,0.4585
1.9220001101493835,13454.000771045685,18.07717576105272,-65.27291105829539,-45.099094,1,0,1,0.0039
1.9221000969409945,13454.70067858696,18.077169348962627,-65.27291170998888,-45.08927,1,0,1,0.0137
1.922300070524216,13456.10049366951,18.0771566102213,-65.2729133714174,-48.065273,1,0,0,-2.9623
1.9228000938892365,13459.600657224655,18.077124449198006,-65.27291620997791,-44.441257,1,0,1,0.6617
1.9230000674724577,13461.000472307203,18.0771116368385,-65.27291754745353,-44.67364,1,0,1,0.4293
1.923100084066391,13461.700588464735,18.077105223068628,-65.27291819165879,-44.57937,1,0,1,0.5236
1.9233000874519348,13463.100612163544,18.077092414640568,-65.2729195480251,-44.956326,1,0,1,0.1466
1.92590007185936,13481.300503015518,18.07692584838454,-65.27293659567003,-44.195797,1,0,1,0.9072
1.9260000586509705,13482.000410556791,18.07691945959402,-65.27293728235584,-44.37042,1,0,1,0.7325
1.9262000620365145,13483.4004342556,18.076906678577576,-65.27293864674607,-44.636314,1,0,1,0.4666
1.9262000620365145,13483.4004342556,18.076906663804635,-65.27293858589714,-44.125916,1,0,1,0.977
1.926700085401535,13486.900597810743,18.076874734703008,-65.27294208074787,-45.45649,1,0,1,-0.3535
1.9275000989437103,13492.500692605972,18.076823564650496,-65.27294727355466,-44.13171,1,0,1,0.9712
1.9290000796318048,13503.000557422638,18.07672777558914,-65.2729574775531,-45.219627,1,0,1,-0.1167
1.930600106716156,13514.200747013092,18.07662560530313,-65.27296818036824,-44.370247,1,0,1,0.7327
1.9310000836849213,13517.000585794449,18.076600079437863,-65.27297088438799,-44.32255,1,0,1,0.7804
1.9311001002788544,13517.70070195198,18.07659369548677,-65.27297155424709,-44.253304,1,0,1,0.8497
1.931400090456009,13519.800633192062,18.07657487007656,-65.27297490508684,-55.285286,1,0,0,-10.1823
1.932200103998184,13525.40072798729,18.07652353553324,-65.27297908683522,-44.763123,1,0,1,0.3398
1.9323000609874723,13526.100426912308,18.07651716200385,-65.27297977474852,-44.828,1,0,1,0.275
1.9326000809669488,13528.200566768646,18.076498023979923,-65.2729818026772,-44.703846,1,0,1,0.3991
1.933500081300736,13534.500569105148,18.07644062524049,-65.27298789785317,-44.34389,1,0,1,0.7591
1.9337000846862795,13535.900592803957,18.07642828354124,-65.27299096692282,-58.625,1,0,0,-13.522
1.93380007147789,13536.60050034523,18.076421505073,-65.27298996786834,-44.51792,1,0,1,0.585
1.936800092458725,13557.600647211077,18.076230337408496,-65.27301057154592,-44.767956,1,0,1,0.335
1.936900079250336,13558.30055475235,18.07622396764122,-65.2730112576071,-44.752277,1,0,1,0.3507
1.9371000826358795,13559.700578451157,18.07621122691541,-65.27301263168168,-44.732426,1,0,1,0.3705
1.9375000894069672,13562.50062584877,18.076185737760643,-65.27301534364192,-44.377003,1,0,1,0.726
1.9375000894069672,13562.50062584877,18.076185742943977,-65.27301536499068,-44.556072,1,0,1,0.5469
1.9380000829696653,13566.00058078766,18.076153897769125,-65.27301881016406,-44.554264,1,0,1,0.5487
1.9381000995635984,13566.70069694519,18.07614752436961,-65.27301948507225,-44.431652,1,0,1,0.6713
1.9383001029491425,13568.100720643995,18.07613479047016,-65.27302087908937,-44.556293,1,0,1,0.5467
1.9412001073360443,13588.40075135231,18.07595013504432,-65.2730409228005,-44.629738,1,0,1,0.4732
1.9419001042842865,13593.300729990004,18.07590630904636,-65.27304884132096,-70.416916,0,0,0,-25.314
1.9421001076698303,13594.700753688812,18.07589299372,-65.27304781129307,-50.171204,1,0,0,-5.0682
1.9421001076698303,13594.700753688812,18.07589281715077,-65.27304707544107,-44.000935,1,0,1,1.102
1.9424000680446625,13596.800476312636,18.075873716556764,-65.27304913719625,-43.88017,1,0,1,1.2228
1.94280007481575,13599.60052371025,18.075848268106085,-65.27305198062278,-44.50523,1,0,1,0.5977
1.943200081586837,13602.400571107864,18.07582279557461,-65.27305472538444,-44.300957,1,0,1,0.802
1.9448001086711884,13613.600760698318,18.07572093764509,-65.27306583065477,-44.846214,1,0,1,0.2567
1.9448001086711884,13613.600760698318,18.07572092106757,-65.2730657623822,-44.273586,1,0,1,0.8294
1.944900095462799,13614.300668239594,18.075714564211445,-65.27306649478905,-44.585907,1,0,1,0.5171
1.945000112056732,13615.000784397123,18.07570820813635,-65.27306723860401,-44.992416,1,0,1,0.1105
1.945100098848343,13615.7006919384,18.075701810071763,-65.27306780164494,-43.88471,1,0,1,1.2182
1.9454000890254968,13617.800623178482,18.07568273178336,-65.2730699772447,-44.64193,1,0,1,0.461
1.945500075817108,13618.500530719755,18.07567636880688,-65.27307068555346,-44.75392,1,0,1,0.349
1.945700079202652,13619.900554418564,18.07566362636751,-65.27307204291677,-44.480328,1,0,1,0.6226
1.9460000693798063,13622.000485658646,18.075644529568645,-65.27307414602419,-44.636475,1,0,1,0.4665
1.9465000927448275,13625.50064921379,18.075612689203293,-65.27307761570682,-44.60662,1,0,1,0.4963
1.946700096130371,13626.900672912598,18.075599939714625,-65.2730789488142,-44.139668,1,0,1,0.9633
1.946700096130371,13626.900672912598,18.07559995309932,-65.27307900393635,-44.601994,1,0,1,0.501
1.9482001066207888,13637.40074634552,18.075504418884805,-65.27308939410648,-44.47923,1,0,1,0.6237
1.949100077152252,13643.700540065764,18.075447095831063,-65.27309564441431,-44.640305,1,0,1,0.4627
1.949200063943863,13644.40044760704,18.07544072709229,-65.27309634011547,-44.674324,1,0,1,0.4286
1.949300080537796,13645.100563764572,18.07543434015024,-65.27309696926963,-44.149605,1,0,1,0.9534
1.949700087308884,13647.900611162186,18.07540897310575,-65.27310022705925,-48.280453,1,0,0,-3.1775
1.950500100851059,13653.500705957413,18.075357905645102,-65.27310536331012,-45.03835,1,0,1,0.0646
1.951100081205368,13657.700568437576,18.075319655082435,-65.27310943858788,-44.53499,1,0,1,0.568
1.9516001045703888,13661.200731992722,18.075287791535285,-65.27311290725405,-44.762177,1,0,1,0.3408
1.9520001113414764,13664.000779390337,18.07526228260569,-65.27311561315483,-44.39329,1,0,1,0.7097
1.9521000981330872,13664.70068693161,18.07525591529328,-65.27311632769963,-44.625195,1,0,1,0.4778
1.9525000751018524,13667.500525712969,18.07523044330052,-65.2731191880003,-45.585155,1,0,1,-0.4822
1.952700078487396,13668.900549411774,18.075217674269545,-65.27312048899184,-44.99104,1,0,1,0.1119
1.95290008187294,13670.30057311058,18.07520492597347,-65.27312187743519,-45.137207,1,0,1,-0.0342
1.9546000957489007,13682.20067024231,18.075096471990445,-65.2731333763604,-44.130905,1,0,1,0.9721
1.9566000699996948,13696.200489997864,18.074968861997984,-65.27314702939815,-44.717854,1,0,1,0.6316
1.9570000767707825,13699.000537395475,18.074943326481065,-65.2731497351486,-44.726017,1,0,1,0.6234
1.9579001069068909,13705.300748348236,18.074885857865706,-65.2731558047986,-44.71677,1,0,1,0.6327
1.9580000936985016,13706.000655889511,18.07487681298143,-65.27314543942593,47.846317,0,0,0,93.1958
1.9584001004695888,13708.800703287125,18.07485392808737,-65.27315917980364,-44.814835,1,0,1,0.5346
1.960900098085404,13726.300686597824,18.074694181383588,-65.27317587621259,-44.647896,1,0,1,0.7016
1.9610000848770144,13727.0005941391,18.07468778434899,-65.27317651880287,-44.45941,1,0,1,0.89
1.9614000916481016,13729.800641536713,18.07466221939651,-65.27317920474731,-44.69445,1,0,1,0.655
1.9617001116275787,13731.900781393051,18.07464303521001,-65.27318118588491,-44.614178,1,0,1,0.7353
1.9621000587940216,13734.700411558151,18.074617478402786,-65.27318390459888,-45.190544,1,0,1,0.1589
1.96410009264946,13748.70064854622,18.07448954770296,-65.27319710035955,-45.252064,1,0,1,0.0974
1.9644000828266144,13750.8005797863,18.07447045561688,-65.27319921395915,-45.238354,1,0,1,0.1111
1.965100109577179,13755.700767040253,18.07442560691888,-65.2732037204677,-45.127388,1,0,1,0.2221
1.965500086545944,13758.50060582161,18.07439996634375,-65.27320624248155,-44.665,1,0,1,0.6844
1.9668000936508176,13767.600655555723,18.07431666510917,-65.27321462983484,-44.95904,1,0,1,0.3904
1.9669000804424288,13768.300563097,18.074310260089497,-65.27321528502381,-45.077965,1,0,1,0.2715
1.9671000838279724,13769.700586795809,18.0742974416261,-65.27321656965213,-45.102802,1,0,1,0.2466
1.9681001007556915,13776.70070528984,18.07423334670255,-65.27322299772374,-45.352272,1,0,1,-0.0028
1.970200091600418,13791.400641202928,18.074098711096354,-65.27323639232738,-45.35982,1,0,1,-0.0104
1.970200091600418,13791.400641202928,18.074098704010908,-65.27323636314725,-45.115086,1,0,1,0.2344
1.9707000851631165,13794.900596141815,18.07406663576596,-65.27323950631266,-44.780678,1,0,1,0.5688
1.971300095319748,13799.100667238235,18.07402816572547,-65.27324333167145,-44.843105,1,0,1,0.5063
1.971700102090836,13801.900714635847,18.074002512276213,-65.27324585326642,-44.651123,1,0,1,0.6983
1.9718000888824463,13802.600622177124,18.07399610140915,-65.27324648973965,-44.655453,1,0,1,0.694
1.9721000790596008,13804.700553417206,18.073976862149184,-65.2732483792611,-44.500935,1,0,1,0.8485
1.9722000658512115,13805.40046095848,18.073970453276328,-65.27324902356656,-44.571514,1,0,1,0.7779
1.9727000892162323,13808.900624513626,18.07393839277054,-65.27325220123353,-44.55226,1,0,1,0.7972
1.972900092601776,13810.300648212433,18.073925566233424,-65.27325345995354,-44.44114,1,0,1,0.9083
1.9734000861644745,13813.80060315132,18.07389352370832,-65.27325669780576,-44.92545,1,0,1,0.424
1.9736000895500183,13815.200626850128,18.073880697074014,-65.27325795356754,-44.787094,1,0,1,0.5624
1.976700097322464,13836.900681257248,18.073681992165973,-65.27327770791051,-44.812717,1,0,1,0.5367
1.978300094604492,13848.100662231443,18.07357949025841,-65.27328798751039,-45.19823,1,0,1,0.1512
1.9808000922203064,13865.600645542145,18.073419379914245,-65.27330399226935,-44.63766,1,0,1,0.7118
1.980900079011917,13866.30055308342,18.073412993063226,-65.2733046939032,-45.111195,1,0,1,0.2383
1.9814001023769376,13869.800716638563,18.0733809661239,-65.27330783547683,-44.37405,1,0,1,0.9754
1.982000082731247,13874.000579118729,18.07334258117543,-65.27331176744987,-44.794823,1,0,1,0.5546
1.984700113534928,13892.900794744492,18.07316976155535,-65.27332919850595,-45.023514,1,0,1,0.3259
1.985600084066391,13899.200588464735,18.073112320181263,-65.27333520099839,-44.966373,1,0,1,0.3831
1.9857000708580017,13899.900496006012,18.07310593991869,-65.27333587080938,-44.975697,1,0,1,0.3738
1.9860000908374784,13902.00063586235,18.07308679738105,-65.27333788546589,-45.034008,1,0,1,0.3154
1.9860000908374784,13902.00063586235,18.07308680285495,-65.27333790801183,-45.223114,1,0,1,0.1263
1.9867000877857208,13906.900614500046,18.07304212478987,-65.27334252541463,-44.60577,1,0,1,0.7437
1.9880000948905945,13916.00066423416,18.07295920457403,-65.27335125359438,-44.5578,1,0,1,0.7916
1.989200085401535,13924.400597810743,18.07288269188609,-65.27335935639917,-44.728046,1,0,1,0.6214
1.9897000789642327,13927.900552749634,18.07285081095782,-65.27336271238285,-44.59195,1,0,1,0.7575
1.990100085735321,13930.700600147247,18.072825307444766,-65.2733653992221,-44.486862,1,0,1,0.8626
1.9933000802993768,13953.100562095642,18.072621363937685,-65.2733870835143,-45.038025,1,0,1,0.3114
1.994000107049942,13958.000749349594,18.07257675186244,-65.27339181666672,-45.07348,1,0,1,0.276
1.994200080633164,13959.400564432144,18.072564000173305,-65.27339313719405,-44.822067,1,0,1,0.5274
1.994700103998184,13962.90072798729,18.072532133587348,-65.27339651427364,-44.832233,1,0,1,0.5172
1.994900107383728,13964.300751686096,18.07251939549656,-65.27339789903913,-45.125023,1,0,1,0.2244
1.9950000941753387,13965.000659227371,18.07251299431803,-65.27339845491946,-44.1283,1,0,1,1.2211
1.996600091457367,13976.200640201569,18.07241104654529,-65.27340935320463,-45.080883,1,0,1,0.2686
1.9978001117706297,13984.60078239441,18.072334550325948,-65.27341740729611,-44.951054,1,0,1,0.3984
2.0001001060009003,14000.700742006302,18.07218787781468,-65.27343269186653,-43.93948,1,0,1,1.41
2.0015000998973846,14010.500699281693,18.072098600456307,-65.27344207723668,-44.40508,1,0,1,0.9444
2.004000097513199,14028.000682592392,18.071939074059483,-65.27345859856352,-44.0953,1,0,1,1.2541
2.006500095129013,14045.500665903091,18.07177939354832,-65.27347495121293,-44.178444,1,0,1,1.171
2.0080001056194305,14056.000739336014,18.07168340019072,-65.27348452910412,-44.07248,1,0,1,1.277
2.008300095796585,14058.100670576096,18.07166423005093,-65.27348656584589,-45.09983,1,0,1,0.2496
2.008800059556961,14061.600416898727,18.07163221420444,-65.27348968888174,-44.554836,1,0,1,0.7946
2.009200096130371,14064.400672912598,18.07160659764641,-65.27349219245882,-44.173626,1,0,1,1.1758
2.0094000697135925,14065.800487995148,18.0715938192716,-65.27349355606962,-44.927795,1,0,1,0.4217
2.01090008020401,14076.30056142807,18.071497803539074,-65.2735031194943,-45.074963,1,0,1,0.2745
2.011500090360641,14080.50063252449,18.07145938840375,-65.2735069130423,-44.88636,1,0,1,0.4631
2.0118001103401184,14082.600772380829,18.07144017603389,-65.27350879418138,-44.66115,1,0,1,0.6883
2.012500077486038,14087.500542402267,18.071395350810626,-65.27351317510464,-44.066998,1,0,1,1.2825
2.012900084257126,14090.30058979988,18.071369781295328,-65.27351586871573,-45.317085,1,0,1,0.0324
2.014100104570389,14098.700731992722,18.07129296657461,-65.27352350090003,-45.263428,1,0,1,0.086
2.0143001079559326,14100.100755691528,18.07128015874991,-65.27352474865008,-45.04253,1,0,1,0.3069
2.014400094747544,14100.800663232803,18.071273749365847,-65.2735253456941,-44.70673,1,0,1,0.6427
2.015600085258484,14109.200596809387,18.07119695386517,-65.2735330166516,-44.84952,1,0,1,0.4999
2.015800088644028,14110.600620508194,18.071184160482225,-65.27353431729553,-45.04495,1,0,1,0.3045
2.016400098800659,14114.800691604614,18.07114577346112,-65.27353818448101,-45.31185,1,0,1,0.0376
2.01650008559227,14115.50059914589,18.071139382411967,-65.27353885195545,-45.545246,1,0,1,-0.1958
2.0183001160621643,14128.10081243515,18.07102420822987,-65.2735503277711,-44.967987,1,0,1,0.3815
2.0183001160621643,14128.10081243515,18.071024217888954,-65.27355036754999,-45.301643,1,0,1,0.0478
2.0183001160621643,14128.10081243515,18.07102460135269,-65.27355196405864,-58.689438,0,0,0,-13.34
2.0186000764369965,14130.200535058975,18.07100501150526,-65.27355221321737,-44.595825,1,0,1,0.7536
2.0186000764369965,14130.200535058975,18.071005022018745,-65.2735522565149,-44.958996,1,0,1,0.3905
2.0186000764369965,14130.200535058975,18.07100502289396,-65.27355226011932,-44.98923,1,0,1,0.3602
2.019300073385238,14135.10051369667,18.07096026598184,-65.27355681649186,-45.370193,1,0,1,-0.0207
2.019400089979172,14135.800629854202,18.07095386078215,-65.27355742369643,-45.04965,1,0,1,0.2998
2.0195000767707825,14136.500537395475,18.07094746151437,-65.27355804689763,-44.862972,1,0,1,0.4865
2.023700088262558,14165.900617837906,18.070679028649103,-65.27358538636172,-44.824337,1,0,1,0.5251
2.025300085544586,14177.100598812103,18.07057674714068,-65.27359583327112,-44.56097,1,0,1,0.7885
2.0259000957012177,14181.300669908524,18.07053854660405,-65.27359995007183,-45.19303,1,0,1,0.1564
2.0260000824928284,14182.0005774498,18.07053217671141,-65.273600618237,-45.14023,1,0,1,0.2092
2.0265000760555267,14185.500532388687,18.07050032255435,-65.27360395236806,-44.782257,1,0,1,0.5672
2.0265000760555267,14185.500532388687,18.07050033916108,-65.27360402075813,-45.355907,1,0,1,-0.0065
2.0265000760555267,14185.500532388687,18.07050031774701,-65.27360393257044,-44.616196,1,0,1,0.7333
2.027500092983246,14192.50065088272,18.07043665607685,-65.27361078915547,-45.31366,1,0,1,0.0358
2.027800112962723,14194.60079073906,18.07041754620164,-65.27361280177085,-45.1095,1,0,1,0.2399
2.0280001163482666,14196.000814437866,18.07040481642317,-65.27361418253061,-45.29137,1,0,1,0.0581
2.0287000834941864,14200.900584459305,18.07036024928561,-65.27361895149942,-45.336826,1,0,1,0.0126
2.028800070285797,14201.60049200058,18.070353882538697,-65.2736196307367,-45.319424,1,0,1,0.03
2.029100090265274,14203.700631856918,18.07033476871932,-65.27362162935755,-44.925533,1,0,1,0.4239
2.029300093650818,14205.100655555723,18.07032204026564,-65.27362301792338,-45.126083,1,0,1,0.2234
2.029700070619583,14207.900494337082,18.07029657214489,-65.27362574322382,-45.07477,1,0,1,0.2747
2.029800087213516,14208.600610494614,18.070290213955623,-65.27362646753707,-45.417343,1,0,1,-0.0679
2.030400097370148,14212.800681591034,18.070251998365,-65.27363052145702,-44.99807,1,0,1,0.3514
2.031000107526779,14217.000752687454,18.07021380810753,-65.27363469154217,-45.50395,1,0,1,-0.1545
2.032000064849853,14224.000453948976,18.070150110001887,-65.27364146319,-44.758408,1,0,1,0.591
2.032400071620941,14226.800501346588,18.07012464050737,-65.2736442323032,-44.937378,1,0,1,0.4121
2.033900082111358,14237.30057477951,18.07002909016081,-65.27365453597174,-44.824066,1,0,1,0.5254
2.0344001054763794,14240.800738334656,18.069997223263805,-65.27365794205181,-44.517963,1,0,1,0.8315
2.03450009226799,14241.50064587593,18.06999085573659,-65.27365864479674,-44.637203,1,0,1,0.7122
2.034600108861923,14242.200762033464,18.06998448140901,-65.27365932835829,-44.59349,1,0,1,0.756
2.035100072622299,14245.700508356094,18.06995263568781,-65.27366283303525,-45.106476,1,0,1,0.243
2.0352000892162323,14246.400624513626,18.06994626259827,-65.27366352666151,-45.145775,1,0,1,0.2037
2.0356000661849976,14249.200463294985,18.06992076597159,-65.27366626820097,-45.030434,1,0,1,0.319
2.0361000895500183,14252.700626850128,18.06988889433245,-65.27366972585952,-45.14026,1,0,1,0.2092
2.036300092935562,14254.100650548937,18.069876146780143,-65.2736711183645,-45.264137,1,0,1,0.0853
2.0404000878334045,14282.800614833832,18.06961450347439,-65.27369925023709,-44.72998,1,0,1,0.6195
2.040800094604492,14285.600662231443,18.069588958862067,-65.27370202181355,-44.977722,1,0,1,0.3717
2.041000097990036,14287.000685930252,18.06957617212376,-65.27370335525306,-44.66952,1,0,1,0.6799
2.041300117969513,14289.10082578659,18.06955701883317,-65.27370547875182,-45.25008,1,0,1,0.0994
2.0416001081466675,14291.200757026672,18.06953783582613,-65.27370748254741,-44.839886,1,0,1,0.5096
2.04350009560585,14304.500669240952,18.069416727580503,-65.27372203557556,-58.15686,0,0,0,-12.8074
2.043600082397461,14305.200576782228,18.06940996033573,-65.27372117300932,-45.218975,1,0,1,0.1305
2.043700098991394,14305.900692939758,18.06940356256373,-65.27372185838402,-45.26076,1,0,1,0.0887
2.0438000857830048,14306.600600481032,18.069397156880743,-65.27372250430798,-44.975075,1,0,1,0.3744
2.0441001057624817,14308.700740337372,18.069377960838786,-65.27372455174704,-45.04488,1,0,1,0.3046
2.0442000925540924,14309.400647878649,18.06937155916223,-65.27372521886271,-44.943954,1,0,1,0.4055
2.044800102710724,14313.600718975067,18.069333346221743,-65.27372940954132,-45.50695,1,0,1,-0.1575
2.044900119304657,14314.3008351326,18.069323410558475,-65.2737154874719,76.887856,0,0,0,122.2373
2.045900076627732,14321.30053639412,18.06926346283005,-65.27373981022951,-70.74398,0,0,0,-25.3945
2.0471000969409943,14329.70067858696,18.069185654776167,-65.27374477409906,-45.019073,1,0,1,0.3304
2.047400087118149,14331.800609827042,18.069166382496736,-65.27374677552139,-45.009533,1,0,1,0.3399
2.0478000938892365,14334.600657224655,18.069140678191687,-65.27374942632073,-44.87428,1,0,1,0.4752
2.048200100660324,14337.400704622269,18.069115166254186,-65.27375288775379,-51.56788,1,0,0,-6.2184
2.0486000776290894,14340.200543403624,18.069089263407204,-65.27375472284712,-44.657562,1,0,1,0.6919
2.0489000976085663,14342.300683259964,18.0690699850594,-65.27375673319052,-44.809967,1,0,1,0.5395
2.0494000911712646,14345.800638198853,18.0690378541462,-65.27376007944221,-45.069397,1,0,1,0.2801
2.0496000945568085,14347.20066189766,18.06902498817597,-65.27376136582761,-44.749508,1,0,1,0.5999
2.050000101327896,14350.000709295273,18.06899927174929,-65.27376400558362,-44.695103,1,0,1,0.6543
2.0515001118183136,14360.500782728195,18.06890283086184,-65.27377390080316,-44.736362,1,0,1,0.6131
2.0520000755786896,14364.000529050829,18.06887069143232,-65.27377721789544,-45.00478,1,0,1,0.3447
2.0523000955581665,14366.100668907166,18.06885140374575,-65.27377920077261,-45.124207,1,0,1,0.2252
2.0532000958919525,14372.400671243668,18.06879353573956,-65.2737850976067,-45.15115,1,0,1,0.1983
2.0534000992774963,14373.800694942474,18.06878066949233,-65.27378637729429,-44.919315,1,0,1,0.4301
2.053500086069107,14374.50060248375,18.06877424280413,-65.27378703893594,-44.989727,1,0,1,0.3597
2.05460011959076,14382.200837135317,18.06870352599244,-65.2737942352175,-45.18458,1,0,1,0.1649
2.05470010638237,14382.90074467659,18.06869709695797,-65.2737948803979,-45.13783,1,0,1,0.2116
2.05470010638237,14382.90074467659,18.0686970868598,-65.27379483880418,-44.788967,1,0,1,0.5605
2.055000066757202,14385.000467300417,18.068677811633165,-65.27379681910627,-45.03422,1,0,1,0.3152
2.056300073862076,14394.10051703453,18.06859426074346,-65.27380526418088,-45.11436,1,0,1,0.2351
2.056900084018708,14398.300588130953,18.06855570472357,-65.2738091365887,-45.027554,1,0,1,0.3219
2.0570001006126404,14399.000704288484,18.068549265270445,-65.27380972700983,-44.55638,1,0,1,0.7931
2.057300090789795,14401.100635528564,18.068530645766824,-65.27381438038171,-67.322975,0,0,0,-21.9735
2.057400107383728,14401.800751686096,18.06852358523813,-65.27381238218486,-45.15109,1,0,1,0.1984
2.057600080966949,14403.200566768646,18.06851072485621,-65.27381361114928,-44.63144,1,0,1,0.718
2.0584000647068024,14408.800452947617,18.06845936785508,-65.27381885235206,-45.33182,1,0,1,0.0176
2.05870008468628,14410.900592803957,18.06844008527945,-65.2738207068169,-44.684036,1,0,1,0.6654
2.059800088405609,14418.600618839264,18.06836947421694,-65.27382776292978,-44.55825,1,0,1,0.7912
2.060100108385086,14420.700758695602,18.06835023029824,-65.27382971907923,-44.81374,1,0,1,0.5357
2.060700088739395,14424.900621175766,18.06831177698216,-65.27383371741189,-46.07863,1,0,0,-0.7292
2.060900092124939,14426.300644874573,18.06829892495367,-65.27383489957906,-45.244717,1,0,1,0.1047
2.062400072813034,14436.800509691238,18.068202762914524,-65.2738444899657,-45.184227,1,0,1,0.1652
2.062500089406967,14437.50062584877,18.068196355471223,-65.2738451350942,-45.23426,1,0,1,0.1152
2.0632000863552094,14442.400604486464,18.0681515213402,-65.27384964274175,-45.54278,1,0,1,-0.1933
2.063800096511841,14446.600675582886,18.068113077880632,-65.27385338341438,-44.800564,1,0,1,0.5489
2.0639000833034515,14447.30058312416,18.06810667660749,-65.27385402123186,-44.800293,1,0,1,0.5492
2.0650000870227814,14455.00060915947,18.068036958674085,-65.27386425644916,-71.57091,0,0,0,-26.2215
2.065100073814392,14455.700516700745,18.068029823680984,-65.27386178060986,-45.491985,1,0,1,-0.1425
2.065200090408325,14456.400632858276,18.06802342996425,-65.27386239075213,-45.290688,1,0,1,0.0588
2.066000074148178,14462.000519037249,18.06797235371914,-65.2738674706378,-45.365715,1,0,1,-0.0163
2.067000091075897,14469.00063753128,18.067907717462266,-65.27387038981134,-16.701694,0,0,0,28.6478
2.067500084638596,14472.500592470167,18.067876657109043,-65.27387700302644,-45.590553,1,0,1,-0.2411
2.067500084638596,14472.500592470167,18.06787664531214,-65.27387695442864,-45.182926,1,0,1,0.1665
2.0680001080036163,14476.000756025314,18.06784475801339,-65.27388010266898,-45.00889,1,0,1,0.3406
2.070400089025497,14492.800623178482,18.067691854923705,-65.27389529942776,-44.776947,1,0,1,0.5725
2.070400089025497,14492.800623178482,18.0676926680596,-65.27389868358695,-73.15591,0,0,0,-27.8065
2.0719000697135925,14503.300487995148,18.06759639051633,-65.27390481684606,-44.618263,1,0,1,0.7312
2.072600096464157,14508.2006752491,18.067551890745843,-65.27390938680978,-45.553505,1,0,1,-0.2041
2.073600083589554,14515.200585126877,18.067488296638235,-65.27391572178517,-45.18125,1,0,1,0.1682
2.0743001103401184,14520.100772380829,18.06744380725668,-65.27392022243535,-45.40562,1,0,1,-0.0562
2.075400084257126,14527.80058979988,18.06737389204715,-65.27392718779741,-44.73851,1,0,1,0.6109
2.0760000944137573,14532.0006608963,18.06733577792965,-65.27393104953678,-44.827877,1,0,1,0.5216
2.077100098133087,14539.70068693161,18.06726591149885,-65.27393811819013,-44.762436,1,0,1,0.587
2.077600091695785,14543.2006418705,18.067234192532872,-65.27394147201824,-45.853397,1,0,0,-0.5039
2.0781001150608063,14546.700805425644,18.06720242069307,-65.27394460905928,-45.084896,1,0,1,0.2646
2.079700082540512,14557.900577783585,18.06709737448237,-65.27394057726688,75.64714,0,0,0,120.9966
2.0801000893116,14560.700625181198,18.0670754474891,-65.27395756310645,-45.012486,1,0,1,0.337
2.0820000767707825,14574.000537395475,18.066954825259835,-65.27396991423257,-44.690437,1,0,1,0.659
2.0828000903129578,14579.600632190704,18.066904048494337,-65.2739752014615,-45.09553,1,0,1,0.2539
2.0831001102924347,14581.700772047045,18.066884996740463,-65.27397715236992,-44.951588,1,0,1,0.3979
2.083600103855133,14585.200726985931,18.066853262593817,-65.27398048101496,-45.32679,1,0,1,0.0227
2.0842001140117645,14589.400798082352,18.066815148713275,-65.27398436397452,-44.78576,1,0,1,0.5637
2.0844001173973083,14590.800821781158,18.066802419379105,-65.27398556327094,-44.911175,1,0,1,0.4383
2.0859000980854034,14601.300686597824,18.066707185460807,-65.27399559855955,-44.91401,1,0,1,0.4354
2.0863000750541687,14604.10052537918,18.066681789406328,-65.27399829940087,-45.067684,1,0,1,0.2818
2.087200105190277,14610.40073633194,18.0666246167528,-65.27400432239024,-44.882828,1,0,1,0.4666
2.087800115346909,14614.60080742836,18.06658647674923,-65.27400827701253,-44.20066,1,0,1,1.1488
2.0894000828266144,14625.8005797863,18.06648478737808,-65.2740190698256,-44.303837,1,0,1,1.0456
2.0906001031398773,14634.20072197914,18.0664084876678,-65.27402724085734,-44.91767,1,0,1,0.4318
2.090900093317032,14636.300653219225,18.066389391786142,-65.27402922213447,-44.54806,1,0,1,0.8014
2.0913001000881195,14639.100700616837,18.06636393022941,-65.27403188547055,-44.232666,1,0,1,1.1168
2.091600090265274,14641.200631856918,18.066344842000326,-65.27403392558794,-44.353016,1,0,1,0.9964
2.092400074005127,14646.800518035889,18.06629392056911,-65.27403934797842,-44.52222,1,0,1,0.8272
2.0932000875473022,14652.400612831116,18.066242976773022,-65.27404477503804,-44.736977,1,0,1,0.6125
2.093300104141236,14653.100728988647,18.0662365955693,-65.27404540931728,-44.394176,1,0,1,0.9553
2.094400107860565,14660.800755023956,18.066166520462144,-65.27405291947295,-45.13142,1,0,1,0.218
2.096500098705292,14675.500690937042,18.066032553554663,-65.27406697236233,-44.363194,1,0,1,0.9863
2.0968000888824463,14677.600622177124,18.066013413072422,-65.27406902088498,-44.628494,1,0,1,0.721
2.0982000827789307,14687.400579452516,18.065924008446785,-65.27407842696691,-44.70447,1,0,1,0.645
2.098700076341629,14690.900534391403,18.065892064412097,-65.27408179744313,-44.882744,1,0,1,0.4667
2.0993000864982605,14695.100605487823,18.065853702754712,-65.27408577582395,-44.584347,1,0,1,0.7651
2.1005001068115234,14703.500747680664,18.06577697718173,-65.27409387488339,-45.336018,1,0,1,0.0134
2.102400094270706,14716.800659894943,18.06565535324884,-65.27410650021149,-45.32899,1,0,1,0.0205
2.103300094604492,14723.100662231443,18.065597679884217,-65.27411238657027,-44.749115,1,0,1,0.6003
2.104900062084198,14734.300434589386,18.065495240645934,-65.2741229794221,-44.32899,1,0,1,1.0205
2.10600009560585,14742.000669240952,18.06542454067111,-65.2741301294311,-44.626804,1,0,1,0.7226
2.107200115919113,14750.400811433792,18.065347387729133,-65.27413792911896,-45.169567,1,0,1,0.1799
2.107500106096268,14752.500742673874,18.065328086989027,-65.27413983760755,-44.99078,1,0,1,0.3587
2.1076000928878784,14753.200650215147,18.065321659929925,-65.27414049896163,-45.14569,1,0,1,0.2038
2.1083000898361206,14758.100628852844,18.06527483360769,-65.27413754210902,17.363258,0,0,0,62.7127
2.108900099992752,14762.300699949265,18.06523802499027,-65.27414883987647,-45.1076,1,0,1,0.2418
2.108900099992752,14762.300699949265,18.065238019209747,-65.27414881607666,-44.907963,1,0,1,0.4415
2.1092000901699066,14764.400631189346,18.065218730159312,-65.27415079134185,-45.34938,1,0,1,0.0001
2.1092000901699066,14764.400631189346,18.065219193380766,-65.2741527158452,-61.488937,0,0,0,-16.1395
2.110000103712082,14770.000725984572,18.06516723458148,-65.27415583607456,-44.697983,1,0,1,0.6515
2.1102001070976257,14771.40074968338,18.06515438019476,-65.27415717804703,-45.221237,1,0,1,0.1282
2.1104001104831696,14772.800773382189,18.065141503622407,-65.27415842854573,-44.980217,1,0,1,0.3692
2.111300110816956,14779.100775718687,18.06508358762549,-65.2741641639351,-44.83622,1,0,1,0.5132
2.1118000745773315,14782.60052204132,18.065051422619497,-65.27416737604338,-44.99349,1,0,1,0.356
2.1118000745773315,14782.60052204132,18.065051409268285,-65.2741673210684,-44.532345,1,0,1,0.8171
2.1123000979423523,14786.100685596466,18.065019242892674,-65.27417053527866,-44.714115,1,0,1,0.6353
2.1127000749111176,14788.900524377825,18.06499351721938,-65.27417311829284,-44.96483,1,0,1,0.3846
2.113300085067749,14793.100595474243,18.06495491218008,-65.2741769214798,-44.745743,1,0,1,0.6037
2.1137000918388367,14795.900642871857,18.06492918999061,-65.27417950504017,-45.00475,1,0,1,0.3447
2.1142001152038574,14799.400806427002,18.064897054213407,-65.27418279267971,-45.815308,1,0,1,-0.4659
2.114300101995468,14800.100713968275,18.06489059970766,-65.27418333052155,-44.974106,1,0,1,0.3753
2.114800065755844,14803.600460290909,18.06485845328483,-65.27418653515,-45.087284,1,0,1,0.2622
2.114800065755844,14803.600460290909,18.064858455331525,-65.27418654357818,-45.15798,1,0,1,0.1915
2.115100085735321,14805.700600147247,18.064839171879267,-65.27418848565694,-45.3826,1,0,1,-0.0332
2.1155000925064087,14808.50064754486,18.06481344648377,-65.27419099883814,-45.038815,1,0,1,0.3106
2.1157000958919525,14809.900671243668,18.06480059799773,-65.27419230823743,-45.307514,1,0,1,0.0419
2.116000086069107,14812.00060248375,18.064781330159267,-65.2741942809613,-45.780254,1,0,1,-0.4308
2.1161000728607178,14812.700510025024,18.064774903566665,-65.27419491740316,-45.760094,1,0,1,-0.4106
2.1163000762462616,14814.100533723831,18.064762041296905,-65.2741961580955,-45.446407,1,0,1,-0.097
2.116500109434128,14815.500766038896,18.064749169536643,-65.27419736316796,-44.830105,1,0,1,0.5193
2.117900103330612,14825.300723314283,18.064659249871163,-65.27420635670072,-45.13119,1,0,1,0.2183
2.118300080299377,14828.100562095642,18.06463356727733,-65.27420891187352,-45.06752,1,0,1,0.2819
2.11900007724762,14833.000540733336,18.06458864028028,-65.27421341461383,-45.177467,1,0,1,0.172
2.119300097227097,14835.100680589676,18.06456938266856,-65.27421531614267,-44.970627,1,0,1,0.3788
2.119700103998184,14837.90072798729,18.064543726709907,-65.27421791203265,-45.187344,1,0,1,0.1621
2.119900107383728,14839.300751686096,18.06453087924423,-65.27421912099258,-44.541985,1,0,1,0.8075
2.1200000941753387,14840.000659227371,18.06452389831586,-65.2742174071812,-24.774517,0,0,0,20.5749
2.1200000941753387,14840.000659227371,18.06452446565288,-65.2742197609941,-44.51621,1,0,1,0.8332
2.120500087738037,14843.50061416626,18.06449241325633,-65.27422301876078,-44.84923,1,0,1,0.5002
2.1211000978946686,14847.70068526268,18.0644539450638,-65.274226860641,-44.637413,1,0,1,0.712
2.1213001012802124,14849.100708961489,18.064441123897176,-65.27422813525865,-44.505016,1,0,1,0.8444
2.121400088071823,14849.800616502762,18.064434722629287,-65.27422880454145,-44.70564,1,0,1,0.6438
2.122300088405609,14856.100618839264,18.06437800189392,-65.2742384916201,-77.16111,0,0,0,-31.8117
2.12240007519722,14856.80052638054,18.064370672676368,-65.27423528849388,-44.869164,1,0,1,0.4803
2.122500091791153,14857.50064253807,18.06436426452432,-65.27423591979145,-44.732433,1,0,1,0.617
2.123600095510483,14865.20066857338,18.06429385187683,-65.2742430244124,-44.472816,1,0,1,0.8766
2.1238000988960266,14866.600692272186,18.064281060944555,-65.27424434216492,-44.62117,1,0,1,0.7283
2.1238000988960266,14866.600692272186,18.064281067463835,-65.27424436901481,-44.846405,1,0,1,0.503
2.1252000629901886,14876.40044093132,18.0641914254155,-65.27425344291628,-44.751217,1,0,1,0.5982
2.12730011343956,14891.10079407692,18.064057675577228,-65.27426733393277,-44.854073,1,0,1,0.4954
2.127500116825104,14892.500817775726,18.064044956406256,-65.27426870326569,-45.21127,1,0,1,0.1382
2.127700120210648,14893.900841474531,18.064032217932454,-65.27426998772509,-44.849483,1,0,1,0.5
2.1278001070022583,14894.600749015808,18.064025855854823,-65.27427065363126,-44.86539,1,0,1,0.4841
2.1293000876903534,14905.100613832474,18.063930443518856,-65.2742806362876,-44.83712,1,0,1,0.5123
2.1304000914096832,14912.800639867784,18.063860508811835,-65.27428797010997,-44.688652,1,0,1,0.6608
2.1305001080036163,14913.500756025314,18.06385416209719,-65.2742886818125,-45.042137,1,0,1,0.3073
2.130600094795227,14914.20066356659,18.063847816816235,-65.27428939073548,-45.37243,1,0,1,-0.023
2.131100118160248,14917.700827121736,18.06381602664698,-65.27429268716766,-44.914066,1,0,1,0.4354
2.13140007853508,14919.80054974556,18.06379696708401,-65.27429470350995,-44.946922,1,0,1,0.4025
2.1317000687122345,14921.90048098564,18.06377790698119,-65.27429672101063,-44.974686,1,0,1,0.3748
2.132100075483322,14924.700528383257,18.06375248261233,-65.2742993651661,-44.606064,1,0,1,0.7434
2.1327000856399536,14928.900599479675,18.063714356014568,-65.2743033613644,-44.26318,1,0,1,1.0863
2.133800119161606,14936.60083413124,18.063644490141343,-65.27431080543073,-44.49984,1,0,1,0.8496
2.134300112724304,14940.10078907013,18.063612737047738,-65.27431419614439,-44.61948,1,0,1,0.73
2.1346000730991364,14942.200511693954,18.06359369102193,-65.27431624519672,-44.80244,1,0,1,0.547
2.13480007648468,14943.60053539276,18.063580977293046,-65.27431755217684,-44.42192,1,0,1,0.9275
2.1358000934124,14950.600653886797,18.06351747303484,-65.27432436225011,-44.76662,1,0,1,0.5828
2.136000096797943,14952.000677585602,18.06350488352353,-65.27432619462324,-48.768017,1,0,0,-3.4186
2.1366001069545746,14956.200748682022,18.063466663755868,-65.27432980684449,-44.94669,1,0,1,0.4028
2.1367000937461853,14956.900656223295,18.06346030878879,-65.27433046947559,-44.815773,1,0,1,0.5337
2.13700008392334,14959.00058746338,18.06344124746257,-65.27433248283742,-44.630302,1,0,1,0.7191
2.1377001106739044,14963.900774717333,18.06339676789289,-65.27433719920363,-44.32471,1,0,1,1.0247
2.138400077819824,14968.80054473877,18.063352316679023,-65.27434204606946,-45.0858,1,0,1,0.2636
2.138400077819824,14968.80054473877,18.06335230976262,-65.2743420175925,-44.84692,1,0,1,0.5025
2.1391000747680664,14973.700523376465,18.063307824933133,-65.27434676928992,-44.78169,1,0,1,0.5678
2.1399000883102417,14979.300618171692,18.063256983996144,-65.27435224837288,-45.08816,1,0,1,0.2613
2.140900105237961,14986.300736665726,18.06319340207388,-65.27435905409675,-45.082733,1,0,1,0.2667
2.1421000957489014,14994.70067024231,18.063117076745577,-65.27436724031816,-45.221367,1,0,1,0.1281
2.1429001092910767,15000.300765037537,18.063066174057184,-65.2743727164331,-45.469875,1,0,1,-0.1204
2.143000096082688,15001.000672578812,18.063059776596337,-65.27437325988386,-44.31903,1,0,1,1.0304
2.1447000801563263,15012.900561094284,18.06295168508012,-65.2743847879595,-44.188354,1,0,1,1.1611
2.1454000771045685,15017.80053973198,18.062906999950567,-65.2743896063571,-44.56779,1,0,1,0.7817
2.1479000747203827,15035.30052304268,18.06274723037372,-65.27440658648723,-44.266018,1,0,1,1.0834
2.1490000784397125,15043.000549077988,18.06267689433316,-65.27441413149016,-44.9275,1,0,1,0.4219
2.149300098419189,15045.100688934326,18.062657783983084,-65.27441652155092,-47.91573,1,0,0,-2.5663
2.1494000852108,15045.8005964756,18.0626513096692,-65.27441687429729,-45.193676,1,0,1,0.1558
2.1501001119613647,15050.700783729551,18.06260651336564,-65.27442161902611,-45.242023,1,0,1,0.1074
2.15160009264946,15061.20064854622,18.062510478950927,-65.27443172753705,-45.074726,1,0,1,0.2747
2.151800096035004,15062.600672245026,18.06249766933349,-65.27443306871255,-45.020622,1,0,1,0.3288
2.1519000828266144,15063.3005797863,18.0624912730914,-65.27443377152937,-45.266987,1,0,1,0.0825
2.152100086212158,15064.700603485107,18.06247845406628,-65.27443507787018,-44.929672,1,0,1,0.4198
2.152200102806092,15065.40071964264,18.06247204929096,-65.27443575550703,-44.96768,1,0,1,0.3818
2.152300089597702,15066.100627183914,18.062465645608857,-65.27443643019147,-44.984146,1,0,1,0.3653
2.153000086545944,15071.00060582161,18.0624208135426,-65.27444116744479,-45.25947,1,0,1,0.09
2.154400110244751,15080.800771713257,18.062331116721342,-65.27445058471493,-45.568787,1,0,1,-0.2193
2.155200093984604,15086.400657892227,18.062279852596067,-65.27445595269545,-45.78641,1,0,1,-0.437
2.156000107526779,15092.000752687454,18.062228564784096,-65.27446124587975,-45.489014,1,0,1,-0.1396
2.15720009803772,15100.400686264038,18.06215164927628,-65.27446925674553,-45.860634,1,0,0,-0.5112
2.157300114631653,15101.10080242157,18.06214522956978,-65.27446988764666,-45.59511,1,0,1,-0.2457
2.158700078725815,15110.900551080704,18.0620554726368,-65.2744791283524,-45.513157,1,0,1,-0.1637
2.158700078725815,15110.900551080704,18.06205546717382,-65.27447910585904,-45.32448,1,0,1,0.025
2.158900082111358,15112.30057477951,18.06204263441189,-65.27448038315566,-44.983448,1,0,1,0.366
2.159400075674057,15115.8005297184,18.06201057145454,-65.27448364624298,-44.75062,1,0,1,0.5988
2.159400075674057,15115.8005297184,18.06201058795164,-65.27448371416918,-45.320393,1,0,1,0.0291
2.161200076341629,15128.400534391403,18.061895192446904,-65.27449552813906,-45.430267,1,0,1,-0.0808
2.1620000898838043,15134.00062918663,18.061843885788065,-65.27450065606921,-44.6411,1,0,1,0.7083
2.1627000868320465,15138.900607824326,18.061799023463585,-65.27450523791491,-44.842056,1,0,1,0.5074
2.1637001037597656,15145.90072631836,18.06173511426784,-65.27451248609,-51.16909,1,0,0,-5.8196
2.1641001105308533,15148.700773715973,18.061709294996103,-65.27451430198992,-44.66231,1,0,1,0.6871
2.164300113916397,15150.10079741478,18.061696476869525,-65.27451558710264,-44.581615,1,0,1,0.7678
2.164800077676773,15153.600543737411,18.06166438188808,-65.27451894568074,-44.83376,1,0,1,0.5157
2.16510009765625,15155.70068359375,18.061645177373794,-65.27452085451775,-44.800507,1,0,1,0.5489
2.165700078010559,15159.900546073914,18.06160677746279,-65.27452467315004,-44.78501,1,0,1,0.5644
2.166700094938278,15166.900664567947,18.06154278831828,-65.274531034836,-44.838867,1,0,1,0.5106
2.1682000756263733,15177.400529384611,18.061446842474982,-65.27454058368062,-45.170567,1,0,1,0.1789
2.169800102710724,15188.600718975067,18.06134547320277,-65.27455464910976,-78.230804,0,0,0,-32.8814
2.1703000962734222,15192.100673913956,18.06131400408446,-65.27455987180275,-95.519936,0,0,0,-50.1705
2.170400112867356,15192.800790071487,18.061306177599167,-65.27455455273142,-45.60794,1,0,1,-0.2585
2.170400112867356,15192.800790071487,18.061306139846543,-65.27455439727402,-44.303898,1,0,1,1.0456
2.170800119638443,15195.6008374691,18.06128057835147,-65.27455696065346,-44.594795,1,0,1,0.7547
2.1709001064300537,15196.300745010376,18.06127417542779,-65.27455754426762,-44.188305,1,0,1,1.1611
2.171200066804886,15198.4004676342,18.06125502685609,-65.27455953937874,-45.017628,1,0,1,0.3318
2.172200083732605,15205.400586128237,18.061191127431048,-65.27456590028311,-45.33555,1,0,1,0.0139
2.172400087118149,15206.800609827042,18.061178305493,-65.2745669925836,-43.886757,1,0,1,1.4627
2.173600107431412,15215.200752019882,18.06110166308704,-65.27457469385767,-44.778812,1,0,1,0.5706
2.173800110816956,15216.600775718687,18.061088879652303,-65.27457593049562,-44.525436,1,0,1,0.824
2.1739000976085663,15217.300683259964,18.06108249073378,-65.27457655562341,-44.45556,1,0,1,0.8939
2.174200117588043,15219.400823116302,18.06106332256289,-65.27457843848882,-44.300865,1,0,1,1.0486
2.17480006814003,15223.60047698021,18.06102501066335,-65.27458226891368,-44.515926,1,0,1,0.8335
2.1753000915050507,15227.100640535356,18.06099307591036,-65.27458543329185,-44.43357,1,0,1,0.9159
2.1757000982761383,15229.900687932968,18.060967537058577,-65.2745879918002,-44.575653,1,0,1,0.7738
2.176000088453293,15232.00061917305,18.060945562268447,-65.27457819304531,53.60735,0,0,0,98.9568
2.1762000918388367,15233.400642871857,18.060935603758107,-65.27459113732593,-44.286797,1,0,1,1.0627
2.1762000918388367,15233.400642871857,18.060935611649743,-65.27459116982087,-44.559387,1,0,1,0.7901
2.1762000918388367,15233.400642871857,18.060935611070203,-65.27459116743455,-44.53937,1,0,1,0.8101
2.1763001084327698,15234.100759029388,18.06092923076089,-65.27459182648016,-44.728134,1,0,1,0.6213
2.176900088787079,15238.300621509552,18.060890919066683,-65.27459561909914,-44.48367,1,0,1,0.8658
2.1784000992774963,15248.800694942474,18.06079517521901,-65.27460521911897,-44.637234,1,0,1,0.7122
2.178700089454651,15250.900626182556,18.060776029090626,-65.27460714052089,-44.637974,1,0,1,0.7115
2.178700089454651,15250.900626182556,18.06077604625829,-65.27460721120957,-45.230965,1,0,1,0.1185
2.178700089454651,15250.900626182556,18.060776024538686,-65.27460712177808,-44.480743,1,0,1,0.8687
2.1793000996112823,15255.100697278976,18.0607377431232,-65.27461101227563,-44.83504,1,0,1,0.5144
2.1801001131534576,15260.700792074203,18.06068668618221,-65.2746161291415,-44.61727,1,0,1,0.7322
2.1802000999450684,15261.40069961548,18.06068029991393,-65.27461674709568,-44.40096,1,0,1,0.9485
2.1808001101017,15265.6007707119,18.060642028385782,-65.2746206666401,-44.835484,1,0,1,0.514
2.1808001101017,15265.6007707119,18.06064203221655,-65.27462068241313,-44.9678,1,0,1,0.3816
2.1817000806331635,15271.900564432144,18.06058461703181,-65.27462651308169,-45.08265,1,0,1,0.2668
2.1834000945091248,15283.800661563871,18.060476171421005,-65.27463756508303,-45.170296,1,0,1,0.1792
2.183500111103058,15284.500777721403,18.060469782398147,-65.27463817917719,-44.853615,1,0,1,0.4958
2.1842001080513,15289.4007563591,18.06042514638088,-65.27464280728124,-45.347584,1,0,1,0.0019
2.1856001019477844,15299.200713634493,18.060335839008943,-65.27465189518382,-44.90932,1,0,1,0.4401
2.185900092124939,15301.300644874573,18.06031671509989,-65.27465394195431,-45.270866,1,0,1,0.0786
2.185900092124939,15301.300644874573,18.06031670271946,-65.27465389098103,-44.843254,1,0,1,0.5062
2.187000095844269,15309.000670909882,18.0602465472381,-65.27466127721554,-45.028603,1,0,1,0.3208
2.187100112438202,15309.700787067412,18.06024015681965,-65.27466190199337,-44.64227,1,0,1,0.7072
2.1873001158237457,15311.10081076622,18.06022740975276,-65.27466328309453,-44.96984,1,0,1,0.3796
2.187700092792511,15313.900649547577,18.060201889954094,-65.2746659337805,-44.67195,1,0,1,0.6775
2.188000082969665,15316.00058078766,18.060182760984187,-65.27466797054502,-44.84097,1,0,1,0.5085
2.188100069761276,15316.700488328934,18.060176390566056,-65.27466867148308,-45.07962,1,0,1,0.2698
2.189600110054016,15327.200770378113,18.06008072443985,-65.274678821522,-45.433094,1,0,1,-0.0836
2.190200120210648,15331.400841474531,18.06004244339649,-65.2746828327409,-45.093098,1,0,1,0.2564
2.1908001005649567,15335.600703954697,18.060004161545443,-65.2746868403569,-44.691105,1,0,1,0.6583
2.1908001005649567,15335.600703954697,18.060004158740004,-65.27468682880664,-44.59421,1,0,1,0.7552
2.1915000677108765,15340.500473976135,18.05995953432032,-65.27469166708403,-45.455727,1,0,1,-0.1063
2.1915000677108765,15340.500473976135,18.0599595098638,-65.27469156639437,-44.611057,1,0,1,0.7384
2.192500084638596,15347.500592470167,18.059895708468847,-65.27469829987623,-44.292656,1,0,1,1.0568
2.1929000914096832,15350.300639867784,18.059870199644724,-65.27470104784557,-44.611786,1,0,1,0.7377
2.193100094795227,15351.70066356659,18.0598574408451,-65.2747024051491,-44.62978,1,0,1,0.7197
2.1937001049518585,15355.90073466301,18.05981916887792,-65.27470650086005,-44.879265,1,0,1,0.4702
2.1939001083374023,15357.300758361816,18.05980638353933,-65.27470775260957,-44.009678,1,0,1,1.3398
2.194000095129013,15358.000665903091,18.05980001634698,-65.27470847970748,-44.424847,1,0,1,0.9246
2.1944000720977783,15360.800504684448,18.059774492285623,-65.27471117081542,-44.26148,1,0,1,1.088
2.19500008225441,15365.000575780869,18.05973622437636,-65.27471530135755,-44.8053,1,0,1,0.5441
2.195500075817108,15368.500530719755,18.059704323090788,-65.27471869938638,-44.89628,1,0,1,0.4532
2.196900099515915,15378.300696611404,18.0596150726621,-65.2747285647559,-48.149654,1,0,0,-2.8002
2.197200119495392,15380.400836467745,18.05959586078627,-65.27473032080592,-45.860798,1,0,0,-0.5113
2.198200076818466,15387.400537729263,18.05953200833942,-65.27473695893799,-44.86634,1,0,1,0.4831
2.1992000937461853,15394.400656223295,18.05946817633048,-65.27474371890881,-44.987274,1,0,1,0.3622
2.1995001137256622,15396.500796079636,18.05944902071579,-65.27474573033128,-44.90553,1,0,1,0.4439
2.1999000906944275,15399.300634860992,18.059423483165613,-65.27474841522528,-44.84163,1,0,1,0.5078
2.200300097465515,15402.100682258606,18.05939794187868,-65.27475109606289,-44.762657,1,0,1,0.5868
2.200600117444992,15404.200822114944,18.059378797648147,-65.27475316114553,-45.1736,1,0,1,0.1758
2.200600117444992,15404.200822114944,18.059378789937625,-65.2747531294017,-44.907314,1,0,1,0.4421
2.200700104236603,15404.90072965622,18.0593723992798,-65.27475377473417,-44.68726,1,0,1,0.6622
2.2028000950813293,15419.600665569304,18.059238299465587,-65.27476787172581,-44.97559,1,0,1,0.3739
2.2029001116752625,15420.300781726835,18.059231907051725,-65.27476852197925,-44.829933,1,0,1,0.5195
2.2040001153945923,15428.000807762146,18.05916176978899,-65.27477638475317,-49.308823,1,0,0,-3.9594
2.204100102186203,15428.70071530342,18.059155247364224,-65.27477648508297,-44.574978,1,0,1,0.7745
2.2045000791549683,15431.500554084778,18.059129714487668,-65.27477924064134,-44.532227,1,0,1,0.8172
2.204900085926056,15434.300601482391,18.05910417359531,-65.27478195113366,-45.24743,1,0,1,0.102
2.205000102519989,15435.000717639923,18.05909808450812,-65.2747838696096,-55.83583,1,0,0,-10.4864
2.205900102853775,15441.300719976423,18.05904026342624,-65.27478849905079,-45.253216,1,0,1,0.0962
2.2060000896453857,15442.0006275177,18.059033860815283,-65.2747891028632,-44.837254,1,0,1,0.5122
2.2063001096248627,15444.10076737404,18.059014800970274,-65.27479154908241,-48.92039,1,0,0,-3.5709
2.207100123167038,15449.700862169266,18.058963540620496,-65.27479624884191,-44.600094,1,0,1,0.7494
2.208400100469589,15458.800703287125,18.05888044394929,-65.27480473285681,-44.921413,1,0,1,0.428
2.2093001008033752,15465.100705623629,18.05882289657138,-65.27481054344655,-44.77747,1,0,1,0.572
2.2103001177310944,15472.10082411766,18.058758959262907,-65.27481703054895,-45.020435,1,0,1,0.329
2.2108001112937927,15475.600779056547,18.058726994703992,-65.27482028987411,-45.328514,1,0,1,0.0209
2.212500095367432,15487.50066757202,18.058618249688845,-65.27483111621305,-44.473,1,0,1,0.8764
2.2137001156806946,15495.900809764862,18.05854150011202,-65.27483882319434,-44.606052,1,0,1,0.7434
2.2139001190662384,15497.300833463669,18.05852871547496,-65.27484013683808,-44.886196,1,0,1,0.4633
2.214200109243393,15499.40076470375,18.058509514060344,-65.27484200279258,-44.43702,1,0,1,0.9124
2.215400099754333,15507.800698280334,18.05843275913436,-65.27484968554234,-44.545498,1,0,1,0.804
2.215500086545944,15508.50060582161,18.0584263796215,-65.2748503913506,-45.109856,1,0,1,0.2396
2.216700106859207,15516.90074801445,18.058349608603507,-65.27485801641976,-44.830475,1,0,1,0.519
2.217200100421905,15520.40070295334,18.058317645282983,-65.27486129041606,-45.546997,1,0,1,0.0564
2.2174001038074493,15521.800726652144,18.058304837955,-65.27486251092348,-45.088352,1,0,1,0.515
2.2176000773906708,15523.200541734695,18.05829205243321,-65.27486381307796,-45.317432,1,0,1,0.286
2.218400090932846,15528.800636529922,18.05824088435965,-65.27486894599946,-45.60156,1,0,1,0.0018
2.21860009431839,15530.20066022873,18.05822808429295,-65.2748701956984,-45.392956,1,0,1,0.2104
2.2191000878810883,15533.700615167618,18.058196099930782,-65.27487338028806,-45.379868,1,0,1,0.2235
2.219500094652176,15536.500662565231,18.058170508475143,-65.27487591403305,-45.252274,1,0,1,0.3511
2.2200000882148743,15540.00061750412,18.058138522325656,-65.2748790890872,-45.15831,1,0,1,0.4451
2.2202001214027405,15541.400849819183,18.0581257379888,-65.27488041003618,-45.545216,1,0,1,0.0582
2.2225000858306885,15557.50060081482,18.057978592627467,-65.27489495224273,-44.494022,1,0,1,1.1094
2.222900092601776,15560.300648212433,18.057953005370365,-65.27489749371098,-44.391052,1,0,1,1.2123
2.223200112581253,15562.400788068771,18.057933826282504,-65.2748994496004,-44.72455,1,0,1,0.8788
2.2242000699043274,15569.400489330292,18.05786987212085,-65.2749058353075,-44.674892,1,0,1,0.9285
2.2242000699043274,15569.400489330292,18.05787039915552,-65.27490802238381,-63.019344,0,0,0,-17.416
2.22530010342598,15577.100723981855,18.05779953003897,-65.27491289136653,-44.82209,1,0,1,0.7813
2.22650009393692,15585.50065755844,18.05772279403797,-65.27492058685726,-44.7518,1,0,1,0.8516
2.226700097322464,15586.900681257248,18.057710009686144,-65.2749218894075,-44.893047,1,0,1,0.7103
2.226900100708008,15588.300704956057,18.057697214771448,-65.27492314792003,-44.66053,1,0,1,0.9429
2.227400124073029,15591.8008685112,18.057665247556056,-65.27492637838523,-44.765217,1,0,1,0.8382
2.227400124073029,15591.8008685112,18.05766524123345,-65.2749263523553,-44.54684,1,0,1,1.0565
2.227600067853928,15593.200474977491,18.057652445974373,-65.27492759138035,-44.13828,1,0,1,1.4651
2.227600067853928,15593.200474977491,18.05765246683364,-65.27492767725721,-44.85873,1,0,1,0.7447
2.228000074625016,15596.000522375109,18.057626879939555,-65.27493020059593,-44.40097,1,0,1,1.2024
2.2286000847816467,15600.200593471527,18.057588526578147,-65.27493409211331,-44.571407,1,0,1,1.032
2.2288000881671906,15601.600617170334,18.057575748110416,-65.2749354126815,-44.814484,1,0,1,0.7889
2.2290000915527344,15603.00064086914,18.05756296850632,-65.27493672793466,-45.007847,1,0,1,0.5955
2.229400098323822,15605.800688266754,18.05753738425948,-65.27493925372187,-44.500343,1,0,1,1.103
2.2295000851154327,15606.50059580803,18.057531012129505,-65.27493997919191,-45.159794,1,0,1,0.4436
2.2302001118659973,15611.40078306198,18.057486240525414,-65.2749443986756,-44.204662,1,0,1,1.3987
2.230500102043152,15613.500714302065,18.057467086423785,-65.27494642331176,-44.871246,1,0,1,0.7321
2.230700105428696,15614.90073800087,18.05745430799107,-65.27494773770029,-45.011356,1,0,1,0.592
2.2313000857830048,15619.100600481032,18.05741596012325,-65.27495161687077,-44.862198,1,0,1,0.7412
2.231800079345703,15622.600555419922,18.057384054371173,-65.27495505644677,-46.433533,1,0,0,-0.8301
2.23320010304451,15632.40072131157,18.057294560543085,-65.27496402510745,-45.07758,1,0,1,0.5258
2.233500123023987,15634.500861167908,18.05727539802522,-65.27496600680705,-45.249527,1,0,1,0.3539
2.233600109815597,15635.200768709185,18.057269006759647,-65.27496664616173,-45.1269,1,0,1,0.4765
2.233900099992752,15637.300699949265,18.05724982857199,-65.27496855304277,-44.654297,1,0,1,0.9491
2.2342000901699066,15639.400631189346,18.057230680553,-65.27497058241059,-45.19535,1,0,1,0.408
2.234800100326538,15643.600702285768,18.057192366514627,-65.27497457021248,-45.638634,1,0,1,-0.0352
2.235700100660324,15649.900704622269,18.05713487774308,-65.27498046147898,-45.440277,1,0,1,0.1631
2.2362000942230225,15653.400659561155,18.057102943963194,-65.27498374406375,-45.35671,1,0,1,0.2467
2.236300110816956,15654.100775718687,18.05709657710476,-65.27498448673389,-46.0571,1,0,1,-0.4537
2.238600105047226,15670.200735330582,18.056949701016784,-65.27499960602323,-45.299202,1,0,1,0.3042
2.2407000958919525,15684.900671243668,18.05681372288569,-65.27500554712259,22.044273,0,0,0,67.5431
2.2407000958919525,15684.900671243668,18.05681565628602,-65.27501356709926,-45.228123,1,0,1,0.2707
2.2423000931739807,15696.100652217863,18.056714544445303,-65.27502837469927,-79.74294,0,0,0,-34.2441
2.245700091123581,15719.900637865068,18.056496643959413,-65.27504710195072,-45.322624,1,0,1,0.1762
2.2459000945091248,15721.300661563871,18.05648389380737,-65.27504846773414,-45.377945,1,0,1,0.1209
2.246500104665756,15725.500732660294,18.05644563715278,-65.27505253694144,-45.289734,1,0,1,0.2091
2.247600078582764,15733.200550079346,18.05637551746246,-65.27506004716618,-45.492752,1,0,1,0.0061
2.2478000819683075,15734.600573778152,18.056362762268627,-65.27506138834035,-45.31897,1,0,1,0.1798
2.2481001019477844,15736.700713634493,18.05634362719772,-65.2750633941534,-45.004852,1,0,1,0.494
2.250600099563598,15754.20069694519,18.05618425961245,-65.27508042139323,-44.96603,1,0,1,0.5328
2.250700116157532,15754.900813102722,18.056177887615448,-65.27508111769507,-45.092033,1,0,1,0.4068
2.250900089740753,15756.300628185272,18.056165146920087,-65.27508250779913,-45.327274,1,0,1,0.1715
2.2514000833034515,15759.80058312416,18.05613326607231,-65.275085879196,-45.046303,1,0,1,0.4525
2.252200096845627,15765.400677919388,18.056082268673247,-65.27509132969719,-45.089592,1,0,1,0.4092
2.252700090408325,15768.900632858276,18.056050373093427,-65.27509464127513,-44.33852,1,0,1,1.1603
2.2534001171588898,15773.800820112228,18.056005759070786,-65.27509945228935,-44.780083,1,0,1,0.7187
2.253900110721588,15777.300775051115,18.05597389174577,-65.275102882501,-45.068417,1,0,1,0.4304
2.254500091075897,15781.50063753128,18.055935637590323,-65.27510694238268,-44.97197,1,0,1,0.5268
2.254800081253052,15783.600568771362,18.0559165138787,-65.27510898733516,-45.06297,1,0,1,0.4358
2.2560001015663147,15792.000710964205,18.05584000787067,-65.27511714314196,-45.322113,1,0,1,0.1767
2.2573001086711884,15801.100760698318,18.0557571087814,-65.27512591744183,-45.29535,1,0,1,0.2035
2.258400082588196,15808.80057811737,18.05568459564556,-65.2751235241423,36.883434,0,0,0,82.3823
2.258500099182129,15809.500694274902,18.05568056523287,-65.27513394193448,-44.859814,1,0,1,0.639
2.259700089693069,15817.900627851486,18.05560400574305,-65.27514191919295,-44.25864,1,0,1,1.2402
2.2623001039028168,15836.100727319716,18.055438143116007,-65.27515935284252,-45.08433,1,0,1,0.4145
2.2624000906944275,15836.800634860992,18.055431759764584,-65.27516000524142,-44.990116,1,0,1,0.5087
2.2627001106739044,15838.900774717333,18.055412607412904,-65.2751619700233,-44.779392,1,0,1,0.7194
2.2631000876426697,15841.700613498688,18.05538708646582,-65.27516464265763,-44.97243,1,0,1,0.5264
2.265900105237961,15861.300736665726,18.05520835714437,-65.27518313121949,-45.324226,1,0,1,0.1746
2.2665001153945923,15865.500807762146,18.055170004746763,-65.27518693971423,-44.735966,1,0,1,0.7629
2.269200086593628,15884.400606155396,18.05499749611883,-65.2752044332412,-45.78324,1,0,1,-0.2844
2.270400106906891,15892.800748348236,18.05492079270465,-65.27521210485217,-45.689457,1,0,1,-0.1906
2.2706001102924347,15894.200772047045,18.054908134718907,-65.2752139114042,-50.116093,1,0,0,-4.6173
2.271900087594986,15903.300613164902,18.054824896073544,-65.27522162420894,-45.183857,1,0,1,0.315
2.272500097751617,15907.500684261322,18.054786531697086,-65.27522541584764,-44.893597,1,0,1,0.6052
2.2742000818252563,15919.400572776794,18.054677852465108,-65.27523623211634,-44.78912,1,0,1,0.7097
2.274500072002411,15921.500504016876,18.05465869034407,-65.27523820756869,-45.340958,1,0,1,0.1579
2.274500072002411,15921.500504016876,18.054659492909792,-65.27524153686645,-73.266556,0,0,0,-27.7677
2.27550008893013,15928.50062251091,18.05459476613909,-65.27524459604109,-45.54098,1,0,1,-0.0422
2.276400089263916,15934.800624847412,18.05453721290601,-65.27525025102582,-44.92987,1,0,1,0.5689
2.2766001224517822,15936.200857162476,18.05452444582877,-65.27525160892104,-45.64047,1,0,1,-0.1417
2.276700109243393,15936.90076470375,18.05451803995421,-65.27525218783549,-45.157875,1,0,1,0.3409
2.279000103473664,15953.000724315643,18.054371391092324,-65.2752684096672,-58.338417,0,0,0,-12.8396
2.279800117015838,15958.60081911087,18.054319867560345,-65.27527190335519,-44.840237,1,0,1,0.6586
2.280100107192993,15960.700750350952,18.054300697157668,-65.27527383603774,-44.990055,1,0,1,0.5088
2.2807000875473022,15964.900612831116,18.05426235466463,-65.27527769150888,-45.18724,1,0,1,0.3116
2.2807000875473022,15964.900612831116,18.05426235829861,-65.27527770646613,-45.312725,1,0,1,0.1861
2.2816000878810883,15971.200615167618,18.05420483849269,-65.2752834664005,-45.357536,1,0,1,0.1413
2.2816000878810883,15971.200615167618,18.05420483601152,-65.27528345618816,-45.27186,1,0,1,0.227
2.2817001044750214,15971.90073132515,18.05419844458376,-65.27528409876157,-45.293274,1,0,1,0.2055
2.282300114631653,15976.10080242157,18.05416008771974,-65.2752878938403,-44.900738,1,0,1,0.5981
2.2825000882148743,15977.50061750412,18.054147313481835,-65.27528919687026,-45.08269,1,0,1,0.4161
2.283200114965439,15982.400804758072,18.05410258050713,-65.2752936913127,-45.126328,1,0,1,0.3725
2.2836001217365265,15985.200852155684,18.05407701806192,-65.27529625172173,-45.063,1,0,1,0.4358
2.2841000854969025,15988.700598478315,18.05404506434411,-65.27529943505667,-44.817673,1,0,1,0.6811
2.2843000888824463,15990.100622177124,18.054032298283715,-65.27530077595017,-45.27758,1,0,1,0.2212
2.2851001024246216,15995.700716972353,18.05398115877109,-65.27530585285176,-45.29742,1,0,1,0.2014
2.2851001024246216,15995.700716972353,18.05398114217911,-65.27530578456118,-44.724476,1,0,1,0.7743
2.2852000892162323,15996.400624513626,18.05397475583861,-65.27530643308407,-44.685192,1,0,1,0.8136
2.285400092601776,15997.800648212433,18.05396200131388,-65.27530781257666,-45.293354,1,0,1,0.2055
2.287200093269348,16010.400652885435,18.0538470386516,-65.27531949526737,-44.433666,1,0,1,1.0652
2.289400100708008,16025.800704956057,18.053706596182845,-65.27533401835483,-45.047432,1,0,1,0.4514
2.290700078010559,16034.900546073914,18.053623597725394,-65.2753425405103,-44.763428,1,0,1,0.7354
2.2920000851154327,16044.00059580803,18.05354074593449,-65.27535167891705,-49.57263,1,0,0,-4.0738
2.294800102710724,16063.600718975067,18.05336187522916,-65.27536960958506,-45.12395,1,0,1,0.3749
2.2949000895023346,16064.300626516342,18.053355485498138,-65.27537024100283,-44.890354,1,0,1,0.6085
2.2953000962734222,16067.100673913956,18.0533299621535,-65.27537292983536,-45.322773,1,0,1,0.176
2.295500099658966,16068.500697612762,18.05331718759449,-65.27537422165281,-45.09857,1,0,1,0.4002
2.296400099992752,16074.800699949265,18.053259739628967,-65.27538018958391,-45.399044,1,0,1,0.0998
2.297700077295304,16083.900541067123,18.053176719852576,-65.27538865694765,-44.592724,1,0,1,0.9061
2.298300087451935,16088.100612163544,18.05313841740173,-65.27539263686491,-44.844887,1,0,1,0.6539
2.298400104045868,16088.800728321075,18.053132012578367,-65.27539321794575,-44.197697,1,0,1,1.3011
2.2999001145362854,16099.300801753998,18.053037542349102,-65.27540852677602,-89.86749,0,0,0,-44.3687
2.302700102329254,16118.90071630478,18.052857410003146,-65.2754215034532,-44.63544,1,0,1,0.8634
2.305600106716156,16139.200747013092,18.05267213240717,-65.27544055345673,-45.168747,1,0,1,0.3301
2.305600106716156,16139.200747013092,18.05267213341163,-65.27544055759054,-45.20343,1,0,1,0.2954
2.3057000935077667,16139.900654554369,18.05266574847596,-65.27544121833034,-45.356003,1,0,1,0.1428
2.306400090456009,16144.800633192062,18.05262101173849,-65.27544570426433,-45.266796,1,0,1,0.232
2.307300090789795,16151.100635528564,18.05256350363165,-65.27545154480008,-45.796913,1,0,1,-0.2981
2.307300090789795,16151.100635528564,18.05256350126713,-65.27545153506892,-45.715267,1,0,1,-0.2164
2.3079001009464264,16155.300706624985,18.05252513229009,-65.27545532612895,-45.22181,1,0,1,0.277
2.310000121593476,16170.000851154327,18.05239086579253,-65.27546882802254,-45.48048,1,0,1,0.0183
2.311100095510483,16177.70066857338,18.052320732256977,-65.27547679933657,-53.13364,1,0,0,-7.6348
2.311200082302093,16178.400576114656,18.05231411232964,-65.27547651014169,-45.32331,1,0,1,0.1755
2.3114000856876373,16179.80059981346,18.05230131831399,-65.27547779362102,-45.31772,1,0,1,0.1811
2.3115001022815704,16180.500715970991,18.052294926169413,-65.27547846024844,-45.522247,1,0,1,-0.0234
2.312000095844269,16184.000670909882,18.05226294501733,-65.27548169383705,-45.706905,1,0,1,-0.2081
2.312000095844269,16184.000670909882,18.0522629382838,-65.27548166612517,-45.474396,1,0,1,0.0244
2.3126001060009003,16188.200742006302,18.05222454996992,-65.2754855255737,-45.500965,1,0,1,-0.0021
2.3140000700950623,16198.000490665436,18.0521349630973,-65.27549454108006,-45.549816,1,0,1,-0.051
2.3151001036167145,16205.700725317,18.05206455469459,-65.27550164876982,-45.663742,1,0,1,-0.1649
2.3159000873565674,16211.300611495972,18.05201333156495,-65.27550678449049,-45.386444,1,0,1,0.1124
2.3160001039505005,16212.000727653503,18.05200693625152,-65.27550746549389,-45.673065,1,0,1,-0.1742
2.316100090742111,16212.700635194778,18.052000514892484,-65.2755080318861,-44.998466,1,0,1,0.5004
2.3163001239299774,16214.100867509842,18.05198771296772,-65.27550935053236,-45.201782,1,0,1,0.297
2.316600114107132,16216.200798749924,18.051968506506483,-65.2755113023997,-45.281548,1,0,1,0.2173
2.3167001008987427,16216.9007062912,18.051962098968904,-65.27551192985224,-45.111603,1,0,1,0.3872
2.319200098514557,16234.400689601898,18.05180197212832,-65.27552814841316,-44.858795,1,0,1,0.64
2.3198001086711884,16238.600760698318,18.051763542701924,-65.27553210413102,-45.1878,1,0,1,0.311
2.320100098848343,16240.7006919384,18.051744304247983,-65.27553398799478,-44.542717,1,0,1,0.9561
2.320500075817108,16243.500530719755,18.05171995833801,-65.27554192085374,-89.136,0,0,0,-43.6372
2.320900082588196,16246.30057811737,18.05169307174272,-65.27553932742815,-45.398903,1,0,1,0.0999
2.321500092744828,16250.50064921379,18.051654611887013,-65.27554321503618,-44.98759,1,0,1,0.5112
2.322200089693069,16255.400627851486,18.051609762991355,-65.27554785656409,-45.319534,1,0,1,0.1793
2.32270011305809,16258.900791406631,18.051577719037088,-65.27555115708101,-45.37822,1,0,1,0.1206
2.32270011305809,16258.900791406631,18.051577894132127,-65.27555188639325,-51.495747,1,0,0,-5.9969
2.324400097131729,16270.800679922104,18.051468841844173,-65.27556222259635,-45.29062,1,0,1,0.2082
2.325700104236603,16279.90072965622,18.05138544001919,-65.27557100450412,-45.40042,1,0,1,0.0984
2.3263001143932343,16284.10080075264,18.05134694747089,-65.27557507827866,-45.532562,1,0,1,-0.0337
2.326600104570389,16286.200731992722,18.051327696274896,-65.27557709347843,-45.39819,1,0,1,0.1006
2.3278000950813293,16294.600665569304,18.051250699552263,-65.2755852047952,-45.168667,1,0,1,0.3302
2.32790008187294,16295.30057311058,18.051244288868904,-65.27558590135575,-45.315777,1,0,1,0.183
2.328000098466873,16296.000689268112,18.051237880077792,-65.27558661349714,-45.59092,1,0,1,-0.0921
2.3292000889778137,16304.400622844696,18.051160902193818,-65.27559479799083,-45.802433,1,0,1,-0.3036
2.330100119113922,16310.700833797457,18.05110314822004,-65.27560084484581,-45.12163,1,0,1,0.3772
2.3328000903129578,16329.600632190704,18.050929993404107,-65.27561921081663,-44.813828,1,0,1,0.685
2.3331001102924347,16331.700772047045,18.050910755029776,-65.2756212381088,-44.6655,1,0,1,0.8333
2.3331001102924347,16331.700772047045,18.050910747310173,-65.2756212063293,-44.398865,1,0,1,1.1
2.33460009098053,16342.200636863708,18.050814618207443,-65.2756314748538,-44.819332,1,0,1,0.6795
2.3362001180648804,16353.400826454164,18.0507121173462,-65.27564239106394,-45.107426,1,0,1,0.3914
2.336300104856491,16354.100733995438,18.050705702800325,-65.27564302762121,-44.750015,1,0,1,0.7488
2.336300104856491,16354.100733995438,18.050705699004904,-65.27564301199567,-44.618916,1,0,1,0.8799
2.336500108242035,16355.500757694244,18.05069290154104,-65.27564442076685,-45.043488,1,0,1,0.4553
2.3374000787734985,16361.80055141449,18.050635257526093,-65.27565046935403,-44.568916,1,0,1,0.9299
2.338200092315674,16367.400646209717,18.05058405031204,-65.27565591702954,-44.82258,1,0,1,0.6762
2.3384000957012177,16368.800669908524,18.050571237402263,-65.27565722235191,-44.424206,1,0,1,1.0746
2.3384000957012177,16368.800669908524,18.0505712554281,-65.27565729656547,-45.046867,1,0,1,0.452
2.3385001122951508,16369.500786066055,18.05056361027561,-65.2756528085568,-1.7264587,0,0,0,43.7724
2.3398001194000244,16378.60083580017,18.05048165908653,-65.2756666941709,-44.604443,1,0,1,0.8944
2.340900093317032,16386.300653219223,18.05041132455925,-65.275674161107,-45.174847,1,0,1,0.324
2.3412000834941864,16388.400584459305,18.0503921550137,-65.27567622308574,-45.580994,1,0,1,-0.0822
2.342200100421905,16395.40070295334,18.0503283199434,-65.27568329896977,-48.748585,1,0,0,-3.2498
2.342700093984604,16398.900657892227,18.05029625253108,-65.27568615559552,-44.690247,1,0,1,0.8086
2.343000113964081,16401.000797748566,18.05027709823189,-65.27568822068956,-45.22212,1,0,1,0.2767
2.3437000811100006,16405.900567770004,18.05023239395863,-65.27569292846626,-45.6077,1,0,1,-0.1089
2.3446000814437866,16412.200570106506,18.05017478251568,-65.27569897724726,-45.185513,1,0,1,0.3133
2.3460001051425934,16422.000735998154,18.05008553265196,-65.27570807024586,-44.877335,1,0,1,0.6215
2.34700009226799,16429.00064587593,18.050021814813046,-65.27571455370959,-44.79462,1,0,1,0.7042
