Delta_Time_Rel,Along_Track_Dist,Latitude,Longitude,WGS84_Ellipsoid_Height,Confidence,Classification,Geoid_Corrected_Ortho_Height,pred_label,labels
5.874500136822462,41121.50095775724,18.191531444824125,-65.71028649404666,-5.7481,4,0,37.1053,2,2
5.874600134789944,41122.200943529606,18.19152502146996,-65.71028700355862,-7.744792,4,0,35.1086,2,2
5.874700136482716,41122.90095537901,18.19151859057208,-65.71028780931913,-5.039949,4,0,37.8135,2,2
5.875300146639347,41127.10102647543,18.19148003389537,-65.71029156366662,-5.9693866,4,0,36.884,2,2
5.875600144267082,41129.201009869576,18.19146075349828,-65.71029359166899,-4.0483193,4,0,38.8051,2,2
5.875800147652626,41130.60103356838,18.19144789988656,-65.71029494520458,-2.7479272,4,0,40.1055,2,2
5.875800147652626,41130.60103356838,18.191447908871847,-65.71029458277661,-8.500805,4,0,34.3526,2,2
5.876500155776739,41135.50109043717,18.19140293421253,-65.7102989351902,-10.088249,4,0,32.7652,0,0
5.876700155436993,41136.90108805895,18.191390087674183,-65.71030008308104,-12.069274,4,0,30.7841,0,0
5.876800157129765,41137.60109990835,18.191383666945075,-65.71030055985338,-14.603938,4,0,28.2495,2,2
5.876900155097246,41138.30108568072,18.191377233352377,-65.71030156664371,-8.726552,4,0,34.1269,2,2
5.877000164240599,41139.00114968419,18.19137080370969,-65.71030239460096,-5.6899047,4,0,37.1635,2,2
5.877500165253878,41142.50115677714,18.191338690244933,-65.71030529939334,-10.124674,4,0,32.7287,2,2
5.877700164914131,41143.90115439892,18.191325848322386,-65.71030634961915,-13.680927,4,0,29.1725,2,2
5.877800136804581,41144.60095763207,18.19131941457794,-65.71030747570956,-5.9189672,4,0,36.9345,2,2
5.877900134772062,41145.30094340444,18.191313004668284,-65.71030758084659,-14.366292,4,0,28.4871,2,2
5.877900134772062,41145.30094340444,18.191313006827457,-65.71030748647465,-15.86452,3,0,26.9889,2,2
5.879100147634745,41153.70103344321,18.191235937459783,-65.71031512654181,-16.11419,3,0,26.7392,2,2
5.879700154066086,41157.9010784626,18.19119740959756,-65.71031900455928,-15.409817,4,0,27.4436,2,2
5.879700154066086,41157.9010784626,18.1911974136219,-65.71031884418976,-17.9552,4,0,24.8982,2,2
5.880200155079365,41161.40108555555,18.191165313217063,-65.71032201229579,-18.428425,4,0,24.425,2,2
5.880300156772137,41162.10109740496,18.191158892908824,-65.71032267963724,-17.993534,4,0,24.8599,2,2
5.880500167608261,41163.50117325783,18.19114605119028,-65.71032404603676,-16.627665,4,0,26.2258,2,2
5.880600165575743,41164.2011590302,18.19113963261778,-65.71032465920183,-17.058983,4,0,25.7944,2,2
5.881100166589022,41167.70116612315,18.191107539715084,-65.71032785233591,-17.225113,4,0,25.6283,2,2
5.881400134414434,41169.80094090104,18.19108829060369,-65.71032967789442,-18.780504,4,0,24.0729,2,2
5.883100155740976,41181.701090186834,18.19097921943561,-65.71034053908187,-19.805151,4,0,23.0483,2,2
5.883200157433748,41182.40110203624,18.190972803123216,-65.71034126499988,-18.50555,4,0,24.3479,2,2
5.88330015540123,41183.10108780861,18.19096639048862,-65.71034185865051,-19.307446,4,0,23.546,2,2
5.88330015540123,41183.10108780861,18.190966389487524,-65.71034190312919,-18.601322,4,0,24.2521,2,2
5.883800156414509,41186.60109490156,18.190934323529515,-65.71034510157499,-18.994856,4,0,23.8586,2,2
5.883800156414509,41186.60109490156,18.19093432375996,-65.71034509341924,-19.124258,4,0,23.7292,2,2
5.884800136089325,41193.60095262528,18.190870207232805,-65.7103515880739,-18.54692,4,0,24.3065,2,2
5.884900137782097,41194.30096447468,18.190863797752453,-65.71035219610658,-19.161098,4,0,23.6923,2,2
5.88510013744235,41195.70096209645,18.19085098244644,-65.71035328836233,-22.36249,4,0,20.4909,0,0
5.8853001445531845,41197.10101187229,18.190838156348352,-65.71035483270504,-18.39973,4,0,24.4537,2,2
5.88560014590621,41199.20102134347,18.190818928175894,-65.7103568115955,-17.832582,4,0,25.0208,2,2
5.885900147259235,41201.30103081465,18.190799700596607,-65.7103588438224,-16.442934,4,0,26.4105,2,2
5.886000145226717,41202.00101658702,18.190793295898366,-65.71035936319694,-18.493113,4,0,24.3603,2,2
5.886100146919489,41202.70102843642,18.19078630133461,-65.71038385451888,359.95795,0,0,402.8114,0,0
5.886100146919489,41202.70102843642,18.190786888752893,-65.71035998723566,-18.884893,4,0,23.9685,2,2
5.886400155723095,41204.80109006167,18.190767590048697,-65.71036192675872,-17.042807,4,0,25.8106,2,2
5.886500157415867,41205.50110191107,18.190761188445844,-65.7103625747972,-17.199415,4,0,25.654,2,2
5.88670015707612,41206.90109953284,18.190748386792382,-65.71036384977504,-17.855114,4,0,24.9983,2,2
5.886800155043602,41207.601085305214,18.190741986063724,-65.71036450067129,-17.974049,4,0,24.8794,2,2
5.886800155043602,41207.601085305214,18.190741984205008,-65.71036457554659,-16.785666,4,0,26.0678,2,2
5.887000154703856,41209.00108292699,18.190729182033724,-65.71036591941562,-16.364197,4,0,26.4892,2,2
5.887100167572498,41209.70117300749,18.190722781995014,-65.71036652830608,-17.15937,4,0,25.6941,2,2
5.88720016553998,41210.40115877986,18.19071638178492,-65.71036720338593,-16.904558,4,0,25.9489,2,2
5.887300167232752,41211.10117062926,18.1907099817728,-65.71036786228095,-16.909847,4,0,25.9436,2,2
5.8874001652002335,41211.801156401634,18.19070358158811,-65.71036854397948,-16.555431,4,0,26.298,2,2
5.887500166893005,41212.50116825104,18.19069718153277,-65.71036922092269,-16.279316,4,0,26.5741,2,2
5.8878001645207405,41214.60115164518,18.190677983755734,-65.7103712422029,-15.615773,4,0,27.2376,2,2
5.8878001645207405,41214.60115164518,18.19067798513778,-65.71037118420499,-16.536377,4,0,26.317,2,2
5.888600144535303,41220.20101174712,18.19062680349112,-65.71037649577453,-16.11314,4,0,26.7403,2,2
5.888800147920847,41221.60103544593,18.19061400783537,-65.71037790159384,-14.793034,4,0,28.0604,2,2
5.890900164842606,41236.30115389824,18.1904797268046,-65.71039183450883,-14.5177965,4,0,28.3356,2,2
5.8910001665353775,41237.00116574764,18.190473329931606,-65.71039268272142,-11.59026,4,0,31.2632,2,2
5.891100164502859,41237.701151520014,18.19046693636607,-65.71039342907227,-10.279802,4,0,32.5736,2,2
5.891200166195631,41238.40116336942,18.19046054685173,-65.71039399414508,-11.848823,4,0,31.0046,2,2
5.891300167888403,41239.10117521882,18.1904541555668,-65.71039464677598,-12.029093,4,0,30.8243,2,2
5.891500137746334,41240.50096422434,18.190441380936125,-65.71039573041972,-15.90758,4,0,26.9458,2,2
5.891700137406588,41241.90096184611,18.19042859251764,-65.71039734294168,-11.399007,4,0,31.4544,2,2
5.89180014654994,41242.60102584958,18.19042220107675,-65.71039801538502,-11.271623,4,0,31.5818,2,2
5.891900144517422,41243.30101162195,18.190415812932606,-65.71039858660389,-12.750878,4,0,30.1025,0,0
5.892200145870447,41245.40102109313,18.190396638358585,-65.71040076229554,-9.861162,4,0,32.9923,2,2
5.892400145530701,41246.801018714905,18.19038386252838,-65.7104019551325,-12.028366,4,0,30.8251,2,2
5.892800144851208,41249.60101395845,18.1903576207738,-65.71043246724697,430.0757,0,0,472.9291,0,0
5.893100157380104,41251.70110166073,18.19033913666706,-65.71040674364758,-9.901615,4,0,32.9518,2,2
5.893500156700611,41254.50109690428,18.1903138301934,-65.71039943820648,-168.07724,0,0,-125.2238,0,0
5.893700156360865,41255.90109452605,18.190300808909107,-65.71041077659515,-9.2376585,4,0,33.6158,2,2
5.893900156021118,41257.30109214783,18.190288034668,-65.71041211490436,-9.11508,4,0,33.7383,2,2
5.894000165164471,41258.001156151295,18.190281647031213,-65.71041278488298,-9.042475,4,0,33.8109,2,2
5.894300166517496,41260.10116562247,18.190262486909766,-65.71041478649917,-8.955815,4,0,33.8976,2,2
5.89450016617775,41261.50116324425,18.19024971042513,-65.71041627628239,-6.4332123,3,0,36.4202,0,0
5.894900135695934,41264.30094987154,18.19022381457285,-65.71043333551879,222.09232,0,0,264.9457,0,0
5.894900135695934,41264.30094987154,18.190224173199297,-65.71041876886116,-9.115883,4,0,33.7375,2,2
5.895100135356188,41265.70094749332,18.19021140296737,-65.71042006915991,-9.602252,4,0,33.2512,2,2
5.895700145512819,41269.901018589735,18.19017309202344,-65.71042410056431,-8.988999,4,0,33.8644,2,2
5.895800147205591,41270.60103043914,18.19016670752217,-65.7104247632769,-9.032127,4,0,33.8213,2,2
5.895800147205591,41270.60103043914,18.190166708042025,-65.71042473582972,-9.468012,4,0,33.3854,2,2
5.895900145173073,41271.30101621151,18.190160322951414,-65.71042544112696,-8.834463,4,0,34.019,2,2
5.896100144833326,41272.70101383328,18.19014755728231,-65.71042666008152,-10.609153,4,0,32.2443,2,2
5.896400157362223,41274.80110153556,18.190128404946552,-65.71042865259251,-10.665595,4,0,32.1878,2,2
5.897000156342983,41279.00109440088,18.190090106740207,-65.71043256321234,-11.94483,4,0,30.9086,2,2
5.897100158035755,41279.701106250286,18.19008372344866,-65.71043323427827,-11.850147,4,0,31.0033,2,2
5.897100158035755,41279.701106250286,18.19008372302983,-65.71043324909647,-11.615041,4,0,31.2384,2,2
5.89790016785264,41285.30117496848,18.190032662320554,-65.71043854635779,-11.963746,4,0,30.8897,2,2
5.898200165480375,41287.40115836263,18.19001352066428,-65.71044036516344,-14.74193,4,0,28.1115,2,2
5.898300137370825,41288.100961595774,18.19000714216785,-65.71044096301893,-15.796945,4,0,27.0565,2,2
5.898700136691332,41290.90095683932,18.18998161361874,-65.71044369079877,-14.680479,4,0,28.1729,2,2
5.898800145834684,41291.60102084279,18.18997523250027,-65.71044431102902,-15.379494,4,0,27.4739,2,2
5.898800145834684,41291.60102084279,18.18997523552673,-65.71044418589558,-17.365679,4,0,25.4877,2,2
5.899000145494938,41293.001018464565,18.18996246871312,-65.71044568286312,-14.686751,4,0,28.1667,2,2
5.899000145494938,41293.001018464565,18.18996247228328,-65.71044552946043,-17.121864,4,0,25.7316,2,2
5.899200145155191,41294.40101608634,18.18994971219653,-65.71044676193071,-18.636648,4,0,24.2168,2,2
5.89970014616847,41297.90102317929,18.189917807104525,-65.71045007281683,-18.757505,4,0,24.0959,2,2
5.89970014616847,41297.90102317929,18.18991780602631,-65.7104501109446,-18.152567,4,0,24.7009,2,2
5.900100156664848,41300.70109665394,18.18989228423056,-65.71045268436484,-19.422413,4,0,23.431,2,2
5.900400158017874,41302.80110612512,18.18987314207377,-65.71045468051398,-19.311205,4,0,23.5422,2,2
5.901700135320425,41311.900947242975,18.189790205320733,-65.71046307762899,-22.683716,4,0,20.1697,0,0
5.901800137013197,41312.60095909238,18.18978382846334,-65.71046361403911,-24.670282,4,0,18.1831,2,2
5.9023001454770565,41316.1010183394,18.18975192733363,-65.71046694713141,-24.245953,4,0,18.6075,2,2
5.90250014513731,41317.50101596117,18.189739170246924,-65.7104681646327,-25.900213,4,0,16.9532,2,2
5.903300154954195,41323.101084679365,18.18968813265466,-65.71047336278863,-27.238129,4,0,15.6153,2,2
5.9035001546144485,41324.50108230114,18.18967537321601,-65.71047467580075,-27.339483,4,0,15.5139,2,2
5.9035001546144485,41324.50108230114,18.189675374134108,-65.71047464336172,-27.85416,4,0,14.9993,2,2
5.904100157320499,41328.701101243496,18.18963709621982,-65.710478545382,-28.699572,4,0,14.1538,2,2
5.904300168156624,41330.10117709637,18.189624335616,-65.71047986943184,-28.595526,4,0,14.2579,2,2
5.9044001661241055,41330.80116286874,18.189617958663906,-65.71048041999515,-30.308552,4,0,12.5449,2,2
5.904600165784359,41332.20116049051,18.189605197281555,-65.71048179307384,-29.413328,4,0,13.4401,2,2
5.9048001654446125,41333.60115811229,18.18959243743752,-65.71048311794337,-29.27442,4,0,13.579,2,2
5.905300136655569,41337.10095658898,18.18956054026013,-65.71048636003407,-30.001474,4,0,12.8519,2,2
5.905700147151947,41339.90103006363,18.18953502027761,-65.71048893672092,-30.818628,4,0,12.0348,2,2
5.90640014782548,41344.80103477836,18.18949040808353,-65.71049358188496,-32.05823,4,0,10.7952,2,2
5.9067001566290855,41346.9010964036,18.189471255302056,-65.71049555813843,-31.486969,4,0,11.3665,2,2
5.9068001583218575,41347.601108253,18.189464872483143,-65.71049615333588,-32.301006,4,0,10.5524,2,2
5.907100155949593,41349.70109164715,18.18944572040979,-65.71049809998823,-32.173313,4,0,10.6801,2,2
5.9072001576423645,41350.40110349655,18.18943933543459,-65.71049877330893,-31.739235,4,0,11.1142,2,2
5.907600156962872,41353.2010987401,18.18941380033416,-65.71050128664636,-32.83807,4,0,10.0154,2,2
5.907600156962872,41353.2010987401,18.18941380114217,-65.71050125812249,-33.290627,4,0,9.5628,2,2
5.907800167798996,41354.60117459297,18.189401030762784,-65.71050259195214,-32.60509,4,0,10.2483,2,2
5.9080001674592495,41356.00117221475,18.1893882618835,-65.71050388131597,-32.61712,4,0,10.2363,2,2
5.908200167119503,41357.40116983652,18.18937511637975,-65.71052040706137,209.21082,0,0,252.0642,2,2
5.908300165086985,41358.10115560889,18.18936911026631,-65.71050572691192,-34.026184,4,0,8.8272,2,2
5.909000147134066,41363.00102993846,18.189324416830967,-65.71051026341516,-33.60393,4,0,9.2495,2,2
5.909200146794319,41364.40102756024,18.18931164682019,-65.71051153564501,-33.850502,4,0,9.0029,2,2
5.909400146454573,41365.80102518201,18.18929887691234,-65.71051280488187,-34.13879,4,0,8.7146,2,2
5.909500148147345,41366.50103703141,18.189292491026404,-65.71051347405557,-33.732555,4,0,9.1209,2,2
5.909700147807598,41367.90103465319,18.18927972048013,-65.71051474402526,-34.00209,4,0,8.8513,2,2
5.909900147467852,41369.30103227496,18.189266950960985,-65.71051596911423,-34.979,4,0,7.8744,2,2
5.910000145435333,41370.00101804733,18.18926056583382,-65.71051660006255,-35.17341,4,0,7.68,2,2
5.910100147128105,41370.701029896736,18.189254180307376,-65.71051723453701,-35.311184,4,0,7.5422,2,2
5.910400155931711,41372.80109152198,18.18923502340267,-65.71051911877355,-36.02365,4,0,6.8298,2,2
5.910600155591965,41374.20108914375,18.18922225092149,-65.7105204354996,-35.53168,4,0,7.3217,2,2
5.911000166088343,41377.0011626184,18.189196706045728,-65.71052299554735,-35.704296,4,0,7.1491,2,2
5.911100167781115,41377.7011744678,18.18919031981276,-65.71052363242396,-35.79522,4,0,7.0582,2,2
5.911200165748596,41378.40116024017,18.18918393420252,-65.71052424436755,-36.281063,4,0,6.5724,2,2
5.911200165748596,41378.40116024017,18.189183933970007,-65.71052425257135,-36.150906,4,0,6.7025,2,2
5.911300167441368,41379.10117208958,18.18917754763364,-65.71052488847214,-36.255993,4,0,6.5974,2,2
5.911500167101622,41380.50116971135,18.189164774234303,-65.7105261872871,-36.035416,4,0,6.818,2,2
5.911700166761875,41381.901167333126,18.18915200188582,-65.71052743734542,-36.586388,4,0,6.267,2,2
5.911800168454647,41382.60117918253,18.18914561430593,-65.71052810539322,-36.17877,4,0,6.6747,2,2
5.911900136619806,41383.30095633864,18.18913923022176,-65.71052872307165,-36.566433,4,0,6.287,2,2
5.911900136619806,41383.30095633864,18.18913922969715,-65.71052874157981,-36.272793,4,0,6.5806,2,2
5.91210013628006,41384.70095396042,18.18912645682378,-65.7105299934916,-36.79078,4,0,6.0626,1,2
5.912200137972832,41385.40096580982,18.189120069428096,-65.71053064550615,-36.636036,4,0,6.2174,1,2
5.912300135940313,41386.10095158219,18.18911368317965,-65.71053126301311,-37.028103,4,0,5.8253,1,2
5.912700146436691,41388.90102505684,18.18908813319438,-65.71053384308308,-36.850296,4,0,6.0031,1,2
5.913500156253576,41394.50109377504,18.189037031536056,-65.71053897020532,-37.014725,4,0,5.8387,2,2
5.913600157946348,41395.20110562444,18.189030643652504,-65.71053960510172,-37.130875,4,0,5.7225,1,2
5.913600157946348,41395.20110562444,18.18903064381704,-65.71053959027721,-37.36647,4,0,5.487,1,2
5.913800157606602,41396.60110324621,18.18901786755584,-65.71054087835513,-37.308994,4,0,5.5444,1,2
5.913900155574083,41397.30108901858,18.189011479590945,-65.71054151696549,-37.366615,4,0,5.4868,1,2
5.914000157266855,41398.00110086799,18.18900509146004,-65.71054215054089,-37.50482,4,0,5.3486,1,2
5.914500158280134,41401.50110796094,18.18897314853913,-65.71054537408966,-37.31825,4,0,5.5352,1,2
5.914600167423487,41402.20117196441,18.188966759453965,-65.71054600933986,-37.43337,4,0,5.4201,1,2
5.914600167423487,41402.20117196441,18.18896675920489,-65.71054601812445,-37.294003,4,0,5.5594,1,2
5.914700165390968,41402.90115773678,18.188960371011845,-65.71054664446164,-37.54997,4,0,5.3035,1,2
5.91480016708374,41403.60116958618,18.188953982126684,-65.7105472842752,-37.593124,4,0,5.2603,1,2
5.915100168436766,41405.70117905736,18.188934815116863,-65.7105492091486,-37.640057,4,0,5.2134,1,2
5.915300138294697,41407.10096806288,18.188922039572013,-65.71055046242353,-38.14743,4,0,4.706,0,2
5.915400136262178,41407.80095383525,18.18891512668192,-65.71057228957214,298.0789,0,0,340.9323,0,0
5.91550013795495,41408.50096568465,18.18890925967781,-65.71055179175632,-37.45449,4,0,5.3989,1,2
5.91550013795495,41408.50096568465,18.1889092600454,-65.71055177879313,-37.660152,4,0,5.1933,1,2
5.91550013795495,41408.50096568465,18.188909260574285,-65.71055176014163,-37.956055,4,0,4.8974,1,2
5.916100148111582,41412.70103678107,18.18887092150036,-65.71055563898975,-37.632587,4,0,5.2208,1,2
5.916400145739317,41414.80102017522,18.188851750211995,-65.71055763053752,-36.65714,4,0,6.1963,1,2
5.917000155895948,41419.00109127164,18.18881340888161,-65.71056143785061,-37.531033,4,0,5.3224,1,2
5.917200155556202,41420.40108889341,18.18880062800096,-65.71056271252273,-37.744324,4,0,5.1091,1,2
5.917300157248974,41421.10110074282,18.18879423687909,-65.7105633636045,-37.635403,4,0,5.218,1,2
5.917400155216456,41421.80108651519,18.18878784606593,-65.7105640116114,-37.576244,4,0,5.2772,1,2
5.917400155216456,41421.80108651519,18.18878784532253,-65.71056403782396,-37.160393,4,0,5.693,2,2
5.917600158601999,41423.201110214,18.18877506316281,-65.71056533690778,-36.99834,4,0,5.8551,2,2
5.917600158601999,41423.201110214,18.18877506432278,-65.71056528698927,-37.790684,4,0,5.0627,1,2
5.917700156569481,41423.901095986366,18.188768672933687,-65.71056594728448,-37.541252,4,0,5.3122,1,2
5.918100167065859,41426.70116946101,18.18874310767213,-65.7105685093985,-37.81634,4,0,5.0371,1,2
5.918100167065859,41426.70116946101,18.18874310770477,-65.71056850824793,-37.834595,4,0,5.0188,1,2
5.918300166726112,41428.10116708279,18.18873032488474,-65.710569792407,-37.93271,4,0,4.9207,1,2
5.918400168418884,41428.80117893219,18.18872393275357,-65.71057045168695,-37.71178,4,0,5.1416,1,2
5.918500166386366,41429.50116470456,18.188717541098967,-65.71057109983693,-37.668877,4,0,5.1845,1,2
5.918700136244297,41430.90095371008,18.18870475951889,-65.71057238567006,-37.752083,4,0,5.1013,1,2
5.918800137937069,41431.60096555948,18.18869836742975,-65.71057303266387,-37.733597,4,0,5.1198,1,2
5.919500146061182,41436.501022428274,18.18865362100205,-65.71057755765659,-37.72309,4,0,5.1303,1,2
5.919800147414208,41438.60103189945,18.18863444300309,-65.71057949472103,-37.78533,4,0,5.0681,1,2
5.920800156891346,41445.60109823942,18.188570510209,-65.7105859763012,-37.751053,4,0,5.1024,1,2
5.921500165015459,41450.50115510821,18.1885257521422,-65.71059052870014,-37.631336,4,0,5.2221,2,2
5.92210016772151,41454.70117405057,18.188487386444155,-65.71059439055944,-38.269306,4,0,4.5841,1,2
5.922500137239695,41457.50096067786,18.18846180882219,-65.71059699960415,-38.199875,4,0,4.6535,1,2
5.922700148075819,41458.90103653073,18.188449017866915,-65.71059830444852,-38.17987,4,0,4.6736,2,2
5.923000145703554,41461.00101992488,18.18842983203704,-65.71060025002429,-38.35579,4,0,4.4976,1,2
5.92330014705658,41463.10102939606,18.188410527787585,-65.71060696098797,37.068798,0,0,79.9222,0,0
5.923500146716833,41464.50102701783,18.18839785374824,-65.71060352105064,-38.257107,4,0,4.5963,2,2
5.9237001575529575,41465.9011028707,18.18838506207829,-65.71060478634683,-38.92446,4,0,3.929,2,2
5.924300156533718,41470.10109573603,18.18834668511834,-65.71060868623765,-39.34632,4,0,3.5071,1,2
5.924800168722868,41473.60118106008,18.188314699369304,-65.71061200413483,-38.707615,4,0,4.1458,2,2
5.925200168043375,41476.401176303625,18.188289111753875,-65.71061459657086,-39.235348,4,0,3.6181,1,2
5.925200168043375,41476.401176303625,18.188289111329976,-65.71061461151305,-38.998302,4,0,3.8551,1,2
5.92560013756156,41479.20096293092,18.188263523314696,-65.71061723990947,-39.004875,4,0,3.8485,1,2
5.925700135529041,41479.90094870329,18.1882571257835,-65.71061789337242,-39.073193,4,0,3.7802,1,2
5.925900135189295,41481.30094632506,18.188244330431488,-65.71061919882408,-39.243305,4,0,3.6101,1,2
5.926000148057938,41482.00103640556,18.188237931321886,-65.7106198685127,-39.06564,4,0,3.7878,1,2
5.926000148057938,41482.00103640556,18.188237931441574,-65.71061986429353,-39.132572,4,0,3.7208,1,2
5.926400147378445,41484.80103164911,18.18821229424318,-65.71062239906199,-39.25002,4,0,3.6034,1,2
5.927300155162811,41491.10108613968,18.18815473276086,-65.71062838656208,-39.461136,4,0,3.3923,1,2
5.927400156855583,41491.80109798908,18.188148337065893,-65.71062903536371,-39.76268,4,0,3.0907,1,2
5.927500158548355,41492.501109838486,18.18814194018799,-65.71062972282495,-39.4542,4,0,3.3992,1,2
5.92780015617609,41494.60109323263,18.18812275123613,-65.71063172417247,-39.51568,4,0,3.3377,2,2
5.927900157868862,41495.30110508204,18.18811635624197,-65.71063233281264,-40.470505,4,0,2.3829,2,2
5.928000155836344,41496.001090854406,18.188109959933783,-65.71063298396642,-40.75408,4,0,2.0993,1,2
5.928100168704987,41496.701180934906,18.18810356202969,-65.71063366369754,-40.588642,4,0,2.2648,1,2
5.928200166672468,41497.40116670728,18.18809716497761,-65.71063435269566,-40.27734,4,0,2.5761,2,2
5.92830016836524,41498.10117855668,18.18809076816502,-65.71063500359925,-40.574684,4,0,2.2787,2,2
5.92830016836524,41498.10117855668,18.188090768174906,-65.71063501226666,-40.436783,4,0,2.4166,2,2
5.928500168025494,41499.501176178455,18.188077972054,-65.71063642764676,-39.237415,4,0,3.616,2,2
5.928600165992975,41500.20116195083,18.18807132644428,-65.7106471343191,120.04244,0,0,162.8959,0,0
5.928600165992975,41500.20116195083,18.188071575315018,-65.71063707228612,-39.643055,4,0,3.2104,2,2
5.928600165992975,41500.20116195083,18.18807157667976,-65.71063701516397,-40.549644,4,0,2.3038,2,2
5.928900167346001,41502.301171422005,18.188052382829497,-65.71063908282963,-39.661804,4,0,3.1916,2,2
5.928900167346001,41502.301171422005,18.188052383984537,-65.71063904211397,-40.307716,4,0,2.5457,2,2
5.929300136864185,41505.1009580493,18.18802679496207,-65.7106417047282,-40.658413,4,0,2.195,1,2
5.929300136864185,41505.1009580493,18.1880267947494,-65.71064172124095,-40.39605,4,0,2.4574,1,2
5.929400138556957,41505.8009698987,18.188020395474307,-65.71064243068002,-39.797253,4,0,3.0562,2,2
5.929800145328045,41508.60101729632,18.1879948031218,-65.71064505649097,-40.79306,4,0,2.0604,1,2
5.930200148373842,41511.401038616896,18.18796920340904,-65.71064792819236,-37.930187,4,0,4.9232,1,2
5.930700156837702,41514.90109786391,18.187937206472903,-65.71065129444298,-37.95693,4,0,4.8965,1,2
5.930800158530474,41515.60110971332,18.18793081157285,-65.71065177108247,-41.09024,4,0,1.7632,1,2
5.931200157850981,41518.40110495687,18.18790520734465,-65.71065465915201,-38.070675,4,0,4.7827,1,2
5.931200157850981,41518.40110495687,18.18790521221972,-65.71065446025099,-41.227272,4,0,1.6261,1,2
5.931400157511234,41519.80110257864,18.187892406699603,-65.7106560118985,-38.02432,4,0,4.8291,1,2
5.931400157511234,41519.80110257864,18.187892406840888,-65.71065600691806,-38.10333,4,0,4.7501,1,2
5.931600157171488,41521.201100200415,18.187879609012946,-65.71065722896007,-40.140587,4,0,2.7128,2,2
5.93170016631484,41521.90116420388,18.18787320935092,-65.71065783939842,-41.172913,4,0,1.6805,1,2
5.932000167667866,41524.00117367506,18.18785400657348,-65.7106598658547,-41.18363,4,0,1.6698,1,2
5.932700138539076,41528.90096977353,18.187809193413948,-65.7106647857104,-38.241703,4,0,4.6117,1,2
5.93290014564991,41530.30101954937,18.18779638892376,-65.71066613709145,-38.282726,4,0,4.5707,1,2
5.93290014564991,41530.30101954937,18.18779638881896,-65.71066614078607,-38.224113,4,0,4.6293,1,2
5.933000147342682,41531.00103139877,18.187789986318503,-65.71066682332086,-38.138744,4,0,4.7147,1,2
5.933900147676468,41537.30103373528,18.187732360542505,-65.71067292171341,-38.15521,4,0,4.6982,1,2
5.934200156480074,41539.40109536052,18.187713149057405,-65.71067495607151,-38.167282,4,0,4.6861,1,2
5.934200156480074,41539.40109536052,18.187713148749367,-65.71067496693203,-37.994987,4,0,4.8584,1,2
5.934400156140328,41540.80109298229,18.18770033232974,-65.71067667066947,-32.495167,3,0,10.3583,0,0
5.934400156140328,41540.80109298229,18.18770034083408,-65.71067632574248,-37.969227,4,0,4.8842,1,2
5.934500157833099,41541.501104831696,18.18769393704503,-65.71067698833438,-38.225502,4,0,4.6279,1,2
5.934500157833099,41541.501104831696,18.187693937067426,-65.710676987545,-38.238026,4,0,4.6154,1,2
5.934600155800581,41542.20109060407,18.18768753240921,-65.71067768470417,-37.94695,4,0,4.9065,1,2
5.934700157493353,41542.90110245347,18.18768112805256,-65.71067835836693,-38.03044,4,0,4.823,1,2
5.934700157493353,41542.90110245347,18.18768112819708,-65.71067835327118,-38.111282,4,0,4.7421,1,2
5.934700157493353,41542.90110245347,18.187681128175907,-65.71067835401766,-38.099438,4,0,4.754,1,2
5.934700157493353,41542.90110245347,18.18768112828757,-65.71067835008064,-38.161896,4,0,4.6915,1,2
5.9348001554608345,41543.60108822584,18.1876747234513,-65.7106790445516,-37.916256,4,0,4.9372,1,2
5.9348001554608345,41543.60108822584,18.187674723828025,-65.7106790312686,-38.126984,4,0,4.7264,1,2
5.934900168329477,41544.30117830634,18.187668318233865,-65.71067971441325,-38.063976,4,0,4.7894,1,2
5.934900168329477,41544.30117830634,18.187668318299348,-65.71067971210447,-38.100605,4,0,4.7528,1,2
5.935100167989731,41545.70117592812,18.187655508571662,-65.7106810720577,-38.076214,4,0,4.7772,1,2
5.935100167989731,41545.70117592812,18.18765550891657,-65.71068105989674,-38.26914,4,0,4.5843,1,2
5.935100167989731,41545.70117592812,18.18765550858149,-65.71068107171135,-38.081707,4,0,4.7717,1,2
5.935300167649984,41547.10117354989,18.187642698284566,-65.71068243360719,-38.031506,4,0,4.8219,1,2
5.935300167649984,41547.10117354989,18.18764269873692,-65.71068240863879,-38.428017,4,0,4.4254,1,2
5.935300167649984,41547.10117354989,18.18764269846155,-65.71068242736658,-38.13051,4,0,4.7229,1,2
5.935500167310238,41548.50117117167,18.187629892542592,-65.7106835896291,-41.253338,4,0,1.6001,1,2
5.935500167310238,41548.50117117167,18.187629887688008,-65.7106837878597,-38.107315,4,0,4.7461,1,2
5.93560016900301,41549.20118302107,18.18762348193621,-65.71068446993195,-38.06866,4,0,4.7848,1,2
5.93560016900301,41549.20118302107,18.187623482111405,-65.71068446375459,-38.16666,4,0,4.6868,1,2
5.935700166970491,41549.90116879344,18.18761708087585,-65.71068496333103,-41.0251,4,0,1.8283,1,2
5.935700166970491,41549.90116879344,18.187617076267564,-65.7106851528805,-38.016796,4,0,4.8366,1,2
5.935800138860941,41550.60097202659,18.187610677012486,-65.71068563676053,-41.1225,4,0,1.7309,1,2
5.935900136828423,41551.30095779896,18.18760427024514,-65.71068634926652,-40.603817,4,0,2.2496,1,2
5.9360001385211945,41552.00096964836,18.187597864855704,-65.71068700019194,-41.063473,4,0,1.7899,1,2
5.93630013614893,41554.10095304251,18.187578645687463,-65.71068904783166,-40.942352,4,0,1.9111,1,2
5.9364001378417015,41554.80096489191,18.187572236321536,-65.71068983852997,-39.18745,4,0,3.666,0,2
5.936700146645308,41556.90102651715,18.187553009879803,-65.71069208892848,-35.859894,4,0,6.9935,0,0
5.937100145965815,41559.7010217607,18.187527379550723,-65.71069483996648,-35.391827,4,0,7.4616,2,2
5.937400158494711,41561.80110946298,18.187508155063465,-65.71069688804006,-35.289886,4,0,7.5635,0,0
5.9384001567959785,41568.80109757185,18.187444073255048,-65.71070348760433,-38.582012,4,0,4.2714,2,2
5.938600167632103,41570.20117342472,18.187431254163577,-65.71070482770058,-38.92455,4,0,3.9289,1,2
5.938600167632103,41570.20117342472,18.187431253825984,-65.71070483960885,-38.73563,4,0,4.1178,1,2
5.93900016695261,41573.00116866827,18.187405617618683,-65.71070742616217,-40.905945,4,0,1.9475,1,2
5.93900016695261,41573.00116866827,18.18740561433801,-65.71070755993331,-38.78289,4,0,4.0705,2,2
5.939100168645382,41573.70118051767,18.18739920422041,-65.71070823276652,-38.909973,4,0,3.9434,1,2
5.939400136470795,41575.80095529556,18.187379977208177,-65.71071017130386,-40.556274,4,0,2.2971,1,2
5.939500138163567,41576.500967144966,18.18737356681901,-65.71071083501931,-40.82769,4,0,2.0257,1,2
5.939600136131048,41577.20095291734,18.187367152875595,-65.71071164590875,-38.762856,4,0,4.0906,2,2
5.939700148999691,41577.90104299784,18.187360743921705,-65.7107122064213,-40.673225,4,0,2.1802,1,2
5.940300147980452,41582.10103586316,18.18732227452147,-65.71071631649102,-40.265137,4,0,2.5883,1,2
5.940300147980452,41582.10103586316,18.18732227485581,-65.71071629566943,-40.59587,4,0,2.2576,1,2
5.940400145947933,41582.80102163553,18.187315707642085,-65.71072327154255,59.31511,0,0,102.1685,0,0
5.9408001489937305,41585.601042956114,18.18729021359225,-65.71071971404567,-40.350826,4,0,2.5026,1,2
5.9408001489937305,41585.601042956114,18.18729021372283,-65.71071970943824,-40.423923,4,0,2.4295,1,2
5.941100157797337,41587.70110458136,18.18727097520534,-65.71072174373592,-40.536842,4,0,2.3166,1,2
5.94180016592145,41592.60116145015,18.1872260809246,-65.71072651563144,-40.37462,4,0,2.4788,1,2
5.942100167274475,41594.701170921326,18.18720683899742,-65.71072854313302,-40.571938,4,0,2.2815,1,2
5.942600138485432,41598.20096939802,18.187174766475408,-65.71073202824945,-39.195553,4,0,3.6579,0,2
5.942600138485432,41598.20096939802,18.18717476458832,-65.7107321038891,-37.995117,4,0,4.8583,1,2
5.942600138485432,41598.20096939802,18.187174764625624,-65.71073210257218,-38.01601,4,0,4.8374,1,2
5.942600138485432,41598.20096939802,18.187174768672,-65.71073193265651,-40.712948,4,0,2.1405,1,2
5.942700136452913,41598.90095517039,18.187168349372698,-65.71073280143976,-37.708805,4,0,5.1446,1,2
5.942700136452913,41598.90095517039,18.18716834970008,-65.71073278988338,-37.892147,4,0,4.9613,1,2
5.942900136113167,41600.30095279217,18.187155519687025,-65.71073414888073,-37.889267,4,0,4.9642,1,2
5.942900136113167,41600.30095279217,18.18715551953612,-65.71073415420818,-37.804745,4,0,5.0487,1,2
5.943000137805939,41601.00096464157,18.187149104237765,-65.7107348333723,-37.807034,4,0,5.0464,1,2
5.94310013577342,41601.70095041394,18.187142330715226,-65.71075002274948,192.49005,0,0,235.3435,0,0
5.943200148642063,41602.40104049444,18.18713627510274,-65.71073610147097,-39.24061,4,0,3.6128,0,2
5.943300146609545,41603.10102626681,18.18712986145932,-65.71073670885352,-40.377956,4,0,2.4755,1,2
5.943300146609545,41603.10102626681,18.187129861565563,-65.71073670510259,-40.437466,4,0,2.416,1,2
5.943400148302317,41603.80103811622,18.187123446704994,-65.71073734283368,-41.09242,4,0,1.761,2,2
5.943400148302317,41603.80103811622,18.187123445460703,-65.71073739579143,-40.251835,4,0,2.6016,1,2
5.943500146269798,41604.50102388859,18.1871170300078,-65.71073806768887,-40.362595,4,0,2.4908,1,2
5.943500146269798,41604.50102388859,18.187117025998408,-65.71073822730217,-37.8295,4,0,5.0239,1,2
5.94360014796257,41605.20103573799,18.18711060973463,-65.71073891524931,-37.684654,4,0,5.1688,1,2
5.943700145930052,41605.90102151036,18.187104198423377,-65.71073940551453,-40.675484,4,0,2.1779,1,2
5.943700145930052,41605.90102151036,18.187104198404622,-65.71073941520609,-40.521324,4,0,2.3321,1,2
5.943700145930052,41605.90102151036,18.18710424265296,-65.71073761814196,-69.0424,0,0,-26.189,0,0
5.943800147622824,41606.601033359766,18.18709778174272,-65.71074010893362,-40.281956,4,0,2.5715,1,2
5.944100148975849,41608.701042830944,18.18707852851723,-65.71074230643885,-37.70835,4,0,5.1451,2,2
5.944200158119202,41609.40110683441,18.18707211559125,-65.71074281706338,-40.36959,4,0,2.4838,1,2
5.944600157439709,41612.20110207796,18.187046447611863,-65.7107455507065,-40.026283,4,0,2.8271,1,2
5.944900158792734,41614.30111154914,18.187027195421106,-65.71074759805005,-39.79743,4,0,3.056,2,2
5.945000156760216,41615.00109732151,18.187020777998377,-65.71074827929094,-39.73657,4,0,3.1169,2,2
5.945600166916847,41619.20116841793,18.18698227093253,-65.71075232394338,-40.01474,4,0,2.8387,2,2
5.946100138127804,41622.70096689463,18.18695018023514,-65.71075573179004,-39.59804,4,0,3.2554,2,2
5.946600146591663,41626.20102614164,18.186918130311845,-65.71075911615881,-39.75535,4,0,3.0981,2,2
5.946800146251917,41627.60102376342,18.186905285864995,-65.71076043035676,-40.29132,4,0,2.5621,2,2
5.946900147944689,41628.30103561282,18.18689886009895,-65.71076121252834,-38.571487,4,0,4.2819,2,2
5.947600156068802,41633.20109248161,18.186853896386435,-65.71076596737873,-37.900253,4,0,4.9532,2,2
5.947600156068802,41633.20109248161,18.186853935281366,-65.71076438488299,-63.016438,0,0,-20.163,0,0
5.947900157421827,41635.30110195279,18.186834620722305,-65.71076818478707,-34.72689,4,0,8.1265,2,2
5.948000159114599,41636.0011138022,18.186828205653008,-65.71076850277463,-40.34862,4,0,2.5048,2,2
5.948100157082081,41636.701099574566,18.18682177438213,-65.71076948068048,-35.494007,4,0,7.3594,2,2
5.948200158774853,41637.40111142397,18.18681534871336,-65.71077022041996,-34.41729,4,0,8.4361,2,2
5.948500156402588,41639.50109481812,18.18679607787873,-65.71077219440424,-35.063766,4,0,7.7897,2,2
5.949400167912245,41645.80117538571,18.18673826272331,-65.71077806395785,-37.700546,4,0,5.1529,2,2
5.949400167912245,41645.80117538571,18.186738257992843,-65.71077825837062,-34.614872,4,0,8.2385,2,2
5.949400167912245,41645.80117538571,18.1867382626891,-65.7107780651679,-37.681347,4,0,5.1721,2,2
5.9498001374304295,41648.600962013006,18.18671256682161,-65.71078072558993,-37.961136,4,0,4.8923,2,2
5.950300145894289,41652.10102126002,18.18668044127457,-65.7107841260851,-37.066086,4,0,5.7873,2,2
5.9510001465678215,41657.00102597475,18.18663546020684,-65.71078907171479,-32.76257,4,0,10.0909,2,2
5.9514001570642,41659.8010994494,18.18660976062498,-65.71079170503829,-33.302166,4,0,9.5513,2,2
5.951600156724453,41661.20109707117,18.186596907488084,-65.71079316983597,-31.203295,4,0,11.6501,0,2
5.952300168573856,41666.101180016994,18.186551936996963,-65.7107976258305,-34.415092,3,0,8.4383,2,2
5.952300168573856,41666.101180016994,18.18655193447763,-65.71079772406092,-32.856205,4,0,9.9972,2,2
5.952400166541338,41666.801165789366,18.18654493782016,-65.71082162852983,336.01117,0,0,378.8646,0,0
5.953100137412548,41671.70096188784,18.186500527845045,-65.7108034383076,-26.480658,4,0,16.3728,1,2
5.95320013910532,41672.40097373724,18.18649410258142,-65.71080411604368,-26.25118,4,0,16.6022,1,2
5.953300137072802,41673.10095950961,18.18648767811145,-65.71080477499913,-26.316319,4,0,16.5371,1,2
5.9534001387655735,41673.800971359015,18.18648125318085,-65.71080544275452,-26.23927,4,0,16.6142,1,2
5.9534001387655735,41673.800971359015,18.186481250121645,-65.71080556919614,-24.232384,4,0,18.621,2,2
5.95370014756918,41675.90103298426,18.186461978977004,-65.71080742304882,-26.35514,4,0,16.4983,1,2
5.954400159418583,41680.80111593008,18.18641700679941,-65.71081208118721,-25.925577,4,0,16.9278,2,2
5.954600159078836,41682.201113551855,18.186404154144487,-65.71081357336979,-23.215822,4,0,19.6376,2,2
5.954600159078836,41682.201113551855,18.18640416469093,-65.71081314540231,-30.008211,4,0,12.8452,0,2
5.954900156706572,41684.301096946,18.18638488262124,-65.71081553809742,-23.46961,4,0,19.3838,2,2
5.955000158399344,41685.001108795404,18.18637846277001,-65.71081602272228,-26.251314,4,0,16.6021,2,2
5.955100156366825,41685.701094567776,18.186372038659385,-65.71081670500669,-25.892008,4,0,16.9614,2,2
5.955200158059597,41686.40110641718,18.18636561496578,-65.71081735712124,-26.009138,4,0,16.8443,2,2
5.955300156027079,41687.10109218955,18.18635918672662,-65.7108181990617,-23.110352,4,0,19.7431,2,2
5.9554001577198505,41687.80110403896,18.186352768821845,-65.7108186233049,-26.83797,4,0,16.0155,2,2
5.955500159412623,41688.50111588836,18.18634633925848,-65.71081951735137,-23.10644,4,0,19.747,2,2
5.9558001682162285,41690.6011775136,18.186327068990504,-65.71082147121915,-23.452208,4,0,19.4012,2,2
5.95590016618371,41691.30116328597,18.18632064622912,-65.71082211540053,-23.673676,4,0,19.1797,2,2
5.956200167536736,41693.40117275715,18.18630137552452,-65.7108241328661,-22.973415,4,0,19.88,2,2
5.956200167536736,41693.40117275715,18.186301375469824,-65.71082413480426,-22.942667,4,0,19.9108,2,2
5.956400137394667,41694.80096176267,18.18628853619954,-65.710825267313,-25.829247,4,0,17.0242,2,2
5.95660013705492,41696.20095938444,18.18627569072117,-65.71082658212434,-25.81374,4,0,17.0397,2,2
5.956700138747692,41696.900971233845,18.186269260826084,-65.71082752775197,-21.227365,4,0,21.6261,2,2
5.957200147211552,41700.40103048086,18.186237154297768,-65.71083058347624,-24.792929,4,0,18.0605,2,2
5.957200147211552,41700.40103048086,18.186237149201617,-65.71083079136156,-21.493504,4,0,21.3599,0,2
5.957300148904324,41701.101042330265,18.186230734071643,-65.71083116278476,-26.002312,4,0,16.8511,2,2
5.957600146532059,41703.20102572441,18.186211468472,-65.7108331405544,-25.805305,4,0,17.0481,2,2
5.957700148224831,41703.90103757381,18.18620504543556,-65.71083384293645,-25.049728,4,0,17.8037,2,2
5.957700148224831,41703.90103757381,18.186205045422152,-65.71083384341205,-25.042183,4,0,17.8112,2,2
5.958400156348944,41708.801094442606,18.186160095703546,-65.71083847656027,-24.167692,4,0,18.6857,2,2
5.958700157701969,41710.90110391378,18.18614083228829,-65.710840506699,-23.042248,4,0,19.8112,2,2
5.959000166505575,41713.00116553903,18.186121572459104,-65.71084241345628,-23.849636,4,0,19.0038,2,2
5.959100168198347,41713.70117738843,18.186115152075462,-65.71084308848934,-23.48645,4,0,19.367,2,2
5.9594001695513725,41715.80118685961,18.18609589320848,-65.71084504129277,-23.527418,4,0,19.326,2,2
5.959500167518854,41716.50117263198,18.18608947420629,-65.71084568263545,-23.687412,4,0,19.166,2,2
5.959600169211626,41717.20118448138,18.186083053765746,-65.71084637388584,-23.05297,4,0,19.8005,2,2
5.959800139069557,41718.6009734869,18.18607021878973,-65.71084763751989,-23.657955,4,0,19.1955,2,2
5.959900137037039,41719.30095925927,18.18606380013183,-65.71084828859168,-23.652058,4,0,19.2014,2,2
5.960000138729811,41720.00097110868,18.186057376301665,-65.71084913785943,-20.498463,4,0,22.355,2,2
5.960200138390064,41721.40096873045,18.18604453965649,-65.71085043284675,-20.586517,4,0,22.2669,2,2
5.960400149226189,41722.80104458332,18.186031702626327,-65.71085173664638,-20.524736,4,0,22.3287,2,2
5.96050014719367,41723.50103035569,18.18602528531875,-65.71085237044429,-20.776102,4,0,22.0773,2,2
5.960800148546696,41725.60103982687,18.1860060320416,-65.71085433489736,-20.513964,4,0,22.3395,2,2
5.960900146514177,41726.30102559924,18.18599961506207,-65.71085497849565,-20.598846,4,0,22.2546,2,2
5.961100146174431,41727.701023221016,18.1859867812543,-65.7108562683659,-20.71842,4,0,22.135,2,2
5.961100146174431,41727.701023221016,18.185986784869,-65.71085612191195,-23.04276,4,0,19.8107,0,2
5.961200147867203,41728.40103507042,18.1859803640776,-65.710856927103,-20.55537,4,0,22.2981,2,2
5.961400158703327,41729.80111092329,18.185967538742844,-65.71085788816063,-25.878237,4,0,16.9752,2,2
5.961400158703327,41729.80111092329,18.18596753036304,-65.71085823100262,-20.436943,4,0,22.4165,2,2
5.961400158703327,41729.80111092329,18.1859675303073,-65.71085823298112,-20.405554,4,0,22.4479,2,2
5.961700156331062,41731.90109431744,18.185948282097264,-65.71086016765994,-20.542927,4,0,22.3105,2,2
5.961800158023834,41732.60110616684,18.185941866335952,-65.71086081064945,-20.613762,4,0,22.2397,2,2
5.961900155991316,41733.30109193921,18.1859354506454,-65.71086146549834,-20.493448,4,0,22.36,2,2
5.962000157684088,41734.00110378861,18.185929043954065,-65.71086176204238,-26.057104,4,0,16.7963,2,2
5.962400168180466,41736.80117726326,18.185903384201584,-65.71086430518315,-26.751905,4,0,16.1015,2,2
5.962500166147947,41737.50116303563,18.185896971582896,-65.7108648782795,-27.913584,4,0,14.9398,2,2
5.962900169193745,41740.30118435621,18.18587132171488,-65.7108671863206,-32.287952,4,0,10.5655,2,2
5.963100139051676,41741.70097336173,18.1858584920372,-65.71086865515447,-29.46089,4,0,13.3925,2,2
5.963400136679411,41743.80095675588,18.18583925480443,-65.71087052382214,-30.515842,4,0,12.3376,2,2
5.963400136679411,41743.80095675588,18.185839258229635,-65.71087037493928,-32.87908,4,0,9.9743,2,2
5.963400136679411,41743.80095675588,18.185839254744813,-65.7108705259391,-30.482256,4,0,12.3712,2,2
5.963500138372183,41744.50096860528,18.18583284757176,-65.71087093396207,-34.239826,4,0,8.6136,2,2
5.963900148868561,41747.301042079926,18.18580718739722,-65.71087394203234,-27.40812,3,0,15.4453,2,2
5.963900148868561,41747.301042079926,18.185807197934807,-65.71087351328909,-34.212536,4,0,8.6409,2,2
5.964000146836042,41748.0010278523,18.185800782995543,-65.71087429355173,-32.05001,4,0,10.8034,2,2
5.964000146836042,41748.0010278523,18.185800784115635,-65.71087424468776,-32.825638,4,0,10.0278,2,2
5.964000146836042,41748.0010278523,18.18580078749389,-65.71087410653936,-35.01816,4,0,7.8353,2,2
5.964900158345699,41754.301108419895,18.18574309356548,-65.71087975065299,-37.331123,4,0,5.5223,2,2
5.965400159358978,41757.80111551285,18.18571103826681,-65.71088330937351,-31.825123,4,0,11.0283,2,2
5.96550015732646,41758.50110128522,18.185704517796538,-65.71088851661396,40.62922,0,0,83.4826,0,0
5.965700156986713,41759.901098906994,18.18569181532205,-65.71088513984368,-33.33299,4,0,9.5204,2,2
5.966500137001276,41765.50095900893,18.185640552029604,-65.71089018358654,-35.526802,4,0,7.3266,0,2
5.966600138694048,41766.200970858335,18.18563414326852,-65.71089094338984,-33.57349,4,0,9.2799,2,2
5.967300146818161,41771.10102772713,18.18558930942145,-65.71089537062947,-33.998302,4,0,8.8551,2,2
5.967600148171186,41773.20103719831,18.18557009110261,-65.71089756349825,-29.46622,3,0,13.3872,2,2
5.967700146138668,41773.90102297068,18.18556369403051,-65.7108979551212,-33.33736,4,0,9.5161,2,2
5.968100156635046,41776.70109644532,18.18553809666179,-65.71089991356486,-42.590004,4,0,0.2634,2,2
5.968500159680843,41779.5011177659,18.185512479547096,-65.71090283545354,-36.530975,4,0,6.3224,2,2
5.9688001573085785,41781.60110116005,18.18549328560846,-65.71090436842474,-42.423084,4,0,0.4303,2,2
5.9688001573085785,41781.60110116005,18.185493277354297,-65.71090470719237,-37.04677,4,0,5.8067,2,2
5.9691001661121845,41783.70116278529,18.18547408372932,-65.71090627421651,-42.39011,4,0,0.4633,2,2
5.9691001661121845,41783.70116278529,18.185474082426,-65.71090632962068,-41.51076,4,0,1.3427,2,2
5.969700168818235,41787.90118172765,18.18543568325976,-65.71091023314222,-39.95919,4,0,2.8942,2,2
5.970200136303902,41791.40095412731,18.18540369694321,-65.71091330320975,-41.54327,4,0,1.3102,2,2
5.970800146460533,41795.60102522373,18.185365314701524,-65.71091708744105,-41.84145,4,0,1.012,2,2
5.970800146460533,41795.60102522373,18.18536530809516,-65.71091735857541,-37.538578,4,0,5.3148,2,2
5.971300147473812,41799.101032316685,18.18533333520141,-65.7109202902379,-41.29592,4,0,1.5575,2,2
5.971400156617165,41799.80109632015,18.18532693923621,-65.7109209345608,-41.127335,4,0,1.7261,2,2
5.971800159662962,41802.601117640734,18.18530136327231,-65.71092337630628,-42.598904,4,0,0.2545,2,1
5.971900157630444,41803.30110341311,18.185294969743143,-65.71092399843914,-42.780685,4,0,0.0727,2,1
5.972000159323216,41804.00111526251,18.18528857151841,-65.71092480496007,-40.036953,4,0,2.8165,2,2
5.972000159323216,41804.00111526251,18.18528857527925,-65.710924653133,-42.4463,4,0,0.4071,2,1
5.972700167447329,41808.9011721313,18.18524382453058,-65.71092908832334,-42.45054,4,0,0.4029,2,1
5.972700167447329,41808.9011721313,18.185243824619675,-65.71092908515749,-42.50076,4,0,0.3527,2,1
5.972900167107582,41810.30116975308,18.185230553468603,-65.71095023314211,273.00586,0,0,315.8593,0,0
5.973000168800354,41811.00118160248,18.18522464913873,-65.71093098508723,-42.51942,4,0,0.334,1,1
5.973000168800354,41811.00118160248,18.18522463568886,-65.7109315357382,-33.780903,4,0,9.0725,0,2
5.973300166428089,41813.101164996624,18.18520547585201,-65.71093288423009,-42.553474,4,0,0.2999,1,1
5.973300166428089,41813.101164996624,18.18520547574206,-65.71093288813691,-42.491497,4,0,0.3619,1,1
5.97350013628602,41814.50095400214,18.18519269630209,-65.71093415911763,-42.436092,4,0,0.4173,1,1
5.973800148814917,41816.601041704416,18.18517352530376,-65.71093605418584,-42.54391,4,0,0.3095,1,1
5.97400014847517,41818.00103932619,18.185160746129185,-65.71093732348304,-42.523975,4,0,0.3294,1,1
5.97400014847517,41818.00103932619,18.18516074615638,-65.71093732251697,-42.5393,4,0,0.3141,1,1
5.974300149828196,41820.10104879737,18.185141578548485,-65.7109392370854,-42.346317,4,0,0.5071,1,1
5.974300149828196,41820.10104879737,18.185141578974005,-65.71093922196627,-42.58616,4,0,0.2673,1,1
5.974500149488449,41821.50104641914,18.185128801875333,-65.71094049170456,-42.566586,4,0,0.2868,1,1
5.974500149488449,41821.50104641914,18.18512880184521,-65.71094049277494,-42.549606,4,0,0.3038,1,1
5.974600147455931,41822.20103219152,18.185122413856423,-65.71094112296562,-42.615105,4,0,0.2383,1,1
5.974600147455931,41822.20103219152,18.185122413679547,-65.71094112924987,-42.515415,4,0,0.338,1,1
5.974800147116184,41823.60102981329,18.18510963763644,-65.7109424054538,-42.39845,4,0,0.455,1,1
5.974900148808956,41824.30104166269,18.18510325013892,-65.71094303163451,-42.53066,4,0,0.3228,1,1
5.975100159645081,41825.70111751557,18.185090474962298,-65.71094429528674,-42.61965,4,0,0.2338,1,1
5.975100159645081,41825.70111751557,18.185090474962315,-65.7109442952861,-42.619663,4,0,0.2338,1,1
5.975200157612562,41826.401103287935,18.185084087921243,-65.71094493532702,-42.534626,4,0,0.3188,1,1
5.975300159305334,41827.10111513734,18.185077700908987,-65.71094557307644,-42.487377,4,0,0.366,1,1
5.975400157272816,41827.80110090971,18.18507131258323,-65.71094628213885,-41.309193,4,0,1.5442,0,2
5.975500158965588,41828.50111275911,18.185064927933816,-65.71094684109889,-42.51441,4,0,0.339,1,1
5.975900169461966,41831.30118623376,18.18503938321161,-65.71094939292817,-42.333237,4,0,0.5202,1,1
5.976100169122219,41832.70118385553,18.18502661244381,-65.71095066675507,-42.282692,4,0,0.5707,1,1
5.976100169122219,41832.70118385553,18.185026612822163,-65.71095065331453,-42.4959,4,0,0.3575,1,1
5.976200167089701,41833.40116962791,18.18502022801468,-65.71095128432455,-42.56606,4,0,0.2874,1,1
5.976300168782473,41834.10118147731,18.185013843085603,-65.71095191809286,-42.594193,4,0,0.2592,1,1
5.976400166749954,41834.80116724968,18.18500745829289,-65.71095255949807,-42.502388,4,0,0.351,1,1
5.976600166410208,41836.201164871454,18.18499469024324,-65.71095379616122,-43.055447,4,0,-0.202,1,1
5.976600166410208,41836.201164871454,18.184994689640472,-65.7109538266566,-42.571297,4,0,0.2821,1,1
5.97670016810298,41836.90117672086,18.184987745037493,-65.71097731966276,320.1612,0,0,363.0146,0,0
5.97670016810298,41836.90117672086,18.18498830521552,-65.71095446964462,-42.45887,4,0,0.3946,1,1
5.97670016810298,41836.90117672086,18.184988305565657,-65.71095445720779,-42.656155,4,0,0.1973,1,1
5.976800139993429,41837.600979954,18.184981923083527,-65.71095510527246,-42.46169,4,0,0.3917,1,1
5.976900137960911,41838.300965726376,18.184975539939025,-65.71095572456218,-42.727825,4,0,0.1256,1,1
5.976900137960911,41838.300965726376,18.184975539446302,-65.71095574206323,-42.450207,4,0,0.4032,1,1
5.976900137960911,41838.300965726376,18.18497553964365,-65.71095573505353,-42.5614,4,0,0.292,1,1
5.977000139653683,41839.00097757578,18.18496915618696,-65.710956363635,-42.682068,4,0,0.1714,1,1
5.977100137621164,41839.70096334815,18.18496277300815,-65.71095699735972,-42.722347,4,0,0.1311,1,1
5.977200139313936,41840.40097519755,18.18495638918921,-65.71095765195513,-42.433533,4,0,0.4199,1,1
5.977300137281418,41841.100960969925,18.184950006459704,-65.71095828279543,-42.522797,4,0,0.3306,1,1
5.977300137281418,41841.100960969925,18.184950006242776,-65.7109582905001,-42.400578,4,0,0.4528,1,1
5.97740014642477,41841.80102497339,18.184943623129826,-65.71095891617699,-42.57453,4,0,0.2789,1,1
5.978000149130821,41846.00104391575,18.18490532982527,-65.71096273127431,-42.680973,4,0,0.1724,1,1
5.978100147098303,41846.70102968812,18.18489894894936,-65.71096333797608,-43.1675,4,0,-0.3141,0,1
5.978500157594681,41849.501103162766,18.184873422531943,-65.71096593283468,-42.46655,4,0,0.3869,1,1
5.97900015860796,41853.00111025572,18.184841519842955,-65.71096913771086,-42.247646,4,0,0.6058,1,1
5.979300159960985,41855.101119726896,18.18482238054937,-65.71097104359454,-42.411568,4,0,0.4419,1,1
5.979500167071819,41856.501169502735,18.18480962146732,-65.71097231439822,-42.528603,4,0,0.3248,1,1
5.979500167071819,41856.501169502735,18.184809626079893,-65.7109721234049,-45.55945,4,0,-2.706,0,0
5.979500167071819,41856.501169502735,18.184809621886124,-65.71097229044963,-42.908894,4,0,-0.0555,1,1
5.979800168424845,41858.60117897391,18.184790484101725,-65.71097423850841,-42.435616,4,0,0.4178,1,1
5.979900166392326,41859.301164746284,18.184784105515828,-65.71097487734019,-42.449093,4,0,0.4043,1,1
5.980000168085098,41860.00117659569,18.18477772603202,-65.71097554499408,-42.008026,4,0,0.8454,0,1
5.980200137943029,41861.400965601206,18.18476416225664,-65.71100979633258,481.2308,0,0,524.0842,0,0
5.980800148099661,41865.601036697626,18.184725917136657,-65.71101272259364,466.66394,0,0,509.5174,0,0
5.981000147759914,41867.0010343194,18.184713153611625,-65.71101436864966,472.43277,0,0,515.2862,0,0
5.981000147759914,41867.0010343194,18.18471395010197,-65.71098191834369,-42.53183,4,0,0.3216,1,1
5.981000147759914,41867.0010343194,18.184713949952123,-65.71098192366169,-42.447475,4,0,0.4059,1,1
5.981100149452686,41867.7010461688,18.184707572863385,-65.71098256195948,-42.498272,4,0,0.3551,1,1
5.981100149452686,41867.7010461688,18.18470757276793,-65.71098256534688,-42.444542,4,0,0.4089,1,1
5.98130014911294,41869.10104379058,18.184694819240185,-65.71098384148694,-42.560482,4,0,0.2929,1,1
5.981400147080421,41869.80102956295,18.18468763393765,-65.71101742882288,480.25964,0,0,523.1131,0,0
5.981400147080421,41869.80102956295,18.184687831992825,-65.71100935729555,352.1621,0,0,395.0155,0,0
5.981400147080421,41869.80102956295,18.184688442841995,-65.71098447777332,-42.650337,4,0,0.2031,1,1
5.981400147080421,41869.80102956295,18.184688442764745,-65.71098448051464,-42.606853,4,0,0.2466,1,1
5.981700148433447,41871.90103903413,18.184669313130684,-65.71098641547121,-42.478542,4,0,0.3749,1,1
5.981800157576799,41872.6011030376,18.184662936935663,-65.71098703736287,-42.808144,4,0,0.0453,1,1
5.981800157576799,41872.6011030376,18.18466293663383,-65.71098704807228,-42.638268,4,0,0.2152,1,1
5.982000157237053,41874.00110065937,18.184650184459866,-65.71098833716594,-42.584824,4,0,0.2686,1,1
5.982100158929825,41874.70111250877,18.18464380849967,-65.71098898047312,-42.581837,4,0,0.2716,1,1
5.982200156897306,41875.401098281145,18.18463664943609,-65.71102152918994,463.73087,0,0,506.5843,0,0
5.982300158590078,41876.10111013055,18.18463105683104,-65.71099027910218,-42.392887,4,0,0.4605,1,1
5.982500158250332,41877.50110775232,18.184618309652187,-65.71099141665742,-44.77045,4,0,-1.917,0,0
5.982600159943104,41878.20111960173,18.18461193107646,-65.71099219132702,-42.696384,4,0,0.157,1,1
5.982700157910585,41878.9011053741,18.18460555607223,-65.71099283346896,-42.72764,4,0,0.1258,1,1
5.982700157910585,41878.9011053741,18.18460555579625,-65.71099284325864,-42.572353,4,0,0.2811,1,1
5.982800167053938,41879.601169377565,18.18459918030604,-65.71099348129354,-42.672638,4,0,0.1808,1,1
5.98290016874671,41880.30118122697,18.18459280508784,-65.7109941302774,-42.601234,4,0,0.2522,1,1
5.983100168406963,41881.70117884874,18.18458005567048,-65.71099541165317,-42.729538,4,0,0.1239,1,1
5.983300168067217,41883.10117647052,18.18456730606283,-65.71099671425328,-42.532326,4,0,0.3211,1,1
5.98360013961792,41885.20097732544,18.18454788061152,-65.71101102959668,153.89973,0,0,196.7532,0,0
5.98360013961792,41885.20097732544,18.18454818489294,-65.7109986422621,-42.66545,4,0,0.188,1,1
5.9837001375854015,41885.90096309781,18.18454102662624,-65.71103120538321,463.82916,0,0,506.6826,0,0
5.9837001375854015,41885.90096309781,18.18454181111293,-65.71099926779392,-42.988506,4,0,-0.1351,1,1
5.9837001375854015,41885.90096309781,18.18454181051039,-65.71099929823126,-42.505306,4,0,0.3481,1,1
5.983800139278173,41886.600974947214,18.18453543631681,-65.71099994235675,-42.53626,4,0,0.3172,1,1
5.983900137245655,41887.30096071959,18.18452828265461,-65.71103232866537,461.14615,0,0,503.9996,0,0
5.983900137245655,41887.30096071959,18.184529062549903,-65.71100058294356,-42.625828,4,0,0.2276,1,1
5.983900137245655,41887.30096071959,18.18452906231724,-65.71100059119402,-42.49496,4,0,0.3585,1,1
5.984100136905909,41888.70095834136,18.18451631436857,-65.71100188801769,-42.434868,4,0,0.4186,1,1
5.984400149434805,41890.801046043634,18.184497192475515,-65.71100382521256,-42.49534,4,0,0.3581,1,1
5.984400149434805,41890.801046043634,18.18449719288202,-65.71100381079962,-42.723953,4,0,0.1295,1,1
5.984500147402287,41891.501031816006,18.1844908191073,-65.71100446952286,-42.54323,4,0,0.3102,1,1
5.984600149095058,41892.20104366541,18.18448444549974,-65.7110051166807,-42.549263,4,0,0.3042,1,1
5.984900146722794,41894.30102705956,18.1844653256706,-65.7110070527087,-42.6708,4,0,0.1826,1,1
5.985300157219172,41897.1011005342,18.18443983199029,-65.71100966227087,-42.428276,4,0,0.4251,1,1
5.985700156539679,41899.90109577775,18.18441434074272,-65.71101224663434,-42.632015,4,0,0.2214,2,1
5.9858001582324505,41900.60110762715,18.18440796799036,-65.71101289153225,-42.709557,4,0,0.1439,2,1
5.986500170081854,41905.50119057298,18.184363281505075,-65.7110173101904,-43.616165,4,0,-0.7627,2,0
5.986600168049336,41906.20117634535,18.184356913493723,-65.71101803002884,-42.61976,4,0,0.2337,2,1
5.987200137227774,41910.400960594416,18.184318716301707,-65.71102197676878,-42.610283,4,0,0.2431,2,1
5.987500138580799,41912.5009700656,18.184299624632978,-65.71102363315451,-47.677082,0,0,-4.8237,0,0
5.987500138580799,41912.5009700656,18.18429961670518,-65.71102395928118,-42.502148,4,0,0.3513,2,1
5.988000147044659,41916.00102931261,18.18426700170633,-65.71105905460091,462.10287,0,0,504.9563,0,0
5.988100148737431,41916.701041162014,18.18426141978591,-65.71102782291082,-43.972652,4,0,-1.1192,0,0
5.988400150090456,41918.80105063319,18.1842414355043,-65.71106575280844,526.5013,4,0,569.3547,0,0
5.98860015720129,41920.20110040903,18.184228777757347,-65.7110639997529,477.71237,0,0,520.5658,0,0
5.989100158214569,41923.701107501984,18.18419695115707,-65.71106702854075,473.31528,0,0,516.1687,0,0
5.9894001595675945,41925.80111697316,18.1841777768968,-65.71107200194055,520.7341,4,0,563.5875,0,0
5.989700168371201,41927.9011785984,18.18415869609092,-65.71107314617001,507.3607,3,0,550.2141,0,0
5.990700136870146,41934.90095809102,18.18409503448092,-65.71107933993899,500.40256,0,0,543.256,0,0
5.991200149059296,41938.40104341507,18.184063199645355,-65.71108239915495,496.24008,0,0,539.0935,0,0
5.991600148379803,41941.20103865862,18.18403776843401,-65.71108332093392,468.6636,0,0,511.517,0,0
5.991700150072575,41941.90105050802,18.18403133445373,-65.71108662048643,510.47095,3,0,553.3244,0,0
5.991800148040056,41942.60103628039,18.18402490599769,-65.71108970158784,548.8105,4,0,591.6639,0,0
5.991900149732828,41943.3010481298,18.184018589840605,-65.71108821982895,514.73444,3,0,557.5879,0,0
5.992200158536434,41945.40110975504,18.183999479851376,-65.71109027491038,515.6565,4,0,558.5099,0,0
5.992900166660547,41950.30116662383,18.1839548860839,-65.71109506284726,517.63306,4,0,560.4865,0,0
5.993200168013573,41952.40117609501,18.18393664374015,-65.7110617692487,-42.435825,4,0,0.4176,0,1
5.993300169706345,41953.10118794441,18.18392939762417,-65.71109791630032,520.5911,4,0,563.4445,0,0
5.993400167673826,41953.80117371678,18.18392299107163,-65.7111000251499,543.4742,4,0,586.3276,0,0
5.993700169026852,41955.90118318796,18.18390386700751,-65.71110239685675,549.3488,4,0,592.2022,0,0
5.993700169026852,41955.90118318796,18.183903864967306,-65.71110247799936,550.63654,4,0,593.49,0,0
5.994100138545036,41958.70096981525,18.18387837929768,-65.71110509637747,549.8218,4,0,592.6752,0,0
5.994400147348642,41960.8010314405,18.18385927976644,-65.71110630974029,537.28467,4,0,580.1381,0,0
5.994400147348642,41960.8010314405,18.18385928272252,-65.71110618721812,535.3401,0,0,578.1935,0,0
5.994500149041414,41961.5010432899,18.183852879784705,-65.71110806422874,554.529,3,0,597.3824,0,0
5.994700148701668,41962.90104091168,18.183840149883206,-65.7111087063166,543.5156,4,0,586.369,0,0
5.995100148022175,41965.70103615522,18.183814640774862,-65.71111189332628,551.6743,4,0,594.5277,0,0
5.995200149714947,41966.40104800463,18.183808264901828,-65.71111261171043,552.4676,4,0,595.321,0,0
5.995300158858299,41967.101112008095,18.18380197650897,-65.7111097461148,496.38004,0,0,539.2335,0,0
5.995400156825781,41967.80109778047,18.1837955208354,-65.71111369272454,548.4046,3,0,591.258,0,0
5.99590015783906,41971.30110487342,18.183763692130626,-65.71111501886834,516.3896,4,0,559.243,0,0
5.996400158852339,41974.80111196637,18.183731761308124,-65.7111202602846,546.49146,4,0,589.3449,0,0
5.996500167995691,41975.50117596984,18.18372539968264,-65.71112026805652,535.9957,0,0,578.8491,0,0
5.99700016900897,41979.00118306279,18.183693508879845,-65.71112360852008,535.90967,0,0,578.7631,0,0
5.99700016900897,41979.00118306279,18.18369354000557,-65.71112234696194,515.8883,4,0,558.7417,0,0
5.997200168669224,41980.40118068457,18.18368073450528,-65.711125605608,546.3602,4,0,589.2136,0,0
5.997200168669224,41980.40118068457,18.18368076549522,-65.71112435793415,526.5595,4,0,569.4129,0,0
5.998400148004293,41988.80103603005,18.183604180871946,-65.71113305392332,537.0767,4,0,579.9301,0,0
5.9988001473248005,41991.6010312736,18.183578600710376,-65.71113770293312,568.3541,0,0,611.2075,0,0
5.9988001473248005,41991.6010312736,18.183578598919663,-65.71113777516359,569.5005,0,0,612.3539,0,0
5.99930015951395,41995.10111659765,18.18354670962725,-65.7111398192007,548.80707,3,0,591.6605,0,0
5.999800160527229,41998.601123690605,18.1835147556744,-65.7111442442595,565.90564,4,0,608.7591,0,0
6.0004001669585705,42002.80116870999,18.18347643002969,-65.71114837415443,567.69977,4,0,610.5532,0,0
6.000500168651342,42003.5011805594,18.18347005561713,-65.7111484952802,558.9985,4,0,601.8519,0,0
6.000500168651342,42003.5011805594,18.18347004098188,-65.71114908390501,568.34015,4,0,611.1936,0,0
6.000600140541792,42004.20098379254,18.183463667939847,-65.71114920440147,559.632,4,0,602.4854,0,0
6.0007001385092735,42004.90096956492,18.18345726379711,-65.71115050686412,569.6801,4,0,612.5335,0,0
6.0012001395225525,42008.40097665787,18.183424870318568,-65.71117190442715,856.1779,0,0,899.0313,0,0
6.001400150358677,42009.80105251074,18.18341253360132,-65.71115522980178,570.2867,4,0,613.1401,0,0
6.001900147646666,42013.30103352666,18.18338058327336,-65.7111582675926,565.4088,4,0,608.2622,0,0
6.002600159496069,42018.20111647248,18.18333582472213,-65.71116312563497,568.2114,4,0,611.0648,0,0
6.002700157463551,42018.90110224485,18.183329400929164,-65.71116498331722,587.0837,4,0,629.9371,0,0
6.002700157463551,42018.90110224485,18.18332944638864,-65.7111631448864,557.9065,4,0,600.7599,0,0
6.0032001696527,42022.4011875689,18.183297430781,-65.71116799882292,581.8994,3,0,624.7528,0,0
6.003300167620182,42023.10117334128,18.18329105234132,-65.71116794868044,570.4984,4,0,613.3518,0,0
6.003300167620182,42023.10117334128,18.183291026306144,-65.71116900254239,587.224,4,0,630.0774,0,0
6.003400169312954,42023.80118519068,18.183284626390712,-65.7111697992507,589.2637,4,0,632.1171,0,0
6.003500167280436,42024.50117096305,18.183278181391696,-65.71117240974729,620.0909,0,0,662.9443,0,0
6.004300139844418,42030.10097891092,18.18322699625004,-65.71117776911325,620.35895,0,0,663.2124,0,0
6.004300139844418,42030.10097891092,18.18322699826555,-65.71117767996046,618.9437,0,0,661.7971,0,0
6.004400137811899,42030.800964683294,18.183220595202098,-65.71117848917153,621.19257,0,0,664.046,0,0
6.004500139504671,42031.5009765327,18.18321422189803,-65.71117807602745,604.0423,0,0,646.8957,0,0
6.004800148308277,42033.60103815794,18.18319499223708,-65.71118118451977,621.6035,0,0,664.4569,0,0
6.004900150001049,42034.30105000734,18.183188691100085,-65.71117779469783,557.2154,4,0,600.0688,0,0
6.005000147968531,42035.00103577972,18.183182236757048,-65.711180610947,591.32465,4,0,634.1781,0,0
6.005000147968531,42035.00103577972,18.183182255909983,-65.71117983595738,579.0249,3,0,621.8783,0,0
6.005000147968531,42035.00103577972,18.18318228025517,-65.71117884168768,563.24475,4,0,606.0982,0,0
6.005300149321556,42037.10104525089,18.183163040971262,-65.71118217663604,584.41864,4,0,627.2721,0,0
6.005600146949291,42039.20102864504,18.183143804535263,-65.71118529762747,602.2088,0,0,645.0622,0,0
6.005900159478188,42041.30111634731,18.18312465038804,-65.71118494524411,564.8839,3,0,607.7373,0,0
6.005900159478188,42041.30111634731,18.183124657166992,-65.71118466996742,560.515,4,0,603.3684,0,0
6.006000157445669,42042.00110211968,18.183118230853548,-65.71118622989536,574.69824,4,0,617.5517,0,0
6.006100159138441,42042.70111396909,18.1831117811179,-65.71118871479268,603.56256,0,0,646.416,0,0
6.006300158798695,42044.10111159086,18.18309917499238,-65.71118893790593,585.0616,4,0,627.915,0,0
6.006500158458948,42045.50110921264,18.18308634560718,-65.7111900712542,582.02814,4,0,624.8816,0,0
6.006900168955326,42048.30118268728,18.18306066039066,-65.7111932484236,590.4277,4,0,633.2811,0,0
6.007000170648098,42049.001194536686,18.183054312390425,-65.71119104538641,544.9612,0,0,587.8146,0,0
6.00710016861558,42049.70118030906,18.18304785424144,-65.71119330480188,570.3192,4,0,613.1726,0,0
6.007700137794018,42053.900964558125,18.183009304557128,-65.71119859107732,591.24414,4,0,634.0976,0,0
6.007700137794018,42053.900964558125,18.18300941236201,-65.71119422709985,521.9847,0,0,564.8381,0,0
6.007900137454271,42055.3009621799,18.18299646812465,-65.71119970246198,587.9023,4,0,630.7557,0,0
6.008000139147043,42056.0009740293,18.182990047018208,-65.71120036541733,587.9361,4,0,630.7895,0,0
6.008000139147043,42056.0009740293,18.182990051148344,-65.711200192575,585.1927,4,0,628.0461,0,0
6.008500147610903,42059.50103327632,18.182957957841985,-65.71120281455343,574.38525,4,0,617.2387,0,0
6.008600149303675,42060.20104512572,18.18295157772366,-65.71120175550556,547.09784,0,0,589.9513,0,0
6.008800148963928,42061.6010427475,18.18293870081629,-65.71120433679611,567.10974,4,0,609.9632,0,0
6.0089001506567,42062.3010545969,18.182932242797783,-65.71120640193708,589.4095,4,0,632.2629,0,0
6.0089001506567,42062.3010545969,18.182932239990347,-65.71120651007573,591.12555,4,0,633.979,0,0
6.009300157427788,42065.101101994514,18.182906588920684,-65.71120736000948,562.72577,4,0,605.5792,0,0
6.00940015912056,42065.80111384392,18.182900208389366,-65.71120624739012,534.5991,0,0,577.4525,0,0
6.009600158780813,42067.20111146569,18.182887294687006,-65.71121018565226,576.16876,3,0,619.0222,0,0
6.009600158780813,42067.20111146569,18.182887370736744,-65.71120710291932,527.2437,0,0,570.0971,0,0
6.009700160473585,42067.901123315096,18.18288085184645,-65.7112115694219,587.66534,4,0,630.5188,0,0
6.009800158441067,42068.60110908747,18.18287444583461,-65.71121147416562,575.6907,4,0,618.5441,0,0
6.009900160133839,42069.30112093687,18.18286805314978,-65.71121081230629,554.7243,4,0,597.5777,0,0
6.010200168937445,42071.40118256211,18.18284880099143,-65.71121177639122,538.6458,0,0,581.4992,0,0
6.010300170630217,42072.10119441152,18.18284232536257,-65.71121445392512,570.6833,4,0,613.5367,0,0
6.010600168257952,42074.20117780566,18.182822779948985,-65.71122726362198,742.62476,0,0,785.4782,0,0
6.010600168257952,42074.20117780566,18.182823072157912,-65.71121542418342,554.7199,4,0,597.5733,0,0
6.010700169950724,42074.901189655066,18.182816603272457,-65.7112177973706,581.9321,4,0,624.7855,0,0
6.010800167918205,42075.60117542744,18.18281022042321,-65.71121669213413,553.94116,4,0,596.7946,0,0
6.010900139808655,42076.30097866058,18.182803790732265,-65.71121754872007,557.08966,4,0,599.9431,0,0
6.011000137776136,42077.00096443296,18.18279735015203,-65.71121877145657,566.04767,4,0,608.9011,0,0
6.011100139468908,42077.70097628236,18.18279098793756,-65.71121679694829,524.26416,0,0,567.1176,0,0
6.011500149965286,42080.50104975701,18.18276615949493,-65.71118371451102,-42.493385,4,0,0.36,2,1
6.012400157749653,42086.80110424757,18.182707402054984,-65.71122636932641,540.4853,4,0,583.3387,0,0
6.012400157749653,42086.80110424757,18.18270740223539,-65.71122636294959,540.38416,3,0,583.2376,0,0
6.012500159442425,42087.50111609697,18.182700942463367,-65.71122829219907,560.5721,4,0,603.4255,0,0
6.012600157409906,42088.20110186935,18.18269545157733,-65.71119093226244,-42.724148,4,0,0.1293,2,1
6.012700159102678,42088.90111371875,18.1826881358387,-65.71122757255185,528.294,4,0,571.1474,0,0
6.013300158083439,42093.10110658407,18.18264964538845,-65.71122821762559,475.98727,0,0,518.8407,0,0
6.013400159776211,42093.80111843348,18.182643099888782,-65.7112336041255,551.0521,4,0,593.9055,0,0
6.013500157743692,42094.50110420585,18.18263666368772,-65.71123457238123,555.99976,3,0,598.8532,0,0
6.013600170612335,42095.20119428635,18.18263028273841,-65.71123325337813,524.6467,4,0,567.5001,0,0
6.013600170612335,42095.20119428635,18.182630698591712,-65.71121637648092,256.81516,0,0,299.6686,0,0
6.013800170272589,42096.60119190812,18.182617446916225,-65.71123367452665,510.49646,0,0,553.3499,0,0
6.014200169593096,42099.40118715167,18.182591712194053,-65.7112370747129,522.8022,4,0,565.6556,0,0
6.014400139451027,42100.80097615719,18.18257882103917,-65.71123982277525,545.59564,3,0,588.4491,0,0
6.015000149607658,42105.00104725361,18.18254028739536,-65.71124211192954,519.4769,3,0,562.3303,0,0
6.015200149267912,42106.40104487538,18.18252736498151,-65.71124606059564,561.33496,3,0,604.1884,0,0
6.0158001482486725,42110.60103774071,18.182488842042066,-65.71124799742593,529.66425,4,0,572.5177,0,0
6.016000159084797,42112.00111359358,18.182475972528145,-65.71124979312577,537.36456,3,0,580.218,0,0
6.016000159084797,42112.00111359358,18.18247602793633,-65.71124754213568,501.6408,0,0,544.4942,0,0
6.01620015874505,42113.40111121535,18.18246307957282,-65.71125257958143,560.7925,4,0,603.6459,0,0
6.016300160437822,42114.10112306476,18.18245671350426,-65.71125070467114,520.64075,4,0,563.4942,0,0
6.016400158405304,42114.80110883713,18.18245026320412,-65.71125226627282,535.0286,3,0,577.882,0,0
6.016500160098076,42115.50112068653,18.18244385298891,-65.711252194757,523.49884,4,0,566.3523,0,0
6.016500160098076,42115.50112068653,18.182443851790303,-65.71125223719268,524.17206,4,0,567.0255,0,0
6.016700159758329,42116.90111830831,18.182430930704097,-65.71125620013788,566.2777,0,0,609.1311,0,0
6.016900170594454,42118.30119416118,18.18241811087398,-65.71125603067453,542.80164,3,0,585.6551,0,0
6.017100170254707,42119.70119178295,18.18240528794445,-65.71125603653933,522.11194,4,0,564.9654,0,0
6.017500169575214,42122.5011870265,18.18237950192088,-65.71126178028037,571.7069,0,0,614.5603,0,0
6.017700169235468,42123.90118464828,18.18236671824871,-65.71126024181643,526.5143,4,0,569.3677,0,0
6.017900139093399,42125.30097365379,18.182353814580857,-65.71126367241355,560.1867,4,0,603.0401,0,0
6.018000140786171,42126.0009855032,18.182347417991075,-65.71126310054936,540.72375,4,0,583.5772,0,0
6.018300138413906,42128.10096889734,18.182328154550667,-65.71126444729705,530.93884,3,0,573.7923,0,0
6.018300138413906,42128.10096889734,18.182328229941945,-65.71126138673783,482.3678,0,0,525.2212,0,0
6.018400147557259,42128.80103290081,18.18232172517472,-65.71126522028007,532.8201,3,0,575.6735,0,0
6.018500149250031,42129.50104475021,18.18231524551556,-65.7112680595979,567.4956,0,0,610.349,0,0
6.018700148910284,42130.90104237199,18.18230242246144,-65.71126822581189,549.36444,4,0,592.2179,0,0
6.018700148910284,42130.90104237199,18.182303339609,-65.71123092517962,-42.55091,4,0,0.3025,2,1
6.018800150603056,42131.60105422139,18.18229598873637,-65.71126921807601,554.72784,4,0,597.5813,0,0
6.018900148570538,42132.30103999376,18.18229051139589,-65.71123132226174,-57.013718,0,0,-14.1603,2,0
6.019100148230791,42133.70103761554,18.1822767206763,-65.71127089980699,550.2672,4,0,593.1206,0,0
6.019100148230791,42133.70103761554,18.18227675576518,-65.7112694750656,527.6564,4,0,570.5098,0,0
6.019700158387423,42137.90110871196,18.18223816723079,-65.7112751130846,554.8375,4,0,597.6909,0,0
6.019700158387423,42137.90110871196,18.18223822047854,-65.71127294469773,520.42487,4,0,563.2783,0,0
6.0198001600801945,42138.60112056136,18.18223182546576,-65.71127243455986,501.94745,0,0,544.8009,0,0
6.020700167864561,42144.90117505193,18.182173989159114,-65.71127960424221,522.3002,4,0,565.1536,0,0
6.020900167524815,42146.3011726737,18.182162023569912,-65.71124518934188,-44.575287,0,0,-1.7219,0,1
6.021500140428543,42150.5009829998,18.18212264324266,-65.71128403019627,509.4956,0,0,552.349,0,0
6.021700147539377,42151.90103277564,18.1821098070502,-65.71128518432245,507.04843,0,0,549.9019,0,0
6.021900150924921,42153.30105647445,18.182096945656543,-65.71128741017816,521.60925,4,0,564.4627,0,0
6.022200148552656,42155.40103986859,18.182077644480525,-65.71129121129842,550.7873,4,0,593.6407,0,0
6.02240014821291,42156.80103749037,18.1820648063036,-65.71129260875172,552.20026,4,0,595.0537,0,0
6.023100160062313,42161.70112043619,18.182019960029685,-65.71129420178217,504.79468,0,0,547.6481,0,0
6.023300159722567,42163.101118057966,18.18200706978628,-65.71129790162787,542.7407,0,0,585.5941,0,0
6.023300159722567,42163.101118057966,18.18200714466966,-65.71129485447516,494.38303,0,0,537.2365,0,0
6.023400157690048,42163.80110383034,18.18200067611952,-65.71129767216708,528.7136,0,0,571.567,0,0
6.023400157690048,42163.80110383034,18.18200069685116,-65.71129683674648,515.456,0,0,558.3094,0,0
6.02350015938282,42164.50111567974,18.18199432386669,-65.71129576560766,488.071,0,0,530.9244,0,0
6.023600161075592,42165.20112752914,18.18198783724157,-65.71129934446208,534.48035,0,0,577.3338,0,0
6.023600161075592,42165.20112752914,18.18198783443989,-65.7112994529506,536.20184,0,0,579.0553,0,0
6.023700159043074,42165.90111330152,18.18198144196284,-65.71129921927552,522.1071,0,0,564.9605,0,0
6.023900169879198,42167.30118915439,18.181968635252986,-65.71129961927278,507.67908,0,0,550.5325,0,0
6.024200167506933,42169.40117254853,18.18194936453514,-65.71130281961727,527.30225,0,0,570.1557,0,0
6.024300169199705,42170.101184397936,18.18194303927621,-65.71129989539526,470.5059,0,0,513.3593,0,0
6.024500168859959,42171.50118201971,18.181930193503952,-65.71130206315543,484.12735,0,0,526.9808,0,0
6.024600140750408,42172.20098525286,18.181923665496857,-65.71130751485113,560.25635,0,0,603.1098,0,0
6.02470013871789,42172.90097102523,18.18191734965649,-65.71130426219196,498.2455,0,0,541.0989,0,0
6.02470013871789,42172.90097102523,18.18191818634169,-65.71127017326396,-42.688377,4,0,0.165,2,1
6.025000140070915,42175.00098049641,18.181897867297707,-65.7113163640472,659.12335,0,0,701.9768,0,0
6.025100149214268,42175.701044499874,18.181891701394928,-65.71130702503329,500.51746,0,0,543.3709,0,0
6.025100149214268,42175.701044499874,18.181892541298183,-65.71127280140246,-42.553474,4,0,0.2999,2,1
6.025100149214268,42175.701044499874,18.1818925410582,-65.71127280992087,-42.41836,4,0,0.4351,2,1
6.026100147515535,42182.70103260875,18.18182758483753,-65.71131469349852,518.2369,0,0,561.0903,0,0
6.026400160044432,42184.80112031102,18.1818081444352,-65.7113181277404,541.3374,0,0,584.1908,0,0
6.026400160044432,42184.80112031102,18.18180904678345,-65.7112813367511,-42.47503,4,0,0.3784,2,1
6.026900161057711,42188.301127403975,18.18177618377721,-65.71132119566262,538.06134,0,0,580.9148,0,0
6.027000159025192,42189.001113176346,18.181770697153755,-65.71128493271387,-47.764137,4,0,-4.9107,0,3
6.027100168168545,42189.70117717981,18.181763457040912,-65.71132014146806,500.53946,0,0,543.3929,0,0
6.027200169861317,42190.40118902922,18.181757074523304,-65.71132042511613,494.64395,0,0,537.4974,0,0
6.027300167828798,42191.10117480159,18.1817506318942,-65.7113231801077,527.9671,0,0,570.8205,0,0
6.027300167828798,42191.10117480159,18.18175066513046,-65.71132182746372,506.5012,0,0,549.3546,0,0
6.027500167489052,42192.50117242336,18.181737849690748,-65.71132450951133,528.2657,0,0,571.1191,0,0
6.028500150889158,42199.50105622411,18.18167399680032,-65.71132954407949,504.1116,0,0,546.965,0,0
6.02860014885664,42200.20104199648,18.18166758529344,-65.71133118095985,519.6773,0,0,562.5307,0,0
6.028800148516893,42201.601039618254,18.18165429096725,-65.71135369460421,856.1519,0,0,899.0053,0,0
6.028800148516893,42201.601039618254,18.18165483496832,-65.71133151313106,504.12323,0,0,546.9767,0,0
6.028900150209665,42202.30105146766,18.18164842001049,-65.71133331989171,522.3813,0,0,565.2347,0,0
6.029000148177147,42203.00103724003,18.18164290736646,-65.71129836336263,-42.72967,4,0,0.1238,1,1
6.0292001478374,42204.4010348618,18.18163013511784,-65.711299676837,-42.719933,4,0,0.1335,1,1
6.029300149530172,42205.10104671121,18.181622906892844,-65.71133466729466,502.09445,0,0,544.9479,0,0
6.029400147497654,42205.80103248358,18.181616454574456,-65.71133804519685,545.2798,0,0,588.1332,0,0
6.029600158333778,42207.20110833645,18.181603732149096,-65.7113373816699,513.9042,0,0,556.7576,0,0
6.029900159686804,42209.30111780763,18.1815844999132,-65.711342557553,564.767,0,0,607.6204,0,0
6.030000157654285,42210.00110358,18.181578186945018,-65.7113403239828,518.8932,0,0,561.7466,0,0
6.030000157654285,42210.00110358,18.18157905538316,-65.71130493250692,-42.703358,4,0,0.1501,1,1
6.030200161039829,42211.401127278805,18.181566287634887,-65.71130625281701,-42.61072,4,0,0.2427,1,1
6.030400160700083,42212.80112490058,18.18155269323235,-65.71134130246996,492.69577,0,0,535.5492,0,0
6.030600167810917,42214.20117467642,18.181539848812147,-65.71134581663311,543.46216,0,0,586.3156,0,0
6.030800171196461,42215.601198375225,18.18152712286164,-65.71134553951397,518.1877,0,0,561.0411,0,0
6.03200015053153,42224.00105372071,18.181450487264904,-65.71135611241121,560.59924,0,0,603.4527,0,0
6.032600149512291,42228.20104658604,18.18141315359624,-65.7113217051531,-48.14407,4,0,-5.2906,0,3
6.0328001491725445,42229.60104420781,18.18139892236887,-65.71138305027532,904.40576,0,0,947.2592,0,0
6.033100157976151,42231.70110583305,18.18138125233376,-65.71132536068166,-42.485806,4,0,0.3676,1,1
6.033200159668922,42232.40111768246,18.181373985646346,-65.71136220580273,531.7006,0,0,574.554,0,0
6.033300157636404,42233.10110345483,18.181368496413,-65.71132669016974,-42.339222,4,0,0.5142,1,1
6.033400159329176,42233.80111530423,18.18136125697722,-65.71136244116873,514.4809,0,0,557.3343,0,0
6.0336001589894295,42235.201112926006,18.18134846756997,-65.71136516836611,536.7985,0,0,579.6519,0,0
6.033800158649683,42236.60111054778,18.181335815323656,-65.71136233360187,470.84467,0,0,513.6981,0,0
6.034100171178579,42238.701198250055,18.181316557573805,-65.7113694593882,552.4604,0,0,595.3138,0,0
6.0344001688063145,42240.8011816442,18.18129749942869,-65.71136853566016,506.3213,0,0,549.1747,0,0
6.034800138324499,42243.60096827149,18.18127191691101,-65.71137444177633,558.0544,0,0,600.9078,0,0
6.034800138324499,42243.60096827149,18.181271949892004,-65.71137310011432,536.7628,0,0,579.6162,0,0
6.034800138324499,42243.60096827149,18.181272856709228,-65.71133618685323,-48.978195,3,0,-6.1248,0,3
6.034800138324499,42243.60096827149,18.181272846969108,-65.71133658661815,-42.635162,4,0,0.2183,1,1
6.034900140017271,42244.3009801209,18.18126647069765,-65.71133725935935,-42.46297,4,0,0.3905,1,1
6.035500150173903,42248.50105121732,18.181228216741783,-65.71134123471667,-42.435303,4,0,0.4181,1,1
6.036100149154663,42252.70104408264,18.181189169850715,-65.71137761012325,471.65,0,0,514.5034,0,0
6.036200150847435,42253.401055932045,18.181182665112026,-65.71138356099603,555.56036,0,0,598.4138,0,0
6.036300159990788,42254.10111993551,18.18117721645096,-65.7113465205036,-42.72966,4,0,0.1238,1,1
6.036400157958269,42254.80110570789,18.18117084163735,-65.71134719112908,-42.61704,4,0,0.2364,1,1
6.036600161343813,42256.20112940669,18.181158091901786,-65.71134852512603,-42.512997,4,0,0.3404,1,1
6.036700159311295,42256.90111517906,18.181151719684525,-65.71134909110235,-44.06637,3,0,-1.2129,0,0
6.0368001610040665,42257.60112702847,18.181145361627607,-65.71134908507756,-54.69716,0,0,-11.8437,0,0
6.03700016066432,42259.00112465024,18.18113259387161,-65.71135117877634,-42.55311,4,0,0.3003,1,1
6.037700168788433,42263.90118151903,18.181087977363223,-65.7113556431768,-45.541477,3,0,-2.6881,0,0
6.0380001701414585,42266.00119099021,18.181068003573664,-65.7113922385336,503.48407,0,0,546.3375,0,0
6.0380001701414585,42266.00119099021,18.18106802291854,-65.71139145361016,491.02795,0,0,533.8814,0,0
6.03820013999939,42267.40097999573,18.181055218032363,-65.71139514672498,528.51556,0,0,571.369,0,0
6.038400139659643,42268.8009776175,18.18104336412345,-65.71136010462244,-48.66102,1,0,-5.8076,0,3
6.038600150495768,42270.20105347037,18.18102971742937,-65.71139792530317,530.3419,0,0,573.1953,0,0
6.038600150495768,42270.20105347037,18.18102975043273,-65.71139658430121,509.06104,0,0,551.9145,0,0
6.038800150156021,42271.60105109215,18.18101699963748,-65.7113980040528,510.44733,0,0,553.3008,0,0
6.038900148123503,42272.30103686452,18.181010667949643,-65.71139694770042,483.10947,0,0,525.9629,0,0
6.039000149816275,42273.00104871392,18.181005108357912,-65.71136449103768,-42.48616,4,0,0.3673,1,1
6.039000149816275,42273.00104871392,18.1810051083079,-65.71136449280884,-42.45807,4,0,0.3954,1,1
6.039200149476528,42274.4010463357,18.180992373903354,-65.7113652487226,-51.619034,1,0,-8.7656,0,3
6.0393001511693,42275.1010581851,18.180985985295106,-65.71136648810158,-42.534645,4,0,0.3188,1,1
6.039600148797035,42277.20104157925,18.18096686226661,-65.71136848464286,-42.60699,4,0,0.2464,1,1
6.039900161325932,42279.30112928152,18.180947751764663,-65.7113699216158,-51.575264,1,0,-8.7218,1,3
6.039900161325932,42279.30112928152,18.180947737409024,-65.71137050231788,-42.361595,4,0,0.4918,1,1
6.040200158953667,42281.40111267567,18.18092861370801,-65.71137250011827,-42.44562,4,0,0.4078,1,1
6.040700159966946,42284.90111976862,18.18089673949416,-65.71137583347166,-42.562454,4,0,0.291,1,1
6.040800169110298,42285.60118377209,18.18089036381731,-65.71137650370572,-42.53541,4,0,0.318,1,1
6.040800169110298,42285.60118377209,18.18089036375263,-65.71137650599485,-42.499104,4,0,0.3543,1,1
6.041200168430805,42288.40117901564,18.180864863064752,-65.71137917705143,-42.560715,4,0,0.2927,1,1
6.041400168091059,42289.80117663741,18.180852112063043,-65.71138051950619,-42.491867,4,0,0.3616,1,1
6.041400168091059,42289.80117663741,18.180852112228308,-65.7113805136574,-42.584633,4,0,0.2688,1,1
6.041800141334534,42292.600989341736,18.18082661186619,-65.71138317096893,-42.901726,4,0,-0.0483,1,1
6.041900139302015,42293.30097511411,18.18082023536533,-65.71138386761794,-42.472973,4,0,0.3804,1,1
6.042000140994787,42294.00098696351,18.180813859317627,-65.71138453685634,-42.48101,4,0,0.3724,1,1
6.04320016130805,42302.40112915635,18.18073733961373,-65.71139256048828,-42.8165,4,0,0.0369,1,1
6.043500158935785,42304.5011125505,18.18071820724549,-65.71139458647644,-42.615894,4,0,0.2375,1,1
6.043800160288811,42306.60112202168,18.18069907394312,-65.7113966004041,-42.62036,4,0,0.2331,1,1
6.044600170105696,42312.20119073987,18.180648045477195,-65.71140198545632,-42.465023,4,0,0.3884,1,1
6.044800169765949,42313.601188361645,18.180635287615207,-65.71140331920826,-42.63815,4,0,0.2153,1,1
6.044900171458721,42314.30120021105,18.18062819081471,-65.71143309175847,419.12012,0,0,461.9735,0,0
6.045000169426203,42315.00118598342,18.180622528644182,-65.71140467291889,-42.500057,4,0,0.3534,1,1
6.045800149440765,42320.60104608536,18.180571489418824,-65.71141004742309,-42.636845,4,0,0.2166,1,1
6.045800149440765,42320.60104608536,18.1805714894282,-65.7114100470917,-42.6421,4,0,0.2113,1,1
6.046400148421526,42324.80103895068,18.180533379907843,-65.71141341975368,-52.003517,1,0,-9.1501,1,3
6.046900160610676,42328.30112427473,18.180501398813995,-65.71141739810746,-42.76381,4,0,0.0896,1,1
6.047000158578157,42329.0011100471,18.180495004792306,-65.71141809377954,-42.505295,4,0,0.3481,1,1
6.047100160270929,42329.701121896505,18.180488611032374,-65.71141876636192,-42.61437,4,0,0.2391,1,1
6.047200158238411,42330.40110766888,18.1804822312065,-65.7114188772334,-51.636566,1,0,-8.7831,1,3
6.047600161284208,42333.20112898946,18.180456639332487,-65.71142216861996,-42.548054,4,0,0.3054,1,1
6.048800140619278,42341.60098433495,18.18037989432275,-65.71143033247067,-42.480083,4,0,0.3733,1,1
6.04890013858676,42342.30097010732,18.180373498221684,-65.71143100731751,-42.56425,4,0,0.2892,1,1
6.049000151455402,42343.00106018782,18.180367100797667,-65.71143169094148,-42.511116,4,0,0.3423,1,1
6.0493001490831375,42345.10104358196,18.180347926222108,-65.7114331017582,-52.504536,1,0,-9.6511,0,3
6.049400150775909,42345.801055431366,18.18034151355083,-65.71143441371869,-42.481186,4,0,0.3722,1,1
6.049500148743391,42346.50104120374,18.18033511657855,-65.71143509391942,-42.48175,4,0,0.3717,1,1
6.049500148743391,42346.50104120374,18.18033512426932,-65.71143478601205,-47.36719,4,0,-4.5138,0,0
6.0498001500964165,42348.60105067492,18.180315924582928,-65.71143712997412,-42.556885,4,0,0.2965,1,1
6.0498001500964165,42348.60105067492,18.18031592464488,-65.7114371277853,-42.591602,4,0,0.2618,1,1
6.05000014975667,42350.00104829669,18.18030312951884,-65.71143848636108,-42.622414,4,0,0.231,1,1
6.05000014975667,42350.00104829669,18.18030312948646,-65.71143848750532,-42.604267,4,0,0.2492,1,1
6.050200160592794,42351.40112414956,18.18029034002462,-65.71143956978563,-47.020035,4,0,-4.1666,0,0
6.050400160253048,42352.801121771336,18.18027719560634,-65.71145505809562,177.15681,0,0,220.0102,0,0
6.050400160253048,42352.801121771336,18.18027753727041,-65.71144120495839,-42.66113,4,0,0.1923,1,1
6.05050015822053,42353.50110754371,18.18027115527884,-65.71144123713894,-52.94327,1,0,-10.0898,3,3
6.050800159573555,42355.601117014885,18.18025194401229,-65.7114439293715,-42.60297,4,0,0.2505,1,1
6.050900168716908,42356.30118101835,18.18024554470523,-65.71144461644884,-42.493885,4,0,0.3595,1,1
6.050900168716908,42356.30118101835,18.18024554457392,-65.71144462108848,-42.42029,4,0,0.4331,1,1
6.051000170409679,42357.00119286776,18.18023914588966,-65.71144529984562,-42.441986,4,0,0.4114,1,1
6.051100168377161,42357.70117864013,18.180232747708715,-65.7114459661759,-42.65997,4,0,0.1935,1,1
6.051100168377161,42357.70117864013,18.1802327658815,-65.71144522461923,-54.4266,1,0,-11.5732,0,0
6.051500171422958,42360.50119996071,18.18020715172296,-65.71144869251985,-42.560314,4,0,0.2931,1,1
6.05160016939044,42361.20118573308,18.18020076871378,-65.711448727225,-52.797863,1,0,-9.9444,1,3
6.05160016939044,42361.20118573308,18.180200752927764,-65.7114493663726,-42.65637,4,0,0.1971,1,1
6.0518001690506935,42362.601183354855,18.18018795445916,-65.71145072888922,-42.61205,4,0,0.2414,1,1
6.052000138908625,42364.00097236037,18.18017484393076,-65.71146481126046,159.27487,0,0,202.1283,0,0
6.052000138908625,42364.00097236037,18.18017515778694,-65.71145208514646,-42.661034,4,0,0.1924,1,1
6.052200138568878,42365.40096998215,18.18016235883548,-65.71145344533811,-42.647797,4,0,0.2056,1,1
6.052500151097775,42367.50105768442,18.180143159030017,-65.71145548849242,-42.577602,4,0,0.2758,1,1
6.052600149065256,42368.20104345679,18.18013675958626,-65.711456159737,-42.70736,4,0,0.1461,1,1
6.05280014872551,42369.60104107857,18.180123977617164,-65.71145679551006,-54.178333,1,0,-11.3249,0,0
6.053000148385763,42371.00103870034,18.180111160467728,-65.7114588570483,-43.021774,4,0,-0.1684,1,1
6.053100150078535,42371.70105054975,18.180104759813137,-65.7114595650809,-42.562824,4,0,0.2906,1,1
6.05330016091466,42373.10112640262,18.18009195891957,-65.7114609269027,-42.503532,4,0,0.3499,1,1
6.053500160574913,42374.50112402439,18.18007917532161,-65.71146160659545,-53.26206,1,0,-10.4086,0,3
6.053500160574913,42374.50112402439,18.180079158708363,-65.71146228403946,-42.51261,4,0,0.3408,1,1
6.053700160235167,42375.901121646166,18.180066358005085,-65.71146365335748,-42.323486,4,0,0.5299,1,1
6.053700160235167,42375.901121646166,18.180066358398648,-65.7114636394501,-42.544083,4,0,0.3093,1,1
6.053800158202648,42376.60110741854,18.180059958440506,-65.71146431262771,-42.629486,4,0,0.2239,1,1
6.054000161588192,42378.001131117344,18.1800471578026,-65.71146566448287,-42.709797,4,0,0.1436,1,1
6.0542001612484455,42379.40112873912,18.18003435681856,-65.7114670331713,-42.517086,4,0,0.3363,1,1
6.054400160908699,42380.80112636089,18.18002157464533,-65.71146763446988,-54.49511,1,0,-11.6417,0,0
6.054600171744824,42382.20120221376,18.18000875444288,-65.71146975061028,-42.431282,4,0,0.4221,1,1
6.054700169712305,42382.901187986135,18.180002354342506,-65.71147042153373,-42.53925,4,0,0.3142,1,1
6.054700169712305,42382.901187986135,18.18000236900107,-65.71146982218117,-52.04969,1,0,-9.1963,0,3
6.054700169712305,42382.901187986135,18.1800023545672,-65.71147041359347,-42.6652,4,0,0.1882,1,1
6.054800171405077,42383.60119983554,18.17999595398958,-65.71147109252455,-42.644936,4,0,0.2085,1,1
6.054800171405077,42383.60119983554,18.179995953774306,-65.71147110013219,-42.524265,4,0,0.3292,1,1
6.0550001710653305,42385.00119745731,18.179983153277743,-65.71147244202211,-42.73172,4,0,0.1217,1,1
6.055100169032812,42385.701183229685,18.17997675276309,-65.7114731261734,-42.623226,4,0,0.2302,1,1
6.055200170725584,42386.40119507909,18.179970352301822,-65.711473799857,-42.679436,4,0,0.174,1,1
6.055300138890743,42387.1009722352,18.179963953593443,-65.71147448709307,-42.515312,4,0,0.3381,1,1
6.055400140583515,42387.800984084606,18.1799575531594,-65.71147515707149,-42.626827,4,0,0.2266,1,1
6.055600140243769,42389.20098170638,18.17994475192728,-65.71147652363219,-42.421795,4,0,0.4316,1,1
6.055800151079893,42390.60105755925,18.179931950955368,-65.71147785645854,-42.745537,4,0,0.1079,1,1
6.055900149047375,42391.30104333162,18.17992555047565,-65.71147853987178,-42.634068,4,0,0.2194,1,1
6.056100148707628,42392.7010409534,18.17991274963828,-65.71147989516486,-42.588554,4,0,0.2649,1,1
6.0562001504004,42393.4010528028,18.179906348888764,-65.71148058102783,-42.43266,4,0,0.4208,1,1
6.0562001504004,42393.4010528028,18.1799063492094,-65.71148056969655,-42.612396,4,0,0.241,1,1
6.056300148367882,42394.10103857517,18.179899949090924,-65.71148124223332,-42.665436,4,0,0.188,1,1
6.056300148367882,42394.10103857517,18.179899973793592,-65.71148023365686,-58.669422,0,0,-15.816,0,0
6.056500151753426,42395.50106227398,18.17988714821748,-65.71148259498838,-42.644226,4,0,0.2092,1,1
6.056600149720907,42396.20104804635,18.17988074783492,-65.71148327898057,-42.50927,4,0,0.3442,1,1
6.056600149720907,42396.20104804635,18.17988076302384,-65.71148266084973,-52.31765,1,0,-9.4642,0,3
6.056800149381161,42397.601045668125,18.17986794760832,-65.71148462212427,-42.627296,4,0,0.2261,1,1
6.056900158524513,42398.30110967159,18.17986154672474,-65.71148530134353,-42.562714,4,0,0.2907,1,1
6.057200159877539,42400.40111914277,18.17984234634328,-65.71148732410312,-42.589016,4,0,0.2644,1,1
6.057300161570311,42401.101130992174,18.179835946012066,-65.71148800515058,-42.485573,4,0,0.3678,1,1
6.057300161570311,42401.101130992174,18.179835946267005,-65.71148799614069,-42.62849,4,0,0.2249,1,1
6.057400159537792,42401.80111676455,18.179829546055498,-65.71148868265651,-42.43558,4,0,0.4178,1,1
6.057600159198046,42403.20111438632,18.179816746254325,-65.71149002946507,-42.459034,4,0,0.3944,1,1
6.057700160890818,42403.90112623572,18.17981035321737,-65.71149042214515,-46.921833,3,0,-4.0684,0,0
6.057700160890818,42403.90112623572,18.17981034639875,-65.7114906992808,-42.524292,4,0,0.3291,1,1
6.057900171726942,42405.301202088594,18.17979754583928,-65.71149205681616,-42.364315,4,0,0.4891,1,1
6.057900171726942,42405.301202088594,18.1797975461713,-65.71149204508227,-42.550438,4,0,0.303,1,1
6.058100171387196,42406.70119971037,18.17978474663234,-65.71149339846771,-42.44521,4,0,0.4082,1,1
6.058400169014931,42408.80118310452,18.1797655480598,-65.71149541798636,-42.43583,4,0,0.4176,1,1
6.058500170707703,42409.50119495392,18.17975916809533,-65.71149529954198,-54.988895,0,0,-12.1355,2,0
6.058600168675184,42410.20118072629,18.17975274915777,-65.7114967678004,-42.36175,4,0,0.4917,1,1
6.058600168675184,42410.20118072629,18.17975274926659,-65.71149676395474,-42.422752,4,0,0.4307,1,1
6.058700140565634,42410.90098395944,18.179746352050906,-65.71149742599144,-42.582954,4,0,0.2705,1,1
6.058700140565634,42410.90098395944,18.179746352080603,-65.71149742494173,-42.5996,4,0,0.2538,1,1
6.058700140565634,42410.90098395944,18.179746353950023,-65.71149734983366,-43.791374,4,0,-0.938,0,0
6.058700140565634,42410.90098395944,18.179746351748104,-65.71149743669281,-42.413208,4,0,0.4402,1,1
6.058800138533115,42411.60096973181,18.17973995296748,-65.71149809739937,-42.594643,4,0,0.2588,1,1
6.058800138533115,42411.60096973181,18.17973997332392,-65.71149726948363,-55.73192,0,0,-12.8785,2,0
6.058900140225887,42412.30098158121,18.179733553699467,-65.7114987691555,-42.598537,4,0,0.2549,1,1
6.058900140225887,42412.30098158121,18.179733553388235,-65.71149878015507,-42.42406,4,0,0.4294,1,1
6.059000138193369,42413.00096735358,18.17972715434228,-65.71149945474468,-42.379925,4,0,0.4735,1,1
6.059200141578913,42414.40099105239,18.17971435623098,-65.71150079488812,-42.42762,4,0,0.4258,1,1
6.059300150722265,42415.10105505586,18.17970795692686,-65.71150146059557,-42.517372,4,0,0.336,1,1
6.059300150722265,42415.10105505586,18.179707956718936,-65.71150146794406,-42.40081,4,0,0.4526,1,1
6.059400148689747,42415.80104082823,18.179701558273123,-65.71150213102821,-42.528214,4,0,0.3252,1,1
6.059400148689747,42415.80104082823,18.179701558229738,-65.71150213256145,-42.503895,4,0,0.3495,1,1
6.059500150382519,42416.50105267763,18.17969515950912,-65.7115027995259,-42.567356,4,0,0.2861,1,1
6.05960014835,42417.20103845,18.179688761492184,-65.71150345264498,-42.847233,4,0,0.0062,1,1
6.05960014835,42417.20103845,18.17968878415648,-65.7115025341154,-57.42226,4,0,-14.5688,0,0
6.059700150042772,42417.901050299406,18.179682362919696,-65.71150411063715,-43.047783,4,0,-0.1944,1,1
6.059800151735544,42418.60106214881,18.179675978996887,-65.71150419032861,-52.42137,4,0,-9.5679,2,3
6.059900149703026,42419.30104792118,18.17966956538821,-65.71150548405916,-42.52764,4,0,0.3258,1,1
6.060000151395798,42420.00105977058,18.179663167067908,-65.71150615054391,-42.58449,4,0,0.2689,1,1
6.060000151395798,42420.00105977058,18.17966319880951,-65.71150485695728,-63.111122,3,0,-20.2577,0,0
6.060500159859657,42423.5011190176,18.179631176238164,-65.71150950017807,-42.551903,4,0,0.3015,1,1
6.060500159859657,42423.5011190176,18.17963123407716,-65.71150715768077,-79.722015,0,0,-36.8686,0,0
6.060900159180164,42426.30111426115,18.17960558587784,-65.71151217174264,-42.600616,4,0,0.2528,1,1
6.060900159180164,42426.30111426115,18.179605586456244,-65.71151214226079,-43.068665,4,0,-0.2152,1,1
6.06120016053319,42428.40112373233,18.17958639367549,-65.71151418374174,-42.473473,4,0,0.3799,1,1
6.061500169336796,42430.50118535757,18.179567202428405,-65.71151617907466,-42.583576,4,0,0.2698,1,1
6.061800170689821,42432.60119482875,18.17954801448017,-65.71151809826739,-43.872883,4,0,-1.0195,0,0
6.061800170689821,42432.60119482875,18.17954801253155,-65.71151817617591,-42.63668,4,0,0.2167,1,1
6.061900168657303,42433.30118060112,18.179541564773817,-65.71152092398906,-9.609108,0,0,33.2443,0,0
6.061900168657303,42433.30118060112,18.179541631179948,-65.71151823353277,-52.301064,4,0,-9.4476,0,3
6.062200140208006,42435.40098145604,18.17952242965231,-65.71152083565168,-42.71244,4,0,0.141,1,1
6.062300141900778,42436.100993305445,18.179516033516244,-65.71152150396985,-42.669647,4,0,0.1838,1,1
6.062400139868259,42436.800979077816,18.179509638193338,-65.71152215591856,-42.88289,4,0,-0.0295,1,1
6.062600150704384,42438.20105493069,18.17949684606982,-65.71152349053412,-42.81398,4,0,0.0394,1,1
6.062600150704384,42438.20105493069,18.17949684587136,-65.71152349754821,-42.70272,4,0,0.1507,1,1
6.0627001486718655,42438.90104070306,18.17949045028818,-65.71152417085212,-42.56749,4,0,0.2859,1,1
6.063000150024891,42441.00105017424,18.17947128270688,-65.71152542202147,-54.3413,4,0,-11.4879,0,3
6.063300151377916,42443.10105964541,18.17945208000759,-65.71152815131805,-42.63035,4,0,0.2231,1,1
6.06350015103817,42444.50105726719,18.17943929092572,-65.71152947955098,-42.602356,4,0,0.2511,1,1
6.064000159502029,42448.001116514206,18.17940732001696,-65.71153279091875,-42.621258,4,0,0.2322,1,1
6.064100161194801,42448.70112836361,18.17940092664641,-65.71153343857723,-42.846783,4,0,0.0066,1,1
6.064200159162283,42449.40111413598,18.1793945325783,-65.7115341238706,-42.47158,4,0,0.3818,1,1
6.064500160515308,42451.50112360716,18.179375353313567,-65.71153608689028,-42.799496,4,0,0.0539,1,1
6.06460015848279,42452.20110937953,18.17936895982432,-65.71153677035335,-42.439823,4,0,0.4136,1,1
6.064900171011686,42454.30119708181,18.17934978108713,-65.71153874605504,-42.52714,4,0,0.3263,1,1
6.065000168979168,42455.001182854176,18.17934340595588,-65.71153870942256,-53.580193,4,0,-10.7268,0,3
6.0652001686394215,42456.40118047595,18.17933060430652,-65.7115407293017,-42.46268,4,0,0.3907,1,1
6.065400172024965,42457.80120417476,18.179317820434715,-65.71154204160321,-42.559677,4,0,0.2937,1,1
6.065400172024965,42457.80120417476,18.17931782033224,-65.71154204522462,-42.502235,4,0,0.3512,1,1
6.065700139850378,42459.900978952646,18.179298662789336,-65.71154340757144,-52.236076,4,0,-9.3827,0,3
6.065700139850378,42459.900978952646,18.17929864778489,-65.71154401911585,-42.53206,4,0,0.3214,1,1
6.06580014154315,42460.60099080205,18.179292256266752,-65.7115446826302,-42.448452,4,0,0.405,1,1
6.065900139510632,42461.30097657442,18.17928586532161,-65.71154533924957,-42.470425,4,0,0.383,1,1
6.065900139510632,42461.30097657442,18.179285865977228,-65.71154531608262,-42.8379,4,0,0.0155,1,1
6.066000141203404,42462.000988423824,18.17927947433626,-65.71154599388154,-42.52091,4,0,0.3325,1,1
6.066000141203404,42462.000988423824,18.179279474254034,-65.71154599678714,-42.47482,4,0,0.3786,1,1
6.066100150346756,42462.70105242729,18.179273082740444,-65.71154665830426,-42.413467,4,0,0.44,1,1
6.066100150346756,42462.70105242729,18.179273082884364,-65.71154665321863,-42.494133,4,0,0.3593,1,1
6.0663001500070095,42464.10105004907,18.17926016097783,-65.7115480902106,-42.4892,4,0,0.3642,1,1
6.066400151699781,42464.80106189847,18.17925377932677,-65.71154874679976,-42.37053,4,0,0.4829,1,1
6.066400151699781,42464.80106189847,18.1792537795327,-65.71154873952247,-42.485962,4,0,0.3675,1,1
6.066500149667263,42465.50104767084,18.17924739902704,-65.71154936923482,-42.789772,4,0,0.0636,1,1
6.066600151360035,42466.201059520245,18.17924101748686,-65.71155003229968,-42.56149,4,0,0.2919,1,1
6.06690014898777,42468.30104291439,18.17922187513333,-65.71155198611454,-42.4169,4,0,0.4365,1,1
6.067100159823895,42469.70111876726,18.17920911412393,-65.71155326742156,-42.641933,4,0,0.2115,1,1
6.067200161516666,42470.401130616665,18.179202733567283,-65.71155392555235,-42.471943,4,0,0.3815,1,1
6.06740016117692,42471.80112823844,18.179189973736623,-65.71155521910869,-42.482105,4,0,0.3713,1,1
6.06740016117692,42471.80112823844,18.17918997394976,-65.711555211578,-42.60156,4,0,0.2519,1,1
6.0675001591444016,42472.50111401081,18.179183594384032,-65.71155585719029,-42.620186,4,0,0.2332,1,1
6.0675001591444016,42472.50111401081,18.179183594114622,-65.71155586670879,-42.469204,4,0,0.3842,1,1
6.0676001608371735,42473.20112586021,18.17917721438435,-65.71155651434891,-42.452923,4,0,0.4005,1,1
6.0676001608371735,42473.20112586021,18.17917721445425,-65.71155651187938,-42.492096,4,0,0.3613,1,1
6.067700158804655,42473.901111632586,18.179170835371835,-65.71155714952683,-42.63084,4,0,0.2226,1,1
6.067900158464909,42475.30110925436,18.179158076496897,-65.7115584548668,-42.42298,4,0,0.4304,1,1
6.0680001601576805,42476.00112110376,18.17915169738793,-65.71155909828397,-42.461494,4,0,0.3919,1,1
6.068100169301033,42476.70118510723,18.17914531756193,-65.71155975456783,-42.293713,4,0,0.5597,1,1
6.068300168961287,42478.101182729006,18.179132575547456,-65.71156041718626,-52.260586,4,0,-9.4072,0,3
6.068300168961287,42478.101182729006,18.17913256073841,-65.71156102164286,-42.669083,4,0,0.1843,1,1
6.0684001706540585,42478.80119457841,18.179126182226483,-65.71156166069242,-42.765213,4,0,0.0882,1,1
6.0684001706540585,42478.80119457841,18.17912618201828,-65.71156166804755,-42.648544,4,0,0.2049,1,1
6.06850016862154,42479.50118035078,18.17911980373012,-65.71156231158302,-42.6703,4,0,0.1831,1,1
6.068700172007084,42480.90120404959,18.179107046710858,-65.7115636093615,-42.536366,4,0,0.3171,1,1
6.068900171667337,42482.30120167136,18.179094290789305,-65.71156489202892,-42.63081,4,0,0.2226,1,1
6.068900171667337,42482.30120167136,18.17909429071721,-65.7115648945752,-42.590424,4,0,0.263,1,1
6.069000139832497,42483.00097882748,18.179087914871456,-65.71156553790192,-42.598785,4,0,0.2546,1,1
6.069000139832497,42483.00097882748,18.179087914803063,-65.71156554031764,-42.560467,4,0,0.293,1,1
6.069300141185522,42485.100988298655,18.179068798435743,-65.71156678939927,-53.38415,4,0,-10.5307,2,3
6.069500152021647,42486.501064151525,18.179056038412035,-65.71156825910654,-50.48074,3,0,-7.6273,2,0
6.069600149989128,42487.2010499239,18.179049649502733,-65.71156938079997,-42.886288,4,0,-0.0329,1,1
6.069600149989128,42487.2010499239,18.17904964883084,-65.71156940452782,-42.509922,4,0,0.3435,1,1
6.0699001513421535,42489.30105939508,18.17903051786037,-65.71157131940843,-42.724243,4,0,0.1292,1,1
6.070000149309635,42490.001045167446,18.17902416041291,-65.71157117995939,-55.131565,4,0,-12.2781,0,0
6.070300150662661,42492.101054638624,18.17900501046273,-65.71157390003614,-42.542057,4,0,0.3114,1,1
6.070400159806013,42492.80111864209,18.178998633354663,-65.71157454040441,-42.567898,4,0,0.2855,1,1
6.070500161498785,42493.501130491495,18.17899227291793,-65.71157453026748,-52.912598,4,0,-10.0592,3,3
6.070700161159039,42494.90112811327,18.1789795038855,-65.7115764701886,-42.492424,4,0,0.361,1,1
6.070700161159039,42494.90112811327,18.178979504132965,-65.71157646145176,-42.63101,4,0,0.2224,1,1
6.07080015912652,42495.60111388564,18.178973127929886,-65.71157710513997,-42.594727,4,0,0.2587,1,1
6.070900160819292,42496.30112573504,18.17896675130824,-65.71157775760999,-42.417538,4,0,0.4359,1,1
6.070900160819292,42496.30112573504,18.178966754984977,-65.71157760975046,-44.763645,4,0,-1.9102,0,0
6.070900160819292,42496.30112573504,18.178966751558686,-65.71157774876855,-42.55778,4,0,0.2956,1,1
6.070900160819292,42496.30112573504,18.178966751861427,-65.71157773808086,-42.727303,4,0,0.1261,1,1
6.071100160479546,42497.70112335682,18.1789539991378,-65.71157903984486,-42.417107,4,0,0.4363,1,1
6.071100160479546,42497.70112335682,18.17895399919965,-65.71157903766142,-42.45174,4,0,0.4017,1,1
6.071100160479546,42497.70112335682,18.178954017073792,-65.71157831639236,-53.89628,4,0,-11.0429,3,3
6.0712001621723175,42498.40113520622,18.178947623206096,-65.71157967462243,-42.5148,4,0,0.3386,1,1
6.071400161832571,42499.801132828,18.178934871286657,-65.71158096067234,-42.442684,4,0,0.4107,1,1
6.071400161832571,42499.801132828,18.17893487194417,-65.71158093746295,-42.81082,4,0,0.0426,1,1
6.071400161832571,42499.801132828,18.17893488824039,-65.71158027194824,-53.370983,4,0,-10.5176,3,3
6.071900170296431,42503.30119207501,18.17890299279401,-65.7115841412922,-42.780315,4,0,0.0731,1,1
6.0720001719892025,42504.00120392442,18.178896616691425,-65.71158479665898,-42.53772,4,0,0.3157,1,1
6.072100169956684,42504.70118969679,18.17889024122599,-65.71158543938549,-42.493687,4,0,0.3597,1,1
6.072100169956684,42504.70118969679,18.17889024116707,-65.71158544146498,-42.460705,4,0,0.3927,1,1
6.072100169956684,42504.70118969679,18.17889024100064,-65.71158544733893,-42.367535,4,0,0.4859,1,1
6.072200171649456,42505.40120154619,18.178883362749644,-65.71160643533293,280.51733,0,0,323.3708,0,0
6.072300169616938,42506.10118731856,18.178877513152468,-65.71158579404427,-57.170692,4,0,-14.3173,0,0
6.072600141167641,42508.200988173485,18.17885836616775,-65.71158863184124,-42.585804,4,0,0.2676,1,1
6.072600141167641,42508.200988173485,18.17885836593053,-65.71158864021186,-42.453033,4,0,0.4004,1,1
6.072700139135122,42508.900973945856,18.1788519919561,-65.71158922867248,-43.26164,4,0,-0.4082,0,0
6.072900149971247,42510.30104979873,18.178839239546065,-65.71159055949535,-42.434216,4,0,0.4192,1,1
6.072900149971247,42510.30104979873,18.17883924336335,-65.71159040675603,-44.857685,4,0,-2.0043,0,0
6.072900149971247,42510.30104979873,18.178839239600933,-65.71159055755943,-42.464924,4,0,0.3885,1,1
6.072900149971247,42510.30104979873,18.17883923963856,-65.71159055623176,-42.48598,4,0,0.3674,1,1
6.073000151664019,42511.00106164813,18.178832864767145,-65.71159117969792,-42.73557,4,0,0.1179,1,1
6.073300149291754,42513.10104504228,18.17881373917135,-65.71159310561532,-42.596058,4,0,0.2574,1,1
6.073400150984526,42513.80105689168,18.17880736385902,-65.71159374717197,-42.554226,4,0,0.2992,1,1
6.073500148952007,42514.50104266405,18.178800989007925,-65.7115943812595,-42.629456,4,0,0.224,1,1
6.073600150644779,42515.201054513454,18.178793879032888,-65.71162474816764,429.1028,0,0,471.9562,0,0
6.073700148612261,42515.90104028583,18.17878823910515,-65.71159564919877,-42.7811,4,0,0.0723,1,1
6.073700148612261,42515.90104028583,18.178788238719942,-65.71159566278753,-42.565567,4,0,0.2879,1,1
6.073800150305033,42516.60105213523,18.17878187864319,-65.7115956870355,-52.314774,4,0,-9.4614,0,3
6.073900151997805,42517.30106398463,18.178775488574484,-65.71159693182777,-42.696465,4,0,0.157,1,1
6.074000161141157,42518.0011279881,18.178769112764485,-65.71159757579662,-42.611515,4,0,0.2419,1,1
6.074000161141157,42518.0011279881,18.17876911299893,-65.71159756752662,-42.742687,4,0,0.1107,1,1
6.074000161141157,42518.0011279881,18.17876911310682,-65.71159756372113,-42.803047,4,0,0.0504,1,1
6.074200160801411,42519.40112560988,18.17875636395141,-65.71159879739936,-43.489914,4,0,-0.6365,0,0
6.074400160461664,42520.80112323165,18.17874361243901,-65.71160013166241,-42.577652,4,0,0.2758,1,1
6.074500162154436,42521.50113508105,18.178737237207407,-65.71160077119468,-42.558662,4,0,0.2948,1,1
6.074500162154436,42521.50113508105,18.17873725913652,-65.71159988050627,-56.691257,4,0,-13.8378,0,0
6.074600160121918,42522.201120853424,18.178730862234666,-65.71160140957996,-42.55687,4,0,0.2966,1,1
6.074600160121918,42522.201120853424,18.17873086227289,-65.71160140823142,-42.57826,4,0,0.2752,1,1
6.07470016181469,42522.90113270283,18.178724487047507,-65.7116020467296,-42.574467,4,0,0.279,1,1
6.074800170958042,42523.601196706295,18.17871812420871,-65.71160215901985,-50.92036,3,0,-8.0669,0,0
6.074900168925524,42524.301182478666,18.178711736453867,-65.71160331878517,-42.644024,4,0,0.2094,1,1
6.074900168925524,42524.301182478666,18.178711736315368,-65.71160332366965,-42.566547,4,0,0.2869,1,1
6.074900168925524,42524.301182478666,18.17871175493217,-65.71160256792727,-54.557896,4,0,-11.7045,0,0
6.075000170618296,42525.00119432807,18.178705361552908,-65.71160394406878,-42.848293,4,0,0.0051,1,1
6.075300171971321,42527.10120379925,18.178686235315144,-65.71160587504303,-42.584114,4,0,0.2693,1,1
6.075500171631575,42528.50120142102,18.17867349496713,-65.71160673869319,-49.128235,3,0,-6.2748,0,0
6.075700171291828,42529.9011990428,18.17866073408232,-65.71160843026804,-42.534748,4,0,0.3187,1,1
6.075800139456987,42530.60097619891,18.178653976826315,-65.71162459614251,203.8549,0,0,246.7083,0,0
6.075800139456987,42530.60097619891,18.178654360539657,-65.71160907485978,-42.426884,4,0,0.4265,1,1
6.075900141149759,42531.30098804832,18.17864798734493,-65.7116096217022,-43.873066,4,0,-1.0196,0,0
6.076100140810013,42532.70098567009,18.178635234333782,-65.71161097999166,-42.56664,4,0,0.2868,1,1
6.076200138777494,42533.40097144246,18.178628886726138,-65.71161049352874,-60.407402,2,0,-17.554,0,0
6.076400149613619,42534.80104729533,18.17861610698618,-65.71161289485885,-42.552334,4,0,0.3011,1,1
6.076600149273872,42536.20104491711,18.17860335529488,-65.71161418117585,-42.387947,4,0,0.4655,1,1
6.076700150966644,42536.90105676651,18.1785969798191,-65.7116148043238,-42.6235,4,0,0.2299,1,1
6.076800148934126,42537.60104253888,18.1785906039434,-65.71161544795773,-42.53392,4,0,0.3195,1,1
6.077000148594379,42539.001040160656,18.178577852322054,-65.71161671613473,-42.65856,4,0,0.1949,1,1
6.077100150287151,42539.70105201006,18.178571475924283,-65.71161736352434,-42.510487,4,0,0.3429,1,1
6.077100150287151,42539.70105201006,18.178571475940835,-65.71161736294104,-42.519737,4,0,0.3337,1,1
6.077100150287151,42539.70105201006,18.1785714756482,-65.7116173732549,-42.35615,4,0,0.4973,1,1
6.077100150287151,42539.70105201006,18.178571476248763,-65.71161735208837,-42.69187,4,0,0.1616,1,1
6.077100150287151,42539.70105201006,18.17857149225536,-65.71161669779669,-53.073486,4,0,-10.2201,2,3
6.077300161123276,42541.10112786293,18.178558723940743,-65.71161859719608,-43.185642,4,0,-0.3322,0,0
6.077500160783529,42542.50112548471,18.17854598670264,-65.71161926367834,-52.86,4,0,-10.0066,3,3
6.077600158751011,42543.20111125708,18.17853959426827,-65.71162055381286,-42.515358,4,0,0.3381,1,1
6.077600158751011,42543.20111125708,18.17853959473084,-65.71162053751206,-42.7739,4,0,0.0795,1,1
6.077700160443783,42543.90112310648,18.17853321768516,-65.7116211932861,-42.49515,4,0,0.3583,1,1
6.077700160443783,42543.90112310648,18.17853328284585,-65.71161856359001,-84.2187,0,0,-41.3653,0,0
6.077800162136555,42544.60113495588,18.178526841245155,-65.71162182507082,-42.597393,4,0,0.256,1,1
6.077800162136555,42544.60113495588,18.178526840863416,-65.711621838523,-42.384033,4,0,0.4694,1,1
6.078000161796808,42546.00113257766,18.178514088088992,-65.71162309599536,-42.68665,4,0,0.1668,1,1
6.07810015976429,42546.70111835003,18.17850771112847,-65.71162374613608,-42.499073,4,0,0.3543,1,1
6.07810015976429,42546.70111835003,18.17850771093764,-65.71162375286032,-42.39242,4,0,0.461,1,1
6.078200161457062,42547.40113019943,18.17850133409077,-65.71162438773914,-42.447918,4,0,0.4055,1,1
6.078300159424543,42548.10111597181,18.178494957498188,-65.71162501902964,-42.560616,4,0,0.2928,1,1
6.078400161117315,42548.80112782121,18.178488580321297,-65.71162565952196,-42.52844,4,0,0.325,1,1
6.078400161117315,42548.80112782121,18.17848859663377,-65.71162499466728,-53.07747,4,0,-10.224,3,3
6.07860017195344,42550.20120367408,18.17847582550568,-65.71162693070389,-42.622528,4,0,0.2309,1,1
6.078700169920921,42550.90118944645,18.178469448288087,-65.7116275714681,-42.58794,4,0,0.2655,1,1
6.078700169920921,42550.90118944645,18.1784694481058,-65.71162757789014,-42.486084,4,0,0.3673,1,1
6.078700169920921,42550.90118944645,18.178469447848173,-65.71162758696644,-42.342125,4,0,0.5113,1,1
6.078800171613693,42551.60120129585,18.178462357415057,-65.711657036468,414.8124,0,0,457.6658,0,0
6.078800171613693,42551.60120129585,18.178463070366195,-65.71162822540035,-42.345695,4,0,0.5077,1,1
6.078800171613693,42551.60120129585,18.17846307038127,-65.71162822486909,-42.354122,4,0,0.4993,1,1
6.078900169581175,42552.301187068224,18.1784566934092,-65.71162885032719,-42.56397,4,0,0.2895,1,1
6.079000171273947,42553.00119891763,18.178450315663166,-65.7116294912813,-42.5293,4,0,0.3241,1,1
6.079000171273947,42553.00119891763,18.17845031609901,-65.71162947592742,-42.77282,4,0,0.0806,1,1
6.079200141131878,42554.400987923145,18.17843756177334,-65.71163078134106,-42.33005,4,0,0.5234,1,1
6.079200141131878,42554.400987923145,18.17843756207709,-65.71163077064105,-42.49976,4,0,0.3537,1,1
6.079400140792131,42555.80098554492,18.17842482185365,-65.71163141702964,-52.519978,4,0,-9.6666,0,3
6.079400140792131,42555.80098554492,18.17842480626264,-65.71163204730051,-42.519962,4,0,0.3335,1,1
6.079400140792131,42555.80098554492,18.1784248064206,-65.71163204173656,-42.608208,4,0,0.2452,1,1
6.079600151628256,42557.20106139779,18.17841204947836,-65.71163331816298,-42.637375,4,0,0.216,1,1
6.079800151288509,42558.601059019566,18.178399292608013,-65.71163460168904,-42.55718,4,0,0.2962,1,1
6.079900149255991,42559.30104479194,18.178392914129304,-65.71163524323488,-42.52205,4,0,0.3314,1,1
6.079900149255991,42559.30104479194,18.178392914316163,-65.71163523665345,-42.626434,4,0,0.227,1,1
6.080000150948763,42560.00105664134,18.17838653539508,-65.7116358814072,-42.54198,4,0,0.3114,1,1
6.0801001489162445,42560.70104241371,18.17838015684593,-65.71163651731999,-42.59858,4,0,0.2548,1,1
6.080200150609016,42561.40105426312,18.17837377759752,-65.71163716537228,-42.464256,4,0,0.3892,1,1
6.08040015026927,42562.80105188489,18.17836101953008,-65.7116384420417,-42.5073,4,0,0.3461,1,1
6.080500151962042,42563.50106373429,18.17835464022291,-65.7116390793933,-42.54657,4,0,0.3069,1,1
6.080600149929524,42564.20104950666,18.178348260942897,-65.71163971976448,-42.538914,4,0,0.3145,1,1
6.080600149929524,42564.20104950666,18.178348260906866,-65.71163972103322,-42.51879,4,0,0.3346,1,1
6.080700151622295,42564.90106135607,18.178341890677498,-65.71163997588536,-48.629753,4,0,-5.7763,0,0
6.080700151622295,42564.90106135607,18.17834188132204,-65.7116403593703,-42.54515,4,0,0.3083,1,1
6.080800160765648,42565.601125359535,18.178335500828087,-65.711641006132,-42.440212,4,0,0.4132,1,1
6.0809001587331295,42566.30111113191,18.17832912142557,-65.71164163738366,-42.581398,4,0,0.272,1,1
6.081100162118673,42567.70113483071,18.17831636119867,-65.71164291945227,-42.558598,4,0,0.2948,1,1
6.081300161778927,42569.10113245249,18.178303600630727,-65.71164420310808,-42.516266,4,0,0.3372,1,1
6.081300161778927,42569.10113245249,18.17830360064844,-65.71164420248492,-42.52615,4,0,0.3273,1,1
6.0814001597464085,42569.80111822486,18.178297220413807,-65.71164483958088,-42.582165,4,0,0.2713,1,1
6.0814001597464085,42569.80111822486,18.17829722047948,-65.71164483726842,-42.618843,4,0,0.2346,1,1
6.081600159406662,42571.20111584664,18.1782844591626,-65.71164611837075,-42.62642,4,0,0.227,1,1
6.081700161099434,42571.90112769604,18.178278078158595,-65.71164675952068,-42.623333,4,0,0.2301,1,1
6.081700161099434,42571.90112769604,18.17827807816654,-65.71164675924105,-42.62777,4,0,0.2257,1,1
6.081900171935558,42573.30120354891,18.17826531584806,-65.71164802074368,-42.957188,4,0,-0.1038,1,1
6.08200016990304,42574.00118932128,18.17825893392065,-65.71164868761305,-42.550846,4,0,0.3026,1,1
6.082100171595812,42574.70120117068,18.17825255216356,-65.71164933500071,-42.45559,4,0,0.3978,1,1
6.082300171256065,42576.10119879246,18.17823978877041,-65.71165061824884,-42.45279,4,0,0.4006,1,1
6.082400169223547,42576.80118456483,18.178233422825265,-65.71165062063001,-52.59594,4,0,-9.7425,2,3
6.08270014077425,42578.90098541975,18.178213605741057,-65.71167967265056,377.81296,0,0,420.6664,0,0
6.082900140434504,42580.300983041525,18.17820153396948,-65.71165297226102,-66.21584,2,0,-23.3624,0,0
6.083100140094757,42581.7009806633,18.178188731020747,-65.71165575028651,-42.527206,4,0,0.3262,1,1
6.083100140094757,42581.7009806633,18.178188731559004,-65.71165573134054,-42.82769,4,0,0.0257,1,1
6.083200141787529,42582.4009925127,18.17818237026108,-65.71165548206788,-56.979115,4,0,-14.1257,0,0
6.0833001509308815,42583.10105651617,18.178175963815733,-65.71165703356029,-42.562748,4,0,0.2907,1,1
6.083400148898363,42583.80104228854,18.178169598239844,-65.71165695886116,-53.94783,4,0,-11.0944,0,0
6.083400148898363,42583.80104228854,18.17816958010248,-65.7116576872448,-42.391678,4,0,0.4617,1,1
6.083400148898363,42583.80104228854,18.178169581405847,-65.71165763236921,-43.26241,4,0,-0.409,0,0
6.083500150591135,42584.501054137945,18.178163196414268,-65.711658325955,-42.460506,4,0,0.3929,1,1
6.083600152283907,42585.20106598735,18.17815681233009,-65.71165897015085,-42.44455,4,0,0.4089,1,1
6.0837001502513885,42585.90105175972,18.17815042883715,-65.71165959872654,-42.677837,4,0,0.1756,1,1
6.0838001519441605,42586.60106360912,18.178144044208263,-65.7116602530743,-42.50484,4,0,0.3486,1,1
6.0838001519441605,42586.60106360912,18.178144044429885,-65.71166024527452,-42.628544,4,0,0.2249,1,1
6.0838001519441605,42586.60106360912,18.1781440602062,-65.71165960903069,-52.722935,4,0,-9.8695,0,3
6.0838001519441605,42586.60106360912,18.17814404431098,-65.71166024945929,-42.562176,4,0,0.2912,1,1
6.0838001519441605,42586.60106360912,18.178144044091244,-65.71166025719278,-42.43952,4,0,0.4139,1,1
6.084200162440538,42589.40113708377,18.17811850497655,-65.71166282797762,-42.508255,4,0,0.3452,1,1
6.084200162440538,42589.40113708377,18.178118504884367,-65.71166283122143,-42.456806,4,0,0.3966,1,1
6.0845001600682735,42591.50112047792,18.178099349376826,-65.71166476020811,-42.515778,4,0,0.3376,1,1
6.084700159728527,42592.90111809969,18.1780865779886,-65.71166604973043,-42.510277,4,0,0.3431,1,1
6.084900159388781,42594.30111572146,18.17807380601516,-65.71166733504477,-42.580513,4,0,0.2729,1,1
6.085100159049034,42595.70111334324,18.178061032796915,-65.71166863912048,-42.362316,4,0,0.4911,1,1
6.085100159049034,42595.70111334324,18.17806103264927,-65.71166864431558,-42.279922,4,0,0.5735,1,1
6.085100159049034,42595.70111334324,18.17806103365701,-65.71166860885621,-42.8423,4,0,0.0111,1,1
6.085200171917677,42596.40120342374,18.17805464533032,-65.71166928265055,-42.39294,4,0,0.4605,1,1
6.085200171917677,42596.40120342374,18.178054645688867,-65.71166927003472,-42.59302,4,0,0.2604,1,1
6.0854001715779305,42597.80120104551,18.17804187271657,-65.71167051847165,-43.271538,4,0,-0.4181,1,0
6.085500169545412,42598.501186817884,18.178035485669035,-65.71167116153428,-43.315056,4,0,-0.4616,1,0
6.085600171238184,42599.20119866729,18.178029096705,-65.71167186625529,-42.38303,4,0,0.4704,1,1
6.085700169205666,42599.90118443966,18.178022709620144,-65.7116724977578,-42.614624,4,0,0.2388,1,1
6.0858001708984375,42600.60119628906,18.17801632152588,-65.71167314995583,-42.520763,4,0,0.3327,1,1
6.0858001708984375,42600.60119628906,18.178016321610592,-65.71167314697509,-42.56804,4,0,0.2854,1,1
6.086000140756369,42602.00098529458,18.17800354782445,-65.71167442247493,-42.842373,4,0,0.011,1,1
6.086800150573254,42607.601054012775,18.177952492827927,-65.71167933278048,-45.826183,4,0,-2.9728,0,0
6.086800150573254,42607.601054012775,18.17795249245986,-65.7116793457288,-45.62083,4,0,-2.7674,0,0
6.0869001522660255,42608.30106586218,18.177946092830485,-65.71168018735305,-42.66829,4,0,0.1851,1,1
6.087000150233507,42609.00105163455,18.17793969758599,-65.71168084946345,-42.566032,4,0,0.2874,1,1
6.087100151926279,42609.70106348395,18.177933302067235,-65.71168150626225,-42.55084,4,0,0.3026,1,1
6.087100151926279,42609.70106348395,18.1779333027276,-65.71168148303175,-42.919262,4,0,-0.0658,1,1
6.087200149893761,42610.401049256325,18.17792690653675,-65.71168216524745,-42.503,4,0,0.3504,1,1
6.087300151586533,42611.10106110573,18.177920526902327,-65.71168216914904,-52.850883,4,0,-9.9975,3,3
6.087300151586533,42611.10106110573,18.1779205109002,-65.71168281304841,-42.635323,4,0,0.2181,1,1
6.087400149554014,42611.8010468781,18.177914120603923,-65.71168324781524,-46.14947,4,0,-3.296,0,0
6.087600160390139,42613.20112273097,18.17790132893169,-65.71168449914929,-47.129208,4,0,-4.2758,0,0
6.087600160390139,42613.20112273097,18.177901321953804,-65.7116847806046,-42.66385,4,0,0.1896,1,1
6.087700162082911,42613.90113458037,18.177894925343224,-65.71168543665905,-42.674698,4,0,0.1787,1,1
6.087700162082911,42613.90113458037,18.177894925134503,-65.71168544400149,-42.55825,4,0,0.2952,1,1
6.087700162082911,42613.90113458037,18.177894924956647,-65.71168545025785,-42.45903,4,0,0.3944,1,1
6.087800160050392,42614.601120352745,18.177888529011053,-65.71168608483435,-42.81243,4,0,0.041,1,1
6.088000159710646,42616.00111797452,18.17787573414465,-65.71168743106948,-42.30399,4,0,0.5494,1,1
6.088000159710646,42616.00111797452,18.177875750423723,-65.71168677743272,-52.673965,4,0,-9.8205,3,3
6.088600169867277,42620.20118907094,18.177837347574325,-65.71169136218323,-42.539623,4,0,0.3138,1,1
6.088800169527531,42621.60118669272,18.177824556679468,-65.71169244124044,-46.304787,4,0,-3.4514,0,0
6.089000169187784,42623.00118431449,18.17781175296731,-65.71169400063681,-42.45797,4,0,0.3955,1,1
6.089000169187784,42623.00118431449,18.177811753628628,-65.71169397737299,-42.826923,4,0,0.0265,1,1
6.089200172573328,42624.401208013296,18.177798954194945,-65.71169532663441,-42.322536,4,0,0.5309,1,1
6.089600142091513,42627.20099464059,18.177773357485243,-65.71169795869302,-42.387985,4,0,0.4654,1,1
6.089900139719248,42629.300978034735,18.17775415725356,-65.71169992179762,-42.632843,4,0,0.2206,1,1
6.089900139719248,42629.300978034735,18.177754156840138,-65.71169993634119,-42.402184,4,0,0.4512,1,1
6.090000152587891,42630.001068115234,18.177747772002192,-65.71169993139365,-52.948967,4,0,-10.0955,0,3
6.090100150555372,42630.701053887606,18.177741354860583,-65.71170125254818,-42.457542,4,0,0.3959,1,1
6.090200152248144,42631.40106573701,18.177734953661712,-65.711701917825,-42.373787,4,0,0.4796,1,1
6.090300150215626,42632.10105150938,18.17772855329663,-65.7117025564864,-42.713524,4,0,0.1399,1,1
6.090500149875879,42633.50104913116,18.17771575065347,-65.71170387595548,-42.73024,4,0,0.1232,1,1
6.090600151568651,42634.20106098056,18.17770934834858,-65.71170455778388,-42.390976,4,0,0.4624,1,1
6.090700149536133,42634.90104675293,18.177702946977053,-65.71170520965241,-42.52816,4,0,0.3253,1,1
6.090800151228905,42635.60105860233,18.1776965447821,-65.71170587667183,-42.427116,4,0,0.4263,1,1
6.090800151228905,42635.60105860233,18.177696544707995,-65.71170587927904,-42.385773,4,0,0.4676,1,1
6.090800151228905,42635.60105860233,18.177696567242844,-65.71170496951969,-56.819252,4,0,-13.9658,0,0
6.091100160032511,42637.701120227575,18.177677337910872,-65.71170784714094,-42.619263,4,0,0.2342,1,1
6.091200161725283,42638.40113207698,18.17767093509503,-65.71170851460961,-42.517525,4,0,0.3359,1,1
6.091200161725283,42638.40113207698,18.17767093495764,-65.71170851944369,-42.440857,4,0,0.4126,1,1
6.091200161725283,42638.40113207698,18.1776709662896,-65.71170725517882,-62.498573,2,0,-19.6452,0,0
6.091500159353018,42640.501115471125,18.177651726959112,-65.71171049149689,-42.625404,4,0,0.228,1,1
6.09160016104579,42641.20112732053,18.17764532602456,-65.71171105406431,-44.194176,4,0,-1.3408,0,0
6.091700159013271,42641.9011130929,18.177638920345974,-65.71171182282848,-42.49224,4,0,0.3612,1,1
6.092000171542168,42644.00120079517,18.1776197089612,-65.7117138045016,-42.54751,4,0,0.3059,1,1
6.092100169509649,42644.701186567545,18.177613305292063,-65.71171446234908,-42.611107,4,0,0.2423,1,1
6.092100169509649,42644.701186567545,18.177613305334194,-65.71171446086674,-42.634617,4,0,0.2188,1,1
6.092200171202421,42645.40119841695,18.17760690116551,-65.71171512546854,-42.592697,4,0,0.2607,1,1
6.092500172555447,42647.50120788813,18.17758769695286,-65.71171676224566,-48.138508,4,0,-5.2851,0,0
6.092600170522928,42648.2011936605,18.17758129033289,-65.71171751155245,-46.757465,4,0,-3.904,2,0
6.0927001722157,42648.9012055099,18.17757489542306,-65.71171778186041,-52.977055,4,0,-10.1236,2,3
6.093000140041113,42651.00098028779,18.17755569630632,-65.71171921851564,-61.71229,2,0,-18.8589,0,0
6.093400150537491,42653.80105376244,18.17753004380928,-65.71172309015284,-42.346516,4,0,0.5069,2,1
6.093700151890516,42655.901063233614,18.17751082686088,-65.71172506034449,-42.642445,4,0,0.211,2,1
6.093700151890516,42655.901063233614,18.17751083758748,-65.71172462888806,-49.487495,4,0,-6.6341,0,0
6.09390015155077,42657.30106085539,18.17749801439331,-65.71172639733864,-42.470997,4,0,0.3824,2,1
6.094000149518251,42658.00104662776,18.1774916083189,-65.71172705845768,-42.5034,4,0,0.35,2,1
6.094300162047148,42660.101134330034,18.17747238844256,-65.711729034911,-42.716972,4,0,0.1364,1,1
6.094400160014629,42660.801120102406,18.17746598156657,-65.71172970894439,-42.547752,4,0,0.3057,2,1
6.094400160014629,42660.801120102406,18.17746598176393,-65.71172970199918,-42.657898,4,0,0.1955,1,1
6.094600159674883,42662.20111772418,18.177453167931606,-65.71173103350735,-42.58464,4,0,0.2688,1,1
6.094700161367655,42662.90112957358,18.177446760696952,-65.71173170088352,-42.523518,4,0,0.3299,1,1
6.094800159335136,42663.60111534596,18.17744035512084,-65.71173230573852,-43.454613,4,0,-0.6012,0,0
6.09500016272068,42665.00113904476,18.177427538939707,-65.711733689948,-42.550896,4,0,0.3025,1,1
6.09500016272068,42665.00113904476,18.177427539024343,-65.7117336869693,-42.598137,4,0,0.2553,1,1
6.095100160688162,42665.70112481713,18.1774211317752,-65.7117343494539,-42.61667,4,0,0.2368,1,1
6.095200162380934,42666.401136666536,18.17741472431365,-65.71173500773173,-42.70286,4,0,0.1506,1,1
6.095200162380934,42666.401136666536,18.17741472387996,-65.71173502299548,-42.46079,4,0,0.3926,1,1
6.095400162041187,42667.80113428831,18.177401908965475,-65.7117363379312,-42.660027,4,0,0.1934,1,1
6.095400162041187,42667.80113428831,18.17740190881467,-65.71173634323888,-42.57585,4,0,0.2776,1,1
6.095400162041187,42667.80113428831,18.177401918305183,-65.71173596420415,-48.589123,4,0,-5.7357,2,0
6.095400162041187,42667.80113428831,18.177401908979864,-65.71173633742474,-42.66806,4,0,0.1854,1,1
6.09550017118454,42668.50119829178,18.177395500369457,-65.71173700980178,-42.532936,4,0,0.3205,1,1
6.095800172537565,42670.60120776296,18.17737627644415,-65.71173900022738,-42.55094,4,0,0.3025,1,1
6.0961001701653,42672.7011911571,18.1773570567842,-65.71174079569083,-45.665092,4,0,-2.8117,0,0
6.09620014205575,42673.40099439025,18.177350645450964,-65.71174165432494,-42.573517,4,0,0.2799,1,1
6.096400141716003,42674.80099201202,18.17733782866688,-65.71174297686883,-42.65954,4,0,0.1939,1,1
6.096400141716003,42674.80099201202,18.17733782873609,-65.71174297443277,-42.698174,4,0,0.1552,1,1
6.096600141376257,42676.2009896338,18.17732501130918,-65.71174430935042,-42.588833,4,0,0.2646,1,1
6.096800152212381,42677.60106548667,18.177312193255567,-65.7117456314042,-42.685352,4,0,0.1681,1,1
6.096800152212381,42677.60106548667,18.177312209432905,-65.71174498089407,-53.00566,4,0,-10.1522,0,3
6.0971001498401165,42679.701048880816,18.177292967685982,-65.7117475768791,-43.4258,4,0,-0.5724,0,0
6.097200151532888,42680.40106073022,18.177286573119435,-65.71174765503824,-52.721203,4,0,-9.8678,0,0
6.097200151532888,42680.40106073022,18.1772865570384,-65.71174830219572,-42.45406,4,0,0.3994,1,1
6.09730014950037,42681.10104650259,18.177280148202865,-65.71174896100712,-42.537083,4,0,0.3163,1,1
6.097500149160624,42682.501044124365,18.17726732989932,-65.71175028648256,-42.578938,4,0,0.2745,1,1
6.097500149160624,42682.501044124365,18.1772673299296,-65.71175028541629,-42.595848,4,0,0.2576,1,1
6.097700152546167,42683.90106782317,18.17725451087137,-65.71175161898545,-42.509624,4,0,0.3438,1,1
6.097800150513649,42684.60105359554,18.17724810210737,-65.71175226572282,-42.78385,4,0,0.0696,1,1
6.097800150513649,42684.60105359554,18.177248101754063,-65.71175227816191,-42.586575,4,0,0.2668,1,1
6.0979001596570015,42685.30111759901,18.17724169161768,-65.71175294634382,-42.521755,4,0,0.3317,1,1
6.098000161349773,42686.001129448414,18.17723528220929,-65.71175360398661,-42.62314,4,0,0.2303,1,1
6.098000161349773,42686.001129448414,18.177235281817683,-65.71175361777453,-42.40447,4,0,0.449,1,1
6.098000161349773,42686.001129448414,18.17723528199373,-65.71175361157586,-42.502777,4,0,0.3506,1,1
6.098100159317255,42686.70111522079,18.177228872673098,-65.71175427290397,-42.545143,4,0,0.3083,1,1
6.098100159317255,42686.70111522079,18.17722887299753,-65.71175426148105,-42.726303,4,0,0.1271,1,1
6.098100159317255,42686.70111522079,18.177228872761173,-65.71175426980275,-42.594326,4,0,0.2591,1,1
6.098200161010027,42687.40112707019,18.17722246315277,-65.71175493133241,-42.633686,4,0,0.2197,1,1
6.098600160330534,42690.20112231374,18.177196831084792,-65.71175731978681,-46.875847,4,0,-4.0224,0,0
6.09890016913414,42692.30118393898,18.177176920259093,-65.7117868086178,389.39844,0,0,432.2519,0,0
6.099000170826912,42693.00119578838,18.17717118452855,-65.7117602454127,-42.591618,4,0,0.2618,1,1
6.099100172519684,42693.70120763779,18.177164774736298,-65.71176090223243,-42.70279,4,0,0.1506,1,1
6.099100172519684,42693.70120763779,18.177164774822334,-65.71176089920283,-42.750835,4,0,0.1026,1,1
6.099300172179937,42695.10120525956,18.17715195480984,-65.7117622335565,-42.642937,4,0,0.2105,1,1
6.099300172179937,42695.10120525956,18.177151957020165,-65.71176214671178,-44.020645,4,0,-1.1672,0,0
6.099400170147419,42695.80119103193,18.177145545146068,-65.71176289161588,-42.732674,4,0,0.1207,1,1
6.099500171840191,42696.501202881336,18.177139135301704,-65.71176354689949,-42.866325,4,0,-0.0129,1,1
6.0996001698076725,42697.20118865371,18.177132725015973,-65.7117642254233,-42.630478,4,0,0.2229,1,1
6.0996001698076725,42697.20118865371,18.17713272486061,-65.71176423089487,-42.5437,4,0,0.3097,1,1
6.099700141698122,42697.90099188685,18.17712631672348,-65.71176489181771,-42.583702,4,0,0.2697,1,1
6.099900141358376,42699.30098950863,18.177113497062223,-65.71176620553834,-42.796703,4,0,0.0567,1,1
6.100100141018629,42700.7009871304,18.177100676675234,-65.711767543052,-42.6299,4,0,0.2235,1,1
6.100200142711401,42701.40099897981,18.17709426652232,-65.71176820567975,-42.64292,4,0,0.2105,1,1
6.1003001518547535,42702.10106298328,18.177087859262866,-65.71176873135283,-44.82887,4,0,-1.9754,0,0
6.100400149822235,42702.801048755646,18.17708144609037,-65.71176952628495,-42.74104,4,0,0.1124,1,1
6.100500151515007,42703.50106060505,18.177075036042257,-65.71177018236301,-42.85594,4,0,-0.0025,1,1
6.100600149482489,42704.20104637742,18.17706862563438,-65.71177086170508,-42.600643,4,0,0.2528,1,1
6.100600149482489,42704.20104637742,18.177068625620425,-65.71177086219672,-42.592846,4,0,0.2606,1,1
6.100800149142742,42705.6010439992,18.17705580519032,-65.71177219894795,-42.42817,4,0,0.4253,1,1
6.100900150835514,42706.3010558486,18.177049395463992,-65.71177284605731,-42.682095,4,0,0.1713,1,1
6.101000152528286,42707.001067698,18.17704298479553,-65.71177352653078,-42.406063,4,0,0.4474,1,1
6.101100150495768,42707.70105347037,18.177036575192123,-65.71177417811313,-42.58699,4,0,0.2664,1,1
6.10120015963912,42708.40111747384,18.177030173488813,-65.71177448150017,-48.2924,4,0,-5.439,0,0
6.10120015963912,42708.40111747384,18.177030164595013,-65.71177483983861,-42.60736,4,0,0.2461,1,1
6.101300161331892,42709.10112932325,18.1770237545878,-65.71177549792048,-42.68385,4,0,0.1696,1,1
6.101400159299374,42709.801115095615,18.17701734450388,-65.71177616751675,-42.576427,4,0,0.277,1,1
6.101600162684917,42711.20113879442,18.17700452402669,-65.71177750234651,-42.428764,4,0,0.4247,1,1
6.101600162684917,42711.20113879442,18.177004524238463,-65.7117774948862,-42.547077,4,0,0.3063,1,1
6.101700160652399,42711.90112456679,18.17699813776916,-65.71177721708135,-57.46723,2,0,-14.6138,0,0
6.101800162345171,42712.6011364162,18.17699170425367,-65.71177882319235,-42.49863,4,0,0.3548,1,1
6.102100159972906,42714.70111981034,18.17697244610058,-65.71178197131647,-24.083172,0,0,18.7702,0,0
6.102100159972906,42714.70111981034,18.176972474699845,-65.71178081056316,-42.49891,4,0,0.3545,1,1
6.102300170809031,42716.101195663214,18.17695965444689,-65.711782131379,-42.560143,4,0,0.2933,1,1
6.102600172162056,42718.20120513439,18.17694042539281,-65.71178410738192,-42.724995,4,0,0.1284,1,1
6.102900169789791,42720.30118852854,18.176921196156485,-65.71178610915784,-42.470413,4,0,0.383,1,1
6.102900169789791,42720.30118852854,18.17692119610229,-65.71178611106748,-42.44013,4,0,0.4133,1,1
6.102900169789791,42720.30118852854,18.17692119638185,-65.71178610121714,-42.596348,4,0,0.2571,1,1
6.103000171482563,42721.00120037794,18.17691478669217,-65.71178676363857,-42.586094,4,0,0.2673,1,1
6.10350014269352,42724.50099885464,18.17688274104146,-65.71179008167964,-42.418465,4,0,0.435,1,1
6.103600151836872,42725.201062858105,18.17687633128909,-65.71179073918421,-42.479465,4,0,0.374,1,1
6.103800151497126,42726.60106047988,18.17686352147387,-65.71179171512665,-47.974983,4,0,-5.1216,0,0
6.103900149464607,42727.30104625225,18.1768571237112,-65.71179192682126,-55.103516,4,0,-12.2501,0,0
6.104400150477886,42730.8010533452,18.17682505931547,-65.71179602431306,-42.513527,4,0,0.3399,1,1
6.104500152170658,42731.50106519461,18.176818650747133,-65.71179667533372,-42.664318,4,0,0.1891,1,1
6.104700159281492,42732.901114970446,18.176805832677044,-65.71179800896834,-42.460926,4,0,0.3925,1,1
6.104900162667036,42734.30113866925,18.176793015401405,-65.71179933282176,-42.40644,4,0,0.447,1,1
6.105000160634518,42735.00112444162,18.17678660734564,-65.71179998645228,-42.508163,4,0,0.3453,1,1
6.10510016232729,42735.70113629103,18.176780199113256,-65.71180064054582,-42.601437,4,0,0.252,1,1
6.10510016232729,42735.70113629103,18.17678019915977,-65.7118006389065,-42.627434,4,0,0.226,1,1
6.105200160294771,42736.4011220634,18.17677379115685,-65.71180129598481,-42.67148,4,0,0.1819,1,1
6.105600159615278,42739.20111730695,18.176748159098505,-65.71180393713065,-42.629627,4,0,0.2238,1,1
6.105600159615278,42739.20111730695,18.176748158879125,-65.71180394486328,-42.506992,4,0,0.3464,1,1
6.105700172483921,42739.90120738745,18.176741750155298,-65.71180460805499,-42.447945,4,0,0.4055,1,1
6.105800170451403,42740.60119315982,18.17673534277468,-65.7118052604764,-42.556572,4,0,0.2968,1,1
6.106300171464682,42744.10120025277,18.17670333861568,-65.71180864674136,-42.342297,4,0,0.5111,1,1
6.106700140982866,42746.900986880064,18.176677008077288,-65.7118393994762,404.11322,0,0,446.9666,0,0
6.10690014064312,42748.30098450184,18.176664886651725,-65.71181255645189,-42.510487,4,0,0.3429,1,1
6.107000142335892,42749.00099635124,18.176658477783068,-65.71181321255308,-42.462345,4,0,0.3911,1,1
6.107500150799751,42752.50105559826,18.176626435589643,-65.71181647510814,-42.482094,4,0,0.3713,1,1
6.107600152492523,42753.20106744766,18.17662004420517,-65.71181644821505,-53.26013,4,0,-10.4067,0,3
6.107600152492523,42753.20106744766,18.17662002762821,-65.71181712283293,-42.55717,4,0,0.2963,1,1
6.107600152492523,42753.20106744766,18.1766200272687,-65.71181713550814,-42.35615,4,0,0.4973,1,1
6.107700150460005,42753.901053220034,18.17661362531833,-65.71181755680868,-46.021408,4,0,-3.168,0,0
6.107700150460005,42753.901053220034,18.17661361974091,-65.7118177805038,-42.47256,4,0,0.3809,1,1
6.107800152152777,42754.60106506944,18.176607212053337,-65.71181842697547,-42.564384,4,0,0.289,1,1
6.107800152152777,42754.60106506944,18.176607214706674,-65.71181831539081,-44.334843,4,0,-1.4814,0,0
6.107900150120258,42755.30105084181,18.176600804721364,-65.71181907360076,-42.651844,4,0,0.2016,1,1
6.108200162649155,42757.40113854408,18.17658158167031,-65.71182103516657,-42.56299,4,0,0.2904,1,1
6.108300160616636,42758.10112431645,18.176575184206307,-65.71182129758733,-48.73997,4,0,-5.8865,0,0
6.10850016027689,42759.50112193823,18.176562361069152,-65.71182298492867,-42.646282,4,0,0.2071,1,1
6.108700159937143,42760.90111956,18.176549548046253,-65.71182428051716,-42.76204,4,0,0.0914,1,1
6.108800161629915,42761.60113140941,18.176543141125887,-65.71182494580971,-42.540436,4,0,0.313,1,1
6.10900017246604,42763.00120726228,18.1765303446924,-65.71182556798055,-53.332756,4,0,-10.4793,0,3
6.10900017246604,42763.00120726228,18.176530328383866,-65.71182623325024,-42.778114,4,0,0.0753,1,1
6.109400171786547,42765.80120250583,18.176504705224755,-65.7118288425159,-42.688835,4,0,0.1646,1,1
6.109500169754028,42766.5011882782,18.17649830019764,-65.71182948520195,-42.81565,4,0,0.0378,1,1
6.1096001714468,42767.2012001276,18.176491911048057,-65.71182947473115,-53.304024,4,0,-10.4506,0,3
6.1096001714468,42767.2012001276,18.176491894235664,-65.711830157809,-42.46699,4,0,0.3864,1,1
6.109700169414282,42767.90118589997,18.17648548941798,-65.71183080385569,-42.53785,4,0,0.3156,1,1
6.109700169414282,42767.90118589997,18.176485489582863,-65.71183079804108,-42.630066,4,0,0.2234,1,1
6.109800171107054,42768.601197749376,18.17647908453361,-65.71183144932154,-42.617,4,0,0.2364,1,1
6.109900142997503,42769.30100098252,18.17647268164572,-65.71183209701213,-42.6565,4,0,0.1969,1,1
6.110000140964985,42770.000986754894,18.176466276946467,-65.711832755423,-42.527397,4,0,0.326,1,1
6.110100142657757,42770.7009986043,18.176459873222388,-65.71183336765583,-43.13016,4,0,-0.2767,0,0
6.110200140625238,42771.40098437667,18.176453468575577,-65.71183404453865,-42.705193,4,0,0.1482,1,1
6.110400140285492,42772.80098199844,18.176440660603067,-65.71183534253699,-42.737183,4,0,0.1162,1,1
6.110400140285492,42772.80098199844,18.17644066038321,-65.71183535029074,-42.614212,4,0,0.2392,1,1
6.1105001494288445,42773.50104600191,18.17643425621393,-65.71183599350512,-42.721092,4,0,0.1323,1,1
6.1105001494288445,42773.50104600191,18.17643425612549,-65.71183599662452,-42.671623,4,0,0.1818,1,1
6.110600151121616,42774.20105785132,18.17642785259776,-65.71183663988326,-42.77584,4,0,0.0776,1,1
6.110900152474642,42776.30106732249,18.17640864248221,-65.71183859742462,-42.640804,4,0,0.2126,1,1
6.111700162291527,42781.90113604069,18.176357423595785,-65.71184379005953,-42.66863,4,0,0.1848,1,1
6.111800160259008,42782.60112181306,18.176351022035902,-65.71184444430443,-42.585346,4,0,0.2681,1,1
6.11190016195178,42783.30113366246,18.176344620283007,-65.71184510607053,-42.382027,4,0,0.4714,1,1
6.112100161612034,42784.70113128424,18.176331818693665,-65.71184639013183,-42.5981,4,0,0.2553,1,1
6.112100161612034,42784.70113128424,18.176331819059712,-65.71184637722097,-42.80285,4,0,0.0506,1,1
6.112200159579516,42785.40111705661,18.17632541775814,-65.71184705127898,-42.40137,4,0,0.4521,1,1
6.112200159579516,42785.40111705661,18.17632541806244,-65.71184704054605,-42.571583,4,0,0.2818,1,1
6.112600170075893,42788.20119053125,18.17629982631341,-65.71184923340694,-48.94393,4,0,-6.0905,2,0
6.112600170075893,42788.20119053125,18.17629981586736,-65.71184965598609,-42.239887,4,0,0.6135,1,1
6.112700171768665,42788.90120238066,18.17629341607384,-65.7118503023446,-42.273678,4,0,0.5797,1,1
6.112800169736147,42789.60118815303,18.17628701678261,-65.71185094626593,-42.34491,4,0,0.5085,1,1
6.112800169736147,42789.60118815303,18.17628701696913,-65.71185093968681,-42.449245,4,0,0.4042,1,1
6.112900171428919,42790.30120000243,18.176280617983505,-65.711851571378,-42.71401,4,0,0.1394,1,1
6.113000173121691,42791.00121185184,18.176274218180016,-65.71185223888833,-42.409927,4,0,0.4435,1,1
6.113000173121691,42791.00121185184,18.17627422917951,-65.7118517967833,-49.42362,4,0,-6.5702,0,0
6.113000173121691,42791.00121185184,18.176274218057745,-65.71185224320102,-42.341534,4,0,0.5119,1,1
6.113300140947104,42793.100986629725,18.176255028714632,-65.71185398959992,-45.48406,4,0,-2.6306,0,0
6.113400142639875,42793.80099847913,18.176248625798344,-65.71185482221821,-42.55737,4,0,0.2961,1,1
6.113500140607357,42794.5009842515,18.17624222777355,-65.71185547077151,-42.549854,4,0,0.3036,1,1
6.113500140607357,42794.5009842515,18.17624222805405,-65.71185546087746,-42.706764,4,0,0.1467,1,1
6.113600142300129,42795.2009961009,18.176235833741103,-65.7118559592615,-45.081257,4,0,-2.2278,0,0
6.1137001402676105,42795.90098187328,18.1762294319851,-65.71185677186693,-42.46992,4,0,0.3835,1,1
6.113800153136253,42796.60107195377,18.17622303345553,-65.7118574263458,-42.367973,4,0,0.4854,1,1
6.114000152796507,42798.00106957555,18.17621023933693,-65.7118587121338,-42.526974,4,0,0.3264,1,1
6.114500150084496,42801.50105059147,18.17617825679324,-65.71186196268833,-42.34201,4,0,0.5114,1,1
6.114500150084496,42801.50105059147,18.176178258167383,-65.71186190519735,-43.254147,4,0,-0.4007,0,0
6.114600151777268,42802.20106244087,18.176171861360388,-65.71186259016234,-42.662796,4,0,0.1906,1,1
6.114600151777268,42802.20106244087,18.176171861332342,-65.71186259115142,-42.64711,4,0,0.2063,1,1
6.114600151777268,42802.20106244087,18.17617188078754,-65.71186180568212,-55.108047,4,0,-12.2546,0,0
6.114700149744749,42802.90104821324,18.176165483332376,-65.7118625314,-53.869423,4,0,-11.016,0,3
6.115000162273645,42805.00113591552,18.176146279282648,-65.71186518724241,-42.55861,4,0,0.2948,1,1
6.115000162273645,42805.00113591552,18.176146282097783,-65.71186506990347,-44.420254,4,0,-1.5668,0,0
6.115200161933899,42806.40113353729,18.176133489939048,-65.71186648409939,-42.530144,4,0,0.3233,1,1
6.1153001599013805,42807.101119309664,18.17612709553141,-65.71186713886415,-42.41468,4,0,0.4387,1,1
6.1154001615941525,42807.80113115907,18.176120701739343,-65.71186777120927,-42.6548,4,0,0.1986,1,1
6.115500159561634,42808.50111693144,18.176114331693903,-65.71186745574693,-57.93074,2,0,-15.0773,0,0
6.115700162947178,42809.901140630245,18.176101520399506,-65.7118697215713,-42.52721,4,0,0.3262,1,1
6.116500172764063,42815.50120934844,18.176050380125307,-65.71187489917722,-42.547745,4,0,0.3057,1,1
6.116500172764063,42815.50120934844,18.17605037995442,-65.71187490520444,-42.45216,4,0,0.4013,1,1
6.1166001707315445,42816.20119512081,18.17604398853592,-65.71187555563503,-42.40247,4,0,0.451,1,1
6.116900142282248,42818.30099597573,18.17602481738371,-65.71187749501537,-42.43952,4,0,0.4139,1,1
6.117100141942501,42819.70099359751,18.176012036810064,-65.71187877872178,-42.61206,4,0,0.2414,1,1
6.117200139909983,42820.40097936988,18.176005653717816,-65.71187914682486,-47.041004,4,0,-4.1876,0,0
6.117500152438879,42822.50106707215,18.175986476756613,-65.71188137483021,-42.50362,4,0,0.3498,1,1
6.117600150406361,42823.201052844524,18.17598008790848,-65.71188201375621,-42.636345,4,0,0.2171,1,1
6.117900151759386,42825.3010623157,18.1759609212096,-65.71188396693664,-42.458702,4,0,0.3947,1,1
6.118000149726868,42826.00104808808,18.175954535613283,-65.71188451397013,-44.049637,4,0,-1.1962,0,0
6.11810015141964,42826.70105993748,18.17594814505845,-65.71188525349007,-42.587803,4,0,0.2656,1,1
6.11810015141964,42826.70105993748,18.175948144869498,-65.7118852601535,-42.482132,4,0,0.3713,1,1
6.118200160562992,42827.40112394095,18.175941756320192,-65.71188591114691,-42.42556,4,0,0.4279,1,1
6.118400160223246,42828.80112156272,18.17592898121846,-65.71188720841198,-42.38607,4,0,0.4674,1,1
6.1185001619160175,42829.50113341212,18.17592259388484,-65.71188785712494,-42.365627,4,0,0.4878,1,1
6.118800163269043,42831.6011428833,18.17590343385417,-65.71188978980477,-42.51912,4,0,0.3343,1,1
6.118800163269043,42831.6011428833,18.175903434548164,-65.7118897653335,-42.907192,4,0,-0.0538,1,1
6.118900161236525,42832.30112865567,18.175897047519687,-65.71189044340056,-42.422108,4,0,0.4313,1,1
6.118900161236525,42832.30112865567,18.17589704764373,-65.71189043902693,-42.491467,4,0,0.362,1,1
6.1190001629292965,42833.00114050508,18.17589066140695,-65.7118910887368,-42.456818,4,0,0.3966,1,1
6.11920016258955,42834.40113812685,18.17587789625813,-65.71189212592175,-46.5485,4,0,-3.6951,0,0
6.119300160557032,42835.10112389922,18.175871506835325,-65.71189294711006,-43.79411,4,0,-0.9407,0,0
6.119400169700384,42835.80118790269,18.175865119268355,-65.71189366762599,-42.6386,4,0,0.2148,1,1
6.119600173085928,42837.201211601496,18.175852349034862,-65.71189497491389,-42.449192,4,0,0.4042,1,1
6.11970017105341,42837.90119737387,18.175845964387698,-65.7118956321517,-42.297848,4,0,0.5556,1,1
6.120000172406435,42840.001206845045,18.17582681259901,-65.71189755824572,-42.571194,4,0,0.2822,1,1
6.120200142264366,42841.40099585056,18.17581405012449,-65.71189875214331,-44.18332,4,0,-1.3299,0,0
6.120200142264366,42841.40099585056,18.17581404711096,-65.71189886739917,-42.35517,4,0,0.4983,1,1
6.120200142264366,42841.40099585056,18.175814047934544,-65.71189883836466,-42.815605,4,0,0.0378,1,1
6.12040014192462,42842.80099347234,18.1758012992059,-65.71189942832392,-54.014347,4,0,-11.1609,1,3
6.120600152760744,42844.20106932521,18.175788515392767,-65.71190144368855,-42.604347,4,0,0.2491,1,1
6.120600152760744,42844.20106932521,18.175788524171296,-65.71190108915219,-48.22865,4,0,-5.3752,0,0
6.120700150728226,42844.90105509758,18.17578213316073,-65.71190209350029,-42.57678,4,0,0.2766,1,1
6.120900150388479,42846.30105271936,18.17576936900454,-65.71190339690614,-42.46418,4,0,0.3892,1,1
6.121200151741505,42848.40106219053,18.17575022498308,-65.71190532698425,-42.69803,4,0,0.1554,1,1
6.121200151741505,42848.40106219053,18.17575022479369,-65.71190533365984,-42.592167,4,0,0.2613,1,1
6.121200151741505,42848.40106219053,18.175750241470123,-65.71190465571007,-53.347176,4,0,-10.4938,0,3
6.121300149708986,42849.1010479629,18.17574384412112,-65.71190597419339,-42.716244,4,0,0.1372,1,1
6.12150015309453,42850.50107166171,18.17573108232321,-65.71190727707604,-42.621685,4,0,0.2317,1,1
6.121800161898136,42852.60113328695,18.17571194133405,-65.7119092188769,-42.685265,4,0,0.1682,1,1
6.121900159865618,42853.30111905933,18.17570556126682,-65.71190988285359,-42.442757,4,0,0.4107,1,1
6.122800171375275,42859.60119962692,18.17564815239402,-65.71191570588321,-42.729527,4,0,0.1239,1,1
6.122900173068047,42860.301211476326,18.175641774193608,-65.71191636788174,-42.528828,4,0,0.3246,1,1
6.122900173068047,42860.301211476326,18.175641774240816,-65.71191636621862,-42.555202,4,0,0.2982,1,1
6.123000171035528,42861.0011972487,18.175635397008225,-65.71191700948582,-42.652264,4,0,0.2012,1,1
6.1231001727283,42861.7012090981,18.17562901937655,-65.7119176628385,-42.59105,4,0,0.2624,1,1
6.123400170356035,42863.80119249225,18.175609889047053,-65.71191959854737,-42.79918,4,0,0.0542,1,1
6.123600140213966,42865.200981497765,18.175597143228327,-65.7119206876762,-46.13499,4,0,-3.2816,0,0
6.123700141906738,42865.90099334717,18.175590763289048,-65.71192148400675,-43.812553,4,0,-0.9591,0,0
6.123900141566992,42867.30099096894,18.175578020661387,-65.71192241628098,-49.64698,4,0,-6.7936,0,0
6.123900141566992,42867.30099096894,18.175578009213485,-65.71192287359,-42.39262,4,0,0.4608,1,1
6.123900141566992,42867.30099096894,18.17557802679678,-65.71192216412409,-53.647255,4,0,-10.7938,1,3
6.124000143259764,42868.001002818346,18.17557163358461,-65.71192352000594,-42.45208,4,0,0.4013,1,1
6.124000143259764,42868.001002818346,18.17557163390636,-65.71192350867281,-42.631798,4,0,0.2216,1,1
6.124400150030851,42870.80105021596,18.175546132468288,-65.71192612152797,-42.451443,4,0,0.402,1,1
6.124600149691105,42872.20104783773,18.175533383172343,-65.71192742458815,-42.42231,4,0,0.4311,1,1
6.124700151383877,42872.90105968714,18.17552700873076,-65.7119280741138,-42.44178,4,0,0.4116,1,1
6.12490015104413,42874.30105730891,18.175514260368256,-65.71192938177661,-42.34799,4,0,0.5054,1,1
6.125000152736902,42875.00106915832,18.17550788651928,-65.71193002894103,-42.409134,4,0,0.4443,1,1
6.125000152736902,42875.00106915832,18.175507903373035,-65.71192934538375,-53.252857,4,0,-10.3994,2,3
6.12540016323328,42877.80114263296,18.175482400928733,-65.7119322791023,-48.038483,4,0,-5.1851,1,0
6.125500161200762,42878.50112840533,18.175476019892407,-65.711933262482,-42.772964,4,0,0.0805,1,1
6.125700160861015,42879.90112602711,18.175463301750185,-65.71193345739054,-60.354866,3,0,-17.5014,2,0
6.125800162553787,42880.60113787651,18.175456909363145,-65.71193490326827,-47.757774,4,0,-4.9044,0,0
6.125800162553787,42880.60113787651,18.175456901378137,-65.71193522940733,-42.583935,4,0,0.2695,1,1
6.125800162553787,42880.60113787651,18.175456901321407,-65.71193523140454,-42.552265,4,0,0.3012,1,1
6.125800162553787,42880.60113787651,18.175456921156893,-65.7119344340341,-55.201164,4,0,-12.3477,2,0
6.126000162214041,42882.001135498285,18.175444156927703,-65.71193652606294,-42.697655,4,0,0.1558,1,1
6.126200173050165,42883.40121135116,18.17543141180574,-65.71193784580824,-42.452583,4,0,0.4008,1,1
6.126300171017647,42884.10119712353,18.175424883918684,-65.71193845834374,-42.74725,4,0,0.1062,1,1
6.126400172710419,42884.80120897293,18.175418522089466,-65.71193911769078,-42.658203,4,0,0.1952,1,1
6.1265001706779,42885.5011947453,18.17541216055322,-65.7119397804998,-42.515526,4,0,0.3379,1,1
6.1265001706779,42885.5011947453,18.175412160936023,-65.71193976702361,-42.72923,4,0,0.1242,1,1
6.1265001706779,42885.5011947453,18.1754121672572,-65.71193950847757,-46.830776,4,0,-3.9774,0,0
6.126600172370672,42886.20120659471,18.175405799416254,-65.71194042625949,-42.645256,4,0,0.2082,1,1
6.126800172030926,42887.60120421648,18.175393077091314,-65.7119417433019,-42.504612,4,0,0.3488,1,1
6.126800172030926,42887.60120421648,18.17539307736496,-65.71194173366966,-42.657356,4,0,0.1961,1,1
6.127000141888857,42889.000993222,18.175380357722904,-65.71194304242574,-42.651764,4,0,0.2017,1,1
6.1271001398563385,42889.70097899437,18.17537399712428,-65.71194370207392,-42.569298,4,0,0.2841,1,1
6.127600152045488,42893.20106431842,18.175342194941862,-65.71194698633778,-42.406723,4,0,0.4467,1,1
6.127800151705742,42894.60106194019,18.175329493910738,-65.71194755102266,-54.235023,4,0,-11.3816,0,3
6.127900153398514,42895.3010737896,18.175323115505144,-65.71194895075426,-42.42687,4,0,0.4266,1,1
6.127900153398514,42895.3010737896,18.17532311572636,-65.71194894297187,-42.550278,4,0,0.3031,1,1
6.128100153058767,42896.70107141137,18.17531039639179,-65.71195026213637,-42.420918,4,0,0.4325,1,1
6.128100153058767,42896.70107141137,18.175310406880865,-65.71194983916762,-49.130596,4,0,-6.2772,0,0
6.128100153058767,42896.70107141137,18.17531039651941,-65.71195025764689,-42.49211,4,0,0.3613,1,1
6.128300152719021,42898.101069033146,18.17529767778847,-65.71195156782971,-42.512306,4,0,0.3411,1,1
6.128300152719021,42898.101069033146,18.175297677866773,-65.71195156507542,-42.55598,4,0,0.2974,1,1
6.128400150686503,42898.80105480552,18.17529131878529,-65.71195221856868,-42.593918,4,0,0.2595,1,1
6.128400150686503,42898.80105480552,18.175291318643342,-65.71195222356145,-42.514744,4,0,0.3387,1,1
6.128500159829855,42899.501118808985,18.17528495899541,-65.71195287468737,-42.593185,4,0,0.2602,1,1
6.128500159829855,42899.501118808985,18.175284958983315,-65.71195287511297,-42.586437,4,0,0.267,1,1
6.128700163215399,42900.90114250779,18.17527225894528,-65.71195344171365,-54.41725,4,0,-11.5638,0,3
6.12880016118288,42901.60112828016,18.17526588524084,-65.71195469739231,-44.909767,4,0,-2.0563,0,0
6.128900162875652,42902.301140129566,18.175259522422223,-65.71195550371417,-42.532867,4,0,0.3206,1,1
6.129000160843134,42903.00112590194,18.17525316367884,-65.7119561589551,-42.55399,4,0,0.2994,1,1
6.129200160503388,42904.40112352371,18.17524044610138,-65.71195746948506,-42.601383,4,0,0.252,1,1
6.129300162196159,42905.10113537312,18.17523398142755,-65.71196238513402,24.956081,0,0,67.8095,0,0
6.129300162196159,42905.10113537312,18.17523408707016,-65.71195813141685,-42.522324,4,0,0.3311,1,1
6.129300162196159,42905.10113537312,18.175234087186528,-65.71195812732566,-42.5872,4,0,0.2662,1,1
6.129300162196159,42905.10113537312,18.17523408761293,-65.7119581123338,-42.824932,4,0,0.0285,1,1
6.129500161856413,42906.50113299489,18.17522136984028,-65.71195943817905,-42.640568,4,0,0.2129,1,1
6.129700172692537,42907.90120884776,18.17520865179608,-65.71196075285307,-42.641968,4,0,0.2115,1,1
6.129800170660019,42908.60119462013,18.175202293238776,-65.7119614116676,-42.621265,4,0,0.2322,1,1
6.130000170320272,42910.00119224191,18.175189576488687,-65.71196270988784,-42.89367,4,0,-0.0402,1,1
6.130000170320272,42910.00119224191,18.17518957593626,-65.71196272930352,-42.585785,4,0,0.2676,1,1
6.130300171673298,42912.101201713085,18.175170500083023,-65.71196470017553,-42.63543,4,0,0.218,1,1
6.130500141531229,42913.5009907186,18.175157784454985,-65.71196602649103,-42.478123,4,0,0.3753,1,1
6.130500141531229,42913.5009907186,18.175157784703504,-65.71196601775861,-42.616596,4,0,0.2368,1,1
6.130800142884255,42915.60100018978,18.17513870832674,-65.71196800333803,-42.461548,4,0,0.3919,1,1
6.130900152027607,42916.30106419325,18.17513234911827,-65.71196865901415,-42.51266,4,0,0.3408,1,1
6.131400153040886,42919.8010712862,18.17510055474521,-65.7119719610788,-42.416832,4,0,0.4366,1,1
6.131400153040886,42919.8010712862,18.17510059825625,-65.71197020828349,-70.2217,2,0,-27.3683,0,0
6.131500151008368,42920.50105705857,18.17509419713296,-65.71197257769542,-43.09772,4,0,-0.2443,0,0
6.131900150328875,42923.30105230212,18.17506875961384,-65.71197525368659,-42.51904,4,0,0.3344,1,1
6.132000163197517,42924.00114238262,18.17506239928533,-65.71197592206961,-42.39031,4,0,0.4631,1,1
6.132000163197517,42924.00114238262,18.17506239926936,-65.71197592263043,-42.381413,4,0,0.472,1,1
6.1323001608252525,42926.10112577677,18.17504332122916,-65.71197789999314,-42.44323,4,0,0.4102,1,1
6.1323001608252525,42926.10112577677,18.17504332122016,-65.71197790030907,-42.43822,4,0,0.4152,1,1
6.132400162518024,42926.80113762617,18.175036961977312,-65.71197854459389,-42.698246,4,0,0.1552,1,1
6.132500160485506,42927.50112339854,18.17503036200372,-65.71198887481216,110.69329,0,0,153.5467,0,0
6.132500160485506,42927.50112339854,18.175030601919545,-65.7119792227216,-42.423176,4,0,0.4302,1,1
6.132500160485506,42927.50112339854,18.17503062009685,-65.71197849483441,-53.96962,4,0,-11.1162,2,3
6.132600162178278,42928.201135247946,18.17502424209554,-65.71197988115233,-42.462788,4,0,0.3906,1,1
6.132800173014402,42929.60121110082,18.175011521555128,-65.71198120261899,-42.475636,4,0,0.3778,1,1
6.132900170981884,42930.30119687319,18.17500516164242,-65.71198186204772,-42.5049,4,0,0.3485,1,1
6.133000172674656,42931.00120872259,18.174998801667183,-65.71198251163953,-42.6925,4,0,0.1947,1,1
6.1331001706421375,42931.70119449496,18.174992441192085,-65.71198318319115,-42.53344,4,0,0.3537,1,1
6.133200172334909,42932.401206344366,18.17498608499403,-65.7119836654223,-45.380074,4,0,-2.4929,0,0
6.133200172334909,42932.401206344366,18.17498608150083,-65.71198381493531,-43.00797,4,0,-0.1208,1,1
6.133200172334909,42932.401206344366,18.174986080342524,-65.71198385558353,-42.363396,4,0,0.5238,1,1
6.133400171995163,42933.80120396614,18.17497335884889,-65.71198518888487,-42.210884,4,0,0.6763,0,0
6.133500169962645,42934.50118973851,18.174966998811964,-65.71198582822657,-42.57042,4,0,0.3167,1,1
6.1336001716554165,42935.20120158792,18.17496063790117,-65.71198648539976,-42.649544,4,0,0.2376,1,1
6.133800141513348,42936.60099059343,18.17494792327664,-65.711987580793,-46.283382,4,0,-3.3962,0,0
6.134000141173601,42938.00098821521,18.17493519451125,-65.71198914009062,-42.569427,4,0,0.3177,1,1
6.134000141173601,42938.00098821521,18.174935194418303,-65.71198914335108,-42.517727,4,0,0.3694,1,1
6.134000141173601,42938.00098821521,18.174935194557907,-65.7119891384538,-42.595383,4,0,0.2918,1,1
6.134100142866373,42938.70100006461,18.17492883273531,-65.71198980295887,-42.568024,4,0,0.3191,1,1
6.134200140833855,42939.40098583698,18.17492247081837,-65.71199047374026,-42.4427,4,0,0.4445,1,1
6.134300142526627,42940.10099768639,18.17491610873825,-65.71199113651144,-42.446743,4,0,0.4404,1,1
6.134600151330233,42942.20105931163,18.17489702154293,-65.71199311339431,-42.65235,4,0,0.2348,1,1
6.134600151330233,42942.20105931163,18.174897021590485,-65.71199311172678,-42.678795,4,0,0.2084,1,1
6.134900152683258,42944.30106878281,18.17487793322992,-65.71199509517514,-42.796917,4,0,0.0903,1,1
6.13500015065074,42945.00105455518,18.17487157884088,-65.71199541005969,-48.3328,4,0,-5.4456,0,0
6.13500015065074,42945.00105455518,18.17487156968709,-65.71199577587912,-42.529835,4,0,0.3573,1,1
6.13500015065074,42945.00105455518,18.174871569813284,-65.71199577145424,-42.600002,4,0,0.2872,1,1
6.13500015065074,42945.00105455518,18.174871806691296,-65.71198625456738,-193.56421,0,0,-150.677,0,0
6.135300163179636,42947.10114225745,18.17485247808901,-65.7119977713902,-42.48115,4,0,0.406,1,1
6.135300163179636,42947.10114225745,18.174852478287967,-65.71199776441487,-42.59176,4,0,0.2954,1,1
6.135300163179636,42947.10114225745,18.17485247789283,-65.71199777826855,-42.372078,4,0,0.5151,1,1
6.135400161147118,42947.80112802982,18.174846114606154,-65.71199842348652,-42.67546,4,0,0.2117,1,1
6.135400161147118,42947.80112802982,18.17484611415572,-65.71199843927873,-42.425034,4,0,0.4621,1,1
6.1355001628398895,42948.50113987923,18.17483975003104,-65.71199909866175,-42.50612,4,0,0.381,1,1
6.1355001628398895,42948.50113987923,18.17483975001853,-65.71199909910013,-42.49917,4,0,0.388,1,1
6.1355001628398895,42948.50113987923,18.17483975016805,-65.71199909385851,-42.582287,4,0,0.3049,1,1
6.135700162500143,42949.901137501,18.17482702109527,-65.71200042852936,-42.49764,4,0,0.3895,1,1
6.135800160467625,42950.60112327337,18.174820656478843,-65.71200109195519,-42.52,4,0,0.3672,1,1
6.135800160467625,42950.60112327337,18.174820676225004,-65.71200030116907,-55.064247,4,0,-12.1771,0,3
6.136000160127878,42952.00112089515,18.17480792608369,-65.71200242896339,-42.409817,4,0,0.4774,1,1
6.136300161480904,42954.101130366325,18.174788829197443,-65.71200441820949,-42.517025,4,0,0.3701,1,1
6.136500172317028,42955.5012062192,18.174776096042724,-65.71200574914572,-42.523396,4,0,0.3638,1,1
6.13660017028451,42956.20119199157,18.17476972985168,-65.71200640543107,-42.67425,4,0,0.2129,1,1
6.1368001736700535,42957.60121569037,18.17475699558536,-65.71200774247166,-42.5944,4,0,0.2928,1,1
6.137200143188238,42960.40100231767,18.17473152648184,-65.71201041650562,-42.45407,4,0,0.4331,1,1
6.137200143188238,42960.40100231767,18.174731526991017,-65.71201039866683,-42.736946,4,0,0.1502,1,1
6.13730014115572,42961.10098809004,18.17472515903316,-65.71201105402933,-42.915703,4,0,-0.0285,1,1
6.13730014115572,42961.10098809004,18.174725158295587,-65.71201107986903,-42.50595,4,0,0.3812,1,1
6.137400142848492,42961.80099993944,18.174718789647613,-65.71201174465064,-42.537487,4,0,0.3497,1,1
6.137500140815973,42962.50098571181,18.17471242087354,-65.71201241300531,-42.51383,4,0,0.3733,1,1
6.137500140815973,42962.50098571181,18.174712421071053,-65.71201240608623,-42.623547,4,0,0.2636,1,1
6.137700151652098,42963.90106156469,18.17469968181118,-65.71201374182044,-42.598812,4,0,0.2884,1,1
6.13780015334487,42964.60107341409,18.174693312290227,-65.71201440006305,-42.741436,4,0,0.1457,1,1
6.137900151312351,42965.30105918646,18.17468694241129,-65.71201506960506,-42.70632,4,0,0.1808,1,1
6.138000153005123,42966.00107103586,18.17467993172923,-65.71204143450602,364.96283,0,0,407.85,0,0
6.138000153005123,42966.00107103586,18.17468057202676,-65.71201573894524,-42.67663,4,0,0.2105,1,1
6.138300150632858,42968.10105443001,18.17466145974092,-65.71201774451032,-42.636623,4,0,0.2505,1,1
6.138300150632858,42968.10105443001,18.174661459974384,-65.71201773633385,-42.76628,4,0,0.1209,1,1
6.13840015232563,42968.80106627941,18.17465508827195,-65.71201841239552,-42.637268,4,0,0.2499,1,1
6.13840015232563,42968.80106627941,18.174655088623048,-65.7120184001,-42.83224,4,0,0.0549,1,1
6.13840015232563,42968.80106627941,18.1746550884958,-65.71201840455657,-42.761574,4,0,0.1256,1,1
6.138500150293112,42969.50105205178,18.17464871675724,-65.71201908007954,-42.642506,4,0,0.2447,1,1
6.138600151985884,42970.20106390119,18.17464234471056,-65.71201974792484,-42.647377,4,0,0.2398,1,1
6.138700153678656,42970.90107575059,18.17463597253708,-65.71202040994088,-42.74647,4,0,0.1407,1,1
6.138800151646137,42971.60106152296,18.174629601640373,-65.71202101622566,-43.731113,4,0,-0.8439,0,0
6.138800151646137,42971.60106152296,18.174629599987764,-65.7120210830474,-42.671085,4,0,0.2161,1,1
6.139100160449743,42973.7011231482,18.17461048011636,-65.71202308406092,-42.747425,4,0,0.1397,1,1
6.139300160109997,42975.10112076998,18.174597732154776,-65.71202442686887,-42.66692,4,0,0.2202,1,1
6.139400161802769,42975.80113261938,18.174591358108923,-65.71202508015315,-42.91681,4,0,-0.0296,1,1
6.139500163495541,42976.501144468784,18.17458498251364,-65.71202577673711,-42.48181,4,0,0.4054,1,1
6.139700170606375,42977.90119424462,18.17457223194689,-65.71202710662988,-42.62077,4,0,0.2664,1,1
6.139700170606375,42977.90119424462,18.17457223213213,-65.712027100145,-42.723602,4,0,0.1636,1,1
6.139700170606375,42977.90119424462,18.174572232250988,-65.71202709598447,-42.789577,4,0,0.0976,1,1
6.139800172299147,42978.60120609403,18.174565873776054,-65.71202707043399,-53.815,4,0,-10.9278,0,3
6.139800172299147,42978.60120609403,18.17456587371024,-65.71202707273791,-53.77846,4,0,-10.8913,1,3
6.139800172299147,42978.60120609403,18.174565855813213,-65.71202778875801,-42.420162,4,0,0.467,1,1
6.139800172299147,42978.60120609403,18.17456585889091,-65.71202766311691,-44.41332,4,0,-1.5262,0,0
6.139800172299147,42978.60120609403,18.174565920063976,-65.71202521733217,-83.210815,0,0,-40.3236,0,0
6.1400001719594,42980.0012037158,18.174553103689632,-65.71202912243643,-42.50854,4,0,0.3786,1,1
6.1400001719594,42980.0012037158,18.17455310390637,-65.71202911484974,-42.62885,4,0,0.2583,1,1
6.140100173652172,42980.701215565205,18.17454672709756,-65.71202978411323,-42.637432,4,0,0.2497,1,1
6.140200171619654,42981.401201337576,18.17454035019643,-65.7120304559396,-42.60656,4,0,0.2806,1,1
6.140400171279907,42982.80119895935,18.174527595237777,-65.71203179707337,-42.590164,4,0,0.297,1,1
6.140400171279907,42982.80119895935,18.174527597276693,-65.7120317167602,-43.864136,4,0,-0.977,0,0
6.140400171279907,42982.80119895935,18.17452759534837,-65.71203179320251,-42.651546,4,0,0.2356,1,1
6.140400171279907,42982.80119895935,18.174527615620168,-65.71203097627127,-55.610867,4,0,-12.7237,0,0
6.140500172972679,42983.501210808754,18.17452121877512,-65.71203240147223,-43.63432,4,0,-0.7472,0,0
6.140600141137838,42984.20098796487,18.174514840601503,-65.71203314652627,-42.445305,4,0,0.4419,1,1
6.140600141137838,42984.20098796487,18.174514840773835,-65.71203314049517,-42.540943,4,0,0.3462,1,1
6.140600141137838,42984.20098796487,18.174514840744504,-65.71203314152152,-42.52467,4,0,0.3625,1,1
6.140600141137838,42984.20098796487,18.174514840953787,-65.71203313419714,-42.640816,4,0,0.2464,1,1
6.140600141137838,42984.20098796487,18.174514858954463,-65.71203241469283,-54.054386,4,0,-11.1672,1,3
6.140800140798092,42985.60098558664,18.1745020831136,-65.71203448219399,-42.52877,4,0,0.3584,1,1
6.140900142490864,42986.30099743605,18.174495703543027,-65.71203515692423,-42.46378,4,0,0.4234,1,1
6.141000140458345,42987.00098320842,18.174489324033058,-65.71203582581738,-42.49257,4,0,0.3946,1,1
6.141000140458345,42987.00098320842,18.174489324497102,-65.71203580957827,-42.75008,4,0,0.1371,1,1
6.141100142151117,42987.70099505782,18.174482943808147,-65.71203649936828,-42.449497,4,0,0.4377,1,1
6.141200140118599,42988.40098083019,18.174476564232005,-65.71203714638024,-42.82847,4,0,0.0587,1,1
6.141200140118599,42988.40098083019,18.17447656351744,-65.7120371713853,-42.43195,4,0,0.4552,1,1
6.141400150954723,42989.80105668306,18.17446380095045,-65.71203851510472,-42.408184,4,0,0.479,1,1
6.141700152307749,42991.90106615424,18.174444655833486,-65.7120405157656,-42.61925,4,0,0.2679,1,1
6.141900151968002,42993.301063776016,18.174431890162108,-65.7120418691552,-42.456493,4,0,0.4307,1,1
6.141900151968002,42993.301063776016,18.17443189175532,-65.71204180446243,-43.482765,4,0,-0.5956,0,0
6.142100162804127,42994.70113962889,18.174419122947864,-65.71204320138027,-42.636623,4,0,0.2505,1,1
6.14230016246438,42996.10113725066,18.17440635434924,-65.71204455627955,-42.462013,4,0,0.4252,1,1
6.142800163477659,42999.601144343615,18.174374427018908,-65.71204791956495,-42.431416,4,0,0.4558,1,1
6.142900161445141,43000.30113011599,18.17436804047757,-65.71204859355085,-42.408417,4,0,0.4788,1,1
6.142900161445141,43000.30113011599,18.17436804169772,-65.71204855086658,-43.085285,4,0,-0.1981,0,0
6.142900161445141,43000.30113011599,18.17436804042536,-65.71204859537758,-42.379448,4,0,0.5077,1,1
6.143000163137913,43001.00114196539,18.174361653507425,-65.71204926379708,-42.446434,4,0,0.4407,1,1
6.143000163137913,43001.00114196539,18.17436165336704,-65.71204926870827,-42.368553,4,0,0.5186,1,1
6.143100161105394,43001.70112773776,18.17435526677866,-65.71204992086803,-42.69439,4,0,0.1928,1,1
6.143200162798166,43002.40113958717,18.17434888853448,-65.7120502060879,-48.843235,4,0,-5.9561,0,0
6.143200162798166,43002.40113958717,18.174348893894926,-65.71204999172939,-52.243656,3,0,-9.3565,0,0
6.143200162798166,43002.40113958717,18.174348878749484,-65.712050602066,-42.561546,4,0,0.3256,1,1
6.143500171601772,43004.501201212406,18.17432973171438,-65.71205186372784,-54.5757,4,0,-11.6885,0,3
6.143600173294544,43005.20121306181,18.17432332346057,-65.71205329822773,-42.498318,4,0,0.3889,1,1
6.143700171262026,43005.90119883418,18.174316943507723,-65.71205359469161,-48.474888,4,0,-5.5877,0,0
6.143800172954798,43006.601210683584,18.17431054376864,-65.71205465119391,-42.396732,4,0,0.4904,1,1
6.144000142812729,43008.0009996891,18.174297764945766,-65.7120559871101,-42.56761,4,0,0.3196,1,1
6.1441001407802105,43008.70098546147,18.174291374017702,-65.71205665910244,-42.59242,4,0,0.2947,1,1
6.1441001407802105,43008.70098546147,18.1742913743196,-65.71205664854267,-42.759872,4,0,0.1273,1,1
6.1441001407802105,43008.70098546147,18.174291392453423,-65.71205592478688,-54.240974,4,0,-11.3538,0,3
6.144200142472982,43009.40099731088,18.17428498247565,-65.71205733093201,-42.62149,4,0,0.2657,1,1
6.144300140440464,43010.10098308325,18.17427859062911,-65.71205800836135,-42.562634,4,0,0.3245,1,1
6.144400142133236,43010.80099493265,18.174272198105847,-65.71205868778257,-42.473854,4,0,0.4133,1,1
6.144400142133236,43010.80099493265,18.17427219811007,-65.71205868763488,-42.476196,4,0,0.411,1,1
6.144700150936842,43012.90105655789,18.174253018749088,-65.712060699837,-42.630966,4,0,0.2562,1,1
6.144800152629614,43013.6010684073,18.17424662472686,-65.71206137803503,-42.5665,4,0,0.3207,1,1
6.145100150257349,43015.70105180144,18.1742274409502,-65.71206340834343,-42.44743,4,0,0.4397,1,1
6.145100150257349,43015.70105180144,18.17422744127604,-65.71206339694655,-42.62816,4,0,0.259,1,1
6.145100150257349,43015.70105180144,18.174227459653743,-65.71206265575852,-54.386143,4,0,-11.499,1,3
6.145200151950121,43016.40106365085,18.174221045389995,-65.71206408649847,-42.388374,4,0,0.4988,1,1
6.145500153303146,43018.501073122025,18.17420185724168,-65.7120660997242,-42.554474,4,0,0.3327,1,1
6.1457001604139805,43019.90112289786,18.17418906256813,-65.71206744821856,-42.57095,4,0,0.3162,1,1
6.1457001604139805,43019.90112289786,18.17418909668555,-65.71206608495629,-64.196846,2,0,-21.3097,1,0
6.145800162106752,43020.60113474727,18.17418266470996,-65.71206812583856,-42.527092,4,0,0.3601,1,1
6.146000161767006,43022.00113236904,18.17416986866742,-65.71206946034413,-42.77099,4,0,0.1162,1,1
6.146100163459778,43022.701144218445,18.17416346933172,-65.71207014919845,-42.552162,4,0,0.335,1,1
6.1462001614272594,43023.401129990816,18.17415708093348,-65.71207039667038,-49.335743,4,0,-6.4486,0,0
6.146300163120031,43024.10114184022,18.174150878927183,-65.71207147904047,-42.50512,4,0,0.382,1,1
6.146400161087513,43024.80112761259,18.174144465746377,-65.71207215365466,-42.53859,4,0,0.3486,1,1
6.146400161087513,43024.80112761259,18.1741444656534,-65.71207215690593,-42.487034,4,0,0.4001,1,1
6.146700173616409,43026.90121531487,18.174125222680004,-65.71207417727491,-42.65051,4,0,0.2367,1,1
6.146800171583891,43027.60120108724,18.174118808044792,-65.71207484858812,-42.74025,4,0,0.1469,1,1
6.146900173276663,43028.30121293664,18.17411239215759,-65.71207554209555,-42.47937,4,0,0.4078,1,1
6.147000171244144,43029.00119870901,18.17410597685036,-65.71207621051121,-42.616913,4,0,0.2703,1,1
6.147100172936916,43029.701210558414,18.17409956079236,-65.71207688382196,-42.678123,4,0,0.209,1,1
6.147100172936916,43029.701210558414,18.174099560649665,-65.7120768888124,-42.598984,4,0,0.2882,1,1
6.14730017259717,43031.10120818019,18.17408672758516,-65.71207823832995,-42.677696,4,0,0.2095,1,1
6.147600140422583,43033.20098295808,18.174067476751794,-65.71208028198063,-42.491383,4,0,0.3958,1,1
6.147900141775608,43035.30099242926,18.174048221015035,-65.71208231133355,-42.542454,4,0,0.3447,1,1
6.148000150918961,43036.00105643272,18.17404180084688,-65.71208299987316,-42.370193,4,0,0.517,1,1
6.148000150918961,43036.00105643272,18.17404183034828,-65.71208182474376,-61.011707,3,0,-18.1245,0,0
6.1481001526117325,43036.70106828213,18.174035381620584,-65.71208366033211,-42.643135,4,0,0.244,1,1
6.1481001526117325,43036.70106828213,18.17403538177587,-65.71208365489964,-42.729286,4,0,0.1579,1,1
6.148300152271986,43038.1010659039,18.17402254130336,-65.71208501988659,-42.577976,4,0,0.3092,1,1
6.148400150239468,43038.80105167627,18.17401612087076,-65.71208569621055,-42.600945,4,0,0.2862,1,1
6.14850015193224,43039.50106352568,18.174009699855777,-65.71208637096919,-42.64985,4,0,0.2373,1,1
6.1486001536250114,43040.20107537508,18.17400327844948,-65.71208705054076,-42.62296,4,0,0.2642,1,1
6.148900151252747,43042.301058769226,18.17398401287167,-65.71208908776738,-42.568565,4,0,0.3186,1,1
6.149100162088871,43043.7011346221,18.1739711669848,-65.7120904405192,-42.621967,4,0,0.2652,1,1
6.149200163781643,43044.4011464715,18.1739647437037,-65.7120911214244,-42.577198,4,0,0.31,1,1
6.149200163781643,43044.4011464715,18.173964763485696,-65.71209033074408,-55.12023,4,0,-12.2331,0,3
6.1493001617491245,43045.10113224387,18.173958321383576,-65.71209176680708,-43.09582,4,0,-0.2087,0,0
6.1493001617491245,43045.10113224387,18.17395832051072,-65.7120917973518,-42.611443,4,0,0.2757,1,1
6.14960016310215,43047.20114171505,18.1739390485886,-65.71209383034261,-42.635048,4,0,0.2521,1,1
6.14960016310215,43047.20114171505,18.17393904854148,-65.7120938319917,-42.6089,4,0,0.2783,1,1
6.14960016310215,43047.20114171505,18.17393904826646,-65.7120938416168,-42.456264,4,0,0.4309,1,1
6.149700161069632,43047.90112748742,18.17393262422279,-65.71209450771104,-42.64816,4,0,0.239,1,1
6.149700161069632,43047.90112748742,18.173932624143816,-65.71209451047504,-42.60433,4,0,0.2828,1,1
6.149700161069632,43047.90112748742,18.17393268465718,-65.7120920882456,-81.02967,0,0,-38.1425,0,0
6.149900160729885,43049.3011251092,18.17391977430925,-65.71209586693013,-42.60482,4,0,0.2823,1,1
6.149900160729885,43049.3011251092,18.17391977436989,-65.71209586480771,-42.638477,4,0,0.2487,1,1
6.150000173598528,43050.001215189695,18.17391334814049,-65.71209654573809,-42.59779,4,0,0.2894,1,1
6.150000173598528,43050.001215189695,18.17391334850901,-65.71209653283945,-42.802338,4,0,0.0848,1,1
6.150200173258781,43051.40121281147,18.173900496597643,-65.71209790673574,-42.52824,4,0,0.3589,1,1
6.150200173258781,43051.40121281147,18.173900496477795,-65.71209791093085,-42.461716,4,0,0.4255,1,1
6.150300171226263,43052.10119858384,18.17389408574004,-65.71209797541098,-52.199684,3,0,-9.3125,2,0
6.15070017054677,43054.90119382739,18.17386836382321,-65.7121012980445,-42.53619,4,0,0.351,1,1
6.150800172239542,43055.6012056768,18.173861936609345,-65.71210196936117,-42.6488,4,0,0.2384,1,1
6.151100143790245,43057.70100653172,18.173842654722225,-65.71210401972945,-42.40642,4,0,0.4807,1,1
6.151100143790245,43057.70100653172,18.17384265488275,-65.71210401410826,-42.495564,4,0,0.3916,1,1
6.151100143790245,43057.70100653172,18.173842654657022,-65.71210402201235,-42.37022,4,0,0.5169,1,1
6.151300143450499,43059.10100415349,18.173829798411443,-65.71210536699715,-42.558952,4,0,0.3282,1,1
6.151500150561333,43060.50105392933,18.173816939871323,-65.71210674419088,-42.238094,4,0,0.6491,1,1
6.151600152254105,43061.20106577873,18.173810510991647,-65.71210741392704,-42.376575,4,0,0.5106,1,1
6.1517001539468765,43061.901077628136,18.17380408165837,-65.71210809272065,-42.37144,4,0,0.5157,1,1
6.151800151914358,43062.60106340051,18.17379765219641,-65.7121087777028,-42.26776,4,0,0.6194,1,1
6.15190015360713,43063.30107524991,18.17379125236336,-65.71210825769519,-61.280273,3,0,-18.3931,0,0
6.152000151574612,43064.00106102228,18.173784793082813,-65.71211012649727,-42.39643,4,0,0.4907,1,1
6.152200151234865,43065.401058644056,18.17377193333127,-65.71211147268937,-42.56613,4,0,0.321,1,1
6.152300160378218,43066.10112264752,18.173765501944303,-65.71211216882547,-42.28647,4,0,0.6007,1,1
6.152300160378218,43066.10112264752,18.173765522677662,-65.71211133497354,-55.51473,4,0,-12.6276,0,3
6.152800161391497,43069.60112974048,18.17373334826484,-65.71211555203102,-42.42699,4,0,0.4602,1,1
6.15300016105175,43071.00112736225,18.17372048556541,-65.71211691367648,-42.349144,4,0,0.538,1,1
6.153100162744522,43071.701139211655,18.1737140540485,-65.71211758899027,-42.397423,4,0,0.4897,1,1
6.153100162744522,43071.701139211655,18.173714067629703,-65.71211705031685,-50.942696,3,0,-8.0555,0,0
6.153100162744522,43071.701139211655,18.17371405410209,-65.71211758711217,-42.427204,4,0,0.46,1,1
6.153100162744522,43071.701139211655,18.17371405417644,-65.71211758450703,-42.468517,4,0,0.4187,1,1
6.153500162065029,43074.5011344552,18.173688326806303,-65.71212030378769,-42.372112,4,0,0.5151,1,1
6.153500162065029,43074.5011344552,18.17368832704781,-65.71212029532296,-42.50635,4,0,0.3808,1,1
6.153700172901154,43075.90121030808,18.173675471265668,-65.71212128349336,-48.3503,4,0,-5.4631,0,0
6.154300142079592,43080.10099455714,18.17363687097916,-65.71212562964594,-43.94755,4,0,-1.0604,0,0
6.154500141739845,43081.50099217892,18.173624003279546,-65.71212706285245,-42.72342,4,0,0.1637,1,1
6.154800150543451,43083.60105380416,18.17360470386469,-65.71212908526076,-42.905262,4,0,-0.0181,1,1
6.154800150543451,43083.60105380416,18.17360470318908,-65.71212910895406,-42.529522,4,0,0.3576,1,1
6.154900152236223,43084.30106565356,18.173598270138843,-65.71212977855497,-42.660797,4,0,0.2264,1,1
6.154900152236223,43084.30106565356,18.173598270474127,-65.71212976679611,-42.847275,4,0,0.0399,1,1
6.155000153928995,43085.001077502966,18.173591836814445,-65.7121304559009,-42.668655,4,0,0.2185,1,1
6.155100151896477,43085.70106327534,18.17358540342964,-65.71213114202625,-42.536278,4,0,0.3509,1,1
6.155200153589249,43086.40107512474,18.17357897009253,-65.71213181652998,-42.587975,4,0,0.2992,1,1
6.15530015155673,43087.10106089711,18.173572536912395,-65.71213249248952,-42.615536,4,0,0.2716,1,1
6.155400153249502,43087.80107274652,18.173566103204585,-65.71213317730778,-42.502354,4,0,0.3848,1,1
6.155400153249502,43087.80107274652,18.173566103312385,-65.71213317352634,-42.56232,4,0,0.3248,1,1
6.155500151216984,43088.50105851889,18.173559670131013,-65.71213384713923,-42.62576,4,0,0.2614,1,1
6.155500151216984,43088.50105851889,18.17355966990986,-65.7121338548972,-42.502728,4,0,0.3844,1,1
6.155700150877237,43089.90105614066,18.17354681039266,-65.71213491492807,-47.184,4,0,-4.2968,0,0
6.155700150877237,43089.90105614066,18.173546803163266,-65.71213520444658,-42.59105,4,0,0.2961,1,1
6.155800152570009,43090.60106799007,18.17354037001672,-65.71213586599102,-42.844135,4,0,0.043,1,1
6.156300161033869,43094.10112723708,18.173508201854176,-65.71213925406732,-42.82373,4,0,0.0634,1,1
6.156300161033869,43094.10112723708,18.173508201271595,-65.71213927451129,-42.49952,4,0,0.3876,1,1
6.156300161033869,43094.10112723708,18.173508201614087,-65.71213926249243,-42.69012,4,0,0.197,1,1
6.156500160694122,43095.501124858856,18.17349533424153,-65.71214063035988,-42.475456,4,0,0.4117,1,1
6.156700164079666,43096.90114855766,18.17348246770269,-65.71214196261305,-42.822533,4,0,0.0646,1,1
6.156700164079666,43096.90114855766,18.173482484969128,-65.71214126682351,-53.8608,4,0,-10.9736,0,3
6.156800173223019,43097.60121256113,18.17347603791721,-65.71214246387592,-45.611256,3,0,-2.7241,0,0
6.157000172883272,43099.001210182905,18.17346316606945,-65.71214402086794,-42.38734,4,0,0.4998,1,1
6.157100170850754,43099.70119595528,18.17345673322624,-65.7121446848188,-42.590866,4,0,0.2963,1,1
6.157100170850754,43099.70119595528,18.173456751456133,-65.71214395508218,-54.167507,4,0,-11.2803,0,3
6.157400172203779,43101.801205426455,18.17343743355067,-65.71214670897031,-42.684208,4,0,0.203,1,1
6.157400172203779,43101.801205426455,18.17343744078652,-65.7121464190085,-47.28422,4,0,-4.3971,0,0
6.157500173896551,43102.50121727586,18.17343099975926,-65.7121474041998,-42.388165,4,0,0.499,1,1
6.157500173896551,43102.50121727586,18.173431001557272,-65.71214733209014,-43.53213,4,0,-0.645,0,0
6.157600171864033,43103.20120304823,18.17342459619886,-65.71214689562666,-61.188217,3,0,-18.301,2,0
6.157700143754482,43103.901006281376,18.173418135820825,-65.71214874819736,-42.52622,4,0,0.3609,1,1
6.157700143754482,43103.901006281376,18.17341813617384,-65.71214873580189,-42.722794,4,0,0.1644,1,1
6.157800141721964,43104.60099205375,18.173411708956586,-65.71214918790314,-46.280144,3,0,-3.393,0,0
6.157900143414736,43105.30100390315,18.17340526972984,-65.71215010959502,-42.38732,4,0,0.4998,1,1
6.158200141042471,43107.4009872973,18.17338597174378,-65.71215213470022,-42.44008,4,0,0.4471,1,1
6.158400151878595,43108.80106315017,18.173373106088853,-65.7121534828507,-42.501415,4,0,0.3858,1,1
6.158700153231621,43110.90107262135,18.17335380908362,-65.71215551116038,-42.486637,4,0,0.4005,1,1
6.158800151199102,43111.60105839372,18.17334737709816,-65.71215618762871,-42.473274,4,0,0.4139,1,1
6.159000150859356,43113.00105601549,18.17333451321625,-65.71215754043462,-42.44537,4,0,0.4418,1,1
6.159100152552128,43113.701067864895,18.17332808158766,-65.71215820762995,-42.575787,4,0,0.3114,1,1
6.159100152552128,43113.701067864895,18.173328081696216,-65.71215820381587,-42.636272,4,0,0.2509,1,1
6.159700162708759,43117.90113896132,18.17328949314576,-65.71216225588434,-42.6165,4,0,0.2707,1,1
6.159700162708759,43117.90113896132,18.173289493418565,-65.71216224629683,-42.768547,4,0,0.1186,1,1
6.160000164061785,43120.00114843249,18.173270201543115,-65.71216425893469,-42.95297,4,0,-0.0658,1,1
6.160100162029266,43120.70113420487,18.173263770635405,-65.71216495658686,-42.586826,4,0,0.3003,1,1
6.160100162029266,43120.70113420487,18.17326377051192,-65.71216496092711,-42.517994,4,0,0.3692,1,1
6.160100162029266,43120.70113420487,18.17326377073843,-65.71216495296545,-42.644257,4,0,0.2429,1,1
6.160100162029266,43120.70113420487,18.17326377075792,-65.71216495228026,-42.655125,4,0,0.232,1,1
6.160200163722038,43121.40114605427,18.1732573568469,-65.71216496862752,-53.096317,4,0,-10.2091,0,0
6.160200163722038,43121.40114605427,18.173257364658472,-65.71216464909388,-58.165745,2,0,-15.2786,2,0
6.16030016168952,43122.10113182664,18.173250910361315,-65.71216630577823,-42.58207,4,0,0.3051,1,1
6.160500172525644,43123.50120767951,18.17323805005055,-65.71216765384496,-42.5907,4,0,0.2965,1,1
6.160500172525644,43123.50120767951,18.17323805013993,-65.7121676507028,-42.64053,4,0,0.2466,1,1
6.160500172525644,43123.50120767951,18.173238079519205,-65.71216646502609,-61.450813,3,0,-18.5636,2,0
6.160700172185898,43124.901205301285,18.17322519133262,-65.71216899485337,-42.70433,4,0,0.1828,1,1
6.16080017387867,43125.60121715069,18.173218761997816,-65.71216966952365,-42.69309,4,0,0.1941,1,1
6.16080017387867,43125.60121715069,18.17321878973729,-65.71216855035382,-60.44827,3,0,-17.5611,2,0
6.1611001417040825,43127.70099192858,18.173199477391105,-65.7121716963037,-42.6026,4,0,0.2846,1,1
6.161200143396854,43128.40100377798,18.17319304952882,-65.71217234510983,-42.995586,4,0,-0.1084,1,1
6.161300141364336,43129.10098955035,18.17318662061522,-65.7121730460533,-42.559814,4,0,0.3274,1,1
6.161400143057108,43129.80100139976,18.17318019207181,-65.71217373247282,-42.353245,4,0,0.5339,1,1
6.161600153893232,43131.20107725263,18.17316733638693,-65.71217506034301,-42.64943,4,0,0.2377,1,1
6.161600153893232,43131.20107725263,18.173167338868044,-65.71217496408799,-44.176334,4,0,-1.2892,0,0
6.161600153893232,43131.20107725263,18.173167336379866,-65.71217506059199,-42.64548,4,0,0.2417,1,1
6.161700151860714,43131.901063025,18.173160908753744,-65.71217574449922,-42.473705,4,0,0.4135,1,1
6.161800153553486,43132.6010748744,18.17315448162316,-65.7121764099251,-42.59385,4,0,0.2933,1,1
6.162000153213739,43134.001072496176,18.173141627667253,-65.71217776090477,-42.509777,4,0,0.3774,1,1
6.162100151181221,43134.70105826855,18.17313520143461,-65.71217842582959,-42.632694,4,0,0.2545,1,1
6.1624001525342464,43136.801067739725,18.173115922852965,-65.71218044683289,-42.576557,4,0,0.3106,1,1
6.162500154227018,43137.50107958913,18.173109496873927,-65.7121811262021,-42.464283,4,0,0.4229,1,1
6.162500154227018,43137.50107958913,18.173109496906594,-65.71218112505284,-42.48251,4,0,0.4047,1,1
6.162500154227018,43137.50107958913,18.173109496742143,-65.71218113083845,-42.390755,4,0,0.4964,1,1
6.1626001521945,43138.2010653615,18.173103071363457,-65.71218180340279,-42.38445,4,0,0.5027,1,1
6.162900160998106,43140.30112698674,18.17308379618441,-65.71218381094351,-42.517826,4,0,0.3693,1,1
6.163200162351131,43142.40113645792,18.173064531329697,-65.71218551346723,-47.47408,4,0,-4.5869,0,0
6.163200162351131,43142.40113645792,18.17306452342516,-65.7121858276221,-42.49029,4,0,0.3969,1,1
6.163200162351131,43142.40113645792,18.173064523304426,-65.71218583187056,-42.422916,4,0,0.4643,1,1
6.163300164043903,43143.10114830732,18.17305809925917,-65.71218651166552,-42.290417,4,0,0.5968,1,1
6.163400162011385,43143.801134079695,18.17305167658307,-65.71218716067524,-42.644016,4,0,0.2432,1,1
6.163600161671639,43145.20113170147,18.173038844875897,-65.71218792544835,-51.80639,4,0,-8.9192,0,3
6.163600161671639,43145.20113170147,18.173038830175265,-65.71218851482695,-42.456215,4,0,0.431,1,1
6.163900174200535,43147.301219403744,18.17301956221093,-65.71219052853927,-42.440533,4,0,0.4466,1,1
6.163900174200535,43147.301219403744,18.17301957900959,-65.71218985626012,-53.105835,4,0,-10.2187,0,3
6.164300173521042,43150.10121464729,18.17299387694796,-65.71219319830088,-42.633797,4,0,0.2534,1,1
6.164500143378973,43151.50100365281,18.172981037658413,-65.71219454175524,-42.580513,4,0,0.3067,1,1
6.164500143378973,43151.50100365281,18.1729810580274,-65.71219371666241,-55.67051,4,0,-12.7833,0,3
6.164600141346455,43152.20098942518,18.172974617326016,-65.71219522336246,-42.39585,4,0,0.4913,1,1
6.164800141006708,43153.60098704696,18.17296177803085,-65.71219656049485,-42.435085,4,0,0.4521,1,1
6.16490014269948,43154.30099889636,18.172955361269945,-65.71219712965049,-44.02911,4,0,-1.1419,0,0
6.165000140666962,43155.00098466873,18.17294831882825,-65.71222296984345,355.3232,0,0,398.2104,0,0
6.165100142359734,43155.700996518135,18.17294252400855,-65.71219844824921,-44.351646,4,0,-1.4645,0,0
6.165100142359734,43155.700996518135,18.17294252132288,-65.71219856081834,-42.565598,4,0,0.3216,1,1
6.165100142359734,43155.700996518135,18.17294252176235,-65.71219854534506,-42.81099,4,0,0.0762,1,1
6.165200151503086,43156.4010605216,18.17293610217453,-65.71219923763498,-42.447067,4,0,0.4401,1,1
6.165300153195858,43157.101072371006,18.17292968423852,-65.71219989916683,-42.56829,4,0,0.3189,1,1
6.165300153195858,43157.101072371006,18.17292968403556,-65.71219990631326,-42.454956,4,0,0.4322,1,1
6.165300153195858,43157.101072371006,18.172929685818183,-65.71219983454009,-43.593613,4,0,-0.7064,0,0
6.165500152856112,43158.50106999278,18.17291684877233,-65.71220124616258,-42.425304,4,0,0.4619,1,1
6.165600150823593,43159.20105576515,18.172910432241483,-65.71220189888356,-42.680252,4,0,0.2069,1,1
6.165800154209137,43160.60107946396,18.172897598725893,-65.71220323628722,-42.67841,4,0,0.2088,1,1
6.165900152176619,43161.30106523633,18.17289118231185,-65.71220391779512,-42.47117,4,0,0.416,1,1
6.16650016233325,43165.50113633275,18.17285256315762,-65.71220794820572,-42.589935,4,0,0.2972,1,1
6.16650016233325,43165.50113633275,18.17285256308041,-65.71220795092528,-42.546803,4,0,0.3404,1,1
6.166600164026022,43166.20114818216,18.17284615856759,-65.71220861505125,-42.56763,4,0,0.3195,1,1
6.166700161993504,43166.901133954525,18.1728397549649,-65.71220926707518,-42.778057,4,0,0.1091,1,1
6.166700161993504,43166.901133954525,18.17283975440304,-65.7122092868673,-42.464172,4,0,0.423,1,1
6.166800163686276,43167.60114580393,18.17283335172756,-65.71220990941421,-43.14055,4,0,-0.2534,1,1
6.166800163686276,43167.60114580393,18.17283335057204,-65.71220995011922,-42.495003,4,0,0.3922,1,1
6.166900161653757,43168.3011315763,18.17282694754804,-65.71221060487211,-42.658302,4,0,0.2289,1,1
6.167000163346529,43169.0011434257,18.172820544127127,-65.71221127676296,-42.548286,4,0,0.3389,1,1
6.167000163346529,43169.0011434257,18.17282054422066,-65.71221127346824,-42.600536,4,0,0.2866,1,1
6.1671001724898815,43169.70120742917,18.172814140800625,-65.71221194008974,-42.57296,4,0,0.3142,1,1
6.167300172150135,43171.10120505095,18.17280134355822,-65.71221297555614,-47.234196,4,0,-4.347,0,0
6.167300172150135,43171.10120505095,18.17280133648144,-65.71221326089486,-42.707363,4,0,0.1798,1,1
6.167400173842907,43171.80121690035,18.17279493416052,-65.71221393999103,-42.47544,4,0,0.4117,1,1
6.167700171470642,43173.901200294495,18.17277573068301,-65.7122159397929,-42.362038,4,0,0.5251,1,1
6.167700171470642,43173.901200294495,18.17277573060105,-65.71221594268026,-42.316246,4,0,0.5709,1,1
6.167700171470642,43173.901200294495,18.172775752964363,-65.71221504673754,-56.52992,4,0,-13.6428,2,3
6.167900141328573,43175.30098930001,18.17276293254161,-65.71221724693147,-42.68734,4,0,0.1998,1,1
6.167900141328573,43175.30098930001,18.172762932269706,-65.71221725651034,-42.535427,4,0,0.3517,1,1
6.167900141328573,43175.30098930001,18.17276293451264,-65.7122171684844,-43.931843,4,0,-1.0447,0,0
6.168100140988827,43176.70098692179,18.172750132687817,-65.7122185926601,-42.396282,4,0,0.4909,1,1
6.168200142681599,43177.40099877119,18.1727437332,-65.71221926036125,-42.330154,4,0,0.557,1,1
6.168300144374371,43178.101010620594,18.17273733441833,-65.71221991683501,-42.440113,4,0,0.4471,1,1
6.168600153177977,43180.20107224584,18.17271813901219,-65.71222191190422,-42.352535,4,0,0.5346,1,1
6.168600153177977,43180.20107224584,18.17271815945664,-65.71222108354328,-55.494423,4,0,-12.6073,2,3
6.168700151145458,43180.90105801821,18.17271174179657,-65.712222566204,-42.48921,4,0,0.398,1,1
6.16880015283823,43181.60106986761,18.172705344455267,-65.71222322763526,-42.51135,4,0,0.3758,1,1
6.16880015283823,43181.60106986761,18.172705344295267,-65.71222323327206,-42.42195,4,0,0.4652,1,1
6.169000152498484,43183.001067489386,18.172692551906728,-65.71222451676931,-43.08468,4,0,-0.1975,1,1
6.169100154191256,43183.70107933879,18.17268615408421,-65.7122252281656,-42.30897,4,0,0.5782,1,1
6.169200152158737,43184.40106511116,18.172679758921443,-65.71222586516008,-42.711018,4,0,0.1762,1,1
6.169200152158737,43184.40106511116,18.17267980833293,-65.7122238721652,-74.329285,0,0,-31.4421,0,0
6.169500160962343,43186.5011267364,18.17266057167076,-65.71222786995654,-42.42018,4,0,0.467,1,1
6.169700164347887,43187.90115043521,18.17264778249338,-65.71222918416048,-42.571228,4,0,0.3159,1,1
6.169700164347887,43187.90115043521,18.172647782977368,-65.71222916711052,-42.841625,4,0,0.0455,1,1
6.170000161975622,43190.00113382936,18.1726286009255,-65.71223117482248,-42.476852,4,0,0.4103,1,1
6.170000161975622,43190.00113382936,18.17262860184632,-65.71223114238443,-42.99129,4,0,-0.1041,1,1
6.170200161635876,43191.40113145113,18.1726158153866,-65.71223247544724,-42.82536,4,0,0.0618,1,1
6.170200161635876,43191.40113145113,18.17261581512289,-65.71223248473677,-42.678036,4,0,0.2091,1,1
6.170400161296129,43192.801129072905,18.17260303007697,-65.7122338098554,-42.631187,4,0,0.256,1,1
6.170600172132254,43194.201204925776,18.17259024566528,-65.71223512902004,-42.673103,4,0,0.2141,1,1
6.171300143003464,43199.101001024246,18.172545513194223,-65.71223975803697,-42.5706,4,0,0.3166,1,1
6.171400140970945,43199.80098679662,18.17253912393875,-65.71224041629196,-42.597652,4,0,0.2895,1,1
6.171800144016743,43202.6010081172,18.1725135689244,-65.71224305143458,-42.657177,4,0,0.23,1,1
6.172400154173374,43206.80107921362,18.17247524394159,-65.71224701345093,-42.55191,4,0,0.3353,1,1
6.172500152140856,43207.50106498599,18.172468857852227,-65.71224766531559,-42.662888,4,0,0.2243,1,1
6.172600153833628,43208.201076835394,18.17246247168157,-65.71224832088349,-42.713997,4,0,0.1732,1,1
6.172700151801109,43208.901062607765,18.17245608580773,-65.71224898348167,-42.6517,4,0,0.2355,1,1
6.173000164330006,43211.00115031004,18.1724369290074,-65.71225095473265,-42.7201,4,0,0.1671,1,1
6.173300161957741,43213.101133704185,18.172417793640047,-65.71225218539306,-54.523067,4,0,-11.6359,1,3
6.173400163650513,43213.80114555359,18.17241139093147,-65.71225359363739,-42.621155,4,0,0.266,1,1
6.173900172114372,43217.301204800606,18.172379473824325,-65.71225686869948,-42.83998,4,0,0.0472,1,1
6.174000173807144,43218.00121665001,18.1723730905907,-65.71225754264671,-42.57922,4,0,0.3079,1,1
6.174000173807144,43218.00121665001,18.172373104302554,-65.71225698779601,-51.38181,3,0,-8.4946,0,0
6.174100171774626,43218.70120242238,18.172366708078417,-65.71225820772746,-42.4573,4,0,0.4299,1,1
6.174200173467398,43219.40121427178,18.17236032604705,-65.71225885564238,-42.60663,4,0,0.2805,1,1
6.174200173467398,43219.40121427178,18.172360325887027,-65.71225886127645,-42.517277,4,0,0.3699,1,1
6.174300171434879,43220.10120004416,18.172353944092134,-65.71225951725458,-42.53698,4,0,0.3502,1,1
6.174400173127651,43220.80121189356,18.17234758213542,-65.71225937533505,-55.21398,4,0,-12.3268,0,3
6.174500171095133,43221.50119766593,18.17234118095064,-65.71226082891569,-42.57742,4,0,0.3097,1,1
6.174600172787905,43222.20120951533,18.172334799454944,-65.71226148970388,-42.51721,4,0,0.37,1,1
6.174800142645836,43223.60099852085,18.172322039458248,-65.71226280412122,-42.502884,4,0,0.3843,1,1
6.174900144338608,43224.301010370255,18.172315658619954,-65.7122634647892,-42.44065,4,0,0.4465,1,1
6.174900144338608,43224.301010370255,18.17231567958593,-65.71226261864432,-55.86445,4,0,-12.9773,1,3
6.175000142306089,43225.00099614263,18.172309278365177,-65.71226412078555,-42.450836,4,0,0.4363,1,1
6.175200141966343,43226.4009937644,18.172296518312056,-65.7122654306424,-42.50164,4,0,0.3855,1,1
6.175500154495239,43228.50108146668,18.172277378842445,-65.71226739931116,-42.508224,4,0,0.3789,1,1
6.175700154155493,43229.90107908845,18.172264639554108,-65.71226795109075,-54.57335,4,0,-11.6862,0,3
6.175800152122974,43230.60106486082,18.1722582421942,-65.71226936564445,-42.539295,4,0,0.3479,1,1
6.175800152122974,43230.60106486082,18.172258242044663,-65.71226937090748,-42.45583,4,0,0.4313,1,1
6.175900153815746,43231.301076710224,18.172251723499507,-65.71227567035815,47.077328,0,0,89.9645,0,0
6.176000151783228,43232.0010624826,18.17224548535481,-65.71227067545772,-42.571228,4,0,0.3159,1,1
6.176000151783228,43232.0010624826,18.172245485795287,-65.7122706599551,-42.817085,4,0,0.0701,1,1
6.176200162619352,43233.40113833547,18.17223272893029,-65.71227197236338,-42.80435,4,0,0.0828,1,1
6.176200162619352,43233.40113833547,18.17223274841181,-65.7122711877142,-55.25244,4,0,-12.3653,0,3
6.176300164312124,43234.10115018487,18.17222635056472,-65.71227264436621,-42.545326,4,0,0.3418,1,1
6.176400162279606,43234.80113595724,18.172219972983285,-65.71227330354718,-42.488117,4,0,0.3991,1,1
6.176900163292885,43238.301143050194,18.172188105477584,-65.71227585777062,-53.953,4,0,-11.0658,0,3
6.177000161260366,43239.001128822565,18.17218171112088,-65.71227723416663,-42.510983,4,0,0.3762,1,1
6.17720016092062,43240.40112644434,18.17216895855199,-65.71227854430317,-42.511105,4,0,0.3761,1,1
6.177500173449516,43242.50121414661,18.1721498301478,-65.71228050712928,-42.542645,4,0,0.3445,1,1
6.177600171416998,43243.201199918985,18.172143454474863,-65.7122811700709,-42.413063,4,0,0.4741,1,1
6.17770017310977,43243.90121176839,18.172137078955483,-65.71228182465359,-42.415447,4,0,0.4717,1,1
6.177900172770023,43245.30120939016,18.17212433822842,-65.71228275020192,-48.502632,4,0,-5.6155,0,0
6.178000174462795,43246.00122123957,18.17211795368556,-65.71228378282949,-42.504765,4,0,0.3824,1,1
6.178100172430277,43246.70120701194,18.172111578770288,-65.71228444515474,-42.38014,4,0,0.507,1,1
6.178200144320726,43247.401010245085,18.172105206594008,-65.71228507439334,-42.776592,4,0,0.1106,1,1
6.178600151091814,43250.2010576427,18.17207970835865,-65.71228770793563,-42.51676,4,0,0.3704,1,1
6.178700152784586,43250.9010694921,18.172073334297963,-65.71228836034919,-42.544304,4,0,0.3429,1,1
6.17890015244484,43252.30106711388,18.17206058653753,-65.71228967407363,-42.455334,4,0,0.4318,1,1
6.179000154137611,43253.00107896328,18.172054212561303,-65.7122903366124,-42.319756,4,0,0.5674,1,1
6.179200153797865,43254.401076585054,18.17204146598996,-65.71229163394798,-42.485703,4,0,0.4015,1,1
6.179200153797865,43254.401076585054,18.172041466107256,-65.7122916298233,-42.551117,4,0,0.3361,1,1
6.1793001517653465,43255.10106235743,18.17203509417981,-65.71229223197923,-43.37071,4,0,-0.4835,0,0
6.1793001517653465,43255.10106235743,18.17203509275805,-65.7122922909682,-42.434814,4,0,0.4524,1,1
6.1793001517653465,43255.10106235743,18.172035092940664,-65.71229228454666,-42.53665,4,0,0.3505,1,1
6.179400153458118,43255.80107420683,18.172028738278936,-65.71229218526666,-54.48374,4,0,-11.5966,0,3
6.1795001514256,43256.5010599792,18.17202234707132,-65.7122935784646,-42.752163,4,0,0.135,1,1
6.1795001514256,43256.5010599792,18.172022346282635,-65.71229360619652,-42.31237,4,0,0.5748,1,1
6.179600153118372,43257.20107182861,18.172015973497267,-65.71229425075516,-42.457153,4,0,0.43,1,1
6.179700151085854,43257.901057600975,18.17200960129443,-65.71229488684044,-42.735176,4,0,0.152,1,1
6.179900161921978,43259.301133453846,18.17199685494589,-65.71229620474284,-42.56529,4,0,0.3219,1,1
6.18000016361475,43260.00114530325,18.171990482197536,-65.7122968622256,-42.50216,4,0,0.385,1,1
6.18000016361475,43260.00114530325,18.17199048196974,-65.71229687023427,-42.375153,4,0,0.512,1,1
6.18000016361475,43260.00114530325,18.17199050871195,-65.71229579518163,-59.4301,3,0,-16.5429,2,0
6.180300161242485,43262.1011286974,18.171971365666693,-65.7122988107694,-42.686882,4,0,0.2003,1,1
6.180400162935257,43262.8011405468,18.17196499316552,-65.71229947242266,-42.554844,4,0,0.3323,1,1
6.180400162935257,43262.8011405468,18.171964992978644,-65.7122994789918,-42.450665,4,0,0.4365,1,1
6.1809001713991165,43266.301199793816,18.17193315339341,-65.71230192607953,-55.442303,4,0,-12.5551,0,3
6.181000173091888,43267.00121164322,18.171926761155976,-65.7123033970123,-42.467968,4,0,0.4192,1,1
6.18110017105937,43267.70119741559,18.171920389886026,-65.71230404292676,-42.58074,4,0,0.3064,1,1
6.181200172752142,43268.401209264994,18.171914018490604,-65.71230468733782,-42.71716,4,0,0.17,1,1
6.181400172412396,43269.80120688677,18.17190127549735,-65.71230599846695,-42.634148,4,0,0.253,1,1
6.181500174105167,43270.50121873617,18.17189490397299,-65.71230665411795,-42.590633,4,0,0.2965,1,1
6.181600142270327,43271.200995892286,18.17188854443538,-65.71230691154759,-48.860764,4,0,-5.9736,0,0
6.181600142270327,43271.200995892286,18.17188853471753,-65.71230730694805,-42.58785,4,0,0.2993,1,1
6.181600142270327,43271.200995892286,18.17188853454042,-65.71230731317169,-42.48915,4,0,0.398,1,1
6.1817001439630985,43271.90100774169,18.171882163611613,-65.71230795194083,-42.7123,4,0,0.1749,1,1
6.1817001439630985,43271.90100774169,18.171882163395992,-65.71230795951745,-42.592144,4,0,0.295,1,1
6.181900143623352,43273.30100536346,18.17186942129216,-65.71230925963292,-42.678482,4,0,0.2087,1,1
6.182000141590834,43274.00099113584,18.171863050445666,-65.7123099092666,-42.72744,4,0,0.1597,1,1
6.182100143283606,43274.70100298524,18.17185667921501,-65.71231056572601,-42.66806,4,0,0.2191,1,1
6.182100143283606,43274.70100298524,18.17185667917494,-65.71231056713417,-42.64573,4,0,0.2414,1,1
6.182200152426958,43275.40106698871,18.17185030826128,-65.71231119739201,-43.002167,4,0,-0.115,1,1
6.182200152426958,43275.40106698871,18.171850307392297,-65.71231122792116,-42.518017,4,0,0.3692,1,1
6.18230015411973,43276.10107883811,18.171843936612746,-65.71231186893546,-42.702793,4,0,0.1844,1,1
6.182600151747465,43278.201062232256,18.17182482392438,-65.71231383683276,-42.54195,4,0,0.3452,1,1
6.182600151747465,43278.201062232256,18.171824842800685,-65.71231307492157,-54.62917,4,0,-11.742,0,3
6.182700153440237,43278.90107408166,18.17181845316607,-65.71231448481532,-42.614357,4,0,0.2728,1,1
6.182700153440237,43278.90107408166,18.17181845313111,-65.71231448604327,-42.594883,4,0,0.2923,1,1
6.182800151407719,43279.60105985403,18.171812099240373,-65.71231447006537,-53.19955,4,0,-10.3124,0,0
6.182800151407719,43279.60105985403,18.171812082287747,-65.71231514638812,-42.47045,4,0,0.4167,1,1
6.182900153100491,43280.30107170344,18.1718057121568,-65.71231577437624,-42.85915,4,0,0.028,1,1
6.183600161224604,43285.20112857223,18.171761116510908,-65.71232036523949,-42.47808,4,0,0.4091,1,1
6.183800164610148,43286.60115227103,18.171748375084125,-65.71232167214833,-42.44202,4,0,0.4451,1,1
6.183900162577629,43287.3011380434,18.171742004700693,-65.71232232261427,-42.47057,4,0,0.4166,1,1
6.184000164270401,43288.00114989281,18.171735634019345,-65.71232297531668,-42.46377,4,0,0.4234,1,1
6.184300173074007,43290.10121151805,18.171716521798647,-65.71232493103561,-42.480125,4,0,0.407,1,1
6.184400174766779,43290.80122336745,18.17171015098996,-65.71232558775596,-42.408638,4,0,0.4785,1,1
6.184500172734261,43291.501209139824,18.171703780794243,-65.71232623095332,-42.551003,4,0,0.3362,1,1
6.1846001744270325,43292.20122098923,18.171697409762945,-65.71232689478893,-42.366257,4,0,0.5209,1,1
6.184900172054768,43294.30120438337,18.171678298015188,-65.7123288525413,-42.345417,4,0,0.5418,1,1
6.184900172054768,43294.30120438337,18.17167829845081,-65.71232883725025,-42.58791,4,0,0.2993,1,1
6.185100141912699,43295.70099338889,18.1716655663026,-65.71232985034082,-47.203716,4,0,-4.3165,0,0
6.185500152409077,43298.50106686354,18.171640075723623,-65.71233273536855,-42.816437,4,0,0.0707,1,1
6.185500152409077,43298.50106686354,18.171640074799846,-65.71233276778781,-42.30232,4,0,0.5848,1,1
6.185600154101849,43299.20107871294,18.17163370416489,-65.71233340959104,-42.465496,4,0,0.4217,1,1
6.185800153762102,43300.60107633472,18.17162096474863,-65.71233462372228,-43.89336,4,0,-1.0062,0,0
6.185800153762102,43300.60107633472,18.171620962634307,-65.71233470689107,-42.57404,4,0,0.3131,1,1
6.185800153762102,43300.60107633472,18.171620962343752,-65.71233471708706,-42.41235,4,0,0.4748,1,1
6.186000153422356,43302.00107395649,18.17160822046013,-65.71233602127313,-42.411407,4,0,0.4758,1,1
6.186100151389837,43302.70105972886,18.171601852154,-65.71233657381845,-43.989727,4,0,-1.1026,0,0
6.186200153082609,43303.40107157826,18.171595478981725,-65.71233730515424,-42.73227,4,0,0.1549,1,1
6.186800163239241,43307.601142674685,18.171557255498428,-65.71234121926176,-42.40833,4,0,0.4788,1,1
6.186900161206722,43308.301128447056,18.17155088387287,-65.7123418670713,-42.50352,4,0,0.3836,1,1
6.186900161206722,43308.301128447056,18.171550883778327,-65.71234187038777,-42.450928,4,0,0.4362,1,1
6.187000162899494,43309.00114029646,18.171544511813337,-65.71234251964792,-42.52352,4,0,0.3636,1,1
6.187100164592266,43309.70115214586,18.17153814371757,-65.712343013032,-45.06887,4,0,-2.1817,0,0
6.187200162559748,43310.40113791824,18.17153176760488,-65.71234382951987,-42.488396,4,0,0.3988,1,1
6.187200162559748,43310.40113791824,18.171531767837703,-65.71234382135367,-42.617897,4,0,0.2693,1,1
6.187200162559748,43310.40113791824,18.17153176739212,-65.7123438369824,-42.370052,4,0,0.5171,1,1
6.187400162220001,43311.80113554001,18.17151902340675,-65.71234512963683,-42.6081,4,0,0.2791,1,1
6.187500163912773,43312.50114738941,18.17151265266796,-65.71234571518599,-43.691612,4,0,-0.8044,0,0
6.187600173056126,43313.20121139288,18.171506278132497,-65.71234643268667,-42.682617,4,0,0.2046,1,1
6.187600173056126,43313.20121139288,18.17150627772198,-65.71234644708356,-42.454308,4,0,0.4329,1,1
6.1877001747488976,43313.90122324228,18.1714999052794,-65.7123470962159,-42.529194,4,0,0.358,1,1
6.187900174409151,43315.30122086406,18.17148716030014,-65.71234839802344,-42.62255,4,0,0.2646,1,1
6.188000172376633,43316.00120663643,18.171480787572303,-65.71234905492702,-42.574104,4,0,0.3131,1,1
6.188100174069405,43316.70121848583,18.17147441473152,-65.71234970699429,-42.602673,4,0,0.2845,1,1
6.188100174069405,43316.70121848583,18.17147441463793,-65.71234971027538,-42.55064,4,0,0.3365,1,1
6.188300173729658,43318.10121610761,18.17146166905704,-65.71235101039336,-42.67128,4,0,0.2159,1,1
6.188500143587589,43319.501005113125,18.171448943115102,-65.7123515775978,-54.416195,4,0,-11.529,0,3
6.188600141555071,43320.200990885496,18.171442551695968,-65.71235297283705,-42.654976,4,0,0.2322,1,1
6.188600141555071,43320.200990885496,18.17144255222302,-65.71235295435866,-42.94801,4,0,-0.0608,1,1
6.188700143247843,43320.9010027349,18.171436178433915,-65.71235362133088,-42.74065,4,0,0.1465,1,1
6.188700143247843,43320.9010027349,18.17143618784084,-65.7123532467023,-48.683575,4,0,-5.7964,0,0
6.188700143247843,43320.9010027349,18.17143617812496,-65.71235363216239,-42.568882,4,0,0.3183,1,1
6.188900142908096,43322.301000356674,18.17142343181863,-65.71235491997338,-42.885624,4,0,0.0015,1,1
6.189000152051449,43323.00106436014,18.171417057228965,-65.71235558845478,-42.655365,4,0,0.2318,1,1
6.189000152051449,43323.00106436014,18.171417082947293,-65.7123545523933,-59.091373,2,0,-16.2042,0,0
6.189100153744221,43323.701076209545,18.171410720605323,-65.71235475093908,-66.31511,2,0,-23.4279,0,0
6.189200151711702,43324.40106198192,18.17140430955952,-65.71235690363214,-42.538677,4,0,0.3485,1,1
6.189300153404474,43325.10107383132,18.171397935696177,-65.7123575527907,-42.61436,4,0,0.2728,1,1
6.189400151371956,43325.80105960369,18.1713915692804,-65.71235790974423,-47.32519,4,0,-4.438,0,0
6.189400151371956,43325.80105960369,18.171391582755096,-65.71235736571649,-55.955643,4,0,-13.0685,2,3
6.189700152724981,43327.90106907487,18.171372438964703,-65.71236017432798,-42.522465,4,0,0.3647,1,1
6.189800154417753,43328.60108092427,18.171366064427005,-65.7123608286116,-42.517418,4,0,0.3698,1,1
6.189800154417753,43328.60108092427,18.17136606458492,-65.71236082307757,-42.60518,4,0,0.282,1,1
6.189900152385235,43329.30106669664,18.171359689993142,-65.71236148369564,-42.49941,4,0,0.3878,1,1
6.190100163221359,43330.70114254952,18.17134694023433,-65.71236278011705,-42.683296,4,0,0.2039,1,1
6.190200164914131,43331.40115439892,18.17134056517324,-65.7123634369997,-42.637524,4,0,0.2496,1,1
6.190300162881613,43332.10114017129,18.17133419037836,-65.71236408879247,-42.672207,4,0,0.215,1,1
6.19070016220212,43334.90113541484,18.17130868940924,-65.71236670050803,-42.740997,4,0,0.1462,1,1
6.190900173038244,43336.30121126771,18.17129593699985,-65.71236802070337,-42.55018,4,0,0.337,1,1
6.191000174731016,43337.00122311711,18.17128956123616,-65.71236866838788,-42.65138,4,0,0.2358,1,1
6.19120017439127,43338.40122073889,18.17127680911844,-65.71236997938615,-42.606007,4,0,0.2812,1,1
6.191300172358751,43339.10120651126,18.17127043280544,-65.71237064117564,-42.48361,4,0,0.4036,1,1
6.191500172019005,43340.50120413304,18.171257679760263,-65.71237195740093,-42.356293,4,0,0.5309,1,1
6.191600173711777,43341.20121598244,18.17125130374704,-65.71237258656748,-42.7521,4,0,0.1351,1,1
6.191600173711777,43341.20121598244,18.17125130304962,-65.71237261099841,-42.364674,4,0,0.5225,1,1
6.1919001415371895,43343.30099076033,18.17123217498872,-65.71237455390765,-42.670567,4,0,0.2166,1,1
6.192300144582987,43346.10101208091,18.17120666468581,-65.7123771925248,-42.323345,4,0,0.5638,1,1
6.192400153726339,43346.801076084375,18.171200286626966,-65.7123778381178,-42.46085,4,0,0.4263,1,1
6.192400153726339,43346.801076084375,18.17120029423124,-65.71237753595852,-47.254086,4,0,-4.3669,0,0
6.192400153726339,43346.801076084375,18.171200286333303,-65.71237784840278,-42.297752,4,0,0.5894,1,1
6.192600153386593,43348.20107370615,18.17118753067699,-65.71237914987914,-42.408215,4,0,0.479,1,1
6.192800153046846,43349.601071327925,18.171174774396725,-65.71238045292853,-42.494503,4,0,0.3927,1,1
6.193100154399872,43351.7010807991,18.171155638422952,-65.71238241913534,-42.44116,4,0,0.446,1,1
6.193100154399872,43351.7010807991,18.1711556573977,-65.71238165616303,-54.544716,4,0,-11.6575,2,3
6.193200152367353,43352.401066571474,18.17114925990821,-65.71238306462638,-42.5807,4,0,0.3065,1,1
6.193300161510706,43353.10113057494,18.171142880975943,-65.71238369458011,-42.968,4,0,-0.0808,1,1
6.19350016489625,43354.50115427375,18.171130121100216,-65.71238504217453,-42.351154,4,0,0.536,1,1
6.193600162863731,43355.20114004612,18.17112374194612,-65.71238568639491,-42.511826,4,0,0.3753,1,1
6.193800162523985,43356.60113766789,18.17111098257837,-65.71238699227082,-42.55747,4,0,0.3297,1,1
6.194000162184238,43358.00113528967,18.171098222602986,-65.71238829765642,-42.61178,4,0,0.2754,1,1
6.194300163537264,43360.10114476085,18.17107908316972,-65.7123901828204,-43.851826,4,0,-0.9647,0,0
6.1944001615047455,43360.80113053322,18.171072700564498,-65.71239091539371,-42.612694,4,0,0.2745,1,1
6.194500174373388,43361.50122061372,18.17106631855468,-65.7123915793856,-42.463306,4,0,0.4239,1,1
6.19460017234087,43362.20120638609,18.17105993809769,-65.71239221659091,-42.737385,4,0,0.1498,1,1
6.194700174033642,43362.90121823549,18.171053556697363,-65.71239287288662,-42.709366,4,0,0.1778,1,1
6.194800172001123,43363.60120400786,18.171047175601707,-65.7123935211555,-42.80849,4,0,0.0787,1,1
6.194900173693895,43364.30121585727,18.17104079509473,-65.7123941258896,-43.599022,4,0,-0.7119,0,0
6.195000171661377,43365.00120162964,18.171034411655747,-65.71239485375877,-42.43596,4,0,0.4512,1,1
6.195000171661377,43365.00120162964,18.17103441201964,-65.7123948410214,-42.637943,4,0,0.2492,1,1
6.195200141519308,43366.40099063516,18.17102164980356,-65.71239615658189,-42.53359,4,0,0.3536,1,1
6.195200141519308,43366.40099063516,18.171021669699204,-65.71239536170887,-55.142933,4,0,-12.2558,0,3
6.195400144904852,43367.80101433396,18.171008885457915,-65.71239744898452,-42.80098,4,0,0.0862,1,1
6.195400144904852,43367.80101433396,18.17100888513808,-65.71239746017932,-42.623455,4,0,0.2637,1,1
6.195700153708458,43369.901075959206,18.170989737344136,-65.71239938271304,-43.282146,4,0,-0.395,1,0
6.19580015167594,43370.60106173158,18.17098335392262,-65.71240006372702,-42.864197,4,0,0.023,1,1
6.19580015167594,43370.60106173158,18.17098337228741,-65.7123993225194,-54.622505,4,0,-11.7353,0,3
6.19580015167594,43370.60106173158,18.1709833534918,-65.71240007880503,-42.625095,4,0,0.2621,1,1
6.195900153368712,43371.30107358098,18.170976969860902,-65.71240074404622,-42.45833,4,0,0.4288,1,1
6.196000151336193,43372.00105935335,18.170969870020148,-65.71243013786102,413.47665,0,0,456.3638,0,0
6.196000151336193,43372.00105935335,18.170970586877928,-65.71240138904578,-42.61244,4,0,0.2747,1,1
6.196200154721737,43373.40108305216,18.1709578192585,-65.71240270267322,-42.547573,4,0,0.3396,1,1
6.196200154721737,43373.40108305216,18.17095782926955,-65.71240230757024,-48.815025,4,0,-5.9279,0,0
6.196600154042244,43376.20107829571,18.170932282556063,-65.71240532438063,-42.50859,4,0,0.3786,1,1
6.19690016284585,43378.30113992095,18.17091312765276,-65.7124072926064,-42.45243,4,0,0.4347,1,1
6.19690016284585,43378.30113992095,18.17091312776305,-65.71240728874702,-42.51363,4,0,0.3735,1,1
6.197000164538622,43379.00115177035,18.17090674233419,-65.71240795180734,-42.384613,4,0,0.5026,1,1
6.197200164198875,43380.40114939213,18.17089397203462,-65.71240924879012,-42.589153,4,0,0.298,1,1
6.197300162166357,43381.1011351645,18.17088758617358,-65.71240991735387,-42.37339,4,0,0.5138,1,1
6.197400163859129,43381.8011470139,18.17088120048231,-65.7124105656976,-42.47897,4,0,0.4082,1,1
6.197500161826611,43382.501132786274,18.1708748150992,-65.71241120557272,-42.71876,4,0,0.1684,1,1
6.197500161826611,43382.501132786274,18.17087481525052,-65.71241120027797,-42.802723,4,0,0.0844,1,1
6.197700172662735,43383.901208639145,18.170862042174434,-65.71241250968485,-42.81452,4,0,0.0726,1,1
6.197700172662735,43383.901208639145,18.170862041411944,-65.71241253636326,-42.391464,4,0,0.4957,1,1
6.197700172662735,43383.901208639145,18.17086204160872,-65.71241252947847,-42.50064,4,0,0.3865,1,1
6.197800174355507,43384.60122048855,18.170855655335533,-65.71241317423028,-42.66444,4,0,0.2227,1,1
6.197800174355507,43384.60122048855,18.17085565517972,-65.71241317968189,-42.57799,4,0,0.3092,1,1
6.19800017401576,43386.00121811032,18.17084288172163,-65.71241449140504,-42.553825,4,0,0.3333,1,1
6.198400173336268,43388.80121335387,18.17081733866586,-65.71241688108427,-46.217644,4,0,-3.3305,0,0
6.1987001448869705,43390.9010142088,18.170798170893857,-65.71241908642344,-42.413563,4,0,0.4736,1,1
6.198900144547224,43392.30101183057,18.170785394655866,-65.7124203877583,-42.56019,4,0,0.327,1,1
6.199100144207478,43393.70100945234,18.1707726176741,-65.71242169129918,-42.673237,4,0,0.2139,1,1
6.199200142174959,43394.40099522472,18.170766228458373,-65.71242236366608,-42.40349,4,0,0.4837,1,1
6.199300155043602,43395.101085305214,18.170759838622946,-65.7124230161254,-42.45147,4,0,0.4357,1,1
6.199400153011084,43395.80107107759,18.170753449851777,-65.7124236610908,-42.616962,4,0,0.2702,1,1
6.199500154703856,43396.50108292699,18.17074706003933,-65.71242432826853,-42.430977,4,0,0.4562,1,1
6.199800152331591,43398.601066321135,18.170727892242315,-65.71242625368122,-43.081535,4,0,-0.1944,1,1
6.199900154024363,43399.30107817054,18.17072150114406,-65.71242694231103,-42.556854,4,0,0.3303,1,1
6.200000151991844,43400.00106394291,18.170715110929983,-65.71242760246686,-42.483692,4,0,0.4035,1,1
6.200100164860487,43400.70115402341,18.17070872000881,-65.71242824830969,-42.639427,4,0,0.2477,1,1
6.200200162827969,43401.40113979578,18.1707023293972,-65.71242891071363,-42.53138,4,0,0.3558,1,1
6.200400162488222,43402.80113741756,18.17068955436569,-65.71242996640596,-46.585545,4,0,-3.6984,0,0
6.200500164180994,43403.50114926696,18.170683156540857,-65.71243088228493,-42.458355,4,0,0.4288,1,1
6.200600162148476,43404.20113503933,18.1706767658343,-65.71243152488911,-42.66584,4,0,0.2213,1,1
6.200700163841248,43404.90114688873,18.17067037431228,-65.71243218197611,-42.64445,4,0,0.2427,1,1
6.200700163841248,43404.90114688873,18.1706703959616,-65.71243131738628,-56.359512,4,0,-13.4723,1,3
6.200800161808729,43405.601132661104,18.170664010936843,-65.7124317140262,-60.469765,3,0,-17.5826,1,0
6.200900163501501,43406.30114451051,18.170657591105776,-65.71243349300029,-42.652435,4,0,0.2347,1,1
6.200900163501501,43406.30114451051,18.17065761180466,-65.71243266166647,-55.84013,4,0,-12.953,1,3
6.201000161468983,43407.00113028288,18.17065119931929,-65.71243415054464,-42.624615,4,0,0.2626,1,1
6.201100163161755,43407.70114213228,18.17064480715848,-65.71243480721887,-42.611385,4,0,0.2758,1,1
6.201100163161755,43407.70114213228,18.170644806770262,-65.71243482079721,-42.39607,4,0,0.4911,1,1
6.201400171965361,43409.80120375752,18.170625629614936,-65.71243677231261,-42.65273,4,0,0.2344,1,1
6.201600171625614,43411.2012013793,18.17061246679874,-65.71245320475975,197.21686,0,0,240.104,0,0
6.201600171625614,43411.2012013793,18.170612852969683,-65.71243773037641,-48.265564,4,0,-5.3784,0,0
6.201600171625614,43411.2012013793,18.170612849478808,-65.71243787036157,-46.04495,4,0,-3.1578,0,0
6.201700173318386,43411.9012132287,18.170606450637376,-65.71243875404471,-42.43324,4,0,0.4539,1,1
6.201800175011158,43412.601225078106,18.17060005752515,-65.71243940501472,-42.513405,4,0,0.3738,1,1
6.20190017297864,43413.30121085048,18.17059366424691,-65.71244006462504,-42.4566,4,0,0.4306,1,1
6.202200144529343,43415.4010117054,18.170574485574225,-65.71244201757928,-42.696968,4,0,0.1902,1,1
6.202200144529343,43415.4010117054,18.17057448608387,-65.71244199975476,-42.979618,4,0,-0.0924,1,1
6.202200144529343,43415.4010117054,18.170574504201568,-65.71244126770067,-54.592545,4,0,-11.7054,0,3
6.202300142496824,43416.10099747777,18.170568091456243,-65.712442684947,-42.51891,4,0,0.3683,1,1
6.202300142496824,43416.10099747777,18.170568091513704,-65.71244268293752,-42.550774,4,0,0.3364,1,1
6.202400151640177,43416.80106148124,18.17056169659288,-65.71244334813022,-42.408813,4,0,0.4784,1,1
6.202600155025721,43418.20108518005,18.17054890797928,-65.71244465290772,-42.530777,4,0,0.3564,1,1
6.202700152993202,43418.901070952415,18.17054251341824,-65.71244531461495,-42.444283,4,0,0.4429,1,1
6.202800154685974,43419.60108280182,18.170536118949368,-65.71244595957991,-42.624126,4,0,0.263,1,1
6.202900152653456,43420.30106857419,18.170529724417097,-65.71244660988681,-42.719334,4,0,0.1678,1,1
6.203000154346228,43421.00108042359,18.17052332887683,-65.71244728199345,-42.469707,4,0,0.4175,1,1
6.203100152313709,43421.701066195965,18.170516933898707,-65.71244793763194,-42.481304,4,0,0.4059,1,1
6.203200154006481,43422.40107804537,18.170510538485143,-65.7124485951095,-42.464596,4,0,0.4226,1,1
6.203300151973963,43423.10106381774,18.170503637011567,-65.71246953032038,279.23663,0,0,322.1238,0,0
6.203300151973963,43423.10106381774,18.17050414316107,-65.71244925271891,-42.445885,4,0,0.4413,1,1
6.203300151973963,43423.10106381774,18.17050414305069,-65.71244925657928,-42.38467,4,0,0.5025,1,1
6.203500151634216,43424.50106143952,18.170491352007105,-65.71245056231614,-42.49943,4,0,0.3877,1,1
6.203600153326988,43425.20107328892,18.170484253616628,-65.71247936257924,403.9791,0,0,446.8663,0,0
6.203800164163113,43426.60114914179,18.17047216321229,-65.71245253284417,-42.4875,4,0,0.3997,1,1
6.203900162130594,43427.30113491416,18.170465783185733,-65.7124525454208,-52.703846,4,0,-9.8167,0,3
6.204000163823366,43428.00114676356,18.17045937039861,-65.71245385162914,-42.400238,4,0,0.4869,1,1
6.20420016348362,43429.40114438534,18.17044657758009,-65.71245515157281,-42.61375,4,0,0.2734,1,1
6.204300165176392,43430.10115623474,18.170440181323283,-65.7124557850278,-42.98337,4,0,-0.0962,1,1
6.204300165176392,43430.10115623474,18.170440201092305,-65.71245498631673,-55.653633,4,0,-12.7665,0,0
6.204600162804127,43432.20113962889,18.17042101199368,-65.71245687820117,-56.89966,3,0,-14.0125,0,0
6.204700171947479,43432.90120363236,18.17041459124986,-65.71245844940647,-42.39667,4,0,0.4905,1,1
6.204800173640251,43433.60121548176,18.170408193537423,-65.71245911101914,-42.322365,4,0,0.5648,1,1
6.204800173640251,43433.60121548176,18.1704081940055,-65.71245909464932,-42.581947,4,0,0.3052,1,1
6.204900171607733,43434.30120125413,18.170401796413387,-65.71245975362048,-42.549797,4,0,0.3374,1,1
6.205000173300505,43435.00121310353,18.17039539839259,-65.71246041721544,-42.445118,4,0,0.4421,1,1
6.205000173300505,43435.00121310353,18.170395398849404,-65.71246040123911,-42.69846,4,0,0.1887,1,1
6.205100174993277,43435.701224952936,18.17038900049548,-65.71246107215046,-42.478294,4,0,0.4089,1,1
6.205100174993277,43435.701224952936,18.17038900038845,-65.71246107589351,-42.418938,4,0,0.4682,1,1
6.205200172960758,43436.40121072531,18.17038261736901,-65.71246114297917,-51.777195,2,0,-8.89,0,3
6.20530017465353,43437.10122257471,18.17037620445027,-65.71246238628693,-42.478214,4,0,0.409,1,1
6.205400172621012,43437.80120834708,18.17036980639104,-65.71246304247123,-42.492813,4,0,0.3944,1,1
6.205400172621012,43437.80120834708,18.17036980633226,-65.71246304452661,-42.46022,4,0,0.4269,1,1
6.205600142478943,43439.2009973526,18.170357011520355,-65.71246435697647,-42.487053,4,0,0.4001,1,1
6.205700144171715,43439.901009202,18.170350612959183,-65.7124650100909,-42.55237,4,0,0.3348,1,1
6.205800142139196,43440.600994974375,18.17034421439529,-65.71246566760342,-42.54811,4,0,0.3391,1,1
6.206200152635574,43443.40106844902,18.17031861819681,-65.71246828492573,-42.74049,4,0,0.1467,1,1
6.2065001539886,43445.5010779202,18.170299545778786,-65.71247030055767,-42.56271,4,0,0.3245,1,1
6.2065001539886,43445.5010779202,18.17029956501957,-65.71246952936752,-54.796112,4,0,-11.9089,0,3
6.206700153648853,43446.90107554197,18.170286728342745,-65.71247159897803,-42.75287,4,0,0.1343,1,1
6.206800151616335,43447.60106131434,18.1702803413041,-65.7124713816255,-56.59478,4,0,-13.7076,0,0
6.206900153309107,43448.30107316375,18.170273910036368,-65.71247291390901,-42.683594,4,0,0.2036,1,1
6.207000162452459,43449.001137167215,18.170267499896305,-65.71247358015731,-42.511574,4,0,0.3756,1,1
6.207300163805485,43451.10114663839,18.17024827159805,-65.71247554477831,-42.53774,4,0,0.3494,1,1
6.207500163465738,43452.50114426017,18.1702354525374,-65.71247685019434,-42.627033,4,0,0.2601,1,1
6.207700163125992,43453.90114188194,18.170222633308565,-65.71247815149857,-42.78427,4,0,0.1029,1,1
6.207800164818764,43454.60115373135,18.17021622292776,-65.7124788188949,-42.59876,4,0,0.2884,1,1
6.208000164479017,43456.00115135312,18.17020340288433,-65.71248013555709,-42.51675,4,0,0.3704,1,1
6.208000164479017,43456.00115135312,18.17020340304075,-65.71248013008616,-42.603504,4,0,0.2837,1,1
6.20810017362237,43456.70121535659,18.170196992304177,-65.71248078972006,-42.543915,4,0,0.3433,1,1
6.208200175315142,43457.40122720599,18.17019058231488,-65.71248143811627,-42.662506,4,0,0.2247,1,1
6.208200175315142,43457.40122720599,18.17019059938361,-65.71248075164493,-53.552044,4,0,-10.6649,0,3
6.208200175315142,43457.40122720599,18.170190654088128,-65.71247856092234,-88.303,0,0,-45.4158,0,0
6.208300173282623,43458.10121297836,18.17018417239944,-65.71248209062729,-42.71622,4,0,0.1709,1,1
6.208400174975395,43458.80122482777,18.17017776178515,-65.71248275774721,-42.539444,4,0,0.3477,1,1
6.208500172942877,43459.50121060014,18.17017135190479,-65.71248340614284,-42.659985,4,0,0.2272,1,1
6.2089001424610615,43462.30099722743,18.17014571738557,-65.71248583653248,-45.736885,4,0,-2.8497,0,0
6.209000144153833,43463.001009076834,18.170139302171307,-65.71248668497414,-42.688534,4,0,0.1986,1,1
6.209100142121315,43463.700994849205,18.17013289144241,-65.71248735736502,-42.433525,4,0,0.4536,1,1
6.209200143814087,43464.40100669861,18.17012648102372,-65.71248801006206,-42.492058,4,0,0.3951,1,1
6.2093001417815685,43465.10099247098,18.17011943114005,-65.71251429776073,364.12015,0,0,407.0073,0,0
6.2093001417815685,43465.10099247098,18.17012011032052,-65.7124870844843,-67.58682,0,0,-24.6997,0,0
6.209500152617693,43466.50106832385,18.170106813278093,-65.7125074560821,234.74802,0,0,277.6352,0,0
6.209500152617693,43466.50106832385,18.1701072492224,-65.71248997705847,-42.532112,4,0,0.3551,1,1
6.209500152617693,43466.50106832385,18.170107268393487,-65.71248920794699,-54.73245,4,0,-11.8453,1,3
6.2097001522779465,43467.901065945625,18.170094428431696,-65.71249128762408,-42.574818,4,0,0.3124,1,1
6.2099001519382,43469.3010635674,18.17008160773491,-65.71249259581931,-42.65882,4,0,0.2283,1,1
6.210000153630972,43470.0010754168,18.170075197129474,-65.71249325539436,-42.615578,4,0,0.2716,1,1
6.210100155323744,43470.70108726621,18.17006878662889,-65.71249391189819,-42.62199,4,0,0.2652,1,1
6.210100155323744,43470.70108726621,18.17006879811973,-65.71249345616965,-49.850952,4,0,-6.9638,0,0
6.210200153291225,43471.40107303858,18.170062390299524,-65.71249401003973,-51.486225,2,0,-8.5991,0,0
6.210200153291225,43471.40107303858,18.17006237631989,-65.71249457075066,-42.591743,4,0,0.2954,1,1
6.210300154983997,43472.10108488798,18.170055968241115,-65.71249513513176,-44.061314,4,0,-1.1741,0,0
6.210500162094832,43473.50113466382,18.17004316428203,-65.71249576015526,-54.994858,4,0,-12.1077,2,0
6.210500162094832,43473.50113466382,18.17004316357489,-65.71249578489807,-54.602512,4,0,-11.7153,2,3
6.210700161755085,43474.9011322856,18.170030323951654,-65.7124978648859,-42.459484,4,0,0.4277,1,1
6.210800163447857,43475.601144135,18.170023922125708,-65.71249818965182,-47.734905,4,0,-4.8477,0,0
6.210900165140629,43476.3011559844,18.170017503352053,-65.71249918061325,-42.444214,4,0,0.443,1,1
6.211100164800882,43477.70115360618,18.17000468331273,-65.71250049183092,-42.504265,4,0,0.3829,1,1
6.211100164800882,43477.70115360618,18.170004683005995,-65.71250050256472,-42.33406,4,0,0.5531,1,1
6.2114001624286175,43479.80113700032,18.169985453478244,-65.71250246974843,-42.426315,4,0,0.4609,1,1
6.21150017529726,43480.50122708082,18.169979043109883,-65.71250311774398,-42.583286,4,0,0.3039,1,1
6.211600173264742,43481.20121285319,18.16997263331399,-65.71250378143938,-42.49086,4,0,0.3963,1,1
6.211600173264742,43481.20121285319,18.169972634508472,-65.71250373963751,-43.153713,4,0,-0.2665,0,0
6.211700174957514,43481.9012247026,18.169966223616555,-65.71250443588237,-42.54665,4,0,0.3405,1,1
6.211700174957514,43481.9012247026,18.16996622319746,-65.7125044505493,-42.314075,4,0,0.5731,1,1
6.211900174617767,43483.30122232437,18.169953404307822,-65.71250575812577,-42.44942,4,0,0.4377,1,1
6.212000172585249,43484.00120809674,18.169946994930857,-65.71250641796115,-42.422718,4,0,0.4645,1,1
6.212400142103434,43486.80099472404,18.16992135991709,-65.71250905106672,-42.424084,4,0,0.4631,1,1
6.213100153952837,43491.70107766986,18.169876498562,-65.71251365322313,-42.57099,4,0,0.3162,1,1
6.2133001536130905,43493.10107529163,18.169863681973016,-65.71251497997261,-42.435814,4,0,0.4514,1,1
6.213400155305862,43493.80108714104,18.16985727418416,-65.7125156256692,-42.65076,4,0,0.2364,1,1
6.213400155305862,43493.80108714104,18.169857274016994,-65.71251563152074,-42.557976,4,0,0.3292,1,1
6.213500153273344,43494.50107291341,18.16985086670089,-65.71251627600333,-42.792927,4,0,0.0942,1,1
6.213600154966116,43495.20108476281,18.169844458296684,-65.71251695491684,-42.483574,4,0,0.4036,1,1
6.213700152933598,43495.90107053518,18.169838051014857,-65.71251760765061,-42.590252,4,0,0.2969,1,1
6.2138001546263695,43496.601082384586,18.16983164331898,-65.71251827143249,-42.523426,4,0,0.3637,1,1
6.2138001546263695,43496.601082384586,18.16983164299664,-65.71251828271652,-42.344498,4,0,0.5427,1,1
6.214100163429976,43498.70114400983,18.16981242496804,-65.71252010109126,-44.895855,4,0,-2.0087,0,0
6.214100163429976,43498.70114400983,18.1698124456842,-65.71251926841539,-58.10441,3,0,-15.2172,1,0
6.214200165122747,43499.40115585923,18.169806014384363,-65.7125209044724,-42.619854,4,0,0.2673,1,1
6.214300163090229,43500.1011416316,18.16979960773876,-65.71252156582376,-42.597763,4,0,0.2894,1,1
6.214800175279379,43503.60122695565,18.16976757565922,-65.71252486708315,-42.597046,4,0,0.2901,1,1
6.2149001732468605,43504.30121272802,18.16976118870077,-65.71252477525002,-54.530746,4,0,-11.6436,1,3
6.215100172907114,43505.7012103498,18.16974835914893,-65.71252684501677,-42.65677,4,0,0.2304,1,1
6.215100172907114,43505.7012103498,18.16974835921555,-65.71252684268404,-42.69376,4,0,0.1934,1,1
6.215100172907114,43505.7012103498,18.16974835894373,-65.71252685220071,-42.542854,4,0,0.3443,1,1
6.215200174599886,43506.4012221992,18.16974195386589,-65.71252750353845,-42.692234,4,0,0.1949,1,1
6.21540017426014,43507.801219820976,18.16972915173391,-65.71252851709265,-47.581,4,0,-4.6938,0,0
6.215500172227621,43508.50120559335,18.16972273926694,-65.7125294907782,-42.621128,4,0,0.266,1,1
6.215700142085552,43509.90099459887,18.16970993221752,-65.71253081876547,-42.52768,4,0,0.3595,1,1
6.215700142085552,43509.90099459887,18.16970993230576,-65.71253081567642,-42.576664,4,0,0.3105,1,1
6.215800143778324,43510.60100644827,18.16970353475178,-65.71253120756477,-46.850212,4,0,-3.963,0,0
6.21610014513135,43512.70101591945,18.16968432839814,-65.71253299364605,-49.9961,4,0,-7.1089,0,0
6.21610014513135,43512.70101591945,18.169684316782565,-65.71253346304808,-42.54999,4,0,0.3372,1,1
6.21610014513135,43512.70101591945,18.169684316775456,-65.71253346329677,-42.546047,4,0,0.3411,1,1
6.216200143098831,43513.40100169182,18.16967793269811,-65.7125333549153,-54.760654,4,0,-11.8735,1,3
6.216300152242184,43514.101065695286,18.1696715099775,-65.71253478135758,-42.631287,4,0,0.2559,1,1
6.216300152242184,43514.101065695286,18.169671526322567,-65.71253412843092,-52.98834,4,0,-10.1012,0,0
6.216500151902437,43515.50106331706,18.16965870434816,-65.7125361071256,-42.599247,4,0,0.2879,1,1
6.216600153595209,43516.201075166464,18.169652301927496,-65.71253676335786,-42.6911,4,0,0.1961,1,1
6.216700155287981,43516.90108701587,18.169645899106865,-65.71253744124583,-42.441032,4,0,0.4461,1,1
6.216900154948235,43518.30108463764,18.16963309530423,-65.71253876424915,-42.464615,4,0,0.4226,1,1
6.217200163751841,43520.40114626288,18.1696138908646,-65.71254074307657,-42.602158,4,0,0.285,1,1
6.217400163412094,43521.80114388466,18.1696010890478,-65.71254207667234,-42.472702,4,0,0.4145,1,1
6.217500165104866,43522.50115573406,18.16959468886603,-65.71254272625052,-42.683483,4,0,0.2037,1,1
6.217600163072348,43523.20114150643,18.169588288697707,-65.71254339203992,-42.638317,4,0,0.2489,1,1
6.21770016476512,43523.90115335584,18.16958188854743,-65.71254405730454,-42.60338,4,0,0.2838,1,1
6.218000162392855,43526.00113674998,18.169562690440458,-65.7125460389817,-42.73074,4,0,0.1564,1,1
6.218100164085627,43526.701148599386,18.169556290913228,-65.71254671687059,-42.501705,4,0,0.3855,1,1
6.218100164085627,43526.701148599386,18.16955629106648,-65.71254671150392,-42.586803,4,0,0.3004,1,1
6.218100164085627,43526.701148599386,18.169556291085748,-65.71254671082934,-42.5975,4,0,0.2897,1,1
6.218200162053108,43527.40113437176,18.169549892576324,-65.71254737018495,-42.663483,4,0,0.2237,1,1
6.218400172889233,43528.80121022463,18.16953709512661,-65.71254869731632,-42.668095,4,0,0.2191,1,1
6.2185001745820045,43529.50122207403,18.169530696805168,-65.71254936852121,-42.551178,4,0,0.336,1,1
6.218900173902512,43532.30121731758,18.169505107507344,-65.71255202142919,-42.604156,4,0,0.283,1,1
6.219000171869993,43533.00120308995,18.16949871054853,-65.7125526967647,-42.429176,4,0,0.458,1,1
6.219000171869993,43533.00120308995,18.16949871081673,-65.71255268737298,-42.5781,4,0,0.3091,1,1
6.219200145453215,43534.4010181725,18.16948591988011,-65.71255401633961,-42.57437,4,0,0.3128,1,1
6.219300143420696,43535.10100394488,18.169479525325645,-65.71255463803277,-43.254536,4,0,-0.3674,1,0
6.219300143420696,43535.10100394488,18.169479523943288,-65.71255468644004,-42.486942,4,0,0.4002,1,1
6.21950014308095,43536.50100156665,18.169466733517755,-65.71255599622755,-42.7994,4,0,0.0878,1,1
6.219600152224302,43537.20106557012,18.169460344611164,-65.71255638809325,-47.13138,4,0,-4.2442,0,0
6.219700153917074,43537.90107741952,18.1694539425678,-65.71255733794037,-42.613018,4,0,0.2742,1,1
6.219800155609846,43538.60108926892,18.169447547714057,-65.71255800993232,-42.503765,4,0,0.3834,1,1
6.219800155609846,43538.60108926892,18.169447547672533,-65.71255801138638,-42.48071,4,0,0.4065,1,1
6.2200001552701,43540.0010868907,18.16943475937705,-65.71255934362983,-42.452652,4,0,0.4345,1,1
6.220100153237581,43540.70107266307,18.16942836605669,-65.71255999972736,-42.599716,4,0,0.2875,1,1
6.220300152897835,43542.10107028484,18.16941557930217,-65.71256133740346,-42.49487,4,0,0.3923,1,1
6.220500152558088,43543.50106790662,18.16940279463669,-65.71256264196892,-42.92129,4,0,-0.0341,1,1
6.22060015425086,43544.20107975602,18.169396402079,-65.71256331309226,-42.838284,4,0,0.0489,1,1
6.220800165086985,43545.60115560889,18.16938361687384,-65.71256467230123,-42.408764,4,0,0.4784,1,1
6.220800165086985,43545.60115560889,18.169383618046595,-65.71256463123657,-43.059925,4,0,-0.1728,1,1
6.220900163054466,43546.301141381264,18.16937722626724,-65.71256531394005,-42.797573,4,0,0.0896,1,1
6.220900163054466,43546.301141381264,18.16937723193827,-65.71256508850239,-46.37354,4,0,-3.4864,0,0
6.221200164407492,43548.40115085244,18.16935805314379,-65.71256732950293,-42.53675,4,0,0.3504,1,1
6.221200164407492,43548.40115085244,18.16935805538468,-65.7125672420845,-43.923344,4,0,-1.0362,0,0
6.221200164407492,43548.40115085244,18.169358052984546,-65.71256733507846,-42.448338,4,0,0.4388,1,1
6.221300162374973,43549.10113662481,18.16935166299537,-65.7125679962934,-42.53295,4,0,0.3542,1,1
6.221400164067745,43549.80114847422,18.16934527284661,-65.71256866516666,-42.498077,4,0,0.3891,1,1
6.221400164067745,43549.80114847422,18.16934527295881,-65.71256866123795,-42.560375,4,0,0.3268,1,1
6.221500162035227,43550.50113424659,18.16933888346413,-65.71256932593208,-42.592922,4,0,0.2942,1,1
6.221500162035227,43550.50113424659,18.16933889121788,-65.71256901863094,-47.4674,4,0,-4.5802,1,0
6.221600163727999,43551.20114609599,18.169332499614665,-65.71256976823929,-46.155006,4,0,-3.2678,0,0
6.221800174564123,43552.60122194886,18.169319716011568,-65.71257130256899,-42.978573,4,0,-0.0914,1,1
6.221900172531605,43553.30120772123,18.16931332680745,-65.71257199901385,-42.51384,4,0,0.3733,1,1
6.221900172531605,43553.30120772123,18.16931332680341,-65.71257199915496,-42.511604,4,0,0.3756,1,1
6.221900172531605,43553.30120772123,18.169313328252933,-65.71257193945006,-43.458748,4,0,-0.5716,1,0
6.222100172191858,43554.70120534301,18.16930055202373,-65.71257328835235,-43.2314,4,0,-0.3442,1,0
6.22290014475584,43560.30101329088,18.16924946012272,-65.7125786756151,-42.514507,4,0,0.3727,1,1
6.223000142723322,43561.00099906325,18.16924308644817,-65.71257889172998,-49.6856,4,0,-6.7984,0,0
6.223000142723322,43561.00099906325,18.16924307500986,-65.71257934586275,-42.482002,4,0,0.4052,1,1
6.223200153559446,43562.40107491613,18.169230305002625,-65.71258067769445,-42.560474,4,0,0.3267,1,1
6.2234001532197,43563.8010725379,18.169217536887345,-65.71258201117807,-42.617577,4,0,0.2696,1,1
6.2234001532197,43563.8010725379,18.16921755711944,-65.71258120449328,-55.4136,4,0,-12.5264,0,3
6.223500154912472,43564.5010843873,18.169211152861628,-65.71258268878135,-42.47634,4,0,0.4108,1,1
6.223500154912472,43564.5010843873,18.169211152828023,-65.71258268995756,-42.45769,4,0,0.4295,1,1
6.223600152879953,43565.20107015968,18.169204769810968,-65.71258335131277,-42.575195,4,0,0.312,1,1
6.223700154572725,43565.90108200908,18.169198386668576,-65.71258401951859,-42.58595,4,0,0.3012,1,1
6.22400015220046,43568.00106540322,18.169179239367217,-65.71258603089981,-42.519043,4,0,0.3681,1,1
6.22400015220046,43568.00106540322,18.1691792394445,-65.71258602819492,-42.561935,4,0,0.3252,1,1
6.224100165069103,43568.70115548372,18.1691728685764,-65.71258623125657,-49.957993,4,0,-7.0708,0,0
6.224100165069103,43568.70115548372,18.169172856989466,-65.71258669050111,-42.673325,4,0,0.2138,1,1
6.224100165069103,43568.70115548372,18.16917285698139,-65.7125866907837,-42.668842,4,0,0.2183,1,1
6.224400162696838,43570.80113887787,18.16915371319214,-65.71258870831494,-42.521988,4,0,0.3652,1,1
6.224600162357092,43572.20113649964,18.16914095248509,-65.71259004059428,-42.6335,4,0,0.2537,1,1
6.224600162357092,43572.20113649964,18.1691409741843,-65.71258917380783,-56.382984,4,0,-13.4958,1,3
6.224900163710117,43574.30114597082,18.16912181305343,-65.71259205570628,-42.547108,4,0,0.3401,1,1
6.224900163710117,43574.30114597082,18.16912181304304,-65.7125920560699,-42.541344,4,0,0.3458,1,1
6.225000165402889,43575.00115782023,18.16911543400776,-65.71259272008623,-42.63739,4,0,0.2498,1,1
6.225000165402889,43575.00115782023,18.169115433829017,-65.71259272634069,-42.53821,4,0,0.349,1,1
6.225100163370371,43575.7011435926,18.169109055535014,-65.71259338337009,-42.746067,4,0,0.1411,1,1
6.225500173866749,43578.50121706724,18.16908354300423,-65.71259605373139,-42.923573,4,0,-0.0364,1,1
6.225500173866749,43578.50121706724,18.16908354278956,-65.71259606124235,-42.80447,4,0,0.0827,1,1
6.225500173866749,43578.50121706724,18.16908354233837,-65.71259607702885,-42.554146,4,0,0.333,1,1
6.225500173866749,43578.50121706724,18.16908356110815,-65.71259532186716,-54.53322,4,0,-11.6461,0,3
6.225600175559521,43579.201228916645,18.169077165289234,-65.7125967352462,-42.75051,4,0,0.1367,1,1
6.225600175559521,43579.201228916645,18.16907716528595,-65.7125967353609,-42.74869,4,0,0.1385,1,1
6.225700173527002,43579.901214689016,18.169070788387668,-65.71259740712884,-42.73116,4,0,0.156,1,1
6.225700173527002,43579.901214689016,18.169070788410018,-65.71259740634682,-42.74356,4,0,0.1436,1,1
6.225800175219774,43580.60122653842,18.16906441138624,-65.71259808473476,-42.622814,4,0,0.2644,1,1
6.225800175219774,43580.60122653842,18.169064411566573,-65.71259807842524,-42.722862,4,0,0.1643,1,1
6.225800175219774,43580.60122653842,18.169064411470696,-65.71259808177976,-42.66967,4,0,0.2175,1,1
6.225900173187256,43581.30121231079,18.16905803511901,-65.71259875543281,-42.624966,4,0,0.2622,1,1
6.226000145077705,43582.00101554394,18.169051660622905,-65.7125994326242,-42.522724,4,0,0.3644,1,1
6.2263001427054405,43584.10099893808,18.16903228430824,-65.71260124123854,-44.806446,4,0,-1.9193,0,0
6.2263001427054405,43584.10099893808,18.16903228070269,-65.7126013853029,-42.521202,4,0,0.366,1,1
6.226400144398212,43584.80101078749,18.16902592155317,-65.7126020739415,-42.307697,4,0,0.5795,1,1
6.226500153541565,43585.50107479096,18.16901956300588,-65.71260273562388,-42.52378,4,0,0.3634,1,1
6.226600155234337,43586.20108664036,18.169013204853464,-65.7126034104998,-42.53118,4,0,0.356,1,1
6.22680015489459,43587.60108426213,18.16900048960781,-65.71260476227529,-42.517376,4,0,0.3698,1,1
6.227000154554844,43589.00108188391,18.16898777562666,-65.7126061098461,-42.575275,4,0,0.3119,1,1
6.2271001525223255,43589.70106765628,18.168981418970287,-65.71260679068031,-42.494087,4,0,0.3931,1,1
6.227200154215097,43590.40107950568,18.16897506664624,-65.71260730336058,-45.081734,4,0,-2.1946,0,0
6.227300152182579,43591.10106527805,18.16896872717067,-65.71260731274681,-55.654167,4,0,-12.767,0,3
6.227400153875351,43591.80107712746,18.16896235079017,-65.71260881058778,-42.616684,4,0,0.2705,1,1
6.227500155568123,43592.50108897686,18.16895599477209,-65.71260949539682,-42.477596,4,0,0.4096,1,1
6.227500155568123,43592.50108897686,18.168955994676192,-65.71260949875052,-42.424416,4,0,0.4628,1,1
6.227700162678957,43593.9011387527,18.168943284069982,-65.71261084166876,-42.573135,4,0,0.314,1,1
6.227800164371729,43594.6011506021,18.16893692939121,-65.71261150831229,-42.725258,4,0,0.1619,1,1
6.228000164031982,43596.00114822388,18.16892422021777,-65.7126128683571,-42.60789,4,0,0.2793,1,1
6.228000164031982,43596.00114822388,18.16892422024336,-65.71261286746243,-42.622078,4,0,0.2651,1,1
6.228200163692236,43597.40114584565,18.16891151225579,-65.71261421817756,-42.65663,4,0,0.2305,1,1
6.2284001633524895,43598.80114346743,18.16889880493112,-65.71261557649676,-42.574394,4,0,0.3128,1,1
6.2284001633524895,43598.80114346743,18.168898804948096,-65.71261557590357,-42.5838,4,0,0.3034,1,1
6.228500165045261,43599.50115531683,18.16889245276073,-65.7126162015618,-43.393032,4,0,-0.5059,0,0
6.228700172156096,43600.90120509267,18.16887974504259,-65.71261760968511,-42.526787,4,0,0.3604,1,1
6.228700172156096,43600.90120509267,18.16887974540068,-65.71261759717066,-42.72523,4,0,0.1619,1,1
6.228700172156096,43600.90120509267,18.16887974522242,-65.71261760340042,-42.626446,4,0,0.2607,1,1
6.228800173848867,43601.60121694207,18.168873414976066,-65.71261737608903,-56.968807,3,0,-14.0816,0,3
6.229000173509121,43603.00121456385,18.16886068771343,-65.71261963146681,-42.666767,4,0,0.2204,1,1
6.229200173169375,43604.40121218562,18.168847983494945,-65.71262099062488,-42.58458,4,0,0.3026,1,1
6.229200173169375,43604.40121218562,18.16884798340433,-65.71262099379064,-42.534378,4,0,0.3528,1,1
6.229300174862146,43605.10122403503,18.168841632145444,-65.71262164858203,-42.88764,4,0,-0.0005,1,1
6.2295001447200775,43606.50101304054,18.168828930461075,-65.71262302043333,-42.60522,4,0,0.2819,1,1
6.2295001447200775,43606.50101304054,18.168828935165774,-65.71262282928494,-45.637527,4,0,-2.7504,0,0
6.2295001447200775,43606.50101304054,18.168828930342634,-65.71262302457075,-42.53961,4,0,0.3476,1,1
6.229600142687559,43607.200998812914,18.16882257949772,-65.71262369000397,-42.725746,4,0,0.1614,1,1
6.229600142687559,43607.200998812914,18.16882257991246,-65.71262367551705,-42.955467,4,0,-0.0683,1,1
6.229900144040585,43609.30100828409,18.16880352593302,-65.71262573672144,-42.489124,4,0,0.398,1,1
6.230000153183937,43610.00107228756,18.168797174974724,-65.71262640142834,-42.69035,4,0,0.1968,1,1
6.230000153183937,43610.00107228756,18.16879717557004,-65.7126263806385,-43.02002,4,0,-0.1329,1,1
6.230100154876709,43610.70108413696,18.168790823904644,-65.71262709107623,-42.495808,4,0,0.3914,1,1
6.230100154876709,43610.70108413696,18.16879082452716,-65.71262706933774,-42.840523,4,0,0.0466,1,1
6.230200152844191,43611.40106990933,18.16878450131278,-65.71262666498136,-60.000107,3,0,-17.1129,0,3
6.2303001545369625,43612.10108175874,18.16877812340025,-65.71262843174286,-42.720486,4,0,0.1667,1,1
6.2303001545369625,43612.10108175874,18.16877812928077,-65.71262819962656,-46.402443,4,0,-3.5153,0,0
6.2303001545369625,43612.10108175874,18.168778123322006,-65.71262843447496,-42.677162,4,0,0.21,1,1
6.230400152504444,43612.80106753111,18.16877177859156,-65.71262889685212,-46.08881,4,0,-3.2016,1,0
6.230400152504444,43612.80106753111,18.168771773201264,-65.71262911183894,-42.67848,4,0,0.2087,1,1
6.230400152504444,43612.80106753111,18.168771773200667,-65.71262911185988,-42.678146,4,0,0.209,1,1
6.231200162321329,43618.4011362493,18.16872100088956,-65.7126334631431,-59.641315,3,0,-16.7541,0,3
6.231300164014101,43619.10114809871,18.16871462421614,-65.7126352210736,-42.505173,4,0,0.382,1,1
6.231400165706873,43619.80115994811,18.1687082746524,-65.71263590131944,-42.464573,4,0,0.4226,1,1
6.231400165706873,43619.80115994811,18.168708274781924,-65.71263589679985,-42.536243,4,0,0.3509,1,1
6.2315001636743546,43620.50114572048,18.16870192642293,-65.71263654531631,-42.9986,4,0,-0.1114,1,1
6.231700163334608,43621.90114334226,18.16868922772125,-65.7126379088576,-42.86961,4,0,0.0176,1,1
6.23180016502738,43622.60115519166,18.16868287794978,-65.71263860359298,-42.59995,4,0,0.2872,1,1
6.2319001741707325,43623.30121919513,18.168676549195755,-65.71263844303675,-55.898792,4,0,-13.0116,0,3
6.232000175863504,43624.00123104453,18.168670179010977,-65.7126399594586,-42.594654,4,0,0.2925,1,1
6.232200175523758,43625.40122866631,18.16865748083779,-65.71264131734087,-42.556477,4,0,0.3307,1,1
6.232400175184012,43626.80122628808,18.16864478274281,-65.71264267512642,-42.51994,4,0,0.3672,1,1
6.232500173151493,43627.50121206045,18.1686384339368,-65.71264335025633,-42.561123,4,0,0.326,1,1
6.232500173151493,43627.50121206045,18.168638434410123,-65.71264333375125,-42.822853,4,0,0.0643,1,1
6.232600174844265,43628.201223909855,18.168632084912264,-65.71264402491278,-42.610176,4,0,0.277,1,1
6.232800144702196,43629.60101291537,18.16861938874156,-65.71264538240823,-42.57471,4,0,0.3125,1,1
6.233100142329931,43631.70099630952,18.168600341993667,-65.71264740756928,-42.700974,4,0,0.1862,1,1
6.233400154858828,43633.80108401179,18.16858129389243,-65.71264943627924,-42.771057,4,0,0.1161,1,1
6.233400154858828,43633.80108401179,18.16858129401281,-65.71264943208399,-42.837585,4,0,0.0496,1,1
6.233500152826309,43634.50106978416,18.168574944761108,-65.71265011615942,-42.73549,4,0,0.1517,1,1
6.233600154519081,43635.20108163357,18.16856859523487,-65.71265079996752,-42.63777,4,0,0.2494,1,1
6.233700152486563,43635.90106740594,18.16856224609888,-65.71265147660607,-42.653053,4,0,0.2341,1,1
6.233800154179335,43636.60107925534,18.1685558967426,-65.71265215074341,-42.70809,4,0,0.1791,1,1
6.2339001558721066,43637.301091104746,18.168549553770863,-65.71265256466442,-46.890823,4,0,-4.0037,1,0
6.2339001558721066,43637.301091104746,18.16854954755832,-65.71265281675811,-42.8916,4,0,-0.0044,1,1
6.234000153839588,43638.00107687712,18.16854320303166,-65.71265329969115,-45.978813,4,0,-3.0916,0,0
6.23410015553236,43638.70108872652,18.16853619161762,-65.71268037173255,372.75418,0,0,415.6413,0,0
6.23410015553236,43638.70108872652,18.168536847838293,-65.71265419701162,-42.492424,4,0,0.3947,1,1
6.234300162643194,43640.10113850236,18.16852414816705,-65.71265554856302,-42.5476,4,0,0.3396,1,1
6.234700165688992,43642.90115982294,18.168498748250123,-65.71265825921012,-42.53166,4,0,0.3555,1,1
6.234800163656473,43643.60114559531,18.16849239857125,-65.71265892386562,-42.73236,4,0,0.1548,1,1
6.235000163316727,43645.00114321709,18.168479699879867,-65.71266020125138,-43.956318,4,0,-1.0691,0,0
6.235100165009499,43645.70115506649,18.16847335369312,-65.71266069746783,-46.82798,4,0,-3.9408,0,0
6.235300164669752,43647.101152688265,18.16846064648543,-65.7126622905298,-43.040417,4,0,-0.1532,1,1
6.235400173813105,43647.80121669173,18.16845429472276,-65.71266297774666,-42.880943,4,0,0.0062,1,1
6.235400173813105,43647.80121669173,18.168454293820577,-65.71266300915136,-42.382935,4,0,0.5042,1,1
6.2355001755058765,43648.501228541136,18.1684479428872,-65.71266367912355,-42.495453,4,0,0.3917,1,1
6.23570017516613,43649.90122616291,18.16843524067842,-65.71266502415446,-42.637318,4,0,0.2499,1,1
6.235800173133612,43650.60121193528,18.16842888908304,-65.71266571002897,-42.495117,4,0,0.3921,1,1
6.236000172793865,43652.00120955706,18.16841618546174,-65.71266706918628,-42.4086,4,0,0.4786,1,1
6.236100174486637,43652.70122140646,18.168409833416383,-65.71266774573377,-42.41238,4,0,0.4748,1,1
6.236200142651796,43653.400998562574,18.16840348407701,-65.71266839610026,-42.82692,4,0,0.0602,1,1
6.236200142651796,43653.400998562574,18.16840348319765,-65.71266842669718,-42.34172,4,0,0.5454,1,1
6.236300144344568,43654.10101041198,18.168397130945543,-65.71266909847465,-42.41949,4,0,0.4677,1,1
6.23640014231205,43654.80099618435,18.168390778447865,-65.71266978079038,-42.32889,4,0,0.5583,1,1
6.236700154840946,43656.90108388662,18.1683717192476,-65.71267180726973,-42.378353,4,0,0.5088,1,1
6.236800152808428,43657.601069659,18.16836536666733,-65.71267246607637,-42.656944,4,0,0.2302,1,1
6.236800152808428,43657.601069659,18.16836536640059,-65.71267247535457,-42.509815,4,0,0.3774,1,1
6.2369001545012,43658.3010815084,18.16835903528406,-65.71267226571167,-56.56441,3,0,-13.6772,0,3
6.237000152468681,43659.00106728077,18.168352659217387,-65.71267383404466,-42.413136,4,0,0.474,1,1
6.237400155514479,43661.80108860135,18.16832724237761,-65.71267654083164,-42.37615,4,0,0.511,1,1
6.237600155174732,43663.201086223125,18.16831453331392,-65.71267787418807,-42.668896,4,0,0.2183,1,1
6.238100163638592,43666.70114547014,18.168282754895657,-65.71268124246454,-42.828987,4,0,0.0582,1,1
6.238200165331364,43667.401157319546,18.16827639838957,-65.71268191877006,-42.815487,4,0,0.0717,1,1
6.238700173795223,43670.90121656656,18.16824461144389,-65.71268531660584,-42.470932,4,0,0.4162,1,1
6.238700173795223,43670.90121656656,18.16824461185457,-65.71268530233526,-42.697235,4,0,0.1899,1,1
6.238700173795223,43670.90121656656,18.168244611790687,-65.71268530455531,-42.66203,4,0,0.2251,1,1
6.238900173455477,43672.30121418834,18.16823189538856,-65.71268665928268,-42.584877,4,0,0.3023,1,1
6.23910017311573,43673.70121181011,18.168219178107385,-65.71268800762465,-42.6036,4,0,0.2836,1,1
6.239200174808502,43674.40122365952,18.168212819164875,-65.71268867305133,-42.749805,4,0,0.1374,1,1
6.239300172775984,43675.10120943189,18.16820645947618,-65.71268936235147,-42.51566,4,0,0.3715,1,1
6.239300172775984,43675.10120943189,18.168206459597435,-65.71268935813934,-42.582455,4,0,0.3047,1,1
6.239500172436237,43676.50120705366,18.16819373996565,-65.7126907061227,-42.595905,4,0,0.2913,1,1
6.23980014398694,43678.60100790858,18.168174659997977,-65.71269272779253,-42.60728,4,0,0.2799,1,1
6.240000143647194,43680.00100553036,18.168161937258645,-65.71269407579871,-42.605984,4,0,0.2812,1,1
6.240100145339966,43680.70101737976,18.168155574864866,-65.71269476452707,-42.369793,4,0,0.5174,1,1
6.240200154483318,43681.40108138323,18.168149212589046,-65.71269542144157,-42.637398,4,0,0.2498,1,1
6.240700155496597,43684.90108847618,18.16811739627094,-65.71269880253716,-42.41692,4,0,0.4702,1,1
6.241000153124332,43687.00107187033,18.16809830296191,-65.71270081735283,-42.484882,4,0,0.4023,1,1
6.241100165992975,43687.70116195083,18.168091937560963,-65.71270146798378,-42.83837,4,0,0.0488,1,1
6.241200163960457,43688.4011477232,18.16808557133547,-65.71270216770625,-42.410133,4,0,0.477,1,1
6.24140016362071,43689.80114534497,18.168072839448456,-65.71270350193265,-42.583332,4,0,0.3038,1,1
6.241600163280964,43691.20114296675,18.16806010669848,-65.71270481557075,-43.07632,4,0,-0.1892,1,1
6.241700164973736,43691.90115481615,18.16805373822292,-65.71270551955313,-42.572643,4,0,0.3145,1,1
6.241700164973736,43691.90115481615,18.16805373844997,-65.7127055116734,-42.6976,4,0,0.1896,1,1
6.241800162941217,43692.60114058852,18.16804738348669,-65.71270568237611,-50.65136,3,0,-7.7642,0,0
6.242100164294243,43694.7011500597,18.16802826518367,-65.71270820177834,-42.65985,4,0,0.2273,1,1
6.242200165987015,43695.4011619091,18.16802189564812,-65.7127088795817,-42.56257,4,0,0.3246,1,1
6.242500174790621,43697.501223534346,18.16800278526221,-65.7127108861899,-42.68551,4,0,0.2017,1,1
6.242600172758102,43698.20120930672,18.16799641448453,-65.71271156148492,-42.620483,4,0,0.2667,1,1
6.242800172418356,43699.60120692849,18.1679836714894,-65.71271291280682,-42.4738,4,0,0.4134,1,1
6.242900174111128,43700.301218777895,18.16797729973103,-65.712713572759,-42.647034,4,0,0.2401,1,1
6.243200145661831,43702.401019632816,18.1679581831896,-65.71271558697822,-42.60721,4,0,0.28,1,1
6.2433001436293125,43703.10100540519,18.167951809582185,-65.7127162634175,-42.511204,4,0,0.376,1,1
6.243500154465437,43704.50108125806,18.167939061063937,-65.7127175861994,-42.79244,4,0,0.0947,1,1
6.243600156158209,43705.20109310746,18.16793268970543,-65.71271811610816,-45.015717,4,0,-2.1285,0,0
6.243600156158209,43705.20109310746,18.167932686056563,-65.71271826039592,-42.726765,4,0,0.1604,1,1
6.243800155818462,43706.60109072924,18.16791993510752,-65.71271960639233,-42.62734,4,0,0.2598,1,1
6.243900153785944,43707.30107650161,18.167913559188168,-65.71272027730191,-42.60769,4,0,0.2795,1,1
6.2441001534461975,43708.70107412338,18.16790080576358,-65.71272162238745,-42.511234,4,0,0.3759,1,1
6.2441001534461975,43708.70107412338,18.167900805769094,-65.71272162219626,-42.514263,4,0,0.3729,1,1
6.2441001534461975,43708.70107412338,18.16790087271856,-65.7127189635879,-84.69012,0,0,-41.803,0,0
6.244200155138969,43709.40108597279,18.16789442862017,-65.71272228390899,-42.63509,4,0,0.2521,1,1
6.244400154799223,43710.80108359456,18.16788167266224,-65.71272362912894,-42.524902,4,0,0.3623,1,1
6.244400154799223,43710.80108359456,18.16788167307211,-65.71272361491705,-42.75028,4,0,0.1369,1,1
6.244400154799223,43710.80108359456,18.16788169428852,-65.71272277283705,-56.10899,4,0,-13.2218,2,3
6.2446001544594765,43712.201081216335,18.16786891512376,-65.71272496762275,-42.51369,4,0,0.3735,1,1
6.244700163602829,43712.9011452198,18.16786253532062,-65.71272563124222,-42.595318,4,0,0.2919,1,1
6.2449001632630825,43714.30114284158,18.16784977590595,-65.7127269482563,-42.912846,4,0,-0.0257,1,1
6.2449001632630825,43714.30114284158,18.167849775426824,-65.71272696486767,-42.649418,4,0,0.2378,1,1
6.245000164955854,43715.00115469098,18.167843395801285,-65.71272759402166,-43.2709,4,0,-0.3837,0,0
6.245000164955854,43715.00115469098,18.167843394593472,-65.71272763589626,-42.606842,4,0,0.2803,1,1
6.245100162923336,43715.70114046335,18.16783701344144,-65.71272831120166,-42.49407,4,0,0.3931,1,1
6.245200164616108,43716.40115231276,18.167830642723512,-65.71272854833325,-49.330784,3,0,-6.4436,0,0
6.2453001625835896,43717.10113808513,18.167824252633224,-65.7127295477654,-44.071934,4,0,-1.1848,0,0
6.2453001625835896,43717.10113808513,18.16782425070617,-65.7127296234376,-42.871502,4,0,0.0157,1,1
6.2453001625835896,43717.10113808513,18.167824250245403,-65.71272963941128,-42.618187,4,0,0.269,1,1
6.245600175112486,43719.2012257874,18.16780510061492,-65.71273165737013,-42.384083,4,0,0.5031,1,1
6.245600175112486,43719.2012257874,18.1678051007508,-65.71273165266007,-42.458775,4,0,0.4284,1,1
6.245700173079968,43719.90121155977,18.167798717564484,-65.71273230786362,-42.652786,4,0,0.2344,1,1
6.245800174772739,43720.601223409176,18.167792333030427,-65.71273298636328,-42.475742,4,0,0.4114,1,1
6.245800174772739,43720.601223409176,18.16779233288132,-65.71273299153184,-42.39378,4,0,0.4934,1,1
6.246100176125765,43722.701232880354,18.16777317797897,-65.71273498886491,-42.455383,4,0,0.4318,1,1
6.246300175786018,43724.10123050213,18.167760692808297,-65.71273640656757,-42.28422,4,0,0.6029,1,1
6.2464001737535,43724.8012162745,18.167754288601007,-65.71273703990958,-42.736057,4,0,0.1511,1,1
6.246800143271685,43727.60100290179,18.16772866501398,-65.71273970117129,-42.49226,4,0,0.3949,1,1
6.247000142931938,43729.00100052357,18.16771584988849,-65.71274102260614,-42.50558,4,0,0.3816,1,1
6.2473001554608345,43731.10108822584,18.167696642329343,-65.7127422399459,-54.6452,4,0,-11.758,0,3
6.247500155121088,43732.501085847616,18.167683139780817,-65.71277064857294,375.1005,0,0,417.9877,0,0
6.247800152748823,43734.60106924176,18.167664575592923,-65.71274615464348,-44.91999,4,0,-2.0328,0,0
6.247900154441595,43735.301081091166,18.167658160568948,-65.71274695041973,-42.765865,4,0,0.1213,1,1
6.247900154441595,43735.301081091166,18.167658160171666,-65.71274696418861,-42.547516,4,0,0.3397,1,1
6.24810016527772,43736.70115694404,18.167645335446583,-65.71274827832401,-42.63547,4,0,0.2517,1,1
6.248200163245201,43737.40114271641,18.167638922726816,-65.71274894407507,-42.538227,4,0,0.3489,1,1
6.2485001645982265,43739.50115218759,18.167619682364386,-65.71275092207522,-42.541836,4,0,0.3453,1,1
6.248600162565708,43740.20113795996,18.16761328268521,-65.71275101264877,-51.562008,3,0,-8.6748,0,3
6.24870016425848,43740.90114980936,18.16760685424165,-65.71275222113131,-42.8463,4,0,0.0409,1,1
6.2490001656115055,43743.00115928054,18.16758760791513,-65.71275421545027,-42.56505,4,0,0.3221,1,1
6.2490001656115055,43743.00115928054,18.167587607913774,-65.71275421549757,-42.5643,4,0,0.3229,1,1
6.2490001656115055,43743.00115928054,18.167587608110267,-65.71275420868616,-42.672318,4,0,0.2149,1,1
6.249400176107884,43745.801232755184,18.167561941861862,-65.71275683516575,-42.792103,4,0,0.0951,1,1
6.249400176107884,43745.801232755184,18.167561941481782,-65.71275684834235,-42.583145,4,0,0.304,1,1
6.249700173735619,43747.90121614933,18.16754268882813,-65.71275882268947,-42.583885,4,0,0.3033,1,1
6.24990014359355,43749.30100515485,18.167529854355337,-65.71276012512338,-42.79244,4,0,0.0947,1,1
6.250100143253803,43750.70100277662,18.167517016499485,-65.71276143364997,-42.901566,4,0,-0.0144,1,1
6.250200144946575,43751.401014626026,18.1675106233703,-65.71276104166523,-59.551674,3,0,-16.6645,2,3
6.250700153410435,43754.90107387304,18.16747849438357,-65.71276539362447,-42.649475,4,0,0.2377,1,1
6.250800155103207,43755.60108572245,18.167472072962155,-65.71276605678375,-42.552406,4,0,0.3348,1,1
6.250900153070688,43756.30107149482,18.167465651886783,-65.71276670696007,-42.659492,4,0,0.2277,1,1
6.25100015476346,43757.00108334422,18.16745922967341,-65.71276737924444,-42.415047,4,0,0.4721,1,1
6.25100015476346,43757.00108334422,18.16745922998525,-65.71276736842857,-42.586567,4,0,0.3006,1,1
6.251200154423714,43758.401080966,18.167446385845835,-65.71276868469567,-42.54219,4,0,0.345,1,1
6.25150016322732,43760.50114259124,18.1674271172908,-65.7127706557277,-42.520535,4,0,0.3666,1,1
6.25150016322732,43760.50114259124,18.167427117623152,-65.71277064419881,-42.70336,4,0,0.1838,1,1
6.251800164580345,43762.601152062416,18.16740784716667,-65.71277262485656,-42.51736,4,0,0.3698,1,1
6.251900166273117,43763.30116391182,18.16740143457104,-65.71277283586191,-49.579266,3,0,-6.6921,0,0
6.251900166273117,43763.30116391182,18.16740142352028,-65.71277327247978,-42.6529,4,0,0.2343,1,1
6.251900166273117,43763.30116391182,18.16740142326004,-65.71277328150818,-42.509727,4,0,0.3774,1,1
6.252400163561106,43766.80114492774,18.167368916104213,-65.71279186591612,200.29103,0,0,243.1782,0,0
6.252400163561106,43766.80114492774,18.167369304337942,-65.71277645142007,-44.25159,4,0,-1.3644,0,0
6.252500172704458,43767.50120893121,18.16736288422852,-65.71277689105442,-47.680893,4,0,-4.7937,0,0
6.25260017439723,43768.20122078061,18.16735645093456,-65.71277786045303,-42.704514,4,0,0.1827,1,1
6.252900175750256,43770.30123025179,18.167337193936856,-65.71277904781226,-55.067528,4,0,-12.1804,0,3
6.253100175410509,43771.70122787357,18.16732432221448,-65.71278114398862,-42.608902,4,0,0.2783,1,1
6.253100175410509,43771.70122787357,18.16732432179361,-65.71278115859567,-42.377262,4,0,0.5099,1,1
6.253200173377991,43772.401213645935,18.167317896322484,-65.71278179435895,-42.687218,4,0,0.2,1,1
6.253200173377991,43772.401213645935,18.16731789669032,-65.71278178159196,-42.88968,4,0,-0.0025,1,1
6.253200173377991,43772.401213645935,18.16731789601484,-65.7127818050369,-42.517887,4,0,0.3693,1,1
6.253600142896175,43775.20100027323,18.167292192058408,-65.71278441906364,-42.62123,4,0,0.2659,1,1
6.253700144588947,43775.90101212263,18.16728576516748,-65.71278507134541,-42.665394,4,0,0.2218,1,1
6.2538001537323,43776.6010761261,18.16727933772535,-65.71278572179901,-42.738533,4,0,0.1486,1,1
6.254200153052807,43779.40107136965,18.16725362842094,-65.71278834990578,-42.6028,4,0,0.2844,1,1
6.254300154745579,43780.10108321905,18.16724720083846,-65.71278900241872,-42.638863,4,0,0.2483,1,1
6.25440015271306,43780.80106899142,18.16724034230869,-65.7128067905301,229.17294,0,0,272.0601,0,0
6.25440015271306,43780.80106899142,18.16724077333121,-65.71278965723918,-42.63728,4,0,0.2499,1,1
6.25440015271306,43780.80106899142,18.16724077336369,-65.71278965611145,-42.655163,4,0,0.232,1,1
6.254500154405832,43781.501080840826,18.167234346790025,-65.71279025813898,-43.49091,4,0,-0.6037,0,0
6.254600156098604,43782.20109269023,18.16722791742895,-65.71279097168846,-42.5567,4,0,0.3305,1,1
6.254600156098604,43782.20109269023,18.167227917417136,-65.71279097209876,-42.550194,4,0,0.337,1,1
6.25490016490221,43784.30115431547,18.167208635196808,-65.7127928488258,-43.931244,4,0,-1.0441,0,0
6.255100164562464,43785.701151937246,18.167195776962007,-65.71279423534284,-42.7012,4,0,0.186,1,1
6.255300164222717,43787.10114955902,18.167182920352,-65.71279554845398,-42.633564,4,0,0.2536,1,1
6.255400165915489,43787.80116140842,18.167176491869675,-65.7127962044048,-42.608807,4,0,0.2784,1,1
6.255400165915489,43787.80116140842,18.167176491798788,-65.71279620686703,-42.56976,4,0,0.3174,1,1
6.255500163882971,43788.5011471808,18.167170063546006,-65.71279686161401,-42.563248,4,0,0.3239,1,1
6.255600165575743,43789.2011590302,18.16716363499396,-65.71279751710561,-42.544876,4,0,0.3423,1,1
6.255700163543224,43789.90114480257,18.16715691624028,-65.71280971629939,140.60515,0,0,183.4923,0,0
6.256100174039602,43792.701218277216,18.16713149175661,-65.71280079433713,-42.45084,4,0,0.4363,1,1
6.256400175392628,43794.8012277484,18.1671122214836,-65.71280214897796,-52.09338,3,0,-9.2062,0,3
6.256500173360109,43795.501213520765,18.167105777865064,-65.71280340262389,-42.582836,4,0,0.3043,1,1
6.256600175052881,43796.20122537017,18.167099348950625,-65.71280406619312,-42.43303,4,0,0.4541,1,1
6.2567001432180405,43796.90100252628,18.16709292240387,-65.71280472260858,-42.39296,4,0,0.4942,1,1
6.2567001432180405,43796.90100252628,18.16709292294374,-65.7128047038459,-42.6905,4,0,0.1967,1,1
6.256900142878294,43798.30100014806,18.16708006576894,-65.71280601941463,-42.57289,4,0,0.3143,1,1
6.257000144571066,43799.00101199746,18.167073636894777,-65.712806684326,-42.400993,4,0,0.4862,1,1
6.257100146263838,43799.70102384687,18.167067208517484,-65.71280733305073,-42.485622,4,0,0.4015,1,1
6.257200144231319,43800.40100961924,18.16706078024566,-65.71280798765267,-42.476524,4,0,0.4106,1,1
6.2575001530349255,43802.50107124448,18.16704149523379,-65.71280993412057,-42.725075,4,0,0.1621,1,1
6.258100163191557,43806.7011423409,18.167002926035888,-65.71281386964306,-42.54477,4,0,0.3424,1,1
6.2583001628518105,43808.10113996267,18.16699007050933,-65.71281518016144,-42.505383,4,0,0.3818,1,1
6.258400164544582,43808.80115181208,18.166983643234992,-65.71281581883426,-42.749012,4,0,0.1382,1,1
6.258400164544582,43808.80115181208,18.16698364274002,-65.7128158360475,-42.476048,4,0,0.4111,1,1
6.258400164544582,43808.80115181208,18.16698364768692,-65.71281563733177,-45.628452,4,0,-2.7413,0,0
6.258800163865089,43811.601147055626,18.166957933387643,-65.71281844789696,-42.544617,4,0,0.3426,1,1
6.258900165557861,43812.30115890503,18.166951506065537,-65.71281910593378,-42.481808,4,0,0.4054,1,1
6.259000163525343,43813.0011446774,18.16694507936504,-65.71281975463411,-42.566845,4,0,0.3203,1,1
6.259100165218115,43813.7011565268,18.16693865606045,-65.7128202632364,-44.87491,4,0,-1.9877,0,0
6.259100165218115,43813.7011565268,18.16693865235806,-65.71282040981653,-42.54967,4,0,0.3375,1,1
6.2592001631855965,43814.401142299175,18.16693222568566,-65.71282106593462,-42.517483,4,0,0.3697,1,1
6.259400174021721,43815.801218152046,18.16691937201778,-65.71282236957121,-42.591717,4,0,0.2955,1,1
6.259500175714493,43816.50123000145,18.166912945167105,-65.71282303724801,-42.37735,4,0,0.5098,1,1
6.259500175714493,43816.50123000145,18.166912945418048,-65.71282302851756,-42.515793,4,0,0.3714,1,1
6.259500175714493,43816.50123000145,18.16691294608948,-65.71282300515833,-42.88622,4,0,0.0009,1,1
6.259700175374746,43817.90122762322,18.166900094415222,-65.71282429293554,-43.212395,4,0,-0.3252,1,0
6.259700175374746,43817.90122762322,18.16690009298678,-65.71282434263483,-42.424274,4,0,0.4629,1,1
6.259800173342228,43818.6012133956,18.16689366718605,-65.71282499700968,-42.421337,4,0,0.4658,1,1
6.259900175035,43819.301225245,18.166887241593948,-65.712825641071,-42.582653,4,0,0.3045,1,1
6.2600001730024815,43820.00121101737,18.16688081615597,-65.71282629345923,-42.611877,4,0,0.2753,1,1
6.260100144892931,43820.70101425052,18.166874392572904,-65.71282694495665,-42.652878,4,0,0.2343,1,1
6.260100144892931,43820.70101425052,18.1668743922837,-65.71282695502015,-42.493294,4,0,0.3939,1,1
6.260200142860413,43821.40100002289,18.16686796713245,-65.71282760860626,-42.50425,4,0,0.3829,1,1
6.2603001445531845,43822.10101187229,18.16686154175763,-65.71282826745694,-42.43249,4,0,0.4547,1,1
6.260500155389309,43823.50108772516,18.166848699064225,-65.71282927046599,-47.28287,4,0,-4.3957,0,0
6.260500155389309,43823.50108772516,18.166848691291733,-65.71282957656867,-42.427177,4,0,0.46,1,1
6.260600153356791,43824.201073497534,18.1668422671288,-65.71283021970483,-42.605476,4,0,0.2817,1,1
6.2607001550495625,43824.90108534694,18.1668358432497,-65.71283085096687,-42.972904,4,0,-0.0857,1,1
6.260900154709816,43826.30108296871,18.16682299367599,-65.71283220443175,-42.266655,4,0,0.6205,1,1
6.260900154709816,43826.30108296871,18.16682299440797,-65.71283217895414,-42.67067,4,0,0.2165,1,1
6.261200156062841,43828.40109243989,18.166803722846904,-65.71283415806089,-42.425377,4,0,0.4618,1,1
6.261300154030323,43829.10107821226,18.166797299687254,-65.71283481310282,-42.418304,4,0,0.4689,1,1
6.261400155723095,43829.80109006167,18.166790879696315,-65.71283533671937,-44.497196,4,0,-1.61,0,0
6.261400155723095,43829.80109006167,18.16679087686329,-65.7128354531515,-42.65005,4,0,0.2371,1,1
6.261400155723095,43829.80109006167,18.166790876315847,-65.7128354722093,-42.34784,4,0,0.5393,1,1
6.2616001553833485,43831.20108768344,18.16677803087397,-65.71283677984387,-42.3757,4,0,0.5115,1,1
6.2616001553833485,43831.20108768344,18.16677803175396,-65.71283674920707,-42.861526,4,0,0.0256,1,1
6.2616001553833485,43831.20108768344,18.1667780310579,-65.71283677344049,-42.47724,4,0,0.4099,1,1
6.2616001553833485,43831.20108768344,18.16677803112994,-65.71283677093234,-42.517017,4,0,0.3702,1,1
6.261700164526701,43831.90115168691,18.16677160793353,-65.7128374317924,-42.42111,4,0,0.4661,1,1
6.262000165879726,43834.001161158085,18.166752342086408,-65.71283938863627,-42.542442,4,0,0.3447,1,1
6.262100163847208,43834.701146930456,18.16674592078916,-65.71284003961016,-42.604626,4,0,0.2825,1,1
6.262100163847208,43834.701146930456,18.16674592129468,-65.71284002200812,-42.88375,4,0,0.0034,1,1
6.262100163847208,43834.701146930456,18.166745921065893,-65.71284002997439,-42.757427,4,0,0.1297,1,1
6.262100163847208,43834.701146930456,18.16674594268625,-65.71283917029218,-56.39474,4,0,-13.5076,0,3
6.262100163847208,43834.701146930456,18.166745953684742,-65.71283873389329,-63.31737,2,0,-20.4302,0,0
6.26220016553998,43835.40115877986,18.166739498871145,-65.71284071200671,-42.328136,4,0,0.559,1,1
6.2624001652002335,43836.801156401634,18.16672665738623,-65.71284200801298,-42.55042,4,0,0.3367,1,1
6.262500163167715,43837.501142174006,18.16672023738564,-65.71284264694052,-42.806316,4,0,0.0809,1,1
6.262600176036358,43838.201232254505,18.166713816564023,-65.712843289787,-43.002316,4,0,-0.1151,1,1
6.263000175356865,43841.001227498055,18.166688136805,-65.71284594216205,-42.50388,4,0,0.3833,1,1
6.2631001733243465,43841.701213270426,18.16668171800308,-65.71284659218122,-42.588284,4,0,0.2989,1,1
6.2631001733243465,43841.701213270426,18.16668171802632,-65.71284659137127,-42.601128,4,0,0.286,1,1
6.263200175017119,43842.40122511983,18.166675299437262,-65.7128472348333,-42.790672,4,0,0.0965,1,1
6.2633001729846,43843.1012108922,18.16666888036299,-65.71284791275794,-42.43412,4,0,0.453,1,1
6.263400174677372,43843.8012227416,18.1666624626466,-65.71284854443648,-42.812103,4,0,0.0751,1,1
6.263400174677372,43843.8012227416,18.16666246257097,-65.71284854707068,-42.77033,4,0,0.1168,1,1
6.263400174677372,43843.8012227416,18.166662462197984,-65.7128485600627,-42.56431,4,0,0.3229,1,1
6.2635001465678215,43844.50102597475,18.16665604606976,-65.71284921229869,-42.614006,4,0,0.2732,1,1
6.263600144535303,43845.20101174712,18.166649628558904,-65.71284986411138,-42.673946,4,0,0.2132,1,1
6.263600144535303,43845.20101174712,18.166649628066978,-65.71284988124691,-42.40222,4,0,0.4849,1,1
6.263700146228075,43845.901023596525,18.16664321078035,-65.71285052658166,-42.566097,4,0,0.3211,1,1
6.263800144195557,43846.6010093689,18.166636793257567,-65.71285119817206,-42.31408,4,0,0.5731,1,1
6.2639001458883286,43847.3010212183,18.166630376981747,-65.712851827837,-42.72813,4,0,0.159,1,1
6.2639001458883286,43847.3010212183,18.16663037658808,-65.71285184155107,-42.51066,4,0,0.3765,1,1
6.26400014385581,43848.00100699067,18.16662396003276,-65.71285249915901,-42.48207,4,0,0.4051,1,1
6.264100145548582,43848.70101884008,18.166617544538227,-65.71285312150151,-43.01396,4,0,-0.1268,1,1
6.264100145548582,43848.70101884008,18.16661754341789,-65.71285316053189,-42.39504,4,0,0.4921,1,1
6.264200154691935,43849.40108284354,18.16661112714236,-65.71285380116686,-42.63865,4,0,0.2485,1,1
6.2647001557052135,43852.901089936495,18.166579051045296,-65.71285708597833,-42.570312,4,0,0.3169,1,1
6.26500016450882,43855.00115156174,18.166559735823967,-65.71286196291916,3.5586646,0,0,46.4458,0,0
6.265100166201592,43855.70116341114,18.16655339493858,-65.71285971558666,-42.5055,4,0,0.3817,1,1
6.265200164169073,43856.40114918351,18.16654699023327,-65.71286004985363,-47.616924,4,0,-4.7298,0,0
6.265200164169073,43856.40114918351,18.16654698260951,-65.71286035116329,-42.837307,4,0,0.0499,1,1
6.265400163829327,43857.80114680529,18.16653417633016,-65.7128609083505,-54.830338,4,0,-11.9432,1,3
6.2655001655220985,43858.50115865469,18.16652774451812,-65.7128623455719,-42.449017,4,0,0.4382,1,1
6.2655001655220985,43858.50115865469,18.166527744681588,-65.71286233987506,-42.539356,4,0,0.3478,1,1
6.26560016348958,43859.20114442706,18.16652133267481,-65.71286300831055,-42.35405,4,0,0.5331,1,1
6.265700165182352,43859.901156276464,18.166514921767625,-65.71286364131332,-42.732006,4,0,0.1552,1,1
6.265700165182352,43859.901156276464,18.16651492141476,-65.71286365361034,-42.537006,4,0,0.3502,1,1
6.265800163149834,43860.60114204884,18.16650851027945,-65.7128643141095,-42.47957,4,0,0.4076,1,1
6.265800163149834,43860.60114204884,18.16650851045469,-65.71286430800241,-42.576412,4,0,0.3108,1,1
6.265900164842606,43861.30115389824,18.166502099483328,-65.71286496579728,-42.56326,4,0,0.3239,1,1
6.2660001665353775,43862.00116574764,18.16649568869106,-65.71286562872082,-42.46981,4,0,0.4174,1,1
6.266200173646212,43863.40121552348,18.16648286826236,-65.71286694031846,-42.512356,4,0,0.3748,1,1
6.266200173646212,43863.40121552348,18.16648288278621,-65.71286636281759,-51.67325,3,0,-8.7861,0,3
6.266300175338984,43864.101227372885,18.1664762051704,-65.7128675383704,-42.489822,4,0,0.3973,1,1
6.266300175338984,43864.101227372885,18.166476205232783,-65.7128675361954,-42.524315,4,0,0.3629,1,1
6.266300175338984,43864.101227372885,18.16647620529261,-65.71286753410945,-42.557392,4,0,0.3298,1,1
6.266400173306465,43864.801213145256,18.166469812044216,-65.71286821054841,-42.31506,4,0,0.5721,1,1
6.266500174999237,43865.50122499466,18.16646321902152,-65.71287687196079,84.59513,0,0,127.4823,0,0
6.266600172966719,43866.20121076703,18.166457027554927,-65.71286952100094,-42.50681,4,0,0.3804,1,1
6.266600172966719,43866.20121076703,18.166457027458,-65.71286952438015,-42.45322,4,0,0.4339,1,1
6.266700174659491,43866.901222616434,18.16645063567732,-65.71287017706884,-42.591152,4,0,0.296,1,1
6.266800176352263,43867.60123446584,18.16644424843048,-65.71287066561692,-45.333794,4,0,-2.4466,0,0
6.266800176352263,43867.60123446584,18.16644424393564,-65.71287084015319,-42.5653,4,0,0.3219,1,1
6.266800176352263,43867.60123446584,18.16644424358084,-65.71287085252214,-42.36916,4,0,0.518,1,1
6.266900144517422,43868.30101162195,18.166437146935547,-65.71289975820594,405.70633,0,0,448.5935,0,0
6.267000146210194,43869.00102347136,18.166431463542843,-65.71287216564518,-42.524117,4,0,0.3631,1,1
6.267600156366825,43873.201094567776,18.16639312413035,-65.71287613824504,-42.497017,4,0,0.3902,1,1
6.267700154334307,43873.90108034015,18.16638675400172,-65.71287606927393,-54.092518,4,0,-11.2053,2,3
6.267800156027079,43874.60109218955,18.16638034713264,-65.71287746206441,-42.50167,4,0,0.3855,1,1
6.267800156027079,43874.60109218955,18.16638034745001,-65.71287745100112,-42.677105,4,0,0.2101,1,1
6.26790015399456,43875.30107796192,18.166373959028,-65.7128781307113,-42.398434,4,0,0.4887,1,1
6.268000155687332,43876.001089811325,18.16636757284376,-65.71287873492288,-43.318333,4,0,-0.4312,0,0
6.268200155347586,43877.4010874331,18.16635479671156,-65.71288011480223,-42.44175,4,0,0.4454,1,1
6.268300153315067,43878.10107320547,18.166348410301943,-65.71288076694827,-42.603985,4,0,0.2832,1,1
6.268400155007839,43878.80108505488,18.166342043668525,-65.7128806338503,-55.223846,4,0,-12.3367,2,3
6.268500164151192,43879.50114905834,18.166335637058594,-65.7128820841283,-42.72842,4,0,0.1587,1,1
6.269100163131952,43883.70114192367,18.16629732551979,-65.71288606726095,-42.618694,4,0,0.2685,1,1
6.269100163131952,43883.70114192367,18.166297325485093,-65.71288606847037,-42.599518,4,0,0.2877,1,1
6.269700173288584,43887.901213020086,18.16625902789805,-65.71288987056786,-45.392956,4,0,-2.5058,0,0
6.269700173288584,43887.901213020086,18.166259023491893,-65.71289004194601,-42.674545,4,0,0.2126,1,1
6.269900176674128,43889.30123671889,18.166246258089338,-65.71289137015417,-42.64711,4,0,0.2401,1,1
6.269900176674128,43889.30123671889,18.166246257875866,-65.71289137759322,-42.52915,4,0,0.358,1,1
6.270000174641609,43890.001222491264,18.166239875875103,-65.71289204020437,-42.53979,4,0,0.3474,1,1
6.270000174641609,43890.001222491264,18.166239904260447,-65.7128909084401,-60.49298,3,0,-17.6058,2,0
6.270200174301863,43891.40122011304,18.166227112375733,-65.71289336581039,-42.557613,4,0,0.3296,1,1
6.270200174301863,43891.40122011304,18.16622711248656,-65.7128933619487,-42.618847,4,0,0.2683,1,1
6.270400144159794,43892.80100911856,18.16621435316001,-65.71289463346221,-43.49459,4,0,-0.6074,0,0
6.270400144159794,43892.80100911856,18.16621435173817,-65.71289469191758,-42.56724,4,0,0.3199,1,1
6.270400144159794,43892.80100911856,18.16621435166615,-65.71289469442706,-42.527447,4,0,0.3597,1,1
6.270500145852566,43893.50102096796,18.16620797237264,-65.71289528822096,-43.63376,4,0,-0.7466,0,0
6.270500145852566,43893.50102096796,18.16620799936259,-65.71289421410296,-60.67243,3,0,-17.7853,2,0
6.270600143820047,43894.20100674033,18.16620159026613,-65.71289601433048,-42.641384,4,0,0.2458,1,1
6.270600143820047,43894.20100674033,18.1662015900696,-65.71289602117851,-42.53279,4,0,0.3544,1,1
6.270800143480301,43895.601004362106,18.166188849024007,-65.71289656630744,-54.939716,4,0,-12.0525,1,3
6.270900156348944,43896.301094442606,18.16618244847664,-65.71289801501466,-42.488403,4,0,0.3988,1,1
6.270900156348944,43896.301094442606,18.166182448706728,-65.71289800699813,-42.615524,4,0,0.2716,1,1
6.270900156348944,43896.301094442606,18.16618244856525,-65.71289801192694,-42.53737,4,0,0.3498,1,1
6.271000154316425,43897.00108021498,18.16617606898674,-65.71289867282267,-42.582146,4,0,0.305,1,1
6.271300155669451,43899.10108968616,18.166156932758287,-65.71290058832494,-43.786747,4,0,-0.8996,0,0
6.271300155669451,43899.10108968616,18.1661569313042,-65.71290064789284,-42.841755,4,0,0.0454,1,1
6.271300155669451,43899.10108968616,18.166157161360104,-65.71289147484447,-188.35112,0,0,-145.464,0,0
6.271400153636932,43899.80107545853,18.16615055197497,-65.71290133011506,-42.55078,4,0,0.3364,1,1
6.271500155329704,43900.50108730793,18.16614417331596,-65.71290198795943,-42.647346,4,0,0.2398,1,1
6.271600153297186,43901.2010730803,18.166137794687188,-65.71290266011407,-42.517162,4,0,0.37,1,1
6.27180015668273,43902.60109677911,18.166125038048545,-65.71290398723353,-42.531803,4,0,0.3554,1,1
6.271900165826082,43903.301160782576,18.166118659616632,-65.71290464842295,-42.578293,4,0,0.3089,1,1
6.272000163793564,43904.00114655495,18.16611228198009,-65.71290531331523,-42.5654,4,0,0.3218,1,1
6.272100165486336,43904.70115840435,18.166105904224366,-65.71290598064624,-42.51473,4,0,0.3724,1,1
6.272400163114071,43906.801141798496,18.16608677291485,-65.71290796903145,-42.580593,4,0,0.3066,1,1
6.272500164806843,43907.5011536479,18.16608039601273,-65.71290863162851,-42.60686,4,0,0.2803,1,1
6.272600166499615,43908.2011654973,18.166074027474163,-65.71290897077779,-47.764317,4,0,-4.8771,0,0
6.272600166499615,43908.2011654973,18.166074019211127,-65.71290929418457,-42.63433,4,0,0.2528,1,1
6.272800173610449,43909.60121527314,18.16606126588563,-65.71291062378283,-42.619553,4,0,0.2676,1,1
6.272900175303221,43910.30122712255,18.166054889540188,-65.71291129012255,-42.588135,4,0,0.299,1,1
6.273000173270702,43911.00121289492,18.166048513422428,-65.71291196226905,-42.46463,4,0,0.4225,1,1
6.273000173270702,43911.00121289492,18.166048519558643,-65.71291172186667,-46.277985,4,0,-3.3908,0,0
6.273500174283981,43914.50121998787,18.16601663561096,-65.71291527972413,-42.539814,4,0,0.3474,1,1
6.273800145834684,43916.60102084279,18.16599751243194,-65.71291727062174,-42.57886,4,0,0.3083,1,1
6.27410014346242,43918.70100423694,18.165978391293308,-65.71291916363545,-44.17559,4,0,-1.2884,0,0
6.274200145155191,43919.40101608634,18.1659720138394,-65.71291993952666,-42.410496,4,0,0.4767,1,1
6.274400155991316,43920.80109193921,18.16595926446596,-65.7129212760477,-42.295982,4,0,0.5912,1,1
6.2745001539587975,43921.50107771158,18.16595291028344,-65.71292115474148,-54.763073,4,0,-11.8759,1,3
6.274800155311823,43923.60108718276,18.165933768940004,-65.71292392983102,-42.372032,4,0,0.5151,1,1
6.2749001532793045,43924.30107295513,18.16592739569693,-65.7129245835211,-42.545895,4,0,0.3413,1,1
6.275000154972076,43925.001084804535,18.16592102170445,-65.7129252581505,-42.388214,4,0,0.499,1,1
6.275100156664848,43925.70109665394,18.165914648096525,-65.71292592237339,-42.395653,4,0,0.4915,1,1
6.275200165808201,43926.401160657406,18.16590829350369,-65.71292582221446,-54.529045,4,0,-11.6419,1,3
6.275200165808201,43926.401160657406,18.165908274237264,-65.71292658172416,-42.481216,4,0,0.406,1,1
6.275300163775682,43927.10114642978,18.16590190091895,-65.71292724970168,-42.428875,4,0,0.4583,1,1
6.275300163775682,43927.10114642978,18.165901901285167,-65.7129272369572,-42.630966,4,0,0.2562,1,1
6.275400165468454,43927.80115827918,18.16589552748052,-65.71292791623723,-42.399845,4,0,0.4873,1,1
6.275500163435936,43928.50114405155,18.165889154488745,-65.71292857572035,-42.4824,4,0,0.4048,1,1
6.275500163435936,43928.50114405155,18.16588915442324,-65.71292857799975,-42.44625,4,0,0.4409,1,1
6.275600165128708,43929.20115590096,18.165882781063413,-65.71292924667641,-42.38334,4,0,0.5038,1,1
6.275900166481733,43931.30116537213,18.16586366243637,-65.7129312234733,-42.65779,4,0,0.2294,1,1
6.276000164449215,43932.001151144505,18.165857289516108,-65.71293189340768,-42.574512,4,0,0.3127,1,1
6.276000164449215,43932.001151144505,18.165857289773864,-65.71293188443936,-42.716724,4,0,0.1704,1,1
6.2762001641094685,43933.40114876628,18.165844544085285,-65.71293321601091,-42.68199,4,0,0.2052,1,1
6.2762001641094685,43933.40114876628,18.1658445439833,-65.71293321955895,-42.62573,4,0,0.2614,1,1
6.276400174945593,43934.80122461915,18.165831798140456,-65.71293453796896,-42.800602,4,0,0.0866,1,1
6.276400174945593,43934.80122461915,18.16583179814907,-65.71293453766934,-42.805355,4,0,0.0818,1,1
6.276600174605846,43936.201222240925,18.16581905210129,-65.71293589313984,-42.39098,4,0,0.4962,1,1
6.277100175619125,43939.70122933388,18.16578718951126,-65.71293920641051,-42.54856,4,0,0.3386,1,1
6.277200143784285,43940.40100648999,18.16578081894978,-65.71293987373845,-42.50206,4,0,0.3851,1,1
6.277200143784285,43940.40100648999,18.165780819147937,-65.71293986684655,-42.611347,4,0,0.2758,1,1
6.2773001454770565,43941.1010183394,18.16577444647443,-65.71294053391462,-42.572296,4,0,0.3149,1,1
6.277400143444538,43941.80100411177,18.16576807396179,-65.7129412038756,-42.48676,4,0,0.4004,1,1
6.27750014513731,43942.50101596117,18.16576170161181,-65.71294186008777,-42.619404,4,0,0.2678,1,1
6.277700155973434,43943.90109181404,18.16574897561432,-65.7129424078012,-55.015434,4,0,-12.1283,1,3
6.277900155633688,43945.301089435816,18.16573575094249,-65.71296282763917,247.83737,0,0,290.7245,0,0
6.27800015360117,43946.00107520819,18.16572983825882,-65.71294519499281,-42.42481,4,0,0.4624,1,1
6.27800015360117,43946.00107520819,18.16572983856877,-65.71294518421537,-42.59571,4,0,0.2915,1,1
6.278300154954195,43948.101084679365,18.1657107399851,-65.71294641176901,-54.74336,4,0,-11.8562,1,3
6.278700154274702,43950.90107992292,18.16568523020268,-65.71294983772302,-42.55222,4,0,0.3349,1,1
6.278700154274702,43950.90107992292,18.165685231688524,-65.71294978606818,-43.37133,4,0,-0.4842,1,0
6.2789001651108265,43952.301155775785,18.165672503194443,-65.71295041136909,-54.528454,4,0,-11.6413,1,3
6.2789001651108265,43952.301155775785,18.165672483770884,-65.71295117548445,-42.40758,4,0,0.4796,1,1
6.279000166803598,43953.00116762519,18.16566611118375,-65.71295182847896,-42.58614,4,0,0.301,1,1
6.279000166803598,43953.00116762519,18.165666111316533,-65.71295182386307,-42.659336,4,0,0.2278,1,1
6.279000166803598,43953.00116762519,18.16566611216604,-65.71295179433325,-43.1276,4,0,-0.2404,1,0
6.279200166463852,43954.40116524696,18.165653365414105,-65.71295315833787,-42.563004,4,0,0.3242,1,1
6.279500164091587,43956.50114864111,18.16563424708828,-65.71295513157325,-42.86631,4,0,0.0209,1,1
6.279500164091587,43956.50114864111,18.165634251563866,-65.71295494935296,-45.757053,4,0,-2.8699,0,0
6.279600165784359,43957.20116049051,18.16562787319828,-65.7129558183541,-42.506245,4,0,0.3809,1,1
6.279800176620483,43958.60123634338,18.16561512683441,-65.71295711927789,-42.93716,4,0,-0.05,1,1
6.279900174587965,43959.30122211576,18.165608752809085,-65.71295781181226,-42.48386,4,0,0.4033,1,1
6.279900174587965,43959.30122211576,18.16560875347527,-65.71295778866104,-42.85098,4,0,0.0362,1,1
6.279900174587965,43959.30122211576,18.16560875512281,-65.71295772251864,-43.900227,4,0,-1.0131,1,0
6.280500173568726,43963.50121498108,18.16557051161486,-65.71296178141912,-42.696186,4,0,0.191,1,1
6.280600145459175,43964.20101821423,18.16556413915985,-65.71296245664949,-42.510365,4,0,0.3768,1,1
6.281800154596567,43972.60108217597,18.16548764329192,-65.71297043297811,-42.268044,4,0,0.6191,1,1
6.281900156289339,43973.30109402537,18.165481267944653,-65.71297108365796,-42.46579,4,0,0.4214,1,1
6.281900156289339,43973.30109402537,18.16548126818832,-65.71297107519489,-42.59999,4,0,0.2872,1,1
6.282000165432692,43974.00115802884,18.1654748952764,-65.71297161144639,-44.61266,4,0,-1.7255,0,0
6.282000165432692,43974.00115802884,18.16547489215297,-65.71297173769233,-42.609924,4,0,0.2772,1,1
6.282000165432692,43974.00115802884,18.16547489204134,-65.71297174156939,-42.548443,4,0,0.3387,1,1
6.282000165432692,43974.00115802884,18.165474891891623,-65.71297174676934,-42.46599,4,0,0.4212,1,1
6.282100163400173,43974.70114380121,18.165468516675045,-65.71297240089709,-42.606663,4,0,0.2805,1,1
6.282100163400173,43974.70114380121,18.165468516599244,-65.71297240352982,-42.564915,4,0,0.3223,1,1
6.282800164073706,43979.60114851594,18.165423883333133,-65.7129770478179,-42.490837,4,0,0.3963,1,1
6.283000163733959,43981.001146137714,18.1654111300032,-65.71297836328657,-42.64368,4,0,0.2435,1,1
6.283100165426731,43981.70115798712,18.165404752704426,-65.7129790307985,-42.563892,4,0,0.3233,1,1
6.283300176262856,43983.10123383999,18.16539199715604,-65.71298036575821,-42.403355,4,0,0.4838,1,1
6.284100145101547,43988.70101571083,18.16534097423984,-65.71298566023367,-42.434605,4,0,0.4526,1,1
6.284800156950951,43993.601098656654,18.165296317473675,-65.71299028824343,-42.48692,4,0,0.4002,1,1
6.285000156611204,43995.00109627843,18.16528355698532,-65.71299160833499,-42.526814,4,0,0.3604,1,1
6.285000156611204,43995.00109627843,18.1652835569628,-65.71299160911676,-42.51442,4,0,0.3727,1,1
6.285000156611204,43995.00109627843,18.16528355724849,-65.71299159920136,-42.67165,4,0,0.2155,1,1
6.285000156611204,43995.00109627843,18.16528355828821,-65.71299156311687,-43.243855,4,0,-0.3567,1,0
6.285200156271458,43996.40109390021,18.16527079713443,-65.71299287010048,-43.487667,4,0,-0.6005,1,0
6.285500153899193,43998.50107729435,18.165251652147283,-65.7129949176179,-42.463654,4,0,0.4235,1,1
6.285600166767836,43999.20116737485,18.16524526984178,-65.71299557515681,-42.517555,4,0,0.3696,1,1
6.285600166767836,43999.20116737485,18.16524526996798,-65.71299557077744,-42.587,4,0,0.3002,1,1
6.285700164735317,43999.90115314722,18.165238888452432,-65.71299622662939,-42.664963,4,0,0.2222,1,1
6.285700164735317,43999.90115314722,18.16523888824116,-65.71299623396048,-42.54871,4,0,0.3385,1,1
6.285700164735317,43999.90115314722,18.16523890789311,-65.71299545439253,-54.914986,4,0,-12.0278,1,3
6.285800166428089,44000.601164996624,18.16523250650568,-65.71299688199153,-42.749943,4,0,0.1372,1,1
6.28640016540885,44004.80115786195,18.16519438989997,-65.71300087111966,-42.714706,4,0,0.1725,1,1
6.286500167101622,44005.50116971135,18.165187993675698,-65.71300154026815,-42.546616,4,0,0.3406,1,1
6.286600176244974,44006.20123371482,18.165181597176858,-65.71300219468901,-42.611645,4,0,0.2755,1,1
6.286600176244974,44006.20123371482,18.16518159710712,-65.71300219710821,-42.573284,4,0,0.3139,1,1
6.286700174212456,44006.90121948719,18.1651752009666,-65.71300285610117,-42.563446,4,0,0.3237,1,1
6.286700174212456,44006.90121948719,18.16517520592421,-65.71300266638393,-45.57266,4,0,-2.6855,0,0
6.286800175905228,44007.60123133659,18.16516880418505,-65.71300351879265,-42.494286,4,0,0.3929,1,1
6.287100173532963,44009.70121473074,18.165149613936364,-65.7130054823327,-42.667473,4,0,0.2197,1,1
6.287100173532963,44009.70121473074,18.16514961359581,-65.71300549414599,-42.48015,4,0,0.407,1,1
6.287300176918507,44011.101238429546,18.165136083572385,-65.71303598528281,420.36026,0,0,463.2474,0,0
6.287300176918507,44011.101238429546,18.165136818878555,-65.71300679698226,-42.688293,4,0,0.1989,1,1
6.287300176918507,44011.101238429546,18.165136818556924,-65.71300680813914,-42.511375,4,0,0.3758,1,1
6.287600144743919,44013.20101320744,18.16511762687629,-65.71300877597723,-42.59532,4,0,0.2918,1,1
6.287700146436691,44013.90102505684,18.16511122822712,-65.71300943929486,-42.505314,4,0,0.3819,1,1
6.287700146436691,44013.90102505684,18.165111228202257,-65.71300944015731,-42.49164,4,0,0.3955,1,1
6.288200154900551,44017.401084303856,18.16507923379849,-65.71301269075245,-43.070137,4,0,-0.183,1,0
6.288400154560804,44018.80108192563,18.16506643331512,-65.71301404519046,-42.433346,4,0,0.4538,1,1
6.288500156253576,44019.50109377504,18.16506003357929,-65.7130146905912,-42.617916,4,0,0.2693,1,1
6.288900166749954,44022.30116724968,18.16503443116,-65.7130173182909,-42.613766,4,0,0.2734,1,1
6.289000164717436,44023.00115302205,18.16502803006527,-65.71301798627313,-42.433956,4,0,0.4532,1,1
6.289100166410208,44023.701164871454,18.165021629065567,-65.71301863633876,-42.537468,4,0,0.3497,1,1
6.289200164377689,44024.40115064383,18.165015242879686,-65.71301870346967,-51.886356,4,0,-8.9992,0,0
6.289200164377689,44024.40115064383,18.16501522766241,-65.71301931121232,-42.24563,4,0,0.6415,1,1
6.289300166070461,44025.10116249323,18.16500882617547,-65.7130199567584,-42.41886,4,0,0.4683,1,1
6.289400164037943,44025.8011482656,18.16500242521719,-65.71302059490714,-42.70744,4,0,0.1797,1,1
6.289500165730715,44026.501160115,18.16499602283613,-65.71302126805331,-42.440277,4,0,0.4469,1,1
6.289600163698196,44027.201145887375,18.16498962118026,-65.71302191596547,-42.57183,4,0,0.3153,1,1
6.289700165390968,44027.90115773678,18.164983219038,-65.71302256880271,-42.62439,4,0,0.2628,1,1
6.289700165390968,44027.90115773678,18.164983218827,-65.71302257612261,-42.508316,4,0,0.3789,1,1
6.28980016708374,44028.60116958618,18.16497681687635,-65.71302321640307,-42.758827,4,0,0.1283,1,1
6.28980016708374,44028.60116958618,18.16497681671561,-65.7130232219793,-42.670406,4,0,0.2168,1,1
6.28980016708374,44028.60116958618,18.164976820108684,-65.71302308652388,-44.819153,4,0,-1.932,0,0
6.290000174194574,44030.00121936202,18.164964011156112,-65.71302453435526,-42.66386,4,0,0.2233,1,1
6.2903001755476,44032.1012288332,18.16494480179833,-65.7130265162618,-42.432888,4,0,0.4543,1,1
6.2903001755476,44032.1012288332,18.164944801963408,-65.71302651053499,-42.5237,4,0,0.3635,1,1
6.2903001755476,44032.1012288332,18.164944802105527,-65.71302650560462,-42.601883,4,0,0.2853,1,1
6.290400177240372,44032.8012406826,18.164938398623963,-65.7130271649721,-42.542847,4,0,0.3443,1,1
6.290500175207853,44033.50122645497,18.164931904531027,-65.71303142328912,14.607941,0,0,57.4951,0,0
6.290500175207853,44033.50122645497,18.16493199526532,-65.71302782290427,-42.50505,4,0,0.3821,1,1
6.290900144726038,44036.301013082266,18.16490638179321,-65.71303045262137,-42.372158,4,0,0.515,1,1
6.291100144386292,44037.70101070404,18.16489357392768,-65.713031742976,-42.689114,4,0,0.1981,1,1
6.291100144386292,44037.70101070404,18.16489357372256,-65.71303175009261,-42.576263,4,0,0.3109,1,1
6.291300144046545,44039.101008325815,18.164880764650352,-65.7130330626362,-42.536934,4,0,0.3502,1,1
6.291400156915188,44039.80109840632,18.164874359210348,-65.7130337141872,-42.59183,4,0,0.2953,1,1
6.291500154882669,44040.501084178686,18.16486795412937,-65.71303438159956,-42.39257,4,0,0.4946,1,1
6.291600156575441,44041.20109602809,18.16486154938966,-65.71303502429441,-42.584553,4,0,0.3026,1,1
6.291800156235695,44042.60109364986,18.16484873939563,-65.71303632222889,-42.76596,4,0,0.1212,1,1
6.292000155895948,44044.00109127164,18.16483592816056,-65.71303764564102,-42.539066,4,0,0.3481,1,1
6.29210015386343,44044.70107704401,18.16482952277841,-65.7130382969036,-42.589424,4,0,0.2977,1,1
6.292200155556202,44045.40108889341,18.164823116885746,-65.71303895345729,-42.55521,4,0,0.332,1,1
6.292300164699554,44046.10115289688,18.16481671684424,-65.71303935975608,-46.49023,4,0,-3.6031,0,0
6.292400166392326,44046.801164746284,18.16481030461181,-65.71304025238084,-42.70945,4,0,0.1777,1,1
6.292400166392326,44046.801164746284,18.164810304535195,-65.71304025503913,-42.667297,4,0,0.2199,1,1
6.29260016605258,44048.20116236806,18.164797493624405,-65.7130415181144,-43.384502,4,0,-0.4973,0,0
6.2927001640200615,44048.90114814043,18.1647910857852,-65.71304223078756,-42.454792,4,0,0.4324,1,1
6.292800165712833,44049.60115998984,18.164784679451664,-65.71304287925433,-42.54256,4,0,0.3446,1,1
6.292900163680315,44050.301145762205,18.1647782729301,-65.71304353887645,-42.45203,4,0,0.4351,1,1
6.2932001650333405,44052.40115523338,18.16475905306939,-65.71304549053056,-42.60664,4,0,0.2805,1,1
6.2935001738369465,44054.50121685863,18.164739831492824,-65.7130474554045,-42.54341,4,0,0.3438,1,1
6.29370017722249,44055.90124055743,18.16472701683259,-65.71304876489108,-42.502903,4,0,0.3843,1,1
6.29370017722249,44055.90124055743,18.164727016802463,-65.71304876593672,-42.48632,4,0,0.4008,1,1
6.293800175189972,44056.6012263298,18.16472060967646,-65.71304941744131,-42.515583,4,0,0.3716,1,1
6.2940001748502254,44058.00122395158,18.164707794743634,-65.71305072738485,-42.461655,4,0,0.4255,1,1
6.2940001748502254,44058.00122395158,18.164707794750573,-65.71305072714414,-42.465473,4,0,0.4217,1,1
6.294100176542997,44058.70123580098,18.164701387401244,-65.71305136986487,-42.631542,4,0,0.2556,1,1
6.2943001464009285,44060.1010248065,18.16468785581788,-65.71308120645362,409.97287,0,0,452.86,0,0
6.2943001464009285,44060.1010248065,18.16468857398757,-65.71305267733405,-42.608105,4,0,0.2791,1,1
6.29440014436841,44060.80101057887,18.164682166477373,-65.71305332634118,-42.671307,4,0,0.2159,1,1
6.294700145721436,44062.90102005005,18.164662942380964,-65.71305529734319,-42.475937,4,0,0.4112,1,1
6.295300155878067,44067.10109114647,18.16462449275807,-65.71305921501246,-42.447933,4,0,0.4392,1,1
6.295300155878067,44067.10109114647,18.16462449288444,-65.71305921062563,-42.517494,4,0,0.3697,1,1
6.295300155878067,44067.10109114647,18.16462449259528,-65.71305922066317,-42.35833,4,0,0.5288,1,1
6.2955001555383205,44068.50108876824,18.16461167623708,-65.71306051525448,-42.520817,4,0,0.3664,1,1
6.2959001660346985,44071.30116224289,18.16458606257372,-65.7130623033845,-55.54355,4,0,-12.6564,1,3
6.29600016400218,44072.00114801526,18.164579633235693,-65.71306377958608,-42.471813,4,0,0.4154,1,1
6.296200163662434,44073.40114563704,18.16456681631132,-65.71306507582145,-42.596786,4,0,0.2904,1,1
6.296200163662434,44073.40114563704,18.164566816227502,-65.71306507873118,-42.550648,4,0,0.3365,1,1
6.2964001670479774,44074.80116933584,18.164553998510783,-65.71306639048437,-42.42682,4,0,0.4603,1,1
6.296500165015459,44075.50115510821,18.16454758983489,-65.71306704708994,-42.351807,4,0,0.5354,1,1
6.296600166708231,44076.20116695762,18.164541181174823,-65.71306770306414,-42.286037,4,0,0.6011,1,1
6.296800173819065,44077.601216733456,18.164528363530867,-65.71306898957818,-42.557163,4,0,0.33,1,1
6.296800173819065,44077.601216733456,18.16452836329975,-65.71306899760243,-42.429924,4,0,0.4572,1,1
6.2971001751720905,44079.70122620464,18.16450913724729,-65.71307094371957,-42.570404,4,0,0.3168,1,1
6.297200176864862,44080.40123805404,18.16450272815274,-65.71307160335577,-42.442616,4,0,0.4446,1,1
6.297400176525116,44081.80123567581,18.16448991056108,-65.71307290976294,-42.388584,4,0,0.4986,1,1
6.297400176525116,44081.80123567581,18.16448991068285,-65.71307290553493,-42.455627,4,0,0.4315,1,1
6.297500174492598,44082.50122144818,18.16448350265399,-65.71307353620055,-42.78478,4,0,0.1024,1,1
6.297600146383047,44083.20102468133,18.16447709516259,-65.71307420613773,-42.48785,4,0,0.3993,1,1
6.297700144350529,44083.9010104537,18.16447068651147,-65.71307485863701,-42.469467,4,0,0.4177,1,1
6.298100147396326,44086.70103177428,18.164445051704043,-65.71307745156071,-42.66156,4,0,0.2256,1,1
6.298100147396326,44086.70103177428,18.164445052167643,-65.71307743546203,-42.916832,4,0,-0.0297,1,1
6.298500154167414,44089.501079171896,18.16441941686092,-65.71308004820392,-42.785133,4,0,0.102,1,1
6.298600155860186,44090.2010910213,18.16441302150374,-65.7130801644389,-51.26821,3,0,-8.381,0,0
6.298700153827667,44090.90107679367,18.164406598997072,-65.71308137478319,-42.39498,4,0,0.4922,1,1
6.298800155520439,44091.601088643074,18.164400190762088,-65.7130820111488,-42.62619,4,0,0.261,1,1
6.298900157213211,44092.30110049248,18.164393785633887,-65.7130825228914,-44.833763,4,0,-1.9466,0,0
6.298900157213211,44092.30110049248,18.164393801330394,-65.71308189782475,-54.748833,4,0,-11.8617,1,3
6.299300163984299,44095.10114789009,18.16436814781209,-65.71308527162866,-42.527107,4,0,0.3601,1,1
6.299400165677071,44095.80115973949,18.164361739794032,-65.71308590775864,-42.758934,4,0,0.1282,1,1
6.299600165337324,44097.20115736127,18.164348923414504,-65.71308720467334,-42.82982,4,0,0.0573,1,1
6.29990016669035,44099.30116683245,18.164329698951807,-65.71308915439668,-42.863884,4,0,0.0233,1,1
6.300000164657831,44100.00115260482,18.16432329118941,-65.71308979972919,-42.94665,4,0,-0.0595,1,1
6.300000164657831,44100.00115260482,18.164323290420967,-65.71308982642086,-42.523415,4,0,0.3638,1,1
6.300200164318085,44101.40115022659,18.16431047481788,-65.71309111722688,-42.68584,4,0,0.2013,1,1
6.300200164318085,44101.40115022659,18.16431047484448,-65.71309111630309,-42.700485,4,0,0.1867,1,1
6.300300177186728,44102.10124030709,18.16430411489249,-65.71308983379389,-73.3632,0,0,-30.476,0,0
6.300500176846981,44103.50123792887,18.16429127005525,-65.71309229443554,-54.96735,4,0,-12.0802,1,3
6.300600174814463,44104.20122370124,18.164284842661782,-65.7130937316495,-42.48683,4,0,0.4003,1,1
6.300700176507235,44104.90123555064,18.164278435076287,-65.71309437707829,-42.565712,4,0,0.3215,1,1
6.300800174474716,44105.60122132301,18.16427202753829,-65.71309503145852,-42.501923,4,0,0.3852,1,1
6.30100017413497,44107.00121894479,18.16425921260991,-65.71309633181842,-42.50706,4,0,0.3801,1,1
6.30100017413497,44107.00121894479,18.164259212993485,-65.71309631849331,-42.71835,4,0,0.1688,1,1
6.301100146025419,44107.701022177935,18.164252807295505,-65.7130969742038,-42.62979,4,0,0.2574,1,1
6.301200143992901,44108.40100795031,18.164246400072106,-65.71309762761615,-42.580055,4,0,0.3071,1,1
6.301300145685673,44109.10101979971,18.164240013314053,-65.71309746670141,-55.44717,4,0,-12.56,1,3
6.301600154489279,44111.20108142495,18.16422079083533,-65.71309944634979,-54.989124,4,0,-12.102,1,3
6.301800154149532,44112.601079046726,18.164207957541684,-65.71310152802702,-42.596226,4,0,0.2909,1,1
6.301800154149532,44112.601079046726,18.16420795738523,-65.71310153346248,-42.51004,4,0,0.3771,1,1
6.301900155842304,44113.30109089613,18.16420155045761,-65.71310218811772,-42.439133,4,0,0.448,1,1
6.302000153809786,44114.0010766685,18.16419516354725,-65.71310206089625,-54.769794,4,0,-11.8826,1,3
6.302100155502558,44114.701088517904,18.16418874429106,-65.7131032122607,-46.819626,4,0,-3.9325,0,0
6.302600156515837,44118.20109561086,18.16415670628917,-65.7131067341285,-42.516037,4,0,0.3711,1,1
6.302800167351961,44119.60117146373,18.16414389399695,-65.71310802822549,-42.613182,4,0,0.274,1,1
6.302900165319443,44120.3011572361,18.164137488298312,-65.71310868156804,-42.561,4,0,0.3262,1,1
6.303100164979696,44121.701154857874,18.16412467980692,-65.7131098810009,-44.15773,4,0,-1.2706,0,0
6.303200166672468,44122.40116670728,18.16411827165328,-65.71311063124111,-42.568794,4,0,0.3184,1,1
6.303400166332722,44123.80116432905,18.16410546116857,-65.71311193122409,-42.57028,4,0,0.3169,1,1
6.303600177168846,44125.20124018192,18.16409265045039,-65.71311322994659,-42.592686,4,0,0.2945,1,1
6.3038001768291,44126.6012378037,18.16407984064246,-65.71311453512666,-42.511585,4,0,0.3756,1,1
6.3038001768291,44126.6012378037,18.164079859886574,-65.71311376863929,-54.669636,4,0,-11.7825,1,3
6.303900174796581,44127.30122357607,18.16407343665291,-65.71311516737944,-42.79322,4,0,0.0939,1,1
6.304100174456835,44128.70122119784,18.16406062741501,-65.71311647967578,-42.599113,4,0,0.2881,1,1
6.30450014397502,44131.501007825136,18.164035013013887,-65.71311907928967,-42.604298,4,0,0.2829,1,1
6.304800145328045,44133.60101729632,18.16401580192564,-65.71312103075775,-42.583523,4,0,0.3036,1,1
6.304800145328045,44133.60101729632,18.16401580217141,-65.71312102221636,-42.71896,4,0,0.1682,1,1
6.304800145328045,44133.60101729632,18.164015802940803,-65.71312099547796,-43.142925,4,0,-0.2558,1,0
6.304900147020817,44134.30102914572,18.16400939855665,-65.71312167600725,-42.660007,4,0,0.2272,1,1
6.304900147020817,44134.30102914572,18.164009398361163,-65.71312168280122,-42.552284,4,0,0.3349,1,1
6.305000144988298,44135.00101491809,18.16400299550984,-65.71312232283377,-42.71122,4,0,0.1759,1,1
6.305000144988298,44135.00101491809,18.164002995072074,-65.71312233804721,-42.469994,4,0,0.4172,1,1
6.305100154131651,44135.70107892156,18.16399659144249,-65.7131229848744,-42.522476,4,0,0.3647,1,1
6.305200155824423,44136.40109077096,18.163990188226336,-65.71312363844487,-42.46741,4,0,0.4198,1,1
6.305500157177448,44138.50110024214,18.163970980185063,-65.71312557941451,-42.615807,4,0,0.2714,1,1
6.30560015514493,44139.20108601451,18.163964369968483,-65.7131345029474,88.6189,0,0,131.5061,0,0
6.30560015514493,44139.20108601451,18.16396457769372,-65.71312623474152,-42.53318,4,0,0.354,1,1
6.305900156497955,44141.30109548569,18.16394537082316,-65.7131281918808,-42.42749,4,0,0.4597,1,1
6.30610016733408,44142.70117133856,18.16393256661129,-65.71312948599768,-42.527946,4,0,0.3592,1,1
6.306200165301561,44143.40115711093,18.163926165150365,-65.7131301345202,-42.55457,4,0,0.3326,1,1
6.306400164961815,44144.801154732704,18.163913239633768,-65.71313144453089,-42.590935,4,0,0.2962,1,1
6.306600164622068,44146.20115235448,18.163900454099345,-65.71313274544026,-42.55966,4,0,0.3275,1,1
6.30670016631484,44146.90116420388,18.163894061376265,-65.71313339903398,-42.49483,4,0,0.3923,1,1
6.30670016631484,44146.90116420388,18.163894081100104,-65.71313261562513,-54.921017,4,0,-12.0338,1,3
6.306800164282322,44147.60114997625,18.163887669477056,-65.71313403729853,-42.673,4,0,0.2142,1,1
6.306800164282322,44147.60114997625,18.163887688131688,-65.71313329995132,-54.368423,4,0,-11.4813,1,3
6.3072001747787,44150.4012234509,18.163862119895263,-65.71313587491277,-54.739628,4,0,-11.8525,1,3
6.307300176471472,44151.1012353003,18.163855708950628,-65.71313728943748,-42.60721,4,0,0.28,1,1
6.307400174438953,44151.801221072674,18.163849317642665,-65.71313793668413,-42.6452,4,0,0.242,1,1
6.307500176131725,44152.50123292208,18.16384292649625,-65.71313857484866,-42.828,4,0,0.0592,1,1
6.307600174099207,44153.20121869445,18.16383655462049,-65.71313845839869,-54.980423,4,0,-12.0933,1,3
6.307700175791979,44153.90123054385,18.163830143809733,-65.7131398873006,-42.62178,4,0,0.2654,1,1
6.307700175791979,44153.90123054385,18.1638301435188,-65.7131398974129,-42.46144,4,0,0.4257,1,1
6.307700175791979,44153.90123054385,18.163830143975567,-65.71313988153629,-42.71318,4,0,0.174,1,1
6.307800177484751,44154.601242393255,18.16382375278034,-65.7131405355012,-42.6468,4,0,0.2404,1,1
6.308500155806541,44159.50109064579,18.163779020886764,-65.71314508934807,-42.571945,4,0,0.3152,1,1
6.308500155806541,44159.50109064579,18.16377902075978,-65.71314509376165,-42.501965,4,0,0.3852,1,1
6.308500155806541,44159.50109064579,18.163779020993783,-65.71314508562855,-42.63092,4,0,0.2562,1,1
6.308600157499313,44160.20110249519,18.16377263072874,-65.71314574296551,-42.51529,4,0,0.3719,1,1
6.308600157499313,44160.20110249519,18.16377263066977,-65.7131457450153,-42.482788,4,0,0.4044,1,1
6.308700155466795,44160.901088267565,18.16376618946115,-65.7131484432024,-9.99599,0,0,32.8912,0,0
6.308800157159567,44161.60110011697,18.163759850995184,-65.71314705982422,-42.250374,4,0,0.6368,1,1
6.3089001551270485,44162.30108588934,18.163753462156134,-65.71314767959679,-42.73218,4,0,0.155,1,1
6.309200156480074,44164.40109536052,18.163734293424245,-65.71314965057293,-42.410545,4,0,0.4766,1,1
6.309400156140328,44165.80109298229,18.163721515455848,-65.71315094350484,-42.533268,4,0,0.3539,1,1
6.309400156140328,44165.80109298229,18.16372151562162,-65.71315093774373,-42.624615,4,0,0.2626,1,1
6.3097001649439335,44167.901154607534,18.163702348356026,-65.71315290899219,-42.30926,4,0,0.5779,1,1
6.3097001649439335,44167.901154607534,18.163702348268384,-65.71315290314948,-42.402306,4,0,0.4849,1,1
6.3097001649439335,44167.901154607534,18.163702367827284,-65.71315212566799,-54.734325,4,0,-11.8472,2,3
6.309800166636705,44168.60116645694,18.16369595992585,-65.71315354160542,-42.59399,4,0,0.2932,1,1
6.309900164604187,44169.30115222931,18.163689571436016,-65.71315419709792,-42.51591,4,0,0.3713,1,1
6.310000166296959,44170.00116407871,18.16368269154671,-65.71317439522925,267.5523,0,0,310.4395,0,0
6.310000166296959,44170.00116407871,18.16368318305605,-65.71315484414556,-42.57288,4,0,0.3143,1,1
6.310000166296959,44170.00116407871,18.16368318317195,-65.71315484011795,-42.63674,4,0,0.2504,1,1
6.310400165617466,44172.80115932226,18.163657630513647,-65.71315745001009,-42.52761,4,0,0.3596,1,1
6.3105001747608185,44173.50122332573,18.16365124285195,-65.71315807292066,-42.972057,4,0,-0.0849,1,1
6.310700174421072,44174.901220947504,18.16363846687356,-65.71315939258258,-42.690754,4,0,0.1964,1,1
6.3109001740813255,44176.30121856928,18.1636256918127,-65.71316069314062,-42.715813,4,0,0.1714,1,1
6.311000175774097,44177.00123041868,18.16361930378089,-65.71316136137563,-42.445156,4,0,0.442,1,1
6.311400145292282,44179.801017045975,18.16359375679141,-65.71316396798215,-42.419582,4,0,0.4676,1,1
6.311500146985054,44180.50102889538,18.16358737008946,-65.71316460460929,-42.654716,4,0,0.2325,1,1
6.311500146985054,44180.50102889538,18.16358736976625,-65.71316461583899,-42.47666,4,0,0.4105,1,1
6.311500146985054,44180.50102889538,18.163587369547635,-65.71316462343485,-42.356224,4,0,0.5309,1,1
6.311800144612789,44182.60101228952,18.16356820967124,-65.71316655811239,-42.673527,4,0,0.2136,1,1
6.312000155448914,44184.0010881424,18.16355543541054,-65.7131678685104,-42.564484,4,0,0.3227,1,1
6.312000155448914,44184.0010881424,18.1635554355927,-65.71316786218149,-42.664833,4,0,0.2223,1,1
6.3121001571416855,44184.7010999918,18.1635490485114,-65.71316852520404,-42.48755,4,0,0.3996,1,1
6.3121001571416855,44184.7010999918,18.16354904884828,-65.7131685135002,-42.67312,4,0,0.214,1,1
6.312200155109167,44185.40108576417,18.163542662077845,-65.71316917881676,-42.45997,4,0,0.4272,1,1
6.312200155109167,44185.40108576417,18.16354266220254,-65.71316917448439,-42.52866,4,0,0.3585,1,1
6.312300156801939,44186.10109761357,18.163536275481327,-65.71316983220201,-42.437428,4,0,0.4497,1,1
6.312400154769421,44186.80108338594,18.16352988982362,-65.71317046350596,-42.765667,4,0,0.1215,1,1
6.3125001564621925,44187.50109523535,18.163523502865672,-65.7131711339769,-42.474346,4,0,0.4128,1,1
6.312600154429674,44188.20108100772,18.163517117010805,-65.71317177654342,-42.62616,4,0,0.261,1,1
6.312600154429674,44188.20108100772,18.16351711712886,-65.71317177244244,-42.69118,4,0,0.196,1,1
6.312700156122446,44188.90109285712,18.163510730957032,-65.71317241989837,-42.76695,4,0,0.1202,1,1
6.312700156122446,44188.90109285712,18.163510730510133,-65.71317243542327,-42.52079,4,0,0.3664,1,1
6.312800154089928,44189.60107862949,18.163504344647134,-65.71317308245203,-42.604046,4,0,0.2831,1,1
6.3129001669585705,44190.30116870999,18.163497965754736,-65.71317342083462,-47.585335,3,0,-4.6982,0,0
6.313100166618824,44191.70116633177,18.163485185980385,-65.71317503154702,-42.73548,4,0,0.1517,1,1
6.313200164586306,44192.40115210414,18.163478800518583,-65.71317567228961,-42.922928,4,0,-0.0358,1,1
6.3133001662790775,44193.10116395354,18.16347241378292,-65.71317635080617,-42.51299,4,0,0.3742,1,1
6.313400164246559,44193.80114972592,18.16346602794508,-65.71317700808034,-42.440643,4,0,0.4465,1,1
6.313400164246559,44193.80114972592,18.163466047349186,-65.71317623633568,-54.681503,4,0,-11.7943,0,3
6.313500165939331,44194.50116157532,18.163459647918536,-65.71317743025034,-46.098778,4,0,-3.2116,0,0
6.313500165939331,44194.50116157532,18.16345964237834,-65.71317764934322,-42.62373,4,0,0.2634,1,1
6.313700165599585,44195.90115919709,18.163446870753607,-65.71317896187063,-42.517403,4,0,0.3698,1,1
6.313900176435709,44197.30123504996,18.16343409885918,-65.7131802649118,-42.567482,4,0,0.3197,1,1
6.314000174403191,44198.001220822334,18.163427713316526,-65.71318092090769,-42.522633,4,0,0.3645,1,1
6.314700145274401,44202.901016920805,18.163383017090453,-65.71318548910388,-42.619427,4,0,0.2677,1,1
6.315000146627426,44205.00102639198,18.163363860602924,-65.71318746134389,-42.452965,4,0,0.4342,1,1
6.315000146627426,44205.00102639198,18.163363860712693,-65.7131874575319,-42.513405,4,0,0.3738,1,1
6.31520014628768,44206.40102401376,18.163351090185635,-65.71318876417206,-42.53868,4,0,0.3485,1,1
6.315400157123804,44207.80109986663,18.16333831900268,-65.71319007112729,-42.565544,4,0,0.3216,1,1
6.315500155091286,44208.501085639,18.163331934037267,-65.71319072002693,-42.652847,4,0,0.2343,1,1
6.315700154751539,44209.901083260775,18.163319163487827,-65.71319203215292,-42.604843,4,0,0.2823,1,1
6.315700154751539,44209.901083260775,18.1633191639844,-65.71319201491005,-42.878235,4,0,0.0089,1,1
6.315900154411793,44211.30108088255,18.163306393139187,-65.71319333834512,-42.656517,4,0,0.2307,1,1
6.316100157797337,44212.70110458136,18.16329363627592,-65.71319410645224,-51.248623,3,0,-8.3615,1,0
6.316200166940689,44213.40116858482,18.163287255648413,-65.71319454591118,-54.66931,4,0,-11.7821,1,3
6.316400166600943,44214.8011662066,18.16327446597028,-65.71319662143473,-42.532814,4,0,0.3544,1,1
6.316600166261196,44216.20116382837,18.163261714427133,-65.71319718575727,-54.371258,4,0,-11.4841,1,0
6.31680016592145,44217.60116145015,18.16324892487676,-65.71319924615733,-42.486687,4,0,0.4005,1,1
6.317000165581703,44219.00115907192,18.163236154440384,-65.7132005525322,-42.56744,4,0,0.3197,1,1
6.317500177770853,44222.50124439597,18.16320422681409,-65.71320383287144,-42.568752,4,0,0.3184,1,1
6.317600175738335,44223.20123016834,18.163197841366458,-65.71320449392634,-42.494064,4,0,0.3931,1,1
6.317700177431107,44223.90124201775,18.16319145637713,-65.71320512996907,-42.817883,4,0,0.0693,1,1
6.31790017709136,44225.30123963952,18.16317868490322,-65.71320645690805,-42.600204,4,0,0.287,1,1
6.31790017709136,44225.30123963952,18.16317869370932,-65.71320610683036,-48.152813,3,0,-5.2656,0,0
6.31790017709136,44225.30123963952,18.16317868486609,-65.71320645819733,-42.57976,4,0,0.3074,1,1
6.318200144916773,44227.40101441741,18.16315907964444,-65.71322632031195,241.21509,0,0,284.1023,0,0
6.318300146609545,44228.10102626681,18.16315316480069,-65.71320827792763,-55.389923,4,0,-12.5028,1,3
6.318500146269798,44229.50102388859,18.163140373019125,-65.71321039598014,-42.643253,4,0,0.2439,1,1
6.318500146269798,44229.50102388859,18.16314037287896,-65.71321040084577,-42.566105,4,0,0.3211,1,1
6.318600155413151,44230.201087892056,18.163133385436662,-65.7132349389846,336.2296,0,0,379.1168,0,0
6.318900156766176,44232.30109736323,18.16311482923479,-65.71321301423953,-42.830566,4,0,0.0566,1,1
6.319200154393911,44234.40108075738,18.16309567055717,-65.71321501300494,-42.430912,4,0,0.4563,1,1
6.319500155746937,44236.50109022856,18.1630765121291,-65.71321697890629,-42.567425,4,0,0.3197,1,1
6.31970015540719,44237.90108785033,18.163063739328425,-65.71321830053674,-42.491657,4,0,0.3955,1,1
6.319900166243315,44239.3011637032,18.16305096624013,-65.71321959927128,-42.786705,4,0,0.1005,1,1
6.320000164210796,44240.00114947557,18.16304457925228,-65.71322027729992,-42.48151,4,0,0.4057,1,1
6.320000164210796,44240.00114947557,18.163044579029368,-65.71322028503545,-42.358864,4,0,0.5283,1,1
6.320000164210796,44240.00114947557,18.16304459879065,-65.71321950163198,-54.784336,4,0,-11.8972,0,3
6.32020016759634,44241.40117317438,18.16303180551149,-65.71322160207554,-42.37289,4,0,0.5143,1,1
6.320400167256594,44242.80117079616,18.16301903242249,-65.71322290323191,-42.64507,4,0,0.2421,1,1
6.320600174367428,44244.201220572,18.16300625794069,-65.71322422408436,-42.6126,4,0,0.2746,1,1
6.320800177752972,44245.6012442708,18.1629934834625,-65.71322554551197,-42.577244,4,0,0.3099,1,1
6.320800177752972,44245.6012442708,18.162993483576628,-65.7132255415517,-42.640034,4,0,0.2471,1,1
6.320900175720453,44246.30123004317,18.16298709617615,-65.71322621220014,-42.46699,4,0,0.4202,1,1
6.321000177413225,44247.001241892576,18.16298070889177,-65.71322686792367,-42.532673,4,0,0.3545,1,1
6.321400176733732,44249.801237136126,18.16295515903973,-65.7132295044503,-42.595493,4,0,0.2917,1,1
6.321400176733732,44249.801237136126,18.162955178431925,-65.71322873398917,-54.81574,4,0,-11.9286,1,3
6.321600146591663,44251.20102614164,18.16294238552501,-65.71323082234771,-42.639828,4,0,0.2473,1,1
6.321600146591663,44251.20102614164,18.162942385181456,-65.71323083426795,-42.45083,4,0,0.4363,1,1
6.321800146251917,44252.60102376342,18.16292960956268,-65.7132321473025,-42.582233,4,0,0.3049,1,1
6.322100155055523,44254.70108538866,18.16291046420278,-65.71323334847459,-54.98042,4,0,-12.0933,1,3
6.322400156408548,44256.80109485984,18.16289127880543,-65.71323612127546,-42.465977,4,0,0.4212,1,1
6.322800155729055,44259.60109010339,18.16286572394033,-65.7132387559365,-42.654472,4,0,0.2327,1,1
6.322800155729055,44259.60109010339,18.162865723726643,-65.71323876334955,-42.536938,4,0,0.3502,1,1
6.322900157421827,44260.30110195279,18.16285933475704,-65.71323941794387,-42.653114,4,0,0.2341,1,1
6.32300016656518,44261.00116595626,18.16285294451592,-65.7132400966014,-42.39027,4,0,0.4969,1,1
6.32300016656518,44261.00116595626,18.162852944864223,-65.71324008451859,-42.581844,4,0,0.3053,1,1
6.32300016656518,44261.00116595626,18.16285294475992,-65.71324008813721,-42.52447,4,0,0.3627,1,1
6.323200166225433,44262.40116357803,18.162840167701475,-65.71324134805606,-43.546642,4,0,-0.6595,0,0
6.323200166225433,44262.40116357803,18.162840166173844,-65.71324140992091,-42.56536,4,0,0.3218,1,1
6.323300167918205,44263.10117542744,18.16283377662942,-65.71324206987951,-42.603382,4,0,0.2838,1,1
6.323400165885687,44263.80116119981,18.162827387061963,-65.71324273278678,-42.5961,4,0,0.2911,1,1
6.32360016554594,44265.20115882158,18.16281460787924,-65.71324404530458,-42.797695,4,0,0.0895,1,1
6.323700167238712,44265.901170670986,18.162808217731666,-65.71324471096355,-42.75223,4,0,0.1349,1,1
6.323800165206194,44266.60115644336,18.16280182741181,-65.71324538692951,-42.54468,4,0,0.3425,1,1
6.323800165206194,44266.60115644336,18.16280182761509,-65.71324537987803,-42.656483,4,0,0.2307,1,1
6.324100166559219,44268.701165914536,18.162782656446232,-65.71324737477485,-42.56817,4,0,0.319,1,1
6.324300177395344,44270.10124176741,18.162769874540533,-65.71324870162522,-42.567772,4,0,0.3194,1,1
6.324400175362825,44270.80122753978,18.162763484043207,-65.7132493595479,-42.656605,4,0,0.2306,1,1
6.324500177055597,44271.50123938918,18.16275709292453,-65.71325002662986,-42.602318,4,0,0.2849,1,1
6.324600175023079,44272.20122516155,18.162750702441592,-65.71325067570011,-42.83493,4,0,0.0522,1,1
6.324700176715851,44272.90123701096,18.16274432923808,-65.71325062425703,-54.180424,4,0,-11.2933,1,3
6.324800174683332,44273.60122278333,18.162737919708068,-65.71325201420197,-42.665733,4,0,0.2214,1,1
6.324800174683332,44273.60122278333,18.16273791958941,-65.71325201831748,-42.600483,4,0,0.2867,1,1
6.324800174683332,44273.60122278333,18.162737919721287,-65.71325201374354,-42.673004,4,0,0.2142,1,1
6.325000144541264,44275.001011788845,18.16272516078047,-65.71325246924866,-56.51237,4,0,-13.6252,0,0
6.325100146234036,44275.70102363825,18.162718746680387,-65.71325401421305,-42.544518,4,0,0.3427,1,1
6.325300145894289,44277.10102126002,18.16270596289365,-65.7132553458127,-42.501762,4,0,0.3854,1,1
6.3254001550376415,44277.80108526349,18.16269957017138,-65.71325602197967,-42.319126,4,0,0.568,1,1
6.325500156730413,44278.501097112894,18.162693177843074,-65.71325667872895,-42.44607,4,0,0.4411,1,1
6.326000157743692,44282.00110420585,18.16266121484062,-65.71326000220444,-42.47329,4,0,0.4139,1,1
6.326200157403946,44283.40110182762,18.162648428640008,-65.71326133552506,-42.433475,4,0,0.4537,1,1
6.3264001570642,44284.8010994494,18.16263570403865,-65.71326264652404,-42.412724,4,0,0.4744,1,1
6.326500155031681,44285.50108522177,18.16262930649048,-65.71326331739053,-42.354763,4,0,0.5324,1,1
6.326600167900324,44286.20117530227,18.162622907857312,-65.71326397035129,-42.58474,4,0,0.3024,1,1
6.3267001658678055,44286.90116107464,18.16261651888347,-65.71326428099263,-48.243927,3,0,-5.3568,0,0
6.326800167560577,44287.60117292404,18.16261011123669,-65.71326531482536,-42.43479,4,0,0.4524,1,1
6.326800167560577,44287.60117292404,18.162610136160666,-65.71326432631561,-58.113407,2,0,-15.2262,1,0
6.326900165528059,44288.30115869641,18.162603712960767,-65.71326598277051,-42.430115,4,0,0.4571,1,1
6.327000167220831,44289.00117054582,18.162597314578218,-65.71326664136953,-42.57563,4,0,0.3115,1,1
6.327000167220831,44289.00117054582,18.16259731444088,-65.7132666461324,-42.500114,4,0,0.3871,1,1
6.327300164848566,44291.10115393996,18.16257811806652,-65.71326865222896,-42.465073,4,0,0.4221,1,1
6.327700175344944,44293.90122741461,18.16255252012536,-65.71327132640782,-42.451588,4,0,0.4356,1,1
6.327700175344944,44293.90122741461,18.16255253941152,-65.71327056887864,-54.466385,4,0,-11.5792,1,3
6.3279001750051975,44295.30122503638,18.162539720898348,-65.71327265639522,-42.566105,4,0,0.3211,1,1
6.328100174665451,44296.70122265816,18.16252694009453,-65.71327323113364,-54.66572,4,0,-11.7786,1,3
6.328300178050995,44298.10124635696,18.162514120010684,-65.71327533631646,-42.497337,4,0,0.3898,1,1
6.328300178050995,44298.10124635696,18.16251413927332,-65.71327457959327,-54.499363,4,0,-11.6122,1,3
6.328500147908926,44299.50103536248,18.16250132107367,-65.71327666621575,-42.62797,4,0,0.2592,1,1
6.328500147908926,44299.50103536248,18.16250132114001,-65.713276663915,-42.664448,4,0,0.2227,1,1
6.32870014756918,44300.90103298426,18.162488519333834,-65.71327800893694,-42.56425,4,0,0.3229,1,1
6.32870014756918,44300.90103298426,18.1624885195489,-65.71327800147843,-42.682507,4,0,0.2047,1,1
6.328800145536661,44301.60101875663,18.162482118771297,-65.71327866688931,-42.746925,4,0,0.1402,1,1
6.328800145536661,44301.60101875663,18.16248259213804,-65.7132598818881,-340.6814,0,0,-297.7942,0,0
6.328900147229433,44302.30103060603,18.1624757171342,-65.71327934930575,-42.543518,4,0,0.3437,1,1
6.328900147229433,44302.30103060603,18.162475717252736,-65.71327934519464,-42.6087,4,0,0.2785,1,1
6.329700157046318,44307.90109932423,18.16242450222754,-65.71328471537102,-42.444077,4,0,0.4431,1,1
6.329700157046318,44307.90109932423,18.1624245021859,-65.71328471681517,-42.421177,4,0,0.466,1,1
6.3298001550138,44308.6010850966,18.162418102826,-65.71328527941121,-44.129715,4,0,-1.2425,0,0
6.330000165849924,44310.00116094947,18.16240529447016,-65.71328671933529,-42.56086,4,0,0.3263,1,1
6.330000165849924,44310.00116094947,18.16240529436759,-65.71328673176271,-42.363415,4,0,0.5238,1,1
6.330400165170431,44312.80115619302,18.162379682683028,-65.71328941722615,-42.32121,4,0,0.566,1,1
6.330500166863203,44313.50116804242,18.16237281457702,-65.71330853217398,250.2337,0,0,293.1209,0,0
6.330600164830685,44314.20115381479,18.162366876346024,-65.71329074271262,-42.58126,4,0,0.3059,1,1
6.330700166523457,44314.9011656642,18.162360472758564,-65.71329141399436,-42.577686,4,0,0.3095,1,1
6.330700166523457,44314.9011656642,18.16236047257517,-65.71329142035515,-42.476837,4,0,0.4103,1,1
6.330800164490938,44315.60115143657,18.162354088033297,-65.7132913464187,-54.293716,4,0,-11.4065,0,3
6.3311001770198345,44317.70123913884,18.162334856887057,-65.71329410218134,-42.52686,4,0,0.3603,1,1
6.331300176680088,44319.101236760616,18.162322048671303,-65.71329544382553,-42.546448,4,0,0.3407,1,1
6.331500176340342,44320.50123438239,18.16230923983805,-65.7132967908014,-42.48587,4,0,0.4013,1,1
6.331500176340342,44320.50123438239,18.16230923996129,-65.71329678652671,-42.553646,4,0,0.3335,1,1
6.3316001780331135,44321.201246231794,18.162302835267983,-65.71329745952065,-42.53299,4,0,0.3542,1,1
6.331800147891045,44322.60103523731,18.16229002801954,-65.71329879379915,-42.6769,4,0,0.2103,1,1
6.331800147891045,44322.60103523731,18.16229002884521,-65.71329876515921,-43.130993,4,0,-0.2438,1,0
6.332000147551298,44324.00103285909,18.16227722380045,-65.71329991246469,-46.247997,4,0,-3.3608,0,0
6.332000147551298,44324.00103285909,18.16227721816916,-65.71330013441828,-42.727634,4,0,0.1595,1,1
6.33210014551878,44324.70101863146,18.162270812571425,-65.71330082759617,-42.391666,4,0,0.4955,1,1
6.33210014551878,44324.70101863146,18.162270812957328,-65.71330081420979,-42.603912,4,0,0.2833,1,1
6.332200147211552,44325.40103048086,18.16226440738784,-65.71330150322311,-42.33495,4,0,0.5522,1,1
6.332200147211552,44325.40103048086,18.16226440757848,-65.71330148773845,-42.580868,4,0,0.3063,1,1
6.332200147211552,44325.40103048086,18.16226442991585,-65.71330060642404,-56.559246,4,0,-13.6721,0,0
6.332500156015158,44327.5010921061,18.162245190570857,-65.71330350774673,-42.527035,4,0,0.3601,1,1
6.33260015770793,44328.20110395551,18.16223880346799,-65.71330344363066,-54.207424,4,0,-11.3203,0,3
6.333000157028437,44331.00109919906,18.16221316137088,-65.71330686093529,-42.66804,4,0,0.2191,1,1
6.333000157028437,44331.00109919906,18.16221316962149,-65.71330653922207,-47.770546,3,0,-4.8834,0,0
6.333100154995918,44331.70108497143,18.162206755287297,-65.7133075342402,-42.656326,4,0,0.2308,1,1
6.33320015668869,44332.40109682083,18.16220034857165,-65.71330821771173,-42.484646,4,0,0.4025,1,1
6.333400167524815,44333.8011726737,18.162187535062824,-65.71330956044284,-42.528427,4,0,0.3587,1,1
6.333500165492296,44334.50115844607,18.162181128769426,-65.71331022718952,-42.62395,4,0,0.2632,1,1
6.334000166505575,44338.00116553903,18.162149094067065,-65.71331359836562,-42.52046,4,0,0.3667,1,1
6.334000166505575,44338.00116553903,18.16214909413181,-65.7133135961195,-42.55607,4,0,0.3311,1,1
6.334300167858601,44340.10117501021,18.162129872213285,-65.71331561639374,-42.541157,4,0,0.346,1,1
6.334400177001953,44340.80123901367,18.16212346567488,-65.7133162376409,-43.365753,4,0,-0.4786,0,0
6.334600176662207,44342.20123663545,18.162110648931755,-65.71331763942463,-42.489254,4,0,0.3979,1,1
6.334600176662207,44342.20123663545,18.162110648987287,-65.71331763749798,-42.519802,4,0,0.3674,1,1
6.33480017632246,44343.60123425722,18.16209783329345,-65.71331898866308,-42.448425,4,0,0.4387,1,1
6.335200145840645,44346.401020884514,18.16207220354562,-65.7133216695175,-42.64968,4,0,0.2375,1,1
6.335300147533417,44347.10103273392,18.16206581379161,-65.71332160964857,-54.282185,4,0,-11.395,0,3
6.335400145500898,44347.80101850629,18.162059387235608,-65.71332300982012,-42.75706,4,0,0.1301,1,1
6.335400145500898,44347.80101850629,18.16205938723373,-65.71332300988516,-42.75603,4,0,0.1311,1,1
6.335700146853924,44349.90102797747,18.16204016204108,-65.71332502112118,-42.90854,4,0,-0.0214,1,1
6.335700146853924,44349.90102797747,18.16204016115072,-65.71332505201866,-42.418644,4,0,0.4685,1,1
6.335700146853924,44349.90102797747,18.162040163126616,-65.71332497457465,-43.64696,4,0,-0.7598,0,0
6.335800155997276,44350.60109198093,18.162033751971265,-65.71332572501653,-42.430317,4,0,0.4569,1,1
6.335800155997276,44350.60109198093,18.16203375228792,-65.71332571402763,-42.60455,4,0,0.2826,1,1
6.336400154978037,44354.80108484626,18.16199529918969,-65.71332975446009,-42.63831,4,0,0.2489,1,1
6.336400154978037,44354.80108484626,18.16199531788825,-65.71332901675609,-54.33905,4,0,-11.4519,1,3
6.33660015463829,44356.20108246803,18.16198248092669,-65.71333110162928,-42.64673,4,0,0.2404,1,1
6.33660015463829,44356.20108246803,18.161982480798628,-65.71333110607378,-42.57626,4,0,0.3109,1,1
6.336800165474415,44357.6011583209,18.161969661523024,-65.71333245451332,-42.56695,4,0,0.3202,1,1
6.336900167167187,44358.30117017031,18.161963251943405,-65.71333313166353,-42.515854,4,0,0.3713,1,1
6.336900167167187,44358.30117017031,18.161963252290185,-65.71333311962742,-42.706696,4,0,0.1805,1,1
6.337000165134668,44359.00115594268,18.161956842687832,-65.71333380367261,-42.546135,4,0,0.341,1,1
6.337000165134668,44359.00115594268,18.16195684309785,-65.7133337894413,-42.77178,4,0,0.1154,1,1
6.337200164794922,44360.40115356445,18.161944025454783,-65.71333507987876,-43.683407,4,0,-0.7962,0,0
6.337400168180466,44361.80117726326,18.1619312046384,-65.71333648179954,-42.82783,4,0,0.0593,1,1
6.337800174951553,44364.60122466087,18.16190556447402,-65.71333919115517,-42.617767,4,0,0.2694,1,1
6.338000178337097,44366.00124835968,18.16189274432441,-65.71334053851143,-42.629543,4,0,0.2576,1,1
6.338200177997351,44367.401245981455,18.161879942862065,-65.71334114975396,-54.316868,4,0,-11.4297,1,3
6.338200177997351,44367.401245981455,18.16187992406379,-65.71334189111263,-42.558105,4,0,0.3291,1,1
6.338400177657604,44368.80124360323,18.16186710372645,-65.71334323983095,-42.54846,4,0,0.3387,1,1
6.338500175625086,44369.5012293756,18.16186069367992,-65.71334391172869,-42.58251,4,0,0.3047,1,1
6.338700145483017,44370.90101838112,18.161847893300703,-65.71334453567943,-54.065506,4,0,-11.1783,3,3
6.338800147175789,44371.60103023052,18.16184146474136,-65.71334592639417,-42.698566,4,0,0.1886,1,1
6.338900145143271,44372.30101600289,18.16183505424216,-65.71334660819728,-42.57551,4,0,0.3117,1,1
6.339100144803524,44373.70101362467,18.161822233458675,-65.7133479520652,-42.642582,4,0,0.2446,1,1
6.339300155639648,44375.10108947754,18.16180943048414,-65.71334855893299,-54.40022,4,0,-11.5131,3,3
6.339300155639648,44375.10108947754,18.16180941248609,-65.71334927263108,-43.079987,4,0,-0.1928,1,0
6.33940015733242,44375.80110132694,18.161803001015286,-65.71334997356547,-42.653572,4,0,0.2336,1,1
6.33940015733242,44375.80110132694,18.161803020270536,-65.71334921620561,-54.666092,4,0,-11.7789,3,3
6.339500155299902,44376.501087099314,18.161796590248795,-65.71335066605047,-42.360195,4,0,0.527,1,1
6.339600156992674,44377.20109894872,18.161790179927017,-65.71335131596624,-42.742847,4,0,0.1443,1,1
6.339700154960156,44377.90108472109,18.16178376896272,-65.71335201315985,-42.374508,4,0,0.5127,1,1
6.339800156652927,44378.60109657049,18.16177735810761,-65.71335267951645,-42.496147,4,0,0.391,1,1
6.340000156313181,44380.00109419227,18.16176453650971,-65.71335403147384,-42.4325,4,0,0.4547,1,1
6.340300165116787,44382.10115581751,18.161745303478657,-65.71335605185288,-42.456245,4,0,0.4309,1,1
6.340400166809559,44382.80116766691,18.16173889283204,-65.71335671462538,-42.632942,4,0,0.2542,1,1
6.3405001647770405,44383.50115343928,18.16173248195579,-65.71335739291695,-42.56289,4,0,0.3243,1,1
6.341000165790319,44387.00116053224,18.161700427427867,-65.71336075527807,-42.670444,4,0,0.2167,1,1
6.341100167483091,44387.70117238164,18.161694035158654,-65.71336068678899,-54.443645,4,0,-11.5565,1,3
6.341500177979469,44390.501245856285,18.1616683716644,-65.71336412396958,-42.669556,4,0,0.2176,1,1
6.341600175946951,44391.20123162866,18.16166197963404,-65.71336405367269,-54.46897,4,0,-11.5818,1,3
6.341700177639723,44391.90124347806,18.161655550018143,-65.71336545801483,-42.878605,4,0,0.0086,1,1
6.341900177299976,44393.30124109984,18.161642727275403,-65.71336682944462,-42.492992,4,0,0.3942,1,1
6.341900177299976,44393.30124109984,18.16164272732155,-65.71336683672526,-42.377148,4,0,0.51,1,1
6.342000145465136,44394.00101825595,18.16163631842173,-65.71336749785013,-42.570515,4,0,0.3167,1,1
6.342100147157908,44394.70103010535,18.161629907206823,-65.7133681737883,-42.531666,4,0,0.3555,1,1
6.342200145125389,44395.40101587773,18.16162349677322,-65.71336883085098,-42.791172,4,0,0.096,1,1
6.342300146818161,44396.10102772713,18.16161710445945,-65.71336876140691,-54.57397,4,0,-11.6868,1,3
6.3424001559615135,44396.8010917306,18.16161067378167,-65.7133701858317,-42.66233,4,0,0.2248,1,1
6.342600155621767,44398.20108935237,18.161597851678643,-65.71337153523858,-42.618374,4,0,0.2688,1,1
6.3429001569747925,44400.30109882355,18.16157861870673,-65.71337355049775,-42.688427,4,0,0.1987,1,1
6.343000154942274,44401.00108459592,18.16157220765727,-65.71337423041041,-42.580864,4,0,0.3063,1,1
6.343100156635046,44401.70109644532,18.16156579657361,-65.71337490128329,-42.61647,4,0,0.2707,1,1
6.343200158327818,44402.401108294725,18.16155938542196,-65.71337557725725,-42.570427,4,0,0.3167,1,1
6.343400157988071,44403.8011059165,18.161546563491733,-65.71337693480527,-42.386665,4,0,0.5005,1,1
6.343400157988071,44403.8011059165,18.161546563453086,-65.71337692726296,-42.50666,4,0,0.3805,1,1
6.343500155955553,44404.50109168887,18.16154015332324,-65.71337757749457,-42.866287,4,0,0.0209,1,1
6.343600157648325,44405.20110353828,18.161533741835107,-65.71337826722426,-42.599304,4,0,0.2879,1,1
6.3437001667916775,44405.90116754174,18.16152674753253,-65.71340212308769,325.1438,0,0,368.031,0,0
6.3437001667916775,44405.90116754174,18.16152733040992,-65.7133789388421,-42.619556,4,0,0.2676,1,1
6.343800164759159,44406.60115331411,18.16152091963324,-65.71337961340714,-42.59113,4,0,0.296,1,1
6.343800164759159,44406.60115331411,18.161520938581457,-65.71337886617981,-54.44317,4,0,-11.556,1,3
6.344000168144703,44408.00117701292,18.16150809773378,-65.7133809601663,-42.570347,4,0,0.3168,1,1
6.34440016746521,44410.80117225647,18.161482454977577,-65.7133836437432,-42.67597,4,0,0.2112,1,1
6.34440016746521,44410.80117225647,18.161482473393463,-65.71338291494271,-54.235855,4,0,-11.3487,3,3
6.344500165432692,44411.50115802884,18.161476044368328,-65.71338431826992,-42.642494,4,0,0.2447,1,1
6.344500165432692,44411.50115802884,18.16147604407586,-65.71338432843255,-42.481354,4,0,0.4058,1,1
6.344600178301334,44412.20124810934,18.161469632681296,-65.71338499814385,-42.52496,4,0,0.3622,1,1
6.344700176268816,44412.90123388171,18.161463222135666,-65.71338567247908,-42.492786,4,0,0.3944,1,1
6.3449001759290695,44414.30123150349,18.16145040109265,-65.71338702333684,-42.391075,4,0,0.4961,1,1
6.345100175589323,44415.70122912526,18.16143758011384,-65.71338836767734,-42.389458,4,0,0.4977,1,1
6.345100175589323,44415.70122912526,18.161437583630807,-65.71338821878916,-44.751446,4,0,-1.8643,0,0
6.345200177282095,44416.401240974665,18.161431188712942,-65.71338827638131,-54.497425,4,0,-11.6103,3,3
6.345300175249577,44417.10122674704,18.16142475944262,-65.71338969736279,-42.616863,4,0,0.2703,1,1
6.345300175249577,44417.10122674704,18.16142476035419,-65.7133896656823,-43.11919,4,0,-0.232,1,0
6.345300175249577,44417.10122674704,18.1614247591735,-65.71338970671583,-42.468563,4,0,0.4186,1,1
6.345300175249577,44417.10122674704,18.16142477819937,-65.713388956614,-54.366234,4,0,-11.4791,3,3
6.345500145107508,44418.50101575256,18.161411940488883,-65.71339104768272,-42.509663,4,0,0.3775,1,1
6.345700148493052,44419.90103945136,18.161399120350744,-65.7133923702523,-42.842094,4,0,0.0451,1,1
6.345700148493052,44419.90103945136,18.161399138528736,-65.7133916495746,-54.273228,4,0,-11.3861,3,3
6.345800146460533,44420.60102522373,18.16139271018552,-65.71339304533636,-42.7876,4,0,0.0996,1,1
6.346000146120787,44422.00102284551,18.16137988939731,-65.71339440528753,-42.52091,4,0,0.3663,1,1
6.346300154924393,44424.10108447075,18.16136065869913,-65.71339641145983,-42.520428,4,0,0.3667,1,1
6.346300154924393,44424.10108447075,18.161360677669915,-65.71339566315706,-54.389603,4,0,-11.5024,1,3
6.3465001583099365,44425.50110816956,18.161347840083607,-65.71339770798427,-43.265587,4,0,-0.3784,1,0
6.3465001583099365,44425.50110816956,18.1613478387078,-65.7133977558075,-42.507298,4,0,0.3799,1,1
6.347000166773796,44429.00116741657,18.16131578979361,-65.7134011203495,-42.396294,4,0,0.4909,1,1
6.347000166773796,44429.00116741657,18.161315810334347,-65.71340029961372,-55.4148,4,0,-12.5276,0,3
6.347400166094303,44431.80116266012,18.161290152148013,-65.71340379603463,-42.539356,4,0,0.3478,1,1
6.347500167787075,44432.501174509525,18.16128374277008,-65.71340446706647,-42.53874,4,0,0.3484,1,1
6.347600165754557,44433.2011602819,18.16127733398157,-65.71340512803368,-42.696083,4,0,0.1911,1,1
6.34780016541481,44434.60115790367,18.16126451545829,-65.71340648117655,-42.512573,4,0,0.3746,1,1
6.34780016541481,44434.60115790367,18.161264516206792,-65.71340645515387,-42.925194,4,0,-0.038,1,1
6.348000165075064,44436.001155525446,18.161251244044795,-65.713425874227,243.83633,0,0,286.7235,0,0
6.348000165075064,44436.001155525446,18.16125146503701,-65.71341707952273,104.32613,0,0,147.2133,0,0
6.3481001779437065,44436.701245605946,18.161245288090253,-65.71340848445124,-42.648396,4,0,0.2388,1,1
6.3481001779437065,44436.701245605946,18.16124528795257,-65.71340848923793,-42.5725,4,0,0.3147,1,1
6.3481001779437065,44436.701245605946,18.16124528794576,-65.71340848947484,-42.56874,4,0,0.3184,1,1
6.34830017760396,44438.10124322772,18.16123247047076,-65.71340982927411,-42.58396,4,0,0.3032,1,1
6.348500177264214,44439.501240849495,18.16121965305457,-65.71341117676131,-42.471973,4,0,0.4152,1,1
6.348900146782398,44442.30102747679,18.16119402162981,-65.71341384758237,-42.611633,4,0,0.2755,1,1
6.348900146782398,44442.30102747679,18.161194021407056,-65.71341385532803,-42.48882,4,0,0.3983,1,1
6.34900014847517,44443.00103932619,18.1611876156676,-65.71341442689898,-44.04597,4,0,-1.1588,0,0
6.34900014847517,44443.00103932619,18.16118761321708,-65.71341452100185,-42.553455,4,0,0.3337,1,1
6.349300146102905,44445.10102272034,18.16116838914992,-65.71341653325652,-42.496567,4,0,0.3906,1,1
6.349300146102905,44445.10102272034,18.1611683890006,-65.71341653844888,-42.414234,4,0,0.4729,1,1
6.349300146102905,44445.10102272034,18.161168414756293,-65.71341551832846,-58.59509,2,0,-15.7079,0,0
6.349700156599283,44447.90109619498,18.161142709582705,-65.71342112491398,-12.126572,0,0,30.7606,0,0
6.349700156599283,44447.90109619498,18.161142757514025,-65.71341920907486,-42.515987,4,0,0.3712,1,1
6.350000157952309,44450.00110566616,18.1611235350581,-65.71342121655118,-42.50468,4,0,0.3825,1,1
6.350300155580044,44452.10108906031,18.16110402075644,-65.71343488532327,142.49721,0,0,185.3844,0,0
6.350400157272816,44452.80110090971,18.16109790660278,-65.71342388907598,-42.533394,4,0,0.3538,1,1
6.350400157272816,44452.80110090971,18.161097926920824,-65.71342308461749,-55.293495,4,0,-12.4063,1,3
6.350400157272816,44452.80110090971,18.16109792517182,-65.713423154339,-54.187576,4,0,-11.3004,2,3
6.350500166416168,44453.50116491318,18.16109149901105,-65.71342456085289,-42.479916,4,0,0.4073,1,1
6.35060016810894,44454.20117676258,18.161085095073613,-65.71342511633907,-44.268433,4,0,-1.3813,0,0
6.35060016810894,44454.20117676258,18.16108509242925,-65.71342521720172,-42.668728,4,0,0.2184,1,1
6.350700166076422,44454.90116253495,18.16107868566774,-65.71342589125237,-42.5749,4,0,0.3123,1,1
6.351300165057182,44459.10115540028,18.161040249349337,-65.71342982230809,-43.775936,4,0,-0.8888,0,0
6.351400166749954,44459.80116724968,18.16103384138849,-65.71343056173188,-42.634357,4,0,0.2528,1,1
6.351900175213814,44463.3012264967,18.16100181181982,-65.71343390753839,-42.474503,4,0,0.4127,1,1
6.352000176906586,44464.0012383461,18.16099540643924,-65.71343456915172,-42.557224,4,0,0.3299,1,1
6.352200176566839,44465.40123596788,18.16098259574291,-65.71343590911836,-42.45181,4,0,0.4354,1,1
6.35240014642477,44466.80102497339,18.16096978761325,-65.71343724046696,-42.47315,4,0,0.414,1,1
6.352500148117542,44467.5010368228,18.16096338293322,-65.71343789578964,-42.64718,4,0,0.24,1,1
6.352600146085024,44468.20102259517,18.16095697830484,-65.71343856128041,-42.657883,4,0,0.2293,1,1
6.352700147777796,44468.90103444457,18.16095057359709,-65.71343922497408,-42.69576,4,0,0.1914,1,1
6.352700147777796,44468.90103444457,18.160950573289547,-65.71343923567221,-42.526127,4,0,0.361,1,1
6.352800145745277,44469.60102021694,18.16094416925468,-65.71343988797234,-42.74255,4,0,0.1446,1,1
6.35290015861392,44470.30111029744,18.160937763459028,-65.7134405721879,-42.45276,4,0,0.4344,1,1
6.35290015861392,44470.30111029744,18.160937764044725,-65.71344055181363,-42.775818,4,0,0.1114,1,1
6.353000156581402,44471.00109606981,18.16093137742365,-65.71344051692543,-53.889053,4,0,-11.0019,0,3
6.353200156241655,44472.40109369159,18.160918551240464,-65.71344255888056,-42.61443,4,0,0.2727,1,1
6.353200156241655,44472.40109369159,18.16091855125744,-65.71344255829017,-42.623795,4,0,0.2634,1,1
6.353300157934427,44473.10110554099,18.16091214713624,-65.71344322436683,-42.613476,4,0,0.2737,1,1
6.353300157934427,44473.10110554099,18.16091214709316,-65.71344322586559,-42.58971,4,0,0.2975,1,1
6.353300157934427,44473.10110554099,18.16091214735636,-65.7134432167095,-42.734894,4,0,0.1523,1,1
6.353500157594681,44474.501103162766,18.160899339361805,-65.71344456906986,-42.387783,4,0,0.4994,1,1
6.353600155562162,44475.20108893514,18.160892936345995,-65.71344520777023,-42.806282,4,0,0.0809,1,1
6.353700157254934,44475.90110078454,18.160886532226343,-65.71344588943687,-42.541718,4,0,0.3455,1,1
6.353800166398287,44476.60116478801,18.16088012849029,-65.71344654517583,-42.687275,4,0,0.1999,1,1
6.353900168091059,44477.30117663741,18.160873724877696,-65.71344721715505,-42.57276,4,0,0.3144,1,1
6.354100167751312,44478.70117425919,18.16086091901489,-65.71344853402775,-42.76746,4,0,0.1197,1,1
6.354400165379047,44480.80115765333,18.160841710248395,-65.71345054045219,-42.552597,4,0,0.3346,1,1
6.354500167071819,44481.501169502735,18.160835308462964,-65.71345117319787,-43.049408,4,0,-0.1622,1,0
6.355200175195932,44486.40122637153,18.16079049269373,-65.71345584096557,-42.693375,4,0,0.1938,1,1
6.355200175195932,44486.40122637153,18.16079049322647,-65.71345582243057,-42.98727,4,0,-0.1001,1,1
6.355200175195932,44486.40122637153,18.160790492561592,-65.71345584556292,-42.620476,4,0,0.2667,1,1
6.355300176888704,44487.10123822093,18.16078409082755,-65.71345651000637,-42.600113,4,0,0.2871,1,1
6.355800148099661,44490.601036697626,18.160752086743297,-65.71345981962646,-42.666573,4,0,0.2206,1,1
6.356000147759914,44492.0010343194,18.16073928520339,-65.71346114565782,-42.64681,4,0,0.2404,1,1
6.35630015656352,44494.10109594464,18.160720083773167,-65.71346311620012,-42.897697,4,0,-0.0105,1,1
6.35630015656352,44494.10109594464,18.160720083238928,-65.71346313478787,-42.602962,4,0,0.2842,1,1
6.35630015656352,44494.10109594464,18.160720083237216,-65.7134631348475,-42.60202,4,0,0.2851,1,1
6.356500156223774,44495.50109356642,18.160707283121283,-65.71346445519622,-42.653862,4,0,0.2333,1,1
6.356500156223774,44495.50109356642,18.160707282840697,-65.7134644649586,-42.499065,4,0,0.3881,1,1
6.356500156223774,44495.50109356642,18.16070728321161,-65.71346445205354,-42.70369,4,0,0.1835,1,1
6.356600157916546,44496.20110541582,18.16070088334116,-65.71346510820857,-42.79076,4,0,0.0964,1,1
6.356600157916546,44496.20110541582,18.160700920060723,-65.71346364372688,-66.02037,2,0,-23.1332,0,0
6.356800157576799,44497.6011030376,18.16068808378597,-65.71346643566983,-42.718697,4,0,0.1685,1,1
6.356900155544281,44498.30108880997,18.16068168443463,-65.71346709539725,-42.74316,4,0,0.144,1,1
6.357000157237053,44499.00110065937,18.16067528449371,-65.7134677718464,-42.501015,4,0,0.3862,1,1
6.357000157237053,44499.00110065937,18.16067528455396,-65.71346777864912,-42.392746,4,0,0.4944,1,1
6.357100166380405,44499.70116466284,18.16066888468768,-65.71346843154988,-42.52332,4,0,0.3638,1,1
6.357300166040659,44501.10116228461,18.160656086546027,-65.71346976124639,-42.39697,4,0,0.4902,1,1
6.357600167393684,44503.20117175579,18.16063690818185,-65.71347102195863,-53.834408,4,0,-10.9472,1,3
6.357700165361166,44503.90115752816,18.16063049534532,-65.71347226708171,-44.558228,4,0,-1.6711,0,0
6.357800167053938,44504.601169377565,18.160624093338942,-65.71347306936579,-42.305164,4,0,0.582,1,1
6.357800167053938,44504.601169377565,18.16062409345784,-65.71347305633103,-42.51225,4,0,0.3749,1,1
6.358100168406963,44506.70117884874,18.160604899279384,-65.71347504236047,-42.416252,4,0,0.4709,1,1
6.358200166374445,44507.40116462112,18.160598501421347,-65.71347570016367,-42.447536,4,0,0.4396,1,1
6.358200166374445,44507.40116462112,18.16059850163913,-65.71347569258594,-42.56769,4,0,0.3195,1,1
6.358500175178051,44509.50122624636,18.160579308490515,-65.71347768127035,-42.40821,4,0,0.479,1,1
6.358500175178051,44509.50122624636,18.16057930835693,-65.7134776770189,-42.47603,4,0,0.4111,1,1
6.358700178563595,44510.90124994517,18.16056651383938,-65.71347900247673,-42.365368,4,0,0.5218,1,1
6.358900178223848,44512.30124756694,18.16055371995585,-65.71348031480755,-42.45593,4,0,0.4312,1,1
6.358900178223848,44512.30124756694,18.16055371996591,-65.71348031445721,-42.461483,4,0,0.4257,1,1
6.35900017619133,44513.00123333931,18.16054734139632,-65.71348025790107,-53.808712,4,0,-10.9215,1,3
6.359400145709515,44515.8010199666,18.16052173995919,-65.71348360517825,-42.494705,4,0,0.3925,1,1
6.359700158238411,44517.90110766888,18.16050255175012,-65.71348557131117,-42.62778,4,0,0.2594,1,1
6.359800156205893,44518.60109344125,18.160496156334844,-65.7134862269837,-42.663204,4,0,0.224,1,1
6.359800156205893,44518.60109344125,18.16049617350752,-65.71348554938747,-53.41092,0,0,-10.5238,1,0
6.3599001578986645,44519.30110529065,18.160489760648865,-65.71348688845515,-42.605267,4,0,0.2819,1,1
6.360000155866146,44520.00109106302,18.16048336514872,-65.71348755388212,-42.48256,4,0,0.4046,1,1
6.360000155866146,44520.00109106302,18.1604833836474,-65.71348682125209,-54.1033,0,0,-11.2161,3,3
6.360100157558918,44520.701102912426,18.160476970010915,-65.71348820557388,-42.576103,4,0,0.3111,1,1
6.360300157219172,44522.1011005342,18.16046417994651,-65.71348952381612,-42.52184,4,0,0.3653,1,1
6.360500156879425,44523.501098155975,18.16045139056612,-65.7134908368416,-42.543186,4,0,0.344,1,1
6.360600158572197,44524.20111000538,18.16044499586448,-65.71349149658471,-42.50018,4,0,0.387,1,1
6.360700156539679,44524.90109577775,18.160438601874933,-65.7134921444582,-42.64323,4,0,0.2439,1,1
6.360700156539679,44524.90109577775,18.160438620572084,-65.71349140493864,-54.373188,0,0,-11.486,1,3
6.3611001670360565,44527.7011692524,18.16041304339138,-65.71349404402653,-54.17514,0,0,-11.288,1,3
6.3611001670360565,44527.7011692524,18.160413024699068,-65.71349478336435,-42.44807,4,0,0.4391,1,1
6.361400168389082,44529.80117872357,18.16039384404288,-65.71349674815839,-42.51089,4,0,0.3763,1,1
6.361600175499916,44531.20122849941,18.16038105715944,-65.71349805965072,-42.51899,4,0,0.3682,1,1
6.361700177192688,44531.901240348816,18.16037466413824,-65.7134987118058,-42.57723,4,0,0.3099,1,1
6.362000178545713,44534.00124982,18.16035548571824,-65.71350069060304,-42.386906,4,0,0.5003,1,1
6.362000178545713,44534.00124982,18.16035548591497,-65.71350067486077,-42.63692,4,0,0.2502,1,1
6.362000178545713,44534.00124982,18.160355485814435,-65.71350067835826,-42.581463,4,0,0.3057,1,1
6.3624001778662205,44536.80124506354,18.160329916667344,-65.71350331101208,-42.39522,4,0,0.4919,1,1
6.362700145691633,44538.90101984143,18.16031074334797,-65.71350527362802,-42.423542,4,0,0.4636,1,1
6.362700145691633,44538.90101984143,18.160310743299966,-65.71350526640072,-42.538544,4,0,0.3486,1,1
6.362900145351887,44540.30101746321,18.160297960167256,-65.71350658020789,-42.46607,4,0,0.4211,1,1
6.363200157880783,44542.40110516548,18.16027880500082,-65.71350779091735,-54.401134,0,0,-11.514,1,3
6.363200157880783,44542.40110516548,18.160278786096644,-65.71350853753057,-42.558784,4,0,0.3284,1,1
6.363400157541037,44543.801102787256,18.160266004278814,-65.71350985288792,-42.445686,4,0,0.4415,1,1
6.363500155508518,44544.50108855963,18.16025961386864,-65.71351050402413,-42.49034,4,0,0.3968,1,1
6.36360015720129,44545.20110040903,18.160253241651706,-65.71351042948136,-54.04423,0,0,-11.1571,3,3
6.36360015720129,44545.20110040903,18.160253223656284,-65.71351114445646,-42.703552,4,0,0.1836,1,1
6.363700158894062,44545.901112258434,18.16024683303903,-65.71351180339992,-42.621708,4,0,0.2655,1,1
6.363800156861544,44546.601098030806,18.16024044316627,-65.71351244911376,-42.747715,4,0,0.1395,1,1
6.363800156861544,44546.601098030806,18.160240443110723,-65.7135124510461,-42.717075,4,0,0.1701,1,1
6.363800156861544,44546.601098030806,18.16024046307595,-65.71351165866247,-55.285538,0,0,-12.3984,0,0
6.363900158554316,44547.30110988021,18.160234052493426,-65.71351311880001,-42.49248,4,0,0.3947,1,1
6.364000167697668,44548.00117388368,18.160227662158263,-65.71351376461391,-42.61503,4,0,0.2721,1,1
6.364200167357922,44549.40117150545,18.160214882817,-65.71351506439188,-42.72447,4,0,0.1627,1,1
6.364500168710947,44551.50118097663,18.16019571450641,-65.7135170180757,-42.81404,4,0,0.0731,1,1
6.364500168710947,44551.50118097663,18.16019573268132,-65.71351629691631,-54.252743,0,0,-11.3656,1,3
6.364600166678429,44552.201166749,18.160189015519546,-65.71353001638072,153.01117,0,0,195.8983,0,0
6.364800166338682,44553.601164370775,18.160176547519907,-65.71351897264346,-42.876167,4,0,0.011,1,1
6.3651001788675785,44555.70125207305,18.1601573801306,-65.71352094646288,-42.621826,4,0,0.2653,1,1
6.3651001788675785,44555.70125207305,18.160157380127742,-65.71352094656235,-42.620247,4,0,0.2669,1,1
6.36520017683506,44556.40123784542,18.16015099184763,-65.7135215971287,-42.648956,4,0,0.2382,1,1
6.36520017683506,44556.40123784542,18.16015099231041,-65.71352158103241,-42.904175,4,0,-0.017,1,1
6.365300178527832,44557.10124969482,18.160144603714105,-65.71352223852544,-42.822067,4,0,0.0651,1,1
6.365400176495314,44557.8012354672,18.160138215363013,-65.71352289990627,-42.67657,4,0,0.2106,1,1
6.365400176495314,44557.8012354672,18.16013821525725,-65.7135229035849,-42.61824,4,0,0.2689,1,1
6.365600176155567,44559.20123308897,18.16012543915848,-65.71352420952753,-42.590275,4,0,0.2969,1,1
6.365600176155567,44559.20123308897,18.16012543931727,-65.71352420400518,-42.677837,4,0,0.2093,1,1
6.36590014770627,44561.30103394389,18.160106296062285,-65.7135254375438,-54.128716,0,0,-11.2415,0,3
6.36590014770627,44561.30103394389,18.16010627765873,-65.71352616654727,-42.56571,4,0,0.3215,1,1
6.36590014770627,44561.30103394389,18.160106277786404,-65.71352616210689,-42.636112,4,0,0.2511,1,1
6.36590014770627,44561.30103394389,18.160106277895544,-65.71352615831132,-42.696293,4,0,0.1909,1,1
6.366300147026777,44564.10102918744,18.16008069895228,-65.71352881528918,-42.600414,4,0,0.2868,1,1
6.366300147026777,44564.10102918744,18.16008074637372,-65.71352693478444,-72.427826,0,0,-29.5407,0,0
6.36640015617013,44564.80109319091,18.16007431374476,-65.71352944623753,-42.88034,4,0,0.0068,1,1
6.36640015617013,44564.80109319091,18.16007431303426,-65.71352947984138,-42.34712,4,0,0.54,1,1
6.366500157862902,44565.50110504031,18.1600679278334,-65.71353012214361,-42.445408,4,0,0.4418,1,1
6.366600155830383,44566.20109081268,18.16006154311582,-65.71353076872745,-42.473797,4,0,0.4134,1,1
6.366700157523155,44566.90110266209,18.16005515829677,-65.71353141450354,-42.514168,4,0,0.373,1,1
6.366700157523155,44566.90110266209,18.160055184125127,-65.71353039177103,-58.73607,0,0,-15.8489,1,0
6.366800155490637,44567.60108843446,18.16004877405661,-65.71353205227156,-42.67995,4,0,0.2072,1,1
6.366800155490637,44567.60108843446,18.16004879447564,-65.71353124435099,-55.49462,0,0,-12.6075,1,0
6.367000158876181,44569.00111213327,18.160036004559714,-65.71353335814854,-42.527744,4,0,0.3594,1,1
6.367300156503916,44571.10109552741,18.16001685248905,-65.71353528599325,-42.781445,4,0,0.1057,1,1
6.367300156503916,44571.10109552741,18.16001685210207,-65.7135352994496,-42.56808,4,0,0.3191,1,1
6.367300156503916,44571.10109552741,18.16001687225144,-65.71353450096854,-55.233047,0,0,-12.3459,1,0
6.367400158196688,44571.801107376814,18.16001046822106,-65.71353593897119,-42.699833,4,0,0.1873,1,1
6.367500156164169,44572.50109314919,18.16000408435494,-65.7135365898384,-42.650288,4,0,0.2369,1,1
6.367500156164169,44572.50109314919,18.160004084328577,-65.71353659075501,-42.635754,4,0,0.2514,1,1
6.367500156164169,44572.50109314919,18.16000410236463,-65.71353587467716,-53.99374,0,0,-11.1066,1,3
6.367600165307522,44573.20115715265,18.159997699863613,-65.71353724129068,-42.591618,4,0,0.2956,1,1
6.368100166320801,44576.701164245605,18.15996578246808,-65.713540473876,-42.670815,4,0,0.2164,1,1
6.368300165981054,44578.10116186738,18.15995301589893,-65.71354177874343,-42.508644,4,0,0.3785,1,1
6.368400167673826,44578.80117371678,18.159946632842523,-65.71354242404705,-42.53958,4,0,0.3476,1,1
6.368400167673826,44578.80117371678,18.159946633048893,-65.71354241687234,-42.653343,4,0,0.2338,1,1
6.368700176477432,44580.901235342026,18.15992748394381,-65.71354435906616,-42.64247,4,0,0.2447,1,1
6.368700176477432,44580.901235342026,18.15992748390298,-65.71354436048604,-42.61996,4,0,0.2672,1,1
6.368800178170204,44581.60124719143,18.159921119575177,-65.71354427846931,-54.184067,0,0,-11.2969,0,3
6.368800178170204,44581.60124719143,18.15992110111603,-65.71354500909884,-42.595444,4,0,0.2917,1,1
6.368900176137686,44582.3012329638,18.159914718942098,-65.71354564770976,-42.728447,4,0,0.1587,1,1
6.369000177830458,44583.0012448132,18.159908336179218,-65.71354630158096,-42.61921,4,0,0.268,1,1
6.369100175797939,44583.701230585575,18.15990195419226,-65.71354693970682,-42.758602,4,0,0.1286,1,1
6.369100175797939,44583.701230585575,18.15990195403352,-65.71354694522545,-42.6711,4,0,0.2161,1,1
6.36930014565587,44585.10101959109,18.159889193336127,-65.71354816516552,-43.83866,4,0,-0.9515,0,0
6.36930014565587,44585.10101959109,18.159889191077795,-65.71354825255793,-42.4526,4,0,0.4346,1,1
6.36930014565587,44585.10101959109,18.15988919352984,-65.7135481584319,-43.945427,4,0,-1.0583,0,0
6.369500149041414,44586.5010432899,18.159876426912387,-65.71354953922118,-42.563,4,0,0.3242,1,1
6.369600147008896,44587.20102906227,18.159870045149,-65.713550183881,-42.595974,4,0,0.2912,1,1
6.369800146669149,44588.601026684046,18.159857281301505,-65.71355148427331,-42.485294,4,0,0.4019,1,1
6.370100155472755,44590.70108830929,18.15983813619709,-65.7135534108611,-42.697517,4,0,0.1897,1,1
6.370200157165527,44591.40110015869,18.15983175455252,-65.71355405892737,-42.674282,4,0,0.2129,1,1
6.370500158518553,44593.50110962987,18.15981261014592,-65.71355600774379,-42.529022,4,0,0.3581,1,1
6.370500158518553,44593.50110962987,18.15981261023208,-65.71355601363697,-42.43518,4,0,0.452,1,1
6.370600156486034,44594.20109540224,18.159806229133054,-65.71355665174768,-42.568592,4,0,0.3186,1,1
6.371000166982412,44597.00116887689,18.15978070420085,-65.71355924868368,-42.394455,4,0,0.4927,1,1
6.371000166982412,44597.00116887689,18.15978070410684,-65.71355924306361,-42.483967,4,0,0.4032,1,1
6.371300168335438,44599.101178348064,18.15976156184373,-65.71356116846559,-42.70511,4,0,0.1821,1,1
6.371300168335438,44599.101178348064,18.159761561653408,-65.71356117507882,-42.60025,4,0,0.2869,1,1
6.371500167995691,44600.50117596984,18.159748800330853,-65.71356246676993,-42.618763,4,0,0.2684,1,1
6.371500167995691,44600.50117596984,18.159748821211497,-65.713561643493,-55.676556,0,0,-12.7894,0,3
6.371600165963173,44601.20116174221,18.159742419579008,-65.71356312275941,-42.466946,4,0,0.4202,1,1
6.371700167655945,44601.901173591614,18.15973603904181,-65.71356377380171,-42.39354,4,0,0.4936,1,1
6.371800176799297,44602.60123759508,18.15972965791948,-65.71356441274999,-42.51349,4,0,0.3737,1,1
6.371800176799297,44602.60123759508,18.159729657848874,-65.71356441520304,-42.474594,4,0,0.4126,1,1
6.371800176799297,44602.60123759508,18.159729658230606,-65.71356440194009,-42.684883,4,0,0.2023,1,1
6.372300177812576,44606.101244688034,18.159697756168136,-65.71356764224687,-42.55678,4,0,0.3304,1,1
6.37250017747283,44607.50124230981,18.1596849961243,-65.71356892399466,-42.734406,4,0,0.1528,1,1
6.372800149023533,44609.60104316473,18.159665857280608,-65.71357087667376,-42.52311,4,0,0.3641,1,1
6.372900146991015,44610.3010289371,18.15965947750661,-65.71357152821174,-42.44336,4,0,0.4438,1,1
6.373000148683786,44611.001040786505,18.159653097208096,-65.71357217323792,-42.468365,4,0,0.4188,1,1
6.373100146651268,44611.70102655888,18.159646718135946,-65.71357279400118,-42.877613,4,0,0.0096,1,1
6.37320014834404,44612.40103840828,18.15964033755061,-65.71357346026849,-42.56613,4,0,0.321,1,1
6.37320014834404,44612.40103840828,18.159640337546385,-65.71357346929807,-42.42256,4,0,0.4646,1,1
6.373300157487392,44613.10110241175,18.159633957327262,-65.71357409862833,-42.698284,4,0,0.1889,1,1
6.373600158840418,44615.201111882925,18.159614644899246,-65.71358291344004,66.343346,0,0,109.2305,0,0
6.373800158500671,44616.6011095047,18.15960205806693,-65.71357734002827,-42.574654,4,0,0.3125,1,1
6.373900156468153,44617.30109527707,18.15959567860441,-65.7135779824538,-42.644016,4,0,0.2432,1,1
6.373900156468153,44617.30109527707,18.15959569700632,-65.71357725455621,-54.188965,1,0,-11.3018,1,3
6.374100156128407,44618.701092898846,18.159582919262373,-65.71357927591957,-42.64822,4,0,0.2389,1,1
6.374300166964531,44620.10116875172,18.15957015892453,-65.71358057973481,-42.492023,4,0,0.3951,1,1
6.374400168657303,44620.80118060112,18.159563779530696,-65.71358121509795,-42.676743,4,0,0.2104,1,1
6.374400168657303,44620.80118060112,18.159563779562664,-65.71358121398784,-42.69434,4,0,0.1928,1,1
6.3745001666247845,44621.50116637349,18.159557400113112,-65.71358186008581,-42.709145,4,0,0.178,1,1
6.374600168317556,44622.201178222895,18.159551020229937,-65.71358251353546,-42.608463,4,0,0.2787,1,1
6.374600168317556,44622.201178222895,18.159551020329435,-65.71358251008037,-42.663242,4,0,0.2239,1,1
6.374700166285038,44622.90116399527,18.159544640858204,-65.71358315793262,-42.651638,4,0,0.2355,1,1
6.375000167638063,44625.00117346645,18.15952550187152,-65.71358510732519,-42.52959,4,0,0.3576,1,1
6.375100165605545,44625.701159238815,18.15951912240464,-65.71358575646798,-42.500618,4,0,0.3866,1,1
6.375300168991089,44627.10118293762,18.159506363188846,-65.71358705765714,-42.399506,4,0,0.4877,1,1
6.375400178134441,44627.80124694109,18.159499983055028,-65.7135876969882,-42.530205,4,0,0.357,1,1
6.375500176101923,44628.50123271346,18.15949360377024,-65.71358834938475,-42.45269,4,0,0.4345,1,1
6.375800177454948,44630.60124218464,18.159474465015887,-65.71359029489096,-42.412968,4,0,0.4742,1,1
6.37590017914772,44631.30125403404,18.159468103385176,-65.71359021963347,-53.881405,1,0,-10.9942,1,3
6.376000177115202,44632.001239806414,18.159461706145468,-65.7135915750434,-42.658836,4,0,0.2283,1,1
6.376100149005652,44632.70104303956,18.159455332214165,-65.71359207220199,-45.04699,4,0,-2.1598,0,0
6.376200146973133,44633.40102881193,18.15944894874845,-65.71359287803459,-42.543247,4,0,0.3439,1,1
6.376200146973133,44633.40102881193,18.15944894865753,-65.7135928811907,-42.493206,4,0,0.394,1,1
6.376300148665905,44634.101040661335,18.15944257689016,-65.71359321919965,-47.410652,4,0,-4.5235,0,0
6.376400146633387,44634.801026433706,18.15943620051348,-65.71359374287776,-49.384224,1,0,-6.4971,0,0
6.37660014629364,44636.20102405548,18.15942344219246,-65.71359500965413,-49.854614,1,0,-6.9674,0,0
6.377000156790018,44639.00109753013,18.15939791118039,-65.71359807104132,-42.439186,4,0,0.448,1,1
6.37710015848279,44639.70110937953,18.159391531372982,-65.71359871096105,-42.577984,4,0,0.3092,1,1
6.37710015848279,44639.70110937953,18.15939153120419,-65.71359872569519,-42.34397,4,0,0.5432,1,1
6.377400156110525,44641.80109277368,18.159372392102664,-65.71360067312911,-42.327263,4,0,0.5599,1,1
6.377400156110525,44641.80109277368,18.1593723919795,-65.71360067740333,-42.259495,4,0,0.6277,1,1
6.377600155770779,44643.20109039545,18.159359632818163,-65.71360195174337,-42.63517,4,0,0.252,1,1
6.377700157463551,44643.90110224485,18.159353252640948,-65.71360260860021,-42.5129,4,0,0.3743,1,1
6.3781001679599285,44646.7011757195,18.15932773238801,-65.71360521085708,-42.436886,4,0,0.4503,1,1
6.3781001679599285,44646.7011757195,18.159327732211302,-65.71360521698868,-42.33967,4,0,0.5475,1,1
6.37820016592741,44647.40116149187,18.159321352299703,-65.71360586762752,-42.322704,4,0,0.5645,1,1
6.37820016592741,44647.40116149187,18.159321352405275,-65.71360585509022,-42.521885,4,0,0.3653,1,1
6.378400165587664,44648.801159113646,18.15930859225608,-65.71360715587403,-42.50062,4,0,0.3865,1,1
6.37870017811656,44650.90124681592,18.15928945106667,-65.71360910214837,-42.5592,4,0,0.328,1,1
6.37870017811656,44650.90124681592,18.159289451259003,-65.71360909547576,-42.66499,4,0,0.2222,1,1
6.378800176084042,44651.60123258829,18.159283070673727,-65.71360977061663,-42.268303,4,0,0.6189,1,1
6.3789001777768135,44652.301244437695,18.15927669038077,-65.71361040820115,-42.46984,4,0,0.4173,1,1
6.379000175744295,44653.00123021007,18.15927031036659,-65.71361105172147,-42.578087,4,0,0.3091,1,1
6.379100177437067,44653.70124205947,18.15926392981948,-65.713611703973,-42.549915,4,0,0.3373,1,1
6.379200179129839,44654.40125390887,18.15925754934675,-65.71361236094137,-42.4482,4,0,0.439,1,1
6.379200179129839,44654.40125390887,18.15925754929667,-65.71361235380625,-42.56173,4,0,0.3254,1,1
6.379800148308277,44658.60103815794,18.15921926754779,-65.7136162570746,-42.59635,4,0,0.2908,1,1
6.379900146275759,44659.30102393031,18.159212886880702,-65.71361690788413,-42.604298,4,0,0.2829,1,1
6.380000147968531,44660.00103577972,18.15920650567717,-65.7136175671556,-42.48025,4,0,0.4069,1,1
6.380200158804655,44661.401111632586,18.15919374310398,-65.71361886908883,-42.501675,4,0,0.3855,1,1
6.380200158804655,44661.401111632586,18.159193743217795,-65.71361886514151,-42.56426,4,0,0.3229,1,1
6.380400158464909,44662.80110925436,18.15918100551565,-65.71361920567166,-57.839733,0,0,-14.9526,1,0
6.380600158125162,44664.201106876135,18.159168219615907,-65.7136214398536,-43.089123,4,0,-0.202,1,0
6.380900155752897,44666.30109027028,18.159149074602546,-65.71362343207002,-42.532383,4,0,0.3548,1,1
6.380900155752897,44666.30109027028,18.15914907491852,-65.71362342111276,-42.706104,4,0,0.1811,1,1
6.380900155752897,44666.30109027028,18.159149093164544,-65.71362269968819,-54.148003,1,0,-11.2608,1,3
6.381200168281794,44668.40117797256,18.15912993436901,-65.7136251780205,-45.900276,4,0,-3.0131,0,0
6.381200168281794,44668.40117797256,18.15912997689717,-65.71362349047152,-72.66517,0,0,-29.778,0,0
6.381400167942047,44669.80117559433,18.15911716553801,-65.71362670297417,-42.428825,4,0,0.4583,1,1
6.381500165909529,44670.5011613667,18.15911078372544,-65.7136273577769,-42.40385,4,0,0.4833,1,1
6.381500165909529,44670.5011613667,18.15911078366004,-65.71362735117549,-42.508915,4,0,0.3783,1,1
6.381600167602301,44671.201173216105,18.15910440269273,-65.71362796587287,-43.1222,4,0,-0.235,1,0
6.3817001692950726,44671.90118506551,18.1590980193902,-65.71362865892159,-42.4953,4,0,0.3919,1,1
6.38210016861558,44674.70118030906,18.15907249057896,-65.71363126806794,-42.59264,4,0,0.2945,1,1
6.38210016861558,44674.70118030906,18.159072490430493,-65.71363127321523,-42.511036,4,0,0.3761,1,1
6.382200166583061,44675.40116608143,18.159066108332528,-65.71363191904288,-42.642807,4,0,0.2444,1,1
6.382300175726414,44676.101230084896,18.159059744463992,-65.71363180783779,-54.78465,1,0,-11.8975,1,3
6.3825001791119576,44677.5012537837,18.15904695948779,-65.71363389547862,-42.434837,4,0,0.4523,1,1
6.382800176739693,44679.60123717785,18.15902781092919,-65.71363584800645,-42.624695,4,0,0.2625,1,1
6.383200146257877,44682.40102380514,18.15900228056601,-65.71363844718933,-42.97137,4,0,-0.0842,1,1
6.383300147950649,44683.10103565455,18.158995896447145,-65.71363912144733,-42.676727,4,0,0.2104,1,1
6.384000156074762,44688.00109252334,18.15895120881382,-65.71364371477554,-42.68248,4,0,0.2047,1,1
6.384200155735016,44689.40109014511,18.158938457752942,-65.7136443299722,-53.76195,4,0,-10.8748,1,3
6.384200155735016,44689.40109014511,18.15893845753224,-65.71364433762146,-53.64068,4,0,-10.7535,1,3
6.384600166231394,44692.20116361976,18.158912900565607,-65.71364766701076,-42.538437,4,0,0.3487,1,1
6.384700167924166,44692.90117546916,18.15890651604963,-65.71364830631083,-42.830322,4,0,0.0568,1,1
6.384800165891647,44693.60116124153,18.158899465493857,-65.71367535467661,375.75412,0,0,418.6413,0,0
6.384800165891647,44693.60116124153,18.15890013084557,-65.71364897394663,-42.674942,4,0,0.2122,1,1
6.384900167584419,44694.301173090935,18.15889340185964,-65.71366326230596,173.51144,0,0,216.3986,0,0
6.384900167584419,44694.301173090935,18.15889374550564,-65.71364963431114,-42.637615,4,0,0.2496,1,1
6.384900167584419,44694.301173090935,18.158893746386337,-65.71364960379128,-43.12149,4,0,-0.2343,1,0
6.384900167584419,44694.301173090935,18.158893745671826,-65.71364962855192,-42.728924,4,0,0.1582,1,1
6.385200168937445,44696.40118256211,18.15887458912385,-65.71365161328417,-42.573208,4,0,0.314,1,1
6.385300166904926,44697.10116833448,18.158868203611384,-65.71365227248846,-42.563473,4,0,0.3237,1,1
6.385400168597698,44697.80118018389,18.158861817808887,-65.71365292960735,-42.589603,4,0,0.2976,1,1
6.385400168597698,44697.80118018389,18.158861817814724,-65.71365292940517,-42.592808,4,0,0.2944,1,1
6.385600179433823,44699.20125603676,18.15884904525749,-65.71365424598201,-42.616158,4,0,0.271,1,1
6.385700177401304,44699.90124180913,18.15884265913618,-65.7136549104401,-42.532818,4,0,0.3544,1,1
6.385800179094076,44700.60125365853,18.15883627311586,-65.71365555914426,-42.702076,4,0,0.1851,1,1
6.385900177061558,44701.3012394309,18.15882988680019,-65.71365622223837,-42.645245,4,0,0.2419,1,1
6.385900177061558,44701.3012394309,18.158829886851294,-65.71365622046753,-42.67332,4,0,0.2138,1,1
6.38600017875433,44702.00125128031,18.15882350014096,-65.71365689378561,-42.45683,4,0,0.4303,1,1
6.386100176721811,44702.70123705268,18.158817113774184,-65.71365754157574,-42.647938,4,0,0.2392,1,1
6.386100176721811,44702.70123705268,18.15881711462637,-65.71365751204935,-43.116062,4,0,-0.2289,1,0
6.386100176721811,44702.70123705268,18.158817113462952,-65.71365755235968,-42.476967,4,0,0.4102,1,1
6.386400148272514,44704.8010379076,18.15879793969708,-65.71365949475083,-42.580025,4,0,0.3071,1,1
6.386400148272514,44704.8010379076,18.158797941047144,-65.7136594479745,-43.321632,4,0,-0.4345,1,0
6.386500146239996,44705.50102367997,18.158791571741634,-65.71365944655408,-53.853107,4,0,-10.9659,1,3
6.386500146239996,44705.50102367997,18.15879155367141,-65.71366016124382,-42.51817,4,0,0.369,1,1
6.386600147932768,44706.201035529375,18.158785167549667,-65.71366081860238,-42.604015,4,0,0.2832,1,1
6.386600147932768,44706.201035529375,18.15878517604222,-65.71366048892128,-47.832497,3,0,-4.9453,0,0
6.3867001459002495,44706.90102130175,18.15877878160576,-65.71366147373865,-42.72719,4,0,0.16,1,1
6.387000158429146,44709.00110900402,18.1587596213826,-65.71366345489207,-42.863914,4,0,0.0233,1,1
6.387000158429146,44709.00110900402,18.158759620682968,-65.71366347913055,-42.479633,4,0,0.4075,1,1
6.387200158089399,44710.4011066258,18.15874684766725,-65.71366478089949,-42.883457,4,0,0.0037,1,1
6.387400157749653,44711.80110424757,18.158734090992404,-65.71366541005658,-53.96495,4,0,-11.0778,3,3
6.387400157749653,44711.80110424757,18.15873409093516,-65.71366541203977,-53.933506,4,0,-11.0463,3,3
6.38780015707016,44714.60109949112,18.158708523448944,-65.71366875680701,-43.03452,4,0,-0.1474,1,1
6.387900158762932,44715.30111134052,18.158702134582203,-65.71366945990525,-42.426765,4,0,0.4604,1,1
6.388000167906284,44716.00117534399,18.158695764122832,-65.71366939791986,-53.95693,4,0,-11.0698,2,3
6.388000167906284,44716.00117534399,18.15869574597704,-65.71367011508684,-42.582714,4,0,0.3045,1,1
6.388000167906284,44716.00117534399,18.15869574598304,-65.71367012373756,-42.44516,4,0,0.442,1,1
6.38830016925931,44718.10118481517,18.158676128174218,-65.71369004888011,241.92886,0,0,284.816,0,0
6.38830016925931,44718.10118481517,18.158676580650656,-65.71367211653137,-42.49205,4,0,0.3951,1,1
6.388400167226791,44718.80117058754,18.158670192166955,-65.71367279078937,-42.353207,4,0,0.534,1,1
6.388600166887045,44720.201168209314,18.15865741758825,-65.71367399835198,-44.31942,3,0,-1.4323,0,0
6.388700168579817,44720.90118005872,18.15865102543372,-65.71367478578375,-42.39343,4,0,0.4937,1,1
6.388700168579817,44720.90118005872,18.158651025392484,-65.71367478721187,-42.370785,4,0,0.5164,1,1
6.388800166547298,44721.60116583109,18.158644636431333,-65.71367544074829,-42.570805,4,0,0.3164,1,1
6.38890016824007,44722.30117768049,18.158637814591867,-65.71369324491216,229.24863,0,0,272.1358,0,0
6.38890016824007,44722.30117768049,18.15863824701232,-65.71367611468943,-42.44927,4,0,0.4379,1,1
6.389100179076195,44723.70125353336,18.158625467010225,-65.71367744490716,-42.495323,4,0,0.3918,1,1
6.389900147914887,44729.301035404205,18.158574346420465,-65.71368278253873,-42.49728,4,0,0.3899,1,1
6.390000145882368,44730.00102117658,18.15856795583164,-65.71368344021955,-42.659023,4,0,0.2281,1,1
6.390200149267912,44731.40104487538,18.15855517291249,-65.71368478370249,-42.544228,4,0,0.3429,1,1
6.390500158071518,44733.50110650063,18.15853599753908,-65.71368678545932,-42.602753,4,0,0.2844,1,1
6.390600156039,44734.201092273,18.15852960559024,-65.71368746732585,-42.39407,4,0,0.4931,1,1
6.390600156039,44734.201092273,18.15852960566058,-65.71368745603323,-42.57351,4,0,0.3137,1,1
6.390600156039,44734.201092273,18.158529605725413,-65.71368745378795,-42.609108,4,0,0.2781,1,1
6.390700157731772,44734.9011041224,18.1585232136855,-65.71368811636293,-42.709282,4,0,0.1779,1,1
6.390700157731772,44734.9011041224,18.158523213517974,-65.7136881310222,-42.476467,4,0,0.4107,1,1
6.390800159424543,44735.60111597181,18.15851682107436,-65.71368879333701,-42.583363,4,0,0.3038,1,1
6.391100157052279,44737.70109936595,18.15849764350131,-65.7136907968718,-42.65217,4,0,0.235,1,1
6.39120015874505,44738.40111121535,18.158491250511585,-65.71369146523548,-42.67142,4,0,0.2157,1,1
6.391600169241428,44741.20118469,18.158465676824896,-65.71369413540965,-42.822113,4,0,0.0651,1,1
6.391600169241428,44741.20118469,18.15846570005496,-65.7136932158201,-57.406864,1,0,-14.5197,0,0
6.391800168901682,44742.60118231177,18.158452888652224,-65.71369549571209,-42.509686,4,0,0.3775,1,1
6.391900166869164,44743.30116808415,18.158446495063973,-65.7136961543872,-42.696873,4,0,0.1903,1,1
6.392000168561935,44744.00117993355,18.158440100716177,-65.71369682556326,-42.688316,4,0,0.1989,1,1
6.392000168561935,44744.00117993355,18.158440102761425,-65.71369674588227,-43.952015,4,0,-1.0648,0,0
6.392200168222189,44745.40117755532,18.158427311456183,-65.71369817889669,-42.50282,4,0,0.3843,1,1
6.392300166189671,44746.101163327694,18.158420916950856,-65.71369884693918,-42.54964,4,0,0.3375,1,1
6.392400179058313,44746.80125340819,18.158414521422586,-65.71369951187924,-42.649235,4,0,0.2379,1,1
6.392600178718567,44748.20125102997,18.15840173229228,-65.71370081569523,-43.26485,4,0,-0.3777,0,0
6.392600178718567,44748.20125102997,18.158401730905847,-65.71370086370527,-42.50368,4,0,0.3835,1,1
6.392600178718567,44748.20125102997,18.158401730802904,-65.71370087612665,-42.306343,4,0,0.5808,1,1
6.39280017837882,44749.60124865174,18.15838896091622,-65.71370138465147,-55.54354,1,0,-12.6564,0,0
6.393200147897005,44752.40103527904,18.158363358168145,-65.71370489879516,-42.433426,4,0,0.4537,1,1
6.393300149589777,44753.10104712844,18.15835696152506,-65.71370556704086,-42.49728,4,0,0.3899,1,1
6.393300149589777,44753.10104712844,18.158356961885342,-65.71370555456511,-42.695076,4,0,0.1921,1,1
6.393400147557259,44753.80103290081,18.15835056525712,-65.71370624251342,-42.44722,4,0,0.4399,1,1
6.393500149250031,44754.50104475021,18.158344168056423,-65.71370692747222,-42.249416,4,0,0.6378,1,1
6.393500149250031,44754.50104475021,18.15834420588604,-65.71370542268644,-66.1158,0,0,-23.2286,0,0
6.393600147217512,44755.201030522585,18.158337771669903,-65.71370758673112,-42.460514,4,0,0.4267,1,1
6.393900156021118,44757.30109214783,18.15831857917989,-65.71370961015332,-42.382713,4,0,0.5434,1,1
6.393900156021118,44757.30109214783,18.158318579066524,-65.71370961407911,-42.320473,4,0,0.6056,1,1
6.394100159406662,44758.70111584664,18.15830578362981,-65.71371095662494,-42.378727,4,0,0.5474,1,1
6.394100159406662,44758.70111584664,18.15830578359654,-65.71371095777708,-42.36046,4,0,0.5656,1,1
6.394200157374144,44759.401101619005,18.15829938685564,-65.71371158593115,-43.07586,4,0,-0.1498,1,1
6.394200157374144,44759.401101619005,18.158299385888093,-65.71371161943486,-42.544674,4,0,0.3814,1,1
6.394300159066916,44760.10111346841,18.158292987780182,-65.71371229864242,-42.451973,4,0,0.4741,1,1
6.394700158387423,44762.90110871196,18.15826739347332,-65.71371500372499,-42.285313,4,0,0.6408,1,1
6.394800167530775,44763.60117271543,18.15826101174667,-65.71371497294395,-53.462837,4,0,-10.5368,1,3
6.394900169223547,44764.30118456483,18.158254595091226,-65.71371633062007,-42.62022,4,0,0.3059,1,1
6.394900169223547,44764.30118456483,18.158254595170355,-65.71371632788018,-42.66366,4,0,0.2624,1,1
6.394900169223547,44764.30118456483,18.158254595049225,-65.71371634093086,-42.456345,4,0,0.4697,1,1
6.395000167191029,44765.0011703372,18.15824819581825,-65.7137170091295,-42.550327,4,0,0.3758,1,1
6.395200166851282,44766.401167958975,18.158235396759064,-65.71371836722281,-42.398323,4,0,0.5278,1,1
6.395300168544054,44767.10117980838,18.158228996851584,-65.71371903329751,-42.53117,4,0,0.3949,1,1
6.395400166511536,44767.80116558075,18.158222596933435,-65.71371971991512,-42.338676,4,0,0.5874,1,1
6.395400166511536,44767.80116558075,18.15822259718317,-65.71371971126729,-42.475784,4,0,0.4503,1,1
6.395700179040432,44769.901253283024,18.158203400726347,-65.71372151918922,-45.90661,4,0,-2.9805,0,0
6.395700179040432,44769.901253283024,18.158203395472057,-65.71372172770546,-42.599457,4,0,0.3266,1,1
6.396200176328421,44773.401234298944,18.158171407900767,-65.71372443141107,-53.252625,4,0,-10.3265,1,3
6.396400175988674,44774.80123192072,18.1581586036778,-65.71372582137546,-52.63168,3,0,-9.7056,1,0
6.396500177681446,44775.50124377012,18.158152185631213,-65.71372713520061,-42.508327,4,0,0.4178,1,1
6.396700147539377,44776.90103277564,18.15813938354392,-65.71372848282188,-42.563736,4,0,0.3624,1,1
6.397100146859884,44779.70102801919,18.15811377337193,-65.71373118345471,-42.611343,4,0,0.3147,1,1
6.397700157016516,44783.90109911561,18.15807535239636,-65.71373525086112,-42.4598,4,0,0.4663,1,1
6.397800158709288,44784.60111096501,18.158068948320626,-65.71373592777508,-42.45438,4,0,0.4717,1,1
6.397800158709288,44784.60111096501,18.158068948334964,-65.71373591842087,-42.603092,4,0,0.323,1,1
6.397900156676769,44785.301096737385,18.1580625444104,-65.71373660163178,-42.498165,4,0,0.4279,1,1
6.398000158369541,44786.00110858679,18.15805615196581,-65.71373680261362,-50.043587,3,0,-7.1175,0,0
6.398100167512894,44786.701172590256,18.158049734938416,-65.71373794810965,-42.61063,4,0,0.3155,1,1
6.398200169205666,44787.40118443966,18.15804279008705,-65.71376003317617,296.9528,0,0,339.8789,0,0
6.398200169205666,44787.40118443966,18.158043330155447,-65.71373863621648,-42.43175,4,0,0.4943,1,1
6.398400168865919,44788.80118206144,18.1580305204773,-65.71373999035335,-42.427567,4,0,0.4985,1,1
6.398800168186426,44791.60117730498,18.158004899170862,-65.71374269184867,-42.539124,4,0,0.387,1,1
6.39900016784668,44793.00117492676,18.157992087327976,-65.71374406464345,-42.250465,4,0,0.6756,1,1
6.399200167506933,44794.40117254853,18.15797927573866,-65.71374538951471,-42.72605,4,0,0.2,1,1
6.399200167506933,44794.40117254853,18.157979275364585,-65.7137454024715,-42.520622,4,0,0.4055,1,1
6.399400178343058,44795.8012484014,18.15796647961385,-65.71374606188118,-53.554874,4,0,-10.6288,1,3
6.399400178343058,44795.8012484014,18.15796646180828,-65.7137467583447,-42.508934,4,0,0.4172,1,1
6.399400178343058,44795.8012484014,18.15796646200059,-65.71374676054255,-42.473682,4,0,0.4524,1,1
6.399400178343058,44795.8012484014,18.15796647971034,-65.7137460585394,-53.607857,4,0,-10.6818,1,3
6.399500176310539,44796.501234173775,18.15796006145584,-65.71374719569637,-46.319187,4,0,-3.3931,0,0
6.399500176310539,44796.501234173775,18.15796005543437,-65.71374743084242,-42.589767,4,0,0.3363,1,1
6.399700179696083,44797.90125787258,18.157947241646024,-65.71374877740561,-42.72987,4,0,0.1962,1,1
6.399800177663565,44798.60124364495,18.15794083432621,-65.7137494669818,-42.542294,4,0,0.3838,1,1
6.400200147181749,44801.401030272245,18.157915206401142,-65.71375217626152,-42.57416,4,0,0.3519,1,1
6.400300148874521,44802.10104212165,18.15790881615961,-65.7137521605844,-53.575886,4,0,-10.6498,1,3
6.400700159370899,44804.90111559629,18.157883164801923,-65.71375556922953,-42.53338,4,0,0.3927,1,1
6.400800157338381,44805.601101368666,18.15787675652307,-65.71375625019238,-42.488567,4,0,0.4375,1,1
6.401000156998634,44807.00109899044,18.157863956628223,-65.71375690553806,-53.608624,4,0,-10.6825,1,3
6.401100158691406,44807.70111083984,18.1578575296606,-65.71375828190463,-42.53699,4,0,0.3891,1,1
6.40130015835166,44809.10110846162,18.157844711228005,-65.71375964782189,-42.389545,4,0,0.5365,1,1
6.40130015835166,44809.10110846162,18.15784471140498,-65.71375963283018,-42.627644,4,0,0.2984,1,1
6.401500158011913,44810.50110608339,18.157831911434872,-65.71376024250583,-54.476654,4,0,-11.5506,1,3
6.401600159704685,44811.2011179328,18.157825482679936,-65.71376166581518,-42.662582,4,0,0.2635,1,1
6.401800166815519,44812.60116770864,18.15781266937416,-65.71376274597507,-47.052883,3,0,-4.1268,0,0
6.401900168508291,44813.30117955804,18.15780625224591,-65.71376369934616,-42.693207,4,0,0.2329,1,1
6.402100168168545,44814.70117717981,18.15779343492533,-65.71376492519195,-44.77411,4,0,-1.848,0,0
6.402200166136026,44815.401162952185,18.15778702099412,-65.71376574465873,-42.538834,4,0,0.3873,1,1
6.40240016952157,44816.80118665099,18.15777419935476,-65.713767100183,-42.565052,4,0,0.361,1,1
6.402500178664923,44817.50125065446,18.157767787882324,-65.71376777861863,-42.568604,4,0,0.3575,1,1
6.402500178664923,44817.50125065446,18.15776778980513,-65.71376770312723,-43.765934,4,0,-0.8398,0,0
6.403000179678202,44821.00125774741,18.157735731512822,-65.71377117035001,-42.591434,4,0,0.3347,1,1
6.403000179678202,44821.00125774741,18.157735731558105,-65.71377116878078,-42.616318,4,0,0.3098,1,1
6.403100177645683,44821.70124351978,18.15772933733222,-65.71377116875368,-53.380386,4,0,-10.4543,1,3
6.403100177645683,44821.70124351978,18.157729320015022,-65.71377185751275,-42.45599,4,0,0.4701,1,1
6.403200179338455,44822.40125536919,18.1577229084714,-65.71377251611983,-42.7746,4,0,0.1515,1,1
6.403200179338455,44822.40125536919,18.157722908089184,-65.71377252936583,-42.564583,4,0,0.3615,1,1
6.403200179338455,44822.40125536919,18.157722930290376,-65.7137716536108,-56.45463,3,0,-13.5285,1,0
6.403300177305937,44823.10124114156,18.15771649693176,-65.713773187576,-42.888756,4,0,0.0373,1,1
6.403300177305937,44823.10124114156,18.157716502457127,-65.71377296949768,-46.347633,4,0,-3.4215,0,0
6.403400178998709,44823.80125299096,18.15771008427143,-65.71377388552919,-42.583252,4,0,0.3428,1,1
6.403500147163868,44824.50103014708,18.15770367429614,-65.71377456065673,-42.636074,4,0,0.29,1,1
6.403500147163868,44824.50103014708,18.157703674293646,-65.71377456960711,-42.49376,4,0,0.4323,1,1
6.40360014885664,44825.20104199648,18.15769726190602,-65.71377525004763,-42.465965,4,0,0.4601,1,1
6.4037001468241215,44825.90102776885,18.15769084975294,-65.71377592664228,-42.49874,4,0,0.4273,1,1
6.403800148516893,44826.601039618254,18.157684454387763,-65.71377592055384,-53.359993,4,0,-10.4339,1,3
6.403900146484375,44827.30102539063,18.15767802469293,-65.713777277083,-42.608574,4,0,0.3175,1,1
6.403900146484375,44827.30102539063,18.15767804153768,-65.71377661346946,-53.133926,4,0,-10.2078,1,3
6.403900146484375,44827.30102539063,18.157678024523506,-65.71377728295568,-42.51546,4,0,0.4106,1,1
6.404100157320499,44828.701101243496,18.157665198587672,-65.71377864131222,-42.499916,4,0,0.4262,1,1
6.404100157320499,44828.701101243496,18.15766519862533,-65.71377863114223,-42.661568,4,0,0.2645,1,1
6.404300156980753,44830.10109886527,18.15765237530873,-65.71377989066916,-44.212162,4,0,-1.2861,0,0
6.404300156980753,44830.10109886527,18.15765237252483,-65.71378000489538,-42.400272,4,0,0.5258,1,1
6.404900159686804,44834.30111780763,18.157613892640573,-65.71378405023108,-42.81803,4,0,0.1081,1,1
6.405100166797638,44835.701167583466,18.15760106433606,-65.71378541811634,-42.64768,4,0,0.2784,1,1
6.405300166457892,44837.10116520524,18.1575882362835,-65.71378677827605,-42.59787,4,0,0.3282,1,1
6.405400168150663,44837.80117705464,18.15758184001538,-65.71378674608313,-53.869957,4,0,-10.9439,3,3
6.405500169843435,44838.50118890405,18.15757540780268,-65.71378814308117,-42.47294,4,0,0.4531,1,1
6.405700169503689,44839.90118652582,18.157562579214183,-65.71378949840347,-42.49684,4,0,0.4292,1,1
6.405700169503689,44839.90118652582,18.15756257923594,-65.71378948878241,-42.649788,4,0,0.2763,1,1
6.406000167131424,44842.00116991997,18.15754333567552,-65.71379153544048,-42.46499,4,0,0.4611,1,1
6.406200177967548,44843.40124577284,18.15753050569527,-65.7137928754988,-42.72799,4,0,0.1981,1,1
6.406200177967548,44843.40124577284,18.15753050556897,-65.71379287987784,-42.65856,4,0,0.2675,1,1
6.40630017966032,44844.10125762224,18.15752421847557,-65.71379353086917,-42.6353,4,0,0.2908,1,1
6.406400177627802,44844.80124339461,18.15751779546214,-65.71379421022564,-42.645813,4,0,0.2803,1,1
6.40700014680624,44849.00102764368,18.15747927347909,-65.71379763299554,-53.05768,4,0,-10.1316,1,3
6.40700014680624,44849.00102764368,18.15747925687354,-65.71379828866459,-42.658134,4,0,0.268,1,1
6.407100148499012,44849.70103949309,18.15747284994676,-65.7137983041831,-53.193794,4,0,-10.2677,1,3
6.407100148499012,44849.70103949309,18.157472833079325,-65.71379897782468,-42.508873,4,0,0.4172,1,1
6.407200146466494,44850.401025265455,18.157466409812475,-65.71379963711814,-42.832855,4,0,0.0932,1,1
6.407300159335136,44851.10111534596,18.15745998512166,-65.71380031956605,-42.790176,4,0,0.1359,1,1
6.407300159335136,44851.10111534596,18.157459984974288,-65.71380032467707,-42.709137,4,0,0.2169,1,1
6.407400157302618,44851.801101118326,18.15745356101719,-65.71380101288442,-42.57276,4,0,0.3533,1,1
6.407700158655644,44853.901110589504,18.157434289183065,-65.71380304942109,-42.60489,4,0,0.3212,1,1
6.408000156283379,44856.00109398365,18.15741501710629,-65.71380508717512,-42.6096,4,0,0.3165,1,1
6.408200159668922,44857.40111768246,18.157402185312648,-65.71380578662827,-53.061787,4,0,-10.1357,1,3
6.408200159668922,44857.40111768246,18.15740216850421,-65.71380644958766,-42.546574,4,0,0.3795,1,1
6.408300157636404,44858.10110345483,18.157395744667987,-65.71380712154135,-42.659897,4,0,0.2662,1,1
6.408400159329176,44858.80111530423,18.15738932013212,-65.71380780870304,-42.53148,4,0,0.3946,1,1
6.409100167453289,44863.70117217302,18.15734435003949,-65.71381256560234,-42.445477,4,0,0.4806,1,1
6.409300167113543,44865.1011697948,18.15733150159056,-65.71381391320931,-42.59315,4,0,0.3329,1,1
6.4094001688063145,44865.8011816442,18.157325077532047,-65.71381458195592,-42.745316,4,0,0.1808,1,1
6.409500177949667,44866.50124564767,18.157318669447218,-65.71381460029392,-53.21329,4,0,-10.2872,1,3
6.409500177949667,44866.50124564767,18.15731865260629,-65.71381526465565,-42.675774,4,0,0.2503,1,1
6.409600179642439,44867.20125749707,18.157312228189053,-65.71381594679171,-42.613083,4,0,0.313,1,1
6.409600179642439,44867.20125749707,18.15731222810858,-65.71381595846191,-42.42764,4,0,0.4984,1,1
6.409900177270174,44869.30124089122,18.157292955921218,-65.71381797983965,-42.62808,4,0,0.298,1,1
6.410000178962946,44870.00125274062,18.15728654903724,-65.71381797665158,-53.42992,4,0,-10.5038,1,3
6.410000178962946,44870.00125274062,18.157286531720125,-65.71381866652689,-42.487442,4,0,0.4386,1,1
6.4102001786232,44871.4012503624,18.1572736844146,-65.71381998677658,-43.045086,4,0,-0.119,1,1
6.4102001786232,44871.4012503624,18.15727368473263,-65.7138199757365,-43.22013,4,0,-0.294,1,0
6.4102001786232,44871.4012503624,18.15727368354835,-65.71382002572571,-42.427113,4,0,0.499,1,1
6.410300146788359,44872.10102751851,18.157267261678363,-65.71382069178388,-42.606506,4,0,0.3196,1,1
6.410400148481131,44872.80103936792,18.157260837620296,-65.71382136951884,-42.602486,4,0,0.3236,1,1
6.410500146448612,44873.501025140285,18.15725441394705,-65.71382204366549,-42.653477,4,0,0.2726,1,1
6.410700149834156,44874.90104883909,18.1572415659443,-65.71382340306604,-42.575596,4,0,0.3505,1,1
6.410800147801638,44875.60103461146,18.157235142250567,-65.71382408067858,-42.567135,4,0,0.359,1,1
6.41090015694499,44876.30109861493,18.15722871800464,-65.71382476574684,-42.439594,4,0,0.4865,1,1
6.411300159990788,44879.10111993551,18.157203023582674,-65.7138274772845,-42.36696,4,0,0.5591,1,1
6.411500159651041,44880.50111755729,18.15719017726376,-65.71382882037085,-42.521584,4,0,0.4045,1,1
6.411700159311295,44881.90111517906,18.157177331404164,-65.71383014914701,-42.896667,4,0,0.0294,1,1
6.411900166422129,44883.3011649549,18.15716448456268,-65.71383152455816,-42.525303,4,0,0.4008,1,1
6.411900166422129,44883.3011649549,18.157164493095888,-65.71383118376787,-47.930836,3,0,-5.0047,0,0
6.4121001698076725,44884.70118865371,18.157151638544885,-65.71383287402118,-42.558624,4,0,0.3675,1,1
6.412200167775154,44885.40117442608,18.157145215903963,-65.71383356238421,-42.35541,4,0,0.5707,1,1
6.412400167435408,44886.80117204785,18.157132371123712,-65.7138349057307,-42.4739,4,0,0.4522,1,1
6.412400167435408,44886.80117204785,18.157132371121943,-65.71383490579187,-42.47293,4,0,0.4532,1,1
6.41250016912818,44887.50118389726,18.15712594856905,-65.71383557533547,-42.563736,4,0,0.3624,1,1
6.41250016912818,44887.50118389726,18.157125967228463,-65.71383483829436,-54.25419,4,0,-11.3281,1,3
6.412600167095661,44888.20116966963,18.15711952656878,-65.7138362553632,-42.4852,4,0,0.4409,1,1
6.413000177592039,44891.001243144274,18.157093837989617,-65.7138389567685,-42.45191,4,0,0.4742,1,1
6.413100179284811,44891.70125499368,18.15708741697176,-65.71383959617346,-43.00893,4,0,-0.0828,1,1
6.413200177252293,44892.40124076605,18.15708099469771,-65.71384030059397,-42.532265,4,0,0.3938,1,1
6.4133001789450645,44893.10125261545,18.15707457328436,-65.71384097111297,-42.591515,4,0,0.3346,1,1
6.4136001765728,44895.2012360096,18.15705532809368,-65.71384227280228,-54.015926,4,0,-11.0898,1,3
6.413800146430731,44896.60102501512,18.15704247045588,-65.71384433288428,-42.70712,4,0,0.219,1,1
6.414200149476528,44899.4010463357,18.15701678852529,-65.71384703443921,-42.57217,4,0,0.3539,1,1
6.414500158280134,44901.50110796094,18.156997528542224,-65.71384905824529,-42.485867,4,0,0.4402,1,1
6.414700157940388,44902.90110558272,18.156984689639103,-65.71385040468188,-42.46074,4,0,0.4653,1,1
6.414900157600641,44904.30110320449,18.15697180248473,-65.71385369090406,-11.658301,0,0,31.2678,0,0
6.415000159293413,44905.00111505389,18.15696543260676,-65.71385241651551,-42.530365,4,0,0.3957,1,1
6.415300168097019,44907.101176679134,18.15694617646672,-65.71385443346085,-42.499134,4,0,0.427,1,1
6.415400169789791,44907.80118852854,18.15693977496212,-65.71385443342575,-53.14878,4,0,-10.2227,1,3
6.415400169789791,44907.80118852854,18.156939758217085,-65.71385509561205,-42.645515,4,0,0.2806,1,1
6.415500167757273,44908.50117430091,18.156933340315344,-65.71385576901939,-42.610283,4,0,0.3158,1,1
6.415600169450045,44909.20118615031,18.15692692233553,-65.7138564519965,-42.420948,4,0,0.5051,1,1
6.415700167417526,44909.90117192269,18.15692050493957,-65.7138571203953,-42.460415,4,0,0.4657,1,1
6.415800169110298,44910.60118377209,18.156914087315563,-65.71385778594623,-42.54346,4,0,0.3826,1,1
6.41590016707778,44911.30116954446,18.156907670210707,-65.71385845710283,-42.53444,4,0,0.3916,1,1
6.416600178927183,44916.20125249028,18.15686275505488,-65.71386312306807,-42.915863,4,0,0.0102,1,1
6.416600178927183,44916.20125249028,18.156862754382846,-65.71386314643883,-42.545296,4,0,0.3808,1,1
6.416700176894665,44916.90123826265,18.156856339109343,-65.71386380831807,-42.66389,4,0,0.2622,1,1
6.416700176894665,44916.90123826265,18.156856357905635,-65.71386306569852,-54.442944,4,0,-11.5169,2,0
6.416800178587437,44917.60125011206,18.15684992338217,-65.71386448480011,-42.548855,4,0,0.3772,1,1
6.41700017824769,44919.00124773383,18.156837093346287,-65.71386582721719,-42.477745,4,0,0.4483,1,1
6.417400147765875,44921.80103436112,18.1568114429091,-65.71386827806322,-46.01476,3,0,-3.0887,0,0
6.417500149458647,44922.50104621053,18.15680502343321,-65.71386917210769,-42.430805,4,0,0.4953,1,1
6.417600158601999,44923.201110214,18.15679860919073,-65.71386983959006,-42.4391,4,0,0.487,1,1
6.417900159955025,44925.30111968517,18.156779369412355,-65.71387183484876,-42.56023,4,0,0.3659,1,1
6.418000157922506,44926.00110545754,18.156772973057635,-65.7138718559293,-52.81011,4,0,-9.884,1,3
6.418000157922506,44926.00110545754,18.15677297323561,-65.71387184973814,-52.908276,4,0,-9.9822,1,3
6.418300159275532,44928.10111492872,18.156753720164,-65.7138744908695,-42.753387,4,0,0.1727,1,1
6.418600156903267,44930.20109832287,18.15673448514902,-65.71387651355559,-42.384033,4,0,0.5421,1,1
6.418800167739391,44931.60117417574,18.156721678947413,-65.71387718410331,-52.879333,4,0,-9.9532,1,3
6.419200167059898,44934.40116941929,18.15669602159459,-65.71388050349363,-42.45596,4,0,0.4701,1,1
6.41930016875267,44935.10118126869,18.156689611861765,-65.71388116840656,-42.45991,4,0,0.4662,1,1
6.419400166720152,44935.80116704106,18.156683202577355,-65.71388183453223,-42.441593,4,0,0.4845,1,1
6.419400166720152,44935.80116704106,18.156683202823203,-65.71388181707886,-42.71874,4,0,0.2073,1,1
6.419500168412924,44936.50117889047,18.15667679357412,-65.7138824822648,-42.713062,4,0,0.213,1,1
6.419600177556276,44937.201242893934,18.156670383932468,-65.71388316205791,-42.4735,4,0,0.4526,1,1
6.41980017721653,44938.60124051571,18.156657566862247,-65.71388449425255,-42.419567,4,0,0.5065,1,1
6.41980017721653,44938.60124051571,18.15665756699236,-65.71388448082551,-42.63287,4,0,0.2932,1,1
6.41980017721653,44938.60124051571,18.15665756707808,-65.7138844778429,-42.680164,4,0,0.2459,1,1
6.419900178909302,44939.30125236511,18.15665115881916,-65.71388515216212,-42.51863,4,0,0.4075,1,1
6.419900178909302,44939.30125236511,18.156651158655663,-65.71388515785101,-42.428425,4,0,0.4977,1,1
6.420000176876783,44940.00123813748,18.156644750982,-65.71388581995231,-42.45797,4,0,0.4681,1,1
6.420400179922581,44942.80125945807,18.15661912983389,-65.7138881551394,-47.519085,4,0,-4.593,1,0
6.420400179922581,44942.80125945807,18.156619121959054,-65.71388847366933,-42.466415,4,0,0.4597,1,1
6.420400179922581,44942.80125945807,18.15661912201013,-65.7138884629924,-42.636116,4,0,0.29,1,1
6.420600149780512,44944.20104846358,18.156606311402,-65.71388977785045,-42.81127,4,0,0.1148,1,1
6.420900147408247,44946.30103185773,18.156587111212733,-65.71389109512222,-53.44809,4,0,-10.522,3,3
6.4211001470685005,44947.7010294795,18.15657429255973,-65.71389274957045,-48.213474,4,0,-5.2874,1,0
6.42160015925765,44951.20111480355,18.156542262207903,-65.71389640557186,-42.696423,4,0,0.2297,1,1
6.421700157225132,44951.90110057592,18.15653585889634,-65.71389706937151,-42.653664,4,0,0.2724,1,1
6.421700157225132,44951.90110057592,18.156535877927105,-65.71389631804662,-54.570774,4,0,-11.6447,1,0
6.421800158917904,44952.60111242533,18.156529455527185,-65.71389773613258,-42.56168,4,0,0.3644,1,1
6.421800158917904,44952.60111242533,18.156529455631127,-65.71389774141522,-42.477516,4,0,0.4486,1,1
6.421800158917904,44952.60111242533,18.156529455657097,-65.71389773161152,-42.633366,4,0,0.2927,1,1
6.4219001568853855,44953.3010981977,18.15652305438964,-65.71389834275331,-43.420242,4,0,-0.4942,0,0
6.4219001568853855,44953.3010981977,18.156523053003305,-65.71389839100169,-42.65521,4,0,0.2709,1,1
6.42210016772151,44954.70117405057,18.15651024740773,-65.71389972103768,-42.513744,4,0,0.4123,1,1
6.422200169414282,44955.40118589997,18.156503861848147,-65.71389971603374,-53.066746,4,0,-10.1407,1,3
6.422300167381764,44956.10117167234,18.15649744367749,-65.71390104161468,-42.510777,4,0,0.4153,1,1
6.422400169074535,44956.80118352175,18.15649104224892,-65.71390168763368,-42.73219,4,0,0.1939,1,1
6.422500167042017,44957.50116929412,18.156484641094853,-65.71390235949718,-42.539974,4,0,0.3861,1,1
6.422600168734789,44958.20118114352,18.15647824027145,-65.71390300310539,-42.79434,4,0,0.1317,1,1
6.422900170087814,44960.3011906147,18.156459038679905,-65.71390500326932,-42.44024,4,0,0.4858,1,1
6.422900170087814,44960.3011906147,18.15645903881386,-65.71390498970504,-42.65572,4,0,0.2704,1,1
6.423000168055296,44961.00117638707,18.15645263900781,-65.71390566135807,-42.453724,4,0,0.4724,1,1
6.423000168055296,44961.00117638707,18.15645263908588,-65.7139056497401,-42.638344,4,0,0.2877,1,1
6.423100169748068,44961.70118823648,18.15644623928091,-65.71390632243474,-42.417618,4,0,0.5085,1,1
6.423100169748068,44961.70118823648,18.156446280660568,-65.71390466858867,-68.65073,0,0,-25.7246,0,0
6.42320017889142,44962.40125223994,18.15643983963207,-65.71390697360391,-42.536777,4,0,0.3893,1,1
6.42320017889142,44962.40125223994,18.15643983948512,-65.71390696981722,-42.597225,4,0,0.3289,1,1
6.423300176858902,44963.10123801232,18.15643344061633,-65.71390763691196,-42.4597,4,0,0.4664,1,1
6.423400178551674,44963.80124986172,18.156427041907488,-65.71390829062001,-42.532642,4,0,0.3934,1,1
6.423400178551674,44963.80124986172,18.15642704186593,-65.71390828316464,-42.65126,4,0,0.2748,1,1
6.423500180244446,44964.50126171112,18.1564206432954,-65.7139089503136,-42.508095,4,0,0.418,1,1
6.423500180244446,44964.50126171112,18.15642064311362,-65.71390894773883,-42.549324,4,0,0.3768,1,1
6.423600178211927,44965.20124748349,18.156414245293178,-65.7139096064009,-42.53776,4,0,0.3883,1,1
6.423800177872181,44966.60124510527,18.15640144961955,-65.71391092681887,-42.459072,4,0,0.467,1,1
6.424100149422884,44968.70104596019,18.156382015750847,-65.71392263348582,111.95706,0,0,154.8831,0,0
6.424100149422884,44968.70104596019,18.15638227105581,-65.71391245691562,-49.46544,3,0,-6.5394,0,0
6.424100149422884,44968.70104596019,18.156382260537733,-65.71391287640614,-42.811558,4,0,0.1145,1,1
6.424200147390366,44969.40103173256,18.156375863587574,-65.7139135607428,-42.377594,4,0,0.5485,1,1
6.42440015822649,44970.80110758543,18.15636307076921,-65.71391486876004,-42.46623,4,0,0.4599,1,1
6.424600157886744,44972.201105207205,18.156350279523195,-65.713916175042,-42.571594,4,0,0.3545,1,1
6.424700159579516,44972.90111705661,18.15634388427169,-65.71391682944156,-42.600574,4,0,0.3255,1,1
6.424700159579516,44972.90111705661,18.156343884244585,-65.71391683928655,-42.44407,4,0,0.482,1,1
6.424800157546997,44973.60110282898,18.156337506483585,-65.71391681341721,-53.260567,4,0,-10.3345,1,3
6.424900159239769,44974.30111467838,18.15633109547457,-65.7139181122535,-43.06292,4,0,-0.1368,1,1
6.425000157207251,44975.001100450754,18.15632470032303,-65.71391880796632,-42.428642,4,0,0.4974,1,1
6.425000157207251,44975.001100450754,18.15632470049015,-65.71391880214982,-42.52087,4,0,0.4052,1,1
6.425000157207251,44975.001100450754,18.15632470034162,-65.71391880731912,-42.438908,4,0,0.4872,1,1
6.425100158900023,44975.70111230016,18.15631830618648,-65.71391945145315,-42.621212,4,0,0.3049,1,1
6.425200156867504,44976.40109807253,18.15631191281205,-65.71392009473139,-42.813854,4,0,0.1122,1,1
6.425200156867504,44976.40109807253,18.156311912376,-65.71392010990782,-42.57322,4,0,0.3529,1,1
6.425200156867504,44976.40109807253,18.156311912547903,-65.71392010392486,-42.668083,4,0,0.258,1,1
6.425400160253048,44977.801121771336,18.15629912531043,-65.7139214183151,-42.60555,4,0,0.3205,1,1
6.42550015822053,44978.50110754371,18.15629273238454,-65.71392207329458,-42.60541,4,0,0.3207,1,1
6.425600167363882,44979.20117154717,18.15628635592172,-65.71392205945567,-53.212433,4,0,-10.2863,1,3
6.425700169056654,44979.90118339658,18.156279946476506,-65.71392337929173,-42.66234,4,0,0.2637,1,1
6.425700169056654,44979.90118339658,18.15627994635,-65.7139233836947,-42.592525,4,0,0.3336,1,1
6.425800167024136,44980.60116916895,18.15627355438581,-65.71392404118775,-42.544983,4,0,0.3811,1,1
6.4264001697301865,44984.801188111305,18.15623497199028,-65.71392804416547,-42.60221,4,0,0.3239,1,1
6.4267001785337925,44986.90124973655,18.156215849818864,-65.7139299593573,-43.046066,4,0,-0.12,1,1
6.4267001785337925,44986.90124973655,18.15621584894057,-65.7139299899292,-42.561317,4,0,0.3648,1,1
6.427000179886818,44989.001259207726,18.156196728800047,-65.7139319375148,-42.470272,4,0,0.4558,1,1
6.4271001778543,44989.7012449801,18.156189659994915,-65.7139603073912,397.29044,0,0,440.2165,0,0
6.4271001778543,44989.7012449801,18.15619037298218,-65.71393190551501,-53.240486,4,0,-10.3144,0,3
6.427400149405003,44991.80104583502,18.1561712404536,-65.71393451837378,-42.569256,4,0,0.3568,1,1
6.427700147032738,44993.90102922917,18.156152125265503,-65.71393646415127,-42.463276,4,0,0.4628,1,1
6.42780014872551,44994.60104107857,18.15614575379296,-65.71393710156605,-42.60209,4,0,0.324,1,1
6.42780014872551,44994.60104107857,18.156145753709385,-65.71393710447418,-42.555977,4,0,0.3701,1,1
6.427900146692991,44995.30102685094,18.15613938287654,-65.71393775254732,-42.522743,4,0,0.4033,1,1
6.427900146692991,44995.30102685094,18.156139383208146,-65.71393773210987,-42.8472,4,0,0.0789,1,1
6.428700160235167,45000.901121646166,18.15608841923378,-65.71394292323944,-42.420666,4,0,0.5054,1,1
6.428900167346001,45002.301171422005,18.15607568001889,-65.71394419716832,-42.676987,4,0,0.2491,1,1
6.429000169038773,45003.00118327141,18.156069310788546,-65.71394483727791,-42.752663,4,0,0.1734,1,1
6.429100167006254,45003.70116904378,18.15606294147773,-65.71394550222097,-42.432358,4,0,0.4937,1,1
6.429200168699026,45004.40118089318,18.15605657244248,-65.71394614519696,-42.459747,4,0,0.4663,1,1
6.429300170391798,45005.101192742586,18.15605020364188,-65.71394678458933,-42.542587,4,0,0.3835,1,1
6.429300170391798,45005.101192742586,18.156050203815028,-65.71394676967319,-42.7795,4,0,0.1466,1,1
6.42940016835928,45005.80117851496,18.15604383487151,-65.71394742667391,-42.581436,4,0,0.3447,1,1
6.429500170052052,45006.50119036436,18.156037466260177,-65.71394807703082,-42.487404,4,0,0.4387,1,1
6.429700169712305,45007.901187986135,18.15602455367612,-65.71395635879179,68.43493,0,0,111.361,0,0
6.429800167679787,45008.60117375851,18.156018361277265,-65.71395001206072,-42.452698,4,0,0.4734,1,1
6.429900176823139,45009.30123776197,18.156011992393783,-65.71395066183433,-42.36427,4,0,0.5618,1,1
6.430000178515911,45010.00124961138,18.15600562460138,-65.7139512846318,-42.70209,4,0,0.224,1,1
6.430200178176165,45011.40124723315,18.1559928884998,-65.71395259264719,-42.383247,4,0,0.5428,1,1
6.430600177496672,45014.2012424767,18.1559674177454,-65.71395517146829,-42.324768,4,0,0.6013,1,1
6.430800147354603,45015.60103148222,18.15595468517112,-65.71395644454495,-42.54611,4,0,0.38,1,1
6.430800147354603,45015.60103148222,18.155954684698298,-65.71395646098058,-42.28551,4,0,0.6406,1,1
6.4312001504004,45018.4010528028,18.15592921539005,-65.71395903338255,-42.30936,4,0,0.6167,1,1
6.431400157511234,45019.80110257864,18.155916481040595,-65.71396030470159,-42.55385,4,0,0.3722,1,1
6.431800156831741,45022.60109782219,18.15589101264762,-65.71396287010613,-42.674267,4,0,0.2518,1,1
6.431900158524513,45023.30110967159,18.15588464530625,-65.71396351900981,-42.583576,4,0,0.3425,1,1
6.432000160217285,45024.001121521,18.155878280414928,-65.71396407396361,-43.982517,4,0,-1.0564,0,0
6.432100158184767,45024.70110729337,18.15587191141044,-65.71396480660866,-42.562164,4,0,0.3639,1,1
6.432100158184767,45024.70110729337,18.15587191134716,-65.71396479992079,-42.66861,4,0,0.2575,1,1
6.43230015784502,45026.10110491514,18.155859177184983,-65.71396609571809,-42.515976,4,0,0.4101,1,1
6.432400166988373,45026.80116891861,18.155852809418004,-65.71396673277056,-42.612816,4,0,0.3133,1,1
6.432700168341398,45028.90117838979,18.15583370839719,-65.71396864369866,-42.902054,4,0,0.024,1,1
6.432700168341398,45028.90117838979,18.155833708074177,-65.71396865491879,-42.724155,4,0,0.2019,1,1
6.432700168341398,45028.90117838979,18.155833708343103,-65.71396864557725,-42.87227,4,0,0.0538,1,1
6.43280017003417,45029.60119023919,18.15582734066885,-65.7139693096076,-42.539223,4,0,0.3869,1,1
6.433000169694424,45031.001187860966,18.15581460629083,-65.71397058114384,-42.77005,4,0,0.156,1,1
6.433200169354677,45032.40118548274,18.155801871668857,-65.71397186312642,-42.834915,4,0,0.0912,1,1
6.433300167322159,45033.10117125511,18.15579550430676,-65.71397250700808,-42.821445,4,0,0.1046,1,1
6.433400180190802,45033.80126133561,18.15578913601672,-65.7139731455181,-42.89496,4,0,0.0311,1,1
6.433600179851055,45035.201258957386,18.15577641753312,-65.71397376950821,-53.39705,4,0,-10.471,1,3
6.434100177139044,45038.70123997331,18.15574457847884,-65.71397697168051,-53.610355,4,0,-10.6843,1,3
6.434700157493353,45042.90110245347,18.155706351207687,-65.71398153171718,-42.49963,4,0,0.4265,1,1
6.434700157493353,45042.90110245347,18.15570636882925,-65.71398082238821,-53.750515,4,0,-10.8244,1,3
6.435000158846378,45045.00111192465,18.15568724387358,-65.71398346692729,-42.422287,4,0,0.5038,1,1
6.435200158506632,45046.40110954642,18.15567450537737,-65.71398474545794,-42.558216,4,0,0.3679,1,1
6.435500159859657,45048.5011190176,18.155655395673943,-65.71398668844886,-42.368843,4,0,0.5572,1,1
6.435500159859657,45048.5011190176,18.15565539592976,-65.71398667957149,-42.509594,4,0,0.4165,1,1
6.435700159519911,45049.901116639376,18.155642655661254,-65.71398796633814,-42.523342,4,0,0.4027,1,1
6.435900170356035,45051.30119249225,18.155629913921693,-65.71398925620687,-42.492878,4,0,0.4332,1,1
6.436100170016289,45052.70119011402,18.15561717205904,-65.71399055054492,-42.394505,4,0,0.5316,1,1
6.436100170016289,45052.70119011402,18.15561717236457,-65.71399053994453,-42.562572,4,0,0.3635,1,1
6.436500169336796,45055.50118535757,18.155591686463204,-65.713993114937,-42.596664,4,0,0.3294,1,1
6.43670018017292,45056.90126121044,18.15557894176398,-65.7139944120497,-42.468872,4,0,0.4572,1,1
6.436900179833174,45058.301258832216,18.155566214685244,-65.71399498737063,-53.793774,4,0,-10.8677,1,3
6.436900179833174,45058.301258832216,18.15556619696398,-65.71399569078335,-42.637264,4,0,0.2888,1,1
6.437200177460909,45060.40124222636,18.15554707826464,-65.7139976309693,-42.54865,4,0,0.3774,1,1
6.4376001469790936,45063.201028853655,18.155521603154025,-65.71399948665311,-54.046387,4,0,-11.1203,1,3
6.4376001469790936,45063.201028853655,18.15552158519748,-65.71400019808152,-42.762848,4,0,0.1632,1,1
6.4377001486718655,45063.90104070306,18.15551521056897,-65.71400084826274,-42.687836,4,0,0.2383,1,1
6.437800150364637,45064.60105255246,18.155508835857727,-65.71400150173346,-42.561855,4,0,0.3642,1,1
6.437800150364637,45064.60105255246,18.15550883594153,-65.71400148995858,-42.748947,4,0,0.1771,1,1
6.437900148332119,45065.30103832483,18.155502460956164,-65.71400215257849,-42.47914,4,0,0.4469,1,1
6.4381001479923725,45066.70103594661,18.155489710296955,-65.71400344956642,-42.393616,4,0,0.5325,1,1
6.4381001479923725,45066.70103594661,18.15548971053088,-65.71400344145503,-42.52222,4,0,0.4039,1,1
6.4381001479923725,45066.70103594661,18.15548972880338,-65.71400271029911,-54.1189,4,0,-11.1928,1,3
6.438400160521269,45068.80112364888,18.155470581871626,-65.71400537474544,-42.601814,4,0,0.3243,1,1
6.438600160181522,45070.20112127066,18.155457828675328,-65.7140066776776,-42.43911,4,0,0.487,1,1
6.438600160181522,45070.20112127066,18.15545782847044,-65.71400668478157,-42.326477,4,0,0.5996,1,1
6.438700158149004,45070.90110704303,18.15545145146695,-65.71400733580856,-42.254852,4,0,0.6712,1,1
6.438700158149004,45070.90110704303,18.155451451993827,-65.71400731754147,-42.54447,4,0,0.3816,1,1
6.438800159841776,45071.60111889243,18.1554450742906,-65.71400797502803,-42.37269,4,0,0.5534,1,1
6.4389001578092575,45072.3011046648,18.155438697058603,-65.71400861469577,-42.484936,4,0,0.4412,1,1
6.4389001578092575,45072.3011046648,18.155438696960363,-65.71400861810159,-42.430935,4,0,0.4952,1,1
6.43900016695261,45073.00116866827,18.15543231823885,-65.71400927248874,-42.313038,4,0,0.613,1,1
6.439300168305636,45075.10117813945,18.15541318311307,-65.71401120472285,-42.458393,4,0,0.4677,1,1
6.439300168305636,45075.10117813945,18.15541318313229,-65.71401120405694,-42.46895,4,0,0.4571,1,1
6.439400169998407,45075.80118998885,18.155406803712257,-65.71401186132778,-42.312397,4,0,0.6137,1,1
6.439500167965889,45076.50117576122,18.15540042476269,-65.71401249133027,-42.590252,4,0,0.3358,1,1
6.439700167626143,45077.901173383,18.15538764557499,-65.71401457382679,-30.106722,3,0,12.8194,0,0
6.439900167286396,45079.30117100477,18.15537492295674,-65.71401435173279,-54.183723,4,0,-11.2576,2,3
6.440000168979168,45080.001182854176,18.155368524035843,-65.71401571027423,-42.917583,4,0,0.0085,1,1
6.440400179475546,45082.80125632882,18.15534299618815,-65.7140183207603,-42.65995,4,0,0.2661,1,1
6.440600179135799,45084.2012539506,18.155330230954377,-65.71401961673422,-42.69127,4,0,0.2348,1,1
6.440700177103281,45084.90123972297,18.155323848036176,-65.71402026222975,-42.749756,4,0,0.1763,1,1
6.440800178796053,45085.60125157237,18.15531746456655,-65.71402090715077,-42.820114,4,0,0.106,1,1
6.440900180488825,45086.301263421774,18.15531108038439,-65.71402157407825,-42.543568,4,0,0.3825,1,1
6.440900180488825,45086.301263421774,18.15531108074422,-65.71402155274615,-42.88218,4,0,0.0439,1,1
6.440900180488825,45086.301263421774,18.15531109880732,-65.71402083814976,-54.215725,4,0,-11.2896,1,3
6.441000148653984,45087.00104057789,18.15530469826765,-65.71402221404094,-42.694305,4,0,0.2318,1,1
6.441200148314238,45088.40103819966,18.155291929033687,-65.7140235101018,-42.753033,4,0,0.1731,1,1
6.4413001500070095,45089.10105004907,18.15528554341816,-65.71402417088835,-42.58407,4,0,0.342,1,1
6.4413001500070095,45089.10105004907,18.15528554368868,-65.71402416151454,-42.732685,4,0,0.1934,1,1
6.441500157117844,45090.501099824905,18.1552727717609,-65.714025472039,-42.57745,4,0,0.3486,1,1
6.442000158131123,45094.00110691786,18.15524085540101,-65.71402798463971,-54.34633,4,0,-11.4202,1,3
6.442000158131123,45094.00110691786,18.15524085587329,-65.71402796827563,-54.60577,4,0,-11.6797,1,3
6.442200157791376,45095.40110453963,18.15522806670033,-65.71402977486078,-46.619026,3,0,-3.6929,0,0
6.442200157791376,45095.40110453963,18.15522806036348,-65.71403002100757,-42.71532,4,0,0.2108,1,1
6.442200157791376,45095.40110453963,18.1552280600903,-65.71403003933379,-42.424366,4,0,0.5017,1,1
6.4425001591444016,45097.50111401081,18.155208893171302,-65.71403196581949,-42.889442,4,0,0.0366,1,1
6.4425001591444016,45097.50111401081,18.155208904144622,-65.71403153245502,-49.762558,3,0,-6.8365,0,0
6.443300168961287,45103.101182729006,18.15515776237897,-65.71403721994047,-42.398434,4,0,0.5277,1,1
6.443300168961287,45103.101182729006,18.15515776245961,-65.71403720828656,-42.583603,4,0,0.3425,1,1
6.4434001706540585,45103.80119457841,18.155151388511413,-65.71403711329138,-54.457714,4,0,-11.5316,1,3
6.443500179797411,45104.50125858188,18.15514497546224,-65.71403852951144,-42.367832,4,0,0.5583,1,1
6.443600177764893,45105.20124435425,18.155138582569872,-65.71403915265037,-42.85824,4,0,0.0678,1,1
6.443600177764893,45105.20124435425,18.15513858239203,-65.71403915881189,-42.760555,4,0,0.1655,1,1
6.4437001794576645,45105.90125620365,18.155132188103195,-65.71403981783085,-42.68501,4,0,0.2411,1,1
6.443900179117918,45107.30125382543,18.155119398833623,-65.71404112853214,-42.65866,4,0,0.2674,1,1
6.444100178778172,45108.7012514472,18.15510660798362,-65.71404244993403,-42.47409,4,0,0.452,1,1
6.444200180470944,45109.40126329661,18.15510021195433,-65.71404310311144,-42.50595,4,0,0.4201,1,1
6.444600149989128,45112.2010499239,18.155074625667165,-65.71404574000037,-42.276276,4,0,0.6498,1,1
6.44470014795661,45112.90103569627,18.155068235660494,-65.71404607940283,-47.299652,3,0,-4.3736,0,0
6.444800149649382,45113.60104754567,18.155061829755365,-65.71404702999139,-42.632847,4,0,0.2932,1,1
6.444800149649382,45113.60104754567,18.15506182962636,-65.7140470433211,-42.421112,4,0,0.505,1,1
6.445000160485506,45115.00112339854,18.15504903121833,-65.71404835254886,-42.485596,4,0,0.4405,1,1
6.445100158452988,45115.701109170914,18.155042631898056,-65.71404900749002,-42.516502,4,0,0.4096,1,1
6.445300158113241,45117.10110679269,18.15502983242133,-65.71405028886018,-43.04044,4,0,-0.1144,1,1
6.445400159806013,45117.80111864209,18.15502343083472,-65.71405098253989,-42.46648,4,0,0.4596,1,1
6.445500157773495,45118.50110441446,18.155017029856467,-65.71405163218085,-42.59426,4,0,0.3318,1,1
6.44580015912652,45120.60111388564,18.154997389043025,-65.71407085161697,230.92426,0,0,273.8503,0,0
6.44580015912652,45120.60111388564,18.1549978241417,-65.7140536066238,-42.591408,4,0,0.3347,1,1
6.446000169962645,45122.00118973851,18.15498501780526,-65.71405492993183,-42.494728,4,0,0.4314,1,1
6.446000169962645,45122.00118973851,18.154985017634413,-65.71405493585108,-42.400883,4,0,0.5252,1,1
6.446200169622898,45123.40118736029,18.154972210495004,-65.7140562489448,-42.47806,4,0,0.448,1,1
6.44630016759038,45124.10117313266,18.154966117992245,-65.7140568149807,-42.449974,4,0,0.4761,1,1
6.446400169283152,45124.80118498206,18.154959693278585,-65.71405747951638,-42.466724,4,0,0.4594,1,1
6.446800168603659,45127.60118022561,18.154933990890456,-65.71406013994701,-42.529003,4,0,0.3971,1,1
6.447100177407265,45129.70124185085,18.15491470933548,-65.71406214068949,-42.524307,4,0,0.4018,1,1
6.447200179100037,45130.401253700256,18.15490828421613,-65.71406269549001,-44.30718,4,0,-1.3811,0,0
6.447200179100037,45130.401253700256,18.154908266578445,-65.71406339514344,-33.21074,3,0,9.7153,0,0
6.447500180453062,45132.50126317144,18.15488899964054,-65.71406465501116,-44.993298,3,0,-2.0672,0,0
6.447600178420544,45133.201248943806,18.15488258631682,-65.71406469827551,-54.900913,4,0,-11.9748,3,3
6.447800178080797,45134.60124656558,18.15486972711553,-65.71406603753172,-54.85716,4,0,-11.9311,1,3
6.448000147938728,45136.0010355711,18.154856848598296,-65.71406814624993,-42.619534,4,0,0.3066,1,1
6.4481001496315,45136.7010474205,18.15485041798601,-65.71406880265603,-42.818176,4,0,0.1079,1,1
6.448200147598982,45137.40103319287,18.15484398675701,-65.71406948662512,-42.581985,4,0,0.3441,1,1
6.448400158435106,45138.801109045744,18.1548311226193,-65.71407082093452,-42.65435,4,0,0.2717,1,1
6.448500160127878,45139.50112089515,18.154824690493623,-65.7140714959255,-42.569645,4,0,0.3564,1,1
6.448500160127878,45139.50112089515,18.15482469014116,-65.71407150814268,-42.375954,4,0,0.5501,1,1
6.44860015809536,45140.20110666752,18.154818258128643,-65.7140721595298,-42.66876,4,0,0.2573,1,1
6.448700159788132,45140.90111851692,18.15481182503149,-65.71407284791462,-42.37744,4,0,0.5486,1,1
6.448800157755613,45141.60110428929,18.15480539249361,-65.71407349759563,-42.70299,4,0,0.2231,1,1
6.448900159448385,45142.3011161387,18.1547989590659,-65.7140741690259,-42.686527,4,0,0.2396,1,1
6.448900159448385,45142.3011161387,18.15479895907773,-65.71407417748173,-42.552063,4,0,0.374,1,1
6.448900159448385,45142.3011161387,18.15479897980435,-65.71407335252226,-55.63592,4,0,-12.7098,3,3
6.449100159108639,45143.70111376047,18.154786091761963,-65.7140755074091,-42.732555,4,0,0.1935,1,1
6.449200160801411,45144.40112560988,18.154779657346303,-65.71407618515417,-42.6243,4,0,0.3018,1,1
6.449300158768892,45145.101111382246,18.154773223014963,-65.71407686818908,-42.4341,4,0,0.492,1,1
6.449300158768892,45145.101111382246,18.154773223088064,-65.71407686565429,-42.47429,4,0,0.4518,1,1
6.449400167912245,45145.80117538571,18.154766788082817,-65.71407752957624,-42.591415,4,0,0.3347,1,1
6.449500169605017,45146.50118723512,18.154760353044047,-65.71407820267115,-42.565006,4,0,0.3611,1,1
6.449900168925524,45149.301182478666,18.154734632139576,-65.7140800556281,-55.798187,4,0,-12.8721,1,3
6.450000170618296,45150.00119432807,18.1547281747299,-65.71408157110773,-42.424717,4,0,0.5014,1,1
6.450000170618296,45150.00119432807,18.154728174898967,-65.71408156524346,-42.51769,4,0,0.4084,1,1
6.450100168585777,45150.70118010044,18.154721738647467,-65.71408224129333,-42.459682,4,0,0.4664,1,1
6.450100168585777,45150.70118010044,18.154721738744744,-65.71408222904734,-42.654236,4,0,0.2719,1,1
6.450100168585777,45150.70118010044,18.154721738578075,-65.71408224370047,-42.421516,4,0,0.5046,1,1
6.450100168585777,45150.70118010044,18.154721758904284,-65.7140814321799,-55.292355,4,0,-12.3663,1,3
6.450400169938803,45152.80118957162,18.15470242839145,-65.71408426022498,-42.447754,4,0,0.4783,1,1
6.450500179082155,45153.50125357509,18.154695990507182,-65.71408494028005,-42.337402,4,0,0.5887,1,1
6.450900178402662,45156.30124881864,18.15467024037105,-65.71408763225567,-42.36392,4,0,0.5622,1,1
6.451100178062916,45157.70124644041,18.15465736441292,-65.7140889743102,-42.453644,4,0,0.4724,1,1
6.451200179755688,45158.40125828981,18.154650925832843,-65.71408965402725,-42.364376,4,0,0.5617,1,1
6.451200179755688,45158.40125828981,18.154650926643548,-65.71408961701391,-42.9516,4,0,-0.0255,1,1
6.451300147920847,45159.10103544593,18.15464448951774,-65.71409032474604,-42.416447,4,0,0.5096,1,1
6.451600149273872,45161.20104491711,18.15462517307052,-65.71409235296984,-42.34159,4,0,0.5845,1,1
6.451700150966644,45161.90105676651,18.15461873412632,-65.71409302188675,-42.434605,4,0,0.4915,1,1
6.451800148934126,45162.60104253888,18.154612295174186,-65.71409369528618,-42.458286,4,0,0.4678,1,1
6.45200015977025,45164.00111839175,18.1545994157153,-65.71409505135445,-42.366585,4,0,0.5595,1,1
6.45200015977025,45164.00111839175,18.154599435563107,-65.71409425568385,-54.98622,4,0,-12.0601,1,3
6.4523001573979855,45166.1011017859,18.15458009731583,-65.71409707383805,-42.42661,4,0,0.4995,1,1
6.4523001573979855,45166.1011017859,18.154580097283542,-65.71409707495926,-42.408836,4,0,0.5173,1,1
6.452500160783529,45167.50112548471,18.15456721735591,-65.71409843189963,-42.322685,4,0,0.6034,1,1
6.452800158411264,45169.60110887885,18.154547917540803,-65.7140996616962,-54.984356,4,0,-12.0583,1,3
6.452900167554617,45170.30117288232,18.15454145737065,-65.71410112181701,-42.553196,4,0,0.3729,1,1
6.452900167554617,45170.30117288232,18.154541457351232,-65.71410112249168,-42.5425,4,0,0.3836,1,1
6.453000169247389,45171.00118473172,18.15453501686106,-65.71410180735114,-42.408463,4,0,0.5176,1,1
6.453100170940161,45171.701196581125,18.154528576750376,-65.7141024752552,-42.545124,4,0,0.381,1,1
6.453200168907642,45172.4011823535,18.15452213658133,-65.714103154445,-42.504128,4,0,0.422,1,1
6.453300170600414,45173.1011942029,18.15451569665056,-65.71410380704607,-42.887222,4,0,0.0389,1,1
6.453400168567896,45173.80117997527,18.15450925617617,-65.7141045036991,-42.572403,4,0,0.3537,1,1
6.453500170260668,45174.50119182468,18.15450281563448,-65.71410518477589,-42.50702,4,0,0.4191,1,1
6.453500170260668,45174.50119182468,18.15450281566479,-65.7141051837225,-42.52372,4,0,0.4024,1,1
6.453700169920921,45175.90118944645,18.15448993505254,-65.71410653645488,-42.54686,4,0,0.3792,1,1
6.453900180757046,45177.30126529932,18.15447705368153,-65.71410789011723,-42.562855,4,0,0.3632,1,1
6.454100180417299,45178.701262921095,18.15446417288316,-65.71410924100495,-42.62822,4,0,0.2979,1,1
6.454200178384781,45179.401248693466,18.15445773274413,-65.71410991690318,-42.655544,4,0,0.2705,1,1
6.454300180077553,45180.10126054287,18.15445129242168,-65.71411060061232,-42.56049,4,0,0.3656,1,1
6.454500179737806,45181.50125816464,18.154438411992345,-65.71411195442721,-42.59073,4,0,0.3354,1,1
6.454500179737806,45181.50125816464,18.15443841178656,-65.71411195268996,-42.618675,4,0,0.3074,1,1
6.454500179737806,45181.50125816464,18.154438412097875,-65.71411194186717,-42.790268,4,0,0.1358,1,1
6.454600177705288,45182.201243937016,18.154431992633267,-65.71411180578346,-55.701252,4,0,-12.7752,2,3
6.454800147563219,45183.60103294253,18.15441909346318,-65.71411399362889,-42.50851,4,0,0.4176,1,1
6.454900149255991,45184.30104479194,18.15441265336544,-65.71411466988323,-42.54023,4,0,0.3859,1,1
6.455000150948763,45185.00105664134,18.154406213176483,-65.7141153426364,-42.629124,4,0,0.297,1,1
6.455000150948763,45185.00105664134,18.15440621327952,-65.7141153479467,-42.54453,4,0,0.3816,1,1
6.455000150948763,45185.00105664134,18.154406213144696,-65.71411534374172,-42.6116,4,0,0.3145,1,1
6.4551001489162445,45185.70104241371,18.154399773487,-65.71411602653876,-42.541283,4,0,0.3848,1,1
6.4551001489162445,45185.70104241371,18.15439977349733,-65.71411602617918,-42.54698,4,0,0.3791,1,1
6.455300159752369,45187.10111826658,18.154386893223545,-65.71411738205265,-42.56647,4,0,0.3596,1,1
6.4554001577198505,45187.80110403896,18.15438045351345,-65.7141180661695,-42.479176,4,0,0.4469,1,1
6.455500159412623,45188.50111588836,18.15437401381917,-65.71411874459811,-42.483585,4,0,0.4425,1,1
6.455500159412623,45188.50111588836,18.154374013937385,-65.71411873159073,-42.690216,4,0,0.2359,1,1
6.455600157380104,45189.20110166073,18.154367574557227,-65.71411941078193,-42.683228,4,0,0.2429,1,1
6.455800160765648,45190.601125359535,18.154354695587028,-65.71412077069198,-42.64901,4,0,0.2771,1,1
6.456000160425901,45192.00112298131,18.154341817888408,-65.71412210831676,-42.971832,4,0,-0.0457,1,1
6.456200167536736,45193.40117275715,18.15432893913036,-65.71412348551904,-42.6717,4,0,0.2544,1,1
6.4563001692295074,45194.10118460655,18.154322500579468,-65.71412415639813,-42.803772,4,0,0.1223,1,1
6.456400170922279,45194.80119645596,18.1543160616026,-65.71412484696934,-42.624496,4,0,0.3016,1,1
6.456500168889761,45195.50118222833,18.1543096235535,-65.71412552752864,-42.603992,4,0,0.3221,1,1
6.456500168889761,45195.50118222833,18.154309623574463,-65.71412551789842,-42.75708,4,0,0.169,1,1
6.456700168550015,45196.9011798501,18.154296747148308,-65.71412688909774,-42.559452,4,0,0.3666,1,1
6.456800170242786,45197.60119169951,18.15429030900249,-65.71412757205476,-42.504086,4,0,0.422,1,1
6.45700016990304,45199.00118932128,18.154277433832284,-65.71412892478234,-42.604164,4,0,0.3219,1,1
6.4572001695632935,45200.401186943054,18.154264559008617,-65.71413028110643,-42.6503,4,0,0.2758,1,1
6.4572001695632935,45200.401186943054,18.154264559049505,-65.71413027968309,-42.672867,4,0,0.2532,1,1
6.457400180399418,45201.801262795925,18.1542516843659,-65.71413164105273,-42.642254,4,0,0.2838,1,1
6.457400180399418,45201.801262795925,18.154251704682068,-65.71413083578925,-55.413914,3,0,-12.4878,1,3
6.4575001783669,45202.5012485683,18.15424524770832,-65.7141323336549,-42.437645,4,0,0.4884,1,1
6.457600180059671,45203.2012604177,18.154238811411584,-65.71413299458382,-42.736942,4,0,0.1891,1,1
6.458400148898363,45208.80104228854,18.154187334239875,-65.71413824905592,-45.662254,3,0,-2.7362,0,0
6.458400148898363,45208.80104228854,18.154187329466325,-65.7141384420509,-42.601143,4,0,0.3249,1,1
6.458500150591135,45209.501054137945,18.15418089439584,-65.71413914010701,-42.314873,4,0,0.6112,1,1
6.458900161087513,45212.30112761259,18.154155159199068,-65.71414182470998,-42.879192,4,0,0.0469,1,1
6.459000159054995,45213.00111338496,18.15414872561717,-65.71414253336307,-42.42506,4,0,0.501,1,1
6.459100160747767,45213.701125234365,18.154142292817944,-65.71414320703693,-42.526436,4,0,0.3997,1,1
6.459200158715248,45214.40111100674,18.154135860379768,-65.7141438861383,-42.54144,4,0,0.3846,1,1
6.459400158375502,45215.80110862851,18.154122996157422,-65.71414524289877,-42.59485,4,0,0.3312,1,1
6.459400158375502,45215.80110862851,18.15412299592648,-65.71414525094637,-42.467255,4,0,0.4588,1,1
6.459400158375502,45215.80110862851,18.154122995937147,-65.71414524166106,-42.614876,4,0,0.3112,1,1
6.459700170904398,45217.90119633079,18.15410370093215,-65.71414727786788,-42.67942,4,0,0.2467,1,1
6.45980016887188,45218.60118210316,18.15409727011806,-65.71414797062667,-42.477398,4,0,0.4487,1,1
6.460200168192387,45221.40117734671,18.15407155009716,-65.71415068558915,-42.559406,4,0,0.3667,1,1
6.46040016785264,45222.80117496848,18.154058692004345,-65.71415204366204,-42.589848,4,0,0.3362,1,1
6.460500180721283,45223.50126504898,18.15405226248077,-65.7141527275615,-42.52898,4,0,0.3971,1,1
6.460600178688765,45224.20125082135,18.1540458345112,-65.71415339342222,-42.75262,4,0,0.1735,1,1
6.4607001803815365,45224.90126267076,18.15403940602691,-65.71415409863535,-42.3516,4,0,0.5745,1,1
6.460800178349018,45225.60124844313,18.154032978830887,-65.71415477037546,-42.480953,4,0,0.4451,1,1
6.460800178349018,45225.60124844313,18.15403297891505,-65.71415475852407,-42.669262,4,0,0.2568,1,1
6.461300179362297,45229.10125553608,18.15400084647072,-65.71415815416952,-42.72537,4,0,0.2007,1,1
6.461400181055069,45229.80126738548,18.15399444422855,-65.71415790643321,-57.436104,4,0,-14.51,0,3
6.461700148880482,45231.90104216337,18.15397514880229,-65.71416087922037,-42.622795,4,0,0.3033,1,1
6.461900148540735,45233.30103978515,18.15396230154056,-65.71416223427183,-42.68807,4,0,0.238,1,1
6.462200161069632,45235.40112748742,18.15394303266349,-65.71416426944388,-42.741302,4,0,0.1848,1,1
6.462500158697367,45237.50111088157,18.15392376797974,-65.71416632574228,-42.451054,4,0,0.475,1,1
6.462800160050392,45239.601120352745,18.15390450708752,-65.71416835179971,-42.63433,4,0,0.2918,1,1
6.462800160050392,45239.601120352745,18.15390450736025,-65.71416834228461,-42.785194,4,0,0.1409,1,1
6.463000170886517,45241.001196205616,18.153891668093568,-65.71416971198421,-42.60232,4,0,0.3238,1,1
6.463100168853998,45241.70118197799,18.15388527104081,-65.71416952726008,-56.301453,4,0,-13.3754,1,3
6.46320017054677,45242.40119382739,18.15387883136154,-65.71417105942862,-42.76826,4,0,0.1578,1,1
6.46320017054677,45242.40119382739,18.15387883129389,-65.71417107071315,-42.588936,4,0,0.3372,1,1
6.463300168514252,45243.10117959976,18.15387241343406,-65.71417175779365,-42.45828,4,0,0.4678,1,1
6.463600169867277,45245.20118907094,18.15385316274005,-65.71417379246324,-42.48243,4,0,0.4437,1,1
6.463700167834759,45245.90117484331,18.153846747287613,-65.71417444742083,-42.857433,4,0,0.0687,1,1
6.463800169527531,45246.60118669272,18.15384033142071,-65.71417513287896,-42.74777,4,0,0.1783,1,1
6.464000169187784,45248.00118431449,18.15382750136549,-65.71417650909821,-42.440254,4,0,0.4858,1,1
6.464100170880556,45248.70119616389,18.15382108728325,-65.7141771701608,-42.714447,4,0,0.2116,1,1
6.464200180023909,45249.40126016736,18.153814672906787,-65.71417785848624,-42.555218,4,0,0.3709,1,1
6.46430017799139,45250.10124593973,18.1538082596906,-65.71417853568892,-42.570454,4,0,0.3556,1,1
6.46430017799139,45250.10124593973,18.15380825963334,-65.71417853768736,-42.53877,4,0,0.3873,1,1
6.464500177651644,45251.50124356151,18.153795434458868,-65.71417989273354,-42.555683,4,0,0.3704,1,1
6.464500177651644,45251.50124356151,18.15379543446825,-65.71417989240616,-42.560875,4,0,0.3652,1,1
6.464600179344416,45252.20125541091,18.15378902259787,-65.71418055591285,-42.79032,4,0,0.1358,1,1
6.464600179344416,45252.20125541091,18.15378902215425,-65.71418058032184,-42.402905,4,0,0.5232,1,1
6.464700181037188,45252.90126726031,18.153782610845504,-65.71418124038114,-42.685745,4,0,0.2403,1,1
6.464700181037188,45252.90126726031,18.153782610859025,-65.71418123990898,-42.693233,4,0,0.2329,1,1
6.464700181037188,45252.90126726031,18.15378263124388,-65.71418043024381,-55.535194,4,0,-12.6091,1,3
6.464900150895119,45254.30105626583,18.15376979113132,-65.71418260948326,-42.4661,4,0,0.46,1,1
6.465200148522854,45256.40103965998,18.15375058336296,-65.71418380891737,-55.680683,4,0,-12.7546,1,3
6.465300157666206,45257.101103663445,18.153744153444364,-65.71418531635338,-42.515602,4,0,0.4105,1,1
6.465400159358978,45257.80111551285,18.153737745450737,-65.71418597568798,-42.80054,4,0,0.1255,1,1
6.465400159358978,45257.80111551285,18.153737745354192,-65.71418598798644,-42.605137,4,0,0.3209,1,1
6.46550016105175,45258.50112736225,18.15373133739902,-65.71418667158503,-42.503536,4,0,0.4226,1,1
6.46550016105175,45258.50112736225,18.15373133748588,-65.71418666855331,-42.551605,4,0,0.3745,1,1
6.465800158679485,45260.6011107564,18.153712117602367,-65.71418869758718,-42.582333,4,0,0.3438,1,1
6.465900160372257,45261.3011226058,18.153705711673904,-65.7141893687747,-42.67205,4,0,0.254,1,1
6.465900160372257,45261.3011226058,18.153705711732968,-65.71418937563986,-42.562798,4,0,0.3633,1,1
6.466100160032511,45262.701120227575,18.15369290174565,-65.71419072979107,-42.549744,4,0,0.3763,1,1
6.466200157999992,45263.40110599995,18.1536864975774,-65.71419139880847,-42.668877,4,0,0.2572,1,1
6.466200157999992,45263.40110599995,18.153686518251977,-65.71419057888636,-55.673553,4,0,-12.7475,2,3
6.466300159692764,45264.10111784935,18.153679831688592,-65.71419213949653,-42.58101,4,0,0.3451,1,1
6.466500170528889,45265.50119370222,18.153667058600043,-65.71419347553022,-42.724716,4,0,0.2014,1,1
6.46660016849637,45266.20117947459,18.153660673097463,-65.7141941633009,-42.479507,4,0,0.4466,1,1
6.466800168156624,45267.60117709637,18.15364790380507,-65.71419549585691,-42.66731,4,0,0.2588,1,1
6.466800168156624,45267.60117709637,18.153647905246142,-65.7141954455386,-43.465134,4,0,-0.539,0,0
6.467100169509649,45269.701186567545,18.15362875329554,-65.71419751026463,-42.689365,4,0,0.2367,1,1
6.467200171202421,45270.40119841695,18.153622370732744,-65.71419818970777,-42.56666,4,0,0.3594,1,1
6.467300169169903,45271.10118418932,18.153615988949987,-65.7141988491041,-42.76056,4,0,0.1655,1,1
6.467600177973509,45273.20124581456,18.153596845041594,-65.7142008792713,-42.50805,4,0,0.418,1,1
6.467700179666281,45273.901257663965,18.153590464679763,-65.71420155579868,-42.42362,4,0,0.5025,1,1
6.468300148844719,45278.10104191303,18.15355219603917,-65.71420557141876,-42.567745,4,0,0.3583,1,1
6.468400150537491,45278.80105376244,18.15354583995147,-65.71420540511096,-55.84,4,0,-12.9139,1,3
6.4685001485049725,45279.50103953481,18.15353944280728,-65.71420690990507,-42.60418,4,0,0.3219,1,1
6.468600150197744,45280.20105138421,18.1535330887066,-65.71420669624925,-56.624184,4,0,-13.6981,1,0
6.468700148165226,45280.90103715658,18.153526691232376,-65.71420825210177,-42.575005,4,0,0.3511,1,1
6.468800149857998,45281.60104900599,18.15352031603628,-65.71420892121627,-42.589527,4,0,0.3366,1,1
6.46890015900135,45282.30111300945,18.15351394062787,-65.71420959625165,-42.509262,4,0,0.4168,1,1
6.469000160694122,45283.001124858856,18.15350756626822,-65.71421026612946,-42.50828,4,0,0.4178,1,1
6.469200160354376,45284.40112248063,18.15349484151766,-65.71421070594087,-56.77524,4,0,-13.8492,3,0
6.4693001583218575,45285.101108253,18.153488446295583,-65.71421226324152,-42.6933,4,0,0.2328,1,1
6.469700161367655,45287.90112957358,18.15346296493727,-65.71421468224047,-46.783398,4,0,-3.8573,0,0
6.469800159335136,45288.60111534596,18.15345658735875,-65.71421562327126,-42.467506,4,0,0.4586,1,1
6.469900168478489,45289.30117934942,18.15344997751772,-65.71422582319009,108.71108,0,0,151.6372,0,0
6.470000170171261,45290.001191198826,18.15344384575768,-65.71421696664228,-42.376827,4,0,0.5493,1,1
6.4701001681387424,45290.7011769712,18.153437476168808,-65.7142176341926,-42.39367,4,0,0.5324,1,1
6.4701001681387424,45290.7011769712,18.153437497007936,-65.71421680010623,-55.62348,4,0,-12.6974,1,3
6.470200169831514,45291.4011888206,18.153431106911025,-65.71421828641662,-42.65262,4,0,0.2735,1,1
6.47050017118454,45293.50119829178,18.15341144147748,-65.71424264627407,311.94806,0,0,354.8741,0,0
6.470700170844793,45294.90119591355,18.15339926562749,-65.71422163924855,-42.464603,4,0,0.4615,1,1
6.470800168812275,45295.601181685925,18.153392898791058,-65.71422230174227,-42.54977,4,0,0.3763,1,1
6.471000179648399,45297.0012575388,18.15338016469424,-65.71422364572548,-42.415436,4,0,0.5107,1,1
6.471100181341171,45297.7012693882,18.153373798605017,-65.71422431082964,-42.454556,4,0,0.4715,1,1
6.471200179308653,45298.40125516057,18.15336743308397,-65.7142249763896,-42.484375,4,0,0.4417,1,1
6.471200179308653,45298.40125516057,18.15336743322036,-65.71422497163353,-42.559784,4,0,0.3663,1,1
6.471300181001425,45299.10126700997,18.15336106773866,-65.71422563945906,-42.552395,4,0,0.3737,1,1
6.471400178968906,45299.801252782345,18.15335470276739,-65.71422630946702,-42.508335,4,0,0.4178,1,1
6.471500180661678,45300.50126463175,18.1533483379474,-65.7142269775524,-42.493477,4,0,0.4326,1,1
6.4717001505196095,45301.90105363727,18.153335611440003,-65.71422831287518,-42.46866,4,0,0.4574,1,1
6.4717001505196095,45301.90105363727,18.153335632004683,-65.71422748886867,-55.538677,4,0,-12.6126,1,3
6.471900150179863,45303.30105125904,18.15332288425981,-65.71422965035495,-42.406128,4,0,0.52,1,1
6.471900150179863,45303.30105125904,18.153322884436648,-65.71422964418997,-42.50388,4,0,0.4222,1,1
6.4721001498401165,45304.701048880816,18.153310158565223,-65.71423097950219,-42.469086,4,0,0.457,1,1
6.4721001498401165,45304.701048880816,18.15331015881985,-65.71423097062646,-42.609818,4,0,0.3163,1,1
6.472200147807598,45305.40103465319,18.15330379642838,-65.7142316393545,-42.572746,4,0,0.3533,1,1
6.472200147807598,45305.40103465319,18.15330381782364,-65.7142307776576,-56.24078,4,0,-13.3147,1,3
6.472700159996748,45308.90111997724,18.15327198758282,-65.71423497837436,-42.438362,4,0,0.4877,1,1
6.472700159996748,45308.90111997724,18.1532720089498,-65.7142341267677,-55.946014,4,0,-13.0199,1,3
6.47280015796423,45309.60110574961,18.153265627346173,-65.71423562075096,-42.809795,4,0,0.1163,1,1
6.473000161349773,45311.001129448414,18.153252906166426,-65.71423697392562,-42.462265,4,0,0.4638,1,1
6.473000161349773,45311.001129448414,18.15325291025401,-65.71423680475537,-45.14579,4,0,-2.2197,0,0
6.473100159317255,45311.70111522079,18.15324656786136,-65.71423678473066,-56.018295,4,0,-13.0922,1,3
6.473300170153379,45313.101191073656,18.15323382659057,-65.71423897426203,-42.39641,4,0,0.5297,1,1
6.473400168120861,45313.80117684603,18.15322746790046,-65.71423962897741,-42.562,4,0,0.3641,1,1
6.473600167781115,45315.2011744678,18.15321475023492,-65.71424096570081,-42.456028,4,0,0.4701,1,1
6.473600167781115,45315.2011744678,18.15321475027412,-65.71424096433553,-42.477676,4,0,0.4484,1,1
6.473800171166658,45316.60119816661,18.15320203373249,-65.71424228673946,-42.592785,4,0,0.3333,1,1
6.473800171166658,45316.60119816661,18.153202033687908,-65.71424228829254,-42.568157,4,0,0.3579,1,1
6.4741001687943935,45318.70118156076,18.15318296068159,-65.7142442846655,-42.525772,4,0,0.4003,1,1
6.4741001687943935,45318.70118156076,18.153182981327536,-65.71424345873558,-55.62631,4,0,-12.7002,1,3
6.474500179290772,45321.5012550354,18.153157553213653,-65.71424610527485,-55.79182,4,0,-12.8657,1,3
6.474700178951025,45322.901252657175,18.1531448196552,-65.71424826835737,-42.544056,4,0,0.382,1,1
6.47500018030405,45325.00126212835,18.15312575191424,-65.714250262,-42.50359,4,0,0.4225,1,1
6.475200150161982,45326.40105113387,18.15311304291433,-65.71425159156455,-42.45833,4,0,0.4678,1,1
6.475200150161982,45326.40105113387,18.153113043245177,-65.71425158004875,-42.640923,4,0,0.2852,1,1
6.475300148129463,45327.10103690624,18.15310668788728,-65.71425225457823,-42.462864,4,0,0.4632,1,1
6.475500151515007,45328.50106060505,18.1530939794897,-65.71425351409373,-43.523235,4,0,-0.5971,0,0
6.475700158625841,45329.90111038089,18.153081289347966,-65.71425405032,-56.050888,4,0,-13.1248,1,3
6.475800160318613,45330.60112223029,18.15307447962346,-65.7142728492911,231.62619,0,0,274.5523,0,0
6.475800160318613,45330.60112223029,18.15307491407531,-65.71425554254479,-42.895855,4,0,0.0302,1,1
6.475900158286095,45331.30110800266,18.15306855953426,-65.7142562194813,-42.67077,4,0,0.2553,1,1
6.475900158286095,45331.30110800266,18.15306855968634,-65.71425622308726,-42.61319,4,0,0.3129,1,1
6.476300161331892,45334.10112932325,18.153043143581776,-65.71425886971251,-42.66907,4,0,0.257,1,1
6.4765001609921455,45335.50112694502,18.15303043656885,-65.71426018959572,-42.74241,4,0,0.1837,1,1
6.476600158959627,45336.20111271739,18.153024083591323,-65.71426084071649,-42.91662,4,0,0.0095,1,1
6.476700160652399,45336.90112456679,18.1530177298728,-65.71426152173188,-42.615414,4,0,0.3107,1,1
6.476700160652399,45336.90112456679,18.15301772990909,-65.71426152046932,-42.635433,4,0,0.2907,1,1
6.476800169795752,45337.60118857026,18.153011375928312,-65.71426218856453,-42.53887,4,0,0.3872,1,1
6.476800169795752,45337.60118857026,18.1530113762474,-65.71426216857247,-42.856266,4,0,0.0698,1,1
6.477100171148777,45339.70119804144,18.152992321248025,-65.71426398907433,-45.47037,4,0,-2.5443,0,0
6.477300170809031,45341.101195663214,18.15297961110636,-65.71426549413879,-42.584084,4,0,0.342,1,1
6.477400168776512,45341.80118143559,18.152973258401165,-65.71426615869981,-42.534164,4,0,0.3919,1,1
6.477400168776512,45341.80118143559,18.152973258332267,-65.71426616109532,-42.49618,4,0,0.4299,1,1
6.477500170469284,45342.50119328499,18.152966905265703,-65.71426683214905,-42.34236,4,0,0.5837,1,1
6.47780017927289,45344.60125491023,18.15294786855167,-65.7142679511413,-56.056194,4,0,-13.1301,1,3
6.477900180965662,45345.301266759634,18.15294151627148,-65.71426860182677,-56.220024,4,0,-13.2939,1,3
6.478000178933144,45346.001252532005,18.152935142181995,-65.71427013558079,-42.375275,4,0,0.5508,1,1
6.478600148111582,45350.20103678107,18.152897030031827,-65.71427410063463,-42.35306,4,0,0.573,1,1
6.478600148111582,45350.20103678107,18.152897030197405,-65.714274094882,-42.44427,4,0,0.4818,1,1
6.478800151497126,45351.60106047988,18.152884325406955,-65.71427541646767,-42.429756,4,0,0.4963,1,1
6.478900149464607,45352.30104625225,18.15287797361166,-65.71427606453015,-42.622105,4,0,0.304,1,1
6.479100149124861,45353.701043874025,18.15286526892815,-65.71427738946764,-42.546688,4,0,0.3794,1,1
6.479300159960985,45355.101119726896,18.15285256369688,-65.71427870651821,-42.592674,4,0,0.3334,1,1
6.479400157928467,45355.80110549927,18.15284621120465,-65.71427937587917,-42.44129,4,0,0.4848,1,1
6.479600161314011,45357.20112919808,18.152833507007525,-65.71428065868297,-43.0228,4,0,-0.0967,1,1
6.479700159281492,45357.901114970446,18.152827175907007,-65.7142804750854,-56.39694,0,0,-13.4709,0,3
6.479900158941746,45359.30111259222,18.152814449124445,-65.71428266599469,-42.56687,4,0,0.3592,1,1
6.479900158941746,45359.30111259222,18.15281444915888,-65.71428266479911,-42.58583,4,0,0.3403,1,1
6.480000168085098,45360.00117659569,18.152807505900576,-65.71430675800082,329.1273,0,0,372.0534,0,0
6.480000168085098,45360.00117659569,18.15280809593008,-65.71428332652262,-42.549763,4,0,0.3763,1,1
6.480200171470642,45361.401200294495,18.1527953905838,-65.71428462918507,-42.802654,4,0,0.1234,1,1
6.480400171130896,45362.80119791627,18.152782684748445,-65.71428595676109,-42.655293,4,0,0.2708,1,1
6.480500169098377,45363.50118368864,18.152776332137865,-65.71428661905789,-42.603016,4,0,0.3231,1,1
6.480700168758631,45364.901181310415,18.152763625945685,-65.7142879430489,-42.50597,4,0,0.4201,1,1
6.480700168758631,45364.901181310415,18.1527636258496,-65.71428794638359,-42.4531,4,0,0.473,1,1
6.480800170451403,45365.60119315982,18.152757272817297,-65.7142885975918,-42.574207,4,0,0.3519,1,1
6.481100168079138,45367.701176553965,18.152738212862925,-65.71429057764426,-42.511425,4,0,0.4147,1,1
6.481200180947781,45368.401266634464,18.152731858732,-65.71429122878143,-42.630653,4,0,0.2954,1,1
6.481600180268288,45371.20126187801,18.15270644346184,-65.71429386275382,-42.625618,4,0,0.3005,1,1
6.481800179928541,45372.60125949979,18.152693757016337,-65.71429430522346,-56.4883,0,0,-13.5622,1,3
6.481900181621313,45373.30127134919,18.152687380637204,-65.71429583841297,-42.60873,4,0,0.3174,1,1
6.482000149786472,45374.001048505306,18.152681029510475,-65.7142964404866,-43.493725,4,0,-0.5676,0,0
6.482100151479244,45374.70106035471,18.1526746732625,-65.71429715044817,-42.670242,4,0,0.2558,1,1
6.482100151479244,45374.70106035471,18.152674673433747,-65.71429715337818,-42.623383,4,0,0.3027,1,1
6.482200149446726,45375.40104612708,18.152668318462915,-65.71429782217017,-42.45134,4,0,0.4747,1,1
6.482300151139498,45376.10105797648,18.15266196359108,-65.71429846527752,-42.68641,4,0,0.2397,1,1
6.482300151139498,45376.10105797648,18.15266196355341,-65.71429847545159,-42.52469,4,0,0.4014,1,1
6.482600159943104,45378.20111960173,18.152642897445308,-65.71430044236044,-42.627632,4,0,0.2985,1,1
6.482600159943104,45378.20111960173,18.152642897432703,-65.71430044279738,-42.620705,4,0,0.3054,1,1
6.483000159263611,45381.00111484528,18.152617473866783,-65.71430308389678,-42.450043,4,0,0.476,1,1
6.483100160956383,45381.70112669468,18.152611117434105,-65.7143037434539,-42.416794,4,0,0.5093,1,1
6.483100160956383,45381.70112669468,18.152611141651548,-65.71430277998384,-57.69876,0,0,-14.7727,1,3
6.483200158923864,45382.40111246705,18.15260476114597,-65.71430439976572,-42.433765,4,0,0.4923,1,1
6.483300160616636,45383.10112431645,18.152598404299624,-65.714305060691,-42.377144,4,0,0.5489,1,1
6.483400158584118,45383.801110088825,18.152592048050963,-65.71430570240425,-42.62392,4,0,0.3022,1,1
6.483400158584118,45383.801110088825,18.15259204800872,-65.71430570386818,-42.60071,4,0,0.3254,1,1
6.483600169420242,45385.201185941696,18.15257933307216,-65.71430701853659,-42.598022,4,0,0.3281,1,1
6.483600169420242,45385.201185941696,18.152579333026125,-65.71430702013184,-42.572727,4,0,0.3534,1,1
6.483600169420242,45385.201185941696,18.15257933505065,-65.71430693225592,-43.966854,4,0,-1.0408,0,0
6.483700171113014,45385.9011977911,18.152572999588315,-65.71430671840723,-57.781796,0,0,-14.8557,1,3
6.484100170433521,45388.70119303465,18.15254754340831,-65.71431031440109,-42.429134,4,0,0.497,1,1
6.484300170093775,45390.10119065642,18.152534849678265,-65.71431070054743,-57.14183,0,0,-14.2157,1,3
6.484400168061256,45390.8011764288,18.152528467404263,-65.71431228517099,-42.425316,4,0,0.5008,1,1
6.484500180929899,45391.501266509295,18.152522107723144,-65.71431293123763,-42.59614,4,0,0.3299,1,1
6.484500180929899,45391.501266509295,18.15252210734836,-65.71431294421897,-42.390316,4,0,0.5358,1,1
6.484800178557634,45393.60124990344,18.152503028994204,-65.71431489900911,-42.63122,4,0,0.2949,1,1
6.484900180250406,45394.30126175285,18.15249666896755,-65.71431553931973,-42.889748,4,0,0.0363,1,1
6.485000178217888,45395.001247525215,18.15249030798393,-65.71431623001997,-42.347443,4,0,0.5786,1,1
6.485200181603432,45396.40127122402,18.152477586432195,-65.71431753656854,-42.449234,4,0,0.4769,1,1
6.485400151461363,45397.80106022954,18.15246486580414,-65.71431884883246,-42.454315,4,0,0.4718,1,1
6.485400151461363,45397.80106022954,18.15246486592478,-65.71431884465571,-42.52054,4,0,0.4055,1,1
6.4855001494288445,45398.50104600191,18.15245850422536,-65.71431950637334,-42.434917,4,0,0.4912,1,1
6.485700149089098,45399.901043623686,18.152445780332503,-65.71432081067913,-42.56551,4,0,0.3606,1,1
6.48580015078187,45400.60105547309,18.152439417732047,-65.71432146714255,-42.561737,4,0,0.3643,1,1
6.48580015078187,45400.60105547309,18.152439417856105,-65.71432146284825,-42.629826,4,0,0.2963,1,1
6.486200161278248,45403.401128947735,18.15241396441824,-65.71432407936113,-42.757767,4,0,0.1683,1,1
6.4863001592457294,45404.101114720106,18.152407723992667,-65.71432471494283,-42.65274,4,0,0.2733,1,1
6.4863001592457294,45404.101114720106,18.1524077237488,-65.71432472338151,-42.51894,4,0,0.4071,1,1
6.486400160938501,45404.80112656951,18.15240135146826,-65.71432538344169,-42.482204,4,0,0.4439,1,1
6.486600160598755,45406.20112419128,18.15238860666652,-65.7143266888305,-42.640343,4,0,0.2857,1,1
6.4867001585662365,45406.901109963655,18.15238223375199,-65.7143273476887,-42.620705,4,0,0.3054,1,1
6.486800160259008,45407.60112181306,18.15237586018617,-65.71432800152007,-42.68104,4,0,0.245,1,1
6.486800160259008,45407.60112181306,18.15237588234606,-65.71432712863903,-56.525726,0,0,-13.5996,2,3
6.486900169402361,45408.30118581653,18.152369486106764,-65.71432866387845,-42.605633,4,0,0.3205,1,1
6.486900169402361,45408.30118581653,18.152369486207792,-65.714328660383,-42.661057,4,0,0.265,1,1
6.486900169402361,45408.30118581653,18.152369486209675,-65.71432866031799,-42.662086,4,0,0.264,1,1
6.487000171095133,45409.00119766593,18.152362387917723,-65.71435797340476,411.87906,0,0,454.8051,0,0
6.487000171095133,45409.00119766593,18.15236311189376,-65.71432932544086,-42.542088,4,0,0.384,1,1
6.487100169062614,45409.7011834383,18.15235673795806,-65.71432997732056,-42.63104,4,0,0.295,1,1
6.487200170755386,45410.4011952877,18.15235036324039,-65.7143306285496,-42.7306,4,0,0.1955,1,1
6.487300168722868,45411.10118106008,18.15234398848324,-65.71433128748079,-42.706738,4,0,0.2193,1,1
6.48740017041564,45411.80119290948,18.15233761337031,-65.71433194864402,-42.646973,4,0,0.2791,1,1
6.48740017041564,45411.80119290948,18.152337634841764,-65.71433109087496,-56.252438,0,0,-13.3264,1,3
6.4875001683831215,45412.50117868185,18.152331237889,-65.71433260228115,-42.70646,4,0,0.2196,1,1
6.487600170075893,45413.20119053125,18.152324862004114,-65.71433325973808,-42.704872,4,0,0.2212,1,1
6.487800169736147,45414.60118815303,18.15231160917317,-65.71435437605162,271.38766,0,0,314.3137,0,0
6.487800169736147,45414.60118815303,18.15231213135065,-65.71433371378691,-56.353977,0,0,-13.4279,1,3
6.487900171428919,45415.30120000243,18.152305732568784,-65.71433524566484,-42.481453,4,0,0.4446,1,1
6.488100178539753,45416.70124977827,18.15229297794478,-65.71433654437045,-42.731686,4,0,0.1944,1,1
6.48850018158555,45419.50127109885,18.15226746530384,-65.71433917849465,-42.641987,4,0,0.2841,1,1
6.48850018158555,45419.50127109885,18.152267465297204,-65.71433916988025,-42.778973,4,0,0.1471,1,1
6.488700181245804,45420.90126872063,18.152254706936954,-65.71434049091482,-42.668346,4,0,0.2577,1,1
6.488900151103735,45422.30105772615,18.15224194930065,-65.71434181693056,-42.473404,4,0,0.4527,1,1
6.48920014873147,45424.40104112029,18.15222280810095,-65.71434377901213,-42.609837,4,0,0.3162,1,1
6.489300161600113,45425.10113120079,18.152216426150044,-65.71434443427617,-42.636234,4,0,0.2899,1,1
6.489300161600113,45425.10113120079,18.152216426072748,-65.71434443694889,-42.59386,4,0,0.3322,1,1
6.4894001595675945,45425.80111697316,18.152210044604725,-65.71434509709977,-42.540783,4,0,0.3853,1,1
6.489500161260366,45426.501128822565,18.15220366279048,-65.71434574097165,-42.746166,4,0,0.1799,1,1
6.4899001605808735,45429.301124066114,18.15217813187896,-65.71434838861768,-42.416626,4,0,0.5095,1,1
6.4899001605808735,45429.301124066114,18.15217813878874,-65.71434811435263,-46.766785,4,0,-3.8407,0,0
6.490000158548355,45430.001109838486,18.1521717488402,-65.71434903563933,-42.569134,4,0,0.357,1,1
6.490000158548355,45430.001109838486,18.152171748895245,-65.7143490337358,-42.599316,4,0,0.3268,1,1
6.490000158548355,45430.001109838486,18.152171748965625,-65.71434903130275,-42.63789,4,0,0.2882,1,1
6.4903001599013805,45432.101119309664,18.1521525964111,-65.71435099832642,-42.68249,4,0,0.2436,1,1
6.490400169044733,45432.80118331313,18.15214621116581,-65.71435166074026,-42.590046,4,0,0.336,1,1
6.490600168704987,45434.201180934906,18.152133441057703,-65.71435295291032,-42.920994,4,0,0.0051,1,1
6.490900170058012,45436.30119040608,18.152114282217,-65.71435495153172,-42.456467,4,0,0.4696,1,1
6.491400178521872,45439.8012496531,18.15208163114296,-65.71438644010577,404.96082,0,0,447.8869,0,0
6.491400178521872,45439.8012496531,18.15208234496441,-65.71435823022969,-42.50555,4,0,0.4205,1,1
6.491400178521872,45439.8012496531,18.15208234474409,-65.71435823784489,-42.38481,4,0,0.5413,1,1
6.491500180214644,45440.5012615025,18.152075956239525,-65.71435889610008,-42.353592,4,0,0.5725,1,1
6.491600178182125,45441.20124727488,18.152069568296906,-65.71435952299487,-42.81924,4,0,0.1068,1,1
6.491800181567669,45442.60127097368,18.152056789065675,-65.71436086868341,-42.2919,4,0,0.6342,1,1
6.491800181567669,45442.60127097368,18.152056789508794,-65.71436085336737,-42.53474,4,0,0.3913,1,1
6.491800181567669,45442.60127097368,18.152056789024176,-65.71436087011803,-42.269157,4,0,0.6569,1,1
6.491900179535151,45443.30125674605,18.15205040456317,-65.71436132513513,-45.459652,4,0,-2.5336,0,0
6.492000181227922,45444.00126859546,18.15204400990946,-65.7143621660215,-42.529716,4,0,0.3964,1,1
6.492000181227922,45444.00126859546,18.15204400986565,-65.71436216753558,-42.50571,4,0,0.4204,1,1
6.492100179195404,45444.70125436783,18.15203761970972,-65.71436282337685,-42.510162,4,0,0.4159,1,1
6.492200151085854,45445.401057600975,18.15203123069128,-65.71436348607779,-42.402782,4,0,0.5233,1,1
6.492200151085854,45445.401057600975,18.15203125335495,-65.71436258782792,-56.64991,0,0,-13.7238,2,3
6.492300149053335,45446.10104337335,18.15202484031626,-65.71436411815571,-42.7837,4,0,0.1424,1,1
6.492400150746107,45446.80105522275,18.15201778195678,-65.71439114165713,375.45496,0,0,418.381,0,0
6.492400150746107,45446.80105522275,18.15201844846117,-65.71436479962932,-42.38066,4,0,0.5454,1,1
6.492700148373842,45448.901038616896,18.151999273159355,-65.7143667549623,-42.582554,4,0,0.3435,1,1
6.492700148373842,45448.901038616896,18.15199929484261,-65.71436589062662,-56.291946,0,0,-13.3659,3,3
6.492900159209967,45450.30111446977,18.151986486939578,-65.7143680609068,-42.679157,4,0,0.2469,1,1
6.492900159209967,45450.30111446977,18.15198648683679,-65.7143680732992,-42.482273,4,0,0.4438,1,1
6.493300158530474,45453.10110971332,18.15196091240422,-65.7143706784216,-42.77605,4,0,0.15,1,1
6.493400160223246,45453.80112156272,18.15195451782472,-65.71437134245838,-42.64612,4,0,0.28,1,1
6.4935001619160175,45454.50113341212,18.15194812295783,-65.71437199652145,-42.674408,4,0,0.2517,1,1
6.493900168687105,45457.301180809736,18.1519225399327,-65.71437461661766,-42.723892,4,0,0.2022,1,1
6.493900168687105,45457.301180809736,18.15192254000723,-65.71437462287963,-42.624203,4,0,0.3019,1,1
6.494400169700384,45460.80118790269,18.151890576587192,-65.71437703323791,-56.39406,0,0,-13.468,1,3
6.494600169360638,45462.201185524464,18.15187775843746,-65.71437921681229,-42.558407,4,0,0.3677,1,1
6.494600169360638,45462.201185524464,18.151877758622224,-65.71437921042666,-42.659653,4,0,0.2664,1,1
6.49470017105341,45462.90119737387,18.15187135977581,-65.71437987096385,-42.581707,4,0,0.3444,1,1
6.494800180196762,45463.601261377335,18.151864960219427,-65.714380528855,-42.54621,4,0,0.3799,1,1
6.494800180196762,45463.601261377335,18.151864962018987,-65.71438044898302,-43.813393,4,0,-0.8873,0,0
6.494900181889534,45464.30127322674,18.151858561104497,-65.71438116835242,-42.801704,4,0,0.1244,1,1
6.495100181549788,45465.70127084851,18.151845761609582,-65.71438248490338,-42.71523,4,0,0.2109,1,1
6.495400179177523,45467.80125424266,18.151826560360803,-65.71438446006367,-42.577778,4,0,0.3483,1,1
6.495500180870295,45468.50126609206,18.151820159157463,-65.71438510803051,-42.697407,4,0,0.2287,1,1
6.495700150728226,45469.90105509758,18.151807358095965,-65.71438642647232,-42.57435,4,0,0.3517,1,1
6.495900150388479,45471.30105271936,18.15179455388433,-65.7143877286312,-42.71238,4,0,0.2137,1,1
6.496000148355961,45472.001038491726,18.151788151536355,-65.7143883898859,-42.618908,4,0,0.3072,1,1
6.496200159192085,45473.4011143446,18.15177461921916,-65.71441837717728,412.24298,0,0,455.1691,0,0
6.496400158852339,45474.80111196637,18.15176253750296,-65.71439100713432,-42.686954,4,0,0.2391,1,1
6.496400158852339,45474.80111196637,18.15176253761804,-65.71439101199678,-42.609455,4,0,0.3166,1,1
6.496600158512592,45476.20110958815,18.15174972898759,-65.71439233194837,-42.461758,4,0,0.4643,1,1
6.49700016155839,45479.00113090873,18.151724108669608,-65.71439494850299,-42.53439,4,0,0.3917,1,1
6.497100170701742,45479.7011949122,18.151717303051992,-65.71441138429529,207.76463,0,0,250.6907,0,0
6.497100170701742,45479.7011949122,18.151717702413627,-65.7143955910396,-42.737263,4,0,0.1888,1,1
6.497300170361996,45481.10119253397,18.15170488971295,-65.71439692066966,-42.432823,4,0,0.4933,1,1
6.497500170022249,45482.50119015575,18.151692076128544,-65.71439823282657,-42.405064,4,0,0.521,1,1
6.497800171375275,45484.60119962692,18.151672853976148,-65.71440018566504,-42.60637,4,0,0.3197,1,1
6.497900169342756,45485.301185399294,18.15166644593964,-65.71440084545475,-42.53265,4,0,0.3934,1,1
6.498000171035528,45486.0011972487,18.15166003751821,-65.71440150080528,-42.52953,4,0,0.3966,1,1
6.49810016900301,45486.70118302107,18.15165362878664,-65.71440216563684,-42.37554,4,0,0.5505,1,1
6.498300179839134,45488.10125887394,18.15164080995154,-65.71440347910875,-42.32548,4,0,0.6006,1,1
6.498500179499388,45489.501256495714,18.15162799086804,-65.71440479105917,-42.297626,4,0,0.6285,1,1
6.498700179159641,45490.90125411749,18.15161517133309,-65.71440608173408,-42.606503,4,0,0.3196,1,1
6.498800180852413,45491.60126596689,18.151608760455886,-65.71440674761926,-42.435143,4,0,0.4909,1,1
6.498800180852413,45491.60126596689,18.151608760695893,-65.71440673047874,-42.70731,4,0,0.2188,1,1
6.498900178819895,45492.30125173926,18.151602349620376,-65.71440741122953,-42.29933,4,0,0.6268,1,1
6.498900178819895,45492.30125173926,18.15160234988021,-65.7144074022458,-42.44177,4,0,0.4843,1,1
6.499200150370598,45494.401052594185,18.15158311829917,-65.71440935661694,-42.6093,4,0,0.3168,1,1
6.499400150030851,45495.80105021596,18.15157029456265,-65.71441066676294,-42.607655,4,0,0.3184,1,1
6.499500159174204,45496.50111421943,18.151563881541566,-65.71441132796679,-42.510426,4,0,0.4157,1,1
6.499500159174204,45496.50111421943,18.15156388204167,-65.71441130183075,-42.925213,4,0,0.0009,1,1
6.499500159174204,45496.50111421943,18.15156388167316,-65.71441132341664,-42.582565,4,0,0.3435,1,1
6.499500159174204,45496.50111421943,18.15156390484888,-65.7144104070829,-57.116096,0,0,-14.19,0,3
6.499600160866976,45497.20112606883,18.151557469379057,-65.71441195842058,-42.900257,4,0,0.0258,1,1
6.500100161880255,45500.70113316178,18.151525402979,-65.71441523624935,-42.854404,4,0,0.0717,1,1
6.500200159847736,45501.40111893416,18.15151898867513,-65.714415915742,-42.464973,4,0,0.4611,1,1
6.500300161540508,45502.10113078356,18.15151257468788,-65.71441655006866,-42.79275,4,0,0.1333,1,1
6.500300161540508,45502.10113078356,18.151512574729164,-65.71441655748515,-42.674763,4,0,0.2513,1,1
6.500500161200762,45503.50112840533,18.151499745490234,-65.71441786232165,-42.75563,4,0,0.1705,1,1
6.500600159168243,45504.2011141777,18.151493330728403,-65.71441852485694,-42.634758,4,0,0.2913,1,1
6.500700172036886,45504.9012042582,18.151486914979063,-65.71441916284115,-42.90543,4,0,0.0207,1,1
6.500800170004368,45505.601190030575,18.15148049941242,-65.71441982832646,-42.738068,4,0,0.188,1,1
6.500800170004368,45505.601190030575,18.15148049898849,-65.71441985183401,-42.364956,4,0,0.5611,1,1
6.501000169664621,45507.00118765235,18.15146767158938,-65.71442100398689,-44.86637,4,0,-1.9403,0,0
6.501100171357393,45507.70119950175,18.15146125173772,-65.7144218011623,-42.61066,4,0,0.3154,1,1
6.501100171357393,45507.70119950175,18.151461251659143,-65.71442180388013,-42.56757,4,0,0.3585,1,1
6.501200169324875,45508.40118527413,18.15145485735693,-65.7144215874698,-56.38746,0,0,-13.4614,0,3
6.501800179481506,45512.601256370544,18.15141633236152,-65.71442639162707,-42.51644,4,0,0.4096,1,1
6.501800179481506,45512.601256370544,18.151416375213667,-65.7144246967962,-69.39707,0,0,-26.471,0,0
6.501900181174278,45513.30126821995,18.15140991447528,-65.71442704531229,-42.53617,4,0,0.3899,1,1
6.502100180834532,45514.70126584172,18.151397078372725,-65.71442835070215,-42.606625,4,0,0.3195,1,1
6.502100180834532,45514.70126584172,18.15139707824408,-65.71442835515279,-42.53606,4,0,0.39,1,1
6.502100180834532,45514.70126584172,18.151397078509,-65.7144283459871,-42.68138,4,0,0.2447,1,1
6.502200178802013,45515.401251614094,18.1513906599013,-65.7144290113662,-42.51531,4,0,0.4108,1,1
6.502200178802013,45515.401251614094,18.151390659964427,-65.71442900918201,-42.54994,4,0,0.3761,1,1
6.502300180494785,45516.1012634635,18.15138424124571,-65.71442966311082,-42.5658,4,0,0.3603,1,1
6.5025001503527164,45517.501052469015,18.151371405243506,-65.71443097469795,-42.534935,4,0,0.3912,1,1
6.502600152045488,45518.20106431842,18.151364986053466,-65.71443162421099,-42.620846,4,0,0.3052,1,1
6.502600152045488,45518.20106431842,18.15136498597312,-65.71443162699092,-42.57677,4,0,0.3493,1,1
6.50270015001297,45518.90105009079,18.151358566813336,-65.7144322769306,-42.655552,4,0,0.2705,1,1
6.502800151705742,45519.60106194019,18.15135214711846,-65.71443293042753,-42.678345,4,0,0.2477,1,1
6.502800151705742,45519.60106194019,18.151352146839187,-65.7144329400917,-42.525124,4,0,0.401,1,1
6.503000151365995,45521.00105956197,18.151339328965264,-65.71443337583993,-56.38894,0,0,-13.4629,0,3
6.503100160509348,45521.70112356544,18.15133288630968,-65.71443490274956,-42.559742,4,0,0.3663,1,1
6.5032001584768295,45522.40110933781,18.15132646607385,-65.71443554820667,-42.710175,4,0,0.2159,1,1
6.503300160169601,45523.10112118721,18.1513200454402,-65.71443621051219,-42.59311,4,0,0.333,1,1
6.503300160169601,45523.10112118721,18.151320045197497,-65.71443621891203,-42.45993,4,0,0.4662,1,1
6.503400161862373,45523.80113303661,18.151313624304823,-65.71443687502861,-42.44145,4,0,0.4846,1,1
6.50380016118288,45526.60112828016,18.15128793953413,-65.71443949591041,-42.4242,4,0,0.5019,1,1
6.503900170326233,45527.30119228363,18.15128151737937,-65.7144401463076,-42.49765,4,0,0.4284,1,1
6.50430016964674,45530.10118752718,18.151255829447585,-65.71444275822492,-42.62412,4,0,0.302,1,1
6.5045001693069935,45531.50118514896,18.15124298424435,-65.71444407312201,-42.546223,4,0,0.3799,1,1
6.5045001693069935,45531.50118514896,18.15124298420816,-65.71444407437515,-42.526356,4,0,0.3997,1,1
6.5045001693069935,45531.50118514896,18.15124298447272,-65.71444405636029,-42.812378,4,0,0.1137,1,1
6.504700168967247,45532.90118277073,18.15123013878692,-65.71444537497915,-42.675514,4,0,0.2506,1,1
6.5049001686275005,45534.3011803925,18.151217292060927,-65.71444669949001,-42.446117,4,0,0.48,1,1
6.505000170320272,45535.00119224191,18.15121059701812,-65.71445811218986,128.17801,0,0,171.1041,0,0
6.505100179463625,45535.701256245375,18.151204298860662,-65.71445377684536,49.02476,0,0,91.9508,0,0
6.505500178784132,45538.50125148893,18.15117874914452,-65.71445062121106,-42.583817,4,0,0.3423,1,1
6.505800180137157,45540.6012609601,18.151159479604964,-65.7144524323412,-45.029472,4,0,-2.1034,0,0
6.505800180137157,45540.6012609601,18.151159475896776,-65.71445258735208,-42.57064,4,0,0.3554,1,1
6.505800180137157,45540.6012609601,18.151159476043777,-65.7144525822606,-42.651363,4,0,0.2747,1,1
6.505900152027607,45541.30106419325,18.151153052827468,-65.71445325032323,-42.44328,4,0,0.4828,1,1
6.506000149995089,45542.00104996562,18.15114662834452,-65.71445389995257,-42.53033,4,0,0.3958,1,1
6.506000149995089,45542.00104996562,18.151146628632528,-65.71445388997611,-42.688503,4,0,0.2376,1,1
6.506200149655342,45543.4010475874,18.15113377856668,-65.71445519716518,-42.738224,4,0,0.1879,1,1
6.506300158798695,45544.10111159086,18.15112735731835,-65.7144558733578,-42.732185,4,0,0.1939,1,1
6.506500162184238,45545.50113528967,18.15111450563993,-65.71445719809023,-42.462635,4,0,0.4635,1,1
6.50660016015172,45546.20112106204,18.151108080154867,-65.71445784597648,-42.55755,4,0,0.3685,1,1
6.50660016015172,45546.20112106204,18.15110810541573,-65.71445683789867,-58.546116,0,0,-15.62,0,3
6.506700161844492,45546.90113291144,18.1511016537518,-65.7144585113798,-42.37546,4,0,0.5506,1,1
6.5069001615047455,45548.30113053322,18.15108880175752,-65.71445981500902,-42.442207,4,0,0.4839,1,1
6.5069001615047455,45548.30113053322,18.151088801909008,-65.71445980975992,-42.52543,4,0,0.4007,1,1
6.507100161164999,45549.70112815499,18.15107594950735,-65.71446111269101,-42.604206,4,0,0.3219,1,1
6.5073001608252525,45551.10112577677,18.151063096522343,-65.71446242163792,-42.588646,4,0,0.3374,1,1
6.507400158792734,45551.80111154914,18.151056669869288,-65.71446308067925,-42.508667,4,0,0.4174,1,1
6.507600169628859,45553.20118740201,18.151043815779275,-65.71446438295523,-42.601738,4,0,0.3243,1,1
6.507800169289112,45554.601185023785,18.15103096158292,-65.714465701075,-42.443687,4,0,0.4824,1,1
6.508000168949366,45556.00118264556,18.151018107250145,-65.71446701187404,-42.403008,4,0,0.5231,1,1
6.5081001706421375,45556.70119449496,18.15101168003987,-65.71446766033054,-42.493458,4,0,0.4326,1,1
6.5081001706421375,45556.70119449496,18.15101168048182,-65.71446763614634,-42.877285,4,0,0.0488,1,1
6.5081001706421375,45556.70119449496,18.15101170344123,-65.7144667338989,-57.186687,0,0,-14.2606,2,3
6.508200168609619,45557.40118026733,18.151005252837663,-65.71446831400297,-42.50118,4,0,0.4249,1,1
6.508300170302391,45558.10119211674,18.15099882546323,-65.7144689626638,-42.589108,4,0,0.337,1,1
6.508400179445744,45558.801256120205,18.15099239729869,-65.71446961953346,-42.54804,4,0,0.378,1,1
6.508600179105997,45560.20125374198,18.150979542154086,-65.71447092601679,-42.58017,4,0,0.3459,1,1
6.508700180798769,45560.90126559138,18.15097311422112,-65.71447158398826,-42.52204,4,0,0.404,1,1
6.508800178766251,45561.60125136376,18.15096668686797,-65.71447222781471,-42.688198,4,0,0.2379,1,1
6.508800178766251,45561.60125136376,18.150966687290857,-65.71447220428438,-43.06166,4,0,-0.1356,1,1
6.509100180119276,45563.70126083493,18.1509474027882,-65.71447419962617,-42.55058,4,0,0.3755,1,1
6.509200181812048,45564.401272684336,18.15094097469364,-65.71447485236264,-42.577606,4,0,0.3485,1,1
6.509400151669979,45565.801061689854,18.15092812055159,-65.71447615562649,-42.664597,4,0,0.2615,1,1
6.509400151669979,45565.801061689854,18.15092814247049,-65.71447528015796,-56.54978,0,0,-13.6237,3,3
6.509600151330233,45567.20105931163,18.150915263929736,-65.71447746935051,-42.590885,4,0,0.3352,1,1
6.509900160133839,45569.30112093687,18.15089597841984,-65.71447943042226,-42.635685,4,0,0.2904,1,1
6.510000161826611,45570.001132786274,18.15088954974518,-65.71448008990578,-42.559685,4,0,0.3664,1,1
6.510100159794092,45570.701118558645,18.150883121561524,-65.71448073043841,-42.78469,4,0,0.1414,1,1
6.510100159794092,45570.701118558645,18.150883121512823,-65.71448074100047,-42.616833,4,0,0.3093,1,1
6.510200161486864,45571.40113040805,18.15087669320054,-65.71448137645638,-42.923256,4,0,0.0028,1,1
6.510400161147118,45572.80112802982,18.150863835853283,-65.71448270388007,-42.640213,4,0,0.2859,1,1
6.510500159114599,45573.5011138022,18.15085740739948,-65.7144833580929,-42.650154,4,0,0.2759,1,1
6.510600160807371,45574.2011256516,18.15085097877637,-65.71448400006784,-42.855488,4,0,0.0706,1,1
6.510700158774853,45574.90111142397,18.15084455013873,-65.71448466770221,-42.653404,4,0,0.2727,1,1
6.510700158774853,45574.90111142397,18.150844550072325,-65.71448467000631,-42.616875,4,0,0.3092,1,1
6.510800171643496,45575.60120150447,18.15083812050931,-65.71448532693225,-42.587116,4,0,0.339,1,1
6.510900169610977,45576.30118727684,18.150831720912148,-65.71448482556917,-60.927032,0,0,-18.0009,2,0
6.511100169271231,45577.701184898615,18.150818834629707,-65.71448728729592,-42.66237,4,0,0.2637,1,1
6.511100169271231,45577.701184898615,18.1508188345342,-65.71448729061048,-42.60982,4,0,0.3163,1,1
6.511300168931484,45579.10118252039,18.15080597682992,-65.71448860776842,-42.500786,4,0,0.4253,1,1
6.511400170624256,45579.80119436979,18.15079954815412,-65.71448925551273,-42.619213,4,0,0.3069,1,1
6.511500172317028,45580.5012062192,18.15079311949752,-65.71448989343064,-42.894493,4,0,0.0316,1,1
6.511800169944763,45582.60118961334,18.150773832644628,-65.71449188896045,-42.4255,4,0,0.5006,1,1
6.512000180780888,45584.00126546621,18.150760974610773,-65.71449319027897,-42.57818,4,0,0.3479,1,1
6.512200180441141,45585.40126308799,18.150748117177336,-65.7144944962478,-42.658825,4,0,0.2673,1,1
6.512300182133913,45586.10127493739,18.15074168780917,-65.71449516604507,-42.434002,4,0,0.4921,1,1
6.512400180101395,45586.80126070976,18.150735259346085,-65.71449581515738,-42.53735,4,0,0.3887,1,1
6.512600179761648,45588.20125833154,18.150722401594628,-65.7144971351567,-42.40146,4,0,0.5246,1,1
6.512600179761648,45588.20125833154,18.15072243581593,-65.71449577814515,-63.923347,0,0,-20.9973,0,0
6.512700151652098,45588.90106156469,18.150715974680665,-65.71449779006986,-42.41239,4,0,0.5137,1,1
6.512800149619579,45589.601047337055,18.150709568987384,-65.7144975352298,-56.855396,0,0,-13.9293,2,3
6.512900151312351,45590.30105918646,18.150703119544552,-65.714499005225,-43.94413,4,0,-1.018,0,0
6.513000149279833,45591.00104495883,18.15069668897058,-65.71449974914965,-42.548103,4,0,0.378,1,1
6.513100150972605,45591.70105680823,18.15069026002637,-65.71450041129229,-42.450653,4,0,0.4754,1,1
6.513100150972605,45591.70105680823,18.150690260500355,-65.71450039483092,-42.711636,4,0,0.2145,1,1
6.513300161808729,45593.101132661104,18.15067740251625,-65.71450169986676,-42.82552,4,0,0.1006,1,1
6.513400159776211,45593.80111843348,18.15067097400297,-65.71450236725568,-42.64654,4,0,0.2795,1,1
6.513500161468983,45594.50113028288,18.150664567630365,-65.71450213406764,-56.752266,0,0,-13.8262,2,3
6.513600159436464,45595.20111605525,18.15065813871361,-65.71450280892732,-56.456913,0,0,-13.5308,2,3
6.513800159096718,45596.60111367703,18.150645259925803,-65.71450499773414,-42.560925,4,0,0.3652,1,1
6.513800159096718,45596.60111367703,18.15064528229285,-65.71450410521672,-56.716217,0,0,-13.7901,2,3
6.51390016078949,45597.30112552643,18.150638831656448,-65.71450564591963,-42.691414,4,0,0.2347,1,1
6.514000158756971,45598.0011112988,18.150632403267327,-65.71450629916946,-42.742496,4,0,0.1836,1,1
6.514100160449743,45598.7011231482,18.150625974860056,-65.71450695520406,-42.75029,4,0,0.1758,1,1
6.514200162142515,45599.401134997606,18.15061954656797,-65.71450761775321,-42.65528,4,0,0.2708,1,1
6.514500170946121,45601.50119662285,18.15060026140208,-65.71450959096417,-42.606102,4,0,0.32,1,1
6.514600168913603,45602.20118239522,18.150593833515963,-65.71451024600859,-42.633698,4,0,0.2924,1,1
6.514800172299147,45603.60120609403,18.150580977307328,-65.71451155173936,-42.761932,4,0,0.1642,1,1
6.515100169926882,45605.70118948817,18.150561693686928,-65.71451353831708,-42.51606,4,0,0.41,1,1
6.515200171619654,45606.401201337576,18.15055526589056,-65.71451419471089,-42.528282,4,0,0.3978,1,1
6.515200171619654,45606.401201337576,18.150555266597948,-65.71451416123499,-43.059414,4,0,-0.1333,1,1
6.515200171619654,45606.401201337576,18.150555265967323,-65.71451419204229,-42.570587,4,0,0.3555,1,1
6.515300180763006,45607.10126534104,18.150548837865458,-65.71451484481092,-42.642025,4,0,0.2841,1,1
6.515400178730488,45607.801251113415,18.15054241043954,-65.71451550139817,-42.652725,4,0,0.2734,1,1
6.51550018042326,45608.50126296282,18.150536006727982,-65.71451520335158,-57.805225,0,0,-14.8791,1,3
6.515600182116032,45609.20127481222,18.15052955521637,-65.71451681838909,-42.61734,4,0,0.3087,1,1
6.515800181776285,45610.601272434,18.15051670066572,-65.71451813072967,-42.65926,4,0,0.2668,1,1
6.515900179743767,45611.30125820637,18.1505102735446,-65.71451878975634,-42.636242,4,0,0.2898,1,1
6.516100149601698,45612.701047211885,18.15049744336394,-65.71451922214943,-56.63703,0,0,-13.7109,1,3
6.516700159758329,45616.90111830831,18.150458860130914,-65.7145240523319,-42.64146,4,0,0.2846,1,1
6.517000161111355,45619.00112777949,18.15043958079577,-65.71452603431244,-42.526695,4,0,0.3994,1,1
6.517200160771608,45620.40112540126,18.15042672875244,-65.71452733720193,-42.74805,4,0,0.178,1,1
6.517500162124634,45622.50113487244,18.150407309144715,-65.71453497198245,47.003796,0,0,89.9299,0,0
6.517900168895721,45625.30118227005,18.15038174844498,-65.71453196543209,-42.47681,4,0,0.4493,1,1
6.518100172281265,45626.70120596886,18.15036889818583,-65.7145332655817,-42.761982,4,0,0.1641,1,1
6.518200170248747,45627.40119174123,18.15036247306328,-65.71453394312155,-42.46985,4,0,0.4562,1,1
6.518500171601772,45629.501201212406,18.150343198880822,-65.71453591606377,-42.548454,4,0,0.3776,1,1
6.518600180745125,45630.201265215874,18.150336773792464,-65.71453657535467,-42.55182,4,0,0.3743,1,1
6.518800180405378,45631.60126283765,18.150323925094515,-65.71453789699305,-42.511642,4,0,0.4144,1,1
6.51890018209815,45632.30127468705,18.15031750081373,-65.71453855788577,-42.49234,4,0,0.4337,1,1
6.519000180065632,45633.00126045942,18.15031107681167,-65.71453922184888,-42.425148,4,0,0.5009,1,1
6.519400179386139,45635.80125570297,18.1502853823966,-65.71454185127668,-42.587963,4,0,0.3381,1,1
6.519800148904324,45638.601042330265,18.150259691768447,-65.71454449062261,-42.609596,4,0,0.3165,1,1
6.519900150597096,45639.30105417967,18.150253268942155,-65.71454514770389,-42.66269,4,0,0.2634,1,1
6.52010016143322,45640.70113003254,18.15024042265767,-65.7145464821101,-42.45237,4,0,0.4737,1,1
6.520300161093473,45642.10112765432,18.15022757822929,-65.71454779691268,-42.55658,4,0,0.3695,1,1
6.520300161093473,45642.10112765432,18.15022757844842,-65.71454778928323,-42.677536,4,0,0.2486,1,1
6.520400159060955,45642.801113426685,18.150221156297604,-65.71454845627677,-42.579216,4,0,0.3469,1,1
6.520400159060955,45642.801113426685,18.15022115622812,-65.7145484586965,-42.540855,4,0,0.3852,1,1
6.520600162446499,45644.20113712549,18.150208312449795,-65.71454977335918,-42.655075,4,0,0.271,1,1
6.5207001604139805,45644.90112289786,18.15020139816112,-65.71457007593648,268.86807,0,0,311.7942,0,0
6.5210001692175865,45647.00118452311,18.15018262584041,-65.714552430774,-42.45323,4,0,0.4729,1,1
6.5210001692175865,45647.00118452311,18.15018262670457,-65.71455239177268,-43.07196,4,0,-0.1459,1,1
6.521100170910358,45647.70119637251,18.150176205070427,-65.7145530783299,-42.67218,4,0,0.2539,1,1
6.52120016887784,45648.40118214488,18.150169784048074,-65.71455374841838,-42.534767,4,0,0.3913,1,1
6.52120016887784,45648.40118214488,18.15016978397908,-65.71455375082155,-42.49667,4,0,0.4294,1,1
6.521400172263384,45649.80120584369,18.150156942589977,-65.71455505912039,-42.732197,4,0,0.1939,1,1
6.521400172263384,45649.80120584369,18.15015694241368,-65.71455507416907,-42.493214,4,0,0.4329,1,1
6.5215001702308655,45650.50119161606,18.150150521880555,-65.71455574376698,-42.367363,4,0,0.5587,1,1
6.5219001695513725,45653.30118685961,18.15012484203735,-65.7145583820864,-42.512726,4,0,0.4134,1,1
6.522000171244144,45654.00119870901,18.150118422136305,-65.71455904968028,-42.425392,4,0,0.5007,1,1
6.522300180047751,45656.10126033425,18.1500991636148,-65.71456103774342,-42.4048,4,0,0.5213,1,1
6.522300180047751,45656.10126033425,18.15009916376636,-65.71456103246346,-42.488506,4,0,0.4376,1,1
6.522300180047751,45656.10126033425,18.150099163895256,-65.71456102797293,-42.5597,4,0,0.3664,1,1
6.522400181740522,45656.80127218366,18.150092744849225,-65.71456168905935,-42.580654,4,0,0.3454,1,1
6.522500179708004,45657.50125795603,18.15008632634603,-65.71456234544294,-42.67706,4,0,0.249,1,1
6.522500179708004,45657.50125795603,18.150086326069857,-65.71456235506466,-42.524517,4,0,0.4016,1,1
6.522600181400776,45658.20126980543,18.150079907397483,-65.71456301497058,-42.566757,4,0,0.3593,1,1
6.522600181400776,45658.20126980543,18.15007990736529,-65.71456301609246,-42.548973,4,0,0.3771,1,1
6.5227001793682575,45658.9012555778,18.150073511513312,-65.71456277932666,-56.813057,0,0,-13.887,1,3
6.522800181061029,45659.601267427206,18.150067070547667,-65.71456434377225,-42.512184,4,0,0.4139,1,1
6.522900149226189,45660.30104458332,18.15006065444166,-65.71456500700134,-42.502083,4,0,0.424,1,1
6.52350015938282,45664.50111567974,18.15002214830197,-65.7145689949649,-42.35368,4,0,0.5724,1,1
6.52350015938282,45664.50111567974,18.15002217139356,-65.71456807438689,-56.953636,0,0,-14.0275,1,3
6.523600161075592,45665.20112752914,18.15001573145016,-65.71456965241778,-42.44773,4,0,0.4784,1,1
6.523600161075592,45665.20112752914,18.150015731753783,-65.71456964183638,-42.615486,4,0,0.3106,1,1
6.523700159043074,45665.90111330152,18.15000931503735,-65.71457030912813,-42.554455,4,0,0.3716,1,1
6.523800160735846,45666.60112515092,18.150002898342404,-65.71457097364247,-42.539146,4,0,0.3869,1,1
6.524000160396099,45668.00112277269,18.149990065753183,-65.71457230200294,-42.52262,4,0,0.4035,1,1
6.524500161409378,45671.50112986565,18.14995798736324,-65.71457562282693,-42.50544,4,0,0.4206,1,1
6.524700172245503,45672.90120571852,18.14994515684782,-65.71457694368591,-42.627182,4,0,0.2989,1,1
6.525000169873238,45675.00118911266,18.14992593557257,-65.71457804542212,-56.767097,0,0,-13.841,1,3
6.525600180029869,45679.20126020908,18.14988743029882,-65.7145829186068,-42.742855,4,0,0.1832,1,1
6.525900181382895,45681.30126968026,18.149868191603943,-65.71458492258844,-42.608307,4,0,0.3178,1,1
6.526100181043148,45682.70126730204,18.149855366671243,-65.71458625876826,-42.52212,4,0,0.404,1,1
6.526300180703402,45684.10126492381,18.14984250730476,-65.71458757077042,-42.615463,4,0,0.3106,1,1
6.526300180703402,45684.10126492381,18.1498425300329,-65.71458666229074,-57.023613,0,0,-14.0975,1,3
6.526400152593851,45684.80106815696,18.149836099658188,-65.71458823679701,-42.620018,4,0,0.3061,1,1
6.526400152593851,45684.80106815696,18.14983609970262,-65.71458823524738,-42.64459,4,0,0.2815,1,1
6.526500150561333,45685.50105392933,18.149829690678573,-65.71458888908552,-42.846817,4,0,0.0793,1,1
6.526600152254105,45686.20106577873,18.14982328124445,-65.71458957356211,-42.564175,4,0,0.3619,1,1
6.526800151914358,45687.60106340051,18.14981046372428,-65.71459090634067,-42.57662,4,0,0.3495,1,1
6.526800151914358,45687.60106340051,18.14981046380392,-65.71459090356355,-42.620647,4,0,0.3054,1,1
6.527000159025192,45689.001113176346,18.14979764659163,-65.71459223611431,-42.642536,4,0,0.2836,1,1
6.527200162410736,45690.40113687515,18.149784830032672,-65.71459358122104,-42.469975,4,0,0.4561,1,1
6.527300160378218,45691.10112264752,18.149778445392403,-65.71459333181365,-57.007057,0,0,-14.081,1,3
6.527600161731243,45693.2011321187,18.149759200547464,-65.71459624212122,-42.603634,4,0,0.3225,1,1
6.527700159698725,45693.90111789107,18.1497527935068,-65.71459691672828,-42.491165,4,0,0.4349,1,1
6.527800172567368,45694.60120797157,18.149746386279187,-65.7145975713377,-42.69853,4,0,0.2276,1,1
6.528000172227621,45696.00120559335,18.14973357292048,-65.71459892039665,-42.48248,4,0,0.4436,1,1
6.528100170195103,45696.70119136572,18.149727167058234,-65.7145995805419,-42.6041,4,0,0.322,1,1
6.528100170195103,45696.70119136572,18.14972718958638,-65.71459867883621,-56.90488,0,0,-13.9788,1,3
6.528200171887875,45697.40120321512,18.149720783312347,-65.7145993516603,-56.827076,0,0,-13.901,1,3
6.528200171887875,45697.40120321512,18.149720783902747,-65.71459932214825,-57.295357,0,0,-14.3693,1,3
6.528400171548128,45698.8012008369,18.14970794927957,-65.71460159076062,-42.504658,4,0,0.4214,1,1
6.528600171208382,45700.20119845867,18.14969513857333,-65.71460292660795,-42.512226,4,0,0.4139,1,1
6.528800170868635,45701.601196080446,18.149682328680736,-65.71460426025182,-42.55935,4,0,0.3667,1,1
6.529100179672241,45703.70125770569,18.14966311479509,-65.71460624657503,-42.86418,4,0,0.0619,1,1
6.529200181365013,45704.40126955509,18.149656710303105,-65.71460692914282,-42.6431,4,0,0.283,1,1
6.529300179332495,45705.10125532746,18.149650306228832,-65.71460760531845,-42.524384,4,0,0.4017,1,1
6.529500182718039,45706.50127902627,18.14963749874359,-65.71460893715694,-42.616253,4,0,0.3098,1,1
6.529500182718039,45706.50127902627,18.1496374987053,-65.71460893849265,-42.595078,4,0,0.331,1,1
6.52960018068552,45707.20126479864,18.149631095426194,-65.71460960610816,-42.615364,4,0,0.3107,1,1
6.529800150543451,45708.60105380416,18.149618291071988,-65.71461094155428,-42.65301,4,0,0.2731,1,1
6.529900152236223,45709.30106565356,18.149611888094185,-65.71461160934697,-42.674118,4,0,0.252,1,1
6.530100151896477,45710.70106327534,18.14959908274085,-65.71461295104812,-42.62215,4,0,0.3039,1,1
6.530100151896477,45710.70106327534,18.1495990829258,-65.71461294459628,-42.724438,4,0,0.2016,1,1
6.530300162732601,45712.10113912821,18.149586277319617,-65.71461429518229,-42.536983,4,0,0.3891,1,1
6.530400160700083,45712.80112490058,18.149579875203376,-65.7146149724025,-42.413464,4,0,0.5126,1,1
6.530500162392855,45713.50113674998,18.14957347325433,-65.71461564166019,-42.417603,4,0,0.5085,1,1
6.530600160360336,45714.201122522354,18.149567071841453,-65.71461630664845,-42.490044,4,0,0.436,1,1
6.530700162053108,45714.90113437176,18.149560669932928,-65.7146169867482,-42.324314,4,0,0.6018,1,1
6.531100161373615,45717.70112961531,18.14953506598836,-65.7146196556464,-42.487007,4,0,0.4391,1,1
6.531100161373615,45717.70112961531,18.1495350583962,-65.7146199561922,-37.720535,3,0,5.2056,0,0
6.531300161033869,45719.10112723708,18.149522264816408,-65.71462099817423,-42.446106,4,0,0.48,1,1
6.531400170177221,45719.80119124055,18.14951586391428,-65.71462166863789,-42.44076,4,0,0.4853,1,1
6.531800169497728,45722.6011864841,18.149490264689064,-65.71462433919238,-42.603912,4,0,0.3222,1,1
6.5319001711905,45723.3011983335,18.14948336255573,-65.71464508183526,275.75336,0,0,318.6794,0,0
6.5319001711905,45723.3011983335,18.14948386481933,-65.71462501694381,-42.48696,4,0,0.4391,1,1
6.5319001711905,45723.3011983335,18.14948386470281,-65.71462502100884,-42.422516,4,0,0.5036,1,1
6.532000169157982,45724.00118410587,18.149477466111048,-65.71462566177443,-42.892742,4,0,0.0333,1,1
6.532100170850754,45724.70119595528,18.14947106670273,-65.71462634629883,-42.669693,4,0,0.2564,1,1
6.532300170511007,45726.10119357705,18.14945826896352,-65.71462768524124,-42.703953,4,0,0.2221,1,1
6.532300170511007,45726.10119357705,18.14945826876225,-65.714627692263,-42.59263,4,0,0.3335,1,1
6.53240017965436,45726.80125758052,18.14945186974472,-65.71462835462246,-42.724796,4,0,0.2013,1,1
6.53240017965436,45726.80125758052,18.149451869555826,-65.7146283612123,-42.62032,4,0,0.3058,1,1
6.532500181347132,45727.50126942992,18.14944473127389,-65.7146585743782,425.95105,0,0,468.8771,0,0
6.532500181347132,45727.50126942992,18.14944547548746,-65.71462884631892,-45.563934,4,0,-2.6378,0,0
6.532500181347132,45727.50126942992,18.149445470799627,-65.71462903662942,-42.545532,4,0,0.3806,1,1
6.532700181007385,45728.9012670517,18.149432674388045,-65.7146303740021,-42.611507,4,0,0.3146,1,1
6.532900180667639,45730.30126467347,18.14941987834039,-65.71463172066099,-42.533566,4,0,0.3925,1,1
6.533300150185823,45733.10105130077,18.14939431365937,-65.71463346385538,-57.453087,0,0,-14.527,1,3
6.533400151878595,45733.80106315017,18.149387892889266,-65.71463508102724,-42.4493,4,0,0.4768,1,1
6.5337001495063305,45735.90104654431,18.14936870279529,-65.7146370863867,-42.581715,4,0,0.3444,1,1
6.533900160342455,45737.301122397184,18.14935590920729,-65.71463842817032,-42.597668,4,0,0.3284,1,1
6.533900160342455,45737.301122397184,18.14935590884948,-65.71463844065319,-42.39976,4,0,0.5263,1,1
6.534000162035227,45738.00113424659,18.14934951283019,-65.71463910043992,-42.584476,4,0,0.3416,1,1
6.534000162035227,45738.00113424659,18.149349512494737,-65.71463911214272,-42.39894,4,0,0.5271,1,1
6.534100160002708,45738.70112001896,18.149343117095057,-65.71463976363862,-42.71541,4,0,0.2107,1,1
6.534100160002708,45738.70112001896,18.14934311675849,-65.71463977538001,-42.52926,4,0,0.3968,1,1
6.53420016169548,45739.40113186836,18.14933672100161,-65.71464043605391,-42.701305,4,0,0.2248,1,1
6.534800171852112,45743.60120296478,18.14929834687928,-65.71464448634222,-42.380356,4,0,0.5457,1,1
6.535500172525644,45748.50120767951,18.149253584826013,-65.71464918316855,-42.484867,4,0,0.4412,1,1
6.535700179636478,45749.90125745535,18.14924080174041,-65.71465031183146,-45.903305,4,0,-2.9772,0,0
6.535700179636478,45749.90125745535,18.14924079635644,-65.71465052641187,-42.5001,4,0,0.426,1,1
6.53580018132925,45750.60126930475,18.149234402288386,-65.71465120294033,-42.430523,4,0,0.4956,1,1
6.53580018132925,45750.60126930475,18.14923440281432,-65.71465118459369,-42.721394,4,0,0.2047,1,1
6.535900179296732,45751.30125507712,18.14922803551679,-65.71465080605012,-59.385277,0,0,-16.4592,1,0
6.536600150167942,45756.2010511756,18.149183258436008,-65.71465656376057,-42.70209,4,0,0.224,1,1
6.536700151860714,45756.901063025,18.149176865332542,-65.7146572441075,-42.576298,4,0,0.3498,1,1
6.536800149828196,45757.60104879737,18.149170472839028,-65.71465791541004,-42.59392,4,0,0.3322,1,1
6.536900151520968,45758.30106064677,18.14916408044716,-65.71465857879231,-42.737934,4,0,0.1882,1,1
6.537100151181221,45759.70105826855,18.14915129557656,-65.7146599284122,-42.664406,4,0,0.2617,1,1
6.537100151181221,45759.70105826855,18.149151295648725,-65.71465992589506,-42.704315,4,0,0.2218,1,1
6.5372001603245735,45760.401122272015,18.149144902773426,-65.71466059211556,-42.80571,4,0,0.1204,1,1
6.537300162017345,45761.10113412142,18.14913851053236,-65.71466127434715,-42.65203,4,0,0.2741,1,1
6.537600159645081,45763.20111751557,18.149119334767622,-65.71466329666565,-42.580124,4,0,0.346,1,1
6.5377001613378525,45763.90112936497,18.14911294305219,-65.7146639661244,-42.63074,4,0,0.2953,1,1
6.537900160998106,45765.30112698674,18.149100160151832,-65.71466530529841,-42.728455,4,0,0.1976,1,1
6.537900160998106,45765.30112698674,18.149100160039907,-65.71466530028255,-42.808384,4,0,0.1177,1,1
6.537900160998106,45765.30112698674,18.149100161805467,-65.71466523870112,-43.784714,4,0,-0.8586,0,0
6.537900160998106,45765.30112698674,18.149100160064,-65.71466530836186,-42.679886,4,0,0.2462,1,1
6.538000162690878,45766.00113883615,18.14909376835405,-65.71466598802064,-42.569714,4,0,0.3564,1,1
6.53810017183423,45766.70120283961,18.14908737670604,-65.71466665233262,-42.703938,4,0,0.2221,1,1
6.538300171494484,45768.10120046139,18.149074594303983,-65.71466800111165,-42.65167,4,0,0.2744,1,1
6.538300171494484,45768.10120046139,18.14907459431143,-65.71466799193159,-42.797615,4,0,0.1285,1,1
6.538300171494484,45768.10120046139,18.14907459427504,-65.71466799320079,-42.777493,4,0,0.1486,1,1
6.538400169461966,45768.80118623376,18.149068203447506,-65.71466867250058,-42.673294,4,0,0.2528,1,1
6.5385001711547375,45769.50119808316,18.149061812309803,-65.71466934861002,-42.62072,4,0,0.3054,1,1
6.5385001711547375,45769.50119808316,18.14906183547572,-65.7146684157558,-57.416107,0,0,-14.49,0,3
6.538700170814991,45770.90119570494,18.14904903095361,-65.71467068643602,-42.744045,4,0,0.182,1,1
6.5389001704752445,45772.30119332671,18.14903603982031,-65.71468041416259,90.19894,0,0,133.125,0,0
6.5389001704752445,45772.30119332671,18.149036249432893,-65.71467204220903,-42.58368,4,0,0.3424,1,1
6.539100170135498,45773.701190948486,18.1490234685834,-65.7146733864111,-42.607513,4,0,0.3186,1,1
6.53920017182827,45774.40120279789,18.149017077825537,-65.71467407031507,-42.432755,4,0,0.4933,1,1
6.53920017182827,45774.40120279789,18.149017078323787,-65.71467405293865,-42.70825,4,0,0.2178,1,1
6.539300180971623,45775.10126680136,18.1490106873806,-65.71467472064988,-42.791573,4,0,0.1345,1,1
6.539500180631876,45776.50126442313,18.14899790679027,-65.71467608729107,-42.460487,4,0,0.4656,1,1
6.539600167423487,45777.20117196441,18.14899151757074,-65.71467676164934,-42.436035,4,0,0.4901,1,1
6.539900168776512,45779.30118143559,18.14897237134938,-65.71467783684268,-57.40138,0,0,-14.4753,1,3
6.540100138634443,45780.7009704411,18.14895957061663,-65.71468011907854,-42.5469,4,0,0.3792,1,1
6.540300138294697,45782.10096806288,18.148946791057124,-65.71468148144606,-42.2854,4,0,0.6407,1,1
6.540300138294697,45782.10096806288,18.14894679148674,-65.71468146646453,-42.522923,4,0,0.4032,1,1
6.540500149130821,45783.50104391575,18.148934013661588,-65.71468274136889,-43.649925,4,0,-0.7238,0,0
6.540700148791075,45784.90104153752,18.14892123328748,-65.71468415908112,-42.510742,4,0,0.4153,1,1
6.540700148791075,45784.90104153752,18.14892123294746,-65.7146841709378,-42.32276,4,0,0.6033,1,1
6.540700148791075,45784.90104153752,18.148921233119243,-65.71468416494764,-42.417732,4,0,0.5084,1,1
6.540800146758556,45785.601027309895,18.148914844051724,-65.71468483763138,-42.421623,4,0,0.5045,1,1
6.541100148111582,45787.70103678107,18.14889567657173,-65.71468686098171,-42.34991,4,0,0.5762,1,1
6.541300147771835,45789.10103440285,18.14888289876417,-65.71468820444036,-42.38799,4,0,0.5381,1,1
6.541400149464607,45789.80104625225,18.1488765095907,-65.71468888419263,-42.279915,4,0,0.6462,1,1
6.541400149464607,45789.80104625225,18.14887650961188,-65.71468888345449,-42.29162,4,0,0.6345,1,1
6.541400149464607,45789.80104625225,18.148876533500506,-65.7146879256703,-57.482395,0,0,-14.5563,2,3
6.541400149464607,45789.80104625225,18.14887653396273,-65.71468790955372,-57.73791,0,0,-14.8118,2,0
6.541700158268213,45791.90110787749,18.14885734331566,-65.7146908822035,-42.60946,4,0,0.3166,1,1
6.542000159621239,45794.00111734867,18.14883817715821,-65.71469290732517,-42.507294,4,0,0.4188,1,1
6.542000159621239,45794.00111734867,18.1488381772112,-65.71469290547795,-42.53658,4,0,0.3895,1,1
6.542000159621239,45794.00111734867,18.14883817732677,-65.71469290144836,-42.600464,4,0,0.3256,1,1
6.54210015758872,45794.70110312104,18.148831788957835,-65.71469357282692,-42.623913,4,0,0.3022,1,1
6.542200159281492,45795.401114970446,18.14882540033528,-65.71469424621336,-42.615757,4,0,0.3103,1,1
6.542200159281492,45795.401114970446,18.1488254072968,-65.7146939678376,-47.03088,3,0,-4.1048,0,0
6.54260016977787,45798.20118844509,18.148799845942097,-65.71469694150728,-42.55395,4,0,0.3721,1,1
6.543200168758631,45802.401181310415,18.1487615167161,-65.71470097419048,-42.61529,4,0,0.3108,1,1
6.543200168758631,45802.401181310415,18.148761516822844,-65.71470097046952,-42.674286,4,0,0.2518,1,1
6.543200168758631,45802.401181310415,18.14876151647018,-65.71470098276316,-42.479374,4,0,0.4467,1,1
6.543300166726112,45803.10116708279,18.148755128289896,-65.71470165918535,-42.420258,4,0,0.5058,1,1
6.543400138616562,45803.80097031593,18.148748742517096,-65.71470230396979,-42.859974,4,0,0.0661,1,1
6.543500136584044,45804.50095608831,18.14874165693153,-65.71473082560023,398.8641,0,0,441.7902,0,0
6.543500136584044,45804.50095608831,18.1487416568332,-65.71473082902774,398.91843,0,0,441.8445,0,0
6.543500136584044,45804.50095608831,18.14874165779738,-65.71473079541792,398.3855,0,0,441.3116,0,0
6.543500136584044,45804.50095608831,18.14874165669404,-65.71473083387883,398.99536,0,0,441.9214,0,0
6.543500136584044,45804.50095608831,18.148741658006777,-65.71473077920368,398.128,0,0,441.0541,0,0
6.543500136584044,45804.50095608831,18.14874165686308,-65.71473082798624,398.90192,0,0,441.828,0,0
6.543500136584044,45804.50095608831,18.14874165775609,-65.71473079685701,398.40833,0,0,441.3344,0,0
6.543500136584044,45804.50095608831,18.148741708546083,-65.71472876786201,366.22348,0,0,409.1496,0,0
6.543500136584044,45804.50095608831,18.148741737766457,-65.71472759772847,347.66232,0,0,390.5884,0,0
6.543600138276815,45805.20096793771,18.148735966001983,-65.7147036718493,-42.501648,4,0,0.4244,1,1
6.543600138276815,45805.20096793771,18.14873596617264,-65.71470366590101,-42.59596,4,0,0.3301,1,1
6.543900139629841,45807.300977408886,18.148716801742705,-65.71470569352294,-42.44043,4,0,0.4857,1,1
6.544000148773193,45808.00104141235,18.14871041325643,-65.71470636326617,-42.48601,4,0,0.4401,1,1
6.544100146740675,45808.701027184725,18.14870402570231,-65.71470702585457,-42.64347,4,0,0.2826,1,1
6.544100146740675,45808.701027184725,18.14870402552928,-65.71470703188575,-42.547848,4,0,0.3782,1,1
6.544200148433447,45809.40103903413,18.14869763736824,-65.71470770783787,-42.493446,4,0,0.4326,1,1
6.5443001464009285,45810.1010248065,18.148691249704264,-65.7147083751652,-42.574997,4,0,0.3511,1,1
6.544500149786472,45811.501048505306,18.148678473615565,-65.71470972090371,-42.56195,4,0,0.3641,1,1
6.544500149786472,45811.501048505306,18.14867847395349,-65.71470970912515,-42.748695,4,0,0.1774,1,1
6.544600147753954,45812.20103427768,18.148672108003847,-65.71470950474013,-56.654903,0,0,-13.7288,1,3
6.544800147414208,45813.60103189945,18.14865931005899,-65.71471173801237,-42.562164,4,0,0.3639,1,1
6.544800147414208,45813.60103189945,18.14865931017716,-65.71471173389372,-42.627464,4,0,0.2986,1,1
6.545000158250332,45815.00110775232,18.14864653350293,-65.71471308569583,-42.514698,4,0,0.4114,1,1
6.545100159943104,45815.70111960173,18.148640145650823,-65.7147137530675,-42.59244,4,0,0.3336,1,1
6.545300159603357,45817.1011172235,18.14862737017932,-65.71471507903595,-42.885597,4,0,0.0405,1,1
6.545400157570839,45817.80110299587,18.14862098213967,-65.71471577001252,-42.586807,4,0,0.3393,1,1
6.545500159263611,45818.50111484528,18.14861459424776,-65.71471642961373,-42.786156,4,0,0.1399,1,1
6.545700158923864,45819.90111246705,18.148601818550887,-65.71471777130465,-42.825512,4,0,0.1006,1,1
6.545700158923864,45819.90111246705,18.148601818302467,-65.71471778887478,-42.54654,4,0,0.3795,1,1
6.545700158923864,45819.90111246705,18.14860184086197,-65.71471688681657,-56.853596,0,0,-13.9275,1,3
6.545900158584118,45821.301110088825,18.14858904230894,-65.71471913982646,-42.436886,4,0,0.4892,1,1
6.546200167387724,45823.40117171407,18.14856987820378,-65.7147211442341,-42.61835,4,0,0.3077,1,1
6.546200167387724,45823.40117171407,18.148569878202323,-65.7147211442852,-42.61754,4,0,0.3085,1,1
6.5464001670479774,45824.80116933584,18.14855710440938,-65.71472159220214,-56.53162,0,0,-13.6055,3,3
6.546600166708231,45826.20116695762,18.14854430954255,-65.71472379807166,-42.894638,4,0,0.0314,1,1
6.546700168401003,45826.90117880702,18.14853792233615,-65.71472449494452,-42.515396,4,0,0.4107,1,1
6.546900138258934,45828.30096781254,18.148525151059456,-65.71472583374306,-42.623363,4,0,0.3027,1,1
6.547000139951706,45829.00097966194,18.148518764094764,-65.71472651094139,-42.55448,4,0,0.3716,1,1
6.547000139951706,45829.00097966194,18.14851876394869,-65.71472651603108,-42.473785,4,0,0.4523,1,1
6.547100137919188,45829.70096543431,18.14851237726305,-65.71472719088021,-42.441067,4,0,0.485,1,1
6.547300148755312,45831.101041287184,18.148499606781098,-65.71472838613784,-44.82452,4,0,-1.8984,0,0
6.547400146722794,45831.80102705956,18.148493216308324,-65.71472920777383,-42.46158,4,0,0.4645,1,1
6.547700148075819,45833.90103653073,18.14847405575844,-65.71473121714703,-42.593857,4,0,0.3322,1,1
6.5479001477360725,45835.30103415251,18.14846130177352,-65.71473175944477,-55.3236,0,0,-12.3975,1,0
6.548100147396326,45836.70103177428,18.148448507445018,-65.7147339157049,-42.45147,4,0,0.4746,1,1
6.54830014705658,45838.10102939606,18.148435733554862,-65.71473524706059,-42.65949,4,0,0.2666,1,1
6.54830014705658,45838.10102939606,18.14843575605445,-65.71473434737477,-56.929035,0,0,-14.0029,1,3
6.548500157892704,45839.50110524893,18.1484229580181,-65.71473660467734,-42.448895,4,0,0.4772,1,1
6.548600159585476,45840.20111709833,18.148416570885164,-65.71473726711811,-42.601383,4,0,0.3247,1,1
6.5487001575529575,45840.9011028707,18.14841018353776,-65.7147379435627,-42.530544,4,0,0.3955,1,1
6.5488001592457294,45841.601114720106,18.148403796249568,-65.71473860789946,-42.65116,4,0,0.2749,1,1
6.549100156873465,45843.70109811425,18.14838389599988,-65.7147700490767,424.0917,0,0,467.0178,0,0
6.549100156873465,45843.70109811425,18.14838463386993,-65.7147406215641,-42.67925,4,0,0.2468,1,1
6.549100156873465,45843.70109811425,18.14838465609507,-65.71473973152838,-56.79583,0,0,-13.8697,1,3
6.549300156533718,45845.10109573603,18.14837185840555,-65.71474197215012,-42.564148,4,0,0.3619,1,1
6.549300156533718,45845.10109573603,18.148371858563625,-65.71474195773486,-42.793102,4,0,0.133,1,1
6.549300156533718,45845.10109573603,18.14837185852764,-65.71474196789738,-42.631573,4,0,0.2945,1,1
6.54940015822649,45845.80110758543,18.148365470680808,-65.71474263995634,-42.624023,4,0,0.3021,1,1
6.5495001673698425,45846.5011715889,18.14835910447413,-65.7147424237449,-56.704872,0,0,-13.7788,3,3
6.549800168722868,45848.60118106008,18.148339918518825,-65.71474532514539,-42.632427,4,0,0.2937,1,1
6.54990016669035,45849.30116683245,18.148333530676933,-65.714745994174,-42.667416,4,0,0.2587,1,1
6.54990016669035,45849.30116683245,18.148333552662383,-65.71474511257425,-56.650272,0,0,-13.7242,3,3
6.5500001683831215,45850.00117868185,18.148327142307217,-65.71474667095472,-42.57884,4,0,0.3472,1,1
6.550100170075893,45850.70119053125,18.148320754160405,-65.71474733755755,-42.65056,4,0,0.2755,1,1
6.550400137901306,45852.80096530914,18.148301591346552,-65.71474934840258,-42.680252,4,0,0.2458,1,1
6.550500139594078,45853.50097715855,18.14829520287937,-65.7147500160448,-42.731106,4,0,0.195,1,1
6.55060013756156,45854.20096293092,18.148288814291508,-65.71475069350934,-42.62471,4,0,0.3014,1,1
6.550900150090456,45856.30105063319,18.148269647401705,-65.71475270749394,-42.59251,4,0,0.3336,1,1
6.551000148057938,45857.00103640556,18.14826325872428,-65.71475337705306,-42.606842,4,0,0.3192,1,1
6.551000148057938,45857.00103640556,18.148263258704645,-65.7147533777369,-42.596,4,0,0.3301,1,1
6.551200147718191,45858.40103402734,18.148250480723256,-65.71475472177215,-42.543556,4,0,0.3825,1,1
6.551600147038698,45861.20102927089,18.148224924319525,-65.71475738943172,-42.74781,4,0,0.1783,1,1
6.551600147038698,45861.20102927089,18.14822492429112,-65.71475739042127,-42.73212,4,0,0.194,1,1
6.551600147038698,45861.20102927089,18.14822494696019,-65.71475648518648,-57.089764,4,0,-14.1637,3,3
6.551800146698952,45862.60102689266,18.148212144802606,-65.71475874806467,-42.449387,4,0,0.4767,1,1
6.551800146698952,45862.60102689266,18.1482121447698,-65.71475874920706,-42.431274,4,0,0.4948,1,1
6.552000157535076,45864.00110274553,18.148199365301064,-65.71476007099365,-42.713093,4,0,0.213,1,1
6.552000157535076,45864.00110274553,18.148199387633937,-65.71475917749932,-56.884605,4,0,-13.9585,3,3
6.552000157535076,45864.00110274553,18.14819938707531,-65.71475919695288,-56.57617,4,0,-13.6501,3,3
6.552100159227848,45864.70111459494,18.14819297496921,-65.71476075605298,-42.468544,4,0,0.4575,1,1
6.552100159227848,45864.70111459494,18.148192975211817,-65.7147607476044,-42.602493,4,0,0.3236,1,1
6.55220015719533,45865.40110036731,18.148186585439408,-65.71476141812343,-42.586796,4,0,0.3393,1,1
6.55220015719533,45865.40110036731,18.148186585571526,-65.7147614135228,-42.659737,4,0,0.2663,1,1
6.552300158888102,45866.10111221671,18.148180195337662,-65.7147620884839,-42.57271,4,0,0.3534,1,1
6.552400156855583,45866.80109798908,18.14817380570934,-65.71476273831448,-42.882824,4,0,0.0433,1,1
6.552400156855583,45866.80109798908,18.148173805424445,-65.7147627571411,-42.583923,4,0,0.3422,1,1
6.552500158548355,45867.501109838486,18.148167415264528,-65.7147634226848,-42.643585,4,0,0.2825,1,1
6.552600156515837,45868.20109561086,18.14816103806324,-65.71476357052815,-50.91286,3,0,-7.9868,0,0
6.552600156515837,45868.20109561086,18.148161024982223,-65.7147640972763,-42.558075,4,0,0.368,1,1
6.552700158208609,45868.90110746026,18.14815463455608,-65.71476476509687,-42.578976,4,0,0.3471,1,1
6.5528001599013805,45869.601119309664,18.148148243985947,-65.7147654343767,-42.5754,4,0,0.3507,1,1
6.552900169044733,45870.30118331313,18.14814185307888,-65.71476609526884,-42.70425,4,0,0.2218,1,1
6.552900169044733,45870.30118331313,18.14814185301545,-65.71476609747727,-42.669235,4,0,0.2569,1,1
6.553200166672468,45872.40116670728,18.14812268087076,-65.71476810428629,-42.661816,4,0,0.2643,1,1
6.55330016836524,45873.10117855668,18.14811629489111,-65.7147685686965,-45.90081,3,0,-2.9747,0,0
6.553400170058012,45873.80119040608,18.148109898725185,-65.7147694374492,-42.72516,4,0,0.2009,1,1
6.553400170058012,45873.80119040608,18.148109898729928,-65.71476943728392,-42.72778,4,0,0.1983,1,1
6.5536001697182655,45875.20118802786,18.148097115906285,-65.71477078710313,-42.52104,4,0,0.405,1,1
6.553700137883425,45875.90096518397,18.148090726911104,-65.71477144233269,-42.724228,4,0,0.2019,1,1
6.553700137883425,45875.90096518397,18.148090726550613,-65.7147714548842,-42.525223,4,0,0.4009,1,1
6.553800139576197,45876.60097703338,18.14808433486258,-65.71477212558209,-42.485287,4,0,0.4408,1,1
6.554200150072575,45879.40105050802,18.148058766978185,-65.71477479981355,-42.44728,4,0,0.4788,1,1
6.554300148040056,45880.10103628039,18.14805237560444,-65.71477544781837,-42.759525,4,0,0.1666,1,1
6.554600149393082,45882.20104575157,18.14803319798469,-65.71477747015199,-42.44658,4,0,0.4795,1,1
6.554800149053335,45883.60104337335,18.148020422057243,-65.71477842966954,-48.395664,3,0,-5.4696,0,0
6.555000148713589,45885.00104099512,18.14800762749104,-65.71478012798175,-42.620335,4,0,0.3058,1,1
6.55510014668107,45885.70102676749,18.148001234219315,-65.71478080846053,-42.4058,4,0,0.5203,1,1
6.555300157517195,45887.10110262036,18.14798844740927,-65.7147821326217,-42.557163,4,0,0.3689,1,1
6.555500157177448,45888.50110024214,18.147975660775288,-65.71478344902366,-42.82466,4,0,0.1014,1,1
6.555700156837702,45889.90109786391,18.1479628729377,-65.71478480740332,-42.41965,4,0,0.5064,1,1
6.555800158530474,45890.60110971332,18.147956479252525,-65.71478546316096,-42.586742,4,0,0.3393,1,1
6.555800158530474,45890.60110971332,18.1479564789494,-65.71478547371417,-42.41942,4,0,0.5067,1,1
6.556000158190727,45892.00110733509,18.147943691178625,-65.71478679389577,-42.611145,4,0,0.3149,1,1
6.556200157850981,45893.40110495687,18.14793090292221,-65.7147881038661,-42.95893,4,0,-0.0328,1,1
6.556300166994333,45894.10116896033,18.147924507561,-65.71478878757414,-42.675446,4,0,0.2506,1,1
6.556300166994333,45894.10116896033,18.1479245095094,-65.71478871084014,-43.892467,3,0,-0.9664,0,0
6.556300166994333,45894.10116896033,18.147924507299354,-65.71478879668273,-42.53103,4,0,0.3951,1,1
6.556400168687105,45894.801180809736,18.14791811233942,-65.71478946943188,-42.419342,4,0,0.5067,1,1
6.556700170040131,45896.901190280914,18.147898927722107,-65.71479145887568,-42.531086,4,0,0.395,1,1
6.556900169700384,45898.30118790269,18.147886137559816,-65.71479277897649,-42.695732,4,0,0.2304,1,1
6.557000167667866,45899.00117367506,18.14787899824685,-65.71482309246211,427.58536,0,0,470.5114,0,0
6.557000167667866,45899.00117367506,18.147879742231005,-65.71479344468072,-42.685825,4,0,0.2403,1,1
6.557300139218569,45901.10097452998,18.14786055698069,-65.71479543715601,-42.71767,4,0,0.2084,1,1
6.557300139218569,45901.10097452998,18.14786055704145,-65.71479543504074,-42.75121,4,0,0.1749,1,1
6.557800147682428,45904.601033777,18.14782857502588,-65.7147987625386,-42.67179,4,0,0.2543,1,1
6.558000147342682,45906.00103139877,18.14781578113496,-65.71480010643359,-42.4238,4,0,0.5023,1,1
6.558000147342682,45906.00103139877,18.14781580362793,-65.7147992076707,-56.678936,4,0,-13.7528,3,3
6.558600150048733,45910.20105034113,18.147777397583607,-65.7148040768001,-42.61343,4,0,0.3127,1,1
6.558700159192085,45910.9011143446,18.14777099950756,-65.71480473028282,-42.770977,4,0,0.1551,1,1
6.558700159192085,45910.9011143446,18.147770999751845,-65.71480471287524,-43.04738,4,0,-0.1213,1,1
6.558800157159567,45911.60110011697,18.147764624446143,-65.7148044866623,-57.154533,4,0,-14.2284,1,3
6.55900015681982,45913.00109773874,18.14775182703384,-65.7148058538188,-56.505177,4,0,-13.5791,1,3
6.559300158172846,45915.10110720992,18.14773260982152,-65.71480871274721,-42.699932,4,0,0.2262,1,1
6.55950016900897,45916.50118306279,18.147719811562823,-65.71481003415307,-42.760803,4,0,0.1653,1,1
6.559600166976452,45917.20116883516,18.147713412206024,-65.7148107117285,-42.520493,4,0,0.4056,1,1
6.560100167989731,45920.70117592812,18.147681414962268,-65.71481401464497,-42.64272,4,0,0.2834,1,1
6.560200169682503,45921.40118777752,18.147675014892712,-65.71481467605675,-42.649414,4,0,0.2767,1,1
6.560400169342756,45922.801185399294,18.147662214275574,-65.71481601294346,-42.434345,4,0,0.4917,1,1
6.560500137507916,45923.50096255541,18.14765581614285,-65.71481666833996,-42.527916,4,0,0.3982,1,1
6.560600139200687,45924.20097440481,18.147649415430063,-65.71481733397512,-42.46105,4,0,0.465,1,1
6.560600139200687,45924.20097440481,18.147649415403222,-65.71481733490936,-42.446236,4,0,0.4799,1,1
6.560900136828423,45926.30095779896,18.14763021361938,-65.71481930542768,-42.65353,4,0,0.2726,1,1
6.560900136828423,45926.30095779896,18.14763021353904,-65.71481930822422,-42.60919,4,0,0.3169,1,1
6.5610001385211945,45927.00096964836,18.14762381209754,-65.71481997883153,-42.457035,4,0,0.4691,1,1
6.561100147664547,45927.70103365183,18.14761741059931,-65.71482062976051,-42.616055,4,0,0.31,1,1
6.561200149357319,45928.40104550123,18.147611008863525,-65.71482130041937,-42.459866,4,0,0.4662,1,1
6.561200149357319,45928.40104550123,18.14761103040693,-65.71482044356279,-56.05015,4,0,-13.1241,1,3
6.5613001473248005,45929.1010312736,18.147604607620348,-65.71482195711253,-42.523117,4,0,0.403,1,1
6.56180014833808,45932.60103836656,18.147572620113944,-65.71482437233652,-56.5878,4,0,-13.6617,1,3
6.561900157481432,45933.30110237002,18.14756619485365,-65.71482592561966,-42.422028,4,0,0.5041,1,1
6.562000159174204,45934.00111421943,18.14755979279608,-65.71482656684108,-42.71985,4,0,0.2062,1,1
6.5626001581549644,45938.20110708475,18.147521374634785,-65.71483053554924,-42.548252,4,0,0.3778,1,1
6.56290015950799,45940.30111655593,18.14750216349458,-65.71483251974014,-42.4443,4,0,0.4818,1,1
6.563000157475472,45941.0011023283,18.147495760147272,-65.71483316149137,-42.71794,4,0,0.2081,1,1
6.563000157475472,45941.0011023283,18.147495760037216,-65.71483316532345,-42.65718,4,0,0.2689,1,1
6.563200168311596,45942.40117818117,18.147482951115048,-65.71483448326768,-42.65511,4,0,0.271,1,1
6.563500169664621,45944.50118765235,18.147463737822104,-65.71483645313158,-42.750927,4,0,0.1752,1,1
6.563600167632103,45945.20117342472,18.14745733275487,-65.7148371276051,-42.496563,4,0,0.4295,1,1
6.563600167632103,45945.20117342472,18.14745733315756,-65.7148371135836,-42.718872,4,0,0.2072,1,1
6.563600167632103,45945.20117342472,18.14745735424776,-65.71483627236374,-56.061188,0,0,-13.1351,3,3
6.563700169324875,45945.90118527413,18.14745092790433,-65.71483778136091,-42.569576,4,0,0.3565,1,1
6.5638001672923565,45946.601171046495,18.14744454506512,-65.71483755631095,-56.579353,0,0,-13.6533,3,3
6.564000137150288,45948.00096005201,18.14743171469668,-65.71483974948727,-42.667118,4,0,0.259,1,1
6.564200136810541,45949.40095767379,18.14741890333304,-65.71484107955538,-42.4419,4,0,0.4842,1,1
6.564700148999691,45952.90104299784,18.147386872642087,-65.71484437161264,-42.380016,4,0,0.5461,1,1
6.564800146967173,45953.60102877021,18.147380466463574,-65.71484502719017,-42.407845,4,0,0.5182,1,1
6.5650001503527164,45955.001052469015,18.14736765319628,-65.71484633944634,-42.44263,4,0,0.4835,1,1
6.56520015001297,45956.40105009079,18.147354839577307,-65.71484765367636,-42.44019,4,0,0.4859,1,1
6.565400149673224,45957.80104771256,18.14734202553429,-65.71484896428352,-42.489723,4,0,0.4364,1,1
6.5657001584768295,45959.90110933781,18.14732280334092,-65.71485091470274,-42.800503,4,0,0.1256,1,1
6.565800160169601,45960.60112118721,18.147316395345563,-65.71485157689787,-42.71031,4,0,0.2158,1,1
6.566100157797337,45962.70110458136,18.14729717137919,-65.714853560302,-42.48114,4,0,0.4449,1,1
6.566700167953968,45966.901175677776,18.14725879065403,-65.71485753130057,-42.631107,4,0,0.295,1,1
6.56680016964674,45967.60118752718,18.14725237791249,-65.71485808438895,-44.1976,3,0,-1.2715,0,0
6.566900167614222,45968.30117329955,18.14724596048176,-65.71485884060577,-42.54033,4,0,0.3858,1,1
6.5670001693069935,45969.00118514896,18.147239567545306,-65.71485859767388,-56.729633,0,0,-13.8035,3,3
6.567100167274475,45969.701170921326,18.147233130352017,-65.71486013221406,-42.725445,4,0,0.2006,1,1
6.567200168967247,45970.40118277073,18.147226048162054,-65.71488736430541,378.88437,0,0,421.8105,0,0
6.567200168967247,45970.40118277073,18.147226714769456,-65.71486077709751,-42.831497,4,0,0.0946,1,1
6.567200168967247,45970.40118277073,18.1472267145436,-65.71486079387417,-42.5651,4,0,0.361,1,1
6.567200168967247,45970.40118277073,18.147226737658773,-65.71485987288675,-57.17241,0,0,-14.2463,1,3
6.567300137132406,45971.10095992685,18.147220301129337,-65.71486144301595,-42.59867,4,0,0.3274,1,1
6.56750014051795,45972.50098362565,18.1472074694647,-65.71486274916386,-42.544846,4,0,0.3812,1,1
6.56750014051795,45972.50098362565,18.147207490970523,-65.71486188417832,-56.264236,0,0,-13.3381,3,3
6.56800014898181,45976.00104287267,18.14717538861893,-65.71486601152529,-42.440384,4,0,0.4857,1,1
6.568100146949291,45976.70102864504,18.14716872073509,-65.71487670631133,116.863884,0,0,159.79,0,0
6.568100146949291,45976.70102864504,18.14716897322435,-65.71486662644318,-43.012108,4,0,-0.086,1,1
6.568200148642063,45977.40104049444,18.147162556016468,-65.71486731091424,-42.479774,4,0,0.4463,1,1
6.568300150334835,45978.101052343845,18.147156139619995,-65.71486795514342,-42.58501,4,0,0.3411,1,1
6.568400148302317,45978.80103811622,18.147149723278087,-65.71486860278799,-42.63488,4,0,0.2912,1,1
6.568400148302317,45978.80103811622,18.147149723004112,-65.71486861233412,-42.48353,4,0,0.4426,1,1
6.568700149655342,45980.9010475874,18.14713047267522,-65.71487056479916,-42.478157,4,0,0.4479,1,1
6.568700149655342,45980.9010475874,18.147130495920376,-65.71486963895937,-57.162296,0,0,-14.2362,3,3
6.568800158798695,45981.60111159086,18.14712405641268,-65.71487116468771,-43.283646,4,0,-0.3576,1,0
6.5689001604914665,45982.301123440266,18.1471176381268,-65.71487186692279,-42.464172,4,0,0.4619,1,1
6.569000158458948,45983.00110921264,18.147111221808466,-65.71487249747332,-42.78057,4,0,0.1455,1,1
6.56910016015172,45983.70112106204,18.14710480411147,-65.7148731653216,-42.50535,4,0,0.4207,1,1
6.569200158119202,45984.40110683441,18.147098387613585,-65.71487379732972,-42.797337,4,0,0.1287,1,1
6.569300159811974,45985.101118683815,18.14709196975397,-65.714874466206,-42.504562,4,0,0.4215,1,1
6.569500159472227,45986.50111630559,18.14707913518403,-65.71487576568434,-42.52372,4,0,0.4024,1,1
6.569600157439709,45987.20110207796,18.147072717844363,-65.71487641837794,-42.485447,4,0,0.4406,1,1
6.569800157099962,45988.601099699736,18.14705972929005,-65.71488384843514,54.733223,0,0,97.6593,0,0
6.569800157099962,45988.601099699736,18.147059883000363,-65.71487771537828,-42.540737,4,0,0.3853,1,1
6.570600166916847,45994.20116841793,18.1470085409718,-65.71488290491767,-42.72211,4,0,0.204,1,1
6.570600166916847,45994.20116841793,18.14700854074924,-65.71488291267657,-42.5991,4,0,0.327,1,1
6.570800140500069,45995.60098350048,18.146995706043324,-65.71488423319838,-42.271496,4,0,0.6546,1,1
6.571000140160322,45997.000981122255,18.14698287036352,-65.71488552542203,-42.39438,4,0,0.5317,1,1
6.571200147271156,45998.401030898094,18.14697003379893,-65.71488682842855,-42.34641,4,0,0.5797,1,1
6.571300148963928,45999.1010427475,18.146963615656738,-65.7148874781071,-42.350975,4,0,0.5751,1,1
6.57140014693141,45999.80102851987,18.1469571982538,-65.71488809831726,-42.822834,4,0,0.1033,1,1
6.571500148624182,46000.50104036927,18.146950780139644,-65.71488875476207,-42.719563,4,0,0.2065,1,1
6.572000149637461,46004.00104746223,18.14691868931717,-65.71489201232869,-42.595253,4,0,0.3308,1,1
6.572100147604942,46004.7010332346,18.14691227113826,-65.71489266878419,-42.491947,4,0,0.4341,1,1
6.572100147604942,46004.7010332346,18.14691229299372,-65.71489179061592,-56.420044,0,0,-13.494,3,3
6.572200149297714,46005.401045084,18.146905853179124,-65.71489330925645,-42.64254,4,0,0.2835,1,1
6.572200149297714,46005.401045084,18.146905853225125,-65.71489330765196,-42.667976,4,0,0.2581,1,1
6.572200149297714,46005.401045084,18.14690585324457,-65.71489330697402,-42.678726,4,0,0.2474,1,1
6.572300147265196,46006.10103085637,18.14689943519749,-65.71489395890399,-42.647408,4,0,0.2787,1,1
6.572400160133839,46006.80112093687,18.14689301629692,-65.7148946074933,-42.67074,4,0,0.2553,1,1
6.57250015810132,46007.50110670924,18.146886598456685,-65.71489525258757,-42.748127,4,0,0.178,1,1
6.572600159794092,46008.201118558645,18.14688018021636,-65.71489590362678,-42.73185,4,0,0.1942,1,1
6.572600159794092,46008.201118558645,18.1468802031428,-65.71489497907014,-57.395767,0,0,-14.4697,0,0
6.572700157761574,46008.90110433102,18.1468737621714,-65.7148965476277,-42.827404,4,0,0.0987,1,1
6.572700157761574,46008.90110433102,18.146873783457327,-65.71489570703145,-56.15897,0,0,-13.2329,3,3
6.572800159454346,46009.60111618042,18.146867343870014,-65.7148972105571,-42.622684,4,0,0.3034,1,1
6.572800159454346,46009.60111618042,18.14686734370975,-65.71489721614732,-42.534054,4,0,0.392,1,1
6.573000159114599,46011.0011138022,18.1468538343078,-65.714925411353,384.0537,0,0,426.9798,0,0
6.573100157082081,46011.701099574566,18.14684809044813,-65.71489913209348,-43.077354,4,0,-0.1513,1,1
6.573200158774853,46012.40111142397,18.146841671837024,-65.71489980841748,-42.661514,4,0,0.2646,1,1
6.573200158774853,46012.40111142397,18.146841672039805,-65.71489980134355,-42.773666,4,0,0.1524,1,1
6.573300167918205,46013.10117542744,18.14683525333012,-65.7149004474664,-42.83859,4,0,0.0875,1,1
6.573600169271231,46015.201184898615,18.146815999538813,-65.71490239502312,-42.886246,4,0,0.0398,1,1
6.574000168591738,46018.00118014216,18.146790328418792,-65.71490499252718,-42.94405,4,0,-0.018,1,1
6.574100140482187,46018.70098337531,18.146783912210264,-65.7149056617618,-42.641705,4,0,0.2844,1,1
6.574500139802694,46021.50097861886,18.146758241938787,-65.71490825660723,-42.753162,4,0,0.1729,1,1
6.574500139802694,46021.50097861886,18.146758241804967,-65.71490826127699,-42.67913,4,0,0.247,1,1
6.574500139802694,46021.50097861886,18.14675826335637,-65.71490739318085,-56.447372,0,0,-13.5213,3,3
6.574600137770176,46022.20096439123,18.14675183519496,-65.71490848305773,-49.47947,3,0,-6.5534,0,0
6.574600137770176,46022.20096439123,18.146751845755613,-65.71490805204125,-56.31572,0,0,-13.3896,3,3
6.5748001486063,46023.6010402441,18.146738988745263,-65.7149102192743,-42.58245,4,0,0.3436,1,1
6.575000148266554,46025.00103786588,18.14672615427721,-65.71491151675684,-42.64545,4,0,0.2806,1,1
6.575000148266554,46025.00103786588,18.1467261545218,-65.71491150822096,-42.78078,4,0,0.1453,1,1
6.575100149959326,46025.70104971528,18.14671975873273,-65.71491129146396,-56.540653,0,0,-13.6146,3,3
6.575200147926807,46026.40103548765,18.14671331995441,-65.71491281771975,-42.6564,4,0,0.2697,1,1
6.575200147926807,46026.40103548765,18.14671332013821,-65.71491281130488,-42.758102,4,0,0.168,1,1
6.575300149619579,46027.101047337055,18.14670690271512,-65.71491347013921,-42.63257,4,0,0.2935,1,1
6.575300149619579,46027.101047337055,18.14670690238522,-65.71491348165362,-42.450016,4,0,0.4761,1,1
6.575500149279833,46028.50104495883,18.14669409136472,-65.7149138670493,-56.98678,0,0,-14.0607,3,3
6.5756001472473145,46029.2010307312,18.14668765187845,-65.7149154276125,-42.56207,4,0,0.364,1,1
6.5756001472473145,46029.2010307312,18.14668767339848,-65.71491456037668,-56.316605,0,0,-13.3905,3,3
6.575700160115957,46029.9011208117,18.14668123439945,-65.71491607322062,-42.650898,4,0,0.2752,1,1
6.576000157743692,46032.00110420585,18.14666198450289,-65.71491802882923,-42.621033,4,0,0.3051,1,1
6.576100159436464,46032.70111605525,18.14665556760556,-65.71491868994094,-42.46677,4,0,0.4593,1,1
6.576100159436464,46032.70111605525,18.14665556754432,-65.71491869207904,-42.432873,4,0,0.4932,1,1
6.576100159436464,46032.70111605525,18.14665559075398,-65.71491776575505,-57.12417,0,0,-14.1981,3,3
6.576200157403946,46033.40110182762,18.146649151516804,-65.71491933402172,-42.583153,4,0,0.3429,1,1
6.576200157403946,46033.40110182762,18.14664917330264,-65.71491845738339,-56.48672,0,0,-13.5606,3,3
6.576300159096718,46034.10111367703,18.14664273549427,-65.7149199704103,-42.822914,4,0,0.1032,1,1
6.576300159096718,46034.10111367703,18.14664273480253,-65.71491999456047,-42.440033,4,0,0.4861,1,1
6.576600160449743,46036.2011231482,18.14662348611014,-65.71492195213477,-42.397877,4,0,0.5282,1,1
6.576600160449743,46036.2011231482,18.14662348632441,-65.71492194465336,-42.516487,4,0,0.4096,1,1
6.576800167560577,46037.60117292404,18.146610654025007,-65.71492324603433,-42.552746,4,0,0.3733,1,1
6.576900169253349,46038.301184773445,18.146604237844144,-65.71492390691856,-42.4108,4,0,0.5153,1,1
6.577000167220831,46039.00117054582,18.14659782232033,-65.71492455655992,-42.44789,4,0,0.4782,1,1
6.577000167220831,46039.00117054582,18.14659785030555,-65.71492343650227,-60.211796,0,0,-17.2857,0,0
6.577100168913603,46039.70118239522,18.146590685951104,-65.71495402211748,414.56107,0,0,457.4872,0,0
6.577200170606375,46040.40119424462,18.14658499085336,-65.71492586199241,-42.429092,4,0,0.497,1,1
6.577400170266628,46041.8011918664,18.146572160311653,-65.71492715990064,-42.53401,4,0,0.3921,1,1
6.577400170266628,46041.8011918664,18.146572160268907,-65.71492716139335,-42.510345,4,0,0.4157,1,1
6.577600140124559,46043.20098087192,18.14655933192667,-65.71492846376975,-42.546436,4,0,0.3797,1,1
6.577700138092041,46043.90096664429,18.14655291699429,-65.71492911807668,-42.51834,4,0,0.4077,1,1
6.577700138092041,46043.90096664429,18.146552917208137,-65.71492911060822,-42.63675,4,0,0.2893,1,1
6.577900137752295,46045.30096426606,18.14654008777052,-65.71493040758712,-42.769417,4,0,0.1567,1,1
6.5780001394450665,46046.000976115465,18.146533672347907,-65.71493108241177,-42.420467,4,0,0.5056,1,1
6.578100148588419,46046.70104011893,18.14652725710618,-65.71493173829391,-42.373985,4,0,0.5521,1,1
6.578100148588419,46046.70104011893,18.14652725715393,-65.71493173662604,-42.40043,4,0,0.5257,1,1
6.578100148588419,46046.70104011893,18.146527257384587,-65.71493172857008,-42.52815,4,0,0.3979,1,1
6.5783001482486725,46048.10103774071,18.1465144281833,-65.714933049434,-42.293217,4,0,0.6329,1,1
6.578400149941444,46048.80104959011,18.1465080366066,-65.71493279163391,-56.74096,0,0,-13.8149,1,3
6.578500147908926,46049.50103536248,18.14650162219434,-65.7149334601055,-56.49944,0,0,-13.5734,1,3
6.578800149261952,46051.60104483366,18.14648235814709,-65.71493631787702,-42.26608,4,0,0.66,1,1
6.579200159758329,46054.40111830831,18.146456704744928,-65.71493888990786,-42.950405,4,0,-0.0243,1,1
6.579400159418583,46055.80111593008,18.146443878831533,-65.7149401929839,-43.03076,4,0,-0.1047,1,1
6.5795001573860645,46056.50110170245,18.1464374652538,-65.71494088639015,-42.40899,4,0,0.5171,1,1
6.579700160771608,46057.90112540126,18.14642463964981,-65.71494219887035,-42.35039,4,0,0.5757,1,1
6.580000158399344,46060.001108795404,18.146405403154905,-65.71494415160461,-42.527824,4,0,0.3983,1,1
6.580200169235468,46061.40118464828,18.14639257887121,-65.71494544173929,-42.841522,4,0,0.0846,1,1
6.5803001672029495,46062.10117042065,18.14638616692958,-65.71494611746802,-42.513485,4,0,0.4126,1,1
6.5808001682162285,46065.6011775136,18.14635411035766,-65.7149493946105,-42.512173,4,0,0.4139,1,1
6.580900140106678,46066.300980746746,18.14634770134516,-65.7149500486622,-42.536186,4,0,0.3899,1,1
6.580900140106678,46066.300980746746,18.14634770539033,-65.71494988049366,-45.203518,4,0,-2.2774,0,0
6.58100013807416,46067.00096651912,18.146341290932984,-65.71495069873863,-42.627766,4,0,0.2983,1,1
6.58100013807416,46067.00096651912,18.146341290728024,-65.7149507059011,-42.514214,4,0,0.4119,1,1
6.581100139766932,46067.70097836852,18.14633488134122,-65.71495130828552,-43.364525,4,0,-0.4384,1,0
6.581300139427185,46069.100975990295,18.14632205944173,-65.71495267376481,-42.521236,4,0,0.4049,1,1
6.581300139427185,46069.100975990295,18.146322059416526,-65.71495267464537,-42.507275,4,0,0.4188,1,1
6.581600148230791,46071.20103761554,18.146302829149512,-65.71495463978934,-42.57508,4,0,0.351,1,1
6.581800147891045,46072.60103523731,18.14629001044794,-65.71495594012222,-42.783955,4,0,0.1421,1,1
6.5819001495838165,46073.30104708672,18.14628360207098,-65.71495655163913,-43.504627,4,0,-0.5785,0,0
6.5819001495838165,46073.30104708672,18.146283600578144,-65.71495661275253,-42.53534,4,0,0.3907,1,1
6.582200147211552,46075.40103048086,18.146264374110046,-65.71495857180409,-42.733253,4,0,0.1928,1,1
6.582300148904324,46076.101042330265,18.146257987943063,-65.71495832273341,-57.11016,0,0,-14.1841,1,3
6.582300148904324,46076.101042330265,18.14625804492472,-65.7149560361158,-93.37471,0,0,-50.4486,0,0
6.5832001604139805,46082.40112289786,18.146200293686658,-65.71496515997022,-42.605515,4,0,0.3206,1,1
6.583600170910358,46085.20119637251,18.146174665575725,-65.7149678100044,-42.378036,4,0,0.5481,1,1
6.58370016887784,46085.90118214488,18.14616825949065,-65.71496846516932,-42.44231,4,0,0.4838,1,1
6.58440013974905,46090.80097824335,18.14612342219885,-65.71497307137875,-42.631775,4,0,0.2943,1,1
6.585000149905682,46095.00104933977,18.14608499420981,-65.71497704439811,-42.487274,4,0,0.4388,1,1
6.586100157350302,46102.70110145211,18.146014560372613,-65.71498432624071,-42.456024,4,0,0.4701,1,1
6.586900159716606,46108.30111801624,18.14596287355412,-65.71500548527166,209.6188,0,0,252.5449,0,0
6.587200168520212,46110.401179641485,18.14594409377329,-65.71499158024938,-42.699997,4,0,0.2261,1,1
6.587300170212984,46111.10119149089,18.145937701556583,-65.71499225978792,-42.52142,4,0,0.4047,1,1
6.587700169533491,46113.90118673444,18.145912136466283,-65.71499492013287,-42.743626,4,0,0.1825,1,1
6.588000137358904,46116.00096151233,18.14589296568914,-65.71499693810289,-42.56827,4,0,0.3578,1,1
6.588000137358904,46116.00096151233,18.14589296640424,-65.7149969041543,-43.106888,4,0,-0.1808,1,0
6.588000137358904,46116.00096151233,18.14589296601564,-65.71499692668614,-42.74927,4,0,0.1768,1,1
6.588100139051676,46116.70097336173,18.145886575034456,-65.71499760767074,-42.5641,4,0,0.362,1,1
6.588200140744448,46117.400985211134,18.14588018471353,-65.71499827081622,-42.663715,4,0,0.2624,1,1
6.589500159025192,46126.501113176346,18.145797120732787,-65.71500698383466,-42.66916,4,0,0.2569,1,1
6.589800160378218,46128.60112264752,18.145777955253283,-65.71500899791478,-42.659195,4,0,0.2669,1,1
6.589900158345699,46129.301108419895,18.14577156678672,-65.71500968179305,-42.460503,4,0,0.4656,1,1
6.590200159698725,46131.40111789107,18.14575240331176,-65.71501167215757,-42.84637,4,0,0.0797,1,1
6.590900167822838,46136.301174759865,18.1457076891467,-65.71501640520192,-42.393066,4,0,0.533,1,1
6.590900167822838,46136.301174759865,18.145707689528088,-65.71501639187055,-42.60442,4,0,0.3217,1,1
6.591600138694048,46141.200970858335,18.14566298218216,-65.71502111353223,-42.398544,4,0,0.5275,1,1
6.591600138694048,46141.200970858335,18.14566298227572,-65.71502111026209,-42.45039,4,0,0.4757,1,1
6.59170014038682,46141.90098270774,18.14565659562189,-65.71502177851313,-42.526398,4,0,0.3997,1,1
6.59170014038682,46141.90098270774,18.14565659556869,-65.71502178037233,-42.49692,4,0,0.4292,1,1
6.591900147497654,46143.30103248358,18.14564382185824,-65.7150231295029,-42.452946,4,0,0.4731,1,1
6.591900147497654,46143.30103248358,18.14564382180608,-65.71502313132615,-42.42404,4,0,0.502,1,1
6.592100150883198,46144.701056182384,18.1456310487292,-65.71502447515407,-42.468685,4,0,0.4574,1,1
6.592400148510933,46146.80103957653,18.145611890076065,-65.71502648837377,-42.583755,4,0,0.3423,1,1
6.592500150203705,46147.501051425934,18.145605503349955,-65.71502717521777,-42.37464,4,0,0.5514,1,1
6.592700149863958,46148.90104904771,18.145592731168552,-65.7150285175635,-42.45621,4,0,0.4699,1,1
6.593200158327818,46152.401108294725,18.14556080035047,-65.71503188929768,-42.427795,4,0,0.4983,1,1
6.59330016002059,46153.10112014413,18.145554414575173,-65.71503255347439,-42.586304,4,0,0.3398,1,1
6.593400157988071,46153.8011059165,18.14554805108406,-65.71503233201318,-56.791443,0,0,-13.8654,1,3
6.593800168484449,46156.601179391146,18.14552248502034,-65.71503591032312,-42.822205,4,0,0.1039,1,1
6.594200167804956,46159.401174634695,18.14549694131552,-65.71503862159462,-42.61623,4,0,0.3099,1,1
6.59440016746521,46160.80117225647,18.14548416998087,-65.71503995273453,-42.90644,4,0,0.0196,1,1
6.594600141048431,46162.20098733902,18.14547139970706,-65.71504132264165,-42.58118,4,0,0.3449,1,1
6.595000140368938,46165.00098258257,18.14544585674455,-65.71504401009473,-42.774696,4,0,0.1514,1,1
6.595100149512291,46165.70104658604,18.145439469757715,-65.71504470369146,-42.48094,4,0,0.4451,1,1
6.5953001491725445,46167.10104420781,18.14542669848265,-65.71504603614217,-42.76089,4,0,0.1652,1,1
6.59670015797019,46176.90110579133,18.145337291237965,-65.71505550548744,-42.511253,4,0,0.4148,1,1
6.597700171172619,46183.90119820833,18.145272715196693,-65.71509054865231,406.18445,0,0,449.1105,0,0
6.597700171172619,46183.90119820833,18.145273422961107,-65.71506224243346,-42.783077,4,0,0.143,1,1
6.597900170832872,46185.30119583011,18.145260648388337,-65.71506359904336,-42.69089,4,0,0.2352,1,1
6.598200138658285,46187.400970608,18.1452414878567,-65.71506563641535,-42.50941,4,0,0.4167,1,1
6.598700150847435,46190.901055932045,18.145209548482715,-65.71506900309356,-42.669075,4,0,0.257,1,1
6.598800148814917,46191.601041704416,18.14520316029036,-65.71506968740805,-42.525707,4,0,0.4004,1,1
6.5989001505076885,46192.30105355382,18.145196772129776,-65.71507035880951,-42.587154,4,0,0.3389,1,1
6.599200148135424,46194.401036947966,18.14517760749181,-65.71507237320434,-42.765636,4,0,0.1605,1,1
6.599200148135424,46194.401036947966,18.145177607311474,-65.71507237950051,-42.665813,4,0,0.2603,1,1
6.599500149488449,46196.50104641914,18.14515846124027,-65.7150735960055,-55.496014,0,0,-12.5699,0,3
6.599600158631802,46197.20111042261,18.14515205135797,-65.71507508731233,-42.551712,4,0,0.3744,1,1
6.599800158292055,46198.60110804439,18.14513927353089,-65.71507642544357,-42.741333,4,0,0.1848,1,1
6.599900159984827,46199.30111989379,18.145132883924948,-65.71507710825483,-42.61764,4,0,0.3084,1,1
6.600000157952309,46200.00110566616,18.14512649487236,-65.71507777575052,-42.73583,4,0,0.1903,1,1
6.600000157952309,46200.00110566616,18.145124389634493,-65.71516194067705,1292.4093,-1,0,1335.3354,0,0
6.600100159645081,46200.70111751557,18.145120104937856,-65.71507846140356,-42.56598,4,0,0.3601,1,1
6.600200157612562,46201.401103287935,18.145113715552707,-65.71507913175198,-42.637794,4,0,0.2883,1,1
6.600300159305334,46202.10111513734,18.145107326001227,-65.71507979514422,-42.819687,4,0,0.1064,1,1
6.600300159305334,46202.10111513734,18.145107325616017,-65.71507980859224,-42.60648,4,0,0.3196,1,1
6.600300159305334,46202.10111513734,18.14510732583128,-65.71507980107711,-42.725624,4,0,0.2005,1,1
6.600700169801712,46204.901188611984,18.14508176454597,-65.71508250781243,-42.604218,4,0,0.3219,1,1
6.600800167769194,46205.60117438436,18.145075374824334,-65.71508315316122,-43.06885,4,0,-0.1428,1,0
6.600900169461966,46206.30118623376,18.145068983724425,-65.71508385133971,-42.694767,4,0,0.2313,1,1
6.600900169461966,46206.30118623376,18.145068983652745,-65.71508385384186,-42.655094,4,0,0.271,1,1
6.6010001711547375,46207.00119808316,18.145062592771907,-65.71508453052736,-42.62142,4,0,0.3047,1,1
6.601200170814991,46208.40119570494,18.1450492490282,-65.71510834253654,313.6669,0,0,356.593,0,0
6.601200170814991,46208.40119570494,18.145047920072823,-65.71516147192759,1156.515,-1,0,1199.4411,0,0
6.601400140672922,46209.800984710455,18.14503703646788,-65.7150869820444,-46.522938,3,0,-3.5969,0,0
6.601400140672922,46209.800984710455,18.14503703030018,-65.71508723305239,-42.541725,4,0,0.3844,1,1
6.601500138640404,46210.500970482826,18.145030638890724,-65.71508791099953,-42.48361,4,0,0.4425,1,1
6.601700138300657,46211.9009681046,18.145017855585163,-65.71508925972336,-42.47884,4,0,0.4472,1,1
6.601800139993429,46212.600979954,18.14501146349348,-65.7150899372153,-42.42568,4,0,0.5004,1,1
6.602100148797035,46214.70104157925,18.14499229369242,-65.71509166685766,-47.063854,1,0,-4.1378,2,0
6.602800149470568,46219.60104629397,18.14494540876112,-65.71518167772876,1306.0247,-1,0,1348.9508,0,0
6.602800149470568,46219.60104629397,18.144945460538665,-65.71517960281444,1273.102,-1,0,1316.0281,0,0
6.603200159966946,46222.40111976862,18.144921959106657,-65.71509935971467,-42.564472,4,0,0.3616,1,1
6.603400159627199,46223.8011173904,18.14490918930173,-65.71509994259387,-54.67067,0,0,-11.7446,2,3
6.603400159627199,46223.8011173904,18.144907087220208,-65.71518396725271,1278.2606,-1,0,1321.1867,0,0
6.603500161319971,46224.5011292398,18.144900647030337,-65.71518644670587,1306.9238,-1,0,1349.8499,0,0
6.603900160640478,46227.30112448335,18.144877194849013,-65.71510407046716,-42.556828,4,0,0.3693,1,1
6.604100167751312,46228.70117425919,18.14486232038166,-65.71518866065266,1278.0127,-1,0,1320.9388,0,0
6.604200169444084,46229.40118610859,18.14485800722164,-65.71510607723161,-42.727554,4,0,0.1985,1,1
6.60450017079711,46231.50119557977,18.144838817520977,-65.71510811375576,-42.413486,4,0,0.5126,1,1
6.60450017079711,46231.50119557977,18.14483668638328,-65.71519329254022,1308.8397,-1,0,1351.7658,0,0
6.604600168764591,46232.20118135214,18.14483029951037,-65.71519358050561,1302.7461,-1,0,1345.6722,0,0
6.604800168424845,46233.60117897391,18.144819626974364,-65.71511012789318,-42.441353,4,0,0.4847,1,1
6.604900140315294,46234.30098220706,18.144813231829502,-65.71511078706736,-42.638367,4,0,0.2877,1,1
6.605000138282776,46235.00096797943,18.144804723797144,-65.71519581568218,1295.5762,-1,0,1338.5023,0,0
6.605700150132179,46239.901050925255,18.14476204578844,-65.71511615548114,-42.679165,4,0,0.2469,1,1
6.606200151145458,46243.40105801821,18.14472793942046,-65.71520379834227,1294.4652,-1,0,1337.3913,0,0
6.60630014911294,46244.10104379058,18.14472375688749,-65.71512018748581,-42.693893,4,0,0.2322,1,1
6.60630014911294,46244.10104379058,18.144721644522942,-65.71520460280209,1296.4518,-1,0,1339.3779,0,0
6.606500159949064,46245.50111964345,18.14470882963424,-65.71520592681138,1296.2075,-1,0,1339.1336,0,0
6.606600157916546,46246.20110541582,18.144704533567303,-65.71512221054638,-42.470318,4,0,0.4558,1,1
6.606700159609318,46246.90111726522,18.144696018671464,-65.71520708259905,1293.3018,-1,0,1336.2279,0,0
6.606700159609318,46246.90111726522,18.14469687389829,-65.71517290854472,751.10474,-1,0,794.0308,0,0
6.607000160962343,46249.0011267364,18.14467890094064,-65.71512487835551,-42.61686,4,0,0.3092,1,1
6.607000160962343,46249.0011267364,18.14467890542478,-65.71512469507734,-45.5239,4,0,-2.5978,0,0
6.607100158929825,46249.70111250877,18.14467249250357,-65.71512554323381,-42.681763,4,0,0.2443,1,1
6.607500169426203,46252.50118598342,18.14464685496249,-65.71512822222813,-42.616917,4,0,0.3092,1,1
6.607600171118975,46253.20119783282,18.14464044511192,-65.71512889262969,-42.585815,4,0,0.3403,1,1
6.608000170439482,46256.00119307637,18.14461480405807,-65.71513157894222,-42.36799,4,0,0.5581,1,1
6.608100168406963,46256.70117884874,18.14460627621069,-65.71521688945214,1300.3896,-1,0,1343.3157,0,0
6.608400139957666,46258.80097970367,18.14458916234016,-65.71513424305101,-42.46993,4,0,0.4562,1,1
6.608400139957666,46258.80097970367,18.14458918540516,-65.71513332183035,-57.080887,0,0,-14.1548,2,3
6.60860013961792,46260.20097732544,18.144574218100043,-65.7152203844418,1302.8917,-1,0,1345.8178,0,0
6.608700141310692,46260.90098917484,18.144569927551327,-65.7151362408219,-42.53432,4,0,0.3918,1,1
6.608700141310692,46260.90098917484,18.14456995041505,-65.71513532657983,-57.034637,0,0,-14.1086,2,3
6.609000150114298,46263.001050800085,18.144548682387097,-65.71521853416434,1231.2009,-1,0,1274.127,0,0
6.609500151127577,46266.50105789304,18.144518626054243,-65.71514157377835,-42.535297,4,0,0.3908,1,1
6.609600149095058,46267.20104366541,18.144512212768745,-65.71514224019352,-42.529705,4,0,0.3964,1,1
6.609800159931183,46268.60111951828,18.144497312421382,-65.71522643983518,1272.0676,-1,0,1314.9937,0,0
6.610100161284208,46270.70112898946,18.1444801424125,-65.71514556822014,-42.539215,4,0,0.3869,1,1
6.61020015925169,46271.40111476183,18.144473728135413,-65.71514623306794,-42.546806,4,0,0.3793,1,1
6.610500160604715,46273.50112423301,18.14445448434098,-65.71514820963692,-42.84357,4,0,0.0825,1,1
6.610500160604715,46273.50112423301,18.14445452975723,-65.71514639138258,-71.68199,0,0,-28.7559,2,0
6.6108001582324505,46275.60110762715,18.144435247847422,-65.7151498345531,-48.700005,1,0,-5.7739,0,0
6.610900159925222,46276.30111947656,18.1444266937008,-65.71523604369322,1308.3701,-1,0,1351.2962,0,0
6.611100170761347,46277.70119532943,18.144415990804664,-65.71515219920836,-42.807022,4,0,0.1191,1,1
6.6113001704216,46279.1011929512,18.144401060037605,-65.71523748400502,1289.0697,-1,0,1331.9958,0,0
6.611400168389082,46279.80117872357,18.14439464064893,-65.71523827127533,1291.028,-1,0,1333.9541,0,0
6.611700139939785,46281.900979578495,18.14437749420484,-65.7151561948353,-42.598476,4,0,0.3276,1,1
6.612100139260292,46284.700974822044,18.14434971557235,-65.71524328274825,1296.8716,-1,0,1339.7977,0,0
6.612600151449442,46288.20106014609,18.144317623165666,-65.71524673556213,1299.09,-1,0,1342.0161,0,0
6.612800151109695,46289.60105776787,18.14430485139069,-65.71524548967041,1258.3088,-1,0,1301.2349,0,0
6.612900149077177,46290.30104354024,18.14430048314884,-65.71516410691213,-43.228474,4,0,-0.3024,1,0
6.612900149077177,46290.30104354024,18.14430050498309,-65.71516323674041,-57.029675,0,0,-14.1036,2,3
6.6132001504302025,46292.40105301142,18.144281226249444,-65.71516613996236,-42.467796,4,0,0.4583,2,1
6.613300148397684,46293.10103878379,18.14427480783695,-65.71516679235252,-42.611134,4,0,0.315,2,1
6.613300148397684,46293.10103878379,18.14427480771721,-65.71516679653692,-42.544792,4,0,0.3813,2,1
6.614700168371201,46302.9011785984,18.144184931744405,-65.71517604594561,-42.50985,4,0,0.4162,1,1
6.614700168371201,46302.9011785984,18.144182805789928,-65.71526118302711,1308.0923,-1,0,1351.0184,0,0
6.614900168031454,46304.30117622018,18.14417209154916,-65.71517734491019,-42.827824,4,0,0.0983,1,1
6.614900168031454,46304.30117622018,18.144172090877102,-65.71517736840589,-42.455307,4,0,0.4708,1,1
6.615200139582157,46306.4009770751,18.14415070486251,-65.71526449667847,1308.3641,-1,0,1351.2902,0,0
6.615400139242411,46307.80097469688,18.14413998947052,-65.71518065585124,-42.578644,4,0,0.3474,1,1
6.615400139242411,46307.80097469688,18.14413787677441,-65.71526527478949,1299.8002,-1,0,1342.7263,0,0
6.615500140935183,46308.50098654628,18.144131442909124,-65.71526645567872,1308.0853,-1,0,1351.0114,0,0
6.616300150752068,46314.10105526447,18.14408219806469,-65.71518656616084,-42.799313,4,0,0.1268,1,1
6.616400148719549,46314.80104103685,18.144075776355315,-65.71518723336935,-42.647495,4,0,0.2786,1,1
6.616500150412321,46315.50105288625,18.144069354857795,-65.71518788021241,-42.817234,4,0,0.1089,1,1
6.616800159215927,46317.60111451149,18.144050114417336,-65.71518883112707,-59.011433,0,0,-16.0853,2,3
6.617000158876181,46319.00111213327,18.144037244421284,-65.71519119800244,-42.312656,4,0,0.6134,1,1
6.617100160568953,46319.70112398267,18.144030109129776,-65.71522043855988,411.06906,0,0,453.9951,0,0
6.61750015988946,46322.50111922622,18.144005134345324,-65.71519447328411,-42.436108,4,0,0.49,1,1
6.617800168693066,46324.60118085146,18.14398586716933,-65.71519644056337,-42.456356,4,0,0.4697,1,1
6.618200168013573,46327.40117609501,18.14396017775713,-65.71519906724616,-42.400074,4,0,0.526,1,1
6.6184001713991165,46328.801199793816,18.14394733246217,-65.7152003859509,-42.277092,4,0,0.649,1,1
6.618500139564276,46329.50097694993,18.14394091187602,-65.71520104679863,-42.185898,4,0,0.7402,1,1
6.618500139564276,46329.50097694993,18.143940912985663,-65.71520100796239,-42.801632,4,0,0.1245,1,1
6.618600141257048,46330.20098879933,18.14393448966273,-65.71520168853107,-42.399593,4,0,0.5265,1,1
6.618700139224529,46330.900974571705,18.14392806721053,-65.7152023461164,-42.35991,4,0,0.5662,1,1
6.619100149720907,46333.70104804635,18.14390237677256,-65.7152049494015,-42.61582,4,0,0.3103,1,1
6.619200151413679,46334.40105989576,18.143895953785965,-65.71520561398808,-42.45745,4,0,0.4686,1,1
6.619300149381161,46335.101045668125,18.14388953105125,-65.71520627533901,-42.348553,4,0,0.5775,1,1
6.619300149381161,46335.101045668125,18.14388847194764,-65.71524875019145,631.38696,-1,0,674.313,0,0
6.619500149041414,46336.5010432899,18.14387668664185,-65.71520755593988,-42.79368,4,0,0.1324,1,1
6.619700148701668,46337.90104091168,18.143863840847995,-65.7152088838043,-42.483295,4,0,0.4428,1,1
6.619900148361921,46339.30103853345,18.14385099584104,-65.71521018340266,-42.614998,4,0,0.3111,1,1
6.620300158858299,46342.101112008095,18.143825304604,-65.71521280016137,-42.583355,4,0,0.3427,1,1
6.620600160211325,46344.20112147927,18.14380603649168,-65.71521476802246,-42.459934,4,0,0.4662,1,1
6.620700158178806,46344.90110725165,18.143799614651005,-65.71521539995344,-42.7966,4,0,0.1295,1,1
6.620800159871578,46345.60111910105,18.143793191606058,-65.71521606612687,-42.58938,4,0,0.3367,1,1
6.620800159871578,46345.60111910105,18.143793195440416,-65.71521590495935,-45.145817,4,0,-2.2197,0,0
6.620800159871578,46345.60111910105,18.143793218533567,-65.71521497969698,-59.820587,0,0,-16.8945,3,3
6.62090016156435,46346.30113095045,18.14378676943953,-65.71521670201616,-42.86093,4,0,0.0652,1,1
6.621100161224604,46347.70112857223,18.143773924020483,-65.71521802186261,-42.63753,4,0,0.2886,1,1
6.621200170367956,46348.40119257569,18.14376750092018,-65.7152186755399,-42.623837,4,0,0.3022,1,1
6.621300168335438,46349.101178348064,18.143761105433047,-65.71521824438571,-59.81351,0,0,-16.8874,3,3
6.621300168335438,46349.101178348064,18.143761105407,-65.7152182542564,-59.656616,0,0,-16.7305,3,3
6.62140017002821,46349.80119019747,18.143754657594563,-65.71521991721099,-43.6324,4,0,-0.7063,0,0
6.621500171720982,46350.50120204687,18.143748233892044,-65.71522061997442,-42.835434,4,0,0.0907,1,1
6.621500171720982,46350.50120204687,18.143748233910028,-65.71522061934445,-42.84542,4,0,0.0807,1,1
6.621700171381235,46351.901199668646,18.14373538893321,-65.7152219329707,-42.705185,4,0,0.2209,1,1
6.621700171381235,46351.901199668646,18.14373538872877,-65.71522194013292,-42.591633,4,0,0.3345,1,1
6.622000139206648,46354.000974446535,18.143716123899623,-65.71522389691528,-42.585377,4,0,0.3407,1,1
6.622000139206648,46354.000974446535,18.1437161238211,-65.71522389966654,-42.54176,4,0,0.3843,1,1
6.622300140559673,46356.10098391771,18.14369662829737,-65.71523503800574,103.09532,0,0,146.0214,0,0
6.622500151395798,46357.50105977058,18.14368403864201,-65.71522609924162,-59.354042,0,0,-16.428,1,3
6.622500151395798,46357.50105977058,18.143684040783985,-65.7152260152185,-60.686573,0,0,-17.7605,1,0
6.622800149023533,46359.60104316473,18.143664747051297,-65.71522909280674,-42.880066,4,0,0.046,1,1
6.622900150716305,46360.30105501413,18.14365832458657,-65.71522976079127,-42.61879,4,0,0.3073,1,1
6.623000148683786,46361.001040786505,18.14365190284181,-65.71523041356983,-42.597183,4,0,0.3289,1,1
6.623100150376558,46361.70105263591,18.143645480752653,-65.71523107177539,-42.488914,4,0,0.4372,1,1
6.623100150376558,46361.70105263591,18.143645480631903,-65.71523107600748,-42.421818,4,0,0.5043,1,1
6.623300150036812,46363.10105025768,18.143632637489453,-65.7152323698386,-42.55994,4,0,0.3661,1,1
6.623400151729584,46363.801062107086,18.14362622943496,-65.7152324698526,-51.301727,4,0,-8.3756,0,0
6.623500149697065,46364.50104787946,18.14361979474368,-65.71523365726547,-42.795788,4,0,0.1303,1,1
6.623900160193443,46367.3011213541,18.1435941077346,-65.71523628439411,-42.428997,4,0,0.4971,1,1
6.624200161546469,46369.40113082528,18.143574844150173,-65.71523823348798,-42.48127,4,0,0.4448,1,1
6.62430015951395,46370.10111659765,18.143568423605643,-65.71523887055955,-42.697025,4,0,0.2291,1,1
6.62430015951395,46370.10111659765,18.14356842391298,-65.71523885978384,-42.867863,4,0,0.0582,1,1
6.624400168657303,46370.80118060112,18.14356200197568,-65.7152395229811,-42.6698,4,0,0.2563,1,1
6.624500170350075,46371.50119245052,18.14355558100834,-65.71524017132326,-42.705738,4,0,0.2203,1,1
6.624700170010328,46372.9011900723,18.14354273907955,-65.7152414836472,-42.52711,4,0,0.399,1,1
6.6248001717031,46373.6012019217,18.14353631824381,-65.71524213495414,-42.513916,4,0,0.4122,1,1
6.624900169670582,46374.30118769407,18.143529897341136,-65.71524279730104,-42.32478,4,0,0.6013,1,1
6.625400140881538,46377.80098617077,18.14349780121869,-65.71524589101553,-44.824482,4,0,-1.8984,0,0
6.62550013884902,46378.50097194314,18.143491377505903,-65.71524668884378,-42.48286,4,0,0.4432,1,1
6.62550013884902,46378.50097194314,18.14349140455772,-65.71524560548086,-59.664684,0,0,-16.7386,3,3
6.625600140541792,46379.20098379254,18.14348495761225,-65.71524732935747,-42.635994,4,0,0.2901,1,1
6.6257001385092735,46379.90096956492,18.14347853753508,-65.71524798765738,-42.50625,4,0,0.4198,1,1
6.62600015103817,46382.00105726719,18.14345927769424,-65.71524992536403,-42.705757,4,0,0.2203,1,1
6.626200150698423,46383.40105488896,18.14344643833521,-65.71525123363067,-42.57471,4,0,0.3514,1,1
6.626300148665905,46384.101040661335,18.14343996901265,-65.71525195158523,-42.760025,4,0,0.1661,1,1
6.626400150358677,46384.80105251074,18.1434335526118,-65.71525260287433,-42.657764,4,0,0.2683,1,1
6.62660015001893,46386.20105013251,18.14342072415055,-65.71525375374368,-44.85775,4,0,-1.9317,0,0
6.626700151711702,46386.90106198192,18.143414304844185,-65.71525453512191,-42.69119,4,0,0.2349,1,1
6.626700151711702,46386.90106198192,18.14341433152985,-65.71525345522682,-59.81837,0,0,-16.8923,2,3
6.626800160855055,46387.60112598538,18.14340788858056,-65.71525517850772,-42.71367,4,0,0.2124,1,1
6.6269001588225365,46388.30111175776,18.143401473273144,-65.71525581687528,-42.814335,4,0,0.1118,1,1
6.6269001588225365,46388.30111175776,18.143401472946188,-65.71525582834745,-42.632454,4,0,0.2936,1,1
6.62710015848279,46389.70110937953,18.143388642020053,-65.71525711805823,-42.6279,4,0,0.2982,1,1
6.627300161868334,46391.10113307834,18.143375811250227,-65.71525840790446,-42.62111,4,0,0.305,1,1
6.627300161868334,46391.10113307834,18.14337581119188,-65.71525840995223,-42.588646,4,0,0.3374,1,1
6.627400159835815,46391.80111885071,18.143369396182457,-65.71525905534006,-42.577423,4,0,0.3487,1,1
6.627500161528587,46392.50113070011,18.14336298145897,-65.71525968587055,-42.802128,4,0,0.124,1,1
6.627600159496069,46393.20111647248,18.14335657873123,-65.71525984450838,-50.510693,4,0,-7.5846,0,0
6.627700161188841,46393.901128321886,18.143350150668866,-65.71526101093913,-42.236675,4,0,0.6894,1,1
6.628400169312954,46398.80118519068,18.14330524948731,-65.71526551762707,-42.341347,4,0,0.5847,1,1
6.628400169312954,46398.80118519068,18.143305249527533,-65.71526551621528,-42.363728,4,0,0.5624,1,1
6.628400169312954,46398.80118519068,18.14330527654728,-65.71526443316245,-59.54037,0,0,-16.6143,3,3
6.628500171005726,46399.50119704008,18.14329883575324,-65.7152661495052,-42.546787,4,0,0.3793,1,1
6.628600168973208,46400.20118281245,18.14329242171485,-65.7152668040963,-42.392178,4,0,0.5339,1,1
6.628600168973208,46400.20118281245,18.143292422604624,-65.71526677286383,-42.887337,4,0,0.0387,1,1
6.628600168973208,46400.20118281245,18.143292422503784,-65.71526677640357,-42.831215,4,0,0.0949,1,1
6.628700140863657,46400.9009860456,18.14328601013101,-65.71526743474543,-42.614937,4,0,0.3111,1,1
6.628700140863657,46400.9009860456,18.14328600982071,-65.71526744563782,-42.442253,4,0,0.4838,1,1
6.628700140863657,46400.9009860456,18.14328607021348,-65.71526501149364,-81.0468,0,0,-38.1207,0,0
6.628800138831139,46401.60097181797,18.143279596065632,-65.71526809764867,-42.32951,4,0,0.5966,1,1
6.628900140523911,46402.300983667374,18.14327318269417,-65.71526873152695,-42.505157,4,0,0.4209,1,1
6.6293001510202885,46405.10105714202,18.14324752886387,-65.715271307896,-42.566525,4,0,0.3596,1,1
6.62940014898777,46405.80104291439,18.14324114595825,-65.7152707465282,-61.70106,0,0,-18.775,2,0
6.629800148308277,46408.60103815794,18.14321546465519,-65.71527453990186,-42.47522,4,0,0.4509,1,1
6.629900150001049,46409.30105000734,18.143209051987164,-65.71527518646415,-42.457226,4,0,0.4689,1,1
6.630000151693821,46410.00106185675,18.143202639670008,-65.71527582447925,-42.575687,4,0,0.3504,1,1
6.630100149661303,46410.70104762912,18.14319622741818,-65.71527647234078,-42.538654,4,0,0.3874,1,1
6.6302001513540745,46411.40105947852,18.143189815264016,-65.71527711219004,-42.630054,4,0,0.296,1,1
6.630400158464909,46412.80110925436,18.143176990903587,-65.71527839671901,-42.73988,4,0,0.1862,1,1
6.630400158464909,46412.80110925436,18.143176990831297,-65.71527839925739,-42.69964,4,0,0.2264,1,1
6.6305001601576805,46413.50112110376,18.14317060564412,-65.71527795985052,-59.910954,0,0,-16.9849,2,3
6.630800161510706,46415.60113057494,18.143151343214456,-65.71528099808837,-42.46021,4,0,0.4659,1,1
6.630900159478188,46416.30111634731,18.14314493231269,-65.71528162889189,-42.702847,4,0,0.2232,1,1
6.631100159138441,46417.70111396909,18.14313210975056,-65.71528292019731,-42.721672,4,0,0.2044,1,1
6.631300158798695,46419.10111159086,18.14311928730085,-65.7152842227872,-42.567158,4,0,0.3589,1,1
6.631400171667337,46419.80120167136,18.143112875447645,-65.71528487259413,-42.517002,4,0,0.4091,1,1
6.631400171667337,46419.80120167136,18.14311287567288,-65.71528486468397,-42.642406,4,0,0.2837,1,1
6.632500141859055,46427.50099301338,18.14304236414751,-65.7152919862229,-42.597218,4,0,0.3289,1,1
6.632600139826536,46428.20097878575,18.143035954458853,-65.71529263911532,-42.516884,4,0,0.4092,1,1
6.632800150662661,46429.601054638624,18.14302313470643,-65.71529393599172,-42.50474,4,0,0.4213,1,1
6.632900148630142,46430.301040411,18.14301666305435,-65.7152970913821,-2.742578,0,0,40.1835,0,0
6.633000150322914,46431.0010522604,18.143010315983243,-65.71529523693154,-42.43494,4,0,0.4911,1,1
6.633100152015686,46431.7010641098,18.143003907072178,-65.715295873056,-42.630703,4,0,0.2954,1,1
6.633200149983168,46432.40104988217,18.142997498786062,-65.7152964903729,-43.126724,4,0,-0.2006,1,0
6.633200149983168,46432.40104988217,18.14299749812977,-65.7152965224128,-42.618378,4,0,0.3077,1,1
6.633400149643421,46433.80104750395,18.14298468083508,-65.7152978005387,-42.927025,4,0,-0.0009,1,1
6.633600149303675,46435.20104512572,18.142971862826272,-65.71529912153977,-42.564457,4,0,0.3616,1,1
6.633600149303675,46435.20104512572,18.142971889982675,-65.71529802370652,-59.975273,0,0,-17.0492,0,3
6.633700150996447,46435.901056975126,18.142965454450565,-65.71529976138633,-42.714134,4,0,0.212,1,1
6.633900161832571,46437.301132828,18.142952637103136,-65.71530105648492,-42.77685,4,0,0.1492,1,1
6.634000159800053,46438.00111860037,18.14294622889972,-65.71530170982163,-42.719166,4,0,0.2069,1,1
6.634000159800053,46438.00111860037,18.14294622862996,-65.71530171929957,-42.56891,4,0,0.3572,1,1
6.6341001614928246,46438.70113044977,18.142939820475004,-65.71530236628196,-42.614704,4,0,0.3114,1,1
6.634200159460306,46439.40111622214,18.14293341228372,-65.71530302660953,-42.45093,4,0,0.4752,1,1
6.63440015912056,46440.80111384392,18.142920596911843,-65.71530431447268,-42.650917,4,0,0.2752,1,1
6.63440015912056,46440.80111384392,18.142920597098552,-65.71530430791225,-42.75492,4,0,0.1712,1,1
6.634700171649456,46442.90120154619,18.14290137295989,-65.71530627599273,-42.49963,4,0,0.4265,1,1
6.634800169616938,46443.60118731856,18.14289496575395,-65.7153069237519,-42.55005,4,0,0.376,1,1
6.6349001713097095,46444.30119916797,18.14288855841054,-65.7153075716226,-42.601677,4,0,0.3244,1,1
6.635100170969963,46445.70119678974,18.14287574385472,-65.71530888201843,-42.48011,4,0,0.446,1,1
6.635100170969963,46445.70119678974,18.142875744435766,-65.71530886160089,-42.8038,4,0,0.1223,1,1
6.635300170630217,46447.10119441152,18.142862930403503,-65.7153101680512,-42.75548,4,0,0.1706,1,1
6.635600138455629,46449.200969189405,18.14284371181567,-65.7153121392618,-42.5174,4,0,0.4087,1,1
6.635600138455629,46449.200969189405,18.142843741733483,-65.7153109351224,-61.61375,0,0,-18.6877,1,3
6.636000141501427,46452.00099050999,18.142817469152583,-65.71533960073369,351.60928,0,0,394.5354,0,0
6.636000141501427,46452.00099050999,18.142817622282475,-65.71533342847337,253.71281,0,0,296.6389,0,0
6.636100139468908,46452.70097628236,18.14281168024636,-65.71531539369317,-42.672955,4,0,0.2531,1,1
6.636200148612261,46453.40104028583,18.142805273458112,-65.7153160493496,-42.638218,4,0,0.2879,1,1
6.636300150305033,46454.10105213523,18.14279886706599,-65.71531671367006,-42.46818,4,0,0.4579,1,1
6.636600151658058,46456.20106160641,18.14277964974686,-65.7153186705028,-42.54845,4,0,0.3776,1,1
6.636800151318312,46457.60105922818,18.14276683849112,-65.71531998482077,-42.46231,4,0,0.4638,1,1
6.636900149285793,46458.30104500055,18.142760433176385,-65.71532064026536,-42.45087,4,0,0.4752,1,1
6.637100160121918,46459.701120853424,18.14274762190016,-65.71532195059154,-42.447865,4,0,0.4782,1,1
6.637500159442425,46462.50111609697,18.14272200232652,-65.71532455690286,-42.705097,4,0,0.221,1,1
6.63780016079545,46464.60112556815,18.14270278775127,-65.71532653844166,-42.50737,4,0,0.4187,1,1
6.638000160455704,46466.001123189926,18.1426899789814,-65.71532784524048,-42.617508,4,0,0.3086,1,1
6.638100162148476,46466.70113503933,18.14268357448098,-65.71532850335105,-42.603107,4,0,0.323,1,1
6.63830016925931,46468.10118481517,18.1426707655488,-65.71532981837532,-42.6038,4,0,0.3223,1,1
6.638400170952082,46468.80119666457,18.1426643614186,-65.71533047301611,-42.65458,4,0,0.2715,1,1
6.638900171965361,46472.30120375752,18.14263234203008,-65.71533376541913,-42.65507,4,0,0.271,1,1
6.638900171965361,46472.30120375752,18.14263234160934,-65.71533378020904,-42.420605,4,0,0.5055,1,1
6.639300141483545,46475.10099038482,18.142606729458706,-65.7153364189844,-42.404003,4,0,0.5221,1,1
6.639400139451027,46475.80097615719,18.14260032667193,-65.71533706541528,-42.619556,4,0,0.3065,1,1
6.639500148594379,46476.501040160656,18.14259392289004,-65.7153377247079,-42.635967,4,0,0.2901,1,1
6.639500148594379,46476.501040160656,18.142593923033083,-65.7153377196793,-42.715683,4,0,0.2104,1,1
6.639600150287151,46477.20105201006,18.142587519180108,-65.71533840113638,-42.383537,4,0,0.5425,1,1
6.639600150287151,46477.20105201006,18.14258752015118,-65.71533836699923,-42.924717,4,0,0.0014,1,1
6.639800149947405,46478.60104963184,18.142574713975225,-65.71533968424863,-42.99522,4,0,-0.0691,1,1
6.639900151640177,46479.30106148124,18.14256831041924,-65.71534037296706,-42.558434,4,0,0.3677,1,1
6.639900151640177,46479.30106148124,18.142568310478392,-65.71534037088776,-42.5914,4,0,0.3347,1,1
6.64010015130043,46480.70105910301,18.14255550473199,-65.71534169927206,-42.506847,4,0,0.4192,1,1
6.64010015130043,46480.70105910301,18.14255550483162,-65.71534169576977,-42.56237,4,0,0.3637,1,1
6.64010015130043,46480.70105910301,18.142555504618656,-65.71534170325644,-42.443684,4,0,0.4824,1,1
6.640200149267912,46481.40104487538,18.14254910203645,-65.71534236564446,-42.43532,4,0,0.4908,1,1
6.640300150960684,46482.10105672479,18.142542699771308,-65.71534301132944,-42.695835,4,0,0.2303,1,1
6.640500150620937,46483.50105434656,18.14252992240657,-65.71534322048096,-60.390484,0,0,-17.4644,0,3
6.64060015976429,46484.20111835003,18.142523491454543,-65.71534501011897,-42.521313,4,0,0.4048,1,1
6.640800159424543,46485.60111597181,18.142510691930102,-65.71534613159449,-45.769962,4,0,-2.8439,0,0
6.641100160777569,46487.70112544298,18.142491480269083,-65.71534833213857,-42.4511,4,0,0.475,1,1
6.64120015874505,46488.40111121535,18.14248507920757,-65.71534896815385,-42.89816,4,0,0.0279,1,1
6.641300160437822,46489.10112306476,18.142478676800334,-65.71534964571384,-42.69078,4,0,0.2353,1,1
6.641400162130594,46489.80113491416,18.142472274529503,-65.7153503210471,-42.522495,4,0,0.4036,1,1
6.641500171273947,46490.50119891763,18.14246587232519,-65.71535097986944,-42.620537,4,0,0.3055,1,1
6.641800168901682,46492.60118231177,18.14244666725329,-65.71535298152862,-42.535114,4,0,0.391,1,1
6.642200171947479,46495.40120363236,18.14242106126716,-65.71535564691543,-42.530586,4,0,0.3955,1,1
6.642300169914961,46496.101189404726,18.142414660305764,-65.71535630669244,-42.6429,4,0,0.2832,1,1
6.642300169914961,46496.101189404726,18.14241466036533,-65.71535630459823,-42.676098,4,0,0.25,1,1
6.642600141465664,46498.20099025965,18.14239545833089,-65.71535831818045,-42.490746,4,0,0.4353,1,1
6.642900139093399,46500.30097365379,18.142376255238865,-65.71536033090538,-42.356403,4,0,0.5697,1,1
6.643300149589777,46503.10104712844,18.14235065858196,-65.71536271616596,-46.96447,4,0,-4.0384,0,0
6.643300149589777,46503.10104712844,18.14235067915613,-65.7153618848424,-60.14834,0,0,-17.2223,2,3
6.643500149250031,46504.50104475021,18.142337850325127,-65.71536433713601,-42.49812,4,0,0.428,1,1
6.643500149250031,46504.50104475021,18.14233785049417,-65.71536433119215,-42.59235,4,0,0.3337,1,1
6.643700148910284,46505.90104237199,18.142325074768497,-65.7153646457043,-58.860497,0,0,-15.9344,2,3
6.6439001597464085,46507.30111822486,18.14231224747717,-65.71536702610666,-42.382385,4,0,0.5437,1,1
6.64400016143918,46508.00113007426,18.142305847426364,-65.71536768216372,-42.619576,4,0,0.3065,1,1
6.644100159406662,46508.70111584664,18.142299447106584,-65.71536835797868,-42.54699,4,0,0.3791,1,1
6.644300159066916,46510.10111346841,18.142286646582075,-65.71536970292802,-42.51964,4,0,0.4064,1,1
6.644400160759687,46510.80112531781,18.14228024822525,-65.71537029804308,-43.73872,4,0,-0.8126,0,0
6.644400160759687,46510.80112531781,18.142280246985607,-65.71537035062477,-42.90473,4,0,0.0214,1,1
6.644700162112713,46512.90113478899,18.14226104643064,-65.71537237279641,-42.82896,4,0,0.0971,1,1
6.6448001600801945,46513.60112056136,18.142254646147776,-65.71537306021187,-42.599274,4,0,0.3268,1,1
6.644900161772966,46514.301132410765,18.14224824645178,-65.71537372037783,-42.805782,4,0,0.1203,1,1
6.644900161772966,46514.301132410765,18.1422482718625,-65.71537269196602,-59.115402,0,0,-16.1893,2,3
6.6451001688838005,46515.7011821866,18.14223544597772,-65.71537507553342,-42.678535,4,0,0.2476,1,1
6.645200170576572,46516.40119403601,18.142229045877123,-65.71537575500977,-42.590298,4,0,0.3358,1,1
6.645400170236826,46517.80119165778,18.14221624853558,-65.71537701768356,-43.951496,4,0,-1.0254,0,0
6.645500171929598,46518.50120350719,18.142209846232088,-65.71537778847448,-42.426544,4,0,0.4995,1,1
6.645900141447783,46521.30099013448,18.142184249739785,-65.71538048736004,-42.45386,4,0,0.4722,1,1
6.646000139415264,46522.00097590685,18.14217785025668,-65.71538116594012,-42.40943,4,0,0.5167,1,1
6.646000139415264,46522.00097590685,18.14217785074292,-65.71538114884228,-42.68049,4,0,0.2456,1,1
6.646200139075518,46523.40097352862,18.142165051514148,-65.71538251119004,-42.520893,4,0,0.4052,1,1
6.646400149911642,46524.801049381495,18.14215226031483,-65.71538250771445,-62.018345,0,0,-19.0923,0,0
6.646500151604414,46525.5010612309,18.142145831939004,-65.71538442475469,-42.490574,4,0,0.4355,1,1
6.646600149571896,46526.20104700327,18.142139434143704,-65.71538511423849,-42.43401,4,0,0.4921,1,1
6.646700151264668,46526.90105885267,18.14213303625142,-65.71538580008256,-42.439205,4,0,0.4869,1,1
6.646800149232149,46527.60104462504,18.14212663861004,-65.71538648672255,-42.43499,4,0,0.4911,1,1
6.6472001522779465,46530.401065945625,18.142101047894933,-65.71538922536372,-42.580128,4,0,0.346,1,1
6.6472001522779465,46530.401065945625,18.14210104785088,-65.71538922691303,-42.555565,4,0,0.3705,1,1
6.6472001522779465,46530.401065945625,18.1421010478711,-65.71538922620194,-42.566837,4,0,0.3592,1,1
6.647300150245428,46531.101051718,18.14209465063198,-65.71538990444974,-42.71307,4,0,0.213,1,1
6.647300150245428,46531.101051718,18.142094650307264,-65.71538991586826,-42.53205,4,0,0.394,1,1
6.647300150245428,46531.101051718,18.142094650256507,-65.71538991765321,-42.503754,4,0,0.4223,1,1
6.648000162094832,46536.00113466382,18.14204986646949,-65.71539474087498,-42.424847,4,0,0.5012,1,1
6.648100160062313,46536.70112043619,18.142043495361914,-65.71539437255157,-59.194374,0,0,-16.2683,1,3
6.648100160062313,46536.70112043619,18.142043497123154,-65.71539430162441,-60.31921,0,0,-17.3931,1,3
6.648300159722567,46538.101118057966,18.14203067418463,-65.71539681110694,-42.386852,4,0,0.5392,1,1
6.648500170558691,46539.50119391084,18.14201787890672,-65.7153981816008,-42.530575,4,0,0.3955,1,1
6.6488001719117165,46541.601203382015,18.1419986864597,-65.71540025855656,-42.429077,4,0,0.497,1,1
6.649100169539452,46543.70118677616,18.141979494714047,-65.71540232350958,-42.541367,4,0,0.3847,1,1
6.649200141429901,46544.40099000931,18.14197309895625,-65.71540302146019,-42.428177,4,0,0.4979,1,1
6.649200141429901,46544.40099000931,18.141973099032853,-65.71540301876621,-42.470882,4,0,0.4552,1,1
6.649200141429901,46544.40099000931,18.14197309955922,-65.71540300025688,-42.764324,4,0,0.1618,1,1
6.649200141429901,46544.40099000931,18.1419730987957,-65.71540302710544,-42.338676,4,0,0.5874,1,1
6.649500139057636,46546.500973403454,18.141953907371672,-65.71540508496804,-42.59323,4,0,0.3329,1,1
6.649500139057636,46546.500973403454,18.14195390717305,-65.71540509195218,-42.482506,4,0,0.4436,1,1
6.649900149554014,46549.3010468781,18.14192831719416,-65.7154078578436,-42.505672,4,0,0.4204,1,1
6.650000151246786,46550.0010587275,18.141921919607267,-65.71540855494763,-42.427513,4,0,0.4986,1,1
6.65020015090704,46551.40105634928,18.14190916955985,-65.71540814598845,-70.873886,0,0,-27.9478,2,0
6.650300148874521,46552.10104212165,18.14190273548344,-65.71541032103406,-47.36217,3,0,-4.4361,0,0
6.650400150567293,46552.80105397105,18.14189633011225,-65.71541132783214,-42.380573,4,0,0.5455,1,1
6.650500152260065,46553.501065820456,18.14188993703149,-65.7154118484079,-45.111725,4,0,-2.1856,0,0
6.650600150227547,46554.20105159283,18.14188353556779,-65.71541270796482,-42.468544,4,0,0.4575,1,1
6.651200160384178,46558.40112268925,18.14184515048017,-65.71541686966357,-42.436916,4,0,0.4892,1,1
6.65130016207695,46559.10113453865,18.14183875369823,-65.71541752748102,-43.005043,4,0,-0.079,1,1
6.65130016207695,46559.10113453865,18.141838752989777,-65.71541756138538,-42.46712,4,0,0.459,1,1
6.651600159704685,46561.2011179328,18.141819560877188,-65.71541963821144,-42.538906,4,0,0.3872,1,1
6.651800159364939,46562.60111555457,18.141806766033984,-65.71542102119514,-42.61816,4,0,0.3079,1,1
6.6519001722335815,46563.30120563507,18.14180036771452,-65.71542171421777,-42.636726,4,0,0.2894,1,1
6.652100171893835,46564.701203256845,18.141787572440546,-65.71542310899308,-42.535873,4,0,0.3902,1,1
6.652300171554089,46566.10120087862,18.141774777653755,-65.7154244840932,-42.751,4,0,0.1751,1,1
6.652300171554089,46566.10120087862,18.14177477798177,-65.71542447255952,-42.933857,4,0,-0.0078,1,1
6.65240016952157,46566.80118665099,18.141768379678425,-65.71542519525394,-42.485424,4,0,0.4407,1,1
6.652500171214342,46567.5011985004,18.14176198191523,-65.71542588987258,-42.48337,4,0,0.4427,1,1
6.652500171214342,46567.5011985004,18.14176198229585,-65.71542587648864,-42.695564,4,0,0.2305,1,1
6.652900140732527,46570.30098512769,18.14173639319745,-65.71542866193657,-42.580273,4,0,0.3458,1,1
6.653000142425299,46571.00099697709,18.141729995084425,-65.71542936478431,-42.451286,4,0,0.4748,1,1
6.65310014039278,46571.70098274946,18.141723597752648,-65.7154300451915,-42.67826,4,0,0.2478,1,1
6.653500150889158,46574.50105622411,18.14169800531484,-65.71543283455445,-42.51867,4,0,0.4074,1,1
6.65360014885664,46575.20104199648,18.141691607586345,-65.71543352641399,-42.56603,4,0,0.3601,1,1
6.653700150549412,46575.90105384588,18.141685209331225,-65.71543422737065,-42.46982,4,0,0.4563,1,1
6.653700150549412,46575.90105384588,18.141685209599537,-65.71543421793635,-42.619392,4,0,0.3067,1,1
6.653800152242184,46576.601065695286,18.141678811848703,-65.7154349000686,-42.821827,4,0,0.1043,1,1
6.654000151902437,46578.00106331706,18.141666015331808,-65.71543630500429,-42.581852,4,0,0.3902,1,1
6.654200151562691,46579.40106093884,18.1416532217108,-65.71543758544792,-44.31661,4,0,-1.3446,0,0
6.654300160706043,46580.1011249423,18.14164682016405,-65.71543839647836,-42.47567,4,0,0.4964,1,1
6.654400162398815,46580.801136791706,18.141640422019123,-65.71543908537305,-42.571003,4,0,0.401,1,1
6.654400162398815,46580.801136791706,18.14164042238997,-65.71543907233287,-42.77775,4,0,0.1943,1,1
6.654500160366297,46581.50112256408,18.14163402346726,-65.71543979566088,-42.32659,4,0,0.6455,1,1
6.654500160366297,46581.50112256408,18.14163405110054,-65.71543868012432,-60.019253,0,0,-17.0472,3,3
6.65470016002655,46582.90112018585,18.14162125415991,-65.71544008270334,-59.81553,0,0,-16.8435,2,3
6.654800161719322,46583.601132035255,18.14161482887404,-65.71544186459568,-42.574574,4,0,0.3975,1,1
6.654800161719322,46583.601132035255,18.14161482902288,-65.71544185936193,-42.65755,4,0,0.3145,1,1
6.655300170183182,46587.10119128227,18.141582440491867,-65.71546127680485,210.22336,0,0,253.1954,0,0
6.655300170183182,46587.10119128227,18.14158283571655,-65.71544534754483,-42.4302,4,0,0.5418,1,1
6.655600171536207,46589.20120075345,18.14156364001462,-65.7154474213442,-42.589493,4,0,0.3825,1,1
6.655700169503689,46589.90118652582,18.141557241454947,-65.71544811485717,-42.605255,4,0,0.3668,1,1
6.656000170856714,46592.001195997,18.14153804447153,-65.71545021267924,-42.374393,4,0,0.5976,1,1
6.6561001390218735,46592.70097315312,18.141531647805174,-65.71545090009917,-42.479984,4,0,0.4921,1,1
6.656300142407417,46594.10099685192,18.141518849666888,-65.71545228856417,-42.479485,4,0,0.4926,1,1
6.656400140374899,46594.80098262429,18.141512482075346,-65.71545171994025,-62.506756,0,0,-19.5347,1,0
6.656400140374899,46594.80098262429,18.14151247871627,-65.71545185603973,-60.348133,0,0,-17.3761,1,3
6.656600140035152,46596.20098024607,18.14149965275454,-65.71545436496082,-42.569508,4,0,0.4025,1,1
6.656700149178505,46596.901044249535,18.14149325278096,-65.71545506662862,-42.447018,4,0,0.525,1,1
6.656700149178505,46596.901044249535,18.141493253017924,-65.71545505829611,-42.57913,4,0,0.3929,1,1
6.656800150871277,46597.60105609894,18.14148685326572,-65.71545576714173,-42.340733,4,0,0.6313,1,1
6.656900152564049,46598.30106794834,18.141480454403915,-65.71545644291147,-42.625423,4,0,0.3466,1,1
6.657200150191784,46600.40105134249,18.14146125622954,-65.7154585320405,-42.49009,4,0,0.482,1,1
6.657200150191784,46600.40105134249,18.14146125642021,-65.71545852533552,-42.596397,4,0,0.3756,1,1
6.657800160348415,46604.60112243891,18.141422857659,-65.71546270514189,-42.26068,4,0,0.7114,1,1
6.658000160008669,46606.00112006068,18.14141005845244,-65.7154640781927,-42.455105,4,0,0.5169,1,1
6.658100161701441,46606.701131910086,18.141403658381368,-65.71546477407796,-42.401325,4,0,0.5707,1,1
6.658100161701441,46606.701131910086,18.14140368646398,-65.71546364271374,-60.34561,0,0,-17.3736,1,3
6.658700171858072,46610.901203006506,18.14136525771436,-65.7154689136782,-42.603027,4,0,0.369,1,1
6.658700171858072,46610.901203006506,18.141365257737327,-65.71546891287058,-42.615833,4,0,0.3562,1,1
6.658900171518326,46612.30120062828,18.14135245731984,-65.71547029276978,-42.665127,4,0,0.3069,1,1
6.659100171178579,46613.701198250055,18.141338923648394,-65.7155012165168,425.923,0,0,468.895,0,0
6.659200169146061,46614.40118402243,18.14133325647313,-65.71547235920194,-42.775932,4,0,0.1961,1,1
6.659500140696764,46616.50098487735,18.141314056089776,-65.7154744492218,-42.48836,4,0,0.4837,1,1
6.659500140696764,46616.50098487735,18.141314057336253,-65.71547439639673,-43.326324,4,0,-0.3543,1,0
6.659600142389536,46617.20099672675,18.14130768608724,-65.71547389542047,-62.22263,0,0,-19.2506,1,0
6.6597001403570175,46617.90098249912,18.14130125513729,-65.71547581482635,-42.72604,4,0,0.246,1,1
6.659800142049789,46618.600994348526,18.14129485422706,-65.71547650555195,-42.715584,4,0,0.2565,1,1
6.660300150513649,46622.10105359554,18.14126284854025,-65.71547996729323,-42.494343,4,0,0.4777,1,1
6.660400152206421,46622.80106544495,18.14125644973789,-65.71548055314223,-44.131157,4,0,-1.1591,0,0
6.660500150173903,46623.50105121732,18.141250046507405,-65.71548133689832,-42.62518,4,0,0.3469,1,1
6.660700149834156,46624.90104883909,18.14123724405524,-65.7154827126572,-42.646824,4,0,0.3252,1,1
6.660700149834156,46624.90104883909,18.141237243884422,-65.71548271866376,-42.55159,4,0,0.4205,1,1
6.66090014949441,46626.30104646087,18.141224441862985,-65.71548407066112,-42.938065,4,0,0.034,1,1
6.66090014949441,46626.30104646087,18.141224441477284,-65.71548408422474,-42.723007,4,0,0.249,1,1
6.661000162363052,46627.00113654137,18.1412180390863,-65.71548477626077,-42.658825,4,0,0.3132,1,1
6.661000162363052,46627.00113654137,18.14121803910572,-65.71548477557793,-42.66965,4,0,0.3024,1,1
6.661200162023306,46628.40113416314,18.14120526448362,-65.71548499818019,-60.951683,0,0,-17.9796,1,3
6.661400161683559,46629.80113178492,18.14119246121484,-65.71548637241764,-60.954494,0,0,-17.9825,3,3
6.661600161343813,46631.20112940669,18.141179629517868,-65.71548888839733,-42.834637,4,0,0.1374,1,1
6.661600161343813,46631.20112940669,18.141179629107675,-65.71548890282249,-42.605915,4,0,0.3661,1,1
6.661700159311295,46631.90111517906,18.141173227594305,-65.71548958229394,-42.716965,4,0,0.2551,1,1
6.6618001610040665,46632.60112702847,18.141166825520337,-65.71549027095435,-42.67939,4,0,0.2927,1,1
6.66200016066432,46634.00112465024,18.141154049881955,-65.71549050362606,-60.74926,0,0,-17.7772,3,3
6.662100162357092,46634.70113649964,18.141147619140423,-65.71549233788502,-42.530884,4,0,0.4412,1,1
6.662200171500444,46635.40120050311,18.141141216617704,-65.71549301696312,-42.632393,4,0,0.3396,1,1
6.662300169467926,46636.10118627548,18.1411348145922,-65.71549370148588,-42.642864,4,0,0.3292,1,1
6.662300169467926,46636.10118627548,18.141134814809487,-65.71549369384431,-42.764027,4,0,0.208,1,1
6.662400171160698,46636.801198124886,18.141128440582552,-65.71549324631121,-60.727306,0,0,-17.7553,3,3
6.66250016912818,46637.50118389726,18.141122010402817,-65.71549506058376,-42.811325,4,0,0.1607,1,1
6.662900142371655,46640.30099660158,18.141096402627053,-65.71549779041091,-42.917683,4,0,0.0544,1,1
6.663000140339136,46641.00098237395,18.141089999820668,-65.71549848741788,-42.704876,4,0,0.2672,1,1
6.663100142031908,46641.70099422336,18.141083597262323,-65.71549916521711,-42.79329,4,0,0.1788,1,1
6.663400150835514,46643.8010558486,18.141064388510376,-65.7155012154652,-42.76904,4,0,0.203,1,1
6.663500152528286,46644.501067698,18.14105798573348,-65.71550189253014,-42.85386,4,0,0.1182,1,1
6.66370015218854,46645.90106531978,18.141045179593046,-65.7155032694022,-42.65084,4,0,0.3212,1,1
6.664000149816275,46648.00104871392,18.14102597053905,-65.71550531786556,-42.58366,4,0,0.3884,1,1
6.664000149816275,46648.00104871392,18.14102597059096,-65.71550531603985,-42.61261,4,0,0.3594,1,1
6.664100151509047,46648.701060563326,18.14101956746369,-65.71550599302412,-42.67505,4,0,0.297,1,1
6.664200149476528,46649.4010463357,18.14101316407454,-65.71550668554998,-42.486633,4,0,0.4854,1,1
6.6643001511693,46650.1010581851,18.141006760718504,-65.7155073665193,-42.477802,4,0,0.4942,1,1
6.6645001620054245,46651.50113403797,18.14099395329905,-65.71550872817753,-42.453205,4,0,0.5188,1,1
6.6645001620054245,46651.50113403797,18.140993953403505,-65.71550872450356,-42.51146,4,0,0.4606,1,1
6.664600159972906,46652.20111981034,18.140987550438883,-65.71550939405539,-42.67095,4,0,0.3011,1,1
6.664600159972906,46652.20111981034,18.140987578856976,-65.71550824158065,-60.9513,0,0,-17.9793,1,3
6.664700161665678,46652.90113165975,18.14098108653456,-65.71551250255298,-4.1410007,0,0,38.831,0,0
6.664900161325932,46654.30112928152,18.1409683393988,-65.71551144961968,-42.381466,4,0,0.5906,1,1
6.665100160986185,46655.701126903296,18.14095553259744,-65.7155127933781,-42.58935,4,0,0.3827,1,1
6.6657001711428165,46659.90119799972,18.140917109134328,-65.71551686149287,-42.5273,4,0,0.4447,1,1
6.666300140321255,46664.10098224878,18.14087879505536,-65.71552103234538,-42.58576,4,0,0.3863,1,1
6.666500139981508,46665.50097987056,18.14086597290552,-65.71552236050627,-42.67312,4,0,0.2989,1,1
6.666900150477886,46668.3010533452,18.14084032644887,-65.71552504663967,-42.321873,4,0,0.6502,1,1
6.667200151830912,46670.40106281638,18.14082109232427,-65.71552703221309,-42.470848,4,0,0.5012,1,1
6.667500149458647,46672.50104621053,18.14080185839825,-65.71552900996572,-42.703243,4,0,0.2688,1,1
6.667700152844191,46673.90106990933,18.14078903500344,-65.71553033917456,-42.666843,4,0,0.3052,1,1
6.667700152844191,46673.90106990933,18.14078903488927,-65.71553034319084,-42.60316,4,0,0.3689,1,1
6.668100159615278,46676.70111730695,18.14076338821948,-65.71553298688342,-42.71139,4,0,0.2607,1,1
6.66820016130805,46677.40112915635,18.14075697641334,-65.71553365092237,-42.678215,4,0,0.2938,1,1
6.668300159275532,46678.10111492872,18.14075056479773,-65.71553431607506,-42.62269,4,0,0.3494,1,1
6.668300159275532,46678.10111492872,18.14075056482647,-65.7155343150641,-42.638718,4,0,0.3333,1,1
6.668500162661076,46679.50113862753,18.14073774135472,-65.71553563569334,-42.669044,4,0,0.303,1,1
6.668900161981583,46682.30113387108,18.14071209495865,-65.71553827094833,-42.773315,4,0,0.1987,1,1
6.669000171124935,46683.00119787455,18.14070571190492,-65.71553775104096,-61.48661,0,0,-18.5146,1,3
6.669100172817707,46683.70120972395,18.14069927079563,-65.71553959681339,-42.670902,4,0,0.3011,1,1
6.669100172817707,46683.70120972395,18.140699271533222,-65.71553956185825,-43.22556,4,0,-0.2535,1,0
6.669200170785189,46684.40119549632,18.14069285897645,-65.71554026738565,-42.491577,4,0,0.4805,1,1
6.669300172477961,46685.10120734573,18.140686447792312,-65.71554090740194,-42.793026,4,0,0.179,1,1
6.669500172138214,46686.5012049675,18.140673624644823,-65.7155422240384,-42.802887,4,0,0.1692,1,1
6.669500172138214,46686.5012049675,18.140673623715696,-65.71554225673599,-42.28443,4,0,0.6876,1,1
6.669900141656399,46689.30099159479,18.14064797982111,-65.71554487783017,-42.445744,4,0,0.5263,1,1
6.670400150120258,46692.80105084181,18.140615921755977,-65.71554817529703,-42.228832,4,0,0.7432,1,1
6.67050015181303,46693.50106269121,18.140609510538106,-65.71554882419252,-42.341824,4,0,0.6302,1,1
6.670800149440765,46695.60104608536,18.14059027751177,-65.7155507724965,-42.63151,4,0,0.3405,1,1
6.670800149440765,46695.60104608536,18.14059027714049,-65.7155507855653,-42.42429,4,0,0.5478,1,1
6.671000152826309,46697.00106978416,18.140577484822977,-65.71555088121522,-61.684204,0,0,-18.7122,1,3
6.671400159597397,46699.80111718178,18.14055181047879,-65.71555470760335,-42.501293,4,0,0.4707,1,1
6.671500161290169,46700.50112903118,18.14054539949074,-65.71555536265443,-42.47951,4,0,0.4925,1,1
6.671500161290169,46700.50112903118,18.14054542905645,-65.71555416875879,-61.416725,0,0,-18.4447,0,3
6.671700160950422,46701.90112665296,18.14053257820151,-65.71555666244713,-42.588318,4,0,0.3837,1,1
6.671700160950422,46701.90112665296,18.14053257820434,-65.71555666234764,-42.589897,4,0,0.3821,1,1
6.671800162643194,46702.60113850236,18.140526167234693,-65.71555732237768,-42.478508,4,0,0.4935,1,1
6.671900160610676,46703.30112427473,18.14051975679073,-65.7155579742949,-42.49187,4,0,0.4802,1,1
6.672000162303448,46704.00113612413,18.140513346372938,-65.71555861898962,-42.61666,4,0,0.3554,1,1
6.672000162303448,46704.00113612413,18.14051334609849,-65.71555862865193,-42.463455,4,0,0.5086,1,1
6.672100160270929,46704.701121896505,18.140506935703147,-65.71555928308689,-42.429974,4,0,0.5421,1,1
6.672200161963701,46705.40113374591,18.140500555265863,-65.7155587235058,-61.649647,0,0,-18.6776,1,3
6.672300171107054,46706.101197749376,18.14049411483113,-65.7155605679934,-42.73428,4,0,0.2378,1,1
6.672300171107054,46706.101197749376,18.14049411508184,-65.71556055916638,-42.87424,4,0,0.0978,1,1
6.672500170767307,46707.50119537115,18.140481294034632,-65.71556188478357,-42.518414,4,0,0.4536,1,1
6.672800172120333,46709.60120484233,18.140462063989546,-65.7155638317819,-42.617107,4,0,0.3549,1,1
6.672900170087814,46710.3011906147,18.14045565385137,-65.71556449672765,-42.390366,4,0,0.5817,1,1
6.672900170087814,46710.3011906147,18.140455678690152,-65.71556349602245,-58.263065,0,0,-15.291,1,0
6.673000171780586,46711.0012024641,18.140449244291805,-65.71556513565446,-42.57336,4,0,0.3987,1,1
6.6731001399457455,46711.70097962022,18.14044283698635,-65.71556577346564,-42.767418,4,0,0.2046,1,1
6.673300139605999,46713.10097724199,18.14043001755161,-65.71556708508166,-42.58195,4,0,0.3901,1,1
6.673300139605999,46713.10097724199,18.14043001756012,-65.71556708478202,-42.5867,4,0,0.3853,1,1
6.6735001392662525,46714.50097486377,18.14041719893428,-65.71556837988106,-42.650784,4,0,0.3213,1,1
6.673600140959024,46715.20098671317,18.14041078938757,-65.71556903611511,-42.54076,4,0,0.4313,1,1
6.673900149762631,46717.30104833841,18.1403915615657,-65.71557098692756,-42.476856,4,0,0.4952,1,1
6.674100149422884,46718.70104596019,18.140378744692864,-65.71557225914533,-42.868114,4,0,0.1039,1,1
6.674200151115656,46719.40105780959,18.140372366498184,-65.71557166903379,-62.509552,0,0,-19.5375,3,3
6.674400150775909,46720.801055431366,18.140359518319297,-65.71557422699286,-42.490143,4,0,0.4819,1,1
6.674700159579516,46722.90111705661,18.140340293519984,-65.71557615549827,-42.711903,4,0,0.2601,1,1
6.674900162965059,46724.301140755415,18.14032747725487,-65.71557745634688,-42.605434,4,0,0.3666,1,1
6.675100162625313,46725.70113837719,18.140314661770688,-65.71557875380567,-42.541904,4,0,0.4301,1,1
6.675300162285566,46727.10113599896,18.14030184701133,-65.7155800419035,-42.616623,4,0,0.3554,1,1
6.675300162285566,46727.10113599896,18.14030184676816,-65.71558005046896,-42.480812,4,0,0.4912,1,1
6.67550016194582,46728.50113362074,18.14028903276256,-65.71558132860937,-42.703484,4,0,0.2686,1,1
6.67550016194582,46728.50113362074,18.14028903257774,-65.7155813351198,-42.600258,4,0,0.3718,1,1
6.67550016194582,46728.50113362074,18.14028906244776,-65.71558012979648,-61.718277,0,0,-18.7462,0,3
6.6756001599133015,46729.20111939311,18.140282625496187,-65.7155819850504,-42.53572,4,0,0.4363,1,1
6.676100172102451,46732.70120471716,18.140250591809203,-65.71558520166161,-42.70322,4,0,0.2688,1,1
6.676300171762705,46734.10120233893,18.1402377793537,-65.71558649566171,-42.63723,4,0,0.3348,1,1
6.6764001697301865,46734.801188111305,18.140231374140807,-65.71558711804911,-42.991024,4,0,-0.019,1,1
6.676500141620636,46735.50099134445,18.140224969385766,-65.71558778768018,-42.590946,4,0,0.3811,1,1
6.676600139588118,46736.20097711682,18.140218563905744,-65.71558842891118,-42.64173,4,0,0.3303,1,1
6.676600139588118,46736.20097711682,18.14021856441144,-65.71558841109602,-42.9242,4,0,0.0478,1,1
6.677000142633915,46739.000998437405,18.1401929420824,-65.71559101358015,-42.512558,4,0,0.4595,1,1
6.677100151777268,46739.70106244087,18.14018653714908,-65.71559163477227,-42.872177,4,0,0.0999,1,1
6.677100151777268,46739.70106244087,18.14018698637898,-65.71557348293655,-330.7698,0,0,-287.7978,3,3
6.677200149744749,46740.40104821324,18.1401801318006,-65.71559230074119,-42.51879,4,0,0.4533,1,1
6.677400149405003,46741.80104583502,18.140167322347576,-65.7155935956457,-42.39398,4,0,0.5781,1,1
6.677500151097775,46742.50105768442,18.140160918167265,-65.71559422733144,-42.57901,4,0,0.393,1,1
6.677600152790546,46743.20106953383,18.14015451373462,-65.71559487307294,-42.539402,4,0,0.4326,1,1
6.6778001524508,46744.6010671556,18.140141705787773,-65.71559615622789,-42.58664,4,0,0.3854,1,1
6.6778001524508,46744.6010671556,18.140141705808336,-65.71559615550342,-42.598125,4,0,0.3739,1,1
6.6779001504182816,46745.30105292797,18.14013530163725,-65.7155968161365,-42.31688,4,0,0.6552,1,1
6.67830016091466,46748.10112640262,18.14010971460981,-65.7155982811411,-59.854153,0,0,-16.8821,2,0
6.678400162607431,46748.80113825202,18.14010328497237,-65.71559999925435,-42.79239,4,0,0.1797,1,1
6.678400162607431,46748.80113825202,18.14010328405328,-65.71560003163873,-42.278923,4,0,0.6931,1,1
6.678500160574913,46749.50112402439,18.140096881429788,-65.71560067016793,-42.338722,4,0,0.6333,1,1
6.678600162267685,46750.2011358738,18.14009047870579,-65.71560130938053,-42.38661,4,0,0.5854,1,1
6.678700160235167,46750.901121646166,18.140084076602484,-65.71560194065715,-42.55852,4,0,0.4135,1,1
6.678700160235167,46750.901121646166,18.1400840761851,-65.71560195536402,-42.32534,4,0,0.6467,1,1
6.6788001619279385,46751.60113349557,18.140077674085006,-65.71560258373307,-42.542336,4,0,0.4297,1,1
6.67890015989542,46752.30111926794,18.140071271716607,-65.71560323555133,-42.385803,4,0,0.5862,1,1
6.67890015989542,46752.30111926794,18.140071271641883,-65.71560323818439,-42.344055,4,0,0.628,1,1
6.679200172424316,46754.401206970215,18.14005206534896,-65.71560515710644,-42.44775,4,0,0.5243,1,1
6.679300170391798,46755.101192742586,18.14004566393363,-65.71560579809346,-42.457832,4,0,0.5142,1,1
6.679300170391798,46755.101192742586,18.14004569682225,-65.7156044679519,-63.55515,0,0,-20.5831,0,3
6.680000141263008,46760.00098884106,18.140000859794007,-65.71561027785192,-42.608524,4,0,0.3635,1,1
6.680000141263008,46760.00098884106,18.140000859398203,-65.71561029179948,-42.387383,4,0,0.5847,1,1
6.68010014295578,46760.70100069046,18.13999445964432,-65.71561091259552,-42.70929,4,0,0.2628,1,1
6.680200140923262,46761.40098646283,18.13998805936799,-65.71561156612262,-42.510918,4,0,0.4611,1,1
6.680200140923262,46761.40098646283,18.13998805933215,-65.71561156738554,-42.490894,4,0,0.4811,1,1
6.680400140583515,46762.800984084606,18.139975259616392,-65.71561285447807,-42.408333,4,0,0.5637,1,1
6.680700153112412,46764.90107178688,18.13995609218928,-65.71561350578683,-62.570602,0,0,-19.5986,3,3
6.681000150740147,46767.00105518103,18.139936865220584,-65.71561666771251,-42.904194,4,0,0.0678,1,1
6.681100152432919,46767.70106703043,18.139930466301912,-65.71561731930254,-42.729866,4,0,0.2422,1,1
6.681300152093172,46769.101064652205,18.139917669747422,-65.71561860181984,-42.706738,4,0,0.2653,1,1
6.681400150060654,46769.801050424576,18.1399112718966,-65.71561924250608,-42.703125,4,0,0.2689,1,1
6.681400150060654,46769.801050424576,18.13991127197197,-65.71561923985003,-42.745235,4,0,0.2268,1,1
6.681500151753426,46770.50106227398,18.139904874009936,-65.71561988221858,-42.714794,4,0,0.2572,1,1
6.681500151753426,46770.50106227398,18.13990487444601,-65.71561986685137,-42.958443,4,0,0.0136,1,1
6.681600160896778,46771.20112627745,18.13989847574741,-65.71562052457472,-42.684803,4,0,0.2872,1,1
6.68170016258955,46771.90113812685,18.13989207786688,-65.71562117637787,-42.503803,4,0,0.4682,1,1
6.682200159877539,46775.40111914277,18.13986009429683,-65.71562433855466,-43.12745,4,0,-0.1554,1,0
6.682300161570311,46776.101130992174,18.139853696958923,-65.71562501732521,-42.516293,4,0,0.4557,1,1
6.682300161570311,46776.101130992174,18.139853729020107,-65.71562372525875,-63.009018,0,0,-20.037,3,3
6.682500172406435,46777.501206845045,18.13984090402765,-65.71562629720353,-42.52614,4,0,0.4459,1,1
6.682500172406435,46777.501206845045,18.13984090434879,-65.71562628588677,-42.705563,4,0,0.2665,1,1
6.68280017003417,46779.60119023919,18.13982171749113,-65.71562820456846,-42.73503,4,0,0.237,1,1
6.68280017003417,46779.60119023919,18.139821751003065,-65.71562684336153,-64.32468,0,0,-21.3526,0,0
6.682900171726942,46780.301202088594,18.139815334577467,-65.71562833110141,-50.882004,1,0,-7.91,0,0
6.683000169694424,46781.001187860966,18.13980892694933,-65.71562948733394,-42.696426,4,0,0.2756,1,1
6.683100171387196,46781.70119971037,18.13980253159108,-65.71563013689942,-42.54749,4,0,0.4246,1,1
6.683100171387196,46781.70119971037,18.139802531870163,-65.7156301270644,-42.70342,4,0,0.2686,1,1
6.683200173079968,46782.40121155977,18.13979613646999,-65.71563078429416,-42.432945,4,0,0.5391,1,1
6.683200173079968,46782.40121155977,18.13979613694833,-65.71563076743755,-42.700203,4,0,0.2718,1,1
6.683200173079968,46782.40121155977,18.139796168088445,-65.71562950785041,-62.677822,0,0,-19.7058,1,3
6.683300171047449,46783.101197332144,18.13978974240183,-65.71563140913972,-42.67554,4,0,0.2965,1,1
6.683400142937899,46783.80100056529,18.139783349558897,-65.71563205558016,-42.57315,4,0,0.3989,1,1
6.683700140565634,46785.90098395944,18.139764167569595,-65.71563396969438,-42.67445,4,0,0.2976,1,1
6.683700140565634,46785.90098395944,18.13976416720439,-65.71563398256362,-42.47041,4,0,0.5016,1,1
6.683700140565634,46785.90098395944,18.139764206551988,-65.71563238871316,-67.749565,0,0,-24.7775,1,0
6.683800142258406,46786.60099580884,18.13975777355925,-65.71563461495138,-42.594276,4,0,0.3778,1,1
6.683900140225887,46787.30098158121,18.139751380497376,-65.71563524129344,-42.813797,4,0,0.1582,1,1
6.684100151062012,46788.70105743408,18.13973859257252,-65.71563653990357,-42.527035,4,0,0.445,1,1
6.684200152754784,46789.401069283485,18.13973219941311,-65.71563717966445,-42.53489,4,0,0.4372,1,1
6.684600152075291,46792.20106452704,18.139706664007555,-65.71563832402971,-65.00583,0,0,-22.0338,0,0
6.684800151735544,46793.60106214881,18.13969384464849,-65.7156410230657,-42.511307,4,0,0.4607,1,1
6.684800151735544,46793.60106214881,18.139693863475053,-65.7156402605428,-54.60516,0,0,-11.6331,0,0
6.685200162231922,46796.401135623455,18.1396682773994,-65.71564358899037,-42.44747,4,0,0.5246,1,1
6.685200162231922,46796.401135623455,18.139668277643786,-65.71564358037922,-42.583996,4,0,0.388,1,1
6.685300160199404,46797.10112139583,18.13966188646421,-65.71564422487049,-42.521175,4,0,0.4509,1,1
6.685900162905455,46801.30114033818,18.13962354258525,-65.71564806864313,-42.52643,4,0,0.4456,1,1
6.686000160872936,46802.00112611056,18.13961718350993,-65.71564746053988,-62.33455,0,0,-19.3625,0,3
6.686200171709061,46803.40120196343,18.13960437240022,-65.71564998990803,-42.549305,4,0,0.4227,1,1
6.68670017272234,46806.90120905638,18.139572280409165,-65.7156531440754,-42.587376,4,0,0.3847,1,1
6.687700152397156,46813.90106678009,18.139508526301395,-65.71565959667876,-42.66596,4,0,0.3061,1,1
6.688000150024891,46816.00105017424,18.1394894018616,-65.71566154895397,-42.447777,4,0,0.5243,1,1
6.688100151717663,46816.70106202364,18.139483028283045,-65.71566214935615,-43.17613,4,0,-0.2041,1,0
6.688300151377916,46818.10105964541,18.13947027856509,-65.7156634864912,-42.47298,4,0,0.4991,1,1
6.688600160181522,46820.20112127066,18.13945115581112,-65.71566541849828,-42.59616,4,0,0.3759,1,1
6.689100161194801,46823.70112836361,18.13941928679794,-65.71566864740988,-42.68067,4,0,0.2914,1,1
6.689400169998407,46825.80118998885,18.139400165343943,-65.71567059646905,-42.55984,4,0,0.4122,1,1
6.689600169658661,46827.20118761063,18.139387418332408,-65.71567189732437,-42.46079,4,0,0.5113,1,1
6.689600169658661,46827.20118761063,18.139387418612465,-65.71567188746367,-42.61712,4,0,0.3549,1,1
6.689700171351433,46827.90119946003,18.13938104527484,-65.71567252772738,-42.730785,4,0,0.2413,1,1
6.689900171011686,46829.30119708181,18.13936829855101,-65.71567382762782,-42.65374,4,0,0.3183,1,1
6.69010017067194,46830.70119470358,18.139355551834715,-65.71567513201353,-42.510216,4,0,0.4618,1,1
6.69010017067194,46830.70119470358,18.139355553490507,-65.71567506471958,-43.57749,4,0,-0.6054,1,0
6.69010017067194,46830.70119470358,18.139355551795223,-65.71567513340398,-42.488174,4,0,0.4839,1,1
6.690300140529871,46832.1009837091,18.13934280723755,-65.71567643212691,-42.436035,4,0,0.536,1,1
6.690400142222643,46832.8009955585,18.139336434089053,-65.71567707563348,-42.506275,4,0,0.4658,1,1
6.690900150686503,46836.30105480552,18.139304568188173,-65.71568030360224,-42.709835,4,0,0.2622,1,1
6.691100150346756,46837.70105242729,18.13929182412516,-65.71568151299685,-44.0964,4,0,-1.1244,0,0
6.6913001500070095,46839.10105004907,18.13927907522277,-65.71568290892537,-42.529728,4,0,0.4423,1,1
6.6913001500070095,46839.10105004907,18.139279075205145,-65.71568290954558,-42.519894,4,0,0.4521,1,1
6.6913001500070095,46839.10105004907,18.13927907586015,-65.71568288649517,-42.88533,4,0,0.0867,1,1
6.6913001500070095,46839.10105004907,18.13927907543728,-65.71568290137672,-42.649403,4,0,0.3226,1,1
6.691700160503388,46841.90112352371,18.13925358145719,-65.71568550595325,-42.501762,4,0,0.4703,1,1
6.691900160163641,46843.30112114549,18.139240834432336,-65.71568681497072,-42.328056,4,0,0.644,1,1
6.692000161856413,46844.00113299489,18.139234461027872,-65.71568745929864,-42.404655,4,0,0.5674,1,1
6.692200161516666,46845.401130616665,18.139221713974283,-65.71568875979175,-42.373524,4,0,0.5985,1,1
6.692200161516666,46845.401130616665,18.139221746564026,-65.71568745125596,-63.125904,0,0,-20.1539,2,3
6.692300163209438,46846.10114246607,18.139215340714976,-65.71568939364846,-42.619854,4,0,0.3522,1,1
6.692500162869692,46847.50114008784,18.13920259302557,-65.71569070458543,-42.430626,4,0,0.5414,1,1
6.692500162869692,46847.50114008784,18.139202611908324,-65.71568994134093,-54.5353,0,0,-11.5633,0,0
6.6926001608371735,46848.20112586021,18.13919621919641,-65.71569135772312,-42.374794,4,0,0.5972,1,1
6.6926001608371735,46848.20112586021,18.139196219315423,-65.7156913535364,-42.44117,4,0,0.5309,1,1
6.692800160497427,46849.60112348199,18.139183471954205,-65.71569263863,-42.669174,4,0,0.3029,1,1
6.692800160497427,46849.60112348199,18.13918347167354,-65.71569264850235,-42.51266,4,0,0.4594,1,1
6.692800160497427,46849.60112348199,18.13918347183815,-65.71569264271206,-42.604458,4,0,0.3676,1,1
6.69290017336607,46850.30121356249,18.139177096679663,-65.71569330409486,-42.423073,4,0,0.549,1,1
6.693000171333551,46851.00119933486,18.13917072268037,-65.71569395517567,-42.40473,4,0,0.5673,1,1
6.69360014051199,46855.20098358393,18.139132494470616,-65.71569720031684,-52.807663,1,0,-9.8356,1,0
6.693800140172243,46856.6009812057,18.13911972836416,-65.7156991610847,-42.34547,4,0,0.6266,1,1
6.693800140172243,46856.6009812057,18.139119761939902,-65.715697809477,-63.780933,0,0,-20.8089,2,3
6.693900141865015,46857.30099305511,18.13911335509541,-65.7156997378192,-43.517994,4,0,-0.546,0,0
6.694300152361393,46860.10106652975,18.13908785127765,-65.7157024167747,-42.32139,4,0,0.6507,1,1
6.694600149989128,46862.2010499239,18.1390687244737,-65.71570435692337,-42.531574,4,0,0.4405,1,1
6.6947001516819,46862.9010617733,18.13906234787652,-65.71570502331453,-42.292534,4,0,0.6795,1,1
6.695200152695179,46866.40106886625,18.13903046580277,-65.71570826104738,-42.609535,4,0,0.3625,1,1
6.695400159806013,46867.80111864209,18.139017711167085,-65.71570956323868,-42.633602,4,0,0.3384,1,1
6.695500161498785,46868.501130491495,18.139011333351885,-65.71571022837614,-42.424683,4,0,0.5474,1,1
6.695600163191557,46869.2011423409,18.13900495583741,-65.71571087691005,-42.48027,4,0,0.4918,1,1
6.6958001628518105,46870.60113996267,18.138992200172964,-65.71571218609176,-42.402847,4,0,0.5692,1,1
6.6958001628518105,46870.60113996267,18.138992200189413,-65.71571218551351,-42.412014,4,0,0.56,1,1
6.695900160819292,46871.30112573504,18.13898582276077,-65.71571282058399,-42.684494,4,0,0.2875,1,1
6.696000162512064,46872.00113758445,18.138979444039624,-65.71571348626986,-42.47328,4,0,0.4988,1,1
6.696000162512064,46872.00113758445,18.13897944411669,-65.7157134835615,-42.516216,4,0,0.4558,1,1
6.696000162512064,46872.00113758445,18.13897944437273,-65.71571347456299,-42.658875,4,0,0.3132,1,1
6.696400173008442,46874.80121105909,18.13895392901982,-65.7157160784106,-42.76088,4,0,0.2112,1,1
6.696400173008442,46874.80121105909,18.13895392855088,-65.71571609489057,-42.49962,4,0,0.4724,1,1
6.696600172668696,46876.20120868087,18.13894117019766,-65.71571739135118,-42.644306,4,0,0.3277,1,1
6.696900170296431,46878.30119207501,18.13892203073185,-65.71571935367648,-42.591133,4,0,0.3809,1,1
6.697100140154362,46879.70098108053,18.13890927193141,-65.71572065851728,-42.612602,4,0,0.3594,1,1
6.697200141847134,46880.400992929935,18.138902891532776,-65.71572129696516,-42.848484,4,0,0.1236,1,1
6.697400141507387,46881.80099055171,18.13889012907664,-65.71572261680973,-42.64278,4,0,0.3293,1,1
6.697400141507387,46881.80099055171,18.13889012915472,-65.71572261406624,-42.686275,4,0,0.2858,1,1
6.697400141507387,46881.80099055171,18.13889012912283,-65.7157226151867,-42.66851,4,0,0.3035,1,1
6.697500143200159,46882.50100240111,18.138883747594488,-65.71572326946382,-42.657246,4,0,0.3148,1,1
6.697500143200159,46882.50100240111,18.138883747858024,-65.71572326020457,-42.804035,4,0,0.168,1,1
6.697500143200159,46882.50100240111,18.13888374761585,-65.71572326871322,-42.669144,4,0,0.3029,1,1
6.697500143200159,46882.50100240111,18.138883790549727,-65.7157215356011,-70.15478,2,0,-27.1827,2,0
6.698000151664019,46886.00106164813,18.138851493678303,-65.71574034271495,176.27248,0,0,219.2445,0,0
6.698100153356791,46886.701073497534,18.13884545329116,-65.71572720096029,-42.52361,4,0,0.4484,1,1
6.698100153356791,46886.701073497534,18.138845497920418,-65.71572539950016,-71.093124,2,0,-28.1211,1,0
6.698300153017044,46888.10107111931,18.13883268683816,-65.71572850786086,-42.545895,4,0,0.4261,1,1
6.698400150984526,46888.80105689168,18.1388263032874,-65.71572916476985,-42.503822,4,0,0.4682,1,1
6.69860016182065,46890.20113274455,18.138813534853075,-65.71573046505222,-42.639538,4,0,0.3325,1,1
6.698700163513422,46890.901144593954,18.13880715008997,-65.71573112900812,-42.48987,4,0,0.4822,1,1
6.699300162494183,46895.10113745928,18.13876883810997,-65.71573506022332,-42.449295,4,0,0.5227,1,1
6.699300162494183,46895.10113745928,18.13876883815969,-65.71573505847695,-42.47698,4,0,0.4951,1,1
6.699900172650814,46899.3012085557,18.13873051542888,-65.71573899212596,-42.443184,4,0,0.5289,1,1
6.700000170618296,46900.00119432807,18.138723647825746,-65.71575895679668,263.795,0,0,306.767,0,0
6.700200170278549,46901.40119194984,18.1387113508898,-65.71574095066508,-42.573277,4,0,0.3988,1,1
6.70040014013648,46902.80098095536,18.13869858840196,-65.71574170942615,-51.33691,2,0,-8.3649,1,0
6.700500141829252,46903.500992804766,18.138692184907573,-65.71574292476126,-42.464878,4,0,0.5072,1,1
6.700700141489506,46904.90099042654,18.13867940901485,-65.71574407820539,-44.9794,3,0,-2.0074,0,0
6.700800143182278,46905.60100227594,18.138673014991152,-65.71574487509503,-42.74707,4,0,0.225,1,1
6.700800143182278,46905.60100227594,18.138673014550083,-65.71574489058435,-42.50152,4,0,0.4705,1,1
6.700900141149759,46906.30098804832,18.138666624307803,-65.71574553427831,-42.69944,4,0,0.2726,1,1
6.700900141149759,46906.30098804832,18.138666624371744,-65.71574553203293,-42.73504,4,0,0.237,1,1
6.701400153338909,46909.80107337237,18.138634664528748,-65.71574883734827,-42.36809,4,0,0.604,1,1
6.701900150626898,46913.301054388285,18.1386026983806,-65.71575212230549,-42.351517,4,0,0.6205,1,1
6.702100161463022,46914.70113024116,18.1385899091797,-65.71575342668248,-42.50654,4,0,0.4655,1,1
6.702300161123276,46916.10112786293,18.138577119235293,-65.7157547363801,-42.580654,4,0,0.3914,1,1
6.703300170600414,46923.1011942029,18.13851314794548,-65.71576131880772,-42.482616,4,0,0.4894,1,1
6.703300170600414,46923.1011942029,18.13851314815452,-65.71576131146728,-42.598984,4,0,0.3731,1,1
6.703400172293186,46923.8012060523,18.13850674960053,-65.71576195322083,-42.856846,4,0,0.1152,1,1
6.70360017195344,46925.20120367408,18.138493950105666,-65.71576329311861,-42.481544,4,0,0.4905,1,1
6.703700173646212,46925.90121552348,18.138487550355872,-65.71576394103981,-42.64496,4,0,0.3271,1,1
6.703900143504143,46927.301004529,18.13847475125283,-65.71576525961596,-42.611313,4,0,0.3607,1,1
6.704000141471624,46928.00099030137,18.13846835026992,-65.7157659231573,-42.530006,4,0,0.442,1,1
6.704000141471624,46928.00099030137,18.138468371043142,-65.71576508591417,-55.80771,3,0,-12.8357,0,0
6.70430015027523,46930.10105192661,18.13844914481097,-65.71576789614724,-42.57373,4,0,0.3983,1,1
6.70430015027523,46930.10105192661,18.13844914464558,-65.71576790195502,-42.48166,4,0,0.4904,1,1
6.704600151628256,46932.20106139779,18.138429942561988,-65.71576963725134,-46.303734,2,0,-3.3317,0,0
6.705100152641535,46935.70106849074,18.13839792396341,-65.71577285637662,-47.510143,2,0,-4.5381,0,0
6.705200150609016,46936.40105426312,18.13839151099144,-65.7157738313589,-42.50283,4,0,0.4692,1,1
6.705300152301788,46937.10106611252,18.138385105616543,-65.71577448308038,-42.623245,4,0,0.3488,1,1
6.705500163137913,46938.50114196539,18.13837241894347,-65.71577072898393,-123.07343,0,0,-80.1014,0,0
6.705800160765648,46940.601125359535,18.13835312042922,-65.71577584336858,-73.34629,2,0,-30.3742,0,0
6.706000160425901,46942.00112298131,18.138340290207385,-65.7157777615646,-63.85101,4,0,-20.879,2,3
6.706100162118673,46942.70113483071,18.138333848718133,-65.71577975498008,-42.70223,4,0,0.2698,1,1
6.706600170582533,46946.20119407773,18.138302006923897,-65.7157830593712,-42.97983,4,0,-0.0078,1,1
6.706800170242786,46947.60119169951,18.13828915249676,-65.71578440153029,-42.58163,4,0,0.3904,1,1
6.706900171935558,46948.30120354891,18.138282725732367,-65.7157850359314,-42.96564,4,0,0.0064,1,1
6.70700017362833,46949.00121539831,18.13827629807723,-65.71578568987678,-43.040833,4,0,-0.0688,1,1
6.707200173288584,46950.401213020086,18.138263441198667,-65.71578702659218,-42.73692,4,0,0.2351,1,1
6.707800142467022,46954.60099726915,18.13822486637337,-65.71579098427692,-42.678368,4,0,0.2937,1,1
6.707900151610375,46955.30106127262,18.13821843544976,-65.71579163711078,-42.781204,4,0,0.1908,1,1
6.708000153303146,46956.001073122025,18.138212005921464,-65.71579223843786,-43.70125,4,0,-0.7292,1,0
6.708000153303146,46956.001073122025,18.1382120041907,-65.71579230823424,-42.594364,4,0,0.3777,1,1
6.708600152283907,46960.20106598735,18.138173446511704,-65.71579493206198,-63.7421,4,0,-20.7701,2,3
6.7087001614272594,46960.901129990816,18.138166980310007,-65.7157969175035,-42.719948,4,0,0.2521,1,1
6.709100160747767,46963.701125234365,18.138141257658003,-65.71579912123018,-49.635887,3,0,-6.6638,0,0
6.709200162440538,46964.40113708377,18.13813481236363,-65.71580022825505,-42.548996,4,0,0.423,1,1
6.7096001617610455,46967.20113232732,18.13810907410945,-65.71580286517688,-42.616688,4,0,0.3554,1,1
6.7096001617610455,46967.20113232732,18.138109076604323,-65.71580276846517,-44.150257,4,0,-1.1782,0,0
6.7096001617610455,46967.20113232732,18.13810907418298,-65.71580286259152,-42.657673,4,0,0.3144,1,1
6.709800161421299,46968.60112994909,18.138096203791704,-65.71580418026336,-42.710457,4,0,0.2616,1,1
6.709800161421299,46968.60112994909,18.138096203717268,-65.71580418288082,-42.66896,4,0,0.3031,1,1
6.710100170224905,46970.701191574335,18.138076895789723,-65.7158061663153,-42.647476,4,0,0.3246,1,1
6.7104001715779305,46972.80120104551,18.1380575867358,-65.71580814484365,-42.71285,4,0,0.2592,1,1
6.710900142788887,46976.30099952221,18.138025403043333,-65.71581145630458,-42.62006,4,0,0.352,1,1
6.711200151592493,46978.40106114745,18.13800608935404,-65.71581343921179,-42.64339,4,0,0.3287,1,1
6.711200151592493,46978.40106114745,18.13800608927769,-65.71581344189819,-42.600803,4,0,0.3712,1,1
6.711300153285265,46979.101072996855,18.13799965173374,-65.71581408304687,-42.9249,4,0,0.0471,1,1
6.711300153285265,46979.101072996855,18.137999651772223,-65.7158140816928,-42.946365,4,0,0.0257,1,1
6.7119001522660255,46983.30106586218,18.13796102081893,-65.715818058378,-42.855797,4,0,0.1162,1,1
6.712200153619051,46985.40107533336,18.137941703201733,-65.71582006388262,-42.553925,4,0,0.4181,1,1
6.712300151586533,46986.10106110573,18.13793526425939,-65.7158207197846,-42.655163,4,0,0.3169,1,1
6.712500162422657,46987.5011369586,18.137922384688192,-65.71582205208502,-42.537487,4,0,0.4346,1,1
6.712600160390139,46988.20112273097,18.13791594556414,-65.7158227074617,-42.650375,4,0,0.3217,1,1
6.712600160390139,46988.20112273097,18.13791594582317,-65.71582269834053,-42.79497,4,0,0.1771,1,1
6.712700162082911,46988.90113458037,18.137909505961023,-65.71582336862545,-42.673058,4,0,0.299,1,1
6.712700162082911,46988.90113458037,18.13790950579504,-65.7158233744708,-42.580395,4,0,0.3916,1,1
6.712800163775682,46989.60114642978,18.137902559794327,-65.71584447846114,281.60764,0,0,324.5797,0,0
6.712900161743164,46990.30113220215,18.137896626780687,-65.71582469115464,-42.718285,4,0,0.2538,1,1
6.713000163435936,46991.00114405155,18.137890118050223,-65.71582813131604,1.3268282,0,0,44.2989,0,0
6.713000163435936,46991.00114405155,18.13789018682087,-65.71582535790756,-42.655815,4,0,0.3162,1,1
6.713100161403418,46991.70112982392,18.137883412360043,-65.71583954237849,171.78578,0,0,214.7578,0,0
6.713300172239542,46993.1012056768,18.137870866435595,-65.71582735628374,-42.50556,4,0,0.4665,1,1
6.713400170207024,46993.801191449165,18.13786442687918,-65.71582801029376,-42.649334,4,0,0.3227,1,1
6.713500171899796,46994.50120329857,18.13785798698237,-65.71582866654379,-42.759148,4,0,0.2129,1,1
6.713500171899796,46994.50120329857,18.13785798663512,-65.71582867877711,-42.565212,4,0,0.4068,1,1
6.713700171560049,46995.90120092034,18.13784510749341,-65.71582996442069,-43.21409,4,0,-0.242,1,0
6.713700171560049,46995.90120092034,18.13784510645453,-65.7158300100352,-42.490562,4,0,0.4815,1,1
6.713800173252821,46996.60121276975,18.137838666289376,-65.71583067276862,-42.50108,4,0,0.471,1,1
6.713800173252821,46996.60121276975,18.137838666426266,-65.71583066794527,-42.577545,4,0,0.3945,1,1
6.713800173252821,46996.60121276975,18.137838666266507,-65.71583067357423,-42.488308,4,0,0.4837,1,1
6.714100141078234,46998.70098754764,18.137819347946103,-65.7158326661307,-42.453884,4,0,0.5182,1,1
6.714200142771006,46999.40099939704,18.13781290770104,-65.7158333300363,-42.45049,4,0,0.5216,1,1
6.714400142431259,47000.800997018814,18.13780002772782,-65.71583464822712,-42.599327,4,0,0.3727,1,1
6.714400142431259,47000.800997018814,18.137800029084648,-65.71583459138962,-43.50077,4,0,-0.5287,0,0
6.714400142431259,47000.800997018814,18.137800027431005,-65.7158346586885,-42.433487,4,0,0.5386,1,1
6.714500140398741,47001.50098279119,18.137793587566325,-65.71583531811383,-42.50424,4,0,0.4678,1,1
6.714800152927637,47003.60107049346,18.137774266239585,-65.71583731891641,-42.36839,4,0,0.6037,1,1
6.715000152587891,47005.001068115234,18.13776138665045,-65.7158386314307,-42.621315,4,0,0.3507,1,1
6.715000152587891,47005.001068115234,18.13776138635809,-65.71583864173844,-42.45791,4,0,0.5141,1,1
6.715100150555372,47005.701053887606,18.13775494640797,-65.71583930727928,-42.43889,4,0,0.5332,1,1
6.715100150555372,47005.701053887606,18.1377549781982,-65.71583802405867,-62.788868,4,0,-19.8168,0,3
6.715400151908398,47007.801063358784,18.13773564862877,-65.71584041678692,-56.457504,2,0,-13.4855,0,0
6.715800162404776,47010.60113683343,18.13770986748284,-65.71584394749792,-42.635094,4,0,0.3369,1,1
6.715800162404776,47010.60113683343,18.13770986717946,-65.71584395819879,-42.465454,4,0,0.5066,1,1
6.715900160372257,47011.3011226058,18.137703427805683,-65.71584462190631,-42.484837,4,0,0.4872,1,1
6.716000162065029,47012.0011344552,18.137696988213232,-65.71584528762752,-42.47388,4,0,0.4982,1,1
6.716200161725283,47013.40113207698,18.137684109799,-65.7158466091578,-42.612267,4,0,0.3598,1,1
6.716300163418055,47014.10114392638,18.13767767052254,-65.71584727287802,-42.63659,4,0,0.3355,1,1
6.716300163418055,47014.10114392638,18.137677681408228,-65.71584683467607,-49.58578,3,0,-6.6137,0,0
6.716300163418055,47014.10114392638,18.137677670535425,-65.71584727242366,-42.64379,4,0,0.3283,1,1
6.716400161385536,47014.80112969875,18.137671231325072,-65.71584794560992,-42.51885,4,0,0.4532,1,1
6.716500163078308,47015.50114154816,18.13766479215628,-65.7158486124047,-42.496807,4,0,0.4752,1,1
6.716500163078308,47015.50114154816,18.137664792169588,-65.71584861193502,-42.504253,4,0,0.4678,1,1
6.71660016104579,47016.20112732053,18.13765835329896,-65.71584928031298,-42.45791,4,0,0.5141,1,1
6.716800171881914,47017.6012031734,18.13764550661747,-65.715849336345,-62.680775,4,0,-19.7087,3,3
6.717200171202421,47020.40119841695,18.13761972145569,-65.71585327671228,-42.42704,4,0,0.545,1,1
6.717200171202421,47020.40119841695,18.137619752913192,-65.71585200384453,-62.612915,4,0,-19.6409,3,3
6.717400170862675,47021.80119603872,18.13760684593564,-65.71585459129085,-42.704166,4,0,0.2679,1,1
6.717500142753124,47022.50099927187,18.13760040971148,-65.7158552651173,-42.579403,4,0,0.3926,1,1
6.717600140720606,47023.20098504424,18.137593972255136,-65.71585592850926,-42.624,4,0,0.348,1,1
6.717600140720606,47023.20098504424,18.137594011463108,-65.71585433661194,-67.869415,2,0,-24.8974,2,0
6.717600140720606,47023.20098504424,18.13759400519245,-65.7158545941121,-63.7857,4,0,-20.8137,2,3
6.718500152230263,47029.50106561184,18.13753603947801,-65.71586193218008,-42.556732,4,0,0.4153,1,1
6.718500152230263,47029.50106561184,18.13753603923372,-65.71586194080855,-42.419945,4,0,0.5521,1,1
6.71890015155077,47032.30106085539,18.1375102965332,-65.71586460436536,-42.495434,4,0,0.4766,1,1
6.719000153243542,47033.00107270479,18.137503860903568,-65.71586528186396,-42.333424,4,0,0.6386,1,1
6.719200160354376,47034.40112248063,18.13749099064566,-65.71586661490255,-42.361454,4,0,0.6106,1,1
6.719300162047148,47035.101134330034,18.137484556106383,-65.71586727600008,-42.462997,4,0,0.509,1,1
6.719300162047148,47035.101134330034,18.13748455658209,-65.7158672591919,-42.729458,4,0,0.2426,1,1
6.719800163060427,47038.60114142299,18.137452386122284,-65.71587061957001,-42.38391,4,0,0.5881,1,1
6.72000016272068,47040.00113904476,18.137439520610485,-65.71587192794033,-42.821087,4,0,0.151,1,1
6.720100160688162,47040.70112481713,18.13743308751006,-65.71587261122434,-42.579937,4,0,0.3921,1,1
6.720200173556805,47041.40121489763,18.13742668598054,-65.71587199067282,-63.01841,0,0,-20.0464,3,3
6.720300171524286,47042.10120067,18.13742022221333,-65.71587393805909,-42.73262,4,0,0.2394,1,1
6.720400173217058,47042.80121251941,18.1374137896708,-65.7158746194215,-42.52584,4,0,0.4462,1,1
6.720700170844793,47044.90119591355,18.137394526511844,-65.71587535109538,-62.724697,0,0,-19.7527,3,3
6.7209001407027245,47046.30098491907,18.13738163523477,-65.71587796130295,-42.534542,4,0,0.4375,1,1
6.721300143748522,47049.10100623965,18.1373559153188,-65.71588061349365,-42.903297,4,0,0.0687,1,1
6.721400141716003,47049.80099201202,18.13734948539316,-65.71588130568044,-42.536133,4,0,0.4359,1,1
6.721400141716003,47049.80099201202,18.13734951684512,-65.71588003056488,-62.75775,0,0,-19.7857,3,3
6.721500150859356,47050.50105601549,18.13734305566698,-65.71588197556578,-42.524853,4,0,0.4472,1,1
6.7217001505196095,47051.90105363727,18.13733019823517,-65.71588331678561,-42.480785,4,0,0.4913,1,1
6.7217001505196095,47051.90105363727,18.137330198490183,-65.71588330776596,-42.62377,4,0,0.3483,1,1
6.721800152212381,47052.60106548667,18.137323769905088,-65.71588398506985,-42.497536,4,0,0.4745,1,1
6.721900153905153,47053.30107733607,18.137317372664235,-65.71588340132134,-62.37114,0,0,-19.3991,3,3
6.722000151872635,47054.00106310845,18.13731091428941,-65.71588532472384,-42.485157,4,0,0.4869,1,1
6.722000151872635,47054.00106310845,18.137310945034624,-65.71588407431652,-62.3151,0,0,-19.3431,3,3
6.722100153565407,47054.70107495785,18.13730448713307,-65.71588598327095,-42.659695,4,0,0.3123,1,1
6.722100153565407,47054.70107495785,18.13730448679104,-65.71588599537004,-42.467888,4,0,0.5042,1,1
6.722200151532888,47055.40106073022,18.13729805974576,-65.71588666922207,-42.400536,4,0,0.5715,1,1
6.72230015322566,47056.10107257962,18.137291633908923,-65.71588730276075,-42.973804,4,0,-0.0018,1,1
6.72230015322566,47056.10107257962,18.137291633110426,-65.71588733100926,-42.525978,4,0,0.4461,1,1
6.722400151193142,47056.80105835199,18.137285206843085,-65.71588799919597,-42.550705,4,0,0.4213,1,1
6.722600162029266,47058.20113420487,18.13727181606908,-65.71591118349036,303.8949,0,0,346.8669,0,0
6.722600162029266,47058.20113420487,18.13727235417165,-65.71588933992663,-42.53605,4,0,0.436,1,1
6.722600162029266,47058.20113420487,18.137272354519872,-65.71588932760595,-42.731373,4,0,0.2407,1,1
6.722700163722038,47058.90114605427,18.13726592857651,-65.71589000936139,-42.544765,4,0,0.4273,1,1
6.722900163382292,47060.30114367604,18.13725307869128,-65.71589134459337,-42.62283,4,0,0.3492,1,1
6.723100163042545,47061.70114129782,18.137240229782336,-65.71589269130722,-42.523335,4,0,0.4487,1,1
6.723400171846151,47063.80120292306,18.137220958817554,-65.71589469313943,-42.67253,4,0,0.2995,1,1
6.723700173199177,47065.90121239424,18.137201690769885,-65.71589671351542,-42.536976,4,0,0.4351,1,1
6.724100172519684,47068.70120763779,18.13717600630066,-65.71589936470822,-43.04711,4,0,-0.0751,1,1
6.724100172519684,47068.70120763779,18.13717600575269,-65.71589938410541,-42.739605,4,0,0.2324,1,1
6.724300142377615,47070.100996643305,18.137163166907307,-65.71590073149532,-42.652493,4,0,0.3195,1,1
6.724300142377615,47070.100996643305,18.137163167084765,-65.7159007252137,-42.752075,4,0,0.22,1,1
6.724400144070387,47070.80100849271,18.13715674705643,-65.71590140115198,-42.676346,4,0,0.2957,1,1
6.72460014373064,47072.20100611448,18.137143908598908,-65.71590274276703,-42.69037,4,0,0.2817,1,1
6.724800143390894,47073.60100373626,18.13713107171959,-65.71590407945688,-42.786716,4,0,0.1853,1,1
6.724800143390894,47073.60100373626,18.13713107174182,-65.71590407866951,-42.7992,4,0,0.1728,1,1
6.725000150501728,47075.0010535121,18.13711823549045,-65.71590542766334,-42.705494,4,0,0.2665,1,1
6.7251001521945,47075.7010653615,18.13711181813342,-65.71590609858661,-42.716667,4,0,0.2554,1,1
6.725200153887272,47076.4010772109,18.137105400975447,-65.7159067754814,-42.634212,4,0,0.3378,1,1
6.725200153887272,47076.4010772109,18.137105401380968,-65.71590676112268,-42.861843,4,0,0.1102,1,1
6.725800164043903,47080.60114830732,18.13706690660464,-65.71591080932258,-42.597534,4,0,0.3745,1,1
6.725900162011385,47081.301134079695,18.13706052362627,-65.7159102137072,-62.702393,0,0,-19.7304,1,3
6.726000163704157,47082.0011459291,18.1370541113566,-65.71591081429608,-63.838215,0,0,-20.8662,0,0
6.726100161671639,47082.70113170147,18.13704711201008,-65.71593529829937,313.81024,0,0,356.7823,0,0
6.726300161331892,47084.10112932325,18.13703458593129,-65.71591417204503,-42.48721,4,0,0.4848,1,1
6.7265001609921455,47085.50112694502,18.13702179392284,-65.71591552029413,-42.44633,4,0,0.5257,1,1
6.726600162684917,47086.20113879442,18.137015398534675,-65.71591618914647,-42.511147,4,0,0.4609,1,1
6.726600162684917,47086.20113879442,18.137015398358272,-65.71591619539595,-42.41207,4,0,0.56,1,1
6.726700160652399,47086.90112456679,18.1370090036489,-65.71591686233576,-42.507786,4,0,0.4643,1,1
6.726800162345171,47087.6011364162,18.13700260887541,-65.71591753675693,-42.486263,4,0,0.4858,1,1
6.727100171148777,47089.70119804144,18.136983454828226,-65.71591841496416,-60.587105,0,0,-17.6151,1,0
6.727200172841549,47090.40120989084,18.13697705874454,-65.71591919841141,-58.8406,0,0,-15.8686,1,0
6.727600172162056,47093.20120513439,18.1369514645456,-65.71592292850958,-42.405205,4,0,0.5668,1,1
6.727900143712759,47095.30100598931,18.13693229399068,-65.71592493226323,-42.674416,4,0,0.2976,1,1
6.727900143712759,47095.30100598931,18.13693229353007,-65.71592494857987,-42.415745,4,0,0.5563,1,1
6.727900143712759,47095.30100598931,18.13693229402171,-65.7159249311638,-42.691845,4,0,0.2802,1,1
6.728000141680241,47096.00099176168,18.136925903275703,-65.7159256271098,-42.339836,4,0,0.6322,1,1
6.7281001433730125,47096.70100361109,18.1369195133822,-65.71592629675453,-42.406075,4,0,0.566,1,1
6.728200152516365,47097.40106761456,18.13691312330376,-65.71592696833694,-42.443268,4,0,0.5288,1,1
6.728300154209137,47098.10107946396,18.136906733993825,-65.71592764159959,-42.453903,4,0,0.5181,1,1
6.728500153869391,47099.50107708573,18.136893956629613,-65.71592898787661,-42.481304,4,0,0.4907,1,1
6.728600151836872,47100.201062858105,18.136887568809406,-65.71592965237538,-42.633057,4,0,0.339,1,1
6.728700153529644,47100.90107470751,18.13688118040353,-65.71593034085572,-42.405865,4,0,0.5662,1,1
6.7289001531898975,47102.30107232928,18.136868405644563,-65.71593168797487,-42.426678,4,0,0.5454,1,1
6.729100152850151,47103.70106995106,18.13685563256936,-65.715933018056,-42.720993,4,0,0.251,1,1
6.729400161653757,47105.8011315763,18.136836473568327,-65.71593505704573,-42.47392,4,0,0.4981,1,1
6.729800160974264,47108.60112681985,18.13681093426152,-65.71593773949556,-42.7281,4,0,0.2439,1,1
6.729800160974264,47108.60112681985,18.13681093397681,-65.71593774957836,-42.568253,4,0,0.4038,1,1
6.729800160974264,47108.60112681985,18.136810934051912,-65.71593774691912,-42.61041,4,0,0.3616,1,1
6.729900162667036,47109.30113866925,18.13680454996823,-65.71593841286662,-42.750023,4,0,0.222,1,1
6.729900162667036,47109.30113866925,18.13680454990756,-65.71593841501505,-42.715965,4,0,0.2561,1,1
6.730000160634518,47110.00112444162,18.13679816616002,-65.7159390875506,-42.751488,4,0,0.2206,1,1
6.73010016232729,47110.70113629103,18.13679181323404,-65.71593850712797,-62.659008,0,0,-19.687,0,3
6.7302001640200615,47111.40114814043,18.13678539872328,-65.71594044354508,-42.652374,4,0,0.3197,1,1
6.7302001640200615,47111.40114814043,18.13678539855177,-65.71594044961874,-42.556087,4,0,0.416,1,1
6.7302001640200615,47111.40114814043,18.13678539885425,-65.71594043890659,-42.72591,4,0,0.2461,1,1
6.730300173163414,47112.1012121439,18.13677901500486,-65.71594111939366,-42.638775,4,0,0.3333,1,1
6.730400171130896,47112.80119791627,18.136772632255585,-65.71594179570319,-42.617393,4,0,0.3546,1,1
6.730500172823668,47113.50120976567,18.13676624972999,-65.71594246516456,-42.705685,4,0,0.2664,1,1
6.730500172823668,47113.50120976567,18.136766284805866,-65.71594104196653,-65.27625,0,0,-22.3042,1,0
6.730800174176693,47115.60121923685,18.13674710314784,-65.71594450224357,-42.519447,4,0,0.4526,1,1
6.731100171804428,47117.701202631,18.13672795980689,-65.7159465135327,-42.74779,4,0,0.2243,1,1
6.731100171804428,47117.701202631,18.136727959720545,-65.7159465165901,-42.699318,4,0,0.2727,1,1
6.731100171804428,47117.701202631,18.1367279597338,-65.71594651612041,-42.706764,4,0,0.2653,1,1
6.731500141322613,47120.50098925829,18.136702440318416,-65.7159492002262,-42.9796,4,0,-0.0076,1,1
6.731600143015385,47121.20100110769,18.13669605997417,-65.71594988806352,-42.783875,4,0,0.1882,1,1
6.731700140982866,47121.900986880064,18.13668968028505,-65.71595056900155,-42.69774,4,0,0.2743,1,1
6.731900151818991,47123.301062732935,18.13667692109881,-65.715951911272,-42.839783,4,0,0.1323,1,1
6.732000153511763,47124.00107458234,18.136670541645504,-65.71595259838926,-42.65788,4,0,0.3142,1,1
6.732100151479244,47124.70106035471,18.13666416291021,-65.71595327584718,-42.629295,4,0,0.3427,1,1
6.732300151139498,47126.10105797648,18.136651405638712,-65.71595463690379,-42.47688,4,0,0.4952,1,1
6.73240015283227,47126.80106982589,18.13664502789136,-65.71595529230967,-42.799988,4,0,0.1721,1,1
6.732800163328648,47129.60114330053,18.136619516397168,-65.71595799038248,-42.88621,4,0,0.0858,1,1
6.733100160956383,47131.70112669468,18.136600384467283,-65.71596004364224,-42.48426,4,0,0.4878,1,1
6.733200162649155,47132.40113854408,18.136594007808068,-65.71596071138269,-42.615955,4,0,0.3561,1,1
6.73350016400218,47134.50114801526,18.13657487797301,-65.71596275183002,-42.4233,4,0,0.5487,1,1
6.733900170773268,47137.30119541288,18.13654937398518,-65.7159654482014,-42.557278,4,0,0.4148,1,1
6.733900170773268,47137.30119541288,18.136549373912963,-65.71596545075664,-42.516766,4,0,0.4553,1,1
6.734100174158812,47138.70121911168,18.136536622149453,-65.71596682000857,-42.252296,4,0,0.7197,1,1
6.734200172126293,47139.40120488405,18.13653024744121,-65.71596747831586,-42.53751,4,0,0.4345,1,1
6.734300173819065,47140.101216733456,18.13652387168419,-65.71596816971729,-42.298843,4,0,0.6732,1,1
6.734400171786547,47140.80120250583,18.13651749690616,-65.71596883908717,-42.409435,4,0,0.5626,1,1
6.735000140964985,47145.000986754894,18.136479250161464,-65.71597290746756,-42.25154,4,0,0.7205,1,1
6.735000140964985,47145.000986754894,18.136479250461843,-65.71597289684293,-42.419983,4,0,0.5521,1,1
6.735100153833628,47145.701076835394,18.136472874965605,-65.71597358385489,-42.25486,4,0,0.7172,1,1
6.735500153154135,47148.50107207894,18.136447378412093,-65.71597628693647,-42.304592,4,0,0.6675,1,1
6.735500153154135,47148.50107207894,18.13644737866992,-65.71597627781809,-42.449154,4,0,0.5229,1,1
6.736000154167414,47152.001079171896,18.136414780186325,-65.71600924232119,426.73172,0,0,469.7038,0,0
6.736200161278248,47153.401128947735,18.13640276147872,-65.71598101855034,-42.383076,4,0,0.589,1,1
6.736400160938501,47154.80112656951,18.13639001787943,-65.7159822302277,-44.630844,4,0,-1.6588,0,0
6.736800163984299,47157.60114789009,18.13636452099064,-65.71598505736337,-42.724934,4,0,0.2471,1,1
6.736800163984299,47157.60114789009,18.13636452112576,-65.7159850525866,-42.800663,4,0,0.1714,1,1
6.736800163984299,47157.60114789009,18.136364520830742,-65.71598506301574,-42.635323,4,0,0.3367,1,1
6.737500172108412,47162.50120475888,18.136319907123926,-65.7159897926728,-42.760086,4,0,0.212,1,1
6.737600173801184,47163.201216608286,18.1363135336176,-65.71599046959534,-42.758472,4,0,0.2136,1,1
6.738200142979622,47167.40100085735,18.136275295113787,-65.71599453928266,-42.615555,4,0,0.3565,1,1
6.738300140947104,47168.100986629725,18.13626892221581,-65.71599520131494,-42.849735,4,0,0.1223,1,1
6.738400142639875,47168.80099847913,18.136262547764552,-65.71599590875644,-42.364384,4,0,0.6077,1,1
6.738600153476,47170.201074332,18.13624983241736,-65.71599594580294,-63.246223,0,0,-20.2742,0,3
6.738900151103735,47172.30105772615,18.13623067994132,-65.71599926829354,-42.75391,4,0,0.2181,1,1
6.738900151103735,47172.30105772615,18.13623067985516,-65.71599927133747,-42.705654,4,0,0.2664,1,1
6.739100154489279,47173.70108142495,18.13621793268153,-65.71600060460236,-43.028294,4,0,-0.0563,1,1
6.739600162953138,47177.20114067197,18.136186061409056,-65.71600401690685,-42.578392,4,0,0.3937,1,1
6.739600162953138,47177.20114067197,18.136186061383214,-65.71600401781949,-42.563923,4,0,0.4081,1,1
6.73970016092062,47177.90112644434,18.136179687439565,-65.71600469005895,-42.63521,4,0,0.3368,1,1
6.739900164306164,47179.30115014315,18.13616693864705,-65.7160060412411,-42.671833,4,0,0.3002,1,1
6.740100163966417,47180.70114776492,18.136154189728654,-65.71600739306717,-42.697163,4,0,0.2749,1,1
6.740200161933899,47181.40113353729,18.136147815030792,-65.71600807674245,-42.586277,4,0,0.3858,1,1
6.7404001615941525,47182.80113115907,18.13613506539566,-65.71600943164967,-42.56164,4,0,0.4104,1,1
6.740600172430277,47184.20120701194,18.13612231468945,-65.71601078713881,-42.528008,4,0,0.444,1,1
6.740700174123049,47184.90121886134,18.13611593963629,-65.71601145696535,-42.635963,4,0,0.3361,1,1
6.74080017209053,47185.60120463371,18.136109564448827,-65.71601213595652,-42.59797,4,0,0.3741,1,1
6.74080017209053,47185.60120463371,18.136109596625424,-65.71601083728076,-63.194565,0,0,-20.2225,2,3
6.741100173443556,47187.70121410489,18.13609043814933,-65.71601415752797,-42.727337,4,0,0.2447,1,1
6.741200171411037,47188.40119987726,18.136084062370816,-65.71601484055884,-42.624176,4,0,0.3479,1,1
6.741300173103809,47189.101211726665,18.136077686403148,-65.71601551743403,-42.618702,4,0,0.3533,1,1
6.741400141268969,47189.80098888278,18.136071312648944,-65.7160161868344,-42.727825,4,0,0.2442,1,1
6.741400141268969,47189.80098888278,18.13607131269229,-65.71601618530372,-42.75209,4,0,0.22,1,1
6.7423001527786255,47196.10106945038,18.13601392152048,-65.71602228509919,-42.55815,4,0,0.4139,1,1
6.742400154471397,47196.80108129978,18.13600754407743,-65.71602295817446,-42.608887,4,0,0.3632,1,1
6.742400154471397,47196.80108129978,18.13600754409621,-65.71602295751173,-42.619396,4,0,0.3526,1,1
6.742800153791904,47199.60107654333,18.135982033019225,-65.71602565501158,-42.734753,4,0,0.2373,1,1
6.743000160902739,47201.00112631917,18.135969275636697,-65.71602701629499,-42.59175,4,0,0.3803,1,1
6.743000160902739,47201.00112631917,18.135969275425808,-65.71602702373713,-42.473763,4,0,0.4983,1,1
6.743200164288282,47202.40115001798,18.13595651797682,-65.71602837089051,-42.55243,4,0,0.4196,1,1
6.7435001619160175,47204.50113341212,18.13593738072741,-65.71603039543284,-42.605457,4,0,0.3666,1,1
6.7435001619160175,47204.50113341212,18.13593738052516,-65.71603040256888,-42.492317,4,0,0.4797,1,1
6.743600163608789,47205.201145261526,18.13593100146553,-65.71603105878722,-42.804516,4,0,0.1675,1,1
6.743700161576271,47205.9011310339,18.13592462154431,-65.71603174704983,-42.607727,4,0,0.3643,1,1
6.744100172072649,47208.70120450854,18.135899100189995,-65.71603444841972,-42.636234,4,0,0.3358,1,1
6.744400173425674,47210.80121397972,18.13587995734861,-65.71603647909298,-42.577015,4,0,0.395,1,1
6.744500171393156,47211.50119975209,18.135873576778067,-65.7160371337014,-42.909046,4,0,0.063,1,1
6.745000142604113,47215.00099822879,18.1358416685882,-65.71604052431383,-42.69343,4,0,0.2786,1,1
6.745200142264366,47216.40099585056,18.135828903333653,-65.71604187147763,-42.74762,4,0,0.2244,1,1
6.745600152760744,47219.20106932521,18.13580336896561,-65.71604458173424,-42.596096,4,0,0.3759,1,1
6.745700154453516,47219.90108117461,18.135796991478426,-65.71604498982727,-46.830215,3,0,-3.8582,0,0
6.7459001541137695,47221.30107879639,18.13578380714221,-65.7160631600451,219.95406,0,0,262.9261,0,0
6.746100153774023,47222.70107641816,18.13577144696979,-65.71604795325048,-42.64716,4,0,0.3249,1,1
6.746200151741505,47223.40106219053,18.13576506223476,-65.71604861990497,-42.776043,4,0,0.196,1,1
6.746300153434277,47224.101074039936,18.135758891445462,-65.7160492628812,-42.811874,4,0,0.1602,1,1
6.746300153434277,47224.101074039936,18.13575889107163,-65.71604927606094,-42.602917,4,0,0.3691,1,1
6.746400151401758,47224.80105981231,18.13575252794814,-65.71604849051113,-65.79262,0,0,-22.8206,1,0
6.746500164270401,47225.50114989281,18.13574609114508,-65.71605063895345,-42.44933,4,0,0.5227,1,1
6.746700163930655,47226.90114751458,18.135733291437283,-65.71605198412796,-42.572178,4,0,0.3999,1,1
6.746700163930655,47226.90114751458,18.13573329149715,-65.7160519820174,-42.60564,4,0,0.3664,1,1
6.746900163590908,47228.30114513636,18.135720491151137,-65.71605331498984,-42.918545,4,0,0.0535,1,1
6.747100163251162,47229.70114275813,18.135707688687425,-65.71605468837227,-42.58724,4,0,0.3848,1,1
6.747100163251162,47229.70114275813,18.135707689034525,-65.71605467613468,-42.781258,4,0,0.1908,1,1
6.747300174087286,47231.101218611,18.13569491742205,-65.71605473153802,-63.35109,4,0,-20.379,0,3
6.747600171715021,47233.20120200515,18.13567567909456,-65.71605807517535,-42.48338,4,0,0.4887,1,1
6.747800171375275,47234.60119962692,18.13566287473225,-65.71605939938077,-42.918434,4,0,0.0536,1,1
6.747900173068047,47235.301211476326,18.13565647137698,-65.71606008663662,-42.735847,4,0,0.2362,1,1
6.748500142246485,47239.50099572539,18.13561805118121,-65.7160641401398,-42.724007,4,0,0.248,1,1
6.748500142246485,47239.50099572539,18.135618051186444,-65.71606413995555,-42.72693,4,0,0.2451,1,1
6.748800151050091,47241.60105735064,18.13559886859869,-65.71606486811208,-63.305035,4,0,-20.333,0,3
6.749100152403116,47243.70106682181,18.135579620402524,-65.71606820068612,-42.564564,4,0,0.4075,1,1
6.749200154095888,47244.40107867122,18.135573214744127,-65.71606887118611,-42.633038,4,0,0.339,1,1
6.74930015206337,47245.10106444359,18.135566808781267,-65.71606955377624,-42.508205,4,0,0.4638,1,1
6.74930015206337,47245.10106444359,18.135566808575163,-65.71606956104392,-42.39298,4,0,0.5791,1,1
6.74930015206337,47245.10106444359,18.135566808975017,-65.71606954694387,-42.61653,4,0,0.3555,1,1
6.749500151723623,47246.50106206536,18.13555399643672,-65.71607090452446,-42.484035,4,0,0.488,1,1
6.750100161880255,47250.70113316178,18.135515553987247,-65.71607496158215,-42.305634,4,0,0.6664,1,1
6.750100161880255,47250.70113316178,18.135515592499377,-65.71607340501689,-66.99336,0,0,-24.0213,1,0
6.750200163573027,47251.40114501119,18.135509146390003,-65.7160756335113,-42.338608,4,0,0.6334,1,1
6.750300161540508,47252.10113078356,18.13550273932743,-65.71607628871158,-42.63506,4,0,0.337,1,1
6.750300161540508,47252.10113078356,18.135502738717303,-65.71607631022817,-42.29392,4,0,0.6781,1,1
6.750300161540508,47252.10113078356,18.135502739380893,-65.71607628682594,-42.664955,4,0,0.3071,1,1
6.750700164586306,47254.90115210414,18.13547710881326,-65.71607889408692,-44.053192,4,0,-1.0811,0,0
6.751000173389912,47257.00121372938,18.13545787972035,-65.7160810062873,-42.59417,4,0,0.3779,1,1
6.751100171357393,47257.70119950175,18.13545148121856,-65.71608125820238,-49.27572,3,0,-6.3037,0,0
6.751100171357393,47257.70119950175,18.13545147101681,-65.71608167213837,-42.710434,4,0,0.2616,1,1
6.751300174742937,47259.10122320056,18.135438651964463,-65.7160830285641,-42.54734,4,0,0.4247,1,1
6.751400172710419,47259.80120897293,18.135432242523915,-65.71608370406183,-42.506207,4,0,0.4658,1,1
6.751400172710419,47259.80120897293,18.13543224290932,-65.71608369046797,-42.721737,4,0,0.2503,1,1
6.751500174403191,47260.501220822334,18.13542583319405,-65.71608436197842,-42.742714,4,0,0.2293,1,1
6.751900143921375,47263.30100744963,18.13540019537133,-65.71608704196949,-42.903366,4,0,0.0687,1,1
6.7521001547575,47264.7010833025,18.135387373799187,-65.71608838869825,-42.87033,4,0,0.1017,1,1
6.752200152724981,47265.40106907487,18.13538096317867,-65.71608906595257,-42.78897,4,0,0.1831,1,1
6.752500154078007,47267.50107854605,18.135361730363464,-65.71609108731991,-42.700874,4,0,0.2712,1,1
6.752600152045488,47268.20106431842,18.135355319161665,-65.71609176721152,-42.571247,4,0,0.4008,1,1
6.752800151705742,47269.60106194019,18.135342496474145,-65.71609311595175,-42.482536,4,0,0.4895,1,1
6.752900153398514,47270.3010737896,18.13533608518013,-65.71609377821154,-42.627903,4,0,0.3441,1,1
6.753300163894892,47273.10114726424,18.135310437717983,-65.71609646051893,-42.665493,4,0,0.3065,1,1
6.753500163555145,47274.50114488602,18.135297613512872,-65.71609780884731,-42.55972,4,0,0.4123,1,1
6.753600161522627,47275.20113065839,18.13529120117995,-65.71609849011402,-42.391438,4,0,0.5806,1,1
6.753700163215399,47275.90114250779,18.135284789200703,-65.71609914712839,-42.60633,4,0,0.3657,1,1
6.753700163215399,47275.90114250779,18.13528478903854,-65.71609915285043,-42.51561,4,0,0.4564,1,1
6.75380016118288,47276.60112828016,18.135278410007647,-65.7160984809338,-63.806053,4,0,-20.834,0,3
6.753900162875652,47277.301140129566,18.13527196421662,-65.7161004960039,-42.477985,4,0,0.4941,1,1
6.754400171339512,47280.80119937658,18.13523990019988,-65.71610384939613,-42.425095,4,0,0.5469,1,1
6.754500173032284,47281.50121122599,18.135233487284264,-65.71610451319006,-42.518394,4,0,0.4536,1,1
6.754500173032284,47281.50121122599,18.135233516063646,-65.7161033441291,-61.0606,4,0,-18.0886,1,0
6.754600174725056,47282.20122307539,18.135227074304147,-65.71610517921502,-42.574398,4,0,0.3976,1,1
6.754700172692537,47282.90120884776,18.13522066132457,-65.71610585114868,-42.534504,4,0,0.4375,1,1
6.754700172692537,47282.90120884776,18.13522066119964,-65.7161058555577,-42.4646,4,0,0.5074,1,1
6.754800174385309,47283.601220697165,18.13521424805323,-65.71610652258325,-42.501087,4,0,0.471,1,1
6.754800174385309,47283.601220697165,18.13521424793745,-65.71610652666911,-42.436306,4,0,0.5357,1,1
6.754900172352791,47284.301206469536,18.135207835150325,-65.7161071871217,-42.574776,4,0,0.3973,1,1
6.755000174045563,47285.00121831894,18.135201421904743,-65.71610785313598,-42.623615,4,0,0.3484,1,1
6.755400143563747,47287.80100494623,18.13517577060529,-65.71611052153072,-42.72767,4,0,0.2444,1,1
6.755500141531229,47288.5009907186,18.13516935742105,-65.71611118405836,-42.822067,4,0,0.15,1,1
6.755900152027607,47291.30106419325,18.135143701969287,-65.71611387203589,-42.58234,4,0,0.3897,1,1
6.756200153380632,47293.40107366443,18.135124460677904,-65.71611587797797,-42.541023,4,0,0.431,1,1
6.756200153380632,47293.40107366443,18.13512446084982,-65.71611587190912,-42.637245,4,0,0.3348,1,1
6.756300151348114,47294.1010594368,18.13511804714639,-65.71611654178253,-42.599922,4,0,0.3721,1,1
6.756400153040886,47294.8010712862,18.13511163345632,-65.71611720179503,-42.71741,4,0,0.2546,1,1
6.756400153040886,47294.8010712862,18.13511163313658,-65.71611721308264,-42.538445,4,0,0.4336,1,1
6.756500154733658,47295.501083135605,18.13510521940523,-65.71611787366025,-42.645035,4,0,0.327,1,1
6.756700161844492,47296.90113291144,18.135092391084928,-65.71611921434695,-42.543102,4,0,0.4289,1,1
6.7569001615047455,47298.30113053322,18.13507956339862,-65.71612054693728,-42.560944,4,0,0.4111,1,1
6.757000163197517,47299.00114238262,18.135073149651905,-65.71612120488483,-42.699474,4,0,0.2726,1,1
6.757100164890289,47299.701154232025,18.135066735658288,-65.71612187117263,-42.703808,4,0,0.2682,1,1
6.757200162857771,47300.4011400044,18.13506032185654,-65.71612253880548,-42.68445,4,0,0.2876,1,1
6.757300164550543,47301.1011518538,18.13505390749593,-65.71612321536983,-42.522007,4,0,0.45,1,1
6.757500164210796,47302.50114947557,18.135041080018784,-65.71612453706165,-42.689022,4,0,0.283,1,1
6.7585001438856125,47309.50100719929,18.13497694272767,-65.71613120016251,-42.53631,4,0,0.4357,1,1
6.7593001537024975,47315.10107591748,18.134925633798364,-65.7161364979445,-42.790848,4,0,0.1812,1,1
6.76000015437603,47320.00108063221,18.13487968801464,-65.71618381435312,634.11505,-1,0,677.0871,0,0
6.76000015437603,47320.00108063221,18.134880099591005,-65.71616713304874,369.49188,-1,0,412.4639,0,0
6.760400164872408,47322.801154106855,18.13485392962011,-65.716190761078,702.27386,-1,0,745.2459,0,0
6.761100172996521,47327.70121097565,18.13480913631169,-65.71619154482299,641.2053,-1,0,684.1773,0,0
6.761400174349546,47329.801220446825,18.134789897477685,-65.71619363015056,642.81714,-1,0,685.7892,0,0
6.762400142848492,47336.80099993944,18.134725753296426,-65.71620148830215,662.7115,-1,0,705.6835,0,0
6.762500151991844,47337.50106394291,18.1347194046228,-65.71619959975425,622.28406,-1,0,665.2561,0,0
6.762700151652098,47338.90106156469,18.13470655670669,-65.71620198367825,639.1759,-1,0,682.1479,0,0
6.763200152665377,47342.40106865764,18.134674466176364,-65.71620682933131,663.76416,-1,0,706.7362,0,0
6.763300154358149,47343.10108050704,18.13466808717624,-65.71620622262508,643.68805,-1,0,686.6601,0,0
6.764500174671412,47351.50122269988,18.13459111997752,-65.71621632441607,678.67645,-1,0,721.6485,0,0
6.764500174671412,47351.50122269988,18.13459119131501,-65.71621343160814,632.78467,-1,0,675.7567,0,0
6.764800172299147,47353.60120609403,18.13457194151856,-65.71621641425502,648.8267,-1,0,691.7987,0,0
6.764900173991919,47354.30121794343,18.134565460309112,-65.71622004333447,695.9778,-1,0,738.9498,0,0
6.765100173652172,47355.701215565205,18.13455276614065,-65.71621642932263,617.80725,-1,0,660.7793,0,0
6.765200171619654,47356.401201337576,18.13454624065943,-65.71622187280015,693.7472,-1,0,736.7192,0,0
6.765200171619654,47356.401201337576,18.13454629963422,-65.71621948014058,655.7896,-1,0,698.7616,0,0
6.765200171619654,47356.401201337576,18.134546549851667,-65.71620932181145,494.64066,-1,0,537.6127,0,0
6.765400141477585,47357.80099034309,18.134533543968512,-65.71621846248374,618.8215,-1,0,661.7935,0,0
6.765500143170357,47358.5010021925,18.1345271396536,-65.71621900424651,617.00525,-1,0,659.9773,0,0
6.765600144863129,47359.2010140419,18.13452066527105,-65.71622238124425,660.16846,-1,0,703.1405,0,0
6.765800144523382,47360.60101166368,18.13450781112634,-65.71622534058832,686.30286,-1,0,729.2749,0,0
6.766000151634216,47362.00106143952,18.13449499029383,-65.71622694710831,690.9817,-1,0,733.9537,0,0
6.766000151634216,47362.00106143952,18.13449509295157,-65.71622278344121,624.929,-1,0,667.901,0,0
6.76620015501976,47363.40108513832,18.13448225623899,-65.71622507093277,640.4179,-1,0,683.3899,0,0
6.767500162124634,47372.50113487244,18.13439893074796,-65.71623427587267,651.1091,-1,0,694.0811,0,0
6.767600163817406,47373.20114672184,18.13439252437837,-65.7162355002105,660.2372,-1,0,703.2092,0,0
6.768500171601772,47379.501201212406,18.1343350197293,-65.71624049725013,646.9109,-1,0,689.8829,0,0
6.768700145184994,47380.90101629496,18.134322155967137,-65.71624518097097,700.65106,-1,0,743.6231,0,0
6.769200153648853,47384.40107554197,18.13429023488788,-65.71624710429822,679.76605,-1,0,722.7381,0,0
6.769300151616335,47385.10106131434,18.134283871560896,-65.7162466683819,662.5747,-1,0,705.5467,0,0
6.769500155001879,47386.50108501315,18.134271106084697,-65.71624735301413,652.8849,-1,0,695.8569,0,0
6.769700154662132,47387.901082634926,18.13425825066083,-65.71625171045463,701.4635,-1,0,744.4355,0,0
6.769900154322386,47389.3010802567,18.13424546948147,-65.71625308435101,702.7147,-1,0,745.6867,0,0
6.769900154322386,47389.3010802567,18.134245555445624,-65.71624959234622,647.3178,-1,0,690.2898,0,0
6.770200151950121,47391.40106365085,18.13422631665977,-65.71625438440604,692.5264,-1,0,735.4984,0,0
6.770200151950121,47391.40106365085,18.13422645967704,-65.71624858568195,600.5373,-1,0,643.5093,0,0
6.770500164479017,47393.50115135312,18.134207148061968,-65.7162563334577,692.63794,-1,0,735.61,0,0
6.770600162446499,47394.20113712549,18.134200830858543,-65.7162540620542,646.33685,-1,0,689.3089,0,0
6.771000161767006,47397.00113236904,18.13417525708404,-65.71625737663112,657.8505,-1,0,700.8225,0,0
6.771100163459778,47397.701144218445,18.13416881770604,-65.71626007044077,690.3181,-1,0,733.2901,0,0
6.77120017260313,47398.40120822191,18.13416256322115,-65.71625525377044,603.64185,-1,0,646.6139,0,0
6.771300174295902,47399.10122007132,18.13415601327568,-65.71626243739706,707.33466,-1,0,750.3067,0,0
6.771300174295902,47399.10122007132,18.134156066069234,-65.71626029048443,673.2762,-1,0,716.2482,0,0
6.771700173616409,47401.90121531487,18.134130508619712,-65.71626301290426,675.40356,-1,0,718.3756,0,0
6.772100143134594,47404.70100194216,18.134105034150284,-65.7162624786838,625.8738,-1,0,668.8458,0,0
6.772300142794848,47406.10099956393,18.134092148694407,-65.71626819474119,696.02185,-1,0,738.9939,0,0
6.772400144487619,47406.801011413336,18.134085760404204,-65.71626883189576,695.8642,-1,0,738.8362,0,0
6.772400144487619,47406.801011413336,18.13408579861361,-65.71626728219708,671.2803,-1,0,714.2523,0,0
6.772400144487619,47406.801011413336,18.13408578143146,-65.71626798003862,682.3506,-1,0,725.3226,0,0
6.772600144147873,47408.20100903511,18.134072988184545,-65.71626996350662,693.28595,-1,0,736.258,0,0
6.772600144147873,47408.20100903511,18.134073065595423,-65.71626682910706,643.5633,-1,0,686.5353,0,0
6.772700153291225,47408.90107303858,18.13406663700494,-65.71626908503745,669.084,-1,0,712.056,0,0
6.772700153291225,47408.90107303858,18.13406664924161,-65.7162685891712,661.2178,-1,0,704.1898,0,0
6.773000154644251,47411.00108250976,18.134047430143884,-65.71627275572271,696.5177,-1,0,739.4897,0,0
6.773000154644251,47411.00108250976,18.13404745642578,-65.71627169105201,679.62823,-1,0,722.6003,0,0
6.773300152271986,47413.1010659039,18.13402828615268,-65.71627388294704,683.60046,-1,0,726.5725,0,0
6.773400153964758,47413.801077753305,18.134021891026887,-65.71627482288014,688.2443,-1,0,731.2163,0,0
6.773600164800882,47415.20115360618,18.134009177359275,-65.71627355468964,647.58984,-1,0,690.5619,0,0
6.773600164800882,47415.20115360618,18.134009183379845,-65.71627331475729,643.7839,-1,0,686.7559,0,0
6.7739001624286175,47417.30113700032,18.13398994199831,-65.7162783945422,693.56085,-1,0,736.5329,0,0
6.7739001624286175,47417.30113700032,18.133989964087444,-65.71627750529862,679.4545,-1,0,722.4265,0,0
6.774000164121389,47418.001148849726,18.13398356397355,-65.7162786399071,687.18353,-1,0,730.1556,0,0
6.774000164121389,47418.001148849726,18.133983646193155,-65.71627529988443,634.1991,-1,0,677.1711,0,0
6.774100162088871,47418.7011346221,18.13397717282124,-65.71627942071746,689.29987,-1,0,732.2719,0,0
6.774400163441896,47420.80114409328,18.13395801884551,-65.71628093587165,682.5204,-1,0,725.4924,0,0
6.774500165134668,47421.50115594268,18.13395162441533,-65.71628184053046,686.59863,-1,0,729.5707,0,0
6.77460016310215,47422.20114171505,18.13394523946084,-65.7162823638126,684.62634,-1,0,727.5984,0,0
6.77460016310215,47422.20114171505,18.133945301097448,-65.71627986898963,645.0502,-1,0,688.0222,0,0
6.774700164794922,47422.90115356445,18.133938856931604,-65.71628278325878,681.006,-1,0,723.978,0,0
6.7751001752913,47425.7012270391,18.13391329358808,-65.716285781157,687.4577,-1,0,730.4297,0,0
6.775200173258781,47426.40121281147,18.13390689487266,-65.71628685773683,694.258,-1,0,737.23,0,0
6.775200173258781,47426.40121281147,18.133906911471403,-65.71628618073437,683.51825,-1,0,726.4903,0,0
6.7755001448094845,47428.50101366639,18.133887800141984,-65.71628603128065,650.31116,-1,0,693.2832,0,0
6.776100154966116,47432.70108476281,18.133849402929112,-65.71629256924952,692.31866,-1,0,735.2907,0,0
6.7763001546263695,47434.101082384586,18.13383663755892,-65.71629337739337,684.5616,-1,0,727.5336,0,0
6.776400152593851,47434.80106815696,18.1338302289615,-65.71629483845736,697.44916,-1,0,740.4212,0,0
6.776500154286623,47435.50108000636,18.13382399052426,-65.71628938158193,600.5945,-1,0,643.5665,0,0
6.776600152254105,47436.20106577873,18.13381751091383,-65.7162937092929,658.95294,-1,0,701.925,0,0
6.776800151914358,47437.60106340051,18.13380469818646,-65.71629641397307,681.2694,-1,0,724.2414,0,0
6.777300164103508,47441.10114872456,18.13377274650589,-65.71629984529004,684.2061,-1,0,727.1781,0,0
6.777300164103508,47441.10114872456,18.13377278568588,-65.71629825309061,658.9486,-1,0,701.9206,0,0
6.77740016207099,47441.80113449693,18.13376639277229,-65.71629905486584,661.3651,-1,0,704.3371,0,0
6.777600161731243,47443.2011321187,18.13375357336575,-65.7163019817376,687.1849,-1,0,730.1569,0,0
6.777800165116787,47444.60115581751,18.13374079956337,-65.71630303334183,683.2507,-1,0,726.2227,0,0
6.777900163084269,47445.30114158988,18.133734391029453,-65.71630444480604,695.33136,-1,0,738.3034,0,0
6.7780001647770405,47446.00115343928,18.133728019970047,-65.71630432197604,683.0712,-1,0,726.0432,0,0
6.778400175273418,47448.80122691393,18.133702444602243,-65.71630747962072,691.89935,-1,0,734.8714,0,0
6.7785001732409,47449.5012126863,18.13369604879192,-65.71630834970382,695.3826,-1,0,738.3546,0,0
6.778600174933672,47450.2012245357,18.1336896663791,-65.7163086623113,690.02045,-1,0,732.9925,0,0
6.778900172561407,47452.30120792985,18.13367047259982,-65.7163114926339,703.9464,-1,0,746.9184,0,0
6.779300142079592,47455.10099455714,18.133644982415056,-65.71631115287539,657.2397,-1,0,700.2117,0,0
6.779900152236223,47459.30106565356,18.13360656452242,-65.71631775904373,699.9991,-1,0,742.9711,0,0
6.780100151896477,47460.70106327534,18.13359379619098,-65.7163184111987,689.65186,-1,0,732.6239,0,0
6.780200153589249,47461.40107512474,18.13358735663544,-65.71632096773598,719.8572,-1,0,762.8292,0,0
6.780200153589249,47461.40107512474,18.133587424216365,-65.7163182280879,676.3978,-1,0,719.3698,0,0
6.780400153249502,47462.80107274652,18.1335746202059,-65.71632029468867,688.47656,-1,0,731.4486,0,0
6.780500154942274,47463.50108459592,18.1335682387078,-65.71632047962963,681.05505,-1,0,724.0271,0,0
6.780600164085627,47464.201148599386,18.13356190231741,-65.71631881488491,644.2897,-1,0,687.2617,0,0
6.78080016374588,47465.60114622116,18.133549074198136,-65.71632181360592,671.1387,-1,0,714.1107,0,0
6.780900165438652,47466.30115807056,18.133542659688526,-65.71632331752296,684.63226,-1,0,727.6043,0,0
6.781100165098906,47467.70115569234,18.13352984250427,-65.71632584696748,704.02563,-1,0,746.9977,0,0
6.781100165098906,47467.70115569234,18.133529859563644,-65.71632515403302,693.0335,-1,0,736.0055,0,0
6.781200163066387,47468.40114146471,18.13352346700018,-65.71632575907662,692.2625,-1,0,735.2345,0,0
6.781300164759159,47469.10115331411,18.13351708524307,-65.71632591485584,684.3626,-1,0,727.3346,0,0
6.781400162726641,47469.801139086485,18.13351082533633,-65.71632113752253,598.2084,-1,0,641.1804,0,0
6.781500171869993,47470.50120308995,18.13350431453864,-65.71632649309574,672.7867,-1,0,715.7587,0,0
6.782000172883272,47474.001210182905,18.13347233812108,-65.71632987548129,674.5343,-1,0,717.5063,0,0
6.782200172543526,47475.40120780468,18.133459507520865,-65.71633281149711,700.3305,-1,0,743.3025,0,0
6.782300174236298,47476.10121965408,18.13345309637701,-65.71633409785863,710.3438,-1,0,753.3158,0,0
6.782300174236298,47476.10121965408,18.133453169562213,-65.71633113340263,663.3189,-1,0,706.2909,0,0
6.782400142401457,47476.8009968102,18.13344672776724,-65.71633374416564,694.34235,-1,0,737.3144,0,0
6.78260014206171,47478.20099443197,18.13343391612292,-65.71633586548815,707.1979,-1,0,750.1699,0,0
6.782900154590607,47480.30108213425,18.133414770861634,-65.71633603224437,678.6325,-1,0,721.6045,0,0
6.783000152558088,47481.00106790662,18.133408344773127,-65.71633788843504,697.6698,-1,0,740.6418,0,0
6.783000152558088,47481.00106790662,18.13340833519592,-65.71633828091937,703.89594,-1,0,746.868,0,0
6.783300153911114,47483.1010773778,18.133389134224053,-65.71634065288927,710.28595,-1,0,753.258,0,0
6.783600155264139,47485.201086848974,18.133369941717497,-65.71634262884142,710.3738,-1,0,753.3458,0,0
6.784100163727999,47488.70114609599,18.13333801251218,-65.7163434151735,670.7071,-1,0,713.6791,0,0
6.784300163388252,47490.101143717766,18.13332521404707,-65.71634476892314,671.3093,-1,0,714.2813,0,0
6.784600164741278,47492.201153188944,18.13330596660317,-65.71634876923518,703.4403,-1,0,746.4123,0,0
6.785400174558163,47497.80122190714,18.133254735207323,-65.71635524670019,722.55316,-1,0,765.5252,0,0
6.785500172525644,47498.50120767951,18.133248407367457,-65.7163529500155,675.6561,-1,0,718.6281,0,0
6.785800144076347,47500.60100853443,18.13322912039114,-65.71635837295027,730.2727,-1,0,773.2447,0,0
6.785800144076347,47500.60100853443,18.133229230752363,-65.71635390543852,659.4054,-1,0,702.3774,0,0
6.786400154232979,47504.80107963085,18.13319088426562,-65.71636158105356,720.1405,-1,0,763.1125,0,0
6.786400154232979,47504.80107963085,18.1331910783522,-65.71635371466112,595.359,-1,0,638.331,0,0
6.786700155586004,47506.90108910203,18.13317163196721,-65.71636400347423,726.7097,-1,0,769.6817,0,0
6.786800153553486,47507.6010748744,18.133165310481363,-65.71636091814415,667.14435,-1,0,710.1164,0,0
6.787100154906511,47509.70108434558,18.133146047284225,-65.71636369559945,679.3173,-1,0,722.2893,0,0
6.787200152873993,47510.40107011795,18.13313988022136,-65.71635431763542,519.9286,-1,0,562.9006,0,0
6.787300154566765,47511.10108196736,18.133133192055524,-65.71636604302303,695.2861,-1,0,738.2581,0,0
6.787400163710117,47511.80114597082,18.13312673928928,-65.71636820196233,718.8948,-1,0,761.8668,0,0
6.787600163370371,47513.2011435926,18.13311382254736,-65.71637300429033,773.79333,-1,0,816.7654,0,0
6.787800163030624,47514.60114121437,18.133101382308773,-65.71635847491218,522.03125,-1,0,565.0033,0,0
6.788000162690878,47516.00113883615,18.13308848739994,-65.71636234446422,562.11426,-1,0,605.0863,0,0
6.78810016438365,47516.70115068555,18.13308187938324,-65.71637077138999,685.1347,-1,0,728.1067,0,0
6.78810016438365,47516.70115068555,18.13308193564706,-65.71636848535111,648.87177,-1,0,691.8438,0,0
6.788400173187256,47518.80121231079,18.133062719200616,-65.71636910447587,626.7267,-1,0,669.6987,0,0
6.788600172847509,47520.201209932566,18.133049797535083,-65.71637398622387,682.8446,-1,0,725.8166,0,0
6.788800172507763,47521.60120755434,18.13303696484085,-65.71637524468193,681.4807,-1,0,724.4527,0,0
6.788800172507763,47521.60120755434,18.133037089999625,-65.7163701712404,601.00275,-1,0,643.9748,0,0
6.788800172507763,47521.60120755434,18.13303707278919,-65.71637086074544,611.93964,-1,0,654.9117,0,0
6.788900174200535,47522.301219403744,18.133030509477656,-65.71637743594754,705.5741,-1,0,748.5461,0,0
6.789000172168016,47523.00120517612,18.13302411616024,-65.716377122351,689.9322,-1,0,732.9042,0,0
6.789000172168016,47523.00120517612,18.133024129785813,-65.71637656853652,681.14703,-1,0,724.1191,0,0
6.789100173860788,47523.70121702552,18.133017807569107,-65.71637335888357,619.5642,-1,0,662.5362,0,0
6.789100173860788,47523.70121702552,18.13301781104041,-65.71637321813274,617.33154,-1,0,660.3036,0,0
6.789800152182579,47528.60106527805,18.13297278027097,-65.71638213208819,684.0066,-1,0,726.9786,0,0
6.790200155228376,47531.40108659864,18.13294708407419,-65.71638563897501,696.9033,-1,0,739.8753,0,0
6.790200155228376,47531.40108659864,18.13294718502914,-65.71638154588935,631.9756,-1,0,674.9476,0,0
6.79040015488863,47532.80108422041,18.132934254118336,-65.7163866407077,691.42004,-1,0,734.3921,0,0
6.79040015488863,47532.80108422041,18.13293441244489,-65.71638022086343,589.58417,-1,0,632.5562,0,0
6.790500152856112,47533.50106999278,18.1329278953376,-65.71638486966654,652.6383,-1,0,695.6103,0,0
6.790700163692236,47534.90114584565,18.13291497997471,-65.71638928155396,701.2417,-1,0,744.2137,0,0
6.791000165045261,47537.00115531683,18.132895813618,-65.71638754294439,641.5838,-1,0,684.5558,0,0
6.791200164705515,47538.40115293861,18.13288288480248,-65.71639250049435,698.83405,-1,0,741.8061,0,0
6.7913001626729965,47539.101138710976,18.13287657921885,-65.71638853763348,625.2753,-1,0,668.2473,0,0
6.791400164365768,47539.80115056038,18.13287014632543,-65.71638973498229,633.57117,-1,0,676.5432,0,0
6.791400164365768,47539.80115056038,18.13287013748406,-65.71639009284344,639.24774,-1,0,682.2198,0,0
6.791600164026022,47541.20114818216,18.132857277411944,-65.71639224262525,651.9518,-1,0,694.9238,0,0
6.791600164026022,47541.20114818216,18.13285732510532,-65.71639031183642,621.32434,-1,0,664.2964,0,0
6.791700165718794,47541.90116003156,18.132851106681983,-65.71638278810606,491.28043,-1,0,534.2525,0,0
6.791800163686276,47542.60114580393,18.132844367740493,-65.71639640133235,696.5205,-1,0,739.4925,0,0
6.7920001745224,47544.0012216568,18.13283152747849,-65.71639770260431,695.7578,-1,0,738.7298,0,0
6.792300172150135,47546.10120505095,18.13281231098468,-65.71639792035019,667.1026,-1,0,710.0746,0,0
6.792400173842907,47546.80121690035,18.132805834135866,-65.7164008733109,703.2408,-1,0,746.2128,0,0
6.792600143700838,47548.20100590587,18.13279301688356,-65.71640133823995,689.2091,-1,0,732.1811,0,0
6.792800143361092,47549.60100352764,18.132780225098863,-65.71640067716217,657.3104,-1,0,700.2824,0,0
6.792900145053864,47550.301015377045,18.13277374930496,-65.71640358849056,692.78625,-1,0,735.7583,0,0
6.79320015385747,47552.40107700229,18.13275457712337,-65.71640193442207,634.4253,-1,0,677.3973,0,0
6.7937001548707485,47555.90108409524,18.132722478448624,-65.71640511489224,631.33746,-1,0,674.3095,0,0
6.79380015283823,47556.60106986761,18.132715998000634,-65.71640821571727,669.81744,-1,0,712.7895,0,0
6.793900154531002,47557.30108171701,18.13270959348004,-65.71640823054074,659.3442,-1,0,702.3162,0,0
6.793900154531002,47557.30108171701,18.13270958664451,-65.71640850862633,663.7555,-1,0,706.7275,0,0
6.794000152498484,47558.001067489386,18.132703162819688,-65.71640931684998,665.8683,-1,0,708.8403,0,0
6.794100154191256,47558.70107933879,18.132696793938777,-65.7164078830652,632.4158,-1,0,675.3878,0,0
6.7945001646876335,47561.50115281344,18.13267112953904,-65.71640981577447,620.24115,-1,0,663.2132,0,0
6.794600162655115,47562.201138585806,18.132664618344577,-65.71641417277361,678.64856,-1,0,721.6206,0,0
6.794800162315369,47563.60113620758,18.13265178001405,-65.71641541668883,676.9665,-1,0,719.9385,0,0
6.7950001657009125,47565.00115990639,18.13263902251924,-65.71641336093157,622.94196,-1,0,665.914,0,0
6.795400172472,47567.801207304,18.13261335522351,-65.71641547200736,613.607,-1,0,656.579,0,0
6.795600172132254,47569.201204925776,18.13260047346502,-65.71641850274071,640.27496,-1,0,683.247,0,0
6.795700173825026,47569.90121677518,18.132593993521,-65.7164215990377,678.688,-1,0,721.66,0,0
6.796000145375729,47572.0010176301,18.132574783706666,-65.716421655609,647.48126,-1,0,690.4533,0,0
6.796600144356489,47576.201010495424,18.132536276677527,-65.71642525285478,640.34924,-1,0,683.3213,0,0
6.796700153499842,47576.90107449889,18.132529821585035,-65.71642734779498,662.8838,-1,0,705.8558,0,0
6.796800155192614,47577.601086348295,18.13252343370144,-65.71642674051414,642.55457,-1,0,685.5266,0,0
6.796900153160095,47578.30107212067,18.13251702061894,-65.71642716383975,638.575,-1,0,681.547,0,0
6.797600165009499,47583.20115506649,18.13247202822826,-65.71643430006525,676.94006,-1,0,719.9121,0,0
6.797800164669752,47584.601152688265,18.132459347781705,-65.71642928189907,575.96405,-1,0,618.9361,0,0
6.798000164330006,47586.00115031004,18.132446425653995,-65.71643411770278,631.3067,-1,0,674.2787,0,0
6.798000164330006,47586.00115031004,18.13244641716201,-65.71643446384189,636.79755,-1,0,679.7696,0,0
6.798200163990259,47587.40114793181,18.13243358756053,-65.71643554867264,632.6432,-1,0,675.6152,0,0
6.798600163310766,47590.20114317536,18.132407965921303,-65.71643625650246,601.161,-1,0,644.133,0,0
6.798700172454119,47590.90120717883,18.13240087155285,-65.71646444093348,1037.6047,-1,0,1080.5767,0,0
6.798800174146891,47591.60121902824,18.132395068566048,-65.71644012167155,641.1256,-1,0,684.0976,0,0
6.798900175839663,47592.30123087764,18.13238869672561,-65.71643895282848,611.9124,-1,0,654.8844,0,0
6.799000173807144,47593.00121665001,18.132382008727657,-65.71645065840231,786.9335,-1,0,829.9055,0,0
6.799000173807144,47593.00121665001,18.13238216186918,-65.71644443440255,688.1981,-1,0,731.1701,0,0
6.799000173807144,47593.00121665001,18.13238229016607,-65.71643920855117,605.299,-1,0,648.271,0,0
6.79930017516017,47595.10122612119,18.132362994646165,-65.71644308307971,634.75934,-1,0,677.7314,0,0
6.79930017516017,47595.10122612119,18.13236302609032,-65.71644180564918,614.49536,-1,0,657.4674,0,0
6.799400143325329,47595.8010032773,18.132356639365995,-65.71644135487445,596.68384,-1,0,639.6559,0,0
6.799500145018101,47596.50101512671,18.132350254282443,-65.71644074549633,576.3541,-1,0,619.3261,0,0
6.799600142985582,47597.20100089908,18.13234367168036,-65.71644820333347,683.9983,-1,0,726.9703,0,0
6.800200153142214,47601.4010719955,18.132305268971614,-65.71644852418282,625.153,-1,0,668.125,0,0
6.800200153142214,47601.4010719955,18.13230529402425,-65.71644750929279,609.05383,-1,0,652.0259,0,0
6.800300154834986,47602.1010838449,18.132298853099083,-65.71644923261148,625.7412,-1,0,668.7132,0,0
6.800300154834986,47602.1010838449,18.13229886552897,-65.71644872857519,617.74567,-1,0,660.7177,0,0
6.800500154495239,47603.50108146668,18.13228592531423,-65.716454568919,689.0982,-1,0,732.0702,0,0
6.800700154155493,47604.90107908845,18.13227260347412,-65.71647598239288,1007.5197,-1,0,1050.4917,0,0
6.800700154155493,47604.90107908845,18.13227342869988,-65.71644239625962,474.71683,-1,0,517.6889,0,0
6.800900153815746,47606.301076710224,18.132260359448967,-65.71645355621013,630.46594,-1,0,673.438,0,0
6.801100164651871,47607.701152563095,18.13224755407114,-65.71645397413651,615.8219,-1,0,658.7939,0,0
6.801100164651871,47607.701152563095,18.13224753421632,-65.71645477774506,628.5695,-1,0,671.5415,0,0
6.801100164651871,47607.701152563095,18.13224756749078,-65.71645342586233,607.12445,-1,0,650.0965,0,0
6.801400162279606,47609.80113595724,18.132228289119247,-65.71645701037177,632.0915,-1,0,675.0635,0,0
6.801400162279606,47609.80113595724,18.13222834627953,-65.71645468464213,595.19806,-1,0,638.1701,0,0
6.80160016566515,47611.20115965605,18.13221548548261,-65.71645745546834,617.8984,-1,0,660.8704,0,0
6.801700163632631,47611.90114542842,18.132209069283395,-65.71645827858947,620.332,-1,0,663.304,0,0
6.801700163632631,47611.90114542842,18.1322090596327,-65.7164586660949,626.4789,-1,0,669.4509,0,0
6.801900163292885,47613.301143050194,18.132196141023226,-65.71646384287772,687.3583,-1,0,730.3303,0,0
6.802100174129009,47614.701218903065,18.13218349520247,-65.71645791607965,572.105,-1,0,615.077,0,0
6.802400175482035,47616.80122837424,18.132164165875373,-65.7164637940292,633.512,-1,0,676.484,0,0
6.802600175142288,47618.20122599602,18.13215140010762,-65.7164628487341,597.3031,-1,0,640.2751,0,0
6.80270017310977,47618.90121176839,18.13214505636924,-65.71646080765444,554.32245,-1,0,597.2945,0,0
6.803400155156851,47623.80108609796,18.132100139536035,-65.71646750509301,586.4015,-1,0,629.3735,0,0
6.803600154817104,47625.20108371973,18.132087275229253,-65.71647075220743,616.74097,-1,0,659.713,0,0
6.803700152784586,47625.9010694921,18.132080624473016,-65.7164812871901,773.2819,-1,0,816.2539,0,0
6.80390015244484,47627.30106711388,18.132068128536662,-65.71646957357494,566.30524,-1,0,609.2773,0,0
6.804000154137611,47628.00107896328,18.132061591104662,-65.7164755142764,649.9684,-1,0,692.9404,0,0
6.804200153797865,47629.401076585054,18.13204857902637,-65.7164848830763,777.4484,-1,0,820.4204,0,0
6.804500162601471,47631.5011382103,18.132028798006026,-65.71650966406129,1138.894,-1,0,1181.866,0,0
6.804600164294243,47632.2011500597,18.13202294572992,-65.71648776648352,780.9273,-1,0,823.8993,0,0
6.804800163954496,47633.60114768148,18.1320101442435,-65.71648865305563,773.87415,-1,0,816.8462,0,0
6.8055001758039,47638.5012306273,18.13196546212765,-65.71648702426933,674.1966,-1,0,717.1686,0,0
6.8055001758039,47638.5012306273,18.131965588806622,-65.71648186824221,592.4049,-1,0,635.3769,0,0
6.805900175124407,47641.30122587085,18.131939679049825,-65.7164965153929,782.6201,-1,0,825.5921,0,0
6.806200172752142,47643.401209264994,18.13192075680257,-65.71648683400896,597.457,-1,0,640.429,0,0
6.806600145995617,47646.20102196932,18.131894914928555,-65.71649385246553,664.90234,-1,0,707.8744,0,0
6.80680014565587,47647.60101959109,18.131882130193805,-65.71649526411733,666.56177,-1,0,709.5338,0,0
6.8071001544594765,47649.701081216335,18.13186311733145,-65.71649074677926,563.8174,-1,0,606.7894,0,0
6.807200152426958,47650.40106698871,18.13185641395156,-65.71650417539304,766.48596,-1,0,809.458,0,0
6.807200152426958,47650.40106698871,18.13185657012151,-65.7164978087884,665.48737,-1,0,708.4594,0,0
6.8079001642763615,47655.30114993453,18.13181168410225,-65.7165089654001,770.0308,-1,0,813.0028,0,0
6.8083001635968685,47658.10114517808,18.1317864741834,-65.7164976598661,549.3353,-1,0,592.3073,0,0
6.80840016528964,47658.80115702748,18.13177990324339,-65.71650579144631,667.99506,-1,0,710.9671,0,0
6.80840016528964,47658.80115702748,18.131779901041657,-65.71650587862675,669.3779,-1,0,712.3499,0,0
6.808600164949894,47660.20115464926,18.131767217205976,-65.71650350895223,611.1262,-1,0,654.0982,0,0
6.808700162917376,47660.90114042163,18.13176069647146,-65.71650961679097,697.6892,-1,0,740.6612,0,0
6.808800164610148,47661.60115227103,18.131754233263933,-65.71651339203365,747.252,-1,0,790.224,0,0
6.808800164610148,47661.60115227103,18.131754370891738,-65.71650778413112,658.29034,-1,0,701.2624,0,0
6.8091001734137535,47663.70121389628,18.131735031310217,-65.71651708596521,774.8803,-1,0,817.8523,0,0
6.8091001734137535,47663.70121389628,18.13173538794208,-65.71650256672908,544.5565,-1,0,587.5285,0,0
6.809400174766779,47665.80122336745,18.131715880984128,-65.7165187713568,770.6598,-1,0,813.6318,0,0
6.8096001744270325,47667.20122098923,18.13170325839188,-65.71651406532354,675.37445,-1,0,718.3465,0,0
6.8102001547813416,47671.40108346939,18.13166481146889,-65.71652373644442,766.9337,-1,0,809.9057,0,0
6.810300152748823,47672.10106924176,18.13165850153561,-65.7165213806273,719.25555,-1,0,762.2276,0,0
6.8107001557946205,47674.90109056234,18.131632914066785,-65.71652617145077,754.0405,-1,0,797.0125,0,0
6.810900155454874,47676.30108818412,18.131620128278744,-65.71652827452125,766.8007,-1,0,809.7727,0,0
6.811100155115128,47677.70108580589,18.131607356091603,-65.71652985476537,771.27057,-1,0,814.2426,0,0
6.811200153082609,47678.40107157826,18.13160097749068,-65.71653035477502,768.90454,-1,0,811.8766,0,0
6.811400163918734,47679.801147431135,18.131588216402616,-65.71653149201397,766.35,-1,0,809.322,0,0
6.811400163918734,47679.801147431135,18.131588289542336,-65.71652850867488,719.02325,-1,0,761.9953,0,0
6.811400163918734,47679.801147431135,18.13158830555644,-65.7165278592281,708.7209,-1,0,751.6929,0,0
6.8115001656115055,47680.50115928054,18.13158191838829,-65.71652871475486,711.9963,-1,0,754.9683,0,0
6.8115001656115055,47680.50115928054,18.13158196050728,-65.71652700368162,684.853,-1,0,727.825,0,0
6.811600163578987,47681.20114505291,18.13157545203708,-65.71653280812582,766.6364,-1,0,809.6084,0,0
6.811600163578987,47681.20114505291,18.131575589350675,-65.71652721398088,677.8936,-1,0,720.8656,0,0
6.811900164932013,47683.30115452409,18.13155637963969,-65.71653180297487,719.80743,-1,0,762.7795,0,0
6.812400173395872,47686.80121377111,18.13152439223994,-65.71653835498164,772.2803,-1,0,815.2523,0,0
6.812500175088644,47687.50122562051,18.131518024232555,-65.71653847501472,763.89197,-1,0,806.864,0,0
6.812600173056126,47688.20121139288,18.13151165665549,-65.7165386011782,755.6019,-1,0,798.5739,0,0
6.8127001747488976,47688.90122324228,18.13150526371864,-65.71653974866989,763.51337,-1,0,806.4854,0,0
6.8127001747488976,47688.90122324228,18.131505469456325,-65.71653137662805,630.7055,-1,0,673.6775,0,0
6.812800172716379,47689.601209014654,18.131498916489885,-65.71653905229071,742.1751,-1,0,785.1471,0,0
6.812800172716379,47689.601209014654,18.131498915240183,-65.7165391056554,743.0217,-1,0,785.9937,0,0
6.812900174409151,47690.30122086406,18.131492493129507,-65.7165414487555,769.89996,-1,0,812.872,0,0
6.812900174409151,47690.30122086406,18.13149251051528,-65.71654074182,758.6854,-1,0,801.6574,0,0
6.813700154423714,47695.901080966,18.131441506511784,-65.71654454085369,736.6202,-1,0,779.5922,0,0
6.813800156116486,47696.6010928154,18.13143510974529,-65.71654588741481,747.6887,-1,0,790.6607,0,0
6.813900154083967,47697.30107858777,18.13142869640372,-65.71654792317607,769.6905,-1,0,812.6625,0,0
6.814100153744221,47698.701076209545,18.13141596441305,-65.7165481308408,752.3981,-1,0,795.3701,0,0
6.814200155436993,47699.40108805895,18.13140967686392,-65.71654504656927,693.17755,-1,0,736.1496,0,0
6.814300153404474,47700.10107383132,18.13140327761962,-65.71654652048419,706.2647,-1,0,749.2367,0,0
6.814400155097246,47700.80108568072,18.131396902334625,-65.71654701242151,703.7737,-1,0,746.7457,0,0
6.815000165253878,47705.00115677714,18.131358542386565,-65.71655439649031,759.1269,-1,0,802.0989,0,0
6.815200164914131,47706.40115439892,18.131345872799663,-65.71655212342172,702.4693,-1,0,745.4413,0,0
6.815500166267157,47708.501163870096,18.13132665866552,-65.7165572626914,753.08923,-1,0,796.0613,0,0
6.815600164234638,47709.20114964247,18.131320288336056,-65.71655758181582,747.84796,-1,0,790.82,0,0
6.81570016592741,47709.90116149187,18.131313935635813,-65.71655717869294,731.1483,-1,0,774.1203,0,0
6.815800175070763,47710.60122549534,18.131307517504787,-65.71655942209665,756.42944,-1,0,799.4015,0,0
6.815900173038244,47711.30121126771,18.131301177036985,-65.71655853291341,732.0175,-1,0,774.9895,0,0
6.816100172698498,47712.701208889484,18.131288377011188,-65.71656159271515,759.93896,-1,0,802.911,0,0
6.81620017439127,47713.40122073889,18.13128202505217,-65.71656116841443,742.89795,-1,0,785.87,0,0
6.816300176084042,47714.10123258829,18.131275643365303,-65.7165619518647,745.01447,-1,0,787.9865,0,0
6.816400174051523,47714.80121836066,18.131269240882723,-65.71656358723469,760.6441,-1,0,803.6161,0,0
6.816400174051523,47714.80121836066,18.131269306666606,-65.71656090393711,718.0782,-1,0,761.0502,0,0
6.816500145941973,47715.50102159381,18.13126287389195,-65.71656384604708,754.4385,-1,0,797.4105,0,0
6.816800143569708,47717.60100498796,18.13124375227794,-65.71656527131665,746.09845,-1,0,789.0705,0,0
6.816800143569708,47717.60100498796,18.13124378040608,-65.71656412115436,727.853,-1,0,770.825,0,0
6.81690014526248,47718.30101683736,18.131237383466424,-65.71656552903652,739.86694,-1,0,782.839,0,0
6.817300155758858,47721.101090312,18.13121184159,-65.71656927434813,757.9857,-1,0,800.9577,0,0
6.817400153726339,47721.801076084375,18.131205482931964,-65.71656913570216,745.4596,-1,0,788.4316,0,0
6.817600153386593,47723.20107370615,18.131192745443013,-65.71656966327541,733.1696,-1,0,776.1416,0,0
6.817900154739618,47725.30108317733,18.131173570611946,-65.7165732339403,758.80994,-1,0,801.782,0,0
6.818100154399872,47726.7010807991,18.131160878859767,-65.71657189269321,716.8571,-1,0,759.8291,0,0
6.818400163203478,47728.801142424345,18.13114168710659,-65.71657612553612,752.9733,-1,0,795.9453,0,0
6.818400163203478,47728.801142424345,18.13114168514448,-65.71657620405313,754.2188,-1,0,797.1908,0,0
6.81850016489625,47729.50115427375,18.131135346514142,-65.71657523270359,728.4633,-1,0,771.4353,0,0
6.818600162863731,47730.20114004612,18.131128959998914,-65.71657620834216,733.591,-1,0,776.563,0,0
6.818600162863731,47730.20114004612,18.131129138008813,-65.71656898316458,618.9805,-1,0,661.9525,0,0
6.818700164556503,47730.90115189552,18.13112254405769,-65.71657837905407,757.6742,-1,0,800.6462,0,0
6.818700164556503,47730.90115189552,18.13112269619444,-65.71657219671529,659.6047,-1,0,702.5767,0,0
6.818900164216757,47732.3011495173,18.131110075192005,-65.71656797353224,571.9082,-1,0,614.8802,0,0
6.819000165909529,47733.0011613667,18.131103458441743,-65.71657828967821,725.1913,-1,0,768.1633,0,0
6.819400172680616,47735.80120876432,18.13107789708204,-65.71658275244427,754.5327,-1,0,797.5047,0,0
6.8201001435518265,47740.70100486279,18.131033242154608,-65.71658745306152,756.4745,-1,0,799.4465,0,0
6.82030014321208,47742.10100248456,18.131020519535475,-65.71658729226732,733.1513,-1,0,776.1233,0,0
6.820500154048204,47743.50107833743,18.131007786969203,-65.71658749417719,715.5705,-1,0,758.5425,0,0
6.820700153708458,47744.901075959206,18.13099493792895,-65.71659244795265,773.35895,-1,0,816.331,0,0
6.82080015540123,47745.60108780861,18.13098855330316,-65.71659329688676,776.425,-1,0,819.397,0,0
6.821100153028965,47747.70107120276,18.130969439763323,-65.71659419958942,759.52716,-1,0,802.4992,0,0
6.821100153028965,47747.70107120276,18.13096988145644,-65.71657626469184,475.03903,-1,0,518.0111,0,0
6.821500163525343,47750.5011446774,18.13094391486953,-65.71659694310131,761.3839,-1,0,804.3559,0,0
6.821500163525343,47750.5011446774,18.13094389934931,-65.71659757359872,771.3855,-1,0,814.3575,0,0
6.821500163525343,47750.5011446774,18.13094389447166,-65.71659777330163,774.55347,-1,0,817.5255,0,0
6.821600165218115,47751.2011565268,18.13093752158332,-65.71659812022786,769.6341,-1,0,812.6061,0,0
6.821600165218115,47751.2011565268,18.13093755339083,-65.71659682307431,749.0572,-1,0,792.0292,0,0
6.821600165218115,47751.2011565268,18.13093766667979,-65.71659222716521,676.15375,-1,0,719.1258,0,0
6.822400175035,47756.801225245,18.130886746011864,-65.71659230141717,593.8478,-1,0,636.8198,0,0
6.8225001730024815,47757.50121101737,18.1308802633758,-65.71659707783333,659.1641,-1,0,702.1361,0,0
6.822600174695253,47758.20122286677,18.13087370338709,-65.71660497592073,773.9969,-1,0,816.9689,0,0
6.822800174355507,47759.60122048855,18.13086096180119,-65.71660540421381,759.8768,-1,0,802.8488,0,0
6.823100175708532,47761.701229959726,18.13084198695306,-65.71660043035001,649.58405,-1,0,692.5561,0,0
6.823200173676014,47762.4012157321,18.130835526340867,-65.71660427345907,700.0745,-1,0,743.0465,0,0
6.823200173676014,47762.4012157321,18.13083552292516,-65.71660441234671,702.27765,-1,0,745.2497,0,0
6.823300145566464,47763.10101896525,18.13082905827093,-65.7166084890514,756.47424,-1,0,799.4463,0,0
6.823300145566464,47763.10101896525,18.130829072533896,-65.71660790324283,747.18134,-1,0,790.1534,0,0
6.823400143533945,47763.801004737616,18.130822680006485,-65.71660897739274,753.7431,-1,0,796.7151,0,0
6.823400143533945,47763.801004737616,18.130822774343745,-65.71660515282875,693.07526,-1,0,736.0473,0,0
6.8241001553833485,47768.70108768344,18.1307781376219,-65.71660795473728,664.0858,-1,0,707.0578,0,0
6.82420015335083,47769.40107345581,18.1307716140264,-65.71661430684269,754.34326,-1,0,797.3153,0,0
6.824300155043602,47770.101085305214,18.130765345241112,-65.71661030680761,680.3846,-1,0,723.3566,0,0
6.824400153011084,47770.80107107759,18.13075893997888,-65.71661184159788,694.21967,-1,0,737.1917,0,0
6.824500154703856,47771.50108292699,18.13075299770788,-65.71659458776546,410.02835,-1,0,453.0004,0,0
6.8248001635074615,47773.60114455223,18.130733478346635,-65.7166114327167,645.6563,-1,0,688.6283,0,0
6.825100164860487,47775.70115402341,18.130714273940505,-65.71661546704325,678.05646,-1,0,721.0285,0,0
6.825200162827969,47776.40113979578,18.130707864327665,-65.7166171354474,693.98334,-1,0,736.9554,0,0
6.825200162827969,47776.40113979578,18.130707867480165,-65.7166170059135,691.9285,-1,0,734.9005,0,0
6.825200162827969,47776.40113979578,18.13070794044636,-65.71661404656369,644.9861,-1,0,687.9581,0,0
6.825500164180994,47778.50114926696,18.13068871379804,-65.71661891871103,690.63416,-1,0,733.6062,0,0
6.825600165873766,47779.20116111636,18.130682374115377,-65.71661771588646,661.0016,-1,0,703.9736,0,0
6.825900163501501,47781.30114451051,18.13066308240462,-65.71662516988953,747.56305,-1,0,790.5351,0,0
6.8261001743376255,47782.70122036338,18.13065042796532,-65.71662168473932,671.14075,-1,0,714.1128,0,0
6.827000144869089,47789.00101408362,18.130593010711163,-65.71662815980746,679.58435,-1,0,722.5564,0,0
6.8272001557052135,47790.401089936495,18.13058025297347,-65.71662801995716,655.9087,-1,0,698.8807,0,0
6.827500153332949,47792.50107333064,18.13056110652341,-65.7166282021547,626.58813,-1,0,669.5602,0,0
6.827600155025721,47793.20108518005,18.130554719354063,-65.7166284516858,619.8023,-1,0,662.7743,0,0
6.827800154685974,47794.60108280182,18.130541252192064,-65.71665703287805,1051.6953,-1,0,1094.6673,0,0
6.827800154685974,47794.60108280182,18.130541812660454,-65.71663430627102,691.17194,-1,0,734.144,0,0
6.828000154346228,47796.00108042359,18.130529029006336,-65.71663515371037,683.10266,-1,0,726.0747,0,0
6.828000154346228,47796.00108042359,18.13052916725037,-65.71662954496693,594.13464,-1,0,637.1067,0,0
6.828100156039,47796.701092273,18.13052272778461,-65.71663188943293,620.56213,-1,0,663.5342,0,0
6.828200154006481,47797.40107804537,18.13051626011352,-65.71663537897078,665.1505,-1,0,708.1225,0,0
6.828300155699253,47798.10108989477,18.13051016453821,-65.71662376189416,470.11255,-1,0,513.0846,0,0
6.8285001665353775,47799.50116574764,18.130497024411326,-65.71663897894658,689.9409,-1,0,732.9129,0,0
6.828600164502859,47800.201151520014,18.130490743330803,-65.71663487956724,614.1374,-1,0,657.1094,0,0
6.828800164163113,47801.60114914179,18.13047785974293,-65.71663969968944,669.03204,-1,0,712.0041,0,0
6.829000163823366,47803.00114676356,18.130465149057382,-65.71663747879094,612.2259,-1,0,655.1979,0,0
6.829100165516138,47803.70115861297,18.130458755537028,-65.71663790124934,608.1335,-1,0,651.1055,0,0
6.829100165516138,47803.70115861297,18.13045886402117,-65.7166334978333,538.2858,-1,0,581.2578,0,0
6.829400174319744,47805.80122023821,18.13043952897021,-65.71664100497219,624.96655,-1,0,667.9386,0,0
6.829600173979998,47807.20121785998,18.130426764084145,-65.71664092052768,602.0129,-1,0,644.9849,0,0
6.829600173979998,47807.20121785998,18.13042676651844,-65.71664082545598,600.50494,-1,0,643.477,0,0
6.829800173640251,47808.60121548176,18.130413949083007,-65.71664286252033,611.1919,-1,0,654.1639,0,0
6.830000173300505,47810.00121310353,18.13040115477004,-65.71664394041495,606.65234,-1,0,649.6244,0,0
6.830100174993277,47810.701224952936,18.130394736996173,-65.7166452976023,617.35706,-1,0,660.3291,0,0
6.830600146204233,47814.20102342963,18.13036279835392,-65.71664606061215,575.30615,-1,0,618.2782,0,0
6.830700144171715,47814.901009202,18.130356402176425,-65.71664652410685,571.8185,-1,0,614.7905,0,0
6.830700144171715,47814.901009202,18.130356385933784,-65.71664718856704,582.3586,-1,0,625.3306,0,0
6.830800153315067,47815.60107320547,18.1303499840138,-65.71664786261574,582.20734,-1,0,625.1794,0,0
6.830900155007839,47816.30108505488,18.13034355489362,-65.7166496561555,599.8121,-1,0,642.7841,0,0
6.831200156360865,47818.40109452605,18.130324379838367,-65.71665046012569,580.0143,-1,0,622.9863,0,0
6.831700164824724,47821.90115377307,18.1302923823198,-65.7166533061344,570.85736,-1,0,613.8294,0,0
6.832100164145231,47824.70114901662,18.130266794983346,-65.71665510341946,555.8832,-1,0,598.8552,0,0
6.832200165838003,47825.40116086602,18.13026036602103,-65.71665684489771,572.6305,-1,0,615.6025,0,0
6.832200165838003,47825.40116086602,18.130260389850747,-65.71665587605766,557.26227,-1,0,600.2343,0,0
6.83310017362237,47831.70121535659,18.13020273056153,-65.71666328709041,576.8342,-1,0,619.8062,0,0
6.833600144833326,47835.20101383328,18.130170716060032,-65.71666665541271,575.7624,-1,0,618.7344,0,0
6.833700146526098,47835.90102568269,18.13016429829177,-65.71666790735247,584.7148,-1,0,627.6868,0,0
6.834200154989958,47839.401084929705,18.13013232149362,-65.71666959659476,556.9517,-1,0,599.9237,0,0
6.834400154650211,47840.80108255148,18.13011954139348,-65.7166698418389,539.0076,-1,0,581.9796,0,0
6.834500156342983,47841.50109440088,18.130113154046825,-65.7166698448691,528.136,-1,0,571.108,0,0
6.834700156003237,47842.90109202266,18.13010028426032,-65.71667372419961,567.82935,-1,0,610.8014,0,0
6.835200153291225,47846.40107303858,18.130068296781268,-65.7166758154424,546.37,-1,0,589.342,0,0
6.835900165140629,47851.3011559844,18.130023477198467,-65.71668017170957,538.93414,-1,0,581.9062,0,0
6.836300175637007,47854.10122945905,18.1299978637313,-65.71668273357746,535.81305,-1,0,578.7851,0,0
6.83650017529726,47855.50122708082,18.12998502468688,-65.71668534686964,555.38306,-1,0,598.3551,0,0
6.83650017529726,47855.50122708082,18.12998508031312,-65.71668309074916,519.59454,-1,0,562.5666,0,0
6.836600173264742,47856.20121285319,18.1299786793144,-65.71668364736297,517.4807,-1,0,560.4527,0,0
6.836800176650286,47857.601236552,18.129965830738065,-65.7166866354603,542.99084,-1,0,585.9629,0,0
6.836800176650286,47857.601236552,18.12996590001406,-65.71668382432469,498.3983,-1,0,541.3703,0,0
6.837000146508217,47859.00102555752,18.129953030576264,-65.71668774452304,538.6949,-1,0,581.6669,0,0
6.837600156664848,47863.20109665394,18.12991460979111,-65.71669164666709,534.9023,-1,0,577.8743,0,0
6.837800156325102,47864.60109427571,18.12990176775828,-65.71669439550503,556.6067,-1,0,599.5787,0,0
6.838000155985355,47866.00109189749,18.12988897937915,-65.71669496126053,543.6787,-1,0,586.6507,0,0
6.838100153952837,47866.70107766986,18.12988256802308,-65.71669594724072,548.3679,-1,0,591.3399,0,0
6.838400155305862,47868.80108714104,18.12986335400096,-65.7166980955366,549.5902,-1,0,592.5622,0,0
6.838600166141987,47870.20116299391,18.129850547813064,-65.71669936932861,547.8899,-1,0,590.8619,0,0
6.838900163769722,47872.30114638805,18.12983136053008,-65.71670045458262,532.2469,-1,0,575.2189,0,0
6.839200165122747,47874.40115585923,18.129812155482888,-65.71670226113163,528.04535,-1,0,571.0174,0,0
6.839200165122747,47874.40115585923,18.129812144774696,-65.7167026940772,534.91315,-1,0,577.8852,0,0
6.839300166815519,47875.10116770864,18.129805689626217,-65.71670547148226,568.0191,-1,0,610.9911,0,0
6.839300166815519,47875.10116770864,18.129805739372443,-65.71670344997993,535.95123,-1,0,578.9233,0,0
6.839500166475773,47876.50116533041,18.12979293317219,-65.71670479434923,535.3722,-1,0,578.3442,0,0
6.839500166475773,47876.50116533041,18.12979292146567,-65.71670526260903,542.80005,-1,0,585.7721,0,0
6.839800175279379,47878.60122695565,18.12977373113473,-65.71670650121338,529.5911,-1,0,572.5631,0,0
6.839800175279379,47878.60122695565,18.12977376188618,-65.71670525088484,509.75674,-1,0,552.7288,0,0
6.840100176632404,47880.70123642683,18.12975452841772,-65.71670826620202,524.7351,-1,0,567.7071,0,0
6.840200174599886,47881.4012221992,18.12974809642948,-65.71671013230102,543.3873,-1,0,586.3593,0,0
6.840800143778324,47885.60100644827,18.129709681240424,-65.71671423478205,542.775,-1,0,585.747,0,0
6.840800143778324,47885.60100644827,18.1297097069759,-65.71671319796195,526.32776,-1,0,569.2998,0,0
6.841600153595209,47891.201075166464,18.1296584919152,-65.71671848052361,522.56683,-1,0,565.5389,0,0
6.841700155287981,47891.90108701587,18.12965205385294,-65.71672062574734,545.6562,-1,0,588.6282,0,0
6.842000164091587,47894.00114864111,18.129632880934142,-65.71672132022267,523.8523,-1,0,566.8243,0,0
6.842100165784359,47894.70116049051,18.12962623387364,-65.71673196345678,681.75854,-1,0,724.7306,0,0
6.8423001654446125,47896.10115811229,18.12961340905264,-65.7167342080013,695.49304,-1,0,738.4651,0,0
6.8423001654446125,47896.10115811229,18.12961370360468,-65.71672225203137,505.82312,-1,0,548.7952,0,0
6.842400163412094,47896.80114388466,18.12960699312716,-65.71673549043372,704.90326,-1,0,747.8753,0,0
6.842400163412094,47896.80114388466,18.12960723144306,-65.71672581295299,551.37775,-1,0,594.3498,0,0
6.842900164425373,47900.30115097761,18.12957525318143,-65.71672810901163,533.14307,-1,0,576.1151,0,0
6.842900164425373,47900.30115097761,18.129575242669898,-65.71672853508588,539.90216,-1,0,582.8742,0,0
6.843000173568726,47901.00121498108,18.1295688569442,-65.71672858006335,529.68646,-1,0,572.6585,0,0
6.8431001752614975,47901.70122683048,18.12956243377913,-65.71673015933823,543.81226,-1,0,586.7843,0,0
6.843700174242258,47905.90121969581,18.12952378719487,-65.71674416045396,700.39374,-1,0,743.3658,0,0
6.843800146132708,47906.60102292895,18.129517424632283,-65.71674338864248,677.23395,-1,0,720.206,0,0
6.844400156289339,47910.80109402537,18.129479246191355,-65.7167385191124,534.50397,-1,0,577.476,0,0
6.844800155609846,47913.60108926892,18.12945334941814,-65.7167534196428,727.2732,-1,0,770.2452,0,0
6.845300156623125,47917.10109636188,18.129421346210417,-65.71675720961889,732.91235,-1,0,775.8844,0,0
6.845700163394213,47919.90114375949,18.12939575694332,-65.71675976431376,729.88306,-1,0,772.8551,0,0
6.845800165086985,47920.60115560889,18.12938936116335,-65.7167603562457,728.38904,-1,0,771.3611,0,0
6.846300173550844,47924.10121485591,18.129357484637264,-65.71675464895891,582.493,-1,0,625.465,0,0
6.84660017490387,47926.20122432709,18.129338106237515,-65.71676515429272,716.72894,-1,0,759.701,0,0
6.84660017490387,47926.20122432709,18.129338097016703,-65.71676553476676,722.76544,-1,0,765.7375,0,0
6.846800174564123,47927.60122194886,18.129325349099577,-65.71676562533534,702.59283,-1,0,745.5649,0,0
6.846800174564123,47927.60122194886,18.12932538063513,-65.71676433787411,682.1669,-1,0,725.1389,0,0
6.846900176256895,47928.301233798265,18.129318922994457,-65.7167677886324,726.1121,-1,0,769.0841,0,0
6.846900176256895,47928.301233798265,18.129319112146828,-65.71676011132581,604.3119,-1,0,647.2839,0,0
6.84730014577508,47931.10102042556,18.12929336271617,-65.71677073376713,729.6551,-1,0,772.6271,0,0
6.84730014577508,47931.10102042556,18.129293391860603,-65.71676954905296,710.8592,-1,0,753.8312,0,0
6.847400143742561,47931.80100619793,18.129287001561856,-65.71677029029327,711.82825,-1,0,754.8003,0,0
6.847500145435333,47932.50101804733,18.12928059320982,-65.71677175857147,724.3337,-1,0,767.3057,0,0
6.847800154238939,47934.601079672575,18.129261421135872,-65.716774040951,728.1895,-1,0,771.1615,0,0
6.848000153899193,47936.00107729435,18.129248663381453,-65.7167746353823,716.06165,-1,0,759.0337,0,0
6.848700165748596,47940.90116024017,18.129204050242507,-65.71677522193238,649.9791,-1,0,692.9511,0,0
6.84890016540885,47942.30115786195,18.12919115346006,-65.71678153579013,728.6309,-1,0,771.6029,0,0
6.849700164049864,47947.90114834905,18.129140032345926,-65.71678799656786,745.1435,-1,0,788.1155,0,0
6.85000017657876,47950.00123605132,18.129120979580264,-65.7167856640727,675.9258,-1,0,718.8978,0,0
6.850100174546242,47950.70122182369,18.12911472074381,-65.71678116733253,593.8525,-1,0,636.8245,0,0
6.850200176239014,47951.401233673096,18.129108110715123,-65.71679091858468,737.82837,-1,0,780.8004,0,0
6.850500173866749,47953.50121706724,18.129088946206483,-65.71679320307832,741.8961,-1,0,784.8681,0,0
6.850500173866749,47953.50121706724,18.12908896462087,-65.71679245251437,729.98785,-1,0,772.9599,0,0
6.851100154221058,47957.701079547405,18.12905073022405,-65.71679329459899,679.0555,-1,0,722.0275,0,0
6.85120015591383,47958.40109139681,18.129044209257067,-65.71679944747548,765.9659,-1,0,808.9379,0,0
6.851400155574083,47959.80108901858,18.12903150229405,-65.7167981975764,724.7255,-1,0,767.6975,0,0
6.852000154554844,47964.00108188391,18.128993139965573,-65.7168042994868,757.36035,-1,0,800.3324,0,0
6.852200154215097,47965.40107950568,18.12898040708332,-65.71680412766722,733.2594,-1,0,776.2314,0,0
6.85230016708374,47966.10116958618,18.12897395552868,-65.7168074660459,775.54004,-1,0,818.5121,0,0
6.852400165051222,47966.80115535855,18.128967591676474,-65.71680728710948,762.0193,-1,0,804.9913,0,0
6.852400165051222,47966.80115535855,18.128967675836893,-65.7168038692998,707.7931,-1,0,750.7651,0,0
6.852700166404247,47968.90116482973,18.128948470275567,-65.7168079403481,740.35016,-1,0,783.3222,0,0
6.853200174868107,47972.40122407675,18.12891652616693,-65.71681209776071,752.96533,-1,0,795.9374,0,0
6.853500176221132,47974.501233547926,18.128897408658304,-65.71681261764208,729.2321,-1,0,772.2041,0,0
6.853600174188614,47975.2012193203,18.128890986613204,-65.71681481381951,753.4205,-1,0,796.3925,0,0
6.853700175881386,47975.9012311697,18.12888458841132,-65.71681603296706,762.1092,-1,0,805.0812,0,0
6.853800173848867,47976.60121694207,18.12887819260004,-65.71681715841446,769.3136,-1,0,812.2856,0,0
6.853900175541639,47977.30122879148,18.12887181040229,-65.7168177315562,767.7572,-1,0,810.7292,0,0
6.854300145059824,47980.10101541877,18.12884627719712,-65.7168202852755,765.6993,-1,0,808.6713,0,0
6.854600146412849,47982.201024889946,18.128827164640366,-65.71682063402478,739.3209,-1,0,782.2929,0,0
6.854800153523684,47983.601074665785,18.128814360608555,-65.71682336517895,761.38806,-1,0,804.3601,0,0
6.855100154876709,47985.70108413696,18.128795229233923,-65.71682447733119,747.1528,-1,0,790.1248,0,0
6.855200156569481,47986.401095986366,18.12878882391045,-65.71682597659081,760.31665,-1,0,803.2887,0,0
6.855200156569481,47986.401095986366,18.128788831015022,-65.71682568943588,755.7607,-1,0,798.7327,0,0
6.855600167065859,47989.20116946101,18.128763283062703,-65.71682873037763,761.5358,-1,0,804.5078,0,0
6.8557001650333405,47989.90115523338,18.12875699645539,-65.71682543626555,698.65967,-1,0,741.6317,0,0
6.855900164693594,47991.30115285516,18.12874417366897,-65.71682894444623,733.1004,-1,0,776.0724,0,0
6.856000166386366,47992.00116470456,18.12873777337116,-65.71683024367859,743.107,-1,0,786.079,0,0
6.856100164353848,47992.70115047693,18.12873138166003,-65.71683120197272,747.70654,-1,0,790.6786,0,0
6.856100164353848,47992.70115047693,18.12873138182541,-65.71683119613058,747.6139,-1,0,790.5859,0,0
6.856200166046619,47993.401162326336,18.12872496911379,-65.71683299545663,765.5589,-1,0,808.5309,0,0
6.856300164014101,47994.10114809871,18.128718589387127,-65.71683346538902,762.4141,-1,0,805.3861,0,0
6.8565001636743546,47995.50114572048,18.128705814299146,-65.71683503659708,766.1472,-1,0,809.1192,0,0
6.856700174510479,47996.90122157335,18.12869305634485,-65.71683586481124,758.09796,-1,0,801.07,0,0
6.857100173830986,47999.7012168169,18.12866750208008,-65.71683913773302,767.67285,-1,0,810.6449,0,0
6.857400175184012,48001.80122628808,18.12864837701692,-65.71683992417465,748.40515,-1,0,791.3772,0,0
6.8577001467347145,48003.901027143,18.128629176923084,-65.71684380213394,778.20703,-1,0,821.1791,0,0
6.858300156891346,48008.10109823942,18.1285908766084,-65.71684729999335,770.2948,-1,0,813.2668,0,0
6.8585001565516,48009.5010958612,18.1285780878914,-65.71684935426904,781.76654,-1,0,824.7386,0,0
6.8585001565516,48009.5010958612,18.12857812660784,-65.71684777938546,756.77905,-1,0,799.7511,0,0
6.858600154519081,48010.20108163357,18.128571700361,-65.71685010070838,783.05145,-1,0,826.0235,0,0
6.858700156211853,48010.90109348297,18.1285653422407,-65.71684964207881,765.2179,-1,0,808.1899,0,0
6.8589001558721066,48012.301091104746,18.128552546702124,-65.71685193810563,780.5386,-1,0,823.5106,0,0
6.8589001558721066,48012.301091104746,18.1285525593196,-65.71685142936278,772.4669,-1,0,815.4389,0,0
6.8593001663684845,48015.10116457939,18.12852701787359,-65.71685397207851,770.61346,-1,0,813.5855,0,0
6.8593001663684845,48015.10116457939,18.12852703249897,-65.71685337441083,761.1306,-1,0,804.1026,0,0
6.859500166028738,48016.501162201166,18.12851424559662,-65.71685530069196,770.60565,-1,0,813.5777,0,0
6.85960016399622,48017.20114797354,18.12850785192977,-65.71685626727134,775.4002,4,0,818.3722,0,0
6.859700165688992,48017.90115982294,18.128501505157264,-65.71685532338107,749.8844,3,0,792.8564,0,0
6.859800163656473,48018.60114559531,18.128495072942187,-65.71685784430768,779.34357,4,0,822.3156,0,0
6.860000167042017,48020.00116929412,18.12848229554204,-65.71685934606708,782.099,4,0,825.071,0,0
6.860000167042017,48020.00116929412,18.12848231796792,-65.71685843694681,767.67474,3,0,810.6468,0,0
6.860200174152851,48021.40121906996,18.128469532189023,-65.71686025106091,775.3919,4,0,818.3639,0,0
6.860200174152851,48021.40121906996,18.1284695351038,-65.7168601301019,773.4726,4,0,816.4446,0,0
6.860300175845623,48022.10123091936,18.128463143923803,-65.71686097216087,776.3026,4,0,819.2746,0,0
6.860300175845623,48022.10123091936,18.1284631722639,-65.7168598181722,757.9931,3,0,800.9651,0,0
6.860400173813105,48022.80121669173,18.128456758822058,-65.71686156896429,775.24316,4,0,818.2152,0,0
6.860400173813105,48022.80121669173,18.128456788550302,-65.71686035695532,756.013,3,0,798.985,0,0
6.860400173813105,48022.80121669173,18.12845679303708,-65.71686018050191,753.21356,3,0,796.1856,0,0
6.860900145024061,48026.30101516843,18.128424834811124,-65.71686448747842,768.9313,3,0,811.9033,0,0
6.86140014603734,48029.80102226138,18.12839292039552,-65.71686684846006,753.8076,3,0,796.7796,0,0
6.861500155180693,48030.50108626485,18.12838649731959,-65.71686891285208,776.04816,4,0,819.0202,0,0
6.861800156533718,48032.60109573603,18.128367345268845,-65.71687040971531,768.26904,3,0,811.2411,0,0
6.862000156193972,48034.0010933578,18.12835459693685,-65.71687059508228,750.19836,3,0,793.1704,0,0
6.862200155854225,48035.401090979576,18.1283419236712,-65.71686772839642,683.71014,0,0,726.6822,0,0
6.862500164657831,48037.50115260482,18.12832273125766,-65.71687074690227,700.1007,0,0,743.0727,0,0
6.86300016567111,48041.00115969777,18.128290687966743,-65.71687800983136,762.8606,3,0,805.8326,0,0
6.863100167363882,48041.70117154717,18.128284367190883,-65.71687588180616,718.60626,2,0,761.5783,0,0
6.863200165331364,48042.401157319546,18.128277908282907,-65.71687935514616,763.2246,3,0,806.1966,0,0
6.863200165331364,48042.401157319546,18.128277974044792,-65.71687669133979,720.96075,2,0,763.9328,0,0
6.863600175827742,48045.20123079419,18.128252360118186,-65.71688151351309,755.5212,0,0,798.4932,0,0
6.863800175487995,48046.601228415966,18.12823930769409,-65.71689384244863,930.1701,0,0,973.1421,0,0
6.863800175487995,48046.601228415966,18.12823957103076,-65.71688318671622,761.1018,0,0,804.0738,0,0
6.863900177180767,48047.30124026537,18.128233225515697,-65.71688202543544,732.1953,0,0,775.1673,0,0
6.864100176841021,48048.70123788714,18.128220467422164,-65.71688241713338,717.4506,0,0,760.4226,0,0
6.864100176841021,48048.70123788714,18.12822046861296,-65.71688236608739,716.6406,0,0,759.6126,0,0
6.864200174808502,48049.40122365952,18.12821401059821,-65.71688575697225,759.9622,0,0,802.9342,0,0
6.864300146698952,48050.10102689266,18.12820761529616,-65.71688667326445,764.0261,0,0,806.9981,0,0
6.864300146698952,48050.10102689266,18.1282076298932,-65.71688607694382,754.5647,0,0,797.5367,0,0
6.864600144326687,48052.20101028681,18.128188460354163,-65.71688790920624,752.21063,0,0,795.1827,0,0
6.864600144326687,48052.20101028681,18.128188545484743,-65.71688446298505,697.5335,0,0,740.5055,0,0
6.864700146019459,48052.90102213621,18.128182053370416,-65.71688919826948,762.1899,0,0,805.1619,0,0
6.865100156515837,48055.70109561086,18.12815650873029,-65.71689092000666,747.6245,0,0,790.5965,0,0
6.86530015617609,48057.10109323263,18.128143715493408,-65.71689260813007,753.4733,0,0,796.4453,0,0
6.86530015617609,48057.10109323263,18.12814377754665,-65.71689009369271,713.5795,0,0,756.5515,0,0
6.865500155836344,48058.501090854406,18.128132170507392,-65.71684375335813,-42.485195,4,0,0.4868,2,1
6.86580016463995,48060.60115247965,18.128113004377816,-65.71684523522444,-50.36215,2,0,-7.3901,0,0
6.866000164300203,48062.00115010142,18.128098558663684,-65.71691373805042,1015.48663,0,0,1058.4587,0,0
6.866000164300203,48062.00115010142,18.12809898091489,-65.71689664678627,744.3071,0,0,787.2791,0,0
6.866100165992975,48062.70116195083,18.128092640758545,-65.71689515263816,710.1413,0,0,753.1133,0,0
6.866300165653229,48064.1011595726,18.128079942664925,-65.71689642996104,709.5671,0,0,752.5391,0,0
6.866700164973736,48066.90115481615,18.12805465435999,-65.71688655372546,511.037,0,0,554.009,0,0
6.866900164633989,48068.301152437925,18.12804153828344,-65.7169006811748,714.2557,0,0,757.2277,0,0
6.867000173777342,48069.00121644139,18.128036317238188,-65.71685360824557,-42.95776,4,0,0.0143,2,1
6.867200177162886,48070.4012401402,18.128023517217347,-65.71685490594987,-43.281128,4,0,-0.3091,2,0
6.867300175130367,48071.10122591257,18.128017115734824,-65.71685560599623,-42.629715,4,0,0.3423,2,1
6.867400176823139,48071.80123776197,18.12801071503229,-65.7168562675715,-42.58789,4,0,0.3842,2,1
6.867700144648552,48073.90101253986,18.127991514901844,-65.71685823880459,-42.668407,4,0,0.3036,2,1
6.8679001443088055,48075.30101016164,18.127978712638416,-65.71685955951486,-42.617077,4,0,0.355,2,1
6.868000146001577,48076.00102201104,18.12797115948445,-65.71690683731097,696.937,0,0,739.909,0,0
6.868200156837702,48077.40109786391,18.127959507611635,-65.71686153536912,-42.619396,4,0,0.3526,2,1
6.869100157171488,48083.701100200415,18.127900738083063,-65.71691402243543,696.0152,0,0,738.9872,0,0
6.869100157171488,48083.701100200415,18.12790188868856,-65.71686745025556,-42.792656,4,0,0.1794,2,1
6.869300164282322,48085.10114997625,18.12788793432532,-65.71691525129152,694.6239,0,0,737.5959,0,0
6.869300164282322,48085.10114997625,18.12788821653184,-65.71690382293542,513.3118,0,0,556.2838,0,0
6.869400165975094,48085.80116182566,18.127881995472148,-65.71689712134454,396.55353,0,0,439.5256,0,0
6.870400175452232,48092.80122816563,18.127817448157693,-65.71692438971962,724.76044,0,0,767.7325,0,0
6.870500177145004,48093.50124001503,18.127811032630365,-65.71692551044158,732.1029,0,0,775.0749,0,0
6.870500177145004,48093.50124001503,18.127812238821083,-65.71687668300761,-42.48386,4,0,0.4882,2,1
6.870900176465511,48096.30123525858,18.12778539730604,-65.7169288677835,743.61847,0,0,786.5905,0,0
6.871300145983696,48099.10102188587,18.127761004838806,-65.7168819333661,-42.675774,4,0,0.2963,2,1
6.8715001456439495,48100.50101950765,18.127748195093275,-65.71688324048324,-42.8086,4,0,0.1634,1,1
6.871600147336721,48101.20103135705,18.127741789324016,-65.71688391678896,-42.51418,4,0,0.4579,2,1
6.871700156480074,48101.90109536052,18.12773418528181,-65.71693308134536,726.9831,0,0,769.9551,0,0
6.871800154447556,48102.60108113289,18.127727796124592,-65.71693309291531,716.73193,0,0,759.704,0,0
6.872200157493353,48105.40110245347,18.12770251208441,-65.71692203779371,499.60577,0,0,542.5778,0,0
6.872200157493353,48105.40110245347,18.127703355862216,-65.71688787084307,-42.389,4,0,0.583,2,1
6.8726001642644405,48108.20114985109,18.127677732224857,-65.71689049684464,-42.461407,4,0,0.5106,2,1
6.8727001659572124,48108.90116170049,18.12767132640345,-65.71689114351322,-42.63509,4,0,0.337,2,1
6.872900165617466,48110.30115932226,18.12765851369541,-65.71689247252073,-42.416313,4,0,0.5557,2,1
6.873200166970491,48112.40116879344,18.12763844020979,-65.71692904755275,506.48306,0,0,549.4551,0,0
6.8735001645982265,48114.50115218759,18.12761923404577,-65.71693048249979,497.9511,0,0,540.9231,0,0
6.87370016425848,48115.90114980936,18.1276060880951,-65.71694527311179,711.7386,0,0,754.7106,0,0
6.87370016425848,48115.90114980936,18.12760642843367,-65.71693149005439,493.0713,0,0,536.0433,0,0
6.874000176787376,48118.00123751164,18.127587150177582,-65.71693577323623,529.724,0,0,572.696,0,0
6.874100174754858,48118.701223284006,18.127581634501865,-65.71690034140302,-42.767017,4,0,0.205,2,1
6.87420017644763,48119.40123513341,18.127574023270142,-65.71694976309095,730.80853,0,0,773.7806,0,0
6.874500144273043,48121.5010099113,18.12755600799317,-65.71690297642074,-42.689396,4,0,0.2826,2,1
6.874800145626068,48123.60101938248,18.12753678570665,-65.71690496378402,-42.45837,4,0,0.5137,2,1
6.8750001564621925,48125.00109523535,18.12752277845325,-65.71695454936395,723.2814,0,0,766.2534,0,0
6.8754001557827,48127.8010904789,18.127497441314,-65.71694532478593,535.1997,0,0,578.1717,0,0
6.875700157135725,48129.90109995008,18.12747823976536,-65.71694642019328,521.2765,0,0,564.2485,0,0
6.8759001567959785,48131.30109757185,18.127465453304715,-65.71694656735282,502.74344,0,0,545.7155,0,0
6.8759001567959785,48131.30109757185,18.127466302593376,-65.71691216373695,-43.001186,4,0,-0.0291,1,1
6.87600015476346,48132.00108334422,18.127459894632565,-65.71691283161574,-42.83968,4,0,0.1324,2,1
6.87650016695261,48135.50116866827,18.127427895075897,-65.71691446628321,-69.077095,0,0,-26.1051,2,3
6.876600164920092,48136.20115444064,18.12742054077773,-65.71695346741393,539.1637,0,0,582.1357,0,0
6.876600164920092,48136.20115444064,18.12742144616253,-65.71691679083345,-42.6393,4,0,0.3327,2,1
6.876700166612864,48136.901166290045,18.12741413867476,-65.7169538863207,535.3736,0,0,578.3456,0,0
6.876700166612864,48136.901166290045,18.12741415193949,-65.71695334566266,526.7962,0,0,569.7682,0,0
6.877000164240599,48139.00114968419,18.127395543887825,-65.71693037143534,131.03908,0,0,174.0111,2,2
6.877000164240599,48139.00114968419,18.127395814609937,-65.71691940202878,-42.95814,4,0,0.0139,2,1
6.8775001764297485,48142.50123500824,18.12736284880527,-65.71696014219425,551.1225,0,0,594.0945,0,0
6.8775001764297485,48142.50123500824,18.127363772946545,-65.71692269951517,-42.833195,4,0,0.1388,2,1
6.87760017439723,48143.20122078061,18.12735736431125,-65.71692337814409,-42.50529,4,0,0.4668,2,1
6.877700176090002,48143.901232630014,18.12735095641301,-65.71692402188997,-42.731194,4,0,0.2408,2,1
6.878400146961212,48148.801028728485,18.12730517816773,-65.71696600798113,550.226,0,0,593.198,0,0
6.878400146961212,48148.801028728485,18.12730610036005,-65.71692863868948,-42.56436,4,0,0.4077,2,1
6.878500156104565,48149.50109273195,18.12729884388777,-65.71696364244886,502.25586,0,0,545.2279,0,0
6.878700155764818,48150.90109035373,18.12728687540492,-65.71693059738492,-42.81669,4,0,0.1554,2,1
6.87880015745759,48151.60110220313,18.127279546597435,-65.71696855611177,548.8816,0,0,591.8536,0,0
6.878900155425072,48152.3010879755,18.127274059333228,-65.71693189884303,-43.054913,4,0,-0.0829,2,1
6.879000157117844,48153.001099824905,18.12726668889283,-65.71697154615076,575.4309,0,0,618.4029,0,0
6.879100155085325,48153.70108559728,18.127260314885355,-65.71697081918738,553.45416,0,0,596.4262,0,0
6.879100155085325,48153.70108559728,18.12726031772335,-65.71697070990432,551.7207,0,0,594.6927,0,0
6.879100155085325,48153.70108559728,18.127260342973337,-65.71696968246923,535.42084,0,0,578.3929,0,0
6.879200156778097,48154.40109744668,18.127253930142658,-65.71697052641338,538.3653,0,0,581.3373,0,0
6.879300154745579,48155.10108321905,18.127248425988338,-65.71693454574557,-42.83879,4,0,0.1333,2,1
6.879700165241957,48157.9011566937,18.127222791715724,-65.71693720443166,-42.443817,4,0,0.5282,2,1
6.879800166934729,48158.6011685431,18.127216383786905,-65.71693784958339,-42.655586,4,0,0.3165,2,1
6.87990016490221,48159.30115431547,18.127210017812025,-65.71693680458982,-69.67557,0,0,-26.7035,2,3
6.880900174379349,48166.30122065544,18.12714589390832,-65.71694510482696,-42.500713,4,0,0.4713,2,1
6.881000176072121,48167.001232504845,18.127139485990625,-65.71694575773378,-42.595314,4,0,0.3767,2,1
6.882300157099962,48176.101099699736,18.127056185826127,-65.71695433532201,-42.445534,4,0,0.5265,2,1
6.882400155067444,48176.80108547211,18.127049778845,-65.71695497977825,-42.68132,4,0,0.2907,1,1
6.882700156420469,48178.901094943285,18.12703055634675,-65.71695695993363,-42.651066,4,0,0.321,1,1
6.882900167256594,48180.30117079616,18.12701774080389,-65.7169582843786,-42.565998,4,0,0.406,1,1
6.88380016759038,48186.60117313266,18.12696007702502,-65.71696421794327,-42.62671,4,0,0.3453,1,1
6.884000174701214,48188.0012229085,18.126947262618128,-65.71696554859382,-42.45605,4,0,0.516,1,1
6.884700175374746,48192.90122762322,18.12690241697519,-65.71697015111046,-42.74412,4,0,0.2279,1,1
6.885000146925449,48195.00102847815,18.126883199953223,-65.71697213092372,-42.758083,4,0,0.214,1,1
6.885300155729055,48197.10109010339,18.12686398107737,-65.71697411187614,-42.763596,4,0,0.2084,1,1
6.885500155389309,48198.50108772516,18.126851168719444,-65.71697544983414,-42.49514,4,0,0.4769,1,1
6.8857001550495625,48199.90108534694,18.12683835737465,-65.71697676123758,-42.650288,4,0,0.3218,1,1
6.8857001550495625,48199.90108534694,18.126838357351005,-65.71697676207359,-42.63703,4,0,0.335,1,1
6.886000156402588,48202.00109481812,18.12681913994332,-65.71697875655136,-42.440758,4,0,0.5313,1,1
6.8861001543700695,48202.70108059049,18.126812734728823,-65.71697941102565,-42.540493,4,0,0.4315,1,1
6.886200156062841,48203.40109243989,18.12680637127465,-65.71697836608041,-69.59621,0,0,-26.6242,0,3
6.886700164526701,48206.90115168691,18.12677424588542,-65.71698335686003,-42.659157,4,0,0.3129,1,1
6.886900167912245,48208.30117538571,18.12676144540093,-65.71698468432,-42.609272,4,0,0.3628,1,1
6.887100167572498,48209.70117300749,18.12674864566846,-65.71698600131523,-42.727604,4,0,0.2444,1,1
6.887200176715851,48210.40123701096,18.12674224531576,-65.71698666095128,-42.770584,4,0,0.2015,1,1
6.887300174683332,48211.10122278333,18.12673584513758,-65.7169873421094,-42.47178,4,0,0.5003,1,1
6.887400176376104,48211.80123463273,18.12672944568329,-65.71698799172339,-42.674137,4,0,0.2979,1,1
6.887500174343586,48212.5012204051,18.12672304612608,-65.71698865582235,-42.64706,4,0,0.325,1,1
6.887600176036358,48213.201232254505,18.126716646635973,-65.71698931156229,-42.753525,4,0,0.2185,1,1
6.887800175696611,48214.60122987628,18.12670384790092,-65.716990629964,-42.858154,4,0,0.1139,1,1
6.888200145214796,48217.40101650357,18.126678252398683,-65.71699329261072,-42.661755,4,0,0.3103,1,1
6.888300146907568,48218.101028352976,18.12667185301303,-65.71699396105367,-42.571014,4,0,0.401,1,1
6.8885001465678215,48219.50102597475,18.12665905492889,-65.71699528881098,-42.535633,4,0,0.4364,1,1
6.8885001465678215,48219.50102597475,18.12665905514969,-65.71699528100292,-42.659435,4,0,0.3126,1,1
6.8889001570642,48222.3010994494,18.12663345883994,-65.71699794278541,-42.497334,4,0,0.4747,1,1
6.889000155031681,48223.00108522177,18.126627060280907,-65.7169986057976,-42.496307,4,0,0.4757,1,1
6.889200154691935,48224.40108284354,18.126614263273368,-65.71699992583136,-42.59128,4,0,0.3808,1,1
6.889700166881084,48227.90116816759,18.126582272743622,-65.71700315296384,-43.99661,4,0,-1.0246,0,0
6.889800164848566,48228.60115393996,18.126575872198227,-65.71700390903914,-42.524014,4,0,0.448,1,1
6.889900166541338,48229.301165789366,18.126569473612765,-65.71700458281501,-42.357513,4,0,0.6145,1,1
6.890400167554617,48232.80117288232,18.12653748388325,-65.71700788366238,-42.61043,4,0,0.3616,1,1
6.890400167554617,48232.80117288232,18.12653748376536,-65.71700788783134,-42.544327,4,0,0.4277,1,1
6.8905001655220985,48233.50115865469,18.126531086455167,-65.7170085360502,-42.78563,4,0,0.1864,1,1
6.890600167214871,48234.20117050409,18.126524688102325,-65.71700921450966,-42.548313,4,0,0.4237,1,1
6.890700165182352,48234.901156276464,18.12651829057612,-65.71700987389211,-42.61356,4,0,0.3585,1,1
6.890700165182352,48234.901156276464,18.1265182904513,-65.71700987830577,-42.543575,4,0,0.4285,1,1
6.890700165182352,48234.901156276464,18.12651829027045,-65.71700988470108,-42.442177,4,0,0.5299,1,1
6.890800174325705,48235.60122027993,18.12651189209807,-65.71701054345166,-42.519077,4,0,0.453,1,1
6.8909001760184765,48236.301232129335,18.12650549437276,-65.71701120490408,-42.55282,4,0,0.4192,1,1
6.891200177371502,48238.40124160051,18.1264863015328,-65.71701319576668,-42.553215,4,0,0.4188,1,1
6.8914001770317554,48239.80123922229,18.12647354859368,-65.71701282147858,-69.543884,0,0,-26.5718,0,3
6.891500174999237,48240.50122499466,18.126467109221363,-65.71701519082049,-42.49071,4,0,0.4813,1,1
6.891700144857168,48241.90101400018,18.12645431667877,-65.71701651054514,-42.611645,4,0,0.3604,1,1
6.891700144857168,48241.90101400018,18.126454316776737,-65.71701650708087,-42.666573,4,0,0.3055,1,1
6.89180014654994,48242.60102584958,18.12644791940037,-65.71701717045322,-42.67377,4,0,0.2983,1,1
6.89180014654994,48242.60102584958,18.126447919478743,-65.7170171676818,-42.717712,4,0,0.2543,1,1
6.89180014654994,48242.60102584958,18.12644791980322,-65.71701715620787,-42.89964,4,0,0.0724,1,1
6.89180014654994,48242.60102584958,18.12644791915013,-65.71701717930186,-42.53347,4,0,0.4386,1,1
6.891900144517422,48243.30101162195,18.12644152235159,-65.71701783210742,-42.70822,4,0,0.2638,1,1
6.891900144517422,48243.30101162195,18.12644152194021,-65.71701784665453,-42.47757,4,0,0.4945,1,1
6.8920001573860645,48244.00110170245,18.12643512405832,-65.71701850559997,-42.556934,4,0,0.4151,1,1
6.8920001573860645,48244.00110170245,18.1264351240454,-65.71701850605673,-42.549694,4,0,0.4223,1,1
6.892200157046318,48245.40109932423,18.12642232969722,-65.71701983692778,-42.501045,4,0,0.471,1,1
6.892200157046318,48245.40109932423,18.126422329919105,-65.71701982908196,-42.625446,4,0,0.3466,1,1
6.8923001550138,48246.1010850966,18.12641593252848,-65.71702050843903,-42.380768,4,0,0.5913,1,1
6.892400156706572,48246.801096946,18.126409535521542,-65.71702116716713,-42.463943,4,0,0.5081,1,1
6.892600156366825,48248.201094567776,18.12639674143849,-65.71702250592404,-42.29298,4,0,0.6791,1,1
6.892700154334307,48248.90108034015,18.126390344863044,-65.71702315263417,-42.56781,4,0,0.4042,1,1
6.892800156027079,48249.60109218955,18.1263839496412,-65.71702374432371,-43.715767,4,0,-0.7437,0,0
6.893300164490938,48253.10115143657,18.1263519633152,-65.71702713613496,-42.586956,4,0,0.3851,1,1
6.893600165843964,48255.20116090775,18.12633277278827,-65.71702914271881,-42.365288,4,0,0.6068,1,1
6.893900167196989,48257.30117037892,18.12631358321337,-65.71703112487472,-42.53361,4,0,0.4384,1,1
6.8941001780331135,48258.701246231794,18.12630078922704,-65.71703246182986,-42.402233,4,0,0.5698,1,1
6.894300177693367,48260.10124385357,18.12628803883931,-65.71703206888094,-69.70897,0,0,-26.7369,0,3
6.8945001773536205,48261.501241475344,18.12627520364373,-65.71703511233538,-42.511364,4,0,0.4607,1,1
6.8945001773536205,48261.501241475344,18.12627520334449,-65.71703512291668,-42.343594,4,0,0.6284,1,1
6.894600175321102,48262.20122724772,18.126268118774824,-65.71706371610348,400.6754,0,0,443.6474,0,0
6.894600175321102,48262.20122724772,18.12626880724248,-65.71703578143932,-42.436367,4,0,0.5357,1,1
6.894800174981356,48263.60122486949,18.12625601438957,-65.71703711536276,-42.355392,4,0,0.6167,1,1
6.894900176674128,48264.30123671889,18.12624961858085,-65.71703775740184,-42.7106,4,0,0.2614,1,1
6.895000144839287,48265.00101387501,18.12624322380789,-65.7170384391394,-42.433052,4,0,0.539,1,1
6.89520014449954,48266.40101149678,18.12623043127828,-65.71703976735493,-42.444313,4,0,0.5277,1,1
6.895400147885084,48267.80103519559,18.12621763873685,-65.71704108764179,-42.582592,4,0,0.3895,1,1
6.895500145852566,48268.50102096796,18.126211242731028,-65.71704174899361,-42.6324,4,0,0.3396,1,1
6.895600147545338,48269.20103281736,18.12620484645649,-65.71704241202272,-42.656185,4,0,0.3159,1,1
6.895600147545338,48269.20103281736,18.12620484614596,-65.71704242300326,-42.482082,4,0,0.49,1,1
6.895600147545338,48269.20103281736,18.12620484594293,-65.71704243018236,-42.36825,4,0,0.6038,1,1
6.89570015668869,48269.90109682083,18.126198449696897,-65.71704307595536,-42.666603,4,0,0.3054,1,1
6.89570015668869,48269.90109682083,18.126198449378712,-65.71704308720652,-42.48821,4,0,0.4838,1,1
6.895900156348944,48271.301094442606,18.12618565707584,-65.71704441563566,-42.498634,4,0,0.4734,1,1
6.895900156348944,48271.301094442606,18.126185657172773,-65.7170444122079,-42.552982,4,0,0.4191,1,1
6.896200157701969,48273.40110391378,18.12616646853425,-65.71704641074665,-42.476486,4,0,0.4956,1,1
6.896200157701969,48273.40110391378,18.12616646909705,-65.71704639084635,-42.792015,4,0,0.18,1,1
6.896300155669451,48274.10108968616,18.12616007333765,-65.71704704745795,-42.91824,4,0,0.0538,1,1
6.896400157362223,48274.80110153556,18.12615368452055,-65.7170474144144,-47.63925,2,0,-4.6672,0,0
6.896500166505575,48275.50116553903,18.12614727985577,-65.71704839765901,-42.586334,4,0,0.3857,1,1
6.897000167518854,48279.00117263198,18.12611529947787,-65.71705172011379,-42.596848,4,0,0.3752,1,1
6.897300165146589,48281.101156026125,18.12609611179884,-65.71705370404602,-42.75519,4,0,0.2169,1,1
6.897400166839361,48281.80116787553,18.12608976189969,-65.71705249873466,-72.41515,0,0,-29.4431,0,3
6.898000176995993,48286.00123897195,18.12605133862449,-65.7170583674367,-42.58603,4,0,0.386,1,1
6.898200176656246,48287.40123659372,18.126038546658013,-65.71705969584993,-42.60078,4,0,0.3713,1,1
6.898200176656246,48287.40123659372,18.12603858938041,-65.71705796822853,-70.00284,0,0,-27.0308,2,3
6.898300174623728,48288.101222366095,18.126032150887628,-65.71706035438854,-42.69796,4,0,0.2741,1,1
6.898400146514177,48288.80102559924,18.126025757020795,-65.71706100675823,-42.8901,4,0,0.0819,1,1
6.899000156670809,48293.00109669566,18.12598728923449,-65.71706868450033,15.632939,0,0,58.605,0,0
6.899700157344341,48297.90110141039,18.125942607711792,-65.71706965603397,-42.75418,4,0,0.2179,1,1
6.899900157004595,48299.30109903216,18.125929815295738,-65.71707099576007,-42.588444,4,0,0.3836,1,1
6.900000166147947,48300.00116303563,18.12592341893729,-65.71707164950269,-42.762028,4,0,0.21,1,1
6.900000166147947,48300.00116303563,18.125923418683524,-65.71707165847525,-42.619762,4,0,0.3523,1,1
6.900300167500973,48302.10117250681,18.12590423060305,-65.71707364138601,-42.79339,4,0,0.1787,1,1
6.900400165468454,48302.80115827918,18.125897834585825,-65.71707430691752,-42.778465,4,0,0.1936,1,1
6.900500167161226,48303.50117012858,18.125891438265057,-65.7170749744075,-42.73277,4,0,0.2393,1,1
6.90070016682148,48304.90116775036,18.12587864579162,-65.71707631066207,-42.620403,4,0,0.3516,1,1
6.90070016682148,48304.90116775036,18.12587864585844,-65.71707630829981,-42.657856,4,0,0.3142,1,1
6.901000175625086,48307.0012293756,18.125859456792647,-65.71707830108672,-42.673126,4,0,0.2989,1,1
6.901200175285339,48308.401226997375,18.125846664144515,-65.71707963695435,-42.565594,4,0,0.4064,1,1
6.901400174945593,48309.80122461915,18.12583387214468,-65.71708095013632,-42.817017,4,0,0.155,1,1
6.901400174945593,48309.80122461915,18.12583387192728,-65.71708095782283,-42.695145,4,0,0.2769,1,1
6.901400174945593,48309.80122461915,18.12583387193535,-65.71708095753762,-42.699665,4,0,0.2724,1,1
6.901600174605846,48311.201222240925,18.125821079137847,-65.71708229687923,-42.535637,4,0,0.4364,1,1
6.901600174605846,48311.201222240925,18.1258210795972,-65.71708228063834,-42.793144,4,0,0.1789,1,1
6.9019001461565495,48313.301023095846,18.125801891869504,-65.71708429668246,-42.431305,4,0,0.5407,1,1
6.902100145816803,48314.70102071762,18.125789099461453,-65.71708561672479,-42.571404,4,0,0.4006,1,1
6.902200147509575,48315.401032567024,18.1257827030878,-65.71708627766019,-42.62685,4,0,0.3452,1,1
6.902200147509575,48315.401032567024,18.125782703052643,-65.71708627890322,-42.60714,4,0,0.3649,1,1
6.902200147509575,48315.401032567024,18.12578270307177,-65.71708627822684,-42.617867,4,0,0.3542,1,1
6.902700155973434,48318.90109181404,18.125750720790727,-65.71708958824858,-42.807114,4,0,0.1649,1,1
6.90300015732646,48321.00110128522,18.125731531013905,-65.71709158934297,-42.678383,4,0,0.2937,1,1
6.903300154954195,48323.101084679365,18.12571234168829,-65.71709357677518,-42.763657,4,0,0.2084,1,1
6.903400167822838,48323.801174759865,18.125705944264865,-65.71709424175835,-42.753277,4,0,0.2188,1,1
6.903400167822838,48323.801174759865,18.12570594408521,-65.71709424811009,-42.652565,4,0,0.3195,1,1
6.904300168156624,48330.10117709637,18.12564837389204,-65.71710022381839,-42.67959,4,0,0.2925,1,1
6.904300168156624,48330.10117709637,18.125648373541846,-65.71710023619899,-42.483284,4,0,0.4888,1,1
6.904400177299976,48330.80124109984,18.12564197625859,-65.7171008972245,-42.532425,4,0,0.4396,1,1
6.904400177299976,48330.80124109984,18.12564197619089,-65.7171008996181,-42.494473,4,0,0.4776,1,1
6.904700174927712,48332.90122449398,18.12562278625928,-65.71710287743586,-42.72028,4,0,0.2518,1,1
6.904700174927712,48332.90122449398,18.12562278603967,-65.71710288519984,-42.597176,4,0,0.3749,1,1
6.905000176280737,48335.00123396516,18.125603595321888,-65.71710487535634,-42.62488,4,0,0.3472,1,1
6.905100177973509,48335.70124581456,18.125597198690503,-65.71710552465035,-42.857025,4,0,0.115,1,1
6.905100177973509,48335.70124581456,18.12559724063973,-65.71710382454927,-69.82277,0,0,-26.8507,2,0
6.905400145798922,48337.80102059245,18.12557800970033,-65.71710751978212,-42.798355,4,0,0.1737,1,1
6.905400145798922,48337.80102059245,18.12557805213665,-65.71710580246592,-70.037056,0,0,-27.065,2,3
6.9055001474916935,48338.501032441854,18.125571612310768,-65.71710819267629,-42.654953,4,0,0.3171,1,1
6.9058001562953,48340.6010940671,18.12555242093893,-65.71711016994085,-42.87977,4,0,0.0923,1,1
6.9058001562953,48340.6010940671,18.125552461141424,-65.71710854064703,-68.72243,0,0,-25.7504,2,0
6.905900157988071,48341.3011059165,18.125546023277145,-65.71711084922497,-42.63365,4,0,0.3384,1,1
6.906000155955553,48342.00109168887,18.125539626179243,-65.71711151616292,-42.58254,4,0,0.3895,1,1
6.906200155615807,48343.401089310646,18.125526831563054,-65.7171128540662,-42.415768,4,0,0.5563,1,1
6.906200155615807,48343.401089310646,18.12552683189897,-65.71711284219059,-42.60406,4,0,0.368,1,1
6.9063001573085785,48344.10110116005,18.125520541731543,-65.71711351420774,-42.403862,4,0,0.5682,1,1
6.906500156968832,48345.501098781824,18.12550777696496,-65.71711307836604,-70.37741,0,0,-27.4054,3,3
6.907000165432692,48349.00115802884,18.12547571182032,-65.71711815840594,-42.447273,4,0,0.5248,1,1
6.907200165092945,48350.401155650616,18.125462903266207,-65.71711949482264,-42.304817,4,0,0.6672,1,1
6.907300166785717,48351.10116750002,18.12545654642834,-65.71711822324238,-73.001114,0,0,-30.0291,0,0
6.907800167798996,48354.60117459297,18.12542452049035,-65.71712171544166,-70.23924,0,0,-27.2672,3,3
6.90800017490983,48356.00122436881,18.12541166760513,-65.71712481352085,-42.14923,4,0,0.8228,1,1
6.90800017490983,48356.00122436881,18.125411667837767,-65.71712479625407,-42.42341,4,0,0.5486,1,1
