Delta_Time_Rel,Along_Track_Dist,Latitude,Longitude,WGS84_Ellipsoid_Height,Confidence,Classification,labels,Geoid_Corrected_Ortho_Height
0.1299000605940818,909.3004241585732,0.3388434785714586,173.36815777310105,30.994965,1,0,1,0.7288
0.1304000690579414,912.80048340559,0.3388114682850113,173.36815440788467,31.228996,1,0,1,0.9628
0.1325000524520874,927.5003671646118,0.3386770604027547,173.36814046318142,31.159449,1,0,1,0.8932
0.1336000636219978,935.2004453539848,0.3386067189477368,173.36813316915848,31.074064,1,0,1,0.8079
0.1343000680208206,940.1004761457444,0.3385619917584451,173.3681284964994,31.199368,1,0,1,0.9332
0.1343000680208206,940.1004761457444,0.3385619888769813,173.36812850465108,31.15426,1,0,1,0.8881
0.1344000697135925,940.8004879951476,0.3385527284227648,173.3681359329577,-13.631149,0,0,0,-43.8973
0.1345000714063644,941.5004998445512,0.3385492074992645,173.36812718523325,31.10499,1,0,1,0.8388
0.1348000392317772,943.6002746224405,0.338532046099358,173.36811955395137,62.31441,0,0,0,32.0482
0.1356000527739524,949.2003694176674,0.3384789484823163,173.36811990395535,30.985323,1,0,1,0.7191
0.1364000588655471,954.8004120588304,0.3384274925300423,173.36811569768406,24.888243,1,0,0,-5.378
0.1367000639438629,956.9004476070404,0.338406295978707,173.36811949256906,-7.12507,0,0,0,-37.3913
0.1382000371813774,967.400260269642,0.3383128699136402,173.36810268343797,30.9835,1,0,1,0.7173
0.1413000673055648,989.1004711389542,0.3381159080184361,173.36808222720708,30.52811,1,0,1,0.2619
0.1422000527381897,995.400369167328,0.3380587692153116,173.36807626526894,30.622763,1,0,1,0.3566
0.1430000588297844,1001.0004118084908,0.3380049495097593,173.36807951855795,-16.583923,0,0,0,-46.8501
0.1440000683069229,1008.0004781484604,0.3379424595927775,173.36807010512845,-0.9273306,0,0,0,-31.1935
0.1447000727057457,1012.90050894022,0.3379000441060548,173.368059769572,30.808617,1,0,1,0.5424
0.1450000405311584,1015.0002837181092,0.3378809985847447,173.3680577887374,30.870539,1,0,1,0.6043
0.1453000381588935,1017.1002671122552,0.3378619584057333,173.36805578479226,31.0663,1,0,1,0.8001
0.1465000584721565,1025.5004093050957,0.3377857169459397,173.3680479577848,30.876083,1,0,1,0.6099
0.1474000588059425,1031.8004116415975,0.3377260746113621,173.36804898026818,-7.334291,0,0,0,-37.6005
0.1498000472784042,1048.6003309488297,0.3375758980015657,173.36802640703712,31.137014,1,0,1,0.8708
0.1527000516653061,1068.9003616571426,0.3373911079080166,173.36800769953211,30.898464,1,0,1,0.6323
0.1530000492930412,1071.0003450512886,0.3373719756093465,173.3680057485965,31.004612,1,0,1,0.7384
0.1545000672340393,1081.5004706382751,0.3372762127495205,173.3679960801298,31.179352,1,0,1,0.9132
0.155900053679943,1091.3003757596016,0.3371867080610208,173.36798710904924,31.231201,1,0,1,0.965
0.1576000675559044,1103.2004728913307,0.3370778484491484,173.36797628094237,31.154776,1,0,1,0.8886
0.1582000702619552,1107.4004918336868,0.3370396190577869,173.36797239353558,31.287632,1,0,1,1.0214
0.1590000391006469,1113.0002737045288,0.3369881255362548,173.3679673537453,31.261967,1,0,1,0.9958
0.1605000644922256,1123.5004514455795,0.3368935517109069,173.3679520543571,63.699703,0,0,0,33.4335
0.1608000621199607,1125.6004348397255,0.3368721157759738,173.3679560645163,31.073977,1,0,1,0.8078
0.1611000671982765,1127.7004703879356,0.3368504278236542,173.3679607729502,-5.4114733,0,0,0,-35.6777
0.1612000688910484,1128.400482237339,0.3368458743620398,173.36795479595537,24.19264,1,0,0,-6.0736
0.1614000722765922,1129.8005059361458,0.3368334134164153,173.3679522940009,31.091198,1,0,1,0.825
0.1617000699043274,1131.9004893302915,0.336814071379324,173.3679503674788,31.334433,1,0,1,1.0682
0.1622000411152839,1135.4002878069878,0.3367817848047992,173.36794727884185,31.072227,1,0,1,0.806
0.1639000624418258,1147.300437092781,0.3366719719018566,173.36793666824866,30.839073,1,0,1,0.5729
0.1647000685334205,1152.900479733944,0.3366202731318715,173.36793164973074,30.890226,1,0,1,0.624
0.166900061070919,1168.3004274964333,0.3364780478677667,173.36791779730115,31.33289,1,0,1,1.0667
0.169000044465065,1183.000311255455,0.3363421945311541,173.36790468291795,31.104773,1,0,1,0.8386
0.1691000387072563,1183.7002709507942,0.3363357429019822,173.36790400851194,31.36758,1,0,1,1.1014
0.1716000735759735,1201.2005150318146,0.3361740501306304,173.36788830005375,31.43791,1,0,1,1.1717
0.1716000735759735,1201.2005150318146,0.3361740282089814,173.3678883620687,31.094742,1,0,1,0.8285
0.1718000695109367,1202.6004865765572,0.3361628202592561,173.36788224573738,57.98377,0,0,0,27.7176
0.1724000424146652,1206.8002969026566,0.3361222864469109,173.36788338621812,30.777746,1,0,1,0.5115
0.1733000501990318,1213.1003513932228,0.3360618426941453,173.36788411695548,-4.645784,0,0,0,-34.912
0.1736000627279281,1215.2004390954971,0.3360447254385541,173.36787582856462,30.75402,1,0,1,0.4878
0.1744000613689422,1220.8004295825958,0.3359951094170549,173.36786495273296,62.997467,0,0,0,32.7313
0.1750000715255737,1225.000500679016,0.3359540075245023,173.36786778763516,26.320803,1,0,0,-3.9454
0.1784000694751739,1248.8004863262177,0.3357348402742902,173.36784543247032,30.798603,1,0,1,0.5324
0.1786000728607177,1250.2005100250244,0.3357187650513943,173.36785323059183,-19.441137,0,0,0,-49.7073
0.1798000484704971,1258.60033929348,0.3356460919312912,173.36783310792435,49.367455,1,0,0,19.1013
0.1801000535488128,1260.70037484169,0.33562296801589,173.36784206593398,-10.862585,0,0,0,-41.1288
0.1810000613331794,1267.0004293322563,0.335567890908314,173.36782871806383,31.012547,1,0,1,0.7463
0.1811000630259513,1267.7004411816597,0.3355614702462678,173.3678280884234,30.939074,1,0,1,0.6729
0.181900069117546,1273.3004838228226,0.3355101898951094,173.3678228507851,31.440742,1,0,1,1.1745
0.182000070810318,1274.000495672226,0.335503761556387,173.36782225238562,31.189386,1,0,1,0.9232
0.1832000538706779,1282.4003770947456,0.3354268415405067,173.36781453559308,31.101192,1,0,1,0.835
0.1837000548839569,1285.9003841876984,0.3353948201564579,173.3678112800005,31.26729,1,0,1,1.0011
0.1887000724673271,1320.9005072712898,0.335074952946683,173.36777892877103,31.389727,1,0,1,1.1235
0.1912000626325607,1338.400438427925,0.3349152563771984,173.36776273210444,31.502144,1,0,1,1.2359
0.1913000643253326,1339.1004502773285,0.3349088432246745,173.36776216206857,31.077906,1,0,1,0.8117
0.1934000551700592,1353.8003861904144,0.3347747521110301,173.36774863823578,30.83394,1,0,1,0.5677
0.1937000527977943,1355.9003695845604,0.3347555934174529,173.36774672664404,30.699799,1,0,1,0.4336
0.1940000504255294,1358.0003529787064,0.3347364876904556,173.3677446681433,31.382765,1,0,1,1.1166
0.1956000700592994,1369.2004904150965,0.3346342965815376,173.36773455137097,30.333925,1,0,1,0.0677
0.1960000395774841,1372.000277042389,0.3346087494544876,173.36773203469002,30.027246,1,0,1,-0.239
0.1970000490546226,1379.0003433823586,0.3345449353126057,173.36772558433273,30.182419,1,0,1,-0.0838
0.1971000507473945,1379.700355231762,0.3345385571821597,173.36772493047138,30.250668,1,0,1,-0.0155
0.1974000632762909,1381.8004429340365,0.3345194027202773,173.36772302474938,30.150522,1,0,1,-0.1157
0.198200061917305,1387.400433421135,0.3344684023279859,173.3677179960086,29.966286,1,0,1,-0.2999
0.1988000720739364,1391.6005045175552,0.3344292956687248,173.36771628413752,18.00844,1,0,0,-12.2578
0.1999000534415245,1399.3003740906715,0.334360595775021,173.36770471571728,42.829952,1,0,0,12.5638
0.2000000551342964,1400.000385940075,0.3343534188044315,173.3677062896721,30.561464,1,0,1,0.2953
0.2007000520825386,1404.9003645777702,0.3343087355673118,173.36770164932022,31.369566,1,0,1,1.1034
0.2015000581741333,1410.500407218933,0.3342576129905611,173.36769650621028,31.476698,1,0,1,1.2105
0.2020000740885734,1414.0005186200142,0.3342256647393131,173.3676932821372,31.636978,1,0,1,1.3708
0.2031000405550003,1421.700283885002,0.334155321238532,173.36768637069088,31.104448,1,0,1,0.8382
0.2038000524044037,1426.6003668308258,0.3341104239805876,173.3676823471936,28.778952,1,0,0,-1.4872
0.2078000605106353,1454.6004235744476,0.3338548321110892,173.3676567570609,31.318403,1,0,1,1.0522
0.2084000632166862,1458.8004425168035,0.3338164921515235,173.36765294049655,31.800304,1,0,1,1.5341
0.2090000733733177,1463.000513613224,0.3337780966618469,173.36764928537846,31.44771,1,0,1,1.1815
0.2099000439047813,1469.3003073334694,0.3337186554939212,173.36764903024488,2.1002085,0,0,0,-28.166
0.210200048983097,1471.4003428816795,0.3337013476969915,173.36764188283007,31.43126,1,0,1,1.1651
0.210200048983097,1471.4003428816795,0.3337013362314683,173.3676419152636,31.251785,1,0,1,0.9856
0.2104000523686409,1472.8003665804863,0.3336895077571252,173.3676379688816,46.283916,1,0,0,16.0177
0.2109000533819198,1476.300373673439,0.3336565461580057,173.36763766121385,30.99388,1,0,1,0.7277
0.2112000584602356,1478.4004092216492,0.3336373792763058,173.36763575861715,31.346529,1,0,1,1.0803
0.2121000587940216,1484.7004115581512,0.3335797802247699,173.36763034196045,30.877459,1,0,1,0.6113
0.2137000486254692,1495.9003403782845,0.3334774258678373,173.367620627384,30.809738,1,0,1,0.5435
0.2138000503182411,1496.6003522276878,0.3334714016235802,173.36761897102636,36.623936,1,0,0,6.3577
0.2147000655531883,1502.9004588723185,0.3334134744997887,173.3676145191794,31.147684,1,0,1,0.8815
0.2158000692725181,1510.600484907627,0.3333431020465345,173.3676078977192,31.122732,1,0,1,0.8565
0.2160000726580619,1512.000508606434,0.333330313439916,173.36760667759484,31.222641,1,0,1,0.9564
0.2168000414967537,1517.6002904772758,0.3332791301996689,173.36760189374374,31.130337,1,0,1,0.8641
0.2168000414967537,1517.6002904772758,0.3332770660056749,173.3676077121064,-1.0688846,0,0,0,-31.3351
0.2174000516533851,1521.800361573696,0.3332407320842447,173.36759833704812,30.92748,1,0,1,0.6613
0.2182000651955604,1527.4004563689232,0.3331895658741774,173.3675933534222,30.893534,1,0,1,0.6273
0.2192000746726989,1534.4005227088928,0.3331255689500155,173.3675876073942,30.775845,1,0,1,0.5096
0.2194000706076622,1535.8004942536354,0.333112764536778,173.3675864748405,30.664711,1,0,1,0.3985
0.2197000458836555,1537.9003211855888,0.3330935792980599,173.36758471959806,30.81189,1,0,1,0.5457
0.2199000418186187,1539.3002927303314,0.3330807940298156,173.36758353361589,30.99742,1,0,1,0.7312
0.220700055360794,1544.9003875255585,0.3330295964900482,173.36757894561708,30.87062,1,0,1,0.6044
0.2232000455260276,1562.4003186821938,0.3328696438526544,173.36756449717984,30.835863,1,0,1,0.5697
0.2234000414609909,1563.8002902269363,0.3328568365557117,173.36756337100178,30.639309,1,0,1,0.3731
0.2235000431537628,1564.5003020763395,0.3328504613989529,173.36756272640665,30.989698,1,0,1,0.7235
0.2235000431537628,1564.5003020763395,0.3328504418693652,173.3675627816567,30.683989,1,0,1,0.4178
0.2244000509381294,1570.800356566906,0.3327928953750654,173.36755745566802,31.134264,1,0,1,0.8681
0.2246000543236732,1572.2003802657127,0.3327800915632202,173.36755631422074,30.981726,1,0,1,0.7155
0.2275000512599945,1592.5003588199615,0.3325946380278516,173.36753908655226,31.498762,1,0,1,1.2326
0.2278000488877296,1594.6003422141075,0.3325752801008521,173.3675377775488,28.806988,1,0,0,-1.4592
0.2278000488877296,1594.6003422141075,0.332575447586566,173.36753730520957,31.42073,1,0,1,1.1545
0.2286000624299049,1600.2004370093346,0.3325242772940202,173.36753252250577,31.257097,1,0,1,0.9909
0.2291000634431839,1603.7004441022873,0.3324923224880972,173.36752944584052,31.534868,1,0,1,1.2687
0.2294000759720802,1605.8005318045616,0.3324731233971169,173.36752766644005,31.292486,1,0,1,1.0263
0.2310000509023666,1617.0003563165665,0.3323708329539769,173.36751782387145,31.415646,1,0,1,1.1494
0.2310000509023666,1617.0003563165665,0.3323693955693609,173.36752187550303,8.995443,0,0,0,-21.2708
0.2311000525951385,1617.7003681659698,0.3323643950114864,173.36751733048072,30.71824,1,0,1,0.452
0.2315000519156456,1620.5003634095192,0.3323388487452043,173.36751477147035,31.130041,1,0,1,0.8638
0.2319000661373138,1623.300462961197,0.3323132774627113,173.3675122715559,31.152588,1,0,1,0.8864
0.2330000698566436,1631.0004889965055,0.3322429657632432,173.36750532906208,31.264343,1,0,1,0.9981
0.2340000495314598,1638.0003467202189,0.3321790523836362,173.36749893964833,31.373,1,0,1,1.1068
0.2345000505447387,1641.5003538131714,0.3321471147287215,173.36749566497906,31.714483,1,0,1,1.4483
0.2350000590085983,1645.0004130601883,0.3321160797411052,173.36748982895762,46.12526,1,0,0,15.8591
0.235300064086914,1647.1004486083984,0.3320959571653761,173.3674905507526,31.35052,1,0,1,1.0843
0.235300064086914,1647.1004486083984,0.3320959414115509,173.367490595324,31.103907,1,0,1,0.8377
0.2361000701785087,1652.7004912495613,0.3320448132240856,173.36748535519473,31.168829,1,0,1,0.9026
0.2364000752568245,1654.8005267977717,0.3320256314700661,173.36748340269745,31.054604,1,0,1,0.7884
0.2380000501871109,1666.0003513097763,0.3319232096232387,173.36747321178794,30.58927,1,0,1,0.3231
0.2390000596642494,1673.000417649746,0.3318594499065364,173.36746604471745,31.308174,1,0,1,1.042
0.2400000691413879,1680.0004839897156,0.3317956209909583,173.36745899828546,30.999537,1,0,1,0.7333
0.2422000616788864,1695.400431752205,0.3316552093640484,173.3674431994212,30.94159,1,0,1,0.6754
0.2427000626921653,1698.9004388451576,0.3316232693194118,173.36743963709853,30.618889,1,0,1,0.3527
0.2430000752210617,1701.000526547432,0.3316041145802045,173.36743746214466,30.611868,1,0,1,0.3457
0.2435000762343406,1704.500533640385,0.3315722038493025,173.36743378684156,30.849823,1,0,1,0.5836
0.2446000501513481,1712.2003510594368,0.331501607302335,173.36742674845888,25.477314,1,0,0,-4.7889
0.2459000647068023,1721.3004529476166,0.3314189138074813,173.3674162294343,31.208036,1,0,1,0.9418
0.2473000437021255,1731.1003059148788,0.3313276083773757,173.36741112194463,2.9636467,0,0,0,-27.3026
0.2482000514864921,1737.400360405445,0.3312718691760947,173.36739943355235,31.389662,1,0,1,1.1235
0.2491000592708587,1743.7004148960114,0.3312142722487121,173.36739293236224,31.206787,1,0,1,0.9406
0.2502000704407692,1751.4004930853844,0.331143844367576,173.36738501358357,31.016973,1,0,1,0.7508
0.2505000457167625,1753.5003200173378,0.3311246114839554,173.36738291974032,30.644539,1,0,1,0.3783
0.2523000612854957,1766.1004289984703,0.3310092613747556,173.36737010431352,30.268822,1,0,1,0.0026
0.2523000612854957,1766.1004289984703,0.3310092883400221,173.36737002802903,30.690962,1,0,1,0.4248
0.2532000765204429,1772.4005356431007,0.3309515695699387,173.3673636931115,30.449514,1,0,1,0.1833
0.2533000707626343,1773.10049533844,0.3309450243791628,173.3673633608242,28.38249,1,0,0,-1.8837
0.2534000724554062,1773.800507187843,0.3309387583446352,173.3673622400915,30.682161,1,0,1,0.416
0.2538000419735908,1776.600293815136,0.33091309715633,173.3673594441185,30.580025,1,0,1,0.3138
0.2547000497579574,1782.9003483057022,0.3308553534936719,173.36735313955512,30.630634,1,0,1,0.3644
0.2556000649929046,1789.2004549503326,0.3307988053491726,173.36734344548984,49.745354,0,0,0,19.4792
0.2562000602483749,1793.4004217386246,0.3307591045811907,173.3673426214564,31.460222,1,0,1,1.194
0.2563000619411468,1794.100433588028,0.3307526753639558,173.36734195460716,31.357553,1,0,1,1.0914
0.2568000704050064,1797.6004928350449,0.3307205667719178,173.36733851290597,31.501484,1,0,1,1.2353
0.2581000551581383,1806.700386106968,0.3306371823072065,173.36732962321807,30.436377,1,0,1,0.1702
0.2594000622630119,1815.8004358410835,0.330554884790704,173.36731696215267,54.45657,0,0,0,24.1904
0.2607000395655632,1824.9002769589424,0.3304717559236856,173.36730669054185,65.95309,0,0,0,35.6869
0.2621000632643699,1834.7004428505893,0.3303791528503747,173.36730438003798,30.616175,1,0,1,0.35
0.2637000754475593,1845.9005281329155,0.3302759082447815,173.36729459746851,30.571915,1,0,1,0.3057
0.2644000425934791,1850.800298154354,0.3302307674422221,173.36729030609035,30.857601,1,0,1,0.5914
0.2645000517368316,1851.5003621578217,0.3302243190747876,173.3672896930698,30.908615,1,0,1,0.6424
0.2648000568151474,1853.600397706032,0.3302049582965773,173.3672879080945,30.778578,1,0,1,0.5124
0.2652000561356544,1856.4003929495807,0.3301791554202183,173.36728551036342,30.738539,1,0,1,0.4723
0.2658000662922859,1860.6004640460008,0.3301404520303065,173.36728193911242,30.607681,1,0,1,0.3415
0.2662000656127929,1863.4004592895508,0.3301146788998289,173.36727949835586,30.895418,1,0,1,0.6292
0.2674000412225723,1871.8002885580063,0.3300351289960825,173.36727857329112,-3.4651523,0,0,0,-33.7314
0.2679000422358513,1875.300295650959,0.3300051451836663,173.36726932726506,31.325104,1,0,1,1.0589
0.2684000506997108,1878.800354897976,0.3299729418484424,173.36726636514143,31.370459,1,0,1,1.1043
0.2684000506997108,1878.800354897976,0.3299729462154303,173.3672663527898,31.438808,1,0,1,1.1726
0.2688000500202179,1881.6003501415253,0.329947191392134,173.36726398571392,31.48171,1,0,1,1.2155
0.2690000608563423,1883.000425994396,0.3299343082583433,173.36726282423373,31.386858,1,0,1,1.1207
0.2706000730395317,1894.200511276722,0.3298313516953138,173.36725343806373,31.259167,1,0,1,0.993
0.2707000747323036,1894.900523126125,0.3298249194506278,173.36725285614392,31.22933,1,0,1,0.9631
0.2716000527143478,1901.2003690004349,0.3297670560799253,173.36724761593135,30.98627,1,0,1,0.7201
0.2726000621914863,1908.2004353404045,0.329701554264687,173.36724533525535,11.1074505,0,0,0,-19.1587
0.2730000615119934,1911.0004305839536,0.3296771148429226,173.36723950225604,30.379126,1,0,1,0.1129
0.2735000699758529,1914.5004898309708,0.3296450539608966,173.3672365056399,30.688454,1,0,1,0.4223
0.2738000750541687,1916.600525379181,0.3296280294867322,173.36722849126892,65.26876,0,0,0,35.0026
0.2739000767469406,1917.3005372285843,0.3296193889819288,173.36723418091262,30.521349,1,0,1,0.2551
0.2763000652194023,1934.100456535816,0.3294657127761584,173.367219873673,31.146908,1,0,1,0.8807
0.2765000611543655,1935.5004280805588,0.329452901712054,173.3672187352104,30.865566,1,0,1,0.5994
0.277500070631504,1942.5004944205284,0.3293889836132294,173.36721273948646,31.033413,1,0,1,0.7672
0.278200052678585,1947.400368750096,0.3293440643481072,173.36720863479653,31.218498,1,0,1,0.9523
0.2785000503063202,1949.500352144241,0.3293249971671612,173.36720673557096,31.5455,1,0,1,1.2793
0.2789000570774078,1952.3003995418549,0.3292995516812667,173.3672042844878,31.50242,1,0,1,1.2362
0.2799000665545463,1959.3004658818245,0.3292359752140879,173.36719814235911,31.324942,1,0,1,1.0587
0.2808000743389129,1965.6005203723907,0.3291788078470728,173.36719256733025,31.238617,1,0,1,0.9724
0.2812000438570976,1968.400306999684,0.3291534132170099,173.36719008501046,31.168447,1,0,1,0.9022
0.2827000617980957,1978.90043258667,0.329056770346353,173.36718485381138,8.013549,0,0,0,-22.2527
0.283500075340271,1984.500527381897,0.3290049882841378,173.367182800864,-8.623415,0,0,0,-38.8896
0.2837000712752342,1985.90049892664,0.328994879068479,173.36717430076794,31.394276,1,0,1,1.1281
0.2842000722885132,1989.4005060195925,0.3289632020847257,173.3671711033111,31.493874,1,0,1,1.2277
0.2848000451922416,1993.600316345692,0.3289251785962157,173.36716731483452,31.271744,1,0,1,1.0055
0.2848000451922416,1993.600316345692,0.3289235635071161,173.36717186711314,6.079378,0,0,0,-24.1868
0.2851000502705574,1995.7003518939016,0.3289061885934168,173.36716535917787,31.469593,1,0,1,1.2034
0.2851000502705574,1995.7003518939016,0.3289031262388006,173.3671739890534,-16.288387,0,0,0,-46.5546
0.2857000529766083,1999.900370836258,0.3288681978140522,173.36716148426453,31.6041,1,0,1,1.3379
0.2858000546693802,2000.600382685661,0.3288618294615565,173.36716094199738,31.045752,1,0,1,0.7796
0.2862000614404678,2003.4004300832748,0.3288365303663226,173.36715828018296,31.517006,1,0,1,1.2508
0.2862000614404678,2003.4004300832748,0.3288365198413746,173.3671583099571,31.352255,1,0,1,1.0861
0.2879000455141067,2015.300318598748,0.3287277474070104,173.36715051559824,13.503246,0,0,0,-16.763
0.2880000472068786,2016.0003304481504,0.3287225392432303,173.36714670011273,31.012169,1,0,1,0.746
0.2894000560045242,2025.8003920316696,0.3286339164093381,173.36713751341915,31.155008,1,0,1,0.8888
0.2897000610828399,2027.90042757988,0.3286149035931797,173.3671355934341,30.866901,1,0,1,0.6007
0.2909000739455223,2036.300517618656,0.3285389371998092,173.36712761383262,31.206612,1,0,1,0.9404
0.2911000773310661,2037.700541317463,0.328526270818042,173.3671262878092,31.216553,1,0,1,0.9504
0.2914000451564789,2039.800316095352,0.32850727973989,173.36712427516164,31.350601,1,0,1,1.0844
0.2924000546336174,2046.8003824353216,0.3284439291301112,173.36711761619682,31.409529,1,0,1,1.1433
0.2926000505685806,2048.2003539800644,0.3284292694406521,173.36712188147354,0.4276659,0,0,0,-29.8385
0.292800061404705,2049.600429832936,0.3284158022908626,173.3671227776376,-11.915921,0,0,0,-42.1821
0.2931000664830208,2051.700465381145,0.3283995491859887,173.36711299005745,31.162695,1,0,1,0.8965
0.2941000759601593,2058.700531721115,0.3283361586093337,173.36710625770257,31.370964,1,0,1,1.1048
0.2943000718951225,2060.1005032658577,0.3283234744938155,173.36710491444498,31.378725,1,0,1,1.1125
0.2945000752806663,2061.5005269646645,0.328310782617633,173.36710358657672,31.295876,1,0,1,1.0297
0.2951000556349754,2065.700389444828,0.3282726860155808,173.36709963586725,30.836523,1,0,1,0.5703
0.2954000532627105,2067.800372838974,0.3282534477452702,173.3670981749882,27.743088,1,0,0,-2.5231
0.2983000427484512,2088.100299239158,0.3280695097845307,173.36707803518428,30.754295,1,0,1,0.4881
0.3002000674605369,2101.4004722237587,0.3279482796834901,173.3670650788493,30.88002,1,0,1,0.6138
0.3003000617027282,2102.100431919098,0.3279418956169371,173.3670643924991,30.906963,1,0,1,0.6408
0.3021000549197197,2114.700384438038,0.3278268425489241,173.36705215572434,30.698017,1,0,1,0.4318
0.3027000576257705,2118.900403380394,0.3277884442591058,173.3670481050634,30.465328,1,0,1,0.1991
0.3027000576257705,2118.900403380394,0.327788437407572,173.3670481244502,30.358047,1,0,1,0.0918
0.3038000613451004,2126.600429415703,0.3277180654971789,173.36704050029536,31.036634,1,0,1,0.7704
0.3041000738739967,2128.700517117977,0.3276965293779851,173.36704499688372,-5.1681595,0,0,0,-35.4344
0.3046000748872757,2132.20052421093,0.3276667847356533,173.36703513752218,30.53959,1,0,1,0.2734
0.3049000427126884,2134.300298988819,0.3276475875955548,173.36703302111152,30.943813,1,0,1,0.6776
0.3052000477910042,2136.4003345370293,0.327628379482425,173.3670309163364,31.285736,1,0,1,1.0195
0.3054000437259674,2137.800306081772,0.3276155295374595,173.36702963463205,30.844013,1,0,1,0.5778
0.3057000562548637,2139.900393784046,0.3275935501231584,173.36703532217928,-11.93335,0,0,0,-42.1995
0.3058000579476356,2140.6004056334496,0.3275898806520707,173.36702690877158,30.864708,1,0,1,0.5985
0.3066000640392303,2146.2004482746124,0.3275385833106215,173.36702140623618,31.215328,1,0,1,0.9491
0.3066000640392303,2146.2004482746124,0.3275385760807827,173.36702142669282,31.102125,1,0,1,0.8359
0.3069000616669655,2148.3004316687584,0.3275193351938825,173.3670193589339,31.26811,1,0,1,1.0019
0.3069000616669655,2148.3004316687584,0.3275165831208426,173.3670271157969,-11.662073,0,0,0,-41.9283
0.3078000769019127,2154.600538313389,0.3274615659308864,173.36701322900868,31.398369,1,0,1,1.1322
0.307900071144104,2155.300498008728,0.3274526938595368,173.36701946031835,-6.839564,0,0,0,-37.1058
0.3085000440478325,2159.5003083348274,0.327416621180417,173.3670084539872,31.586706,1,0,1,1.3205
0.3092000558972358,2164.400391280651,0.3273716204088428,173.36700378662584,31.221367,1,0,1,0.9552
0.3096000552177429,2167.2003865242004,0.3273449215071567,173.36700387710064,15.772229,0,0,0,-14.494
0.3098000511527061,2168.600358068943,0.3273330555029793,173.36699973714863,31.21698,1,0,1,0.9508
0.3116000741720199,2181.20051920414,0.3272172906830309,173.3669876314484,31.197142,1,0,1,0.9309
0.3121000453829765,2184.700317680836,0.3271851187462872,173.36698428392964,31.175425,1,0,1,0.9092
0.3121000453829765,2184.700317680836,0.3271850871826302,173.36698437173038,30.68927,1,0,1,0.4231
0.3125000521540642,2187.500365078449,0.3271593695105976,173.3669816242738,31.077423,1,0,1,0.8112
0.3129000514745712,2190.3003603219986,0.3271336120021831,173.36697898223906,30.902298,1,0,1,0.6361
0.3130000531673431,2191.000372171402,0.3271271889134725,173.36697827423305,31.124485,1,0,1,0.8583
0.3151000440120697,2205.700308084488,0.3269919356770678,173.36696437685242,30.725363,1,0,1,0.4592
0.3157000541687011,2209.900379180908,0.3269499732341864,173.36696973851215,-20.929535,0,0,0,-51.1957
0.3161000534892082,2212.7003744244576,0.3269271664870806,173.36695874449086,25.29309,1,0,0,-4.9731
0.3164000511169433,2214.8003578186035,0.3269082319943143,173.36695565470063,31.439991,1,0,1,1.1738
0.3164000511169433,2214.8003578186035,0.326908220149192,173.36695568821133,31.254541,1,0,1,0.9883
0.3167000561952591,2216.9003933668137,0.3268888425722623,173.3669538438125,30.520807,1,0,1,0.2546
0.3175000622868538,2222.5004360079765,0.3268373381331634,173.36694845223383,31.24642,1,0,1,0.9802
0.3177000731229782,2223.9005118608475,0.3268243398471936,173.36694704592367,31.144983,1,0,1,0.8788
0.3182000741362571,2227.4005189538,0.3267921656519395,173.36694376203857,31.386091,1,0,1,1.1199
0.3194000571966171,2235.80040037632,0.326714876175938,173.36693609250975,30.933887,1,0,1,0.6677
0.3194000571966171,2235.80040037632,0.326714893594803,173.36693604473427,31.19855,1,0,1,0.9324
0.3197000548243522,2237.900383770466,0.3266955856764691,173.36693408842856,31.330437,1,0,1,1.0642
0.3208000659942627,2245.600461959839,0.3266247651634967,173.3669269896021,31.49602,1,0,1,1.2298
0.3213000744581222,2249.100521206856,0.3265925568517492,173.3669238155084,31.325724,1,0,1,1.0595
0.3218000754714012,2252.6005282998085,0.3265603668362883,173.366920594261,31.443258,1,0,1,1.1771
0.3219000473618507,2253.300331532955,0.3265539349589664,173.3669199384225,31.534962,1,0,1,1.2688
0.3226000517606735,2258.2003623247147,0.3265088267727076,173.3669155541231,31.053665,1,0,1,0.7875
0.3228000551462173,2259.6003860235214,0.3264959747797423,173.36691420036047,31.483923,1,0,1,1.2177
0.3229000568389892,2260.300397872925,0.326489264991882,173.36691432348934,27.272549,1,0,0,-2.9937
0.3232000544667244,2262.4003812670708,0.3264702072551654,173.36691167578533,31.342688,1,0,1,1.0765
0.3249000757932663,2274.300530552864,0.3263607494256133,173.36690081691546,31.595388,1,0,1,1.3292
0.3250000774860382,2275.0005424022675,0.3263542735440328,173.36690028478674,31.026232,1,0,1,0.76
0.3255000412464142,2278.5002887249,0.3263220959776661,173.3668970642513,31.289097,1,0,1,1.0229
0.3262000530958175,2283.400371670723,0.3262778007212806,173.36689042761404,43.45376,1,0,0,13.1876
0.3265000581741333,2285.500407218933,0.3262577272310823,173.36689065819004,31.655706,1,0,1,1.3895
0.3279000744223594,2295.3005209565163,0.3261675228077264,173.36688197110217,30.67514,1,0,1,0.4089
0.3281000778079033,2296.700544655323,0.3261546564076957,173.3668806768272,30.834053,1,0,1,0.5679
0.328900046646595,2302.300326526165,0.326103173794981,173.36687556589757,31.111866,1,0,1,0.8457
0.3302000537514686,2311.4003762602806,0.3260194698779729,173.3668674006005,30.79524,1,0,1,0.529
0.330900065600872,2316.3004592061043,0.3259744342586802,173.3668629189559,31.09189,1,0,1,0.8257
0.3312000632286072,2318.4004426002502,0.3259573837378867,173.36685465943276,66.30047,0,0,0,36.0343
0.3315000757575035,2320.500530302525,0.3259358256999399,173.36685910370088,31.195559,1,0,1,0.9294
0.3328000530600548,2329.6003714203835,0.3258521630351545,173.3668509033729,31.026379,1,0,1,0.7602
0.3329000547528267,2330.300383269787,0.325845723283964,173.36685028551156,30.939543,1,0,1,0.6733
0.3344000652432441,2340.800456702709,0.3257492172217799,173.3668407953518,30.819221,1,0,1,0.553
0.3347000777721405,2342.9005444049835,0.3257299523905559,173.3668388007106,31.317282,1,0,1,1.0511
0.3358000442385673,2350.6003096699715,0.3256591776511474,173.3668319042453,30.794943,1,0,1,0.5287
0.3362000584602356,2353.400409221649,0.3256334975443745,173.3668292430576,31.435799,1,0,1,1.1696
0.3364000543951988,2354.800380766392,0.3256234640196276,173.3668200061825,75.51143,0,0,0,45.2452
0.3364000543951988,2354.800380766392,0.3256211572312376,173.3668265066027,39.533592,1,0,0,9.2674
0.3364000543951988,2354.800380766392,0.3256206361118879,173.36682797601452,31.401072,1,0,1,1.1349
0.3366000577807426,2356.2004044651985,0.3256077805736637,173.36682669206783,31.457073,1,0,1,1.1909
0.3370000645518303,2359.000451862812,0.3255820502340987,173.36682418221892,31.240011,1,0,1,0.9738
0.3373000621795654,2361.100435256958,0.3255627461703818,173.36682232074648,30.95442,1,0,1,0.6882
0.3375000655651092,2362.5004589557648,0.32555236576899,173.36681406853896,69.565636,0,0,0,39.2994
0.3390000462532043,2373.0003237724304,0.3254535341780863,173.36681138216048,31.450825,1,0,1,1.1846
0.3391000479459762,2373.700335621834,0.325447080450054,173.36681079969986,31.099697,1,0,1,0.8335
0.3411000669002533,2387.700468301773,0.325317907843206,173.36679954396595,21.763638,1,0,0,-8.5026
0.3427000418305397,2398.900292813778,0.3252157111273494,173.3667874743377,31.082857,1,0,1,0.8167
0.3428000435233116,2399.6003046631813,0.3252092414990903,173.36678695674706,30.350206,1,0,1,0.084
0.343000054359436,2401.000380516052,0.3251964365566833,173.36678554191604,30.98404,1,0,1,0.7178
0.3436000570654869,2405.2003994584084,0.3251578341352708,173.3667818493416,29.82052,1,0,0,-0.4457
0.3441000655293464,2408.7004587054253,0.325123995200174,173.36678349472558,2.7002332,0,0,3,-27.566
0.3442000672221184,2409.4004705548286,0.3251193486877374,173.3667778481291,30.348007,1,0,1,0.0818
0.3443000614643097,2410.100430250168,0.3251133234821362,173.36677608928474,36.47848,1,0,0,6.2123
0.3452000766992569,2416.4005368947983,0.3250551767492227,173.36677131990558,30.416925,1,0,1,0.1507
0.3452000766992569,2416.4005368947983,0.3250551846864155,173.36677129745811,30.541151,1,0,1,0.275
0.3453000783920288,2417.1005487442017,0.3250487792422521,173.3667706152466,30.708597,1,0,1,0.4424
0.3457000777125358,2419.900543987751,0.3250231156099897,173.36676801366104,30.671017,1,0,1,0.4048
0.3458000421524048,2420.600295066833,0.3250167554499681,173.36676721542676,31.480469,1,0,1,1.2143
0.3465000540018081,2425.500378012657,0.3249696935878786,173.36676875310195,-2.3084311,0,0,0,-32.6712
0.3469000533223152,2428.3003732562065,0.3249461700297967,173.36676015915327,30.806126,1,0,1,0.4433
0.3475000634789467,2432.500444352627,0.3249077224380469,173.366756200188,31.035595,1,0,1,0.6728
0.3475000634789467,2432.500444352627,0.3249077383799875,173.3667561566034,31.277065,1,0,1,0.9143
0.3475000634789467,2432.500444352627,0.3249077114656896,173.366756231219,30.863869,1,0,1,0.5011
0.3481000661849975,2436.700463294983,0.3248692900834798,173.3667522313227,31.314186,1,0,1,0.9514
0.3484000787138939,2438.800550997257,0.3248482203449541,173.3667554781984,2.4975116,0,0,3,-27.8653
0.3488000780344009,2441.6005462408066,0.3248244483253829,173.3667476481272,31.372173,1,0,1,1.0094
0.3489000722765922,2442.300505936146,0.3248180252153748,173.366747045324,31.092701,1,0,1,0.7299
0.3493000417947769,2445.1002925634384,0.3247924141462566,173.36674442033816,31.15872,1,0,1,0.7959
0.3502000570297241,2451.400399208069,0.3247348000772231,173.36673852093443,31.266056,1,0,1,0.9033
0.3502000570297241,2451.400399208069,0.3247347985218917,173.36673852533303,31.241714,1,0,1,0.8789
0.350300058722496,2452.100411057472,0.3247287652143325,173.36673683750038,36.967663,1,0,0,6.6049
0.3518000766634941,2462.6005366444588,0.3246306791625276,173.36673299930013,3.9856193,0,0,3,-26.3772
0.351900078356266,2463.300548493862,0.3246260216556059,173.36672744926753,31.089615,1,0,1,0.7268
0.351900078356266,2463.300548493862,0.3246260350849474,173.36672741128828,31.299795,1,0,1,0.937
0.3522000759840011,2465.400531888008,0.3246042051398302,173.36673290876507,-9.966965,0,0,0,-40.3298
0.3524000719189644,2466.8005034327507,0.3245940579371423,173.36672416328028,31.211185,1,0,1,0.8484
0.3531000539660454,2471.7003777623177,0.324549330923865,173.36671954408078,31.496511,1,0,1,1.1337
0.3538000583648681,2476.600408554077,0.3245045761265303,173.36671504412033,31.135342,1,0,1,0.7725
0.3541000559926033,2478.700391948223,0.3244854385275674,173.3667130115151,31.562134,1,0,1,1.1993
0.3551000729203224,2485.700510442257,0.3244198788072556,173.36671127131393,5.140918,0,0,3,-25.2219
0.3563000485301018,2494.1003397107124,0.3243449045790835,173.3666989020987,30.401382,1,0,1,0.0386
0.3568000569939613,2497.6003989577293,0.3243130423369954,173.3666955409338,31.026691,1,0,1,0.6639
0.3570000529289245,2499.000370502472,0.3243009416822646,173.366692390083,41.27927,1,0,0,10.9165
0.3570000529289245,2499.000370502472,0.3242993230057003,173.36669695140827,16.033443,1,0,0,-14.3294
0.3575000688433647,2502.500481903553,0.3242683877614745,173.3666910095155,30.963015,1,0,1,0.6002
0.3577000647783279,2503.900453448296,0.3242555403640783,173.3666896410355,31.321238,1,0,1,0.9584
0.3579000681638717,2505.3004771471024,0.324242783110196,173.36668839909123,31.024368,1,0,1,0.6616
0.3583000674843788,2508.100472390652,0.3242173254657227,173.36668576702365,31.25901,1,0,1,0.8962
0.359700046479702,2517.900325357914,0.3241281821470109,173.36667678772383,30.881609,1,0,1,0.5188
0.3610000684857368,2527.000479400158,0.3240454870118619,173.3666683551685,31.188507,1,0,1,0.8257
0.361700065433979,2531.900458037853,0.3240009668555443,173.36666384497676,31.2439,1,0,1,0.8811
0.3622000738978386,2535.40051728487,0.3239691610100925,173.36666065702047,31.12304,1,0,1,0.7602
0.3623000755906105,2536.100529134273,0.3239627955516799,173.3666600333863,31.024275,1,0,1,0.6615
0.3631000444293022,2541.7003110051155,0.3239119345418597,173.36665489561344,31.091042,1,0,1,0.7282
0.3634000569581985,2543.80039870739,0.3238928554657609,173.3666529908477,31.009136,1,0,1,0.6463
0.3635000586509704,2544.500410556793,0.3238865132127435,173.36665230805892,31.24868,1,0,1,0.8859
0.3638000562787056,2546.600393950939,0.3238674455595295,173.36665037960043,31.3096,1,0,1,0.9468
0.3642000555992126,2549.4003891944885,0.323841994874016,173.36664789097927,30.94651,1,0,1,0.5837
0.364400066435337,2550.8004650473595,0.3238292516718127,173.36664669765574,30.48811,1,0,1,0.1253
0.364900067448616,2554.300472140312,0.3237975018049724,173.36664342021558,30.987597,1,0,1,0.6248
0.3656000792980194,2559.200555086136,0.3237530100394816,173.36663896308107,31.000729,1,0,1,0.6379
0.3657000735402107,2559.900514781475,0.3237451566356495,173.3666425494224,7.633158,0,0,3,-22.7296
0.3663000464439392,2564.1003251075745,0.3237085125322139,173.36663454507064,30.8471,1,0,1,0.4843
0.3681000620126724,2576.700434088707,0.3235941029826439,173.36662317485636,30.725836,1,0,1,0.363
0.3683000653982162,2578.1004577875137,0.3235798272727159,173.36662631964265,6.3343124,0,0,3,-24.0285
0.3684000670909881,2578.800469636917,0.323575053294061,173.3666212304907,31.010094,1,0,1,0.6473
0.3691000789403915,2583.700552582741,0.323530544119524,173.36661686399978,30.765564,1,0,1,0.4028
0.3701000437140465,2590.7003059983253,0.323467001276369,173.36661051653817,31.109575,1,0,1,0.7468
0.3709000572562217,2596.3004007935524,0.3234161215623707,173.36660555282916,30.822157,1,0,1,0.4594
0.3709000572562217,2596.3004007935524,0.3234145232767295,173.36661005738534,5.890671,0,0,3,-24.4721
0.3715000674128532,2600.5004718899727,0.3233779837591739,173.36660176126176,31.02818,1,0,1,0.6654
0.3741000592708587,2618.700414896012,0.3232126222856221,173.36658551103858,31.31867,1,0,1,0.9559
0.374300055205822,2620.100386440754,0.3231998849722688,173.36658430093695,31.145569,1,0,1,0.7828
0.3748000636696815,2623.600445687771,0.3231668767106771,173.3665845486287,12.612531,1,0,0,-17.7503
0.3754000663757324,2627.800464630127,0.3231300280097192,173.36657704965717,33.550354,1,0,0,3.1876
0.3776000589132309,2643.2004123926163,0.3229897864273461,173.36656386330236,31.364988,1,0,1,1.0022
0.3778000548481941,2644.600383937359,0.3229771443741524,173.36656260354252,31.15409,1,0,1,0.7913
0.3781000673770904,2646.700471639633,0.32295800595128,173.36656076672193,31.178242,1,0,1,0.8154
0.3787000626325607,2650.900438427925,0.3229197178146495,173.36655711435483,31.127272,1,0,1,0.7645
0.3808000534772873,2665.600374341011,0.3227866584975841,173.36654148423807,46.853794,1,0,0,16.491
0.3808000534772873,2665.600374341011,0.3227856446853764,173.36654434190015,31.03774,1,0,1,0.6749
0.3810000568628311,2667.000398039818,0.3227728290200107,173.36654324334012,30.38621,1,0,1,0.0234
0.3810000568628311,2667.000398039818,0.3227700884238884,173.36655096823552,-12.367677,0,0,0,-42.7305
0.3815000653266907,2670.5004572868347,0.3227409197391314,173.36654011914277,30.85322,1,0,1,0.4904
0.3815000653266907,2670.5004572868347,0.3227409420668963,173.36654005597504,31.202785,1,0,1,0.84
0.3816000670194626,2671.200469136238,0.3227345339718281,173.36653950360264,30.895943,1,0,1,0.5331
0.3816000670194626,2671.200469136238,0.322732839787019,173.36654427863022,4.468195,0,0,0,-25.8946
0.3817000687122345,2671.900480985641,0.3227281536748071,173.36653887200043,31.027782,1,0,1,0.665
0.38310007750988,2681.7005425691605,0.322638735374964,173.36653023912172,31.732079,1,0,1,1.3693
0.3845000565052032,2691.5003955364227,0.3225492329171392,173.36652173808076,31.717299,1,0,1,1.3545
0.3847000524401665,2692.9003670811653,0.3225364541882727,173.36652049434582,31.876247,1,0,1,1.5135
0.3850000649690628,2695.00045478344,0.3225159503917059,173.36652238519474,11.322717,0,0,3,-19.0401
0.3856000676751137,2699.200473725796,0.3224789332814797,173.3665149119376,32.502415,1,0,0,2.1396
0.3867000490427017,2706.900343298912,0.322408561549559,173.36650823326386,32.44327,1,0,0,2.0805
0.3867000490427017,2706.900343298912,0.3224070746945504,173.36651242337632,9.253107,0,0,3,-21.1097
0.3876000568270683,2713.2003977894783,0.3223495584998626,173.36650674048354,10.381686,0,0,3,-19.9811
0.3879000544548034,2715.3003811836243,0.3223317528058411,173.3665009873911,32.106503,1,0,0,1.7437
0.3907000571489334,2734.900400042534,0.3221510775890291,173.36648793530327,9.687887,0,0,3,-20.6749
0.3912000581622123,2738.4004071354866,0.3221182578123412,173.3664871390514,-2.8627768,0,0,0,-33.2256
0.392000064253807,2744.000449776649,0.3220692331659331,173.36647601693377,31.51876,1,0,1,1.156
0.3927000761032104,2748.900532722473,0.322024354452243,173.36647185416322,30.738348,1,0,1,0.3756
0.3931000754237175,2751.7005279660225,0.3219987543391831,173.36646934274404,31.00807,1,0,1,0.6453
0.3941000550985336,2758.7003856897354,0.32193469593352,173.36646321059592,30.810116,1,0,1,0.4473
0.3948000594973564,2763.600416481495,0.3218898989344701,173.36645877351123,31.41567,1,0,1,1.0529
0.3958000689744949,2770.6004828214645,0.3218258029642927,173.366452695581,30.755527,1,0,1,0.3927
0.3958000689744949,2770.6004828214645,0.3218245622459731,173.36645619241233,11.402952,0,0,3,-18.9598
0.3971000462770462,2779.7003239393234,0.3217423805767066,173.36644503996052,28.38969,1,0,0,-1.9731
0.3974000588059425,2781.8004116415977,0.3217233185020084,173.3664427312343,30.818562,1,0,1,0.4558
0.3977000564336777,2783.900395035744,0.3217029501928913,173.36644395023015,14.300416,0,0,0,-16.0624
0.3993000760674476,2795.1005324721336,0.3216021265643621,173.36642940121374,38.815483,1,0,0,8.4527
0.3994000777602196,2795.800544321537,0.3215952058415492,173.36643023520898,30.691395,1,0,1,0.3286
0.3997000753879547,2797.900527715683,0.3215760073618536,173.36642833107655,30.69883,1,0,1,0.336
0.4002000764012337,2801.400534808636,0.321543999088123,173.36642518385364,30.547781,1,0,1,0.185
0.4007000476121902,2804.900333285332,0.3215107337681455,173.36642558051634,10.763897,0,0,3,-19.5989
0.4012000560760498,2808.4003925323486,0.3214791219351479,173.36642130524197,16.814531,1,0,0,-13.5483
0.4015000537037849,2810.5003759264946,0.3214608087157097,173.3664168954518,30.644636,1,0,1,0.2818
0.4030000790953636,2821.0005536675453,0.3213635950662284,173.3664107331113,11.781684,0,0,3,-18.5811
0.4031000733375549,2821.7005133628845,0.3213583807052372,173.3664067530862,30.272522,1,0,0,-0.0903
0.4031000733375549,2821.7005133628845,0.3213563807420914,173.36641239056,-0.92656624,0,0,0,-31.2894
0.4032000750303268,2822.400525212288,0.3213519673929861,173.36640615014343,30.072777,1,0,0,-0.29
0.4033000767230987,2823.100537061692,0.3213455913409481,173.36640544158055,30.456942,1,0,1,0.0941
0.4064000770449638,2844.800539314747,0.321147172458922,173.3663855379749,30.743061,1,0,1,0.3803
0.409800074994564,2868.6005249619484,0.3209306383610169,173.36636040887618,49.08598,1,0,0,18.7232
0.4102000743150711,2871.4005202054977,0.3209038590203004,173.36636111359408,30.984024,1,0,1,0.6212
0.4128000661730766,2889.6004632115364,0.3207377715471216,173.36634311396512,38.36835,1,0,0,8.0056
0.4132000803947449,2892.400562763214,0.3207103763152248,173.3663455243553,10.856892,0,0,3,-19.5059
0.4137000739574432,2895.9005177021027,0.3206796532448883,173.36633861069097,31.413431,1,0,1,1.0506
0.4143000468611717,2900.100328028202,0.3206408416230555,173.36633579095877,25.786697,1,0,0,-4.5761
0.4144000485539436,2900.800339877605,0.3206349787812383,173.3663336116524,34.31025,1,0,0,3.9475
0.4164000675082207,2914.8004725575447,0.3205053841277618,173.36632475028173,12.707599,0,0,3,-17.6552
0.4166000783443451,2916.200548410416,0.3204925462177449,173.36632351489774,12.4914465,0,0,3,-17.8713
0.4170000776648521,2919.000543653965,0.3204681257784149,173.36631750575802,31.648668,1,0,1,1.2859
0.4172000735998153,2920.400515198708,0.3204553143419731,173.36631619547794,31.85428,1,0,1,1.4915
0.4174000471830368,2921.8003302812576,0.3204434186769688,173.36631230804073,46.325844,1,0,0,15.963
0.4180000573396683,2926.000401377678,0.3204017301161203,173.36631762551437,-4.59096,0,0,0,-34.9538
0.4190000668168068,2933.000467717648,0.3203399765068807,173.36630447307695,33.35238,1,0,1,2.9896
0.419700063765049,2937.900446355343,0.320294938875821,173.36630035724065,31.772442,1,0,1,1.4096
0.419700063765049,2937.900446355343,0.3202949600356212,173.3663002988764,32.095676,1,0,1,1.7329
0.4199000746011734,2939.300522208214,0.3202820627008658,173.36629920122863,31.21517,1,0,1,0.8524
0.420800045132637,2945.600315928459,0.3202243364714427,173.36629339350668,32.086708,1,0,1,1.7239
0.4209000468254089,2946.3003277778625,0.3202179048278774,173.36629279456236,31.928938,1,0,1,1.5661
0.4216000586748123,2951.200410723686,0.3201717233662276,173.36629187756296,12.710939,0,0,3,-17.6519
0.4216000586748123,2951.200410723686,0.3201718520495179,173.36629151499537,14.717489,0,0,3,-15.6453
0.4234000742435455,2963.8005197048187,0.3200571619600154,173.366277673714,28.937819,1,0,0,-1.425
0.4236000776290893,2965.200543403625,0.320043309536335,173.36627925921363,13.238725,0,0,3,-17.1241
0.4246000573039055,2972.2004011273384,0.3199802233316388,173.36626977931502,31.095585,1,0,1,0.7328
0.4264000654220581,2984.8004579544067,0.3198645759298808,173.36625858321128,30.807869,1,0,1,0.4451
0.4273000806570053,2991.100564599037,0.3198067439423621,173.36625299944168,30.594294,1,0,1,0.2315
0.4275000467896461,2992.500327527523,0.3197938922909178,173.36625176545277,30.51024,1,0,1,0.1474
0.4287000596523285,3000.9004175662994,0.3197168497028262,173.36624412823215,31.284199,1,0,1,0.9214
0.4299000650644302,3009.300455451012,0.3196396959667428,173.3662368058472,30.297344,1,0,0,-0.0655
0.4299000650644302,3009.300455451012,0.3196397208754912,173.36623673537915,30.687277,1,0,1,0.3245
0.4301000759005546,3010.7005313038826,0.3196268455855614,173.36623555943038,30.27367,1,0,0,-0.0891
0.4303000792860985,3012.1005550026894,0.3196128500413173,173.36623754218613,12.378635,0,0,3,-17.9842
0.4306000769138336,3014.200538396836,0.319594741670871,173.3662323860555,30.528145,1,0,1,0.1654
0.4307000786066055,3014.9005502462387,0.3195883362143262,173.36623170785433,30.819025,1,0,1,0.4562
0.4315000548958778,3020.500384271145,0.3195372221119649,173.36622592686643,35.10314,1,0,0,4.7403
0.4318000599741936,3022.600419819355,0.3195176751218428,173.36622482562717,30.800634,1,0,1,0.4378
0.4325000643730163,3027.5004506111145,0.3194727060484613,173.3662204539209,30.721441,1,0,1,0.3586
0.4325000643730163,3027.5004506111145,0.3194726883584288,173.36622050396608,30.444519,1,0,1,0.0817
0.4331000670790672,3031.7004695534706,0.3194330509411933,173.36621983777337,13.309344,0,0,3,-17.0535
0.4332000687718391,3032.400481402874,0.3194277441421018,173.36621606463376,30.718338,1,0,1,0.3555
0.4343000501394272,3040.1003509759903,0.3193571120198032,173.3662091152872,30.95258,1,0,1,0.5898
0.4346000477671623,3042.2003343701363,0.3193378687030975,173.36620716459413,31.311617,1,0,1,0.9488
0.4353000596165657,3047.10041731596,0.319292928996628,173.3662027219488,31.525093,1,0,1,1.1623
0.4362000674009323,3053.400471806526,0.3192351271961189,173.36619708056722,31.363682,1,0,1,1.0009
0.4398000687360763,3078.6004811525345,0.3190031329671186,173.36617689397272,16.933352,1,0,0,-13.4294
0.4399000704288482,3079.300493001938,0.3189976611913117,173.3661736034506,31.620003,1,0,1,1.2572
0.4401000663638115,3080.7004645466805,0.318984826760588,173.36617235511557,31.479843,1,0,1,1.117
0.4419000595808029,3093.3004170656204,0.3188693310141915,173.3661610858693,30.251678,1,0,0,-0.1111
0.4428000673651695,3099.6004715561867,0.3188113669888024,173.3661560632954,26.143099,1,0,0,-4.2197
0.4434000700712204,3103.800490498543,0.3187732116584169,173.366151342883,30.956772,1,0,1,0.594
0.4437000751495361,3105.900526046753,0.3187539543519037,173.3661494888618,30.550154,1,0,1,0.1874
0.4449000507593155,3114.3003553152084,0.3186788355917285,173.36613669494284,58.605267,0,0,0,28.2425
0.445900060236454,3121.300421655178,0.3186154024179489,173.36612837928774,68.90231,0,0,0,38.5395
0.4460000693798065,3122.0004856586456,0.318606536364946,173.36613465619888,30.587778,1,0,1,0.225
0.4473000764846802,3131.100535392761,0.3185232232502665,173.36612623749474,30.594103,1,0,1,0.2313
0.447500079870224,3132.500559091568,0.3185104028255218,173.36612494970444,30.540941,1,0,1,0.1781
0.4481000453233719,3136.700317263603,0.3184719612604431,173.36612103860057,30.62667,1,0,1,0.2639
0.4483000487089157,3138.10034096241,0.3184591339565298,173.3661197697955,30.454813,1,0,1,0.092
0.4484000578522682,3138.800404965877,0.318452733377166,173.36611909694523,30.580097,1,0,1,0.2173
0.4488000571727752,3141.600400209427,0.3184271050320153,173.3661164856929,30.63072,1,0,1,0.2679
0.4489000588655472,3142.3004120588303,0.3184206847343128,173.36611586978125,30.437042,1,0,1,0.0742
0.451600044965744,3161.200314760208,0.3182477398197877,173.3660980910763,31.268404,1,0,1,0.9056
0.4529000669717788,3170.300468802452,0.3181665288410848,173.36608371071313,63.686455,0,0,0,33.3237
0.4534000679850578,3173.800475895405,0.3181324216991174,173.36608627228043,31.34007,1,0,1,0.9773
0.4549000486731529,3184.3003407120705,0.3180363572941821,173.3660763239956,31.7955,1,0,1,1.4327
0.4549000486731529,3184.3003407120705,0.3180352384113402,173.3660794770132,14.346222,0,0,3,-16.0166
0.4552000612020492,3186.400428414345,0.3180171495091562,173.36607431601956,31.972355,1,0,1,1.6096
0.4570000693202019,3199.000485241413,0.3179017964861325,173.3660625786979,31.227434,1,0,1,0.8646
0.4571000710129738,3199.7004970908165,0.3178954057331605,173.36606187617886,31.461103,1,0,1,1.0983
0.4579000771045685,3205.30053973198,0.3178468920294613,173.36604927333062,72.315575,0,0,0,41.9528
0.4579000771045685,3205.30053973198,0.3178425410629542,173.36606153595525,4.4518948,0,0,0,-25.9109
0.4590000584721565,3213.000409305096,0.3177737266814567,173.3660493278499,31.47717,1,0,1,1.1144
0.4594000577926636,3215.800404548645,0.3177480712282118,173.36604667150291,31.430841,1,0,1,1.068
0.4604000672698021,3222.8004708886147,0.3176839642246376,173.3660399502096,31.752802,1,0,1,1.39
0.4608000814914703,3225.6005704402924,0.3176583099640557,173.36603729798557,31.679882,1,0,1,1.3171
0.4628000557422638,3239.6003901958466,0.3175300582545095,173.36602407152603,31.15887,1,0,1,0.7961
0.4631000608205795,3241.7004257440567,0.317510839934743,173.36602204371968,31.331587,1,0,1,0.9688
0.4634000658988952,3243.800461292267,0.3174915899178734,173.36602010950622,30.989641,1,0,1,0.6268
0.4641000777482986,3248.7005442380905,0.3174467508638322,173.3660153931043,31.330896,1,0,1,0.9681
0.4647000804543495,3252.9005631804466,0.3174083111860111,173.36601138898968,31.429209,1,0,1,1.0664
0.4656000584363937,3259.200409054756,0.3173506668573044,173.36600538262908,31.616884,1,0,1,1.2541
0.4660000577569008,3262.000404298305,0.3173249817735182,173.3660029119029,30.616636,1,0,1,0.2538
0.4661000594496727,3262.700416147709,0.3173175375791465,173.36600517684423,14.414672,0,0,3,-15.9481
0.4664000570774078,3264.800399541855,0.3172983510527407,173.36600311558936,14.826451,0,0,3,-15.5363
0.4671000689268112,3269.7004824876785,0.3172545943615417,173.36599547058717,31.50452,1,0,1,1.1417
0.4677000790834427,3273.900553584099,0.3172151172057265,173.36599450167952,14.928471,0,0,3,-15.4343
0.4687000513076782,3280.900359153748,0.3171521462577705,173.36598499289428,31.06152,1,0,1,0.6987
0.4690000563859939,3283.0003947019577,0.3171329852016937,173.36598291243854,31.64575,1,0,1,1.283
0.4692000597715378,3284.4004184007645,0.3171190831008825,173.3659847081374,14.426113,0,0,3,-15.9367
0.469400055706501,3285.800389945507,0.3171073765320276,173.3659803222237,31.42216,1,0,1,1.0594
0.4695000573992729,3286.5004017949104,0.3171009739726154,173.3659796774061,31.353579,1,0,1,0.9908
0.4715000763535499,3300.5005344748497,0.3169719861953846,173.36596959227603,14.648919,0,0,3,-15.7139
0.4723000451922416,3306.100316345692,0.3169219126125813,173.3659613726687,31.260149,1,0,1,0.8974
0.4724000617861748,3306.8004325032234,0.3169155243352431,173.36596070883897,31.328722,1,0,1,0.9659
0.4732000604271889,3312.400422990322,0.3168644013803036,173.36595550152052,31.354115,1,0,1,0.9913
0.4734000712633133,3313.800498843193,0.3168516341104918,173.3659541681627,31.546835,1,0,1,1.184
0.4734000712633133,3313.800498843193,0.3168505194333934,173.36595730908834,14.163675,0,0,3,-16.1991
0.4756000488996506,3329.200342297554,0.3167111177586714,173.3659399703494,31.409275,1,0,1,1.0465
0.4773000702261925,3341.100491583348,0.3166054824614833,173.3659209687717,76.172585,0,0,0,45.8098
0.4773000702261925,3341.100491583348,0.3166015242305761,173.36593212307295,14.439696,1,0,3,-15.9231
0.4781000763177871,3346.70053422451,0.3165538318954753,173.3659169837992,69.34418,0,0,0,38.9814
0.4790000468492508,3353.000327944756,0.3164971146152416,173.3659097810004,77.942,0,0,0,47.5792
0.4793000593781471,3355.10041564703,0.3164738936619575,173.36591954817666,13.484619,1,0,3,-16.8782
0.479400061070919,3355.8004274964333,0.3164680459437851,173.36591747100198,21.515512,1,0,0,-8.8473
0.4796000570058822,3357.200399041176,0.3164559417034006,173.36591447451733,31.173275,1,0,1,0.8105
0.4798000603914261,3358.6004227399826,0.316443195749014,173.36591328638562,30.826738,1,0,1,0.4639
0.4807000681757927,3364.900477230549,0.3163848768893337,173.3659106724679,14.193084,1,0,3,-16.1697
0.4809000715613365,3366.300500929356,0.316375442148895,173.36590016126027,65.46553,0,0,0,35.1027
0.4816000759601593,3371.200531721115,0.3163315028573625,173.36589415022047,74.60695,0,0,0,44.2442
0.481900081038475,3373.3005672693253,0.3163116262250063,173.36589452409504,62.2098,0,0,0,31.847
0.4842000678181648,3389.400474727154,0.3161645451042639,173.36588244707602,50.055645,0,0,0,19.6929
0.4850000813603401,3395.000569522381,0.3161123963897158,173.3658810165416,30.553076,1,0,1,0.1903
0.4855000451207161,3398.5003158450127,0.3160806279113856,173.36587779506866,31.254875,1,0,1,0.8921
0.485600046813488,3399.200327694416,0.3160742353229596,173.36587725792134,30.802635,1,0,1,0.4398
0.4857000485062599,3399.9003395438194,0.3160668623555521,173.3658794832795,15.061959,1,0,3,-15.3008
0.4880000799894333,3416.000559926033,0.3159214529923272,173.3658623936104,30.885588,1,0,1,0.5228
0.4883000776171684,3418.100543320179,0.3159023616192538,173.36586049141386,31.138042,1,0,1,0.7752
0.4886000752449035,3420.200526714325,0.3158832492685146,173.36585864136347,31.100199,1,0,1,0.7374
0.489200048148632,3424.4003370404243,0.3158450283915925,173.36585491173412,31.182116,1,0,1,0.8193
0.4895000606775284,3426.5004247426987,0.315825936853216,173.36585297653446,31.607725,1,0,1,1.2449
0.4898000583052635,3428.6004081368446,0.3158067989659676,173.36585116662684,31.337433,1,0,1,0.9746
0.4903000667691231,3432.100467383861,0.315774900750182,173.36584813352954,30.970758,1,0,1,0.608
0.4905000701546669,3433.5004910826683,0.3157621932777691,173.36584676664654,31.67137,1,0,1,1.3086
0.4907000660896301,3434.900462627411,0.315749378426926,173.36584570079663,30.704643,1,0,1,0.3418
0.4916000813245773,3441.2005692720413,0.3156920066034938,173.3658400103567,31.27643,1,0,1,0.9136
0.4929000586271286,3450.3004103899,0.3156090156147104,173.36583197695495,30.992308,1,0,1,0.6295
0.4931000620126724,3451.700434088707,0.315596253862099,173.3658307046059,31.140411,1,0,1,0.7776
0.494500070810318,3461.500495672226,0.3155068093814987,173.36582197804597,31.1023,1,0,1,0.7395
0.4946000650525093,3462.200455367565,0.3155004167738349,173.36582135683307,31.082474,1,0,1,0.7197
0.4965000599622726,3475.5004197359085,0.3153802121481493,173.3658057471543,51.61433,0,0,0,21.2515
0.4967000558972358,3476.900391280651,0.315366115035355,173.36580814731212,31.381672,1,0,1,1.0189
0.4970000609755516,3479.000426828861,0.3153469342976018,173.36580619640856,31.746862,1,0,1,1.3841
0.4973000660538673,3481.1004623770714,0.3153253550670966,173.36581099394957,-5.2428055,0,0,0,-35.6056
0.4976000711321831,3483.200497925281,0.3153085124504407,173.36580242942026,31.707548,1,0,1,1.3448
0.4995000585913658,3496.5004101395607,0.3151866646669792,173.36579050599667,31.185532,1,0,1,0.8227
0.5035000592470169,3524.5004147291183,0.3149290808399462,173.36576474966165,30.89755,1,0,1,0.5348
0.5043000653386116,3530.100457370281,0.3148764716307602,173.36576258974785,14.232836,0,0,3,-16.13
0.5059000477194786,3541.3003340363503,0.3147730017575582,173.36575334630268,8.162816,0,0,0,-22.2
0.5063000619411469,3544.100433588028,0.3147479452420073,173.3657487534436,19.28132,1,0,0,-11.0815
0.507000058889389,3549.000412225724,0.314703576228209,173.3657422003292,30.53739,1,0,1,0.1746
0.5078000724315643,3554.6005070209503,0.3146520686508081,173.365736992854,30.798302,1,0,1,0.4355
0.5082000717520714,3557.4005022645,0.3146263289017033,173.3657343641376,31.079256,1,0,1,0.7165
0.5082000717520714,3557.4005022645,0.3146232854925028,173.36574294061077,-16.384499,0,0,0,-46.7473
0.5088000819087029,3561.60057336092,0.3145876736051382,173.36573056743114,30.707731,1,0,1,0.3449
0.5089000761508942,3562.300533056259,0.3145812925613114,173.3657297664538,31.57932,1,0,1,1.2165
0.509100079536438,3563.700556755066,0.3145683489121722,173.36572867321544,30.508186,1,0,1,0.1454
0.5097000524401665,3567.9003670811653,0.3145297607679643,173.36572473996054,30.930677,1,0,1,0.5679
0.5107000693678856,3574.900485575199,0.3144656893932997,173.36571756277175,35.13605,1,0,0,4.7733
0.5112000703811646,3578.400492668152,0.3144332341317309,173.36571519809874,30.498316,1,0,1,0.1355
0.512300081551075,3586.100570857525,0.3143625513673039,173.36570807136866,31.030155,1,0,1,0.6674
0.5129000470042229,3590.30032902956,0.3143239631869768,173.36570434959748,30.458092,1,0,1,0.0953
0.5131000578403473,3591.700404882431,0.3143111399644832,173.36570300567442,30.847515,1,0,1,0.4847
0.5134000554680824,3593.800388276577,0.3142918633738302,173.36570111789644,30.73118,1,0,1,0.3684
0.5134000554680824,3593.800388276577,0.3142907967136641,173.3657041246975,14.091113,0,0,3,-16.2717
0.5135000571608543,3594.5004001259804,0.3142854443229536,173.36570047311042,30.780602,1,0,1,0.4178
0.5140000581741333,3598.000407218933,0.3142533669908967,173.3656972225591,31.192995,1,0,1,0.8302
0.5166000500321388,3616.200350224972,0.3140865947042557,173.36568083088437,31.003689,1,0,1,0.6409
0.5175000727176666,3622.5005090236655,0.3140289870336413,173.3656750557467,31.700615,1,0,1,1.3378
0.5182000696659088,3627.4004876613617,0.3139826734919476,173.36567399050944,12.933456,0,0,3,-17.4293
0.518400065600872,3628.800459206104,0.3139711088162558,173.3656694406959,31.280779,1,0,1,0.918
0.5198000520467758,3638.600364327431,0.3138819528562321,173.36566086349512,31.065165,1,0,1,0.7024
0.5202000588178635,3641.400411725044,0.3138565224067813,173.36565833821564,31.460018,1,0,1,1.0972
0.5207000598311424,3644.900418817997,0.3138235635589156,173.36565850922057,13.564091,0,0,3,-16.7987
0.521600067615509,3651.2004733085632,0.3137657335242798,173.36565466627258,4.389551,0,0,0,-25.9732
0.523200049996376,3662.400349974632,0.3136657945122515,173.36563991552688,32.093117,1,0,0,1.7303
0.5238000601530075,3666.600421071053,0.3136290303526205,173.36563241104722,53.453625,0,0,0,23.0908
0.5251000672578812,3675.700470805168,0.313545039803837,173.36562841106942,31.969074,1,0,0,1.6063
0.5255000814795494,3678.500570356846,0.3135184385650302,173.36562932044075,13.533023,0,0,3,-16.8298
0.5258000791072845,3680.600553750992,0.3135005462654718,173.3656242020049,31.810734,1,0,0,1.4479
0.5266000479459763,3686.200335621834,0.3134496881138209,173.36561941904722,31.502481,1,0,1,1.1397
0.5266000479459763,3686.200335621834,0.3134497100632077,173.36561935694982,31.846085,1,0,0,1.4833
0.5268000587821007,3687.6004114747047,0.3134343233513543,173.36562568720274,-9.877264,0,0,0,-40.2401
0.5273000597953796,3691.1004185676575,0.3134051990966906,173.3656151809299,31.538918,1,0,1,1.1761
0.5283000692725182,3698.100484907627,0.3133416001482219,173.36560921501646,31.112646,1,0,1,0.7499
0.5283000692725182,3698.100484907627,0.3133396797629601,173.36561462717927,1.1619678,0,0,0,-29.2008
0.5296000763773918,3707.200534641743,0.3132589218470833,173.36560136685262,31.066002,1,0,1,0.7032
0.5296000763773918,3707.200534641743,0.3132588960359344,173.3656014383783,30.66996,1,0,1,0.3072
0.5296000763773918,3707.200534641743,0.3132571807501708,173.36560627339213,3.913482,0,0,0,-26.4493
0.5298000499606133,3708.6003497242928,0.3132462092629308,173.36560013263747,31.205597,1,0,1,0.8428
0.5327000766992569,3728.9005368947983,0.313061521188878,173.36558269608554,30.490404,1,0,1,0.1276
0.5331000462174416,3731.700323522091,0.313036036655948,173.36558024570226,30.604548,1,0,1,0.2418
0.533700056374073,3735.900394618511,0.312997785981072,173.36557658479998,30.6686,1,0,1,0.3058
0.5341000631451607,3738.7004420161247,0.3129722667187231,173.3655741679607,30.5623,1,0,1,0.1995
0.5363000780344009,3754.100546240807,0.3128307833152196,173.36556360512165,14.575567,0,0,3,-15.7872
0.5368000492453575,3757.600344717503,0.3127998671527457,173.3655576040139,30.787113,1,0,1,0.4243
0.5373000577092171,3761.10040396452,0.3127678709914253,173.36555459757128,30.392311,1,0,1,0.0295
0.5375000610947609,3762.5004276633263,0.3127550986576369,173.36555330866284,30.702332,1,0,1,0.3395
0.5379000604152679,3765.300422906876,0.3127273021597314,173.36555823899792,-10.500637,0,0,0,-40.8634
0.5381000712513924,3766.7004987597466,0.3127160062719601,173.36555258869544,13.965035,0,0,3,-16.3978
0.5383000671863556,3768.100470304489,0.3127042188723837,173.36554831881125,30.786293,1,0,1,0.4235
0.5384000688791275,3768.800482153893,0.3126977993524365,173.36554766312446,31.008736,1,0,1,0.6459
0.5397000759840012,3777.900531888008,0.312614079666149,173.36553974200336,30.418253,1,0,1,0.0555
0.541000060737133,3787.000425159931,0.3125324130231564,173.3655257824098,62.94733,0,0,0,32.5845
0.5415000692009926,3790.500484406948,0.3124980706330448,173.365528616734,29.977116,1,0,0,-0.3857
0.5419000685214996,3793.3004796504974,0.3124723131322818,173.36552602588753,30.44991,1,0,1,0.0871
0.5419000685214996,3793.3004796504974,0.3124712973321439,173.36552888956058,14.60328,0,0,3,-15.7595
0.5429000779986382,3800.300545990467,0.3124079025367547,173.36551952274215,31.631325,1,0,0,1.2685
0.5436000525951385,3805.20036816597,0.312362775201351,173.36551503489784,31.975975,1,0,0,1.6132
0.5441000610589981,3808.7004274129854,0.3123305226252001,173.3655118551662,32.011925,1,0,0,1.6491
0.5454000681638718,3817.8004771471024,0.3122452117907144,173.3655076237105,9.507175,0,0,0,-20.8556
0.5457000732421875,3819.900512695313,0.3122240914598608,173.36551067551133,-18.033148,0,0,0,-48.3959
0.5479000583291054,3835.3004083037376,0.312086576663697,173.36548407632657,50.386253,1,0,0,20.0235
0.5507000610232353,3854.9004271626472,0.3119038795679807,173.36547200946487,15.224128,1,0,3,-15.1387
0.5516000613570213,3861.200429499149,0.3118469599454098,173.365463143111,31.128567,1,0,1,0.7658
0.5523000732064247,3866.100512444973,0.3118009001664933,173.36546133470483,15.216272,1,0,3,-15.1465
0.5525000691413879,3867.500483989716,0.3117890673000767,173.36545708874107,31.286995,1,0,0,0.9242
0.5526000782847404,3868.200547993183,0.3117829090121332,173.36545564485218,35.56035,1,0,0,5.1976
0.5528000816702843,3869.60057169199,0.3117697862951503,173.3654550390052,31.474049,1,0,0,1.1113
0.5539000481367111,3877.300336956978,0.3116990658492785,173.36544768670728,31.091902,1,0,1,0.7291
0.5542000606656075,3879.400424659252,0.3116797980576409,173.36544564684758,31.134686,1,0,1,0.7719
0.5562000796198845,3893.400557339192,0.3115516089144605,173.36543161729654,33.35251,1,0,0,2.9897
0.5563000813126564,3894.100569188595,0.3115450162511126,173.3654314469456,30.504797,1,0,1,0.142
0.5568000823259354,3897.600576281548,0.3115119769866242,173.36543083044666,14.938412,1,0,3,-15.4244
0.5573000609874725,3901.100426912308,0.3114791713567975,173.36542959744727,2.7430508,0,0,0,-27.6197
0.5576000586152077,3903.2004103064537,0.3114617628257764,173.3654224615134,30.801485,1,0,1,0.4387
0.5580000579357147,3906.000405550003,0.3114357427574366,173.36541992895886,30.762772,1,0,1,0.4
0.5582000613212585,3907.40042924881,0.3114243039701867,173.36541487597324,50.889786,1,0,0,20.527
0.5591000691056252,3913.700483739376,0.311365779824532,173.36541208230634,31.025145,1,0,1,0.6624
0.559300072491169,3915.100507438183,0.3113498430340369,173.3654197398731,-19.213232,0,0,0,-49.576
0.5610000565648079,3927.0003959536552,0.3112451168928912,173.3653984240963,31.800188,1,0,1,1.4374
0.5622000694274902,3935.400485992432,0.3111713579126964,173.36538311576072,69.20345,0,0,0,38.8407
0.5636000782251358,3945.200547575951,0.3110801597973985,173.36537994323967,31.606485,1,0,1,1.2437
0.5640000477433205,3948.0003342032433,0.3110548320745209,173.36537701803135,32.061073,1,0,1,1.6983
0.5641000494360924,3948.700346052647,0.3110484783128795,173.36537634858084,31.834314,1,0,1,1.4715
0.5660000666975975,3962.000466883183,0.3109279915234428,173.36536308009707,30.789043,1,0,1,0.4262
0.5668000802397728,3967.6005616784096,0.3108773794446921,173.3653572051775,32.10785,1,0,1,1.7451
0.5675000473856926,3972.500331699848,0.3108314752038627,173.36535664792785,7.997906,1,0,0,-22.3649
0.5685000568628311,3979.500398039818,0.3107684875459473,173.36534855286,14.132164,1,0,3,-16.2306
0.5693000704050064,3985.100492835045,0.3107183529247775,173.36534135399518,23.213402,1,0,0,-7.1494
0.5697000697255135,3987.900488078594,0.3106934959251567,173.36533715948383,31.110376,1,0,1,0.7476
0.5700000822544098,3990.000575780869,0.3106750458038092,173.36533346666155,40.088554,1,0,0,9.7258
0.5706000477075577,3994.200333952904,0.3106364191738912,173.36533095112588,31.170732,1,0,1,0.8079
0.5708000510931015,3995.600357651712,0.3106226246336436,173.36533269880383,13.908078,1,0,3,-16.4547
0.5711000636219978,3997.700445353985,0.3106046909928782,173.36532753893408,31.10157,1,0,1,0.7388
0.5716000571846962,4001.2004002928734,0.3105729622621189,173.36532412199432,31.136166,1,0,1,0.7734
0.57180006057024,4002.60042399168,0.3105602499847221,173.36532280972693,30.87015,1,0,1,0.5074
0.5724000707268715,4006.800495088101,0.3105211203889986,173.3653216586673,14.731771,1,0,3,-15.631
0.5744000524282455,4020.800366997719,0.3103950650482883,173.36530532822695,30.959583,1,0,1,0.5968
0.57460006326437,4022.2004428505898,0.3103823801116729,173.3653039015519,31.516615,1,0,1,1.1538
0.5747000575065613,4022.900402545929,0.3103749095167438,173.3653063681777,14.2010975,0,0,3,-16.1617
0.5784000605344772,4048.8004237413406,0.3101405028126425,173.3652790438108,31.14889,1,0,1,0.7861
0.5789000615477562,4052.300430834293,0.3101084136431034,173.36527603947408,30.92765,1,0,1,0.5649
0.5796000733971596,4057.200513780117,0.3100634947856235,173.3652717723956,31.09203,1,0,1,0.7292
0.5807000771164894,4064.900539815426,0.3099928185787546,173.36526523045762,30.73825,1,0,1,0.3755
0.5808000490069389,4065.600343048573,0.3099864260291172,173.36526454376724,31.232111,1,0,1,0.8693
0.5810000523924828,4067.0003667473793,0.3099735338946107,173.36526345958936,30.62493,1,0,1,0.2621
0.5816000625491142,4071.2004378438,0.3099349711735469,173.3652598665263,30.744541,1,0,1,0.3817
0.5821000635623932,4074.700444936752,0.309902822446171,173.3652568905452,30.80335,1,0,1,0.4406
0.5827000737190247,4078.9005160331726,0.3098660873470429,173.36524809925373,59.8279,0,0,0,29.4651
0.5836000815033913,4085.200570523739,0.3098038296100681,173.36525504387905,-7.9421573,0,0,0,-38.305
0.5836000815033913,4085.200570523739,0.3098048021009436,173.36525230279872,7.228078,0,0,0,-23.1347
0.5838000774383545,4086.6005420684814,0.3097941675381958,173.36524481834317,42.14642,1,0,0,11.7836
0.5857000574469566,4099.900402128696,0.3096711018792069,173.365235762854,30.664558,1,0,1,0.3018
0.5861000716686249,4102.700501680374,0.3096453401869971,173.36523342516043,30.659582,1,0,1,0.2968
0.5870000794529915,4109.00055617094,0.3095873663392656,173.36522818845577,30.527096,1,0,1,0.1643
0.5874000787734985,4111.80055141449,0.3095616065769204,173.36522584118302,30.57446,1,0,1,0.2117
0.5881000533699989,4116.7003735899925,0.3095181126102913,173.3652172676884,55.356686,0,0,0,24.9939
0.5883000642061234,4118.100449442864,0.3095036641976564,173.36522051352534,30.911316,1,0,1,0.5485
0.5887000635266304,4120.900444686413,0.309476854718676,173.36522112698117,14.543965,0,0,3,-15.8188
0.5890000611543655,4123.000428080559,0.3094602788397577,173.36521163430427,57.34011,0,0,0,26.9773
0.58920007199049,4124.40050393343,0.3094434529560371,173.36522158346597,-4.2186737,0,0,0,-34.5815
0.5899000689387321,4129.300482571125,0.3094006165635631,173.36521116847965,30.64249,1,0,1,0.2797
0.5917000621557236,4141.900435090065,0.3092847732532715,173.36520050127876,30.77188,1,0,1,0.4091
0.5918000638484955,4142.600446939468,0.3092783594142947,173.3651998501767,31.085676,1,0,1,0.7229
0.5920000597834587,4144.000418484211,0.3092655076987487,173.36519861882263,31.315449,1,0,1,0.9527
0.5942000821232796,4159.400574862957,0.3091229516567059,173.36518855745527,13.969893,0,0,3,-16.3929
0.5950000584125519,4165.000408887863,0.3090726728632456,173.36518058501855,31.232899,1,0,1,0.8701
0.5954000577330589,4167.8004041314125,0.3090469932370604,173.3651781378668,31.280064,1,0,1,0.9173
0.5959000587463379,4171.300411224365,0.3090148782923416,173.36517513995554,30.936222,1,0,1,0.5734
0.5972000807523727,4180.400565266609,0.3089321655276734,173.3651652229673,41.434822,1,0,0,11.072
0.5972000807523727,4180.400565266609,0.3089315100271297,173.36516707001743,31.213095,1,0,1,0.8503
0.5974000841379166,4181.800588965416,0.3089186835640146,173.36516584327543,31.12735,1,0,1,0.7646
0.5977000817656517,4183.900572359562,0.3088990981109342,173.36516439644336,31.054417,1,0,1,0.6916
0.5980000495910645,4186.000347137451,0.3088799444102032,173.36516245091636,31.01735,1,0,1,0.6546
0.598500058054924,4189.500406384468,0.308847800421464,173.3651598395689,27.39606,1,0,0,-2.9667
0.599000059068203,4193.000413477421,0.3088163007351742,173.3651554340495,33.625725,1,0,0,3.2629
0.6000000685453415,4200.00047981739,0.3087531593554364,173.3651470905678,43.277462,1,0,0,12.9147
0.6008000820875168,4205.6005746126175,0.3087013827290656,173.3651440348445,30.774218,1,0,1,0.4114
0.6009000837802887,4206.300586462021,0.3086950321688826,173.36514331379206,31.076376,1,0,1,0.7136
0.6011000797152519,4207.700558006764,0.3086812122995391,173.36514503012603,14.19509,0,0,3,-16.1677
0.6024000644683838,4216.800451278687,0.3085995232005184,173.36513330464334,30.872425,1,0,1,0.5096
0.6029000729322433,4220.300510525703,0.3085677044473386,173.36512995026138,30.800478,1,0,1,0.4377
0.604200080037117,4229.400560259819,0.3084850489184848,173.36512109660575,31.148441,1,0,1,0.7856
0.6049000546336174,4234.300382435322,0.3084405567482906,173.36511633128157,31.227972,1,0,1,0.8652
0.605400063097477,4237.800441682339,0.3084087758993907,173.36511293858166,31.189354,1,0,1,0.8266
0.6060000583529472,4242.000408470631,0.3083706693061943,173.36510879812707,31.497408,1,0,1,1.1346
0.6065000742673874,4245.500519871712,0.3083389244401248,173.36510532573104,31.856451,1,0,1,1.4937
0.6073000803589821,4251.100562512875,0.3082869624553297,173.36510308653172,14.052383,0,0,3,-16.3788
0.607400082051754,4251.800574362278,0.3082817279357138,173.36509925254035,31.4942,1,0,1,1.063
0.6077000796794891,4253.900557756424,0.3082625534221438,173.36509754271225,29.62858,1,0,0,-0.8026
0.6091000586748123,4263.700410723686,0.3081721564859004,173.36509216162187,6.5499377,0,0,0,-23.8812
0.6095000579953194,4266.500405967236,0.308148341741045,173.36508495298014,31.352253,1,0,1,0.9211
0.6097000688314438,4267.9004818201065,0.3081356049179502,173.36508368557256,30.823292,1,0,1,0.3921
0.6098000705242157,4268.60049366951,0.3081293004836514,173.36508287158588,31.557472,1,0,1,1.1263
0.6102000698447227,4271.400488913059,0.3081031634497304,173.36508221080945,20.139414,1,0,0,-10.2917
0.6112000793218613,4278.400555253029,0.3080421407305924,173.3650683764998,59.073925,0,0,0,28.6428
0.6115000545978546,4280.500382184982,0.3080213109235429,173.36507134107097,31.39938,1,0,1,0.9682
0.6127000600099564,4288.900420069695,0.3079449970663972,173.36506342102098,30.27314,1,0,0,-0.158
0.6133000701665878,4293.100491166115,0.3079057679184128,173.3650624694174,13.1404,0,0,3,-17.2908
0.613600067794323,4295.200474560261,0.3078878317477665,173.3650572598608,30.795206,1,0,1,0.364
0.6166000738739967,4316.200517117977,0.3076978380732166,173.3650349369042,43.56259,1,0,0,13.1314
0.616700068116188,4316.900476813316,0.3076906170156831,173.36503668977275,30.20406,1,0,0,-0.2271
0.6175000816583633,4322.500571608543,0.3076397076239366,173.36503134337073,30.621443,1,0,1,0.1903
0.6189000606536865,4332.300424575806,0.307550717667767,173.3650216704897,33.205853,1,0,0,2.7747
0.6211000829935074,4347.700580954552,0.3074099804760564,173.3650082558728,30.854218,1,0,1,0.4231
0.6214000806212425,4349.800564348698,0.3073896973749294,173.36500947875703,13.733373,0,0,3,-16.6978
0.6215000823140144,4350.500576198101,0.3073871284056768,173.36499806611704,73.44945,0,0,0,43.0183
0.6223000586032867,4356.100410223007,0.3073331871052154,173.3650008805023,30.385418,1,0,0,-0.0457
0.6224000602960587,4356.800422072411,0.3073257097187991,173.36500329892334,13.574732,0,0,3,-16.8564
0.6227000579237938,4358.900405466557,0.3073075848083776,173.36499841036718,30.364866,1,0,0,-0.0663
0.6230000630021095,4361.000441014767,0.3072883757341138,173.36499656989477,30.304512,1,0,0,-0.1267
0.6235000714659691,4364.500500261784,0.3072563664222711,173.3649934714226,30.416832,1,0,1,-0.0143
0.623600073158741,4365.200512111187,0.3072489469236694,173.36499571880586,14.57793,0,0,3,-15.8532
0.6247000843286514,4372.90059030056,0.3071786503032582,173.3649884822416,17.341717,1,0,0,-13.0894
0.6258000582456589,4380.600407719612,0.3071089834327088,173.3649793895264,30.592577,1,0,1,0.1614
0.6263000592589378,4384.100414812565,0.307076909608841,173.3649763729291,30.499743,1,0,1,0.0686
0.6266000717878342,4386.200502514839,0.307056551138971,173.36497769302582,13.138332,0,0,3,-17.2928
0.6270000711083412,4389.0004977583885,0.3070320268614026,173.3649720591092,30.930347,1,0,1,0.4992
0.6278000846505165,4394.600592553616,0.3069806974154649,173.36496718478668,31.19043,1,0,1,0.7593
0.6292000636458397,4404.400445520878,0.3068908014420702,173.36495875096784,31.277206,1,0,1,0.846
0.6302000731229782,4411.400511860848,0.3068265754725643,173.36495268093796,31.6895,1,0,1,1.2583
0.6310000717639923,4417.000502347946,0.3067730928362041,173.3649537050889,-0.48189557,0,0,0,-30.9131
0.63140007853508,4419.80054974556,0.3067494546414561,173.36494545029987,31.958471,1,0,1,1.5273
0.6318000853061676,4422.600597143173,0.306723711183707,173.36494312174727,31.606379,1,0,1,1.1752
0.6327000632882118,4428.900443017483,0.3066653105603854,173.3649392002735,23.529905,1,0,0,-6.9013
0.6337000727653503,4435.900509357452,0.3066015346244096,173.36493163787117,32.28709,1,0,1,1.8559
0.6337000727653503,4435.900509357452,0.3066015396733544,173.36493162358363,32.36615,1,0,1,1.935
0.6344000697135925,4440.800487995148,0.3065552473988295,173.3649309456317,12.936945,0,0,3,-17.4942
0.6363000646233559,4454.100452363491,0.3064341930429345,173.36491601084902,32.534603,1,0,1,2.1034
0.636600062251091,4456.200435757637,0.3064148767332654,173.36491420633345,32.540504,1,0,1,2.1093
0.6380000784993172,4466.00054949522,0.3063247004258075,173.36490578291517,32.544395,1,0,1,2.1132
0.638600081205368,4470.200568437576,0.3062860684480583,173.36490213321022,32.61907,1,0,1,2.1879
0.6387000530958176,4470.900371670723,0.3062796011756463,173.36490160817655,32.167027,1,0,1,1.7359
0.6389000490307808,4472.300343215466,0.306266735198522,173.36490035743662,32.36835,1,0,1,1.9372
0.6391000524163246,4473.700366914272,0.3062543657927548,173.3648977014012,40.340405,1,0,0,9.9092
0.6407000720500946,4484.900504350662,0.306150799713635,173.364889400231,32.255863,1,0,1,1.8247
0.6409000754356384,4486.300528049469,0.3061378784925833,173.36488828478872,31.647017,1,0,1,1.2159
0.641400083899498,4489.800587296486,0.306104267200504,173.36488918003658,9.709511,0,0,0,-20.7217
0.641900084912777,4493.300594389439,0.3060722984675246,173.36488543740504,13.394077,0,0,3,-17.0371
0.6421000510454178,4494.7003573179245,0.3060594102735843,173.36488422811124,13.263998,0,0,3,-17.1672
0.6436000615358353,4505.200430750847,0.3059628023163545,173.36487491396795,13.390213,0,0,3,-17.041
0.6442000716924667,4509.400501847267,0.3059244459112425,173.3648703587807,17.906254,1,0,0,-12.5249
0.6445000693202019,4511.500485241413,0.3059059565648006,173.3648661370118,30.8956,1,0,1,0.4644
0.6462000608444214,4523.40042591095,0.3057974237360926,173.36485276513068,45.749107,1,0,0,15.3179
0.6468000635504723,4527.600444853306,0.3057585267749616,173.3648496941465,41.717754,1,0,0,11.2866
0.6469000652432442,4528.300456702709,0.3057487772527846,173.36485839016993,-9.916687,0,0,0,-40.3479
0.647100068628788,4529.700480401516,0.3057384578365958,173.3648499030557,30.018341,1,0,0,-0.4128
0.647100068628788,4529.700480401516,0.3057385016182831,173.3648497806802,30.695738,1,0,1,0.2646
0.6473000720143318,4531.100504100323,0.3057256237349189,173.36484850622807,30.708397,1,0,1,0.2772
0.6474000737071037,4531.800515949726,0.3057192173926952,173.3648477764653,31.223368,1,0,1,0.7922
0.647600069642067,4533.200487494469,0.3057062963137971,173.3648466242799,30.546186,1,0,1,0.115
0.6484000831842422,4538.800582289696,0.3056547821060104,173.36484152196547,30.476828,1,0,1,0.0457
0.6486000791192055,4540.200553834438,0.305641925350101,173.36484018440711,30.779934,1,0,1,0.3488
0.6488000825047493,4541.600577533245,0.3056290448863666,173.36483891188382,30.713799,1,0,1,0.2826
0.6490000486373901,4543.000340461731,0.3056150507128714,173.36484078483934,13.233212,0,0,3,-17.198
0.649100050330162,4543.700352311134,0.305609727264317,173.3648370002837,30.614378,1,0,1,0.1832
0.6494000554084778,4545.8003878593445,0.3055904164130923,173.36483506120052,30.645157,1,0,1,0.214
0.6494000554084778,4545.8003878593445,0.3055904084503127,173.36483508372993,30.520496,1,0,1,0.0893
0.6496000587940216,4547.200411558151,0.3055775317792991,173.36483379816283,30.490017,1,0,1,0.0589
0.6502000615000725,4551.400430500507,0.3055389229728403,173.36482987985346,30.685062,1,0,1,0.2539
0.6506000757217407,4554.200530052185,0.3055123724894047,173.36482954914726,18.143612,1,0,0,-12.2876
0.6510000750422478,4557.000525295734,0.3054874070783431,173.36482475326494,30.27648,1,0,0,-0.1547
0.6516000851988792,4561.200596392155,0.3054509169098741,173.3648148520347,63.39032,0,0,0,32.9592
0.6522000804543495,4565.400563180447,0.3054102514366797,173.36481672207788,31.284046,1,0,1,0.8529
0.6528000608086586,4569.60042566061,0.3053738189245187,173.36480666057082,65.12759,0,0,0,34.6964
0.6541000753641129,4578.70052754879,0.3052880328233565,173.36480415228542,31.43188,1,0,1,1.0007
0.6541000753641129,4578.70052754879,0.3052880406140551,173.36480413024427,31.553839,1,0,1,1.1227
0.6546000689268112,4582.200482487679,0.3052558716784632,173.3648008402202,31.369558,1,0,1,0.9384
0.6546000689268112,4582.200482487679,0.3052558572847312,173.3648008809421,31.144234,1,0,1,0.7131
0.6551000848412514,4585.70059388876,0.3052237162184456,173.3647975083298,31.366343,1,0,1,0.9352
0.6552000790834427,4586.400553584099,0.3052160888369253,173.36480021616214,12.687697,0,0,3,-17.7435
0.6559000536799431,4591.300375759602,0.3051722781680252,173.36479215964872,31.360863,1,0,1,0.9297
0.656000055372715,4592.000387609005,0.3051658379503419,173.36479151961183,31.193567,1,0,1,0.7624
0.6562000513076782,4593.400359153748,0.3051529936311908,173.364790139387,31.407974,1,0,1,0.9768
0.6571000590920448,4599.700413644314,0.3050939357620442,173.36478747518413,12.656414,0,0,3,-17.7747
0.6577000692486763,4603.900484740734,0.3050552214253788,173.36478371564823,11.856399,0,0,3,-18.5748
0.6579000726342201,4605.300508439541,0.3050436386883039,173.36477879871973,31.48027,1,0,1,1.0491
0.658000074326992,4606.000520288944,0.305037234034926,173.36477806866935,31.724808,1,0,1,1.2936
0.6588000804185867,4611.600562930107,0.304985894120902,173.36477252437163,31.989407,1,0,1,1.5582
0.6591000556945801,4613.700389862061,0.304965376730027,173.36477401736244,12.298871,0,0,3,-18.1323
0.6592000499367714,4614.4003495574,0.3049601977306599,173.36476983636527,31.624535,1,0,1,1.1934
0.6593000516295433,4615.100361406803,0.3049537673173396,173.36476918079737,31.438906,1,0,1,1.0077
0.6596000641584396,4617.200449109077,0.3049327989642027,173.3647719399414,4.7217298,0,0,0,-25.7094
0.6597000658512115,4617.900460958481,0.3049281050941337,173.36476639031525,31.615213,1,0,1,1.184
0.6602000594139099,4621.400415897369,0.3048947298292853,173.36476656681708,11.532402,0,0,3,-18.8988
0.6611000746488571,4627.700522542,0.3048382445203457,173.36475676989633,31.300346,1,0,1,0.8692
0.6613000705838203,4629.100494086742,0.3048254307754317,173.36475533247142,31.591911,1,0,1,1.1607
0.6618000790476799,4632.600553333759,0.3047933246508998,173.36475194092256,31.191954,1,0,1,0.7608
0.6623000800609589,4636.100560426712,0.3047612495432059,173.3647484672087,31.235088,1,0,1,0.8039
0.6625000536441803,4637.500375509262,0.3047484332718647,173.36474704497033,31.432112,1,0,1,1.0009
0.6640000715851784,4648.000501096249,0.3046522021219813,173.36473666839177,31.277517,1,0,1,0.8464
0.6642000749707222,4649.400524795055,0.3046393748014397,173.36473527788246,31.296139,1,0,1,0.865
0.6645000725984573,4651.500508189201,0.3046201204539431,173.36473323250925,31.102634,1,0,1,0.6715
0.6650000736117363,4655.000515282154,0.3045868613650372,173.36473312050788,12.540609,0,0,3,-17.8906
0.6666000634431839,4666.200444102287,0.304485423401294,173.36471873200108,30.881914,1,0,1,0.4508
0.6667000651359558,4666.900455951691,0.304476723120391,173.36472448639387,-4.7884254,0,0,0,-35.2196
0.6668000593781471,4667.60041564703,0.3044726237408922,173.36471727575423,31.294147,1,0,1,0.863
0.6682000756263733,4677.400529384613,0.3043815902846247,173.36471114920164,11.788622,0,0,3,-18.6425
0.6683000698685646,4678.100489079952,0.3043763937823288,173.36470703537768,30.7502,1,0,1,0.319
0.6684000790119171,4678.80055308342,0.3043700060323223,173.36470627517696,31.152374,1,0,1,0.7212
0.6687000840902328,4680.90058863163,0.3043506355615021,173.36470458509285,29.10011,1,0,0,-1.3311
0.6688000857830048,4681.600600481033,0.3043443429201838,173.36470355987254,30.975029,1,0,1,0.5439
0.6693000495433807,4685.100346803665,0.3043095190013896,173.36470791676183,-12.108181,0,0,0,-42.5393
0.6707000657916069,4694.900460541248,0.3042213033600541,173.36469394675237,12.305074,0,0,3,-18.1261
0.6712000742554665,4698.400519788265,0.3041904548611789,173.36468712190444,31.271036,1,0,1,0.8399
0.6715000718832016,4700.500503182411,0.3041712205235111,173.36468507582993,31.335884,1,0,1,0.9047
0.6718000695109367,4702.600486576557,0.3041519750692896,173.364683064378,31.227917,1,0,1,0.7968
0.6720000803470612,4704.000562429428,0.3041391489118366,173.3646817111521,31.234005,1,0,1,0.8028
0.6728000491857529,4709.60034430027,0.304086624566076,173.36467976355942,12.171396,0,0,3,-18.2598
0.673300065100193,4713.100455701351,0.3040557443707365,173.36467306566243,30.663837,1,0,1,0.2327
0.673300065100193,4713.100455701351,0.3040545564571431,173.36467641223683,12.142192,0,0,3,-18.289
0.6734000593423843,4713.80041539669,0.3040493257955101,173.3646724123028,30.57198,1,0,1,0.1408
0.6736000627279282,4715.200439095497,0.3040365176361244,173.36467102201252,30.857508,1,0,1,0.4263
0.6737000644207001,4715.9004509449005,0.3040301110042431,173.3646703347102,30.960567,1,0,1,0.5294
0.6737000644207001,4715.9004509449005,0.3040300883004562,173.364670398929,30.605194,1,0,1,0.174
0.6741000637412071,4718.70044618845,0.3040032545972131,173.3646710563925,12.188458,0,0,3,-18.2427
0.6743000596761703,4720.100417733192,0.3039916257506513,173.3646663512272,30.855669,1,0,1,0.4245
0.6749000698328018,4724.300488829613,0.303951947488171,173.36466574172206,12.169606,0,0,3,-18.2616
0.6750000715255737,4725.000500679016,0.3039484728922549,173.36465679832287,57.999706,0,0,0,27.5685
0.6752000749111176,4726.400524377823,0.3039339085298806,173.36466037156134,30.896976,1,0,1,0.4658
0.675400085747242,4727.800600230694,0.3039198021881304,173.36466265425074,10.947419,0,0,3,-19.4837
0.675800085067749,4730.600595474243,0.3038942243277747,173.36465980377417,12.124722,0,0,3,-18.3064
0.6759000793099403,4731.300555169582,0.3038889963391131,173.3646558075923,30.599249,1,0,1,0.1681
0.6765000522136688,4735.500365495682,0.3038493432013801,173.36465517981256,12.276956,0,0,3,-18.1542
0.6768000647425652,4737.600453197956,0.3038312931793461,173.36464986324816,30.840736,1,0,1,0.4096
0.6769000664353371,4738.30046504736,0.3038248654196652,173.3646492508273,30.615719,1,0,1,0.1846
0.6774000599980354,4741.800419986248,0.3037928742120496,173.36464578209913,31.784758,1,0,1,1.3536
0.6777000725269318,4743.900507688522,0.3037737663740342,173.36464389488154,30.738604,1,0,1,0.3074
0.6785000711679459,4749.500498175621,0.3037223716588443,173.36463874860345,30.967222,1,0,1,0.5361
0.6788000836968422,4751.600585877895,0.3037051030199612,173.36463117797828,62.32041,0,0,0,31.8892
0.6788000836968422,4751.600585877895,0.3037030967821552,173.36463683154273,31.030426,1,0,1,0.5993
0.6789000853896141,4752.300597727299,0.3036966700926691,173.36463619916455,31.020693,1,0,1,0.5895
0.6796000525355339,4757.200367748737,0.3036516821566802,173.36463180296826,30.867144,1,0,1,0.436
0.6796000525355339,4757.200367748737,0.3036517042181255,173.36463174056854,31.212454,1,0,1,0.7813
0.6810000613331795,4767.000429332256,0.3035617455552818,173.3646229949397,31.064476,1,0,1,0.6333
0.6813000738620758,4769.100517034531,0.3035425134074068,173.36462101306816,31.700201,1,0,1,1.269
0.681500069797039,4770.500488579273,0.3035284018033895,173.3646233343219,11.978769,0,0,3,-18.4524
0.6828000843524933,4779.600590467453,0.3034449047326658,173.364615319801,11.91031,0,0,3,-18.5209
0.6829000860452652,4780.300602316856,0.3034397529858262,173.3646111283182,31.708942,1,0,1,1.2778
0.6830000504851341,4781.000353395939,0.3034333361023676,173.36461050964658,31.737722,1,0,1,1.3066
0.6833000555634499,4783.100388944149,0.3034140739896878,173.3646086712292,31.738026,1,0,1,1.3069
0.6833000555634499,4783.100388944149,0.3034127941947115,173.36461227748634,11.779313,0,0,3,-18.6519
0.6834000498056412,4783.800348639488,0.3034076632318233,173.36460803376923,31.879814,1,0,1,1.4487
0.6835000514984131,4784.500360488892,0.3034012273417169,173.3646074670472,31.632378,1,0,1,1.2012
0.6840000599622726,4788.0004197359085,0.3033677848002778,173.36460820849632,10.645893,0,0,3,-19.7853
0.6860000863671303,4802.000604569912,0.3032432958919822,173.3645853004142,70.476654,0,0,0,40.0455
0.6862000823020935,4803.400576114655,0.3032279759883101,173.36459112798994,31.577183,1,0,1,1.146
0.6862000823020935,4803.400576114655,0.303227976801843,173.36459112568895,31.589916,1,0,1,1.1588
0.6863000839948654,4804.100587964058,0.3032215721428346,173.36459050293934,31.715847,1,0,1,1.2847
0.6867000535130501,4806.900374591351,0.303195928694453,173.36458810158769,31.744797,1,0,1,1.3136
0.686800055205822,4807.600386440754,0.3031895145307804,173.3645875119915,31.697214,1,0,1,1.2661
0.6876000612974167,4813.200429081917,0.3031382439714419,173.36458272165322,31.792068,1,0,1,1.3609
0.6883000731468201,4818.1005120277405,0.3030933973122445,173.36457855484375,31.832321,1,0,1,1.4012
0.688800074160099,4821.600519120693,0.303061391879571,173.3645755409597,32.11945,1,0,1,1.6883
0.6890000849962234,4823.000594973564,0.3030485304030427,173.36457451061304,31.275482,1,0,1,0.8443
0.6900000497698784,4830.000348389149,0.3029833074121474,173.3645720333096,12.344949,0,0,3,-18.0862
0.6902000531554222,4831.400372087956,0.3029718044012824,173.3645672083523,32.535652,1,0,0,2.1045
0.6904000639915466,4832.800447940826,0.3029590068645131,173.36456603549155,32.51954,1,0,0,2.0884
0.6907000616192818,4834.900431334972,0.3029397877895427,173.36456435446408,32.072136,1,0,1,1.641
0.6913000717759132,4839.100502431393,0.3029014201015604,173.36456082779677,32.118958,1,0,1,1.6878
0.6918000727891922,4842.600509524345,0.3028694521019517,173.36455791418163,32.047485,1,0,1,1.6163
0.6921000704169273,4844.700492918491,0.3028485797507562,173.36456094976694,5.54198,0,0,0,-24.8892
0.6932000517845154,4852.400362491608,0.3027799923695509,173.36454980162364,31.713446,1,0,1,1.2823
0.6934000551700592,4853.800386190414,0.3027672501754044,173.36454855680168,32.152542,1,0,1,1.7214
0.6942000612616539,4859.400428831577,0.3027161880953967,173.36454389747416,32.16129,1,0,1,1.7301
0.6944000646471977,4860.800452530384,0.3027034092497075,173.36454278354913,31.88653,1,0,1,1.4554
0.6947000697255135,4862.900488078594,0.3026842427996536,173.36454111759068,31.450027,1,0,1,1.0189
0.6951000764966011,4865.700535476208,0.302657463522,173.36454236368752,11.683739,0,0,3,-18.7474
0.6952000707387924,4866.400495171547,0.3026523614017977,173.36453819169142,31.555265,1,0,1,1.1241
0.6953000724315643,4867.10050702095,0.3026457335175505,173.36453831888,27.634655,1,0,0,-2.7965
0.6959000825881958,4871.300578117371,0.3026077550555438,173.36453407026124,31.850367,1,0,1,1.4192
0.6965000852942467,4875.500597059727,0.3025695051156818,173.3645306342318,31.572285,1,0,1,1.1411
0.6978000625967979,4884.600438177586,0.302486471433135,173.36452302189414,31.737818,1,0,1,1.3067
0.6984000727534294,4888.800509274006,0.3024483649150317,173.36451964017655,31.200615,1,0,1,0.7695
0.6988000720739365,4891.600504517555,0.3024229527447535,173.36451742973523,30.590359,1,0,1,0.1592
0.6997000798583031,4897.9005590081215,0.3023658896551028,173.36451219284967,30.642427,1,0,1,0.2113
0.7008000612258911,4905.600428581238,0.3022950007590714,173.36450911096873,12.2605715,1,0,3,-18.1706
0.7010000646114349,4907.000452280045,0.3022834822157982,173.36450469562524,30.23968,1,0,0,-0.1915
0.7011000663042068,4907.700464129448,0.3022768455617712,173.36450496200106,25.536844,1,0,0,-4.8943
0.7013000622391701,4909.100435674191,0.302264517873113,173.36450283312786,30.857534,1,0,1,0.4264
0.7018000707030296,4912.600494921207,0.3022328444843908,173.36449992114106,30.80207,1,0,1,0.3709
0.7020000740885735,4914.000518620014,0.3022201626183147,173.36449879320898,30.567842,1,0,1,0.1367
0.7022000700235367,4915.400490164757,0.3022074953822801,173.36449762822252,30.534472,1,0,1,0.1033
0.7026000842452049,4918.2005897164345,0.3021822116352273,173.3644951558263,31.240686,1,0,1,0.8095
0.7027000859379768,4918.900601565838,0.3021758316440524,173.36449470392236,30.49423,1,0,1,0.0631
0.7027000859379768,4918.900601565838,0.3021758386491858,173.3644946841041,30.603888,1,0,1,0.1727
0.7029000818729401,4920.30057311058,0.3021631459922297,173.36449359485408,30.133924,1,0,0,-0.2972
0.703000083565712,4921.000584959984,0.3021568558663292,173.3644928923199,30.770832,1,0,1,0.3397
0.7034000530838966,4923.8003715872765,0.302131533886841,173.36449054132163,30.764465,1,0,1,0.3333
0.7035000547766685,4924.50038343668,0.3021263209680518,173.3644868007906,48.20565,1,0,0,17.7745
0.7038000524044037,4926.600366830826,0.3021054509988615,173.36449032987323,18.894552,1,0,0,-11.5366
0.7042000666260719,4929.400466382504,0.3020826383903488,173.36448089917766,58.01773,0,0,0,27.5866
0.7042000666260719,4929.400466382504,0.3020808661001004,173.36448589389323,30.377989,1,0,0,-0.0532
0.7047000601887703,4932.900421321392,0.3020492515043395,173.36448284340554,30.894657,1,0,1,0.4635
0.7050000727176666,4935.000509023666,0.3020302978529624,173.36448096449269,31.453634,1,0,1,1.0225
0.7057000771164894,4939.900539815426,0.301985988033936,173.3644768153478,31.399586,1,0,1,0.9684
0.7059000805020332,4941.300563514233,0.3019729208335458,173.36447677423723,25.03585,1,0,0,-5.3953
0.7060000821948051,4942.000575363636,0.3019669837903638,173.3644750719505,31.15756,1,0,1,0.7264
0.7061000838875771,4942.700587213039,0.3019614331381233,173.3644722789805,43.312794,1,0,0,12.8816
0.706200085580349,4943.400599062443,0.3019543485372734,173.3644738107159,31.534822,1,0,1,1.1037
0.7067000865936279,4946.900606155396,0.3019226867440076,173.3644708588161,31.332794,1,0,1,0.9016
0.7067000865936279,4946.900606155396,0.301921419564027,173.36447443073243,11.567034,1,0,3,-18.8641
0.7069000527262688,4948.300369083881,0.3019099797487208,173.3644697988855,30.5712,1,0,1,0.14
0.7073000520467758,4951.100364327431,0.301883460483639,173.36447077780065,11.875759,1,0,3,-18.5554
0.7078000605106354,4954.600423574448,0.3018530592769552,173.36446423818307,31.421032,1,0,1,0.9899
0.7087000757455826,4960.900530219078,0.3017960677498219,173.3644588154038,31.344797,1,0,1,0.9136
0.7089000716805458,4962.300501763821,0.301783388591558,173.36445764298796,31.12473,1,0,1,0.6936
0.7092000767588615,4964.400537312031,0.3017631380752306,173.36445934731822,11.615803,1,0,3,-18.8154
0.7094000726938248,4965.800508856773,0.3017517464220763,173.36445453572725,31.51225,1,0,1,1.0811
0.7096000835299492,4967.200584709644,0.3017378099184839,173.36445689121223,11.739929,0,0,3,-18.6912
0.7099000811576843,4969.30056810379,0.3017200610488948,173.36445152404704,31.317083,1,0,1,0.8859
0.7099000811576843,4969.30056810379,0.3017188014946251,173.36445507471132,11.669189,0,0,3,-18.762
0.7105000540614128,4973.50037842989,0.3016807929193726,173.3644513929679,11.739273,0,0,3,-18.6919
0.7121000736951828,4984.70051586628,0.3015806179993809,173.3644380162476,31.22431,1,0,1,0.7931
0.7125000730156898,4987.500511109829,0.3015552546135916,173.36443552132272,31.306072,1,0,1,0.8749
0.7131000831723213,4991.700582206249,0.3015147478214848,173.36443867571649,-6.8030987,0,0,0,-37.2343
0.7132000848650932,4992.400594055653,0.3015102273013023,173.36443290614625,21.672207,1,0,0,-8.759
0.7133000865578651,4993.100605905056,0.3015045118791479,173.36443050606792,31.500599,1,0,1,1.0694
0.7136000543832779,4995.200380682945,0.3014842202901285,173.36443216883004,11.929288,0,0,3,-18.5019
0.713900052011013,4997.300364077091,0.3014663760004262,173.36442691212798,30.625334,1,0,1,0.1942
0.7150000631809235,5005.000442266464,0.3013965667748428,173.36441986618385,31.335278,1,0,1,0.9041
0.7159000709652901,5011.300496757031,0.3013380912769838,173.36441778585802,11.324919,0,0,3,-19.1062
0.7169000804424286,5018.300563097,0.3012757960059132,173.36440776511554,31.540169,1,0,1,1.109
0.7170000523328781,5019.000366330147,0.3012693816201646,173.36440727931557,30.693773,1,0,1,0.2626
0.7179000601172447,5025.300420820713,0.3012124399652898,173.36440152385998,31.433058,1,0,1,1.0019
0.7182000651955605,5027.400456368923,0.301191948331878,173.36440330083647,10.7428055,0,0,3,-19.6884
0.7185000628232956,5029.500439763069,0.3011724129450355,173.36440236637344,5.0380063,0,0,0,-25.3932
0.7188000753521919,5031.600527465344,0.3011549150963298,173.36439566971842,31.200052,1,0,1,0.7689
0.7191000729799271,5033.700510859489,0.3011357587238543,173.36439363690351,31.538055,1,0,1,1.1069
0.719200074672699,5034.400522708893,0.3011294099513027,173.36439285176655,32.24187,1,0,1,1.8107
0.7198000848293304,5038.600593805313,0.3010909958640016,173.36438901774554,31.576117,1,0,1,1.145
0.7201000824570656,5040.700577199459,0.3010704918517536,173.3643907387948,11.0892315,1,0,3,-19.3419
0.7203000858426094,5042.100600898266,0.3010590004210638,173.3643857365148,31.452051,1,0,1,1.0209
0.7204000502824783,5042.800351977348,0.3010526120708635,173.36438505225226,31.578758,1,0,1,1.1476
0.7207000553607941,5044.900387525559,0.3010334060991603,173.3643830859138,31.467299,1,0,1,1.0361
0.7211000621318817,5047.700434923172,0.3010078135337777,173.36438040136582,31.645382,1,0,1,1.2142
0.7217000648379326,5051.900453865528,0.3009693943135297,173.36437642373176,31.59974,1,0,1,1.1686
0.7217000648379326,5051.900453865528,0.3009693811658395,173.36437646094222,31.393858,1,0,1,0.9627
0.721900075674057,5053.300529718399,0.3009565678678348,173.3643751429683,31.324398,1,0,1,0.8932
0.7220000773668289,5054.000541567802,0.3009501798863214,173.36437443009964,31.58613,1,0,1,1.155
0.7223000749945641,5056.100524961948,0.3009327482228895,173.36436740144816,59.424168,0,0,0,28.993
0.7223000749945641,5056.100524961948,0.3009308125366404,173.36437286027478,29.217447,1,0,0,-1.2137
0.722400076687336,5056.800536811352,0.3009232557560617,173.36437543883645,11.261446,1,0,3,-19.1697
0.7227000743150711,5058.900520205498,0.300904551434313,173.36437198552255,19.301977,1,0,0,-11.1292
0.722800076007843,5059.600532054901,0.3008988851701979,173.36436922890573,30.864252,1,0,1,0.4331
0.7229000702500343,5060.30049175024,0.3008925046322296,173.36436848819966,31.27095,1,0,1,0.8398
0.7233000844717026,5063.100591301918,0.300866854229666,173.36436586562056,31.003523,1,0,1,0.5724
0.7236000820994377,5065.200574696064,0.3008501679114699,173.36435669583426,70.65202,0,0,0,40.2209
0.7240000516176224,5068.000361323357,0.3008207367540449,173.3643647175585,11.46226,1,0,3,-18.9689
0.7243000641465187,5070.100449025631,0.3008040783963667,173.3643554498853,51.63665,0,0,0,21.2055
0.7243000641465187,5070.100449025631,0.300802753074272,173.36435918723126,30.95569,1,0,1,0.5245
0.7249000668525696,5074.300467967987,0.3007629537469393,173.3643589141218,10.23359,1,0,3,-20.1976
0.7251000627875328,5075.70043951273,0.3007514673898882,173.36435380084097,31.113733,1,0,1,0.6826
0.7253000661730766,5077.100463211536,0.3007386461946073,173.36435244649164,31.191372,1,0,1,0.7602
0.7265000864863396,5085.500605404377,0.3006616701313103,173.3643444155165,31.106691,1,0,1,0.6755
0.7274000570178032,5091.800399124622,0.3006039392565137,173.3643383608408,31.208406,1,0,1,0.7772
0.7276000529527664,5093.200370669365,0.3005905951825913,173.36433846355465,23.217693,1,0,0,-7.2135
0.728500060737133,5099.500425159931,0.3005333927759008,173.36433089232276,31.723896,1,0,1,1.2927
0.7291000708937645,5103.700496256352,0.3004948468705985,173.36432700025136,31.015884,1,0,1,0.5847
0.7295000776648521,5106.500543653965,0.3004692092155277,173.36432423734917,31.483757,1,0,1,1.0526
0.7297000735998154,5107.900515198708,0.3004563700685025,173.3643229154827,31.39157,1,0,1,0.9604
0.7298000827431679,5108.600579202175,0.3004499502709458,173.3643222532735,31.35301,1,0,1,0.9218
0.7304000854492188,5112.800598144531,0.3004114644799635,173.3643182000766,31.579567,1,0,1,1.1484
0.7306000515818596,5114.200361073017,0.3003986259616897,173.36431688534324,31.461002,1,0,1,1.0298
0.7309000566601753,5116.300396621227,0.3003793712236338,173.36431489609552,31.381779,1,0,1,0.9506
0.7312000617384911,5118.400432169437,0.3003601113357848,173.36431292410603,31.214474,1,0,1,0.7833
0.731300063431263,5119.100444018841,0.3003537065738255,173.36431222441516,31.39482,1,0,1,0.9637
0.7314000651240349,5119.800455868244,0.3003453293378373,173.36431708611246,0.800883,0,0,0,-29.6303
0.7318000644445419,5122.6004511117935,0.3003216280981318,173.36430888755402,31.41646,1,0,1,0.9853
0.7318000644445419,5122.6004511117935,0.3003216255794828,173.3643088946817,31.377022,1,0,1,0.9459
0.7327000722289085,5128.90050560236,0.3002638670306216,173.36430296276433,31.066784,1,0,1,0.6356
0.73330008238554,5133.10057669878,0.300224115664667,173.36430254150028,11.356641,0,0,3,-19.0745
0.7341000512242317,5138.700358569622,0.3001740592066999,173.36429371548695,30.87856,1,0,1,0.4474
0.7350000664591789,5145.0004652142525,0.3001163587209959,173.36428773922057,31.064667,1,0,1,0.6335
0.7351000607013702,5145.700424909592,0.3001098088454967,173.36428747097136,28.90232,1,0,0,-1.5288
0.7357000708580017,5149.900496006012,0.3000714772961428,173.36428314053916,31.01396,1,0,1,0.5828
0.7357000708580017,5149.900496006012,0.3000714756495825,173.36428314369704,30.996216,1,0,1,0.5651
0.7358000725507736,5150.600507855415,0.3000650698965798,173.364282474414,31.063255,1,0,1,0.6321
0.7361000776290894,5152.7005434036255,0.300045815145645,173.3642805713023,30.692726,1,0,1,0.2616
0.7368000820279121,5157.600574195385,0.3000009602914005,173.36427595711802,30.842869,1,0,1,0.4117
0.7373000830411911,5161.100581288338,0.2999689374065603,173.3642726415964,31.106133,1,0,1,0.675
0.7375000566244125,5162.500396370888,0.2999561045599321,173.3642713912291,30.80352,1,0,1,0.3724
0.7376000508666039,5163.200356066227,0.2999484439205323,173.3642742756238,11.233364,0,0,3,-19.1978
0.7377000525593758,5163.90036791563,0.2999409579906644,173.36427551314415,-0.1943954,0,0,0,-30.6256
0.7384000644087791,5168.800450861454,0.2998983046002851,173.36426530974757,31.506712,1,0,1,1.0755
0.7392000779509544,5174.400545656681,0.2998472716803069,173.36426014286786,31.895002,1,0,1,1.4638
0.7393000721931458,5175.10050535202,0.2998409235647138,173.3642594139592,32.410255,1,0,1,1.9791
0.7395000755786896,5176.500529050827,0.2998281140186431,173.36425827604583,31.674662,1,0,1,1.2435
0.7397000715136528,5177.90050059557,0.2998136343583341,173.36426185030805,4.8689013,0,0,0,-25.5623
0.7399000748991966,5179.300524294376,0.2998026223591565,173.36425564866212,32.166634,1,0,1,1.7355
0.7399000748991966,5179.300524294376,0.2998012637313328,173.3642594798929,10.96546,0,0,3,-19.4657
0.740100085735321,5180.700600147247,0.2997885108635197,173.36425818762103,11.101187,0,0,3,-19.33
0.7404000833630562,5182.800583541393,0.2997707109914093,173.3642525082038,32.017925,1,0,1,1.5868
0.7404000833630562,5182.800583541393,0.2997693824850003,173.36425625421023,11.28832,0,0,3,-19.1428
0.7406000867486,5184.2006072402,0.2997593573230712,173.36424727807164,53.959385,0,0,0,23.5282
0.7407000809907913,5184.900566935539,0.299751572703244,173.364250607209,32.03799,1,0,1,1.6068
0.7407000809907913,5184.900566935539,0.2997502389673518,173.36425436802335,11.226456,0,0,3,-19.2047
0.7412000522017479,5188.400365412235,0.2997196724247994,173.3642474616709,31.972742,1,0,1,1.5416
0.7414000630378723,5189.800441265106,0.2997069046621879,173.36424622368887,31.842852,1,0,1,1.4117
0.7417000606656075,5191.900424659252,0.2996877718688768,173.36424431939028,31.919764,1,0,1,1.4886
0.7424000725150108,5196.800507605076,0.2996431127845132,173.36423992727896,31.85612,1,0,1,1.425
0.743300087749958,5203.100614249706,0.2995869144079032,173.3642308502964,50.832787,0,0,0,20.4016
0.7437000870704651,5205.900609493256,0.2995601833476748,173.3642317649781,31.90634,1,0,1,1.4752
0.7444000542163849,5210.800379514694,0.2995155080267828,173.36422743615162,31.632431,1,0,1,1.2013
0.7456000670790672,5219.200469553471,0.2994389222221442,173.36421997872677,31.447554,1,0,1,1.0164
0.7457000613212585,5219.90042924881,0.2994312118831144,173.3642231003218,10.723155,0,0,3,-19.708
0.745900072157383,5221.300505101681,0.2994184447257051,173.36422185867386,10.694928,0,0,3,-19.7362
0.7466000765562057,5226.20053589344,0.2993751102648401,173.36421369754444,31.725979,1,0,1,1.2948
0.7470000833272934,5229.000583291054,0.2993520953376051,173.36420409297807,71.095345,0,0,0,40.6642
0.7471000850200653,5229.700595140457,0.2993431749242096,173.3642106203313,31.530283,1,0,1,1.0991
0.7475000843405724,5232.500590384007,0.2993171563786486,173.36420947380384,24.101181,1,0,0,-6.33
0.7476000860333443,5233.20060223341,0.2993112590551599,173.36420747393163,31.725327,1,0,1,1.2942
0.7477000579237938,5233.900405466557,0.2993048678442646,173.3642068706584,31.622139,1,0,1,1.191
0.7482000663876534,5237.4004647135735,0.2992705640730233,173.36421043410164,-5.3072414,0,0,0,-35.7384
0.7483000680804253,5238.100476562977,0.2992665475408662,173.36420312574552,31.693624,1,0,1,1.2625
0.7488000616431236,5241.600431501865,0.2992345812323576,173.3642000783495,31.350584,1,0,1,0.9194
0.7494000717997551,5245.800502598286,0.2991962477549997,173.36419631484176,31.528376,1,0,1,1.0972
0.7494000717997551,5245.800502598286,0.2991962370851053,173.3641963450386,31.361294,1,0,1,0.9301
0.749500073492527,5246.500514447689,0.2991898377166415,173.3641957441132,31.24504,1,0,1,0.8139
0.7498000711202621,5248.600497841835,0.2991706819162693,173.36419381706247,31.58341,1,0,1,1.1522
0.750000074505806,5250.000521540642,0.299157886701834,173.364192596193,31.45485,1,0,1,1.0237
0.7501000836491585,5250.700585544109,0.2991501782040099,173.36419567774163,10.959439,1,0,3,-19.4717
0.7506000846624374,5254.200592637062,0.2991195299034805,173.36418882634206,31.657242,1,0,1,1.2261
0.7508000880479813,5255.600616335869,0.2991061303438068,173.36418929091164,22.197746,1,0,0,-8.2334
0.7509000822901726,5256.300576031208,0.2990998759974025,173.36418826749662,24.416544,1,0,0,-6.0146
0.7510000839829445,5257.000587880611,0.2990939384350033,173.36418634948956,31.58536,1,0,1,1.1542
0.751100055873394,5257.700391113758,0.2990875258000677,173.36418577439142,31.323387,1,0,1,0.8922
0.7513000518083572,5259.100362658501,0.299074733350361,173.3641845179622,31.384274,1,0,1,0.9531
0.7520000636577606,5264.000445604324,0.2990299408033625,173.36418013028353,31.528133,1,0,1,1.097
0.7523000612854958,5266.10042899847,0.2990107132843865,173.36417831907104,31.199446,1,0,1,0.7683
0.7528000771999359,5269.600540399551,0.298978682413034,173.36417522609997,31.049955,1,0,1,0.6188
0.7544000819325447,5280.800573527813,0.2988761534468033,173.36416519250912,31.208218,1,0,1,0.7771
0.7545000538229942,5281.50037676096,0.2988684606863657,173.36416818049884,11.207461,1,0,3,-19.2237
0.7551000639796257,5285.70044785738,0.298831201722847,173.364160954325,30.371407,1,0,0,-0.0598
0.7558000609278679,5290.600426495075,0.2987863778247446,173.36415627866586,31.907135,1,0,1,1.476
0.7558000609278679,5290.600426495075,0.2987863467485239,173.36415636661508,31.420513,1,0,1,0.9893
0.7562000751495361,5293.400526046753,0.2987606556530569,173.36415387519708,31.276003,1,0,1,0.8448
0.7567000761628151,5296.900533139706,0.2987282390906701,173.36415157997772,26.538067,1,0,0,-3.8931
0.7572000846266747,5300.400592386723,0.2986964001342591,173.36414761550276,31.007782,1,0,1,0.5766
0.7574000880122185,5301.800616085529,0.2986835808470054,173.36414625543742,31.538252,1,0,1,1.1071
0.758900061249733,5312.300428748131,0.2985871851250928,173.36413675716076,31.531963,1,0,1,1.1008
0.7599000781774521,5319.300547242165,0.2985226394953181,173.36413028058996,31.918297,1,0,1,1.4871
0.7605000734329224,5323.5005140304565,0.2984833223487187,173.36412799202665,23.244728,1,0,0,-7.1864
0.7605000734329224,5323.5005140304565,0.2984838521911765,173.36412649860046,31.508892,1,0,1,1.0777
0.7606000825762749,5324.200578033924,0.2984773984432769,173.3641258311592,31.64073,1,0,1,1.2096
0.7609000876545906,5326.300613582134,0.2984580174976053,173.3641238810922,31.739454,1,0,1,1.3083
0.7612000852823257,5328.40059697628,0.2984386069255602,173.3641220050092,31.416376,1,0,1,0.9852
0.7613000571727753,5329.100400209427,0.2984323753981156,173.3641207084977,35.02056,1,0,0,4.5894
0.7613000571727753,5329.100400209427,0.2984321561944096,173.36412132732295,31.59634,1,0,1,1.1652
0.7617000639438629,5331.90044760704,0.2984049385985989,173.36412257062244,10.417466,1,0,3,-20.0137
0.7618000656366348,5332.600459456444,0.298399829747739,173.36411809916325,31.582771,1,0,1,1.1516
0.76210006326437,5334.70044285059,0.2983804249382387,173.36411617556988,31.484236,1,0,1,1.0531
0.76210006326437,5334.70044285059,0.2983804426676691,173.36411612539808,31.761835,1,0,1,1.3307
0.76370008289814,5345.90058028698,0.2982769303971366,173.36410576701883,31.56812,1,0,1,1.137
0.7642000839114189,5349.400587379932,0.2982445927401307,173.3641024586703,31.828432,1,0,1,1.3973
0.7647000551223755,5352.900385856628,0.2982122366577217,173.36409919088214,31.830515,1,0,1,1.3994
0.7651000544428825,5355.700381100178,0.2981863509971532,173.36409656378098,31.87771,1,0,1,1.4465
0.765700064599514,5359.900452196598,0.2981475119692538,173.36409263544363,31.83903,1,0,1,1.4079
0.7659000679850578,5361.300475895405,0.2981371140468748,173.36408413854647,71.58873,0,0,0,41.1576
0.7662000730633736,5363.400511443615,0.2981151152581781,173.36408943747836,31.351252,1,0,1,0.9201
0.7663000747561455,5364.100523293018,0.2981086649462454,173.3640887147239,31.709856,1,0,1,1.2787
0.7684000581502914,5378.80040705204,0.2979729209024142,173.36407432061853,34.61163,1,0,0,4.1805
0.7688000649213791,5381.600454449654,0.2979468039405838,173.36407231095862,31.051767,1,0,1,0.6206
0.7691000625491142,5383.7004378438,0.2979273876246645,173.3640703242254,31.023504,1,0,1,0.5923
0.7703000754117966,5392.100527882576,0.2978497512133761,173.36406231584198,31.150658,1,0,1,0.7195
0.7705000713467598,5393.500499427319,0.2978368123974685,173.36406098586113,31.1311,1,0,1,0.6999
0.7707000821828842,5394.9005752801895,0.2978261895595302,173.36405312805493,67.2308,0,0,0,36.7996
0.7710000872612,5397.0006108284,0.2978044911794754,173.36405759291665,31.440392,1,0,1,1.0092
0.7715000584721565,5400.500409305096,0.2977721522588047,173.3640542693078,31.343374,1,0,1,0.9122
0.7720000520348549,5404.000364243984,0.2977398233094454,173.36405093091903,31.305115,1,0,1,0.874
0.7723000645637512,5406.1004519462585,0.2977203973352679,173.36404901428318,30.793274,1,0,1,0.3621
0.7723000645637512,5406.1004519462585,0.2977204136698378,173.3640489680711,31.04897,1,0,1,0.6178
0.7728000655770302,5409.600459039211,0.2976868585225358,173.36404911527998,11.688936,0,0,3,-18.7422
0.7734000757336617,5413.800530135632,0.2976480605061183,173.3640451780329,11.1967,0,0,3,-19.2345
0.7737000733613968,5415.9005135297775,0.2976299556962453,173.364039576433,31.045748,1,0,1,0.6146
0.7737000733613968,5415.9005135297775,0.2976299575624914,173.3640395711534,31.074959,1,0,1,0.6438
0.7745000869035721,5421.500608325005,0.2975782967823092,173.36403420425106,31.015114,1,0,1,0.584
0.7745000869035721,5421.500608325005,0.2975782911816944,173.3640342200949,30.927446,1,0,1,0.4963
0.77510005235672,5425.70036649704,0.2975395648661538,173.36403019550383,30.857674,1,0,1,0.4265
0.7760000675916672,5432.00047314167,0.2974815226256151,173.36402409426074,31.075869,1,0,1,0.6447
0.7761000618338585,5432.700432837009,0.2974751114687091,173.36402331824164,31.641565,1,0,1,1.2104
0.7762000635266304,5433.400444686413,0.297468649275622,173.3640226835176,31.424295,1,0,1,0.9931
0.7763000652194023,5434.100456535816,0.2974621880951323,173.3640220487758,31.207073,1,0,1,0.7759
0.7773000746965408,5441.100522875786,0.2973977302232435,173.36401534385166,30.998701,1,0,1,0.5675
0.7777000814676285,5443.900570273399,0.2973718076179324,173.3640126868361,31.402897,1,0,1,0.9717
0.7784000560641289,5448.800392448902,0.2973268103946099,173.36400796774896,31.099068,1,0,1,0.6679
0.7789000645279884,5452.300451695919,0.29729469019647,173.36400458049303,30.972466,1,0,1,0.5413
0.7789000645279884,5452.300451695919,0.297292590246359,173.36401049961214,-1.7831748,0,0,0,-32.2143
0.7791000679135323,5453.700475394726,0.297281892256672,173.3640030963645,31.637949,1,0,1,1.2068
0.7796000614762306,5457.200430333614,0.2972497755958539,173.36399975615726,31.256992,1,0,1,0.8258
0.7796000614762306,5457.200430333614,0.2972497795444525,173.36399974498792,31.318794,1,0,1,0.8876
0.779900074005127,5459.300518035889,0.2972291803210583,173.36400150425845,10.266873,0,0,3,-20.1643
0.7802000716328621,5461.400501430035,0.2972113177724336,173.3639955684428,31.802979,1,0,1,1.3718
0.7802000716328621,5461.400501430035,0.2972113045924781,173.36399560572443,31.596687,1,0,1,1.1655
0.7804000750184059,5462.800525128841,0.2971984628792398,173.36399428432895,31.369305,1,0,1,0.9381
0.7805000767111778,5463.500536978245,0.2971908106508239,173.3639970979434,12.029929,0,0,3,-18.4012
0.780800074338913,5465.600520372391,0.2971728108092631,173.36399157681382,31.27949,1,0,1,0.8483
0.7809000834822655,5466.300584375858,0.2971664124129712,173.36399086091083,31.473997,1,0,1,1.0428
0.7812000885605812,5468.400619924068,0.2971459221854767,173.3639923784252,11.779062,0,0,3,-18.6521
0.7818000540137291,5472.600378096104,0.2971106219882145,173.36397945582817,60.71843,0,0,0,30.2873
0.781900055706501,5473.300389945507,0.2971023299031151,173.36398409326728,31.294403,1,0,1,0.8632
0.781900055706501,5473.300389945507,0.2971023278543099,173.3639840990626,31.262337,1,0,1,0.8312
0.7821000516414642,5474.70036149025,0.2970895190614395,173.36398274316326,31.248592,1,0,1,0.8174
0.7831000685691833,5481.700479984283,0.297025553636107,173.36397583440822,31.94907,1,0,1,1.5179
0.783500075340271,5484.500527381897,0.2969999377986425,173.36397320022868,31.542439,1,0,1,1.1113
0.783500075340271,5484.500527381897,0.2969986676291356,173.36397677952942,11.734421,0,0,3,-18.6967
0.7836000770330429,5485.2005392313,0.2969935544248755,173.36397248754173,31.743204,1,0,1,1.312
0.783900074660778,5487.300522625446,0.296974339710687,173.36397054186864,31.288088,1,0,1,0.8569
0.7848000824451447,5493.600577116013,0.2969168176189962,173.36396444890468,31.408033,1,0,1,0.9769
0.7849000841379166,5494.300588965416,0.2969091768321673,173.36396730198192,11.892651,0,0,3,-18.5385
0.785500057041645,5498.500399291515,0.2968720822617337,173.36395979408908,31.114948,1,0,1,0.6838
0.7860000655055046,5502.000458538532,0.2968401513739241,173.36395644706613,31.072931,1,0,1,0.6418
0.7860000655055046,5502.000458538532,0.2968386935800274,173.36396055557893,8.3361,0,0,0,-22.0951
0.7864000648260117,5504.800453782082,0.2968146105562255,173.36395378801188,30.96598,1,0,1,0.5348
0.787200078368187,5510.400548577309,0.2967635631294293,173.36394844435833,30.975025,1,0,1,0.5439
0.787200078368187,5510.400548577309,0.29676358963319,173.36394836938936,31.389862,1,0,1,0.9587
0.7875000759959221,5512.500531971455,0.2967444282988719,173.36394644444096,30.98636,1,0,1,0.5552
0.7879000827670097,5515.300579369068,0.2967189156350222,173.3639437956815,30.928745,1,0,1,0.4976
0.7894000634551048,5525.800444185734,0.2966233129481318,173.36393388048626,30.896807,1,0,1,0.4656
0.7897000685334206,5527.900479733944,0.2966041942988807,173.36393192846973,30.774014,1,0,1,0.3429
0.7898000627756119,5528.600439429283,0.2965978270594785,173.3639312659561,30.80314,1,0,1,0.372
0.7902000769972801,5531.400538980961,0.2965723779064603,173.36392856639503,31.21383,1,0,1,0.7827
0.7905000746250153,5533.500522375107,0.2965520597553324,173.36393002901542,12.246213,0,0,3,-18.185
0.7907000780105591,5534.900546073914,0.2965393352191328,173.3639286956484,12.387231,0,0,3,-18.0439
0.7910000756382942,5537.00052946806,0.2965214441892254,173.3639233361522,31.207447,1,0,1,0.7763
0.7913000881671906,5539.100617170334,0.2965023624377859,173.36392134118503,31.427656,1,0,1,0.9965
0.7914000824093819,5539.800576865673,0.2964959548398652,173.36392081361677,30.745564,1,0,1,0.3144
0.7931000664830208,5551.7004653811455,0.2963878345886183,173.36390972344788,31.241669,1,0,1,0.8105
0.7934000641107559,5553.800448775291,0.2963670433289087,173.36391262281174,4.5235157,0,0,0,-25.9076
0.7935000732541084,5554.500512778759,0.2963624107872896,173.36390711335844,31.460648,1,0,1,1.0295
0.7937000766396523,5555.900536477566,0.2963509434096092,173.36390230766693,50.95788,0,0,0,20.5267
0.7939000725746155,5557.300508022308,0.2963378553266978,173.36390207563045,45.153458,1,0,0,14.7223
0.7939000725746155,5557.300508022308,0.2963369789896088,173.3639045441126,31.492126,1,0,1,1.061
0.7939000725746155,5557.300508022308,0.2963359135347981,173.3639075475727,14.87056,0,0,0,-15.5606
0.7940000742673874,5558.000519871712,0.2963306276754299,173.3639038850577,31.59854,1,0,1,1.1674
0.7943000718951225,5560.100503265858,0.2963115626245708,173.36390194876606,31.70665,1,0,1,1.2755
0.7946000844240189,5562.200590968132,0.2962949790519509,173.36389302281077,70.5179,0,0,0,40.0867
0.7950000837445259,5565.000586211681,0.2962670640604979,173.36389749580795,31.681816,1,0,1,1.2507
0.7955000549554825,5568.500384688377,0.2962352902992284,173.3638943186291,31.71809,1,0,1,1.2869
0.7955000549554825,5568.500384688377,0.2962340387229079,173.36389784567942,12.198713,0,0,3,-18.2325
0.7964000627398491,5574.800439178944,0.2961780890542002,173.3638886644264,31.573656,1,0,1,1.1425
0.7964000627398491,5574.800439178944,0.2961780991584659,173.36388863734342,31.723791,1,0,1,1.2926
0.7966000661253929,5576.20046287775,0.2961641297647925,173.3638909349072,12.049088,0,0,3,-18.3821
0.7969000786542892,5578.300550580025,0.2961463032373669,173.36388556984792,31.31812,1,0,1,0.887
0.7971000745892525,5579.700522124767,0.2961323661058253,173.3638877863907,12.115838,0,0,3,-18.3153
0.7976000756025314,5583.20052921772,0.2961018264821977,173.36388120610272,31.23313,1,0,1,0.802
0.7979000732302666,5585.300512611866,0.2960815834177021,173.363882592335,12.180215,0,0,3,-18.2509
0.7980000823736191,5586.000576615334,0.2960784769950871,173.36387282413156,62.87004,0,0,0,32.4389
0.798100084066391,5586.700588464737,0.2960698735436775,173.36387855349727,27.796196,1,0,0,-2.635
0.7991000562906265,5593.700394034386,0.296006561042515,173.36387183185664,31.45124,1,0,1,1.0201
0.7994000688195229,5595.80048173666,0.2959862290192137,173.36387359481645,11.671782,0,0,3,-18.7594
0.7994000688195229,5595.80048173666,0.2959847333875076,173.36387780957597,-11.653236,0,0,0,-42.0844
0.800100065767765,5600.700460374355,0.2959430415153891,173.3638657356294,31.84555,1,0,1,1.4144
0.8004000782966614,5602.80054807663,0.2959239689815431,173.3638639591149,31.709152,1,0,1,1.278
0.8006000742316246,5604.200519621372,0.2959099992958315,173.36386631479,12.036166,0,0,3,-18.395
0.8015000820159912,5610.5005741119385,0.2958540675536481,173.36385738486467,31.66728,1,0,1,1.2361
0.8028000667691231,5619.6004673838615,0.2957714536620174,173.36384965615352,31.603022,1,0,1,1.1719
0.8037000745534897,5625.900521874428,0.2957153705049986,173.36384117470132,48.98664,0,0,0,18.5555
0.8037000745534897,5625.900521874428,0.2957142403092801,173.3638443604098,31.356789,1,0,1,0.9256
0.8045000731945038,5631.500512361527,0.2956633629158556,173.36383970916015,30.878784,1,0,1,0.4476
0.8045000731945038,5631.500512361527,0.2956634024059643,173.36383959742687,31.497042,1,0,1,1.0659
0.8045000731945038,5631.500512361527,0.2956634004980282,173.36383960282518,31.46717,1,0,1,1.036
0.8047000765800476,5632.900536060333,0.295650680417283,173.3638384399199,31.353712,1,0,1,0.9225
0.8048000857234001,5633.600600063801,0.295644327254317,173.36383783734146,31.414326,1,0,1,0.9832
0.8052000850439072,5636.40059530735,0.295618875827882,173.3638355415137,31.028421,1,0,1,0.5973
0.8055000826716423,5638.500578701496,0.2955998117709451,173.36383374781352,31.139727,1,0,1,0.7086
0.8058000579476357,5640.60040563345,0.2955795401134665,173.3638353608717,12.401164,0,0,3,-18.03
0.8064000681042671,5644.80047672987,0.2955413210537305,173.36383201333197,11.30281,0,0,3,-19.1284
0.8069000691175461,5648.300483822823,0.2955108342605905,173.36382537459912,31.687675,1,0,1,1.2565
0.8087000846862793,5660.900592803955,0.2953946487414533,173.36381951298318,5.192142,0,0,0,-25.239
0.8092000558972359,5664.400391280651,0.2953633155863942,173.3638152063126,12.623607,0,0,3,-17.8076
0.8110000789165497,5677.000552415848,0.2952499935751236,173.3638010134363,31.929781,1,0,1,1.4986
0.8110000789165497,5677.000552415848,0.2952487444304723,173.3638045347127,12.443791,0,0,3,-17.9874
0.8112000748515129,5678.40052396059,0.2952372382340164,173.36379988348824,31.578764,1,0,1,1.1476
0.8113000765442848,5679.100535809994,0.2952308738086683,173.3637992799992,31.614498,1,0,1,1.1833
0.8114000782370567,5679.800547659397,0.2952245236917705,173.36379863670504,31.869444,1,0,1,1.4383
0.8114000782370567,5679.800547659397,0.295223250935011,173.3638022248229,12.013656,0,0,3,-18.4175
0.8114000782370567,5679.800547659397,0.2952232887698853,173.3638021177582,12.606052,0,0,3,-17.8251
0.8119000867009163,5683.300606906414,0.2951932204396416,173.3637941388522,40.213226,1,0,0,9.7821
0.8121000826358795,5684.700578451157,0.295179960082628,173.3637944202114,32.02832,1,0,1,1.5972
0.8121000826358795,5684.700578451157,0.2951798960504065,173.36379459990954,31.033768,1,0,1,0.6026
0.8122000843286514,5685.40059030056,0.2951735650270216,173.36379389428754,31.622047,1,0,1,1.1909
0.8122000843286514,5685.40059030056,0.2951723445660166,173.36379733596763,12.576862,0,0,3,-17.8543
0.8123000860214233,5686.100602149963,0.2951671892405508,173.3637933144566,31.512812,1,0,1,1.0816
0.8130000680685043,5691.00047647953,0.2951214004112986,173.3637925018702,12.741595,0,0,3,-17.6896
0.8135000690817833,5694.500483572483,0.2950907610246329,173.36378606253973,31.704786,1,0,1,1.2736
0.8138000667095184,5696.600466966629,0.2950716016021232,173.3637843761803,31.013744,1,0,1,0.5826
0.8152000829577446,5706.400580704212,0.2949815472723829,173.3637781950576,18.219465,0,0,0,-12.2117
0.815900057554245,5711.300402879715,0.2949377569278021,173.36377154812735,31.355232,1,0,1,0.9241
0.815900057554245,5711.300402879715,0.2949377707133394,173.36377150911463,31.571089,1,0,1,1.1399
0.815900057554245,5711.300402879715,0.2949356401571742,173.36377751601157,-1.6688794,0,0,0,-32.1
0.8166000694036484,5716.200485825539,0.2948931155112768,173.36376724105713,31.43624,1,0,1,1.0051
0.8167000636458397,5716.900445520878,0.2948867285169223,173.36376664994188,31.305359,1,0,1,0.8742
0.8170000687241554,5719.000481069088,0.2948675955718027,173.36376478688763,31.394869,1,0,1,0.9637
0.8172000646591187,5720.400452613831,0.2948548485992684,173.3637635171335,31.596735,1,0,1,1.1656
0.8176000788807869,5723.200552165508,0.2948286506371231,173.3637629464109,21.07762,1,0,0,-9.3535
0.8177000731229782,5723.900511860848,0.2948229264429016,173.36376068139435,31.244633,1,0,1,0.8135
0.8178000748157501,5724.600523710251,0.2948165798743401,173.3637599488775,31.801588,1,0,1,1.3704
0.8188000842928886,5731.6005900502205,0.2947545850762268,173.36374841948418,60.505417,0,0,0,30.0743
0.8189000859856606,5732.300601899624,0.2947463734157589,173.36375293480634,31.996897,1,0,1,1.5657
0.8192000538110733,5734.400376677513,0.2947259917223744,173.36375448449405,12.841112,1,0,3,-17.5901
0.8193000555038452,5735.1003885269165,0.2947195071440536,173.36375412410246,11.303448,1,0,3,-19.1277
0.8198000639677048,5738.600447773933,0.2946888848543485,173.36374723037227,31.756863,1,0,1,1.3257
0.8198000639677048,5738.600447773933,0.2946876012493225,173.36375084955552,11.7297735,1,0,3,-18.7014
0.8202000632882118,5741.400443017483,0.2946633230249099,173.3637446973919,31.578062,1,0,1,1.1469
0.8203000649809837,5742.100454866886,0.294656933629166,173.3637440580424,31.561499,1,0,1,1.1303
0.8205000683665276,5743.500478565693,0.2946441679036706,173.36374273908152,31.744518,1,0,1,1.3134
0.8208000734448433,5745.600514113903,0.2946249834851035,173.36374085387382,31.486795,1,0,1,1.0556
0.8209000751376152,5746.300525963306,0.2946186150370899,173.3637401487081,31.821285,1,0,1,1.3901
0.8215000778436661,5750.500544905663,0.2945802848566751,173.3637362362407,32.02167,1,0,1,1.5905
0.8218000829219818,5752.600580453873,0.2945585621901772,173.3637414753649,-7.722755,0,0,0,-38.1539
0.8219000846147537,5753.300592303276,0.2945533784020387,173.36373741887024,11.135475,1,0,3,-19.2957
0.8222000896930695,5755.400627851486,0.2945354993112224,173.3637318082866,31.404428,1,0,1,0.9733
0.8224000856280327,5756.800599396229,0.2945227184220856,173.36373049301687,31.487688,1,0,1,1.0565
0.8234000653028488,5763.800457119942,0.2944587697283048,173.36372398197483,31.426922,1,0,1,0.9958
0.8234000653028488,5763.800457119942,0.2944587642725614,173.36372399741515,31.341492,1,0,1,0.9103
0.8234000653028488,5763.800457119942,0.2944587600648349,173.36372400932342,31.275602,1,0,1,0.8444
0.8235000669956207,5764.500468969345,0.2944523891823878,173.36372328414922,31.668917,1,0,1,1.2378
0.823700062930584,5765.900440514088,0.2944395824919041,173.36372201600935,31.442226,1,0,1,1.0111
0.8239000663161278,5767.300464212894,0.2944267905777635,173.36372070077076,31.468708,1,0,1,1.0375
0.8243000730872154,5770.100511610508,0.2944012066279138,173.36371805914052,31.562386,1,0,1,1.1312
0.8252000883221626,5776.400618255138,0.2943436316462144,173.36371209205436,31.80473,1,0,1,1.3736
0.8267000690102577,5786.900483071804,0.2942476217593469,173.36370214253145,31.959263,1,0,1,1.5281
0.8275000676512718,5792.500473558903,0.2941964093858099,173.36369678028174,32.225758,1,0,1,1.7946
0.8279000744223595,5795.300520956516,0.2941694907384247,173.36369777938765,11.964484,0,0,3,-18.4667
0.8282000795006752,5797.400556504726,0.2941503332714035,173.36369561164634,12.898691,0,0,3,-17.5325
0.829300083220005,5805.100582540035,0.2940798860894488,173.3636881877992,13.344013,0,0,3,-17.0872
0.8304000645875931,5812.800452113152,0.2940105835104117,173.36367746305277,31.950489,1,0,1,1.5193
0.8304000645875931,5812.800452113152,0.2940093987867302,173.36368080384645,13.463558,0,0,3,-16.9676
0.8313000798225403,5819.100558757782,0.2939528842435309,173.3636714429824,31.86645,1,0,1,1.4353
0.8313000798225403,5819.100558757782,0.2939528558090216,173.3636715234525,31.421202,1,0,1,0.99
0.8316000774502754,5821.200542151928,0.2939324468259171,173.3636728246689,13.078264,0,0,3,-17.3529
0.8318000733852386,5822.600513696671,0.2939207995664184,173.3636681669866,31.422024,1,0,1,0.9909
0.8320000842213631,5824.0005895495415,0.2939079820640397,173.36366680440955,31.529232,1,0,1,1.0981
0.8320000842213631,5824.0005895495415,0.2939079901962346,173.3636667813954,31.65657,1,0,1,1.2254
0.832100085914135,5824.700601398945,0.2939015695179707,173.3636661338762,31.52284,1,0,1,1.0917
0.8324000835418701,5826.800584793091,0.2938811700942617,173.3636673968535,13.380956,0,0,3,-17.0502
0.832500085234642,5827.500596642494,0.293876603481257,173.36366152012096,42.183018,1,0,0,11.7519
0.8327000886201859,5828.900620341301,0.2938630961095264,173.36366209764995,31.54916,1,0,1,1.118
0.8330000564455986,5831.00039511919,0.2938438639093867,173.36366006754912,31.62571,1,0,1,1.1945
0.8330000564455986,5831.00039511919,0.2938427075581312,173.36366332798534,13.58322,0,0,3,-16.8479
0.8332000598311424,5832.400418817997,0.2938310246519413,173.36365875789824,31.4325,1,0,1,1.0013
0.833700068295002,5835.900478065014,0.2937989883061186,173.36365530238388,31.949697,1,0,1,1.5185
0.8339000642299652,5837.3004496097565,0.2937861495151737,173.3636539879207,31.781008,1,0,1,1.3498
0.8340000659227371,5838.00046145916,0.2937797233482626,173.36365334867168,31.596869,1,0,1,1.1657
0.8343000635504723,5840.100444853306,0.2937604958301007,173.3636512862202,31.844976,1,0,1,1.4138
0.8345000743865967,5841.500520706177,0.293747658688182,173.3636499606567,31.736364,1,0,1,1.3052
0.8349000737071037,5844.300515949726,0.293721991252503,173.36364729113572,31.621838,1,0,1,1.1907
0.8358000889420509,5850.6006225943565,0.2936630674268015,173.36364457288087,13.172343,0,0,3,-17.2588
0.8364000543951988,5854.800380766392,0.2936257413193625,173.3636372441926,31.409813,1,0,1,0.9786
0.8368000537157059,5857.600376009941,0.2936000686050243,173.36363457493286,31.306831,1,0,1,0.8757
0.8372000679373741,5860.400475561619,0.2935743963689883,173.36363189999346,31.240122,1,0,1,0.809
0.8378000780940056,5864.600546658039,0.293534803708979,173.36363098658606,13.39388,0,0,3,-17.0373
0.8380000740289688,5866.000518202782,0.2935230992434695,173.36362645372049,31.136446,1,0,1,0.7053
0.8384000733494759,5868.800513446331,0.2934974090344598,173.3636238180171,31.044296,1,0,1,0.6131
0.8390000835061073,5873.000584542751,0.2934588785576922,173.3636198489607,31.006927,1,0,1,0.5758
0.8391000851988792,5873.700596392155,0.2934524515153334,173.36361920256692,30.918911,1,0,1,0.4877
0.8396000564098358,5877.200394868851,0.2934203514052867,173.36361587906197,30.994762,1,0,1,0.5636
0.839900054037571,5879.300378262997,0.2934010944251624,173.3636138745873,31.103712,1,0,1,0.6725
0.8403000682592392,5882.100477814674,0.2933742286469783,173.36361455518076,12.699761,0,0,3,-17.7314
0.8410000652074814,5887.00045645237,0.2933304393930133,173.36360666168767,30.78869,1,0,1,0.3575
0.8412000760436058,5888.400532305241,0.2933175983522508,173.3636053356956,30.819105,1,0,1,0.3879
0.8416000753641129,5891.20052754879,0.29329192683658,173.36360266048823,31.016272,1,0,1,0.5851
0.8427000865340233,5898.900605738163,0.293221285190723,173.36359544825268,30.806864,1,0,1,0.3757
0.8433000594377518,5903.100416064262,0.2931845297953355,173.36358652648295,58.327,0,0,0,27.8958
0.843500055372715,5904.500387609005,0.2931687703736514,173.3635934437357,12.767563,0,0,3,-17.6636
0.8438000679016113,5906.600475311279,0.293150684775408,173.36358816084527,31.08736,1,0,1,0.6562
0.8444000631570816,5910.800442099571,0.2931110154135531,173.36358747323172,13.079212,0,0,3,-17.352
0.8447000756859779,5912.900529801846,0.2930929147228103,173.3635822431911,31.123093,1,0,1,0.6919
0.8447000756859779,5912.900529801846,0.2930929272737961,173.36358220767582,31.31961,1,0,1,0.8884
0.845500074326992,5918.500520288944,0.2930415711200061,173.36357699053391,31.155315,1,0,1,0.7242
0.8457000851631165,5919.900596141815,0.293028745524107,173.36357565051034,31.317707,1,0,1,0.8865
0.8459000885486603,5921.300619840622,0.2930159085889753,173.36357434579253,31.287455,1,0,1,0.8563
0.8459000885486603,5921.300619840622,0.2930159305412592,173.3635742836751,31.63117,1,0,1,1.2
0.8465000540018082,5925.500378012657,0.2929774230849344,173.36357037971715,31.500252,1,0,1,1.0691
0.846700057387352,5926.900401711464,0.2929633713378046,173.36357250808967,12.48118,0,0,3,-17.95
0.8472000658512115,5930.400460958481,0.2929325181850488,173.36356577969374,31.624521,1,0,1,1.1934
0.8472000658512115,5930.400460958481,0.2929325065804368,173.36356581253054,31.442825,1,0,1,1.0117
0.8475000634789467,5932.500444352627,0.2929132672619809,173.36356383421497,31.543482,1,0,1,1.1123
0.8482000753283501,5937.4005272984505,0.292867128914054,173.3635627487278,12.260683,0,0,3,-18.1705
0.848300077021122,5938.100539147854,0.292860718511251,173.3635620860151,12.317663,0,0,3,-18.1135
0.8485000804066658,5939.500562846661,0.2928491278833149,173.3635572933512,31.620985,1,0,1,1.1898
0.8486000746488571,5940.200522542,0.2928427204282555,173.3635566253748,31.709152,1,0,1,1.278
0.8492000848054886,5944.40059363842,0.2928042583802321,173.36355267006422,31.958225,1,0,1,1.5271
0.8492000848054886,5944.40059363842,0.2928030306495942,173.36355613203403,12.799787,0,0,3,-17.6314
0.8493000864982605,5945.100605487824,0.2927978296923137,173.36355206477702,31.703382,1,0,1,1.2722
0.8493000864982605,5945.100605487824,0.2927978401475608,173.3635520351929,31.867085,1,0,1,1.4359
0.8494000881910324,5945.800617337227,0.2927914304294439,173.36355137681244,31.906612,1,0,1,1.4754
0.8495000898838043,5946.50062918663,0.2927850123877608,173.36355074257042,31.813168,1,0,1,1.382
0.8496000841259956,5947.200588881969,0.292778593841054,173.36355011174626,31.70166,1,0,1,1.2705
0.8498000875115395,5948.600612580776,0.2927657846104914,173.3635487702325,31.921791,1,0,1,1.4906
0.8512000665068626,5958.400465548039,0.2926748398042651,173.36354306589155,13.129716,0,0,3,-17.3014
0.8516000732779503,5961.200512945652,0.2926504164612021,173.36353705471075,32.027218,1,0,1,1.5961
0.8526000902056694,5968.200631439686,0.292586326945178,173.36353061762927,31.768698,1,0,1,1.3375
0.8530000895261765,5971.000626683235,0.2925607148084694,173.36352799497905,31.945793,1,0,1,1.5146
0.8537000566720963,5975.900396704674,0.2925158112668483,173.36352366848914,30.821964,1,0,1,0.3908
0.8544000685214996,5980.800479650497,0.2924710067621123,173.36351908488118,31.146103,1,0,1,0.7149
0.8548000752925873,5983.600527048111,0.2924454317685548,173.3635164016457,31.697556,1,0,1,1.2664
0.8549000769853592,5984.300538897514,0.2924378316326656,173.36351913394154,13.003941,0,0,3,-17.4272
0.8553000763058662,5987.100534141064,0.2924134009361507,173.36351323894382,31.340462,1,0,1,0.9093
0.8562000840902328,5993.40058863163,0.2923557858438381,173.3635074700051,31.15202,1,0,1,0.7209
0.8568000569939613,5997.600398957729,0.2923162325327523,173.3635068809419,13.027581,0,0,3,-17.4036
0.8568000569939613,5997.600398957729,0.292316225074726,173.36350690204478,12.910811,0,0,3,-17.5204
0.8573000654578209,6001.100458204746,0.2922854110162212,173.36350036894382,31.258322,1,0,1,0.8272
0.8587000742554665,6010.900519788265,0.2921958327476269,173.36349135624292,31.54225,1,0,1,1.1111
0.8588000759482384,6011.600531637669,0.2921882432936464,173.3634941008354,12.764585,0,0,3,-17.6666
0.8590000793337822,6013.000555336475,0.2921766556559732,173.36348946579088,31.238697,1,0,1,0.8075
0.8591000884771347,6013.700619339943,0.2921702995647349,173.36348873270163,31.708033,1,0,1,1.2769
0.8593000844120979,6015.1005908846855,0.2921563171375219,173.3634908544391,12.793823,0,0,3,-17.6373
0.8595000877976418,6016.500614583492,0.2921447686436257,173.3634861138249,31.858175,1,0,1,1.427
0.8610000684857368,6027.000479400158,0.292047309647688,173.3634812039407,5.338191,0,0,0,-25.093
0.8612000644207001,6028.4004509449005,0.2920361757923376,173.36347531186442,30.798634,1,0,1,0.3675
0.8616000786423683,6031.200550496578,0.2920107010972955,173.3634725661029,31.708395,1,0,1,1.2772
0.8619000762701035,6033.300533890724,0.2919915317027209,173.36347069167286,31.376205,1,0,1,0.945
0.8619000762701035,6033.300533890724,0.291991592666531,173.36347051916982,32.330738,1,0,1,1.8996
0.8620000779628754,6034.000545740128,0.2919851385200385,173.3634700766829,31.212652,1,0,1,0.7815
0.8634000867605209,6043.800607323647,0.291895777264355,173.36346109137742,31.088333,1,0,1,0.6572
0.8638000562787056,6046.600393950939,0.2918702369227541,173.3634585621117,30.875286,1,0,1,0.4441
0.8656000792980194,6059.200555086136,0.2917553578068913,173.36344702541086,30.95455,1,0,1,0.5234
0.8663000836968422,6064.100585877895,0.2917086683847281,173.36344822229,-0.38012558,0,0,0,-30.8113
0.8669000566005707,6068.300396203995,0.2916723929073361,173.36343869733025,31.191933,1,0,1,0.7608
0.8672000542283058,6070.400379598141,0.2916532265717149,173.36343683187673,30.95952,1,0,1,0.4908
0.867700070142746,6073.900490999222,0.2916213332232608,173.36343357364473,31.418045,1,0,1,0.9493
0.868100069463253,6076.700486242771,0.291595765669802,173.36343111700972,30.975082,1,0,1,0.5064
0.868100069463253,6076.700486242771,0.2915957738872635,173.36343109375665,31.103752,1,0,1,0.635
0.8695000782608986,6086.50054782629,0.2915063968570857,173.36342216033816,31.546146,1,0,1,1.0774
0.8699000850319862,6089.300595223904,0.2914796432296502,173.3634230313915,12.766937,0,0,3,-17.7018
0.8700000867247581,6090.000607073307,0.2914744526618984,173.3634190249811,31.4516,1,0,1,0.9829
0.8704000562429428,6092.8003937006,0.2914489231959425,173.36341644505546,31.793797,1,0,1,1.3251
0.8706000596284866,6094.200417399406,0.2914363672939874,173.36341456191565,35.253826,1,0,0,4.7851
0.8707000687718391,6094.900481402874,0.2914285498138282,173.36341795844157,12.977957,0,0,3,-17.4908
0.8713000640273094,6099.100448191166,0.2913902115890378,173.36341419017188,12.981494,0,0,3,-17.4872
0.8716000691056252,6101.200483739376,0.2913710365862589,173.36341231646594,12.940438,0,0,3,-17.5283
0.8718000650405884,6102.600455284119,0.2913582695991754,173.36341102056554,13.177677,0,0,3,-17.291
0.8721000775694847,6104.700542986393,0.2913403022410915,173.36340573431812,32.038124,1,0,1,1.5694
0.8724000751972198,6106.800526380539,0.2913199267154017,173.36340723774595,13.335036,0,0,3,-17.1337
0.8727000802755356,6108.900561928749,0.2913018913312765,173.36340213791453,31.184202,1,0,1,0.7155
0.8735000863671303,6114.500604569912,0.2912507590655658,173.36339708456657,31.535551,1,0,1,1.0668
0.8739000558853149,6117.300391197205,0.2912251786240084,173.36339459353636,31.54125,1,0,1,1.0725
0.8748000636696815,6123.600445687771,0.2911676151897826,173.3633889663996,31.737228,1,0,1,1.2685
0.8749000653624535,6124.300457537174,0.291161203027436,173.36338838434585,31.525265,1,0,1,1.0565
0.8753000795841217,6127.100557088852,0.2911355966313318,173.363385929848,31.386204,1,0,1,0.9175
0.8756000772118568,6129.200540482998,0.2911152053797298,173.36338743117565,12.7973995,0,0,3,-17.6713
0.8757000789046288,6129.900552332401,0.2911099828024232,173.36338349050615,31.180027,1,0,1,0.7113
0.8757000789046288,6129.900552332401,0.2911100102621976,173.36338341279998,31.61,1,0,1,1.1413
0.875900074839592,6131.300523877144,0.2910959868181748,173.3633856208626,12.544088,0,0,3,-17.9246
0.8769000843167305,6138.3005902171135,0.2910319540375331,173.3633794647628,12.435991,0,0,3,-18.0327
0.8770000860095024,6139.000602066517,0.2910255501800652,173.36337884747377,12.439643,0,0,3,-18.0291
0.8771000578999519,6139.700405299664,0.2910203753380901,173.36337476929384,31.597525,1,0,1,1.1288
0.8772000595927238,6140.400417149067,0.291015390863416,173.3633701492351,53.754353,0,0,0,23.2856
0.8775000646710396,6142.500452697277,0.2909947644215084,173.36337227910445,31.741241,1,0,1,1.2725
0.8777000680565834,6143.900476396084,0.2909821143302165,173.3633708720313,31.854568,1,0,1,1.3858
0.8790000751614571,6153.000526130199,0.2908964710493873,173.36336925267943,-2.658563,0,0,0,-33.1273
0.8798000887036324,6158.6006209254265,0.2908460853404053,173.3633616707887,12.603475,0,0,3,-17.8652
0.8801000863313675,6160.700604319572,0.2908267793530073,173.36335997836173,11.967291,0,0,3,-18.5014
0.8802000880241394,6161.400616168976,0.2908216287950432,173.3633557909975,31.806715,1,0,1,1.338
0.8809000551700592,6166.300386190414,0.2907766628906527,173.36335159778764,31.6921,1,0,1,1.2234
0.8820000812411308,6174.000568687916,0.2907060048015243,173.3633449361573,31.934553,1,0,1,1.4658
0.8830000758171082,6181.000530719757,0.2906405302923327,173.36334233323657,13.054187,0,0,3,-17.4145
0.8838000893592834,6186.600625514984,0.2905891023499115,173.36333753361052,12.977224,0,0,3,-17.4915
0.8842000588774681,6189.400412142277,0.2905645734252974,173.36333179006218,31.436987,1,0,1,0.9683
0.8842000588774681,6189.400412142277,0.2905645496201699,173.36333185742555,31.064255,1,0,1,0.5955
0.8844000697135925,6190.800487995148,0.2905519408116502,173.36332994972705,34.956116,1,0,0,4.4874
0.8850000649690628,6195.00045478344,0.2905131290460692,173.3633270024255,31.261715,1,0,1,0.793
0.8857000768184662,6199.900537729263,0.2904681020055556,173.36332283272148,30.973293,1,0,1,0.5046
0.88590008020401,6201.30056142807,0.29045523192357,173.3633216535035,30.8182,1,0,1,0.3495
0.88590008020401,6201.30056142807,0.2904552625981063,173.36332156670193,31.298481,1,0,1,0.8298
0.8861000761389732,6202.700532972813,0.2904423929941145,173.36332038644417,31.14664,1,0,1,0.6779
0.8861000761389732,6202.700532972813,0.290442422818684,173.36332030204787,31.613613,1,0,1,1.1449
0.8862000778317451,6203.400544822216,0.2904359675459851,173.3633197687515,31.222034,1,0,1,0.7533
0.886400081217289,6204.800568521023,0.2904230980374213,173.3633185852731,31.083374,1,0,1,0.6147
0.8865000903606415,6205.50063252449,0.2904166777820317,173.3633179507354,31.249449,1,0,1,0.7807
0.8870000913739204,6209.000639617443,0.2903845154890174,173.36331495563743,31.08646,1,0,1,0.6177
0.8871000856161118,6209.700599312782,0.2903780824262776,173.36331435879228,31.039465,1,0,1,0.5707
0.8875000551342964,6212.500385940075,0.2903524043209393,173.36331181739368,31.694752,1,0,1,1.226
0.8877000585198402,6213.900409638882,0.2903395197715057,173.3633106709163,31.328783,1,0,1,0.8601
0.8883000686764717,6218.100480735302,0.2903009368599442,173.3633070273779,31.335896,1,0,1,0.8672
0.8886000663042068,6220.200464129448,0.2902816422246902,173.36330521407174,31.27843,1,0,1,0.8097
0.8887000679969788,6220.900475978851,0.2902740795570292,173.36330779766067,13.615389,0,0,3,-16.8533
0.8889000788331032,6222.300551831722,0.2902623258932655,173.36330345827236,30.892103,1,0,1,0.4234
0.8891000747680664,6223.700523376465,0.2902495029128871,173.36330213511965,31.47357,1,0,1,1.0048
0.8893000781536102,6225.100547075272,0.2902354948724314,173.36330415155354,13.569855,0,0,3,-16.8989
0.8895000740885735,6226.500518620014,0.2902237725290794,173.36329972524751,31.313513,1,0,1,0.8448
0.8898000791668892,6228.600554168224,0.2902033695011103,173.3633010315252,13.949962,0,0,3,-16.5188
0.8904000893235207,6232.800625264645,0.2901659100796151,173.36329420868535,31.399866,1,0,1,0.9311
0.8914000689983368,6239.8004829883575,0.290100473439422,173.36329131294045,13.471707,0,0,3,-16.997
0.8919000700116158,6243.30049008131,0.2900694550496513,173.3632850718369,30.976082,1,0,1,0.5074
0.892100065946579,6244.700461626053,0.2900566443881007,173.36328371307553,31.671648,1,0,1,1.2029
0.892100065946579,6244.700461626053,0.2900566178130763,173.36328378827363,31.255579,1,0,1,0.7869
0.8923000767827034,6246.100537478924,0.2900437845738715,173.36328249090548,31.6047,1,0,1,1.136
0.8930000811815262,6251.000568270683,0.2899987788576729,173.36327821223796,31.327147,1,0,1,0.8584
0.8936000913381577,6255.200639367104,0.2899602337711947,173.36327446017202,31.493444,1,0,1,1.0247
0.8941000550985336,6258.700385689735,0.2899280581383575,173.3632715009962,30.66022,1,0,1,0.1915
0.8943000584840775,6260.100409388542,0.289915233438442,173.36327018631286,31.039204,1,0,1,0.5705
0.8944000601768494,6260.800421237946,0.2899088126646767,173.3632695530952,31.092625,1,0,1,0.6239
0.8946000561118126,6262.200392782688,0.2898959536125701,173.36326833819254,30.909374,1,0,1,0.4407
0.894800066947937,6263.600468635559,0.2898831310847751,173.3632670179733,31.301325,1,0,1,0.8326
0.8950000703334808,6265.000492334366,0.2898703002340597,173.36326572357973,31.543606,1,0,1,1.0749
0.8950000703334808,6265.000492334366,0.2898702957819546,173.36326573617742,31.473904,1,0,1,1.0052
0.8956000655889511,6269.200459122658,0.2898317557458346,173.3632619956134,31.369547,1,0,1,0.9008
0.8957000747323036,6269.900523126125,0.2898241928475359,173.36326458369652,13.574406,0,0,3,-16.8943
0.8963000774383545,6274.100542068481,0.2897868094069835,173.36325759212795,31.38419,1,0,1,0.9155
0.8967000842094421,6276.900589466095,0.2897611197802895,173.36325509910853,31.224073,1,0,1,0.7553
0.897300086915493,6281.100608408451,0.2897226170490501,173.36325128056032,31.366781,1,0,1,0.8981
0.897300086915493,6281.100608408451,0.289722617246861,173.3632512800006,31.369879,1,0,1,0.9012
0.8974000886082649,6281.800620257855,0.2897188143898901,173.3632432742698,72.1661,0,0,0,41.6974
0.8979000598192215,6285.300418734551,0.2896840164626023,173.3632477155552,31.056059,1,0,1,0.5873
0.89890006929636,6292.30048507452,0.289618792280004,173.36324439710228,13.42612,0,0,3,-17.0426
0.8991000801324844,6293.700560927391,0.2896071346444229,173.3632398256205,31.503187,1,0,1,1.0345
0.8992000743746758,6294.40052062273,0.2896006956523853,173.36323926308168,31.004295,1,0,1,0.5356
0.8995000794529915,6296.50055617094,0.2895803397367563,173.36324050137813,13.306273,0,0,3,-17.1625
0.8997000753879547,6297.900527715683,0.2895675376149443,173.36323916387192,13.469335,0,0,3,-16.9994
0.9000000804662704,6300.000563263893,0.289548307935239,173.3632372335842,13.281828,0,0,3,-17.1869
0.900100089609623,6300.700627267361,0.2895430576328326,173.36323332049955,31.308947,1,0,1,0.8402
0.9004000872373581,6302.800610661507,0.2895238414115218,173.36323135858478,31.27928,1,0,1,0.8106
0.9006000906229019,6304.200634360313,0.2895089366186665,173.36323595430943,-1.4160514,0,0,0,-31.8848
0.9007000848650932,6304.900594055653,0.2895046442979337,173.36322934646952,31.514912,1,0,1,1.0462
0.9007000848650932,6304.900594055653,0.2895046271432109,173.36322939500934,31.246346,1,0,1,0.7776
0.901100054383278,6307.700380682945,0.2894778666550214,173.36323000595027,13.316814,0,0,3,-17.1519
0.9018000662326812,6312.600463628769,0.2894342285436841,173.36322207892889,31.671572,1,0,1,1.2028
0.9032000750303268,6322.400525212288,0.2893434449777894,173.3632161841959,13.11631,0,0,3,-17.3524
0.9039000868797302,6327.300608158112,0.2892998457355636,173.363208216465,31.555885,1,0,1,1.0872
0.9039000868797302,6327.300608158112,0.2892965983101939,173.36321737056335,-19.099247,0,0,0,-49.568
0.904100090265274,6328.700631856918,0.289285827922795,173.36321034378918,12.448873,0,0,0,-18.0199
0.9051000699400902,6335.700489580631,0.2892230739696486,173.3632003439533,31.076447,1,0,1,0.6077
0.905200071632862,6336.400501430035,0.289216678873191,173.36319968333217,31.058535,1,0,1,0.5898
0.9054000675678252,6337.800472974777,0.2892039379560084,173.36319822554887,31.777306,1,0,1,1.3086
0.9058000817894936,6340.600572526455,0.2891783232432793,173.36319568773064,31.119905,1,0,1,0.6512
0.9058000817894936,6340.600572526455,0.2891783053929463,173.36319573823835,30.840446,1,0,1,0.3717
0.9064000770449638,6344.800539314747,0.2891399462313546,173.36319177331856,30.722935,1,0,1,0.2542
0.9066000804305075,6346.200563013554,0.2891260541262138,173.36319357135386,13.41889,0,0,3,-17.0498
0.906700074672699,6346.900522708893,0.2891200301898665,173.36319187238377,19.143227,0,0,0,-11.3255
0.906700074672699,6346.900522708893,0.2891207700544436,173.36318978793727,30.678091,1,0,1,0.2094
0.9068000763654708,6347.600534558296,0.2891143766321071,173.3631891305284,30.63859,1,0,1,0.1699
0.9071000888943672,6349.7006222605705,0.2890952035619661,173.36318713929873,30.624619,1,0,1,0.1559
0.9072000905871392,6350.400634109974,0.2890877096123153,173.3631895858153,13.408783,0,0,3,-17.0599
0.9076000899076462,6353.200629353523,0.2890632689824833,173.36318377644454,30.846437,1,0,1,0.3777
0.9079000577330588,6355.3004041314125,0.2890440972002532,173.36318180200453,30.742237,1,0,1,0.2735
0.9084000661969184,6358.800463378429,0.2890121534717776,173.36317848326175,30.724478,1,0,1,0.2558
0.9084000661969184,6358.800463378429,0.2890110877775229,173.36318148665006,14.104499,0,0,3,-16.3642
0.9085000678896904,6359.500475227833,0.2890057676567917,173.36317781267925,30.75939,1,0,1,0.2907
0.9087000712752342,6360.90049892664,0.2889929971239645,173.36317646986,30.839169,1,0,1,0.3704
0.9092000648379326,6364.400453865528,0.2889610709693694,173.36317312350684,30.98551,1,0,1,0.5168
0.9093000814318656,6365.10057002306,0.288954683212069,173.36317245946526,30.98628,1,0,1,0.5176
0.910000078380108,6370.000548660755,0.2889088012268557,173.36317113695716,12.604212,0,0,0,-17.8645
0.9105000868439674,6373.500607907772,0.2888767057326566,173.36316829594745,9.983318,0,0,0,-20.4854
0.9106000885367392,6374.200619757175,0.2888716966367884,173.36316375478134,31.44628,1,0,1,0.9776
0.9108000919222832,6375.600643455982,0.2888589079649433,173.36316248293082,31.15288,1,0,1,0.6842
0.9113000556826591,6379.100389778614,0.2888270057172776,173.36315912301174,31.430344,1,0,1,0.9616
0.9124000668525696,6386.800467967987,0.2887556677803612,173.36315500261833,14.001274,0,0,3,-16.4674
0.9125000685453416,6387.50047981739,0.2887503936455582,173.36315121635158,31.301329,1,0,1,0.8326
0.9125000685453416,6387.50047981739,0.2887504086023233,173.36315117403063,31.535494,1,0,1,1.0668
0.913400076329708,6393.800534307957,0.2886929563745554,173.3631452639002,31.412872,1,0,1,0.9441
0.9142000898718834,6399.400629103184,0.2886418780959143,173.36314006240772,31.084898,1,0,1,0.6162
0.9144000858068466,6400.800600647926,0.2886291290751209,173.36313870889953,31.308008,1,0,1,0.8393
0.914600059390068,6402.200415730476,0.288615251729737,173.3631405416354,13.904427,0,0,3,-16.5643
0.91470006108284,6402.90042757988,0.2886088626233379,173.36313990669584,13.788441,0,0,3,-16.6803
0.9149000570178032,6404.300399124622,0.2885971941931545,173.36313551101256,30.857798,1,0,1,0.3891
0.9150000661611556,6405.00046312809,0.2885897236673947,173.36313792363276,13.880378,0,0,3,-16.5883
0.9158000648021698,6410.600453615189,0.2885397926435892,173.36312953411354,31.341005,1,0,1,0.8723
0.9164000749588012,6414.800524711609,0.2885011043879699,173.36312674772637,25.088055,1,0,0,-5.3807
0.9166000783443452,6416.200548410416,0.2884876262679174,173.36312746207992,13.921153,0,0,3,-16.5476
0.916700080037117,6416.900560259819,0.2884823358546752,173.36312373631975,30.933895,1,0,1,0.4652
0.9170000851154329,6419.000595808029,0.2884631824152882,173.36312181188148,30.776342,1,0,1,0.3076
0.9172000885009766,6420.400619506836,0.2884504300747391,173.3631204831413,30.931229,1,0,1,0.4625
0.9177000895142556,6423.900626599789,0.2884174587047891,173.36312007687192,13.981972,0,0,3,-16.4868
0.9183000549674034,6428.100384771824,0.288380268476448,173.36311316820093,31.172739,1,0,1,0.704
0.9184000566601752,6428.800396621227,0.2883738643007605,173.3631125964281,30.834576,1,0,1,0.3659
0.9191000685095788,6433.700479567051,0.2883292034004928,173.36310812227043,31.113745,1,0,1,0.645
0.919400081038475,6435.800567269325,0.2883100486930906,173.36310624596885,31.023695,1,0,1,0.555
0.9196000769734384,6437.200538814068,0.2882973095707915,173.3631049111482,31.434483,1,0,1,0.9658
0.919900082051754,6439.300574362278,0.2882770083889951,173.3631062698681,13.459988,0,0,3,-17.0087
0.9207000881433488,6444.900617003441,0.2882270959657542,173.36309798851372,31.452703,1,0,1,0.984
0.9210000857710838,6447.000600397587,0.2882079426252799,173.3630961138447,31.405111,1,0,1,0.9364
0.9211000874638556,6447.70061224699,0.2882015499622506,173.36309551180943,31.264555,1,0,1,0.7958
0.9214000552892684,6449.80038702488,0.2881824055291976,173.36309361760294,31.33691,1,0,1,0.8682
0.9216000586748124,6451.200410723686,0.2881696490931404,173.3630923315456,31.51716,1,0,1,1.0484
0.9220000654459,6454.0004581213,0.2881441077843382,173.3630898392491,31.445494,1,0,1,0.9768
0.9225000664591788,6457.5004652142525,0.2881121954894496,173.3630866828845,31.599306,1,0,1,1.1306
0.922900065779686,6460.300460457802,0.2880866655244682,173.3630841564369,31.741564,1,0,1,1.2728
0.9237000793218612,6465.900555253029,0.2880355916298582,173.3630791330156,31.88863,1,0,1,1.4199
0.9239000901579856,6467.3006311059,0.2880228111136387,173.36307790779478,31.760183,1,0,1,1.2915
0.9248000606894492,6473.600424826145,0.2879663411486894,173.36306945946035,47.442776,1,0,0,16.9741
0.9253000617027284,6477.100431919098,0.2879334008606412,173.36306917440152,31.767817,1,0,1,1.2991
0.925600066781044,6479.200467467308,0.2879142168455719,173.36306736348743,31.439146,1,0,1,0.9704
0.925700068473816,6479.900479316711,0.2879078158338641,173.36306677714435,31.234066,1,0,1,0.7653
0.9258000701665878,6480.600491166115,0.2879014294893711,173.36306614896202,31.26054,1,0,1,0.7918
0.9268000796437263,6487.600557506084,0.2878375445748464,173.36305990927747,31.291317,1,0,1,0.8226
0.9268000796437263,6487.600557506084,0.2878375506280849,173.36305989214793,31.386097,1,0,1,0.9174
0.9270000755786896,6489.000529050827,0.2878247500797785,173.3630587073958,31.041698,1,0,1,0.573
0.9271000772714616,6489.70054090023,0.2878183872145825,173.3630580078394,31.462147,1,0,1,0.9934
0.9271000772714616,6489.70054090023,0.2878183983548184,173.3630579763146,31.636576,1,0,1,1.1679
0.9278000891208648,6494.600623846054,0.287773656600307,173.3630536379791,31.482609,1,0,1,1.0139
0.928000085055828,6496.000595390797,0.2877608735780118,173.36305239479074,31.456518,1,0,1,0.9878
0.9282000586390496,6497.400410473347,0.2877480129704295,173.36305137192352,30.210453,1,0,0,-0.2583
0.9284000620245934,6498.8004341721535,0.2877352861067268,173.36304996605125,31.081532,1,0,1,0.6128
0.928800068795681,6501.600481569767,0.2877097464489954,173.36304738840735,31.522627,1,0,1,1.0539
0.9290000721812248,6503.000505268574,0.2876957995242052,173.36304941544807,13.391327,0,0,3,-17.0774
0.9296000674366952,6507.200472056866,0.2876586026943469,173.36304239249458,31.498814,1,0,1,1.0301
0.9298000782728196,6508.600547909737,0.287647349396494,173.36303681528295,55.437984,0,0,0,24.9693
0.9298000782728196,6508.600547909737,0.2876445895332305,173.3630445952637,12.385536,0,0,0,-18.0832
0.9298000782728196,6508.600547909737,0.287643121933309,173.36304873334225,-10.513134,0,0,0,-40.9819
0.9314000904560088,6519.800633192062,0.2875433121289534,173.36303162351822,28.676285,1,0,0,-1.7924
0.9314000904560088,6519.800633192062,0.2875434836733901,173.36303113957095,31.354252,1,0,1,0.8855
0.9317000582814216,6521.900407969952,0.287524298754522,173.36302924643215,31.403322,1,0,1,0.9346
0.9318000599741936,6522.600419819355,0.287516749760981,173.3630318654509,13.432586,0,0,3,-17.0361
0.9320000559091568,6524.000391364098,0.2875050987284068,173.3630273844461,31.270613,1,0,1,0.8019
0.9330000653862952,6531.000457704067,0.287439960431642,173.3630243384914,13.272445,1,0,3,-17.1963
0.9338000789284706,6536.600552499294,0.2873899100501216,173.36301604043595,31.22999,1,0,1,0.7613
0.9340000823140144,6538.000576198101,0.2873751550224998,173.3630202803191,0.7659335,0,0,0,-29.7028
0.9343000873923302,6540.100611746311,0.287357914852067,173.3630128421784,31.414232,1,0,1,0.9455
0.934500090777874,6541.500635445118,0.2873450990200492,173.36301160779658,31.230808,1,0,1,0.7621
0.9348000884056092,6543.600618839264,0.2873258974242939,173.36300968916385,31.317554,1,0,1,0.8488
0.9352000579237938,6546.400405466557,0.2873002767219075,173.3630071776089,31.15821,1,0,1,0.6895
0.9359000697731972,6551.30048841238,0.2872554579025551,173.3630026908654,31.332586,1,0,1,0.8639
0.9359000697731972,6551.30048841238,0.2872554542236041,173.36300270127646,31.274982,1,0,1,0.8063
0.9363000690937042,6554.10048365593,0.2872298320788755,173.36300015347288,31.256136,1,0,1,0.7874
0.936400070786476,6554.800495505333,0.2872223220011412,173.36300262786992,14.030659,1,0,3,-16.4381
0.9372000768780708,6560.400538146496,0.2871721945509301,173.3629943369146,31.595951,1,0,1,1.1272
0.9373000785708429,6561.100549995899,0.2871657931570925,173.36299367852948,31.693472,1,0,1,1.2247
0.9376000910997392,6563.2006376981735,0.2871454444114281,173.36299492400286,14.155172,1,0,3,-16.3136
0.9379000887274742,6565.30062109232,0.2871273087124735,173.3629900113329,31.595232,1,0,1,1.1265
0.938100092113018,6566.700644791126,0.2871165136457985,173.3629830088027,63.09457,0,0,0,32.6258
0.938100092113018,6566.700644791126,0.2871145146490953,173.3629886446984,31.907227,1,0,1,1.4385
0.9385000616312028,6569.500431418419,0.2870888794545855,173.36298604169227,31.794237,1,0,1,1.3255
0.9388000592589378,6571.600414812565,0.2870696336697252,173.3629841317946,31.459358,1,0,1,0.9906
0.9389000609517096,6572.300426661968,0.2870632491604016,173.36298340602605,31.838036,1,0,1,1.3693
0.9393000677227974,6575.100474059582,0.2870390416773398,173.36297674449307,54.137447,0,0,0,23.6687
0.9395000711083412,6576.5004977583885,0.2870247756629741,173.3629795052461,31.570509,1,0,1,1.1018
0.9396000653505324,6577.200457453728,0.2870173853767991,173.36298161086188,16.272118,1,0,0,-14.1966
0.9396000653505324,6577.200457453728,0.287015716027063,173.3629863168668,-9.769292,0,0,0,-40.238
0.9397000670433044,6577.900469303131,0.287011769014054,173.36297871233273,28.663347,1,0,0,-1.8054
0.9400000795722008,6580.000557005405,0.2869927271516033,173.3629761962248,31.634602,1,0,1,1.1659
0.9400000795722008,6580.000557005405,0.2869915303387062,173.36297956951466,12.96774,1,0,3,-17.501
0.940300077199936,6582.100540399551,0.2869723211923568,173.36297752086583,13.341669,1,0,3,-17.1271
0.9409000799059868,6586.300559341908,0.2869327942542647,173.36297652281405,-3.093431,0,0,0,-33.5622
0.9410000890493392,6587.000623345375,0.2869286140182389,173.36296956506104,31.744684,1,0,1,1.276
0.9411000907421112,6587.700635194778,0.2869209489069049,173.362972432012,12.215045,1,0,0,-18.2537
0.9411000907421112,6587.700635194778,0.2869210599054375,173.3629721194063,13.944964,1,0,3,-16.5238
0.9412000924348832,6588.400647044182,0.2869151628993586,173.36297000015398,22.006233,1,0,0,-8.4625
0.9414000883698465,6589.800618588924,0.2869047279396732,173.36296193136536,59.322144,0,0,0,28.8534
0.9417000859975816,6591.90060198307,0.2868837369262302,173.36296487264477,32.036114,1,0,1,1.5674
0.941800057888031,6592.600405216217,0.2868773291862395,173.36296419517257,32.114113,1,0,1,1.6454
0.9419000595808028,6593.30041706562,0.2868709174860216,173.36296352254016,32.163265,1,0,1,1.6945
0.9427000656723976,6598.900459706783,0.2868195763986315,173.36295825027585,31.921494,1,0,1,1.4528
0.9433000683784484,6603.100478649139,0.2867799224993277,173.36295750244307,13.96152,0,0,3,-16.5072
0.9435000792145728,6604.50055450201,0.286768251253142,173.362952884509,32.143288,1,0,1,1.6746
0.943800076842308,6606.600537896156,0.2867489724454473,173.36295095233586,31.772028,1,0,1,1.3033
0.9441000819206238,6608.700573444367,0.2867277942277077,173.36295436639787,1.8097289,0,0,0,-28.659
0.9448000863194466,6613.600604236126,0.2866847936728454,173.362944226702,32.07069,1,0,1,1.602
0.9450000897049904,6615.000627934933,0.286673586640487,173.36293828102356,57.5823,0,0,0,27.1136
0.9465000703930856,6625.500492751598,0.2865756028632948,173.3629328983077,31.892809,1,0,1,1.4241
0.9479000866413116,6635.3006064891815,0.2864844983493312,173.3629267740509,13.9594555,0,0,3,-16.5093
0.9485000893473624,6639.500625431538,0.2864471019353743,173.3629194726125,32.152576,1,0,1,1.6839
0.948600061237812,6640.200428664684,0.2864406676729698,173.36291882770536,32.020813,1,0,1,1.5521
0.9489000588655472,6642.30041205883,0.2864215493239229,173.36291635446108,34.603355,1,0,0,4.1346
0.9490000605583192,6643.000423908234,0.28641376190918,173.3629195175412,13.398452,0,0,3,-17.0703
0.9492000713944436,6644.400499761105,0.2864041525635993,173.3629090209677,64.083,0,0,0,33.6143
0.9498000666499138,6648.6004665493965,0.2863635077845547,173.36291084554463,31.787794,1,0,1,1.3191
0.9499000683426856,6649.3004783988,0.2863570615011635,173.36291022364537,31.530558,1,0,1,1.0618
0.9499000683426856,6649.3004783988,0.2863555724768772,173.36291442043066,8.30603,0,0,0,-22.1627
0.9509000778198242,6656.3005447387695,0.2862927882025546,173.36290345043793,32.04596,1,0,1,1.5772
0.9513000920414924,6659.100644290447,0.286265876396443,173.36290412071767,13.5625,0,0,3,-16.9062
0.9515000879764556,6660.50061583519,0.2862542112807572,173.36289940722088,32.26278,1,0,1,1.7941
0.9515000879764556,6660.50061583519,0.2862542287084975,173.3628993579089,32.535633,1,0,1,2.0669
0.9515000879764556,6660.50061583519,0.2862541711358456,173.36289952081137,31.634258,1,0,1,1.1655
0.9516000896692276,6661.200627684593,0.286247771397681,173.36289876180103,32.143414,1,0,1,1.6747
0.9517000913619996,6661.900639533997,0.2862413456076084,173.36289807624698,32.246704,1,0,1,1.778
0.953300066292286,6673.100464046001,0.2861386423053694,173.3628867812947,35.796993,1,0,0,5.3283
0.953800082206726,6676.6005754470825,0.2861062156457066,173.36288417364227,31.843222,1,0,1,1.3745
0.9539000764489174,6677.300535142422,0.2860997373310126,173.362883634208,31.154543,1,0,1,0.6858
0.9540000781416892,6678.000546991825,0.2860933435631828,173.3628828540549,31.798433,1,0,1,1.3297
0.9542000815272332,6679.400570690632,0.2860805011118875,173.3628814488726,32.23058,1,0,1,1.7619
0.9545000866055487,6681.500606238842,0.2860611666954973,173.3628795407207,31.78116,1,0,1,1.3124
0.9546000882983208,6682.200618088245,0.2860547426327824,173.36287884586918,31.958609,1,0,1,1.4899
0.9551000893115996,6685.700625181198,0.2860225599122473,173.36287554889495,31.879831,1,0,1,1.4111
0.9554000571370124,6687.800399959087,0.2860032364950628,173.36287361587767,31.595995,1,0,1,1.1273
0.9555000588297844,6688.500411808491,0.2859968123790288,173.36287292105305,31.782362,1,0,1,1.3136
0.9562000706791878,6693.400494754314,0.2859517331866313,173.36286837066012,31.383137,1,0,1,0.9144
0.9563000723719596,6694.100506603718,0.2859453013957804,173.3628676979477,31.455898,1,0,1,0.9872
0.9563000723719596,6694.100506603718,0.2859441582470254,173.3628709202637,13.62374,0,0,3,-16.845
0.956400066614151,6694.800466299057,0.2859388574963079,173.3628670609839,31.33226,1,0,1,0.8635
0.956400066614151,6694.800466299057,0.2859388714441702,173.36286702152103,31.55062,1,0,1,1.0819
0.956400066614151,6694.800466299057,0.2859376895491474,173.36287035195608,13.119933,0,0,3,-17.3488
0.9566000699996948,6696.200489997864,0.2859259647858611,173.36286579691938,31.033033,1,0,1,0.5643
0.9567000716924668,6696.900501847267,0.2859195402749302,173.3628651054905,31.214224,1,0,1,0.7455
0.9575000777840614,6702.50054448843,0.2858680301706864,173.36285988926522,30.960257,1,0,1,0.4915
0.9584000930190086,6708.8006511330605,0.2858093080360664,173.36285631719164,17.636095,1,0,0,-12.8326
0.9584000930190086,6708.8006511330605,0.2858101901369281,173.36285383203278,31.389164,1,0,1,0.9204
0.9594000726938248,6715.800508856773,0.2857446024234504,173.3628506168212,13.51689,0,0,3,-16.9518
0.95970007032156,6717.900492250919,0.2857264078715637,173.36284548138704,31.260386,1,0,1,0.7917
0.9599000662565232,6719.300463795662,0.2857135185697924,173.36284420117016,31.233835,1,0,1,0.7651
0.9608000814914704,6725.600570440292,0.2856574357503247,173.362833044989,61.02782,0,0,0,30.5591
0.9609000757336617,6726.300530135632,0.2856479841285675,173.362840885809,14.093173,0,0,3,-16.3756
0.9611000791192056,6727.700553834438,0.2856354022574402,173.3628387482212,18.838495,1,0,0,-11.6302
0.9611000791192056,6727.700553834438,0.2856362002884939,173.3628364995057,31.28299,1,0,1,0.8143
0.9623000621795654,6736.100435256958,0.2855577943372916,173.36283194315422,14.085304,1,0,3,-16.3834
0.9626000598073006,6738.200418651104,0.2855395737763694,173.36282692550867,31.2731,1,0,1,0.8044
0.9639000818133354,6747.300572693348,0.2854547514691578,173.36282177996475,14.001229,1,0,3,-16.4675
0.9643000811338424,6750.100567936897,0.2854290126174315,173.36281920772876,14.191045,1,0,3,-16.2777
0.9643000811338424,6750.100567936897,0.2854290251371587,173.36281917231048,14.387025,1,0,3,-16.0817
0.9644000828266144,6750.800579786301,0.2854237248212669,173.36281533368475,32.120792,1,0,1,1.6521
0.9645000770688056,6751.50053948164,0.2854161158103385,173.362818004536,13.832367,1,0,3,-16.6364
0.9646000787615776,6752.200551331043,0.2854096267362161,173.36281751701122,13.022688,1,0,3,-17.446
0.9648000821471214,6753.60057502985,0.2853968157505039,173.36281607604118,13.984681,1,0,3,-16.484
0.9650000929832458,6755.000650882721,0.2853851049993878,173.36281153499382,32.10522,1,0,1,1.6365
0.9651000872254372,6755.70061057806,0.2853775144401386,173.36281415862965,14.082929,1,0,3,-16.3858
0.9667000696063042,6766.900487244129,0.2852757313558451,173.36280081466342,31.974968,1,0,1,1.5062
0.966800071299076,6767.600499093533,0.2852692395511036,173.36280035467567,31.029009,1,0,1,0.5603
0.9671000689268112,6769.700482487679,0.2852488503840652,173.36280156094594,13.883658,1,0,3,-16.5851
0.9686000868678092,6780.200608074665,0.2851535792071965,173.36278890729326,31.633478,1,0,1,1.1648
0.9687000885605812,6780.900619924068,0.2851471240224611,173.362788363358,31.162428,1,0,1,0.6937
0.968900091946125,6782.300643622875,0.2851343334728098,173.36278694408648,32.05619,1,0,1,1.5875
0.9692000597715378,6784.4004184007645,0.2851150153365582,173.36278520131043,31.264229,1,0,1,0.7955
0.9692000597715378,6784.4004184007645,0.2851150196110313,173.36278519071965,31.323101,1,0,1,0.8544
0.9693000614643096,6785.100430250168,0.2851074202426095,173.36278787813143,12.972555,1,0,3,-17.4962
0.9694000631570816,6785.800442099571,0.2851021926745113,173.36278388416466,31.597214,1,0,1,1.1285
0.9695000573992728,6786.50040179491,0.2850946479728068,173.3627864220696,14.075259,1,0,3,-16.3935
0.9697000682353972,6787.900477647781,0.2850829027643145,173.36278207130442,31.19781,1,0,1,0.7291
0.9698000699281693,6788.600489497185,0.2850764806776097,173.36278144748238,31.173609,1,0,1,0.7049
0.9699000716209412,6789.300501346588,0.2850700901568754,173.36278073700532,31.629526,1,0,1,1.1608
0.9699000716209412,6789.300501346588,0.2850689905084602,173.3627838357499,14.481155,1,0,3,-15.9876
0.9703000709414482,6792.1004965901375,0.2850443969582865,173.3627782728771,31.365429,1,0,1,0.8967
0.970700077712536,6794.900543987751,0.2850187226729756,173.36277577239244,31.30731,1,0,1,0.8386
0.97200009226799,6804.000645875931,0.2849353494178307,173.36276758483433,31.484491,1,0,1,1.0158
0.9722000882029532,6805.400617420673,0.2849213911651033,173.36276953353797,13.760392,0,0,3,-16.7083
0.9728000611066818,6809.600427746773,0.2848830262900741,173.36276551877347,15.161409,0,0,0,-15.3073
0.9733000695705414,6813.10048699379,0.284852026124116,173.3627594659277,31.312555,1,0,1,0.8438
0.9741000831127168,6818.700581789017,0.2848008012220243,173.36275442598657,31.45535,1,0,1,0.9866
0.974700078368187,6822.900548577309,0.2847636971755163,173.36274699410026,51.773186,0,0,0,21.3045
0.9748000800609588,6823.600560426712,0.2847532886671312,173.36275766551506,-10.749701,0,0,0,-41.2184
0.9756000861525536,6829.200603067875,0.28470479373266,173.3627450782937,31.157934,1,0,1,0.6892
0.9757000878453256,6829.900614917278,0.2846983997848358,173.3627444462997,31.186443,1,0,1,0.7177
0.9758000895380974,6830.600626766682,0.2846908696660478,173.36274701758768,13.488238,0,0,3,-16.9805
0.976400062441826,6834.800437092781,0.2846525224570882,173.3627432206705,13.68563,0,0,3,-16.7831
0.9765000715851784,6835.500501096249,0.2846460877080878,173.36274271101848,13.035821,0,0,3,-17.4329
0.9766000732779504,6836.200512945652,0.284640849772583,173.3627388318702,31.03271,1,0,1,0.564
0.9768000692129136,6837.600484490395,0.2846281031375932,173.36273747977708,31.575384,1,0,1,1.1067
0.97770007699728,6843.900538980961,0.2845704058766328,173.36273204811064,31.032358,1,0,1,0.5636
0.977800078690052,6844.600550830364,0.2845640271262656,173.3627314213031,30.98772,1,0,1,0.519
0.9782000780105592,6847.400546073914,0.2845385550940453,173.3627288073315,31.398195,1,0,1,0.9295
0.9790000915527344,6853.000640869141,0.284487576706607,173.36272372623228,31.396284,1,0,1,0.9276
0.9790000915527344,6853.000640869141,0.2844875790825677,173.3627237195109,31.433474,1,0,1,0.9648
0.979500062763691,6856.500439345837,0.2844557251722003,173.36272056386846,31.317001,1,0,1,0.8483
0.9797000661492348,6857.900463044643,0.284443005896117,173.36271924533864,31.580643,1,0,1,1.1119
0.9806000664830208,6864.2004653811455,0.2843845597338303,173.36271676743797,13.638644,0,0,3,-16.8301
0.981400080025196,6869.8005601763725,0.2843348047607649,173.362708434614,31.608171,1,0,1,1.1394
0.98160008341074,6871.200583875179,0.2843220933031499,173.36270712884945,31.797827,1,0,1,1.3291
0.9824000895023346,6876.800626516342,0.2842700342647863,173.36270535923762,13.445229,1,0,3,-17.0235
0.9825000911951064,6877.5006383657455,0.2842634771361262,173.36270528238117,10.352515,0,0,0,-20.1162
0.9827000573277472,6878.900401294231,0.2842521457212516,173.36270011215254,31.92898,1,0,1,1.4603
0.9827000573277472,6878.900401294231,0.2842509430118861,173.36270350116493,13.174536,1,0,3,-17.2942
0.9828000590205191,6879.600413143635,0.2842446022334993,173.36270281599943,13.448063,1,0,3,-17.0207
0.9836000725626944,6885.200507938862,0.2841949239853685,173.36269440848582,31.831856,1,0,1,1.3631
0.9847000762820244,6892.900533974171,0.2841250270186459,173.3626873953283,31.956425,1,0,1,1.4877
0.9849000796675682,6894.300557672977,0.284112309477839,173.36268615241326,31.802536,1,0,1,1.3338
0.985100083053112,6895.700581371784,0.2840991923272059,173.36268603756326,25.406698,1,0,0,-5.062
0.985100083053112,6895.700581371784,0.2840995960228176,173.36268489994723,31.702145,1,0,1,1.2334
0.9853000789880751,6897.100552916527,0.2840868793795419,173.3626836598075,31.534504,1,0,1,1.0658
0.9855000898241996,6898.500628769398,0.28407418005629,173.36268236972407,31.643427,1,0,1,1.1747
0.9860000908374786,6902.000635862351,0.2840423887289352,173.3626792768183,31.1878,1,0,1,0.7191
0.9861000627279282,6902.700439095497,0.2840349014154944,173.36268184732916,13.450436,1,0,3,-17.0183
0.9866000711917876,6906.200498342514,0.2840042670119189,173.36267550477123,30.984627,1,0,1,0.5159
0.9870000705122948,6909.000493586063,0.2839788829922514,173.36267290798807,31.307934,1,0,1,0.8392
0.9870000705122948,6909.000493586063,0.283978879922694,173.36267291667266,31.25988,1,0,1,0.7912
0.9871000722050668,6909.700505435467,0.2839713761928504,173.36267553132396,13.279755,1,0,3,-17.189
0.987200066447258,6910.400465130806,0.2839661831834733,173.36267163400598,31.336279,1,0,1,0.8676
0.98730006814003,6911.100476980209,0.2839586143721739,173.36267443330442,12.335039,0,0,0,-18.1337
0.9875000715255736,6912.500500679016,0.2839471240925306,173.362669749299,31.235209,1,0,1,0.7665
0.9877000823616982,6913.900576531887,0.2839344264705572,173.36266846864493,31.30286,1,0,1,0.8341
0.9878000766038896,6914.600536227226,0.2839280837396244,173.36266781348468,31.419611,1,0,1,0.9509
0.9879000782966614,6915.30054807663,0.2839217360285451,173.36266717120725,31.465132,1,0,1,0.9964
0.9884000793099404,6918.800555169582,0.283888853758891,173.36266718893103,13.828777,1,0,3,-16.6399
0.9885000810027122,6919.500567018986,0.2838817345736397,173.3626687212484,1.8423318,0,0,0,-28.6264
0.9890000894665718,6923.000626266003,0.283848918179713,173.36266855421096,-14.761576,0,0,0,-45.2303
0.9891000911593436,6923.700638115406,0.2838455097568261,173.3626596269339,31.135433,1,0,1,0.6667
0.989300087094307,6925.100609660149,0.2838328383569358,173.36265827995217,31.581757,1,0,1,1.113
0.9894000887870787,6925.800621509552,0.2838264502419961,173.36265775184347,31.000525,1,0,1,0.5318
0.990400068461895,6932.800479233265,0.2837629611888798,173.3626513816682,31.24001,1,0,1,0.7713
0.9906000718474388,6934.200502932072,0.2837491243789241,173.36265331605586,13.537741,1,0,3,-16.931
0.9913000836968422,6939.100585877895,0.2837057837852047,173.36264573904776,30.98922,1,0,1,0.5205
0.9915000796318054,6940.500557422638,0.2836931271218171,173.36264434605684,31.70837,1,0,1,1.2396
0.9920000806450844,6944.000564515591,0.2836613329278879,173.36264128430332,31.18509,1,0,1,0.7164
0.9923000931739808,6946.100652217865,0.2836422921366328,173.36263934169077,31.46055,1,0,1,0.9918
0.9923000931739808,6946.100652217865,0.2836422638776867,173.3626394216504,31.018122,1,0,1,0.5494
0.9928000867366792,6949.6006071567535,0.2836105242868953,173.36263619689166,31.41619,1,0,1,0.9475
0.9930000603199004,6951.000422239304,0.2835978201444869,173.36263493255365,31.438185,1,0,1,0.9695
0.99350006878376,6954.5004814863205,0.2835660324131001,173.36263182869752,31.183865,1,0,1,0.7151
0.9945000782608986,6961.50054782629,0.2835024812895434,173.36262552097293,31.266436,1,0,1,0.7977
0.9953000769019128,6967.100538313389,0.2834516329910964,173.36262046157967,31.442696,1,0,1,0.974
0.9957000911235808,6969.9006378650665,0.283426215871975,173.36261789719077,31.7349,1,0,1,1.2662
0.9964000582695008,6974.800407886505,0.2833816767678834,173.3626135597916,31.435862,1,0,1,0.9671
0.997100070118904,6979.700490832329,0.2833371604708358,173.3626091198265,31.728466,1,0,1,1.2597
0.997200071811676,6980.400502681732,0.2833307984508963,173.36260848977432,31.74888,1,0,1,1.2802
0.997300073504448,6981.100514531136,0.2833244357006925,173.36260786106624,31.762363,1,0,1,1.2936
0.9974000677466393,6981.800474226475,0.283318376673727,173.36260637655232,36.512424,1,0,0,6.0437
0.9978000670671464,6984.600469470024,0.2832927162307662,173.36260462182506,31.64697,1,0,1,1.1782
0.9984000772237778,6988.800540566444,0.2832532256872466,173.36260444095356,12.18091,0,0,0,-18.2878
0.9986000806093216,6990.200564265251,0.2832417298093773,173.36259967326532,31.745657,1,0,1,1.2769
0.9988000765442848,6991.600535809994,0.2832289871643442,173.36259841837324,31.87332,1,0,1,1.4046
0.9988000765442848,6991.600535809994,0.2832289814223678,173.36259843462204,31.783415,1,0,1,1.3147
1.000100061297417,7000.700429081917,0.2831446277830264,173.3625944987474,9.2897625,0,0,0,-21.179
1.000400073826313,7002.800516784191,0.2831243526744005,173.36259584977842,-8.396894,0,0,0,-38.8656
1.0013000816106796,7009.100571274757,0.283069508792191,173.3625829937856,32.122223,1,0,1,1.6535
1.0023000165820122,7016.100116074085,0.2830056214625914,173.36257695578658,31.519636,1,0,1,1.0509
1.003800004720688,7026.600033044815,0.2829097727248228,173.36256776793405,31.32424,1,0,1,0.8555
1.0044000074267387,7030.800051987171,0.2828714205218636,173.3625640707283,31.355427,1,0,1,0.8867
1.005100019276142,7035.700134932995,0.2828266333671467,173.36255983603007,30.941824,1,0,1,0.4731
1.0055000185966492,7038.500130176544,0.2827982871202217,173.36256516168933,-12.163106,0,0,0,-42.6318
1.0056000277400017,7039.200194180012,0.2827946618040686,173.36255672951435,31.087109,1,0,1,0.6184
1.0061000287532806,7042.7002012729645,0.2827626933117191,173.36255359330897,31.38578,1,0,1,0.9171
1.0064999982714653,7045.499987900257,0.2827347589066238,173.36255772772432,-5.1448975,0,0,0,-35.6136
1.0065999999642372,7046.1999997496605,0.2827295425274719,173.3625537741289,13.317823,0,0,3,-17.1509
1.0081000179052353,7056.700125336647,0.2826346593523182,173.36254128111017,31.155346,1,0,1,0.6866
1.0081000179052353,7056.700125336647,0.2826326534915921,173.36254693669926,-0.1403257,0,0,0,-30.609
1.0082000195980072,7057.40013718605,0.2826282675280309,173.36254062789308,31.345089,1,0,1,0.8764
1.0082000195980072,7057.40013718605,0.282628269941266,173.3625406210636,31.382877,1,0,1,0.9142
1.0086000189185145,7060.2001324296,0.2826026485615358,173.36253815372424,31.329626,1,0,1,0.8609
1.0090000182390213,7063.000127673149,0.2825770063620942,173.36253573178948,31.013277,1,0,1,0.5446
1.0096000283956528,7067.200198769569,0.2825386116629869,173.36253187863886,31.733686,1,0,1,1.265
1.0100999996066091,7070.699997246265,0.2825063305858069,173.36252945530657,27.95398,1,0,0,-2.5147
1.011100009083748,7077.700063586235,0.2824424477357171,173.36252261963264,31.332956,1,0,1,0.8642
1.011100009083748,7077.700063586235,0.2824424765154514,173.36252253968732,31.775557,1,0,1,1.3068
1.011100009083748,7077.700063586235,0.2824424488405641,173.36252261650588,31.350258,1,0,1,0.8815
1.0117000192403791,7081.900134682655,0.2824039765094794,173.3625188784145,31.322912,1,0,1,0.8542
1.0123000144958496,7086.100101470947,0.2823655320171901,173.36251503809578,31.827389,1,0,1,1.3587
1.0123000144958496,7086.100101470947,0.2823641629596274,173.36251889752396,10.470968,0,0,0,-19.9978
1.012900024652481,7090.300172567368,0.2823258442691819,173.36251467119362,13.07504,0,0,3,-17.3937
1.0132000297307968,7092.400208115578,0.2823066098747944,173.3625127597174,13.247376,0,0,3,-17.2213
1.0132999941706655,7093.09995919466,0.2823014008376392,173.36250873875093,32.02865,1,0,1,1.5599
1.0133999958634377,7093.799971044064,0.2822936559074387,173.36251185811693,11.295985,0,0,0,-19.1727
1.0135999992489817,7095.19999474287,0.2822809457661642,173.36251025963892,13.195434,0,0,3,-17.2733
1.01460000872612,7102.20006108284,0.2822179896886913,173.3625005499466,32.132965,1,0,1,1.6642
1.0153000205755234,7107.100144028664,0.2821730567514143,173.36249614730514,32.07815,1,0,1,1.6094
1.0156000182032583,7109.20012742281,0.2821537904544397,173.36249427865033,31.938332,1,0,1,1.4696
1.0157000198960304,7109.900139272213,0.2821473768186235,173.36249363010154,32.031506,1,0,1,1.5628
1.0158000141382215,7110.600098967552,0.282140955762428,173.36249300333728,32.003345,1,0,1,1.5346
1.016300030052662,7114.100210368633,0.2821088661724709,173.36248980763452,32.187412,1,0,1,1.7187
1.016300030052662,7114.100210368633,0.2821088485910008,173.36248985738942,31.912125,1,0,1,1.4434
1.0165000259876251,7115.500181913376,0.2820968334641174,173.3624862618583,44.801075,1,0,0,14.3324
1.016600027680397,7116.200193762779,0.2820895856624857,173.3624879610835,31.893417,1,0,1,1.4247
1.0176000073552132,7123.200051486492,0.2820241803516712,173.3624849754849,13.306214,0,0,3,-17.1625
1.018200010061264,7127.400070428848,0.2819868040556145,173.36247793524663,31.8924,1,0,1,1.4237
1.0184000208973885,7128.800146281719,0.2819739519019494,173.362476668375,31.711723,1,0,1,1.243
1.0185000151395798,7129.500105977058,0.2819675228711222,173.3624760454284,31.56244,1,0,1,1.0937
1.0191000178456306,7133.700124919415,0.2819290224150664,173.36247208383196,31.88553,1,0,1,1.4168
1.019400030374527,7135.800212621689,0.2819085802965156,173.36247345359422,13.494626,0,0,3,-16.9741
1.0199000239372251,7139.300167560577,0.2818764510393447,173.36247026295456,13.117449,0,0,3,-17.3513
1.0215000063180923,7150.500044226646,0.2817741217343156,173.36245862526292,19.710266,1,0,0,-10.7585
1.0216000154614449,7151.200108230114,0.2817684719929395,173.3624557898491,31.78302,1,0,1,1.3143
1.0217000171542168,7151.900120079517,0.2817620187277219,173.3624552218969,31.308823,1,0,1,0.8401
1.022000014781952,7154.000103473663,0.2817427624448552,173.3624532248656,31.506828,1,0,1,1.0381
1.0222000181674955,7155.40012717247,0.2817286838203295,173.3624553913606,12.282117,0,0,0,-18.1866
1.0223000198602676,7156.1001390218735,0.2817235021255519,173.3624512355045,31.659891,1,0,1,1.1912
1.0225000157952309,7157.500110566616,0.2817106408665734,173.36244996880978,31.431744,1,0,1,0.963
1.022700019180775,7158.900134265423,0.2816978179890296,173.36244859136875,31.815508,1,0,1,1.3468
1.022900030016899,7160.300210118294,0.281684958271033,173.36244731590432,31.634348,1,0,1,1.1656
1.0232000276446342,7162.40019351244,0.2816656914198031,173.36244534037738,31.70769,1,0,1,1.239
1.0233000293374062,7163.100205361843,0.2816592861544933,173.3624446343605,31.99513,1,0,1,1.5264
1.0243000090122223,7170.100063085556,0.2815950485684199,173.36243808054064,32.070503,1,0,1,1.6018
1.0246000066399574,7172.200046479702,0.2815745559619065,173.36243955362866,13.0648365,0,0,3,-17.4039
1.025200016796589,7176.400117576122,0.2815372404377596,173.36243215055552,32.329098,1,0,1,1.8604
1.0259000211954117,7181.300148367882,0.2814910144594052,173.3624310980607,12.852809,0,0,3,-17.6159
1.026000015437603,7182.000108063221,0.2814858201092177,173.36242697610714,32.049797,1,0,1,1.5811
1.0264000296592712,7184.800207614899,0.2814609133950451,173.36242211943295,44.479702,1,0,0,14.011
1.0264000296592712,7184.800207614899,0.2814601306438906,173.36242432688945,32.264664,1,0,1,1.7959
1.0269000306725502,7188.300214707851,0.28142621748408,173.36242609631682,4.4315667,0,0,0,-26.0372
1.0281000062823296,7196.700043976307,0.281349674937421,173.3624166836722,13.291606,0,0,3,-17.1771
1.028400018811226,7198.800131678581,0.2813303762158098,173.36241478882616,12.988641,0,0,3,-17.4801
1.0285000205039978,7199.500143527985,0.2813251198601093,173.36241084066907,31.241867,1,0,1,0.7731
1.0294000208377838,7205.800145864487,0.281267238817399,173.36240512822152,30.549534,1,0,1,0.0808
1.0297000259160995,7207.900181412697,0.2812479823410483,173.36240312061574,30.90983,1,0,1,0.4411
1.0300000309944153,7210.000216960907,0.2812275568171625,173.36240441055756,13.032946,0,0,3,-17.4358
1.0302000269293785,7211.40018850565,0.2812158630878311,173.3623998507329,31.111877,1,0,1,0.6432
1.0304000005126,7212.8000035882,0.2812030027163669,173.36239858506468,30.967873,1,0,1,0.4991
1.030699998140335,7214.899986982346,0.2811830391696996,173.36239857793035,20.29346,1,0,0,-10.1753
1.0314000099897385,7219.800069928169,0.2811375249827926,173.36239555856102,12.046068,0,0,3,-18.4227
1.0321000143885612,7224.700100719929,0.2810937298779851,173.3623877056445,30.610275,1,0,1,0.1416
1.0322000160813332,7225.400112569332,0.2810860933609117,173.36239047449052,11.738124,0,0,3,-18.7306
1.0330000296235085,7231.000207364559,0.2810359250411499,173.36238184814485,31.121338,1,0,1,0.6526
1.0333000272512436,7233.100190758705,0.2810166405110176,173.36237994872403,31.02441,1,0,1,0.5557
1.0341999977827072,7239.3999844789505,0.2809588113023647,173.36237420403214,31.072481,1,0,1,0.6038
1.0342999994754791,7240.099996328354,0.2809524017788896,173.36237352149894,31.330053,1,0,1,0.8613
1.0347000062465668,7242.900043725967,0.2809266808235378,173.36237102957722,31.05791,1,0,1,0.5892
1.0359000191092491,7251.300133764744,0.2808496366552367,173.36236325867242,32.026802,1,0,1,1.5581
1.0368000268936155,7257.60018825531,0.2807918143738364,173.36235757990323,32.07832,1,0,1,1.6096
1.0370000302791595,7259.000211954117,0.2807790099818074,173.36235619519616,32.786716,1,0,1,2.318
1.0370000302791595,7259.000211954117,0.2807777338698122,173.36235979238273,12.881391,0,0,3,-17.5873
1.0371999964118004,7260.399974882603,0.2807648016142794,173.3623587767638,11.555159,0,0,3,-18.9136
1.03770000487566,7263.90003412962,0.2807340522171968,173.36235157319396,32.737854,1,0,1,2.2691
1.0383000075817108,7268.100053071976,0.2806942238565432,173.36235151971488,12.802148,0,0,3,-17.6666
1.0397000163793564,7277.900114655495,0.2806042439500747,173.36234313646426,12.193,0,0,3,-18.2757
1.040300026535988,7282.100185751915,0.2805669674433804,173.36233594274808,31.934935,1,0,1,1.4662
1.0407999977469444,7285.599984228611,0.2805348367275189,173.362332976258,31.661282,1,0,1,1.1926
1.0407999977469444,7285.599984228611,0.2805348181171344,173.36233302891424,31.369942,1,0,1,0.9012
1.0410000011324885,7287.000007927418,0.280520751186378,173.36233526734384,12.314712,0,0,3,-18.154
1.041400007903576,7289.800055325031,0.2804962999836505,173.36232936580976,31.643625,1,0,1,1.1749
1.0420000106096268,7294.000074267387,0.280457842626864,173.36232554932218,32.796326,1,0,1,2.3276
1.042100004851818,7294.700033962727,0.2804513324199617,173.3623251987128,31.411322,1,0,1,0.9426
1.0427000150084496,7298.900105059147,0.2804127964110087,173.3623216197209,31.277565,1,0,1,0.8088
1.0428000167012217,7299.60011690855,0.2804063894720247,173.36232098017837,31.495342,1,0,1,1.0266
1.0431000217795372,7301.70015245676,0.2803870960676706,173.36231926939706,31.001493,1,0,1,0.5328
1.0431000217795372,7301.70015245676,0.2803854966061949,173.36232377837626,6.051354,0,0,0,-24.4174
1.043700024485588,7305.9001713991165,0.2803473202351658,173.36231921087295,11.414999,0,0,3,-19.0537
1.04380002617836,7306.60018324852,0.2803421384351969,173.36231512250012,30.720448,1,0,1,0.2517
1.0439999997615814,7307.99999833107,0.2803281785326121,173.3623170888115,13.206865,0,0,3,-17.2619
1.044600009918213,7312.20006942749,0.2802907970654837,173.36231030109167,30.867453,1,0,1,0.3987
1.044800005853176,7313.600040972233,0.2802779502237709,173.36230913210895,30.703768,1,0,1,0.235
1.045300006866455,7317.100048065186,0.2802458637806839,173.36230612716636,30.74968,1,0,1,0.281
1.045300006866455,7317.100048065186,0.2802447830480502,173.3623091729579,13.896005,0,0,3,-16.5727
1.045400008559227,7317.800059914589,0.2802394758369882,173.36230544401238,31.213083,1,0,1,0.7444
1.0462000146508217,7323.400102555752,0.2801881294736443,173.36230068013768,31.031927,1,0,1,0.5632
1.0463000163435936,7324.100114405155,0.2801816875153857,173.36230015301894,30.629608,1,0,1,0.1609
1.0465000197291374,7325.500138103962,0.2801688563495647,173.3622989505677,30.643795,1,0,1,0.1751
1.0465000197291374,7325.500138103962,0.2801688496354968,173.36229896956434,30.538692,1,0,1,0.07
1.0473999977111816,7331.799983978271,0.2801111323877444,173.3622935171843,30.807997,1,0,1,0.3393
1.0474999994039536,7332.499995827675,0.2801047039809964,173.36229295575325,30.58924,1,0,1,0.1205
1.0484000071883202,7338.800050318241,0.2800469967324528,173.3622874985145,30.824564,1,0,1,0.3558
1.0515000075101852,7360.500052571297,0.2798483308566425,173.36226859486732,31.581959,1,0,1,1.1132
1.052100010216236,7364.700071513653,0.2798099068893954,173.36226488727644,31.848839,1,0,1,1.3801
1.0528000220656395,7369.600154459476,0.279765062533847,173.3622606174685,31.778101,1,0,1,1.3094
1.0536000281572342,7375.200197100639,0.279713749992522,173.36225592767244,30.54263,1,0,1,0.0739
1.053800031542778,7376.600220799446,0.279701014658344,173.36225449458965,31.65755,1,0,1,1.1888
1.0546000003814695,7382.200002670288,0.2796486344452915,173.36225283838846,13.489588,0,0,3,-16.9791
1.0554000064730644,7387.800045311451,0.2795985544657242,173.36224470423358,31.038027,1,0,1,0.5693
1.0556000098586082,7389.200069010258,0.279584358672488,173.362247395874,9.259465,0,0,0,-21.2093
1.0562000200152395,7393.400140106678,0.279545235456594,173.36224571135645,-2.1255336,0,0,0,-32.5943
1.0566000193357468,7396.200135350227,0.2795217885676342,173.3622371649459,31.316933,1,0,1,0.8482
1.0568000301718712,7397.600211203098,0.2795103763203115,173.36223201402098,52.881645,0,0,0,22.4129
1.0571000277996063,7399.700194597244,0.2794898039509295,173.3622340278288,31.318521,1,0,1,0.8498
1.0571000277996063,7399.700194597244,0.2794897964041895,173.36223404918178,31.200388,1,0,1,0.7317
1.0574000254273417,7401.80017799139,0.2794695051052139,173.36223527239613,13.992153,0,0,3,-16.4766
1.057799994945526,7404.599964618683,0.2794469944517111,173.3622243674197,61.504486,0,0,0,31.0358
1.057799994945526,7404.599964618683,0.2794439343330431,173.36223299283068,13.778594,0,0,3,-16.6901
1.0583000108599665,7408.100076019764,0.2794119395768013,173.3622298014506,13.555959,0,0,3,-16.9128
1.059100016951561,7413.700118660927,0.2793608088261077,173.36222453637663,13.96518,0,0,3,-16.5035
1.0594000220298767,7415.800154209137,0.2793427299898339,173.362219478229,31.146427,1,0,1,0.6777
1.059900015592575,7419.3001091480255,0.2793107644397784,173.36221622498445,31.096333,1,0,1,0.6276
1.059900015592575,7419.3001091480255,0.2793096724617686,173.36221930267482,14.066939,0,0,3,-16.4018
1.060000017285347,7420.000120997429,0.2793032845080608,173.36221863759553,14.130653,0,0,3,-16.3381
1.060100018978119,7420.700132846832,0.2792968287383201,173.3622181646458,13.129457,0,0,3,-17.3393
1.0608000308275225,7425.600215792656,0.2792536384418002,173.36220921854795,37.24851,1,0,0,6.7798
1.0609999969601631,7426.999978721142,0.2792405018096064,173.3622089164941,31.65256,1,0,1,1.1838
1.061500005424023,7430.500037968159,0.2792085500337856,173.3622056424883,31.565878,1,0,1,1.0972
1.0616000071167946,7431.200049817562,0.2792010173230684,173.36220820881047,13.720358,0,0,3,-16.7484
1.0619000121951103,7433.300085365772,0.2791829895921662,173.36220302568677,31.452385,1,0,1,0.9837
1.0623000115156174,7436.100080609322,0.2791574506983408,173.36220035447153,31.614067,1,0,1,1.1453
1.0625000074505806,7437.500052154064,0.2791441068034259,173.3622006408735,22.710741,1,0,0,-7.758
1.063100017607212,7441.700123250484,0.2791063659777907,173.36219504604497,31.675312,1,0,1,1.2066
1.063100017607212,7441.700123250484,0.2791063729410309,173.36219502634265,31.784317,1,0,1,1.3156
1.063200019299984,7442.400135099888,0.2790999835655326,173.3621943748673,31.718575,1,0,1,1.2499
1.0635000318288803,7444.500222802162,0.2790796546009089,173.36219569372955,13.4011345,0,0,3,-17.0676
1.064699999988079,7452.8999999165535,0.2790042231646283,173.3621844278936,31.545706,1,0,1,1.077
1.0648999959230423,7454.299971461296,0.2789914730145325,173.36218305781443,31.74511,1,0,1,1.2764
1.0651000067591667,7455.700047314167,0.2789775670019794,173.36218494504473,13.916389,0,0,3,-16.5523
1.066300019621849,7464.100137352943,0.2789021589731662,173.362173681868,31.843313,1,0,1,1.3746
1.0665000155568125,7465.500108897686,0.2788882456776185,173.36217560432453,13.79539,0,0,3,-16.6733
1.0670000165700912,7469.000115990639,0.278857456608194,173.36216915661996,30.933212,1,0,1,0.4645
1.0676000267267227,7473.200187087059,0.2788192292308368,173.36216504115936,31.43781,1,0,1,0.9691
1.0679999962449074,7475.999973714352,0.2787937164063101,173.36216239278366,31.238453,1,0,1,0.7697
1.0683000087738037,7478.100061416626,0.2787745834074578,173.36216040020946,31.11808,1,0,1,0.6494
1.0686000064015388,7480.200044810772,0.2787554691871438,173.36215836154466,31.250149,1,0,1,0.7814
1.068800009787083,7481.600068509579,0.2787427005226408,173.36215707703505,30.92382,1,0,1,0.4551
1.069000005722046,7483.000040054321,0.278729953350057,173.3621557350256,30.914919,1,0,1,0.4462
1.069500021636486,7486.500151455402,0.278698093755402,173.36215235999032,30.999226,1,0,1,0.5305
1.0700000151991844,7490.000106394291,0.2786662214725428,173.36214903721824,30.792673,1,0,1,0.3239
1.0707000270485878,7494.900189340115,0.2786216121439245,173.3621443682787,30.597565,1,0,1,0.1288
1.0710000321269035,7497.000224888325,0.2786012279977407,173.3621459431711,10.729104,0,0,0,-19.7396
1.0712999999523165,7499.099999666214,0.2785833816572118,173.36214037559068,30.385523,1,0,0,-0.0832
1.0719000101089478,7503.300070762634,0.2785451811913799,173.36213630886402,30.590736,1,0,1,0.122
1.0720000118017197,7504.000082612038,0.2785388175397847,173.36213562406272,30.664902,1,0,1,0.1962
1.072200007736683,7505.40005415678,0.2785260744800467,173.3621343019251,30.552063,1,0,1,0.0833
1.0728000178933144,7509.6001252532,0.2784878754455313,173.36213025791065,30.652647,1,0,1,0.1839
1.0728000178933144,7509.6001252532,0.2784878780161053,173.3621302506369,30.69289,1,0,1,0.2242
1.0731000155210495,7511.700108647346,0.2784687762947748,173.36212824269217,30.672478,1,0,1,0.2038
1.0735000222921371,7514.50015604496,0.2784433341456943,173.36212549485256,31.043552,1,0,1,0.5748
1.0738000199198725,7516.600139439106,0.2784242134467578,173.3621235510755,30.680939,1,0,1,0.2122
1.0738000199198725,7516.600139439106,0.2784218108286945,173.36213032410532,-6.7968373,0,0,0,-37.2656
1.0739000290632248,7517.300203442574,0.2784178678781818,173.36212282303745,31.004305,1,0,1,0.5356
1.0747999995946884,7523.599997162819,0.2783605983206438,173.36211676423818,31.221972,1,0,1,0.7532
1.0749999955296516,7524.9999687075615,0.2783456990247081,173.36212154815695,-2.6422515,0,0,0,-33.111
1.0755000114440918,7528.500080108643,0.2783160352575565,173.36211212840993,31.013407,1,0,1,0.5447
1.075700007379055,7529.900051653385,0.2783027875481068,173.36211226183616,22.894892,1,0,0,-7.5738
1.0759000107645988,7531.300075352192,0.2782889024452102,173.36211419330485,4.8308563,0,0,0,-25.6379
1.076200008392334,7533.400058746338,0.2782714873168197,173.36210747462198,30.951477,1,0,1,0.4828
1.076200008392334,7533.400058746338,0.2782714963923564,173.36210744894083,31.093565,1,0,1,0.6248
1.076200008392334,7533.400058746338,0.2782714849896336,173.36210748120723,30.915043,1,0,1,0.4463
1.0763000175356865,7534.100122749805,0.2782648540495724,173.36210756878086,26.74653,1,0,0,-3.7222
1.0765000209212303,7535.500146448612,0.2782523993538271,173.36210547292586,30.97984,1,0,1,0.5111
1.0765000209212303,7535.500146448612,0.2782524414375008,173.3621053538409,31.63871,1,0,1,1.17
1.0768000185489657,7537.600129842758,0.2782322111393169,173.36210657928805,13.820191,1,0,3,-16.6485
1.0769000202417374,7538.300141692162,0.278227015325308,173.362102624834,32.02488,1,0,1,1.5562
1.077700026333332,7543.900184333324,0.27817601216866,173.36209726859076,31.582706,1,0,1,1.114
1.077700026333332,7543.900184333324,0.2781760112137995,173.36209727129275,31.567757,1,0,1,1.099
1.0780999958515167,7546.699970960617,0.2781505892990775,173.36209464516574,31.626875,1,0,1,1.1582
1.0780999958515167,7546.699970960617,0.2781505840982826,173.36209465988273,31.545448,1,0,1,1.0767
1.0782999992370603,7548.099994659424,0.2781378719225287,173.36209334910174,31.569315,1,0,1,1.1006
1.0787000060081482,7550.900042057037,0.2781124531502093,173.36209071603622,31.695932,1,0,1,1.2272
1.0792000070214272,7554.40004914999,0.278079432409494,173.3620909493444,12.37942,0,0,0,-18.0893
1.081300027668476,7569.100193679333,0.2779471693508784,173.362073883674,31.448772,1,0,1,0.98
1.0816999971866608,7571.899980306625,0.2779217799879961,173.3620711999607,32.007214,1,0,1,1.5385
1.0823000073432922,7576.100051403046,0.2778824474885694,173.36207068723073,13.441078,0,0,3,-17.0276
1.0827000066637993,7578.900046646595,0.2778577270167406,173.36206611438246,24.500042,1,0,0,-5.9687
1.0831000208854675,7581.700146198273,0.277832760803605,173.36206223075848,31.763308,1,0,1,1.2946
1.083400018513203,7583.800129592419,0.2778136796657065,173.36206032528656,31.649773,1,0,1,1.181
1.083400018513203,7583.800129592419,0.277813686294684,173.3620603065267,31.753567,1,0,1,1.2848
1.0839000195264816,7587.300136685371,0.2777803422665035,173.3620614756203,7.5443435,0,0,0,-22.9244
1.0848999992012978,7594.299994409084,0.2777182982582553,173.3620507134621,31.699776,1,0,1,1.2311
1.085199996829033,7596.39997780323,0.2776992160266382,173.36204880261022,31.674946,1,0,1,1.2062
1.0855000093579292,7598.500065505505,0.2776811737628365,173.36204395405784,47.9146,0,0,0,17.4459
1.085700012743473,7599.900089204311,0.2776674142826575,173.36204560342537,31.733147,1,0,1,1.2644
1.0864000171422958,7604.800119996071,0.2776228664645802,173.3620411870826,31.510834,1,0,1,1.0421
1.0865000188350675,7605.500131845474,0.2776153537447088,173.36204379368112,13.568149,0,0,3,-16.9006
1.0866000205278397,7606.200143694878,0.2776089789302238,173.3620431915425,13.3819475,0,0,3,-17.0868
1.0870000198483467,7609.000138938427,0.2775846500097076,173.36203748037755,30.921515,1,0,1,0.4528
1.0881000310182571,7616.7002171278,0.2775135297543348,173.3620336228134,13.6654,0,0,3,-16.8033
1.0888000056147575,7621.600039303303,0.2774700937105242,173.36202600582916,31.301805,1,0,1,0.8331
1.0891000106930733,7623.700074851513,0.27745099152561,173.36202410269854,31.338383,1,0,1,0.8697
1.0895000100135803,7626.500070095062,0.277425500303297,173.36202161974194,31.095648,1,0,1,0.6269
1.0896000117063522,7627.200081944466,0.2774169018490772,173.36202727220598,-3.6760447,0,0,0,-34.1448
1.089900016784668,7629.300117492676,0.2774000347566061,173.36201905303912,31.326986,1,0,1,0.8583
1.09000001847744,7630.000129342079,0.2773925335983091,173.3620216094483,13.689914,0,0,3,-16.7788
1.090400017797947,7632.8001245856285,0.2773681708869605,173.36201592183122,31.203962,1,0,1,0.7352
1.0905000194907188,7633.500136435032,0.2773617737556474,173.3620153623194,30.811966,1,0,1,0.3432
1.0906000211834908,7634.200148284435,0.2773554044493843,173.36201472337834,30.860033,1,0,1,0.3913
1.0907000228762629,7634.900160133839,0.2773490543620084,173.3620140293585,31.213428,1,0,1,0.7447
1.0912000313401222,7638.400219380856,0.2773160961717953,173.3620139550086,14.198717,0,0,3,-16.27
1.091899998486042,7643.299989402294,0.2772714355970138,173.36200965417254,13.624577,0,0,3,-16.8441
1.0923000127077105,7646.100088953972,0.277247079140391,173.3620038915118,31.594091,1,0,1,1.1254
1.0924000069499016,7646.800048649311,0.2772406807627343,173.36200332292057,31.262342,1,0,1,0.7936
1.0925000086426735,7647.500060498714,0.277233082067247,173.3620061358925,12.218847,0,0,3,-18.2499
1.0926000103354454,7648.200072348118,0.277226723480579,173.3620054516879,12.527339,0,0,3,-17.9414
1.0928000062704086,7649.60004389286,0.2772151792564524,173.36200077593065,31.447065,1,0,1,0.9783
1.0938000157475471,7656.60011023283,0.277151332287216,173.36199461170307,30.809418,1,0,1,0.3407
1.093900017440319,7657.300122082233,0.2771450303585168,173.36199375616695,32.070343,1,0,1,1.6016
1.094000019133091,7658.000133931637,0.2771373793477697,173.36199670460354,12.282574,0,0,3,-18.1861
1.0944000259041786,7660.80018132925,0.2771129812290616,173.3619909906236,30.01236,1,0,0,-0.4564
1.0948000326752665,7663.600228726864,0.2770876016981912,173.36198802941215,32.513546,1,0,1,2.0448
1.095499999821186,7668.4999987483025,0.2770438081871386,173.36198107119782,46.727566,1,0,0,16.2588
1.0961000099778175,7672.700069844723,0.2770045550276353,173.3619798997078,32.39441,1,0,1,1.9257
1.0962000116705894,7673.400081694126,0.2769981637192205,173.36197927580977,32.37783,1,0,1,1.9091
1.097200021147728,7680.400148034096,0.2769342285467638,173.36197304670085,32.160004,1,0,1,1.6913
1.097500018775463,7682.500131428242,0.2769134414988758,173.36197569004304,7.127747,0,0,0,-23.341
1.0981000289320946,7686.700202524662,0.2768767050333598,173.36196749670373,31.777878,1,0,1,1.3092
1.0982000306248665,7687.400214374065,0.2768690498897937,173.361970399469,12.235353,0,0,3,-18.2334
1.0986000001430511,7690.200001001358,0.2768459046505266,173.36196093013277,50.71249,0,0,0,20.2438
1.0986000001430511,7690.200001001358,0.2768446372788888,173.3619645038097,30.937735,1,0,1,0.469
1.0991000086069107,7693.700060248375,0.2768113410880045,173.36196494195949,11.107683,0,0,0,-19.361
1.0994000062346458,7695.800043642521,0.2767955219046431,173.36195346814716,64.15235,0,0,0,33.6836
1.0994000062346458,7695.800043642521,0.276793426571626,173.36195937629032,31.459883,1,0,1,0.9912
1.0995000079274178,7696.500055491924,0.276787001650177,173.3619587974691,31.180735,1,0,1,0.712
1.0998000130057335,7698.600091040134,0.2767677814489834,173.36195690065355,31.229397,1,0,1,0.7607
1.0999000072479248,7699.300050735474,0.2767613791049447,173.361956255393,31.317366,1,0,1,0.8486
1.1001000180840492,7700.700126588345,0.2767485657769877,173.36195498220522,31.396025,1,0,1,0.9273
1.100300021469593,7702.100150287151,0.2767357593925367,173.36195368688138,31.596582,1,0,1,1.1279
1.100300021469593,7702.100150287151,0.2767345520176927,173.36195709224015,12.753518,0,0,3,-17.7152
1.100400023162365,7702.800162136555,0.2767289475431095,173.36195418993597,25.32912,1,0,0,-5.1396
1.1011000275611875,7707.700192928314,0.2766845060262319,173.3619485474509,32.158295,1,0,1,1.6896
1.1012000292539597,7708.400204777718,0.2766780360193421,173.3619480798617,31.26002,1,0,1,0.7913
1.1013000309467316,7709.100216627121,0.2766704246200733,173.36195082843108,12.564964,0,0,3,-17.9038
1.1016000285744667,7711.200200021267,0.2766510034675417,173.36194944856828,9.740972,0,0,0,-20.7278
1.1017000302672386,7711.90021187067,0.2766460094660979,173.36194481367215,31.900532,1,0,1,1.4318
1.1019999980926514,7713.99998664856,0.2766267252292479,173.3619430425293,31.239265,1,0,1,0.7705
1.1027000099420547,7718.900069594383,0.2765806429084545,173.3619419232965,13.0078745,0,0,3,-17.4608
1.1037000194191933,7725.900135934353,0.2765176321446434,173.36193229634682,31.356596,1,0,1,0.8879
1.103900022804737,7727.30015963316,0.2765035665932122,173.36193448667578,12.248015,0,0,3,-18.2207
1.1042000204324722,7729.400143027306,0.2764849319130681,173.3619308221921,22.039625,1,0,0,-8.4291
1.10460002720356,7732.200190424919,0.2764598149697726,173.36192668511217,30.945034,1,0,1,0.4763
1.1051000282168388,7735.700197517872,0.2764277324361365,173.36192343309546,31.447443,1,0,1,0.9787
1.1051000282168388,7735.700197517872,0.2764277241552295,173.3619234565334,31.317768,1,0,1,0.849
1.1052000299096107,7736.400209367275,0.2764213050901596,173.3619228108099,31.391039,1,0,1,0.9223
1.1054999977350235,7738.4999841451645,0.2764020176472886,173.36192096179647,31.121819,1,0,1,0.6531
1.1069000214338305,7748.300150036812,0.2763136683307825,173.36190753756352,56.340897,0,0,0,25.8722
1.1074000224471092,7751.800157129765,0.2762787280642749,173.36191226285368,12.649616,0,0,3,-17.8191
1.107700027525425,7753.900192677975,0.2762606318401232,173.36190700420684,31.21513,1,0,1,0.7464
1.1084000319242475,7758.800223469734,0.2762156606355484,173.36190245709707,31.78247,1,0,1,1.3137
1.109300009906292,7765.100069344044,0.2761580738232681,173.36189591889485,36.30462,1,0,0,5.8359
1.109300009906292,7765.100069344044,0.2761577639378342,173.36189679294674,31.46822,1,0,1,0.9995
1.109800010919571,7768.600076436996,0.2761255928841469,173.36189364352737,31.28955,1,0,1,0.8208
1.110000006854534,7770.000047981739,0.2761115276753001,173.36189575481436,12.561112,0,0,3,-17.9076
1.1106000170111656,7774.200119078159,0.2760768925018158,173.3618807590128,74.38745,0,0,0,43.9187
1.1106000170111656,7774.200119078159,0.2760737512707439,173.36188961634542,25.376389,1,0,0,-5.0923
1.1120999976992607,7784.699983894825,0.2759799715722004,173.3618723511003,67.94937,0,0,0,37.4806
1.112900011241436,7790.300078690052,0.2759261525432177,173.3618738324616,31.454552,1,0,1,0.9858
1.113000012934208,7791.000090539455,0.2759197065789174,173.3618732229747,31.287376,1,0,1,0.8187
1.11370000988245,7795.900069177151,0.2758765554778674,173.36186339504263,60.876053,0,0,0,30.4073
1.1138000190258026,7796.600133180618,0.2758682089612992,173.36186814158884,31.067339,1,0,1,0.5986
1.1141000166535378,7798.700116574764,0.2758507431151727,173.36186102931762,59.78687,0,0,0,29.3181
1.1142000183463097,7799.400128424168,0.2758424657758117,173.3618655807118,31.055956,1,0,1,0.5872
1.1145000234246254,7801.500163972378,0.275823209278399,173.3618635131506,31.854258,1,0,1,1.3855
1.11530002951622,7807.100206613541,0.2757701055976124,173.36186293954762,6.6257486,0,0,0,-23.843
1.116400010883808,7814.800076186657,0.275699718939189,173.36185472773786,12.956055,0,0,3,-17.5127
1.11650001257658,7815.50008803606,0.2756932494791734,173.36185417840147,12.436931,0,0,3,-18.0318
1.1166000068187714,7816.200047731399,0.2756880181187927,173.3618501416224,31.215117,1,0,1,0.7464
1.1169000193476677,7818.300135433674,0.2756687096777972,173.36184821378765,31.201815,1,0,1,0.7331
1.1182000264525414,7827.400185167789,0.2755854005423757,173.3618387972527,37.044292,1,0,0,6.5756
1.1183000281453133,7828.100197017193,0.2755786068038057,173.36183917001588,31.407183,1,0,1,0.9385
1.118600033223629,7830.200232565403,0.2755593295447493,173.36183717427292,31.723696,1,0,1,1.255
1.118600033223629,7830.200232565403,0.2755581213677108,173.36184058133796,12.871359,0,0,3,-17.5974
1.1191999986767769,7834.399990737438,0.2755207306120538,173.36183331990915,31.58712,1,0,1,1.1184
1.1196000128984451,7837.200090289116,0.2754950112720618,173.3618307083736,31.717928,1,0,1,1.2492
1.1205000132322311,7843.500092625618,0.2754371234431279,173.3618249025611,31.600607,1,0,1,1.1319
1.1205000132322311,7843.500092625618,0.2754359021262732,173.36182834523524,12.550957,0,0,3,-17.9178
1.1206000223755836,7844.200156629085,0.2754307120946288,173.36182419828967,31.912664,1,0,1,1.4439
1.1208000183105469,7845.600128173828,0.275417864127548,173.36182286607956,32.114098,1,0,1,1.6454
1.1211000233888626,7847.700163722038,0.275397335707068,173.36182440914092,12.817222,0,0,3,-17.6515
1.1215000301599505,7850.500211119652,0.27537283989871,173.36181836450424,31.914795,1,0,1,1.4461
1.1215000301599505,7850.500211119652,0.2753728393835026,173.36181836596222,31.90673,1,0,1,1.438
1.1215000301599505,7850.500211119652,0.2753716150809513,173.3618218170471,12.810523,0,0,3,-17.6582
1.121700033545494,7851.900234818459,0.2753599885534487,173.36181704451886,32.041794,1,0,1,1.5731
1.1231000125408173,7861.700087785721,0.2752699853517622,173.36180796686293,31.998913,1,0,1,1.5302
1.1232000067830086,7862.40004748106,0.2752623424786019,173.36181074501783,13.033525,0,0,3,-17.4352
1.1235000118613243,7864.50008302927,0.275243026106966,173.36180888973067,12.517989,0,0,3,-17.9507
1.1241000220179558,7868.70015412569,0.2752044829519356,173.3618049373539,12.818508,0,0,3,-17.6502
1.124400019645691,7870.800137519836,0.2751864178215808,173.36179956681949,31.74828,1,0,1,1.2796
1.124800018966198,7873.600132763386,0.2751607270486554,173.36179693142458,31.94447,1,0,1,1.4757
1.1252000331878662,7876.400232315063,0.2751350207071649,173.3617943432395,31.875854,1,0,1,1.4071
1.1254000291228294,7877.800203859806,0.2751219627263701,173.3617936316157,28.617985,1,0,0,-1.8507
1.1256000325083733,7879.200227558613,0.2751092783954707,173.36179186583246,31.192108,1,0,1,0.7234
1.1262000128626823,7883.400090038776,0.2750707583453044,173.36178790095528,31.539019,1,0,1,1.0703
1.1263000071048737,7884.100049734116,0.2750643490590848,173.3617872117203,31.753716,1,0,1,1.285
1.1266000121831894,7886.200085282326,0.2750454339458955,173.36178426038214,37.285763,1,0,0,6.817
1.1266000121831894,7886.200085282326,0.2750450823787037,173.36178525221334,31.797676,1,0,1,1.329
1.1267000064253807,7886.900044977665,0.2750386170868634,173.3617847229916,31.126589,1,0,1,0.6579
1.1270000115036964,7889.000080525875,0.2750193770197528,173.36178269338555,31.557163,1,0,1,1.0884
1.127400018274784,7891.800127923489,0.2749936834179403,173.36178010717862,31.466528,1,0,1,0.9913
1.127500019967556,7892.500139772892,0.2749872712639796,173.36177942993655,31.613495,1,0,1,1.1382
1.1277000233530998,7893.900163471699,0.2749744405432087,173.36177809497966,31.79921,1,0,1,1.3239
1.1277000233530998,7893.900163471699,0.2749732315182791,173.36178150412874,12.935158,0,0,3,-17.5401
1.1278000175952911,7894.600123167038,0.2749680211642797,173.36177744097057,31.817734,1,0,1,1.3425
1.1282000169157982,7897.400118410587,0.274941111751628,173.36177829778651,12.673818,0,0,3,-17.8014
1.1284000277519226,7898.800194263458,0.274929479681966,173.36177358975291,31.523466,1,0,1,1.0482
1.1287000328302383,7900.900229811668,0.2749086937981824,173.3617759414673,7.707783,0,0,0,-22.7675
1.1290000304579737,7903.000213205814,0.2748909637694245,173.36176968499606,31.525036,1,0,1,1.0498
1.1290000304579737,7903.000213205814,0.2748896323272696,173.3617734390083,10.752655,0,0,0,-19.7226
1.1291999965906143,7904.3999761343,0.2748769376818466,173.36177174197638,12.94262,0,0,3,-17.5326
1.12950000166893,7906.50001168251,0.2748572331464939,173.3617710560459,5.935459,0,0,0,-24.5398
1.1300000101327896,7910.000070929527,0.2748267762496526,173.36176320562495,31.371836,1,0,1,0.8966
1.1302000135183334,7911.400094628334,0.2748139540965209,173.36176187114663,31.555054,1,0,1,1.0798
1.1311000213027,7917.7001491189,0.2747550226421035,173.36175936707434,13.010811,0,0,3,-17.4645
1.1314000189304352,7919.800132513046,0.2747356351390665,173.3617578202534,10.77181,0,0,0,-19.7035
1.1314000189304352,7919.800132513046,0.2747357671816413,173.3617574466239,12.839002,0,0,3,-17.6363
1.132700003683567,7928.900025784969,0.2746523912400648,173.36174900737254,12.75866,0,0,3,-17.7166
1.1334000080823898,7933.800056576729,0.2746087181089507,173.36174105737456,31.572382,1,0,1,1.0971
1.1334000080823898,7933.800056576729,0.2746074337258338,173.36174467813106,11.537156,0,0,0,-18.9381
1.1338000074028969,7936.600051820278,0.2745818767751627,173.361741841061,12.853211,0,0,3,-17.6221
1.1345000192523005,7941.500134766102,0.2745382185218122,173.36173389220974,31.676464,1,0,1,1.2012
1.1371000111103058,7959.7000777721405,0.27437042162659,173.36172052001135,12.329631,0,0,3,-18.1456
1.137300007045269,7961.100049316883,0.2743576385438256,173.3617191579049,12.695285,0,0,3,-17.78
1.1380000188946724,7966.000132262707,0.2743137066494504,173.3617121782777,26.129036,1,0,0,-4.3462
1.1392000317573547,7974.400222301483,0.2742372903082375,173.36170325336076,32.6381,1,0,0,2.1628
1.1396000012755394,7977.200008928776,0.2742103875322019,173.36170433733878,12.360558,0,0,3,-18.1147
1.1397999972105026,7978.599980473518,0.2741988478496032,173.3616994918784,32.03491,1,0,0,1.5596
1.140100009739399,7980.700068175793,0.2741796449809736,173.3616975617768,32.010303,1,0,0,1.535
1.140100009739399,7980.700068175793,0.2741783939732266,173.36170108804654,12.4977255,0,0,3,-17.9775
1.140400007367134,7982.800051569939,0.2741604161993546,173.3616957132506,31.53821,1,0,1,1.0629
1.1411000192165377,7987.700134515762,0.2741156497062286,173.3616911329697,31.926535,1,0,1,1.4513
1.1411000192165377,7987.700134515762,0.2741156311921336,173.36169118535622,31.63669,1,0,1,1.1614
1.1412000209093094,7988.400146365166,0.2741092382520925,173.3616905270466,31.715698,1,0,1,1.2404
1.1415000185370443,7990.500129759312,0.2740888115161251,173.36169207466563,12.463223,0,0,3,-18.012
1.1417000219225883,7991.900153458118,0.2740772593263895,173.36168728621288,31.835993,1,0,1,1.3607
1.1428000032901764,7999.600023031235,0.2740068931038799,173.3616802488334,31.62265,1,0,1,1.1474
1.143400013446808,8003.800094127655,0.2739693822366717,173.3616739821593,44.960457,1,0,0,14.4852
1.144000008702278,8008.000060915947,0.273928927292235,173.36167603811535,12.25877,0,0,3,-18.2165
1.144200012087822,8009.400084614754,0.2739153967494992,173.36167685618886,0.62657094,0,0,0,-29.8487
1.1444000229239464,8010.800160467625,0.2739045688800935,173.36167005632942,31.149155,1,0,1,0.6739
1.1455000340938568,8018.500238656998,0.2738342543080516,173.36166303969983,30.929365,1,0,1,0.4541
1.145900033414364,8021.300233900547,0.2738086851680856,173.36166050709585,30.756006,1,0,1,0.2807
1.1464999988675115,8025.499992072582,0.2737703557373211,173.36165666211767,30.762747,1,0,1,0.2875
1.1466000005602837,8026.200003921986,0.2737615228411793,173.36166291366547,-7.3738256,0,0,0,-37.8491
1.146800011396408,8027.600079774857,0.2737496454406073,173.36165909977794,6.6433,0,0,0,-23.832
1.1470000073313713,8029.000051319599,0.273738406491743,173.3616534887502,30.60647,1,0,1,0.1312
1.147300012409687,8031.100086867809,0.2737192717001225,173.36165149424085,31.017824,1,0,1,0.5426
1.1475000083446505,8032.500058412552,0.273706489794421,173.3616502378774,30.887995,1,0,1,0.4127
1.1482000201940536,8037.400141358376,0.2736617750545628,173.36164579505174,30.696438,1,0,1,0.2212
1.148900032043457,8042.300224304199,0.2736170981585681,173.3616412695376,30.978884,1,0,1,0.5036
1.149400033056736,8045.800231397152,0.2735851432384599,173.36163817381882,30.4339,1,0,0,-0.0414
1.1495000272989273,8046.500191092491,0.2735776259382803,173.36164073229384,12.742789,0,0,3,-17.7325
1.1495999991893768,8047.199994325638,0.2735711009618607,173.36164049800956,10.506485,0,0,0,-19.9688
1.1499000042676926,8049.300029873848,0.2735532637120652,173.36163488217923,30.982098,1,0,1,0.5068
1.1510000079870224,8057.000055909157,0.2734830789869796,173.36162780915438,31.281002,1,0,1,0.8057
1.1513000205159187,8059.100143611431,0.273463938889285,173.36162588302588,31.352556,1,0,1,0.8773
1.1515000239014626,8060.500167310238,0.2734511912613822,173.36162456667935,31.580427,1,0,1,1.1052
1.151600018143654,8061.200127005577,0.2734447920754713,173.36162398228325,31.286873,1,0,1,0.8116
1.1522000283002851,8065.400198101997,0.2734065381127963,173.36162007600404,31.74269,1,0,1,1.2674
1.1522000283002851,8065.400198101997,0.2734052772265351,173.3616236304048,12.074463,0,0,3,-18.4008
1.1528000310063362,8069.6002170443535,0.2733682426644875,173.36161630183125,31.478197,1,0,1,1.0029
1.152999997138977,8070.999979972839,0.2733554408649564,173.36161515525765,30.776407,1,0,1,0.3011
1.153099998831749,8071.699991822243,0.2733491140289172,173.3616143716666,31.589249,1,0,1,1.114
1.153099998831749,8071.699991822243,0.273349113598933,173.3616143728833,31.582518,1,0,1,1.1073
1.1540000140666962,8078.000098466873,0.2732921259947345,173.3616074562797,38.157734,1,0,0,7.6825
1.1544000133872032,8080.8000937104225,0.2732679369103274,173.3616011805687,58.803535,0,0,0,28.3283
1.1545000225305555,8081.50015771389,0.2732598150848592,173.36160545965066,31.60536,1,0,1,1.1301
1.154700018465519,8082.900129258633,0.2732490226214774,173.3615986528975,62.232136,0,0,0,31.7569
1.154700018465519,8082.900129258633,0.2732470579720614,173.3616041928383,31.577026,1,0,1,1.1018
1.154700018465519,8082.900129258633,0.2732457954086754,173.36160775205911,11.882157,0,0,3,-18.5931
1.155000023543835,8085.000164806843,0.2732279235365531,173.3616022887613,31.557306,1,0,1,1.082
1.1554000228643415,8087.800160050392,0.2732011239975696,173.36160338340554,11.429402,0,0,3,-19.0459
1.1561000272631643,8092.700190842152,0.2731577818112036,173.36159527830995,31.663776,1,0,1,1.1885
1.1561000272631643,8092.700190842152,0.273156551339358,173.36159874676304,12.471118,0,0,3,-18.0041
1.156700000166893,8096.900001168251,0.2731195140977993,173.36159149459542,31.51239,1,0,1,1.0371
1.1574000120162964,8101.800084114075,0.2730748467485027,173.3615871395569,31.015825,1,0,1,0.5406
1.1579000130295751,8105.300091207027,0.2730428831051923,173.36158393131055,31.254816,1,0,1,0.7796
1.1595000326633451,8116.500228643417,0.2729409901383557,173.36157375573467,31.340782,1,0,1,0.8655
1.1597000285983086,8117.90020018816,0.2729282201576271,173.36157257807136,30.833237,1,0,1,0.358
1.15990000218153,8119.30001527071,0.272915478693923,173.36157132517027,30.743753,1,0,1,0.2685
1.1601999998092651,8121.399998664856,0.27289638859629,173.36156937577866,30.997099,1,0,1,0.5218
1.160300001502037,8122.100010514259,0.2728900061322272,173.36156877937958,30.786379,1,0,1,0.3111
1.1607000082731247,8124.900057911873,0.2728643658951071,173.36156670330908,28.232424,1,0,0,-2.2428
1.1610000133514404,8127.000093460083,0.2728454197428763,173.36156434377182,30.759268,1,0,1,0.284
1.1610000133514404,8127.000093460083,0.2728454147371859,173.36156435793754,30.680891,1,0,1,0.2056
1.1617000177502632,8131.900124251842,0.2728008175788036,173.36155994602234,30.531414,1,0,1,0.0562
1.1618000194430351,8132.600136101246,0.2727944286089433,173.36155936548087,30.235535,1,0,0,-0.2397
1.163500003516674,8144.500024616718,0.2726849605376322,173.36155186979747,12.097264,0,0,3,-18.378
1.1636000126600266,8145.200088620186,0.2726797993304982,173.361547819667,31.002506,1,0,1,0.5272
1.1656000316143036,8159.200221300125,0.2725523417082646,173.36153509733754,31.321474,1,0,1,0.8462
1.1659000292420387,8161.300204694271,0.2725332331312461,173.36153314400426,31.622942,1,0,1,1.1477
1.1662000343203545,8163.400240242481,0.2725140887403832,173.3615312854193,31.401014,1,0,1,0.9258
1.1665000319480896,8165.500223636627,0.2724949594954891,173.3615293802999,31.437933,1,0,1,0.9627
1.1665000319480896,8165.500223636627,0.2724927565400575,173.36153559084158,-2.9276516,0,0,0,-33.4029
1.1666000038385391,8166.200026869774,0.2724885897686571,173.36152873024383,31.534515,1,0,1,1.0593
1.1666000038385391,8166.200026869774,0.2724885755408935,173.36152877050978,31.311733,1,0,1,0.8365
1.1672000139951706,8170.400097966194,0.2724503279819214,173.36152490644383,31.686697,1,0,1,1.2114
1.1678000092506409,8174.600064754486,0.2724120520916058,173.3615211021971,31.735182,1,0,1,1.2599
1.1682000234723091,8177.400164306164,0.2723864924271991,173.3615186678233,31.205526,1,0,1,0.7303
1.1684000194072723,8178.800135850906,0.272373762014981,173.3615173109434,31.714981,1,0,1,1.2397
1.1685000211000445,8179.50014770031,0.2723673716323461,173.36151670124872,31.589237,1,0,1,1.114
1.1685000211000445,8179.50014770031,0.2723673685225128,173.36151671005,31.540543,1,0,1,1.0653
1.1686000227928162,8180.200159549713,0.2723610016889077,173.3615160329947,31.787582,1,0,1,1.3123
1.168700024485588,8180.9001713991165,0.2723533606919856,173.3615189477723,12.159631,0,0,3,-18.3156
1.1695000305771828,8186.500214040279,0.2723022586853499,173.36151397391222,11.691491,0,0,3,-18.7838
1.169600032269955,8187.200225889683,0.27229716602847,173.36150969685292,31.859695,1,0,1,1.3844
1.171000011265278,8197.000078856945,0.272207752466052,173.36150082749649,31.968575,1,0,1,1.4933
1.171400010585785,8199.800074100494,0.2721821457905723,173.36149843167448,31.23664,1,0,1,0.7614
1.1718000248074532,8202.600173652172,0.2721582457994568,173.36149120914675,57.213627,0,0,0,26.7384
1.1722000241279602,8205.400168895721,0.2721310563981458,173.36149325104284,31.927967,1,0,1,1.4527
1.172500029206276,8207.500204443932,0.2721136521704114,173.36148634696772,59.641068,0,0,0,29.1658
1.173000030219555,8211.000211536884,0.2720798871488389,173.36148824258157,31.669867,1,0,1,1.1946
1.1732000336050987,8212.400235235691,0.2720671049087955,173.36148695308538,31.812504,1,0,1,1.3372
1.1733999997377396,8213.799998164177,0.2720543096524839,173.36148570397637,31.73313,1,0,1,1.2579
1.1735000014305117,8214.50001001358,0.2720479178060537,173.36148505827975,31.809814,1,0,1,1.3346
1.17450001090765,8221.50007635355,0.2719835345476791,173.36147986623897,25.579105,1,0,0,-4.8962
1.1749000176787376,8224.300123751163,0.2719582837899338,173.36147634692944,31.068974,1,0,1,0.5937
1.1764000281691551,8234.800197184086,0.2718622350703525,173.36146686376915,31.105505,1,0,1,0.6302
1.176500029861927,8235.50020903349,0.2718558475155244,173.36146618162587,31.3844,1,0,1,0.9091
1.1767000332474709,8236.900232732296,0.2718417935859946,173.36146841762852,12.019896,0,0,3,-18.4554
1.1768999993801117,8238.299995660782,0.2718302060811127,173.3614637022529,31.121012,1,0,1,0.6458
1.1772000044584274,8240.400031208992,0.2718097201227438,173.361465369383,11.4084425,0,0,3,-19.0668
1.178100012242794,8246.700085699558,0.2717534886061613,173.3614560894002,31.325321,1,0,1,0.8501
1.178100012242794,8246.700085699558,0.2717534635800953,173.36145615872795,30.94148,1,0,1,0.4662
1.178200013935566,8247.400097548962,0.2717470254628369,173.36145555961895,30.75736,1,0,1,0.2821
1.1785000190138817,8249.500133097172,0.2717265610306327,173.36145700058407,12.286174,0,0,3,-18.1891
1.1788000240921974,8251.600168645382,0.2717084829207646,173.3614517049941,31.090088,1,0,1,0.6148
1.1792000234127045,8254.400163888931,0.2716815552098787,173.36145259897305,12.145406,0,0,3,-18.3299
1.179700031876564,8257.900223135948,0.2716522010417053,173.36144155812863,55.73903,0,0,0,25.2638
1.179700031876564,8257.900223135948,0.2716506158402096,173.3614460280411,31.005346,1,0,1,0.5301
1.179700031876564,8257.900223135948,0.2716493948474074,173.36144947167637,11.950691,0,0,3,-18.5246
1.179800033569336,8258.600234985352,0.2716441697099754,173.36144544053448,30.756254,1,0,1,0.281
1.1803999990224838,8262.799993157387,0.2716056028107231,173.36144160100386,31.001936,1,0,1,0.5267
1.1806000024080276,8264.200016856194,0.2715927467161478,173.36144031556427,31.11377,1,0,1,0.6385
1.180900014936924,8266.300104558468,0.2715737908407458,173.3614374579305,36.424046,1,0,0,5.9488
1.1814000084996223,8269.800059497356,0.2715412871132163,173.36143525697642,31.098387,1,0,1,0.6231
1.1820000186562538,8274.000130593777,0.2715014861115818,173.3614348481423,12.352603,0,0,3,-18.1227
1.1820000186562538,8274.000130593777,0.271500770354129,173.36143686632235,1.1854069,0,0,0,-29.2899
1.1824000179767609,8276.800125837326,0.271476928722665,173.36142899701832,30.721865,1,0,1,0.2466
1.1825000196695328,8277.50013768673,0.2714705244530791,173.36142828003187,31.187124,1,0,1,0.7119
1.1825000196695328,8277.50013768673,0.2714705113529615,173.36142831710674,30.982,1,0,1,0.5067
1.1830000281333923,8281.000196933746,0.2714383576999579,173.36142510358016,31.252003,1,0,1,0.7767
1.1831000298261642,8281.70020878315,0.2714319296550598,173.36142445255726,31.351677,1,0,1,0.8764
1.183300033211708,8283.100232481956,0.2714190456577351,173.3614232294917,31.113844,1,0,1,0.6386
1.183300033211708,8283.100232481956,0.271419037139502,173.3614232535991,30.980465,1,0,1,0.5052
1.1835000291466713,8284.500204026699,0.2714061510706467,173.36142203734462,30.704786,1,0,1,0.2295
1.184400014579296,8290.800102055073,0.2713482687555106,173.36141626353248,31.122063,1,0,1,0.6468
1.1851000115275383,8295.700080692768,0.2713032335768308,173.3614118165333,31.197514,1,0,1,0.7223
1.1852000132203102,8296.400092542171,0.2712968362413102,173.36141108009826,31.767591,1,0,1,1.2923
1.186000019311905,8302.000135183334,0.271245343921254,173.36140607112677,31.438627,1,0,1,0.9634
1.1866000294685364,8306.200206279755,0.2712067385766317,173.36140228190604,31.365023,1,0,1,0.8898
1.1866000294685364,8306.200206279755,0.2712055197775371,173.36140571908905,12.346185,0,0,3,-18.1291
1.1868000328540802,8307.600229978561,0.2711938879643538,173.36140097262353,31.595245,1,0,1,1.12
1.1875,8312.5,0.2711488834156683,173.36139648158078,31.890455,1,0,1,1.4152
1.1878000125288963,8314.600087702274,0.2711295711720312,173.3613946271711,31.624357,1,0,1,1.1491
1.1881000101566317,8316.70007109642,0.2711102910779471,173.36139268847393,31.823473,1,0,1,1.3482
1.1885000094771383,8319.50006633997,0.2710864271909736,173.3613849138185,60.802773,0,0,0,30.3275
1.189500018954277,8326.50013267994,0.2710202711809132,173.3613838274088,31.698547,1,0,1,1.2233
1.1899000331759453,8329.300232231617,0.2709945603828688,173.36138128803327,31.697186,1,0,1,1.2219
1.1899000331759453,8329.300232231617,0.2709933189857282,173.3613847875589,12.333203,0,0,3,-18.1421
1.1900000348687172,8330.00024408102,0.2709868766720897,173.3613841959869,12.092966,0,0,3,-18.3823
1.190800003707409,8335.600025951862,0.2709367314533221,173.3613755663816,31.727488,1,0,1,1.2522
1.190800003707409,8335.600025951862,0.27093550180181,173.36137903264358,12.54755,0,0,3,-17.9277
1.191000014543533,8337.000101804733,0.2709226350704319,173.36137781036695,12.278832,0,0,3,-18.1964
1.1921000182628632,8344.700127840042,0.2708532074929541,173.36136737308078,31.33906,1,0,1,0.8638
1.1930000185966492,8351.000130176544,0.2707954356456473,173.36136163373743,31.414968,1,0,1,0.9397
1.1934000328183174,8353.800229728222,0.2707697481459194,173.3613591336563,31.159958,1,0,1,0.6847
1.193500034511089,8354.500241577625,0.2707633282594983,173.36135850552543,31.112728,1,0,1,0.6375
1.1936000287532806,8355.200201272964,0.2707569268047521,173.36135782751205,31.341438,1,0,1,0.8662
1.193900004029274,8357.300028204918,0.2707398064423635,173.36134992531225,64.49652,0,0,0,34.0213
1.1944000124931335,8360.800087451935,0.2707056093716835,173.3613527290158,31.357265,1,0,1,0.882
1.194700010120869,8362.90007084608,0.2706886831746058,173.36134429783797,67.43107,0,0,0,36.9558
1.196000024676323,8372.00017273426,0.2706030314610341,173.3613425392048,31.283794,1,0,1,0.8085
1.196000024676323,8372.00017273426,0.2706030255254829,173.36134255600132,31.190866,1,0,1,0.7156
1.1962000206112862,8373.400144279003,0.2705928592821937,173.3613338128027,72.506676,0,0,0,42.0314
1.1962000206112862,8373.400144279003,0.270590234622562,173.36134121307597,31.55864,1,0,1,1.0834
1.1965000331401825,8375.500231981277,0.2705714732703006,173.36133800190234,38.728638,1,0,0,8.2534
1.1965000331401825,8375.500231981277,0.270571017426374,173.361339287351,31.615921,1,0,1,1.1407
1.1966000348329544,8376.20024383068,0.2705645858246942,173.36133871951935,31.224243,1,0,1,0.749
1.1967000290751455,8376.90020352602,0.2705581856170957,173.3613380667022,31.302914,1,0,1,0.8277
1.1970000341534617,8379.00023907423,0.2705389604668088,173.36133617919216,31.143345,1,0,1,0.6681
1.197400003671646,8381.800025701523,0.2705133652428702,173.3613335742652,31.414654,1,0,1,0.9394
1.1975999996066091,8383.199997246265,0.2704981865060066,173.36133898963152,-5.6237464,0,0,0,-36.099
1.1980000138282776,8386.000096797943,0.2704762888882207,173.36132513741788,56.67781,0,0,0,26.2025
1.1980000138282776,8386.000096797943,0.2704734503162496,173.36133313992573,12.397523,0,0,3,-18.0777
1.1983000114560127,8388.100080192089,0.2704555338106574,173.36132780423952,31.349104,1,0,1,0.8738
1.1983000114560127,8388.100080192089,0.2704559469861599,173.3613266395446,37.793736,1,0,0,7.3185
1.1987000107765198,8390.900075435638,0.2704300422218892,173.3613252220249,31.534948,1,0,1,1.0597
1.1989000216126442,8392.30015128851,0.2704172798813568,173.36132398076836,31.348991,1,0,1,0.8737
1.1993000209331512,8395.100146532059,0.2703917722629311,173.36132146372094,31.163351,1,0,1,0.6881
1.1993000209331512,8395.100146532059,0.2703917826136801,173.3613214344302,31.325405,1,0,1,0.8501
1.1994000226259232,8395.800158381462,0.2703838651336065,173.3613251512527,7.2299013,0,0,0,-23.2454
1.2001000344753263,8400.700241327286,0.2703395903382182,173.36131975071262,12.391551,0,0,3,-18.0837
1.2015000134706495,8410.500094294548,0.2702516274303231,173.36130738736543,31.281885,1,0,1,0.8066
1.2016000151634216,8411.200106143951,0.2702440575510382,173.3613101356313,12.533577,0,0,3,-17.9417
1.2019000127911568,8413.300089538097,0.2702261528865856,173.36130483434272,31.238995,1,0,1,0.7637
1.202200010418892,8415.400072932243,0.2702074117428811,173.36130189531983,36.868065,1,0,0,6.3928
1.2034000307321548,8423.800215125084,0.2701306811303817,173.36129512706125,31.72576,1,0,1,1.2505
1.203600034117699,8425.20023882389,0.2701202167982749,173.36128744622047,67.11782,0,0,0,36.6426
1.2039000317454338,8427.300222218037,0.2700964611907173,173.36129865137443,-5.550571,0,0,0,-36.0258
1.2041000053286552,8428.700037300587,0.2700861002181098,173.36129068477217,31.416454,1,0,1,0.9412
1.2044000029563904,8430.800020694733,0.2700670118643951,173.36128872874718,31.561869,1,0,1,1.0866
1.20490001142025,8434.30007994175,0.2700344936355686,173.36128745051934,20.823639,1,0,0,-9.6516
1.2059000208973885,8441.30014628172,0.2699703059337002,173.361282480352,12.646876,1,0,3,-17.8284
1.206500023603439,8445.500165224075,0.2699333002604249,173.36127523218937,31.309479,1,0,1,0.8342
1.206800028681755,8447.600200772285,0.2699142044192315,173.36127327330374,31.416136,1,0,1,0.9409
1.206900030374527,8448.300212621689,0.2699078425909051,173.36127260953197,31.509916,1,0,1,1.0347
1.2071000337600708,8449.700236320496,0.2698951031307282,173.36127132506104,31.456787,1,0,1,0.9815
1.207300029695034,8451.100207865238,0.2698811860558052,173.36127336040244,13.031336,1,0,3,-17.4439
1.207699999213219,8453.89999449253,0.2698568496546484,173.3612675650236,30.763165,1,0,1,0.2879
1.207900010049343,8455.300070345402,0.2698441555787662,173.36126614079757,31.470116,1,0,1,0.9949
1.207900010049343,8455.300070345402,0.2698429860392255,173.36126943868928,13.22199,1,0,3,-17.2533
1.208000011742115,8456.000082194805,0.2698377332715113,173.36126564136745,30.645811,1,0,1,0.1705
1.208000011742115,8456.000082194805,0.2698366180946189,173.36126878541094,13.248867,1,0,3,-17.2264
1.2088000103831291,8461.600072681904,0.2697856418084782,173.3612636277791,13.055447,1,0,3,-17.4198
1.209000013768673,8463.00009638071,0.2697729841832966,173.36126208668466,14.391493,1,0,0,-16.0838
1.2098000198602676,8468.600139021873,0.2697230463232745,173.36125393324,30.708426,1,0,1,0.2332
1.2098000198602676,8468.600139021873,0.2697219212199614,173.36125710542828,13.155731,1,0,3,-17.3195
1.210100032389164,8470.700226724148,0.2697039217261256,173.36125198075666,30.698624,1,0,1,0.2234
1.2110000029206276,8477.000020444393,0.2696465537633791,173.36124606545957,30.946772,1,0,1,0.4715
1.211600013077259,8481.200091540813,0.2696082452211654,173.3612422473407,30.37988,1,0,0,-0.0954
1.2118000090122223,8482.600063085556,0.2695954817112674,173.36124095015103,30.320038,1,0,0,-0.1552
1.212100014090538,8484.700098633766,0.2695763437059363,173.36123897308966,30.396742,1,0,0,-0.0785
1.2123000249266624,8486.100174486637,0.2695635624629737,173.36123771167823,30.130194,1,0,0,-0.3451
1.21380003541708,8496.60024791956,0.2694678174518088,173.36122778476027,30.610476,1,0,1,0.1352
1.2144000008702278,8500.800006091595,0.2694295020372566,173.36122378994634,30.887012,0,0,1,0.4118
1.2151000127196312,8505.700089037418,0.2693835332565695,173.3612226347158,11.776447,1,0,0,-18.6988
1.215700015425682,8509.900107979774,0.2693463924875351,173.36121521635167,30.936031,0,0,1,0.4608
1.216800034046173,8517.600238323212,0.2692770456088563,173.3612050270807,47.120056,0,0,0,16.6448
1.2175000309944153,8522.500216960907,0.2692300182831009,173.36120663003612,12.627862,1,0,3,-17.8474
1.2181000038981438,8526.700027287006,0.2691918906030158,173.36120274558075,12.414979,1,0,3,-18.0603
1.2187000140547752,8530.900098383427,0.2691532806262455,173.361198725055,12.504685,1,0,3,-17.9706
1.2189000099897385,8532.30006992817,0.2691403348007425,173.36119758930792,11.399098,1,0,0,-19.0762
1.2207000330090525,8544.900231063366,0.2690256922062768,173.36118189682503,31.637224,0,0,1,1.162
1.2209000289440155,8546.300202608109,0.2690115643915698,173.3611840556837,12.284796,1,0,3,-18.1905
1.2213000059127808,8549.100041389465,0.2689858051409636,173.36118132631532,12.571328,1,0,3,-17.9039
1.2217000126838684,8551.900088787079,0.2689600177846936,173.3611786601606,12.503162,1,0,3,-17.9721
1.2234000191092491,8563.800133764744,0.2688493121609493,173.36117037519938,-4.666937,0,0,0,-35.1422
1.2241000309586525,8568.700216710567,0.2688047137537244,173.36116415985487,3.7756214,0,0,0,-26.6996
1.2244000360369682,8570.800252258778,0.268787100120282,173.36115726600022,30.802517,1,0,1,0.3273
1.2251000106334686,8575.70007443428,0.2687407882933383,173.36115588919307,12.4805355,0,0,3,-17.9947
1.2251000106334686,8575.70007443428,0.2687407945104087,173.36115587159966,12.577877,0,0,3,-17.8974
1.2254000157117844,8577.80010998249,0.2687226539000811,173.361150466649,31.371187,1,0,1,0.8959
1.2257000133395195,8579.900093376637,0.2687033044756368,173.36114847445904,31.28259,1,0,1,0.8073
1.226300023496151,8584.100164473057,0.2686646507593312,173.3611443692431,31.781519,1,0,1,1.3063
1.226600021123886,8586.200147867203,0.2686452804150058,173.36114244713883,31.313877,1,0,1,0.8386
1.226700022816658,8586.900159716606,0.2686376421345113,173.36114513836435,12.721344,0,0,3,-17.7539
1.2269000187516212,8588.300131261349,0.268624702869743,173.36114393391517,11.986657,0,0,3,-18.4886
1.2270000204443932,8589.000143110752,0.2686171592860982,173.3611463588771,-5.1313453,0,0,0,-35.6066
1.2283000126481056,8598.10008853674,0.2685327508644949,173.3611394536167,-14.966816,0,0,0,-45.4421
1.2284000143408775,8598.800100386143,0.2685292956618759,173.36113036228468,31.648228,1,0,1,1.173
1.2285000160336494,8599.500112235546,0.2685228436345258,173.36112972189866,31.500292,1,0,1,1.025
1.2285000160336494,8599.500112235546,0.2685216268518437,173.36113315298638,12.5142,0,0,3,-17.9611
1.2285000160336494,8599.500112235546,0.2685210809708204,173.36113469164624,3.9998755,0,0,0,-26.4754
1.2295000106096268,8606.500074267387,0.2684584477967998,173.36112302424314,31.68237,1,0,1,1.2071
1.2295000106096268,8606.500074267387,0.2684571823487508,173.36112659297766,11.934627,0,0,3,-18.5406
1.2301000207662582,8610.700145363808,0.2684198219858361,173.36111902234103,31.7322,1,0,1,1.2569
1.2301000207662582,8610.700145363808,0.2684185930402668,173.3611224877542,12.55609,0,0,3,-17.9192
1.230400025844574,8612.800180912018,0.2684004951327711,173.3611170771102,31.459087,1,0,1,0.9838
1.2308000326156616,8615.600228309631,0.2683747864646623,173.36111433176688,31.945818,1,0,1,1.4706
1.23140000551939,8619.80003863573,0.2683361693172828,173.36111041050592,31.613281,1,0,1,1.138
1.231600001454353,8621.200010180473,0.2683233069873449,173.36110908591434,31.606255,1,0,1,1.131
1.2328000217676165,8629.600152373314,0.268246161370116,173.36110117665444,31.429592,1,0,1,0.9543
1.2331000193953514,8631.70013576746,0.2682256705699506,173.36110263232143,12.411105,0,0,3,-18.0642
1.2339000329375267,8637.300230562687,0.2681755186843384,173.36109392330007,31.413265,1,0,1,0.938
1.2343000322580338,8640.100225806236,0.2681498445619845,173.36109129861654,31.368483,1,0,1,0.8932
1.2347000017762184,8642.900012433529,0.2681241817590996,173.36108867625796,31.329882,1,0,1,0.8546
1.2349000051617622,8644.300036132336,0.2681085010981736,173.36109540434913,-13.16985,0,0,0,-43.6451
1.2351000010967257,8645.700007677078,0.2680985133540251,173.36108609348312,31.089561,1,0,1,0.6143
1.2355000153183937,8648.500107228756,0.2680728857273974,173.36108342240422,31.356068,1,0,1,0.8808
1.2355000153183937,8648.500107228756,0.2680718494629835,173.36108634394256,15.1892395,1,0,0,-15.286
1.2358000129461288,8650.600090622902,0.2680554696411648,173.3610763548661,59.593193,0,0,0,29.1179
1.2359000146389008,8651.300102472305,0.2680472487330407,173.3610808109908,31.312136,1,0,1,0.8369
1.236000016331673,8652.000114321709,0.2680396262685325,173.36108358328582,12.350527,0,0,3,-18.1247
1.236200012266636,8653.400085866451,0.268028024885207,173.36107886193267,31.239458,1,0,1,0.7642
1.236200012266636,8653.400085866451,0.2680280280928028,173.361078852857,31.289673,1,0,1,0.8144
1.2363000139594078,8654.100097715855,0.2680216275499005,173.36107818562508,31.3649,1,0,1,0.8896
1.2365000247955322,8655.500173568726,0.2680088141040106,173.36107689058218,31.30069,1,0,1,0.8254
1.2366000190377235,8656.200133264065,0.2680024012116588,173.36107626533948,31.147562,1,0,1,0.6723
1.2370000258088112,8659.000180661678,0.2679768025694254,173.36107362952566,31.292755,1,0,1,0.8175
1.2375000342726707,8662.500239908695,0.2679447968274339,173.3610704003596,31.139893,1,0,1,0.6646
1.2380999997258186,8666.69999808073,0.2679060892948178,173.36106660807403,30.455914,1,0,1,-0.0193
1.2383000031113625,8668.100021779537,0.2678934074129739,173.36106516230709,31.287445,1,0,1,0.8122
1.2384000048041344,8668.80003362894,0.2678870519814171,173.36106448338393,31.461943,1,0,1,0.9867
1.2384999990463257,8669.49999332428,0.2678794503241693,173.36106732187866,12.17383,0,0,3,-18.3014
1.2399000227451324,8679.300159215927,0.2677903509588782,173.36105838802067,11.613551,0,0,3,-18.8617
1.2403000220656395,8682.100154459476,0.2677648559044467,173.36105600876382,10.542623,0,0,0,-19.9326
1.240900032222271,8686.300225555897,0.2677280832535149,173.36104834097952,31.65721,1,0,1,1.1819
1.241700001060963,8691.900007426739,0.2676772876417538,173.36104318774497,31.826584,1,0,1,1.3513
1.2422000095248222,8695.400066673756,0.2676451569031927,173.36104108924548,25.763613,1,0,0,-4.7116
1.242400012910366,8696.800090372562,0.2676315612660893,173.36104235275397,11.710269,0,0,3,-18.765
1.242900013923645,8700.300097465515,0.2675998581967861,173.36103909408047,12.112697,0,0,3,-18.3626
1.2434000223875046,8703.800156712532,0.2675681365802355,173.36103591338602,12.114859,0,0,3,-18.3604
1.2437000200152395,8705.900140106678,0.2675503754661582,173.3610304319893,31.9031,1,0,1,1.4278
1.2438000217080116,8706.600151956081,0.2675440477831061,173.36102975640273,32.129574,1,0,1,1.6543
1.2441000193357468,8708.700135350227,0.2675250212556799,173.36102785514524,32.12145,1,0,1,1.6462
1.24420003592968,8709.40025150776,0.2675206756163014,173.36102159139872,63.275623,0,0,0,32.8004
1.244500033557415,8711.500234901905,0.2674996584066972,173.36102531259337,32.168865,1,0,1,1.6936
1.244600035250187,8712.200246751308,0.2674933246169206,173.36102465975748,32.278973,1,0,1,1.8037
1.244600035250187,8712.200246751308,0.2674933161833272,173.36102468362213,32.146927,1,0,1,1.6717
1.2468000203371048,8727.600142359734,0.2673538520314464,173.3610108296974,32.053062,1,0,1,1.5778
1.2473000213503838,8731.100149452686,0.2673221628455151,173.36100768801728,32.06843,1,0,1,1.5932
1.248200036585331,8737.400256097317,0.2672650841680286,173.36100214629113,31.533808,1,0,1,1.0585
1.248200036585331,8737.400256097317,0.2672650851947687,173.36100214338552,31.549885,1,0,1,1.0746
1.248200036585331,8737.400256097317,0.2672650856985106,173.36100214195994,31.557774,1,0,1,1.0825
1.248700000345707,8740.900002419949,0.2672334135700051,173.3609989647055,31.84231,1,0,1,1.367
1.248700000345707,8740.900002419949,0.2672334036598828,173.36099899275098,31.687134,1,0,1,1.2119
1.2489000111818314,8742.30007827282,0.2672207247900015,173.36099774477856,31.679865,1,0,1,1.2046
1.2489000111818314,8742.30007827282,0.2672207114107868,173.3609977826417,31.470367,1,0,1,0.9951
1.249600015580654,8747.200109064579,0.2671763398958633,173.36099340173618,31.546824,1,0,1,1.0716
1.2497000098228457,8747.900068759918,0.2671699022046053,173.3609930558816,30.012331,1,0,0,-0.4629
1.2506000250577929,8754.200175404549,0.2671111790666633,173.36099211361324,4.2252307,0,0,0,-26.25
1.250700019299984,8754.900135099888,0.2671066023580327,173.36098651467765,31.767397,1,0,1,1.2921
1.2513000294566154,8759.100206196308,0.2670684924405632,173.36098293199302,30.96538,1,0,1,0.4901
1.251700036227703,8761.900253593922,0.2670431643122716,173.36098030848893,31.745693,1,0,1,1.2704
1.2521000057458878,8764.700040221214,0.2670177900552972,173.36097781053323,31.843462,1,0,1,1.3682
1.2528000101447103,8769.600071012974,0.266973351572723,173.36097349089175,31.750221,1,0,1,1.275
1.2529000118374825,8770.300082862377,0.266967038866713,173.36097277054228,32.310802,1,0,1,1.8355
1.253500021994114,8774.500153958797,0.2669308588853439,173.36096363700975,62.309143,0,0,0,31.8339
1.253800019621849,8776.600137352943,0.2669084397449238,173.36097126552278,9.831177,0,0,0,-20.6441
1.2541000247001648,8778.700172901154,0.266890775014217,173.36096547436185,31.616323,1,0,1,1.1411
1.2549000307917595,8784.300215542316,0.2668382790877638,173.36096518222163,5.889638,0,0,0,-24.5856
1.2550000324845314,8785.00022739172,0.2668335978016022,173.3609598353002,32.060795,1,0,1,1.5855
1.2550000324845314,8785.00022739172,0.2668335944896399,173.36095984467426,32.00893,1,0,1,1.5337
1.2552000060677528,8786.40004247427,0.2668192672990854,173.36096315451533,6.8630786,0,0,0,-23.6122
1.255400002002716,8787.800014019012,0.2668081668686359,173.36095735484992,32.125763,1,0,1,1.6505
1.255400002002716,8787.800014019012,0.2668068118133118,173.3609611766656,10.977544,0,0,0,-19.4977
1.2558000162243843,8790.60011357069,0.2667827091402303,173.36095491969593,31.943106,1,0,1,1.4678
1.2560000121593475,8792.000085115433,0.2667686951209714,173.36095731957894,11.8361225,0,0,3,-18.6391
1.2564000114798546,8794.800080358982,0.2667444957384496,173.3609513039932,31.472013,1,0,1,0.9968
1.257000021636486,8799.000151455402,0.2667063117292712,173.3609475470012,31.78814,1,0,1,1.3129
1.257000021636486,8799.000151455402,0.2667063180798503,173.3609475290261,31.887594,1,0,1,1.4123
1.25720002502203,8800.40017515421,0.2666917973427936,173.3609513202828,4.0850787,0,0,0,-26.3902
1.2577000260353088,8803.900182247162,0.2666619057715335,173.36094315510132,31.6517,1,0,1,1.1764
1.2580000311136246,8806.000217795372,0.2666414634792086,173.36094493762758,11.662829,0,0,3,-18.8124
1.2582000344991684,8807.400241494179,0.2666299647280384,173.36094011246428,31.612963,1,0,1,1.1377
1.2590000107884407,8813.000075519085,0.2665788497340504,173.36093518713685,31.864248,1,0,1,1.389
1.2594000101089478,8815.800070762634,0.2665520107702884,173.3609362951806,12.226613,0,0,3,-18.2486
1.2595000118017197,8816.500082612038,0.2665456355430709,173.36093562361702,12.565347,0,0,3,-17.9099
1.2599000111222267,8819.300077855587,0.2665212444201498,173.3609297916962,31.323887,1,0,1,0.8486
1.2604000195860865,8822.800137102604,0.2664892567589431,173.3609266872019,31.602991,1,0,1,1.1277
1.26060002297163,8824.20016080141,0.26647378807894,173.36093297366162,-9.945866,0,0,0,-40.4211
1.2609000205993652,8826.300144195557,0.2664572261034554,173.36092366110205,31.43659,1,0,1,0.9613
1.2619000300765038,8833.300210535526,0.2663931273206,173.36091757940684,31.221405,1,0,1,0.7461
1.2620000019669533,8834.000013768673,0.2663867227924092,173.36091695172513,31.30497,1,0,1,0.8297
1.262200005352497,8835.40003746748,0.2663739028753162,173.3609157103656,31.3902,1,0,1,0.9149
1.2622999995946884,8836.099997162819,0.2663674768175241,173.36091513409556,31.186186,1,0,1,0.7109
1.2622999995946884,8836.099997162819,0.2663674897094771,173.36091509760416,31.388086,1,0,1,0.9128
1.2622999995946884,8836.099997162819,0.2663674840776371,173.36091511354542,31.299887,1,0,1,0.8246
1.2627000138163569,8838.900096714497,0.2663418207430136,173.36091266798667,31.251373,1,0,1,0.7761
1.2632000148296356,8842.40010380745,0.2663097612051665,173.3609095189218,31.680706,1,0,1,1.2054
1.26340002566576,8843.80017966032,0.2662969236487204,173.36090828395618,31.708908,1,0,1,1.2336
1.26340002566576,8843.80017966032,0.2662969156816638,173.36090830650733,31.584137,1,0,1,1.1089
1.2636000216007233,8845.200151205063,0.2662828635605639,173.3609104932326,12.675204,0,0,3,-17.8001
1.263800024986267,8846.60017490387,0.2662712430187952,173.3609058129473,31.759762,1,0,1,1.2845
1.2640000209212303,8848.000146448612,0.2662571357145695,173.36090814050698,12.062896,0,0,3,-18.4124
1.2641000226140022,8848.700158298016,0.2662519718755779,173.3609039720872,31.718134,1,0,1,1.2429
1.2641000226140022,8848.700158298016,0.2662523173997679,173.36090299857304,37.105186,1,0,0,6.6299
1.2653999999165535,8857.799999415874,0.2661683787183974,173.36089606081336,31.051994,1,0,1,0.5767
1.265600003302097,8859.200023114681,0.2661555268814118,173.3608947929514,31.211077,1,0,1,0.7358
1.2672000229358673,8870.400160551071,0.2660525374584957,173.36088491566449,30.812002,1,0,1,0.3367
1.2678000256419182,8874.600179493427,0.2660139364570839,173.36088105400876,31.435432,1,0,1,0.9602
1.2686000317335129,8880.20022213459,0.2659623765265737,173.36087608374532,31.187841,1,0,1,0.7126
1.2694000154733658,8885.80010831356,0.2659108347674728,173.3608709776245,31.58452,1,0,1,1.1093
1.2694000154733658,8885.80010831356,0.2659096063466501,173.36087444251794,12.412146,0,0,3,-18.0631
1.2699000164866447,8889.300115406513,0.2658785469183912,173.36086795164604,30.860338,1,0,1,0.3851
1.2699000164866447,8889.300115406513,0.2658785764753634,173.36086786798893,31.323189,1,0,1,0.8479
1.2704000249505043,8892.80017465353,0.2658462560810499,173.36086490149088,30.224754,1,0,0,-0.2505
1.2708000242710114,8895.60016989708,0.2658205022123905,173.36086221805715,31.02979,1,0,1,0.5545
1.2708000242710114,8895.60016989708,0.2658192798001166,173.36086566436495,11.959999,0,0,3,-18.5153
1.2709000259637833,8896.300181746483,0.2658140634367998,173.36086154486384,31.239294,1,0,1,0.764
1.2710000202059746,8897.000141441822,0.2658076144120672,173.36086090095336,31.285189,1,0,1,0.8099
1.2710000202059746,8897.000141441822,0.2658067100675292,173.36086345152282,17.172043,1,0,0,-13.3032
1.271700032055378,8901.900224387646,0.2657624348443803,173.36085645600525,31.206814,1,0,1,0.7316
1.272900015115738,8910.300105810165,0.26568365931591,173.3608524636381,10.7849045,1,0,0,-19.6904
1.273200012743473,8912.400089204311,0.265665609388006,173.36084680867023,31.40428,1,0,1,0.929
1.2735000103712082,8914.500072598457,0.2656462298691873,173.360844895471,31.301788,1,0,1,0.8265
1.2742000222206116,8919.400155544281,0.2655997782489936,173.3608438765684,11.930721,1,0,3,-18.5445
1.2743000239133837,8920.100167393684,0.2655945646625195,173.36083971806792,31.36087,1,0,1,0.8856
1.2744000256061554,8920.800179243088,0.265588110463182,173.36083905647638,31.439335,1,0,1,0.9641
1.274800032377243,8923.600226640701,0.2655622642071675,173.3608364869129,31.309023,1,0,1,0.8338
1.274900034070015,8924.300238490105,0.2655557924359405,173.36083587183893,31.120504,1,0,1,0.6452
1.2750000357627869,8925.000250339508,0.2655493385387626,173.36083520558026,31.21326,1,0,1,0.738
1.2751000300049782,8925.700210034847,0.2655428872105851,173.36083453287685,31.340029,1,0,1,0.8648
1.275400035083294,8927.800245583057,0.265522275525747,173.36083605303665,12.129446,1,0,3,-18.3458
1.2757000029087069,8929.900020360947,0.2655034939622604,173.36083241715582,21.433674,1,0,0,-9.0416
1.2759000062942505,8931.300044059753,0.2654912217376497,173.36082928294803,31.55615,1,0,1,1.0809
1.2762000113725662,8933.400079607964,0.2654705587452778,173.36083093634173,11.562935,1,0,3,-18.9123
1.276300013065338,8934.100091457367,0.2654640688296865,173.36083036555337,11.102851,1,0,0,-19.3724
1.27640001475811,8934.80010330677,0.2654609189542792,173.3608203765741,62.755466,0,0,0,32.2802
1.27640001475811,8934.80010330677,0.2654588982100493,173.36082607427082,31.227737,1,0,1,0.7525
1.2774000242352486,8941.80016964674,0.2653930510039127,173.36082301507773,11.850222,1,0,3,-18.625
1.2778000235557556,8944.60016489029,0.2653701420918425,173.36081253938235,56.359997,0,0,0,25.8847
1.2782000228762629,8947.400160133839,0.2653414254797542,173.36081789214043,11.828454,1,0,3,-18.6468
1.278800033032894,8951.600231230259,0.2653038684394876,173.3608103602237,31.08554,1,0,1,0.6103
1.2791000008583069,8953.700006008148,0.2652844617915041,173.3608083721437,30.856327,1,0,1,0.3811
1.2794000133872032,8955.800093710423,0.2652638686937474,173.36080972057127,12.149614,1,0,3,-18.3256
1.2795000150799751,8956.500105559826,0.2652586279206654,173.3608055943762,31.230568,1,0,1,0.7553
1.2801000103354454,8960.700072348118,0.2652186141938172,173.36080499893262,11.990953,1,0,3,-18.4843
1.2806000262498856,8964.200183749199,0.2651875437440572,173.3607980963752,31.372702,1,0,1,0.8974
1.2806000262498856,8964.200183749199,0.265187523721281,173.36079815303412,31.05922,1,0,1,0.584
1.2806000262498856,8964.200183749199,0.2651875250015463,173.36079814941132,31.079264,1,0,1,0.604
1.2808000221848488,8965.600155293941,0.2651746119140296,173.36079675991522,31.23525,1,0,1,0.76
1.2810000255703926,8967.000178992748,0.265161685551091,173.36079540841115,31.176626,1,0,1,0.7014
1.2812000215053558,8968.40015053749,0.2651487609589298,173.36079405531368,31.123188,1,0,1,0.6479
1.2820000350475311,8974.000245332718,0.265097093012523,173.36078857432375,31.253105,1,0,1,0.7778
1.2822000309824944,8975.40021687746,0.2650829580906105,173.36079064493447,12.238177,1,0,3,-18.2371
1.2825000062584877,8977.500043809414,0.2650648064913637,173.36078516126815,31.242434,1,0,1,0.7672
1.2829000055789948,8980.300039052963,0.2650389806426008,173.36078243137288,31.219658,1,0,1,0.7444
1.2830000072717669,8981.000050902367,0.2650325302971684,173.3607817333883,31.298502,1,0,1,0.8232
1.2830000072717669,8981.000050902367,0.2650324967399123,173.36078182834035,30.773146,1,0,1,0.2979
1.2846000269055369,8992.200188338757,0.2649292923660568,173.36077079337372,31.260683,1,0,1,0.7854
1.2850000262260437,8995.000183582306,0.2649023351459189,173.36077133960114,13.090535,0,0,0,-17.3847
1.2855000346899033,8998.500242829323,0.2648712771328485,173.36076461058244,31.394016,1,0,1,0.9188
1.2856000363826752,8999.200254678726,0.2648648394900927,173.36076390589213,31.5077,1,0,1,1.0324
1.2857000306248665,8999.900214374065,0.264858386390396,173.3607632477001,31.364672,1,0,1,0.8894
1.2869000136852264,9008.300095796583,0.2647798698617333,173.3607584911368,12.291798,0,0,3,-18.1835
1.287500023841858,9012.500166893004,0.26474248288092,173.3607509170833,31.536554,1,0,1,1.0613
1.2881000265479088,9016.70018583536,0.264703892763986,173.36074679399815,31.712418,1,0,1,1.2372
1.2892000004649162,9024.400003254414,0.2646330625597107,173.36073963205115,29.926987,1,0,0,-0.5483
1.28940000385046,9025.80002695322,0.2646203118112705,173.36073799290352,31.481018,1,0,1,1.0058
1.2906000167131424,9034.200116991997,0.264543259457922,173.36072985879002,31.50006,1,0,1,1.0248
1.2908000275492668,9035.600192844868,0.2645308657595456,173.360727264601,38.37579,1,0,0,7.9005
1.2913000211119652,9039.100147783756,0.2644983509013002,173.36072513478115,31.48965,1,0,1,1.0144
1.291400022804737,9039.80015963316,0.26449077717168,173.36072773249182,13.384736,1,0,0,-17.0905
1.2928000018000605,9049.600012600422,0.2644022056273937,173.36071510497834,31.221725,1,0,1,0.7465
1.2933000102639198,9053.10007184744,0.2643690175542224,173.3607150747298,12.887247,0,0,0,-17.588
1.2936000153422356,9055.200107395647,0.2643537128453371,173.36070209276653,73.64873,0,0,0,43.1735
1.2937000170350077,9055.900119245052,0.2643446105784289,173.36070904606893,31.481197,1,0,1,1.0059
1.2938000112771988,9056.600078940392,0.2643382071799343,173.36070839600393,31.391846,1,0,1,0.9166
1.2939000129699707,9057.300090789797,0.2643317902227345,173.36070778501923,31.087954,1,0,1,0.6127
1.294200025498867,9059.40017849207,0.264312597603818,173.36070579859737,31.037132,1,0,1,0.5619
1.294600024819374,9062.20017373562,0.2642870564468824,173.36070304441805,31.582785,1,0,1,1.1075
1.2954000309109688,9067.80021637678,0.264235915605517,173.3606978023346,31.300503,1,0,1,0.8252
1.2963000014424324,9074.100010097029,0.2641784676371839,173.36069183203318,31.552654,1,0,1,1.0774
1.2963000014424324,9074.100010097029,0.2641784783563381,173.3606918017074,31.720453,1,0,1,1.2452
1.2967000156641006,9076.900109648705,0.2641529392057195,173.3606892169851,31.508677,1,0,1,1.0334
1.2979000210762024,9085.300147533417,0.2640761964207155,173.36068116784963,31.5628,1,0,1,1.0875
1.2979000210762024,9085.300147533417,0.2640761675449126,173.36068124954284,31.110775,1,0,1,0.6355
1.2979000210762024,9085.300147533417,0.2640752499511183,173.36068383501944,16.802927,1,0,0,-13.6723
1.2984000220894814,9088.80015462637,0.2640444279358208,173.36067799084856,31.62422,1,0,1,1.149
1.2984000220894814,9088.80015462637,0.2640444099908625,173.3606780416175,31.343306,1,0,1,0.868
1.2987000346183777,9090.900242328644,0.2640253727139369,173.3606760891001,31.66316,1,0,1,1.1879
1.298900030553341,9092.300213873386,0.2640126803778976,173.3606748016369,31.809248,1,0,1,1.334
1.2990000322461128,9093.00022572279,0.2640050567479088,173.3606777606379,11.948393,0,0,0,-18.5269
1.2992000356316566,9094.400249421597,0.2639936217877597,173.36067293893188,31.66525,1,0,1,1.19
1.2993000373244286,9095.100261271,0.2639872747779867,173.36067230504764,31.693346,1,0,1,1.2181
1.29940003156662,9095.80022096634,0.2639809219211128,173.36067169084396,31.614902,1,0,1,1.1396
1.2996000051498413,9097.20003604889,0.2639682360861063,173.36067041413546,31.732018,1,0,1,1.2568
1.3006000146269798,9104.20010238886,0.2639047964320939,173.3606641315449,31.873762,1,0,1,1.3985
1.3012000247836113,9108.40017348528,0.2638667557932005,173.36066036717756,32.02014,1,0,1,1.5449
1.3013000264763832,9109.100185334682,0.2638604055535384,173.36065977320712,31.865774,1,0,1,1.3905
1.3018000274896622,9112.600192427635,0.2638286995955994,173.36065669542174,31.716608,1,0,1,1.2413
1.3019000217318537,9113.300152122974,0.2638223669961957,173.36065606033685,31.799944,1,0,1,1.3247
1.3020000234246254,9114.000163972378,0.2638160041447306,173.36065551061532,31.412283,1,0,1,0.937
1.3023000359535215,9116.100251674652,0.2637970063837916,173.3606536098478,31.650496,1,0,1,1.1752
1.302500031888485,9117.500223219397,0.2637843322226981,173.36065237571353,31.634422,1,0,1,1.1592
1.3029000014066696,9120.300009846687,0.2637588805867299,173.3606502142785,29.922298,1,0,0,-0.553
1.3038000166416168,9126.600116491318,0.2637001356401302,173.36064955573616,2.8773355,0,0,0,-27.5979
1.3049000278115273,9134.30019468069,0.2636323344790624,173.36063755410643,31.909454,1,0,1,1.4342
1.305700033903122,9139.900237321854,0.2635816717745177,173.36063267284965,31.80542,1,0,1,1.3302
1.306000031530857,9142.000220716,0.2635614651286442,173.3606342540503,12.899982,0,0,0,-17.5753
1.306200034916401,9143.400244414806,0.2635500041305967,173.36062964011444,31.665054,1,0,1,1.1898
1.306200034916401,9143.400244414806,0.2635500063549102,173.36062963382034,31.699879,1,0,1,1.2246
1.306200034916401,9143.400244414806,0.2635491278550238,173.36063211068745,17.993534,1,0,0,-12.4817
1.3066000044345856,9146.2000310421,0.2635246787371772,173.36062719683522,31.659557,1,0,1,1.1843
1.3066000044345856,9146.2000310421,0.2635246780977268,173.3606271986447,31.649546,1,0,1,1.1743
1.3068000078201294,9147.600054740906,0.2635109527112516,173.3606289702288,15.085765,1,0,0,-15.3895
1.3071000128984451,9149.700090289116,0.2634930079751286,173.36062417320417,31.494007,1,0,1,1.0187
1.307300016283989,9151.100113987924,0.2634803461817083,173.36062294470963,31.536177,1,0,1,1.0609
1.307600013911724,9153.200097382069,0.2634613560642901,173.36062109469762,31.642553,1,0,1,1.1673
1.3079000264406204,9155.300185084345,0.2634423417814057,173.3606193080931,31.400215,1,0,1,0.925
1.3081000223755836,9156.700156629086,0.2634296840011775,173.36061806568748,31.524277,1,0,1,1.049
1.3081000223755836,9156.700156629086,0.263429663830816,173.3606181227662,31.208458,1,0,1,0.7332
1.3088000267744064,9161.600187420843,0.2633853459743763,173.36061380244442,31.491034,1,0,1,1.0158
1.3096000328660011,9167.200230062008,0.2633327090874339,173.36061443748002,0.978189,0,0,0,-29.4971
1.3112000226974487,9178.40015888214,0.2632332424108866,173.36059919495315,31.289127,1,0,1,0.8139
1.3117000237107277,9181.900165975094,0.2632015231973442,173.36059617332663,31.102,1,0,1,0.6267
1.3120000213384628,9184.00014936924,0.263182480575973,173.36059437882153,30.880835,1,0,1,0.4056
1.3120000213384628,9184.00014936924,0.2631824952433492,173.3605943373111,31.11051,1,0,1,0.6352
1.3122000321745872,9185.40022522211,0.2631698206212444,173.36059307483308,31.325459,1,0,1,0.8502
1.312400035560131,9186.800248920918,0.2631571069431876,173.36059191934928,30.945969,1,0,1,0.4707
1.3132000043988228,9192.40003079176,0.2631063323569584,173.36058702658238,30.89813,1,0,1,0.4229
1.3136000037193298,9195.200026035309,0.2630809299803935,173.36058458700649,30.816193,1,0,1,0.3409
1.3142000138759613,9199.40009713173,0.2630428487471768,173.36058081780885,31.272722,1,0,1,0.7975
1.3148000240325928,9203.60016822815,0.263004718492486,173.36057713087828,31.237534,1,0,1,0.7623
1.3157000318169594,9209.900222718716,0.2629474809852004,173.36057160803648,31.067572,1,0,1,0.5923
1.3177000135183334,9223.900094628334,0.2628190100198068,173.3605631716003,10.013463,0,0,0,-20.4618
1.318200021982193,9227.400153875353,0.2627884366092246,173.36055614935827,31.318302,1,0,1,0.843
1.3189000263810158,9232.30018466711,0.2627437092592631,173.36055166141082,31.516539,1,0,1,1.0413
1.3190000355243685,9233.000248670578,0.2627373207492723,173.3605510075743,31.60903,1,0,1,1.1338
1.3196000382304192,9237.200267612934,0.2626989399567256,173.36054719359208,31.532572,1,0,1,1.0573
1.3198000341653824,9238.600239157677,0.2626861425192228,173.3605459183707,31.517544,1,0,1,1.0423
1.3208000138401983,9245.60009688139,0.2626221096291296,173.36053955592178,31.284843,1,0,1,0.8096
1.321300022304058,9249.100156128408,0.2625900739365237,173.3605363545613,31.229576,1,0,1,0.7543
1.3221000209450722,9254.700146615503,0.2625388000857243,173.36053118739142,31.325186,1,0,1,0.8499
1.322200022637844,9255.400158464909,0.262532300899652,173.36053078616703,29.977587,1,0,0,-0.4977
1.323400005698204,9263.800039887428,0.2624553718361641,173.3605228591545,30.941776,1,0,1,0.4665
1.3242000117897987,9269.400082528591,0.2624040187602576,173.36051762658042,31.209549,1,0,1,0.7343
1.325000025331974,9275.000177323818,0.2623526043889644,173.36051246617322,31.015753,1,0,1,0.5405
1.3261000365018845,9282.700255513191,0.2622818863897613,173.36050528538382,31.131077,1,0,1,0.6558
1.3264000341296196,9284.800238907335,0.2622625951433681,173.3605033120909,31.228968,1,0,1,0.7537
1.3266000375151634,9286.200262606144,0.2622497128312339,173.36050204993475,30.995235,1,0,1,0.52
1.3268000036478045,9287.60002553463,0.2622369178186139,173.3605005426518,32.11643,1,0,1,1.6412
1.3271000012755394,9289.700008928776,0.2622175526530395,173.36049875178637,31.190838,1,0,1,0.7156
1.3274000138044355,9291.80009663105,0.2621982737659035,173.36049670330894,31.684635,1,0,1,1.2094
1.3275000154972076,9292.500108480452,0.2621918027102221,173.36049614530236,31.157562,1,0,1,0.6823
1.3278000131249428,9294.6000918746,0.2621725085165277,173.36049412915236,31.466331,1,0,1,0.9911
1.32870002835989,9300.90019851923,0.2621145433289041,173.3604882523509,31.415956,1,0,1,0.9407
1.3288000226020813,9301.60015821457,0.2621081156840258,173.36048755912782,31.631176,1,0,1,1.1559
1.3290000259876251,9303.000181913376,0.2620951987598492,173.36048634145115,31.126175,1,0,1,0.6509
1.3290000259876251,9303.000181913376,0.2620952172395662,173.3604862891491,31.415558,1,0,1,0.9403
1.3293000236153605,9305.100165307522,0.262075901227928,173.36048428907523,31.61604,1,0,1,1.1408
1.3305000141263008,9313.500098884106,0.2619985506908504,173.3604764578671,31.458529,1,0,1,0.9833
1.3314000144600868,9319.800101220608,0.2619405249264626,173.36047055179264,31.506256,1,0,1,1.031
1.3314000144600868,9319.800101220608,0.2619405215939252,173.36047056122413,31.454073,1,0,1,0.9788
1.3314000144600868,9319.800101220608,0.2619405264814203,173.36047054739194,31.530605,1,0,1,1.0553
1.331700012087822,9321.900084614754,0.2619211834592281,173.36046857155827,31.585308,1,0,1,1.11
1.3320000246167183,9324.000172317028,0.2619018160864491,173.36046665714835,31.29982,1,0,1,0.8246
1.3324000239372251,9326.800167560576,0.2618759781332896,173.36046414168956,30.715275,1,0,1,0.24
1.3327000364661217,9328.900255262852,0.2618566455612034,173.36046212084827,31.020807,1,0,1,0.5455
1.3328000381588936,9329.600267112255,0.2618501838422788,173.36046149610942,30.852531,1,0,1,0.3773
1.332900032401085,9330.300226807594,0.2618437415513066,173.36046081744755,30.983051,1,0,1,0.5078
1.3338000029325483,9336.60002052784,0.2617868475809682,173.36045162885466,49.213993,1,0,0,18.7387
1.334300011396408,9340.100079774857,0.2617534100644532,173.3604516712846,30.868536,1,0,1,0.3933
1.334900014102459,9344.300098717213,0.2617146930929961,173.36044774943224,30.850225,1,0,1,0.375
1.3351000249385834,9345.700174570084,0.2617035140881457,173.36044157159387,57.79916,0,0,0,27.3239
1.3351000249385834,9345.700174570084,0.2617017883476005,173.3604464372839,30.874043,1,0,1,0.3988
1.3352000266313553,9346.400186419489,0.2616953459279196,173.36044575373967,31.038761,1,0,1,0.5635
1.3355000242590904,9348.500169813631,0.261675980961161,173.36044381118472,30.938059,1,0,1,0.4628
1.3359000235795977,9351.300165057182,0.2616501854101897,173.36044115271636,31.189344,1,0,1,0.7141
1.3359000235795977,9351.300165057182,0.2616501702845646,173.36044119552002,30.952513,1,0,1,0.4773
1.3367000371217728,9356.90025985241,0.2615985509721038,173.36043596216155,31.019487,1,0,1,0.5442
1.3372000083327291,9360.400058329104,0.2615663096645796,173.36043264670414,31.330105,1,0,1,0.8548
1.3372000083327291,9360.400058329104,0.2615663004224339,173.36043267285763,31.185398,1,0,1,0.7101
1.338100016117096,9366.700112819672,0.2615068160475149,173.36043075053877,9.24679,0,0,0,-21.2285
1.3389000222086906,9372.300155460836,0.261456636074816,173.36042155502037,31.473986,1,0,1,0.9987
1.3390000239014626,9373.000167310238,0.2614501919108278,173.3604208915385,31.566929,1,0,1,1.0917
1.3393000215291977,9375.100150704384,0.261431755613986,173.36041637881982,45.808544,1,0,0,15.3333
1.340100035071373,9380.70024549961,0.2613792550436699,173.36041377714997,31.629107,1,0,1,1.1538
1.340200036764145,9381.400257349014,0.2613728042570712,173.3604131396195,31.588991,1,0,1,1.1137
1.3404000028967855,9382.8000202775,0.2613598740431753,173.36041195467436,31.014225,1,0,1,0.539
1.3405000045895576,9383.500032126904,0.2613534781838197,173.36041116377743,31.825443,1,0,1,1.3502
1.3406000062823296,9384.200043976309,0.2613470304531192,173.3604105203659,31.821552,1,0,1,1.3463
1.3408000022172928,9385.60001552105,0.2613341453240733,173.36040920788034,31.958828,1,0,1,1.4836
1.3408000022172928,9385.60001552105,0.2613341332692075,173.36040924199108,31.77009,1,0,1,1.2948
1.341200016438961,9388.400115072727,0.2613083460233681,173.36040666962515,31.764076,1,0,1,1.2888
1.342500023543835,9397.500164806845,0.2612245407528992,173.36039839797053,31.363434,1,0,1,0.8882
1.3437000066041946,9405.900046229362,0.2611472504141674,173.36039070914725,31.440655,1,0,1,0.9654
1.3437000066041946,9405.900046229362,0.2611464482329267,173.36039296991115,18.930212,1,0,0,-11.545
1.343900002539158,9407.300017774103,0.2611326602149121,173.36039425783758,4.7394648,0,0,0,-25.7358
1.3441000059247017,9408.700041472912,0.2611214932855462,173.36038815915464,31.42751,1,0,1,0.9522
1.3445000126957891,9411.500088870524,0.2610957349393398,173.3603856279223,31.32696,1,0,1,0.8517
1.3450000137090683,9415.000095963478,0.2610635510957242,173.36038244966866,31.303732,1,0,1,0.8285
1.3450000137090683,9415.000095963478,0.2610635703529663,173.36038239518115,31.605211,1,0,1,1.1299
1.3454000279307363,9417.800195515156,0.2610378174250473,173.36037988656528,31.417019,1,0,1,0.9418
1.3463000282645226,9424.100197851658,0.2609799104503559,173.3603742102918,31.232727,1,0,1,0.7575
1.3463000282645226,9424.100197851658,0.2609799182603879,173.36037418819396,31.354994,1,0,1,0.8797
1.346400037407875,9424.800261855124,0.2609734817223699,173.36037356853893,31.278366,1,0,1,0.8031
1.3465000316500664,9425.500221550465,0.2609670465152941,173.3603729489511,31.2029,1,0,1,0.7276
1.3466000333428385,9426.200233399868,0.2609606058443804,173.36037234479278,31.04289,1,0,1,0.5676
1.34740000218153,9431.80001527071,0.2609091850081801,173.36036726809292,31.148989,1,0,1,0.6737
1.347500003874302,9432.500027120112,0.2609027278722879,173.36036672006972,30.68752,1,0,1,0.2123
1.349100023508072,9443.700164556503,0.2607999598839415,173.3603566045519,30.902176,1,0,1,0.4269
1.3493000268936155,9445.10018825531,0.2607871426238746,173.36035528319383,31.26236,1,0,1,0.7871
1.349500022828579,9446.500159800053,0.2607742602895919,173.36035414979196,30.586323,1,0,1,0.1111
1.349500022828579,9446.500159800053,0.2607742873423449,173.36035407475163,31.00179,1,0,1,0.5265
1.3503000363707542,9452.10025459528,0.2607229234033942,173.36034912487438,30.63982,1,0,1,0.1646
1.3511000126600266,9457.700088620186,0.2606722670054784,173.36034227420248,40.859013,1,0,0,10.3838
1.3516000136733055,9461.20009571314,0.2606395646598768,173.3603409692235,30.80336,1,0,1,0.3281
1.3517000153660774,9461.900107562542,0.2606331529626238,173.36034034912325,30.782072,1,0,1,0.3068
1.3520000278949738,9464.000195264816,0.2606139416149242,173.36033842977048,31.050282,1,0,1,0.575
1.3529000282287598,9470.300197601318,0.2605562956164283,173.3603327798896,31.30337,1,0,1,0.8281
1.353000022470951,9471.000157296658,0.2605498886650931,173.36033216509398,31.264124,1,0,1,0.7889
1.353000022470951,9471.000157296658,0.2605498279842951,173.3603323352789,30.32223,1,0,0,-0.153
1.3532000333070755,9472.400233149529,0.2605371138875847,173.36033082459062,31.800976,1,0,1,1.3257
1.3540000021457672,9478.00001502037,0.2604884658617421,173.36031862133237,71.83979,0,0,0,41.3645
1.354600012302399,9482.20008611679,0.2604495750616872,173.36031629510282,64.12528,0,0,0,33.65
1.3553000167012217,9487.10011690855,0.2604027503352845,173.36031773536962,32.16973,1,0,1,1.6945
1.3553000167012217,9487.10011690855,0.2604027284360872,173.36031779733025,31.826908,1,0,1,1.3516
1.3556000217795372,9489.20015245676,0.2603835460715657,173.36031593705638,31.851204,1,0,1,1.3759
1.3557000234723091,9489.900164306164,0.2603771607808671,173.3603152944825,31.984959,1,0,1,1.5097
1.355900026857853,9491.30018800497,0.2603643531863429,173.36031411778666,31.654264,1,0,1,1.179
1.3560000285506248,9492.000199854374,0.2603579637067675,173.36031349078416,31.703697,1,0,1,1.2284
1.3561000227928162,9492.700159549711,0.2603515819265856,173.36031284462143,31.85999,1,0,1,1.3847
1.356200024485588,9493.400171399117,0.260345176205057,173.36031226602998,31.642748,1,0,1,1.1675
1.3564000353217125,9494.800247251987,0.2603324102145865,173.3603109825102,31.908741,1,0,1,1.4335
1.3567000329494476,9496.900230646132,0.260313244189238,173.36030911799585,31.976337,1,0,1,1.5011
1.357300005853176,9501.100040972233,0.2602769446128664,173.36029969562736,63.631016,0,0,0,33.1558
1.357400007545948,9501.800052821636,0.2602687635035932,173.36030413659168,35.64408,1,0,0,5.1688
1.357400007545948,9501.800052821636,0.2602685010921765,173.36030487605387,31.552177,1,0,1,1.0769
1.3576000034809113,9503.20002436638,0.2602557419735327,173.36030360429243,31.766,1,0,1,1.2907
1.3583000153303146,9508.100107312202,0.2602109372832846,173.36029931722797,31.373018,1,0,1,0.8978
1.358900025486946,9512.300178408625,0.2601727030727796,173.36029563155486,31.481388,1,0,1,1.0061
1.358900025486946,9512.300178408625,0.2601726906198205,173.3602956667896,31.28644,1,0,1,0.8112
1.35910002887249,9513.70020210743,0.2601599047804226,173.36029456118027,30.644451,1,0,1,0.1692
1.3600000366568563,9520.000256597996,0.2601026102386902,173.36028895821732,31.240974,1,0,1,0.7657
1.3602000325918198,9521.400228142738,0.2600898811974791,173.36028771484092,31.365751,1,0,1,0.8905
1.3605000376701355,9523.500263690948,0.2600707689514291,173.36028590667635,31.238297,1,0,1,0.763
1.3605000376701355,9523.500263690948,0.2600707647281873,173.360285918626,31.172182,1,0,1,0.6969
1.361000008881092,9527.000062167645,0.2600388511900881,173.36028309470228,29.911686,1,0,0,-0.5636
1.3614000156521795,9529.800109565258,0.2600158031102485,173.36027384473493,67.58565,0,0,0,37.1104
1.3629000261425972,9540.30018299818,0.2599179947019612,173.36027131819807,30.878286,1,0,1,0.403
1.3633000329136848,9543.100230395794,0.2598925365978718,173.3602689027751,30.716759,1,0,1,0.2415
1.363500036299229,9544.5002540946,0.2598798182417463,173.36026766688985,30.78955,1,0,1,0.3143
1.3651000186800957,9555.70013076067,0.2597780459436118,173.36025790037507,30.636686,1,0,1,0.1614
1.3658000230789185,9560.60016155243,0.2597326720546847,173.36025602924158,17.231075,1,0,0,-13.2442
1.366400025784969,9564.800180494783,0.2596954013095071,173.36024985498017,31.001646,1,0,1,0.5264
1.3666000291705132,9566.200204193592,0.2596826744197428,173.36024865128547,30.857685,1,0,1,0.3824
1.366800032556057,9567.6002278924,0.2596699617279103,173.36024740697667,30.93504,1,0,1,0.4598
1.3670000359416008,9569.000251591206,0.2596572560886799,173.360246142162,31.122355,1,0,1,0.6471
1.3678000047802925,9574.600033462048,0.259606053001046,173.3602421573853,25.890907,1,0,0,-4.5844
1.3678000047802925,9574.600033462048,0.2596063972810333,173.36024118762896,31.257074,1,0,1,0.7818
1.3681000173091888,9576.700121164322,0.259587913354138,173.36023766216323,40.517506,1,0,0,10.0422
1.3687000125646591,9580.900087952614,0.259550071962156,173.36023307094425,45.400787,1,0,0,14.9255
1.368800014257431,9581.600099802015,0.259542793901122,173.36023504126692,31.074009,1,0,1,0.5987
1.3692000284790993,9584.400199353697,0.2595173653927198,173.3602325357018,31.230463,1,0,1,0.7552
1.3696000277996063,9587.200194597244,0.2594919269234746,173.36023005261234,31.244446,1,0,1,0.7692
1.3712000027298927,9598.40001910925,0.2593922041247168,173.36021430952962,63.25682,0,0,0,32.7816
1.3739000335335732,9617.300234735012,0.2592183466173031,173.3602030321288,31.883726,1,0,1,1.4085
1.3749000132083893,9624.300092458723,0.2591550233038029,173.36019568350906,37.541004,1,0,0,7.0657
1.375200018286705,9626.400128006935,0.259135539567451,173.360194831024,31.72619,1,0,1,1.2509
1.3760000243782995,9632.000170648098,0.2590845760735336,173.3601897102435,31.906456,1,0,1,1.4312
1.376500025391579,9635.50017774105,0.2590526973480334,173.3601865502417,31.743572,1,0,1,1.2683
1.376900039613247,9638.300277292728,0.2590271918682177,173.36018400677327,31.669561,1,0,1,1.1943
1.376900039613247,9638.300277292728,0.2590271957065845,173.36018399590984,31.729664,1,0,1,1.2544
1.377600036561489,9643.200255930424,0.2589825614879903,173.36017950493044,31.76007,1,0,1,1.2848
1.37780000269413,9644.60001885891,0.2589699192119298,173.36017839624307,31.279043,1,0,1,0.8038
1.3787000179290771,9650.90012550354,0.2589124397137511,173.3601724678011,31.720102,1,0,1,1.2448
1.3791000172495842,9653.70012074709,0.2588868604272745,173.36016989715714,31.52038,1,0,1,1.0451
1.3791000172495842,9653.70012074709,0.2588868521655275,173.36016992054007,31.39101,1,0,1,0.9157
1.3794000223279,9655.8001562953,0.2588676883018267,173.3601679212964,31.619318,1,0,1,1.1441
1.3802000284194946,9661.400198936462,0.2588160154628928,173.36016414761897,23.54468,1,0,0,-6.9306
1.3802000284194946,9661.400198936462,0.2588165064590469,173.36016276247403,31.208965,1,0,1,0.7337
1.380800038576126,9665.600270032885,0.2587781388898253,173.3601587963407,31.37867,1,0,1,0.9034
1.3811000362038612,9667.700253427029,0.2587589419921661,173.36015683706495,31.31369,1,0,1,0.8384
1.381500005722046,9670.50004005432,0.2587333690986386,173.36015415063167,31.619446,1,0,1,1.1442
1.381500005722046,9670.50004005432,0.2587333666163173,173.36015415765726,31.580576,1,0,1,1.1053
1.3822000175714493,9675.400123000143,0.25868855912716,173.36014956184735,31.481327,1,0,1,1.0061
1.3826000168919563,9678.200118243694,0.2586623226113586,173.3601486981558,21.645851,1,0,0,-8.8294
1.3828000277280807,9679.600194096563,0.2586501490080963,173.36014559637948,31.494593,1,0,1,1.0193
1.3845000341534617,9691.50023907423,0.2585412424223141,173.36013441509726,31.022583,1,0,1,0.5473
1.384900003671646,9694.300025701525,0.2585156182782666,173.36013175479255,31.035086,1,0,1,0.5598
1.3854000195860865,9697.800137102604,0.2584853560797281,173.36012341887334,58.755005,0,0,0,28.2797
1.386200025677681,9703.400179743769,0.2584322791570834,173.36012318093583,30.582045,1,0,1,0.1068
1.3872000351548197,9710.400246083736,0.2583681853254171,173.3601164794369,30.741543,1,0,1,0.2663
1.3880000039935112,9716.000027954578,0.2583168993804809,173.3601111190086,30.826265,1,0,1,0.3736
1.3885000124573708,9719.500087201595,0.2582848450144278,173.36010775079666,30.962776,1,0,1,0.5101
1.388600014150143,9720.200099051,0.2582784193486038,173.36010711780943,30.763979,1,0,1,0.3113
1.390200026333332,9731.400184333324,0.2581758721753744,173.36009620287544,31.899748,1,0,1,1.4471
1.390200026333332,9731.400184333324,0.2581758396245351,173.36009629499856,31.390049,1,0,1,0.9374
1.390400029718876,9732.800208032131,0.2581630603332556,173.36009481448147,32.170887,1,0,1,1.7182
1.391100034117699,9737.70023882389,0.2581206233473589,173.36008317089315,70.65779,0,0,0,40.2051
1.391100034117699,9737.70023882389,0.2581181164425878,173.36009024017653,31.53999,1,0,1,1.0873
1.3916000053286552,9741.200037300589,0.2580860382298023,173.36008690462629,31.466873,1,0,1,1.0142
1.3919000029563904,9743.300020694733,0.2580667757878347,173.36008494131696,31.212204,1,0,1,0.7595
1.3922000154852867,9745.400108397009,0.2580475443848409,173.36008288991889,31.445648,1,0,1,0.993
1.393900029361248,9757.300205528736,0.2579384799923638,173.36007151047335,31.4428,1,0,1,0.9901
1.3940000385046003,9758.000269532204,0.2579320576578391,173.36007085766695,31.352718,1,0,1,0.9
1.3947000354528427,9762.9002481699,0.2578844644781867,173.36007374966528,-10.552305,0,0,0,-41.005
1.3948000073432922,9763.600051403046,0.257880716833927,173.3600655640228,31.045115,1,0,1,0.5924
1.3953000158071518,9767.100110650064,0.257848657459365,173.36006217442733,31.31394,1,0,1,0.8613
1.3955000191926956,9768.50013434887,0.2578357720545727,173.36006099446135,30.451698,1,0,1,-0.001
1.3964000269770622,9774.800188839436,0.2577780625726631,173.3600549200212,30.828505,1,0,1,0.3758
1.3966000229120257,9776.200160384178,0.2577652389902683,173.36005357209262,30.907995,1,0,1,0.4553
1.3971000239253044,9779.70016747713,0.2577331586662329,173.36005026602126,30.764563,1,0,1,0.3119
1.3982000052928925,9787.400037050247,0.2576625461991874,173.3600429556344,30.722698,1,0,1,0.27
1.3982000052928925,9787.400037050247,0.2576625605780862,173.360042914943,30.947842,1,0,1,0.4952
1.399100013077259,9793.700091540812,0.2576048811849372,173.36003698896457,30.6618,1,0,1,0.2091
1.4014000371098518,9809.800259768965,0.2574576008054121,173.3600216539768,31.306105,1,0,1,0.8534
1.401600003242493,9811.200022697449,0.2574448082332824,173.36002029904853,31.506016,1,0,1,1.0533
1.4017000049352646,9811.900034546852,0.257438388656829,173.36001968242118,31.269766,1,0,1,0.8171
1.4021000042557716,9814.7000297904,0.2574127812685275,173.3600170271679,31.380505,1,0,1,0.9278
1.402400016784668,9816.800117492676,0.2573935793351036,173.36001502935386,31.509317,1,0,1,1.0566
1.4036000296473503,9825.200207531452,0.2573162618539299,173.36000851658704,23.937263,1,0,0,-6.5154
1.404500037431717,9831.500262022018,0.2572591349824176,173.360001249085,31.546183,1,0,1,1.0935
1.4050000086426735,9835.000060498714,0.2572285671983994,173.35999393624925,53.937508,1,0,0,23.4848
1.4051000028848648,9835.700020194054,0.2572207308169425,173.3599973324006,31.53233,1,0,1,1.0796
1.4054000079631803,9837.800055742264,0.257201533587148,173.3599953622229,31.60497,1,0,1,1.1523
1.4055000096559525,9838.500067591667,0.2571951326803734,173.3599947115733,31.597778,1,0,1,1.1451
1.406000018119812,9842.000126838684,0.2571631323068405,173.35999145303634,31.607668,1,0,1,1.155
1.406000018119812,9842.000126838684,0.2571631426389362,173.35999142379782,31.769445,1,0,1,1.3168
1.4062000140547752,9843.400098383428,0.2571513099504856,173.35998739617855,46.856216,1,0,0,16.4035
1.4073000252246857,9851.1001765728,0.257079925049194,173.35998305170884,31.371218,1,0,1,0.9185
1.4078000336885452,9854.600235819817,0.2570476993631003,173.35998046842394,27.74411,1,0,0,-2.7086
1.4078000336885452,9854.600235819817,0.2570479342945176,173.3599798050997,31.41458,1,0,1,0.9619
1.408900007605553,9862.300053238869,0.2569775470952888,173.35997272826765,31.243448,1,0,1,0.7908
1.409200020134449,9864.400140941145,0.2569583517571617,173.3599707996332,31.2107,1,0,1,0.758
1.409500017762184,9866.500124335287,0.2569391525126,173.3599688883218,31.092072,1,0,1,0.6394
1.409600019454956,9867.200136184692,0.2569354081783001,173.35996076555494,72.478455,0,0,0,42.0258
1.4105000272393229,9873.50019067526,0.2568764777119833,173.35995880878963,51.284554,1,0,0,20.8319
1.410700023174286,9874.90016222,0.256862368754321,173.35996123633743,30.746462,1,0,1,0.2938
1.410700023174286,9874.90016222,0.2568604219004315,173.3599667261771,0.3675384,0,0,0,-30.0851
1.411100037395954,9877.70026177168,0.2568368128480149,173.35995858527724,31.218122,1,0,1,0.7654
1.411600038409233,9881.200268864632,0.2568048121715686,173.3599554397986,30.898272,1,0,1,0.4456
1.4132000133395195,9892.400093376637,0.256702493755887,173.3599451960011,31.01376,1,0,1,0.5611
1.4143000394105911,9900.100275874138,0.2566321630512319,173.35993814928727,31.236534,1,0,1,0.7838
1.4143000394105911,9900.100275874138,0.2566300380456182,173.35994414031867,-1.9160004,0,0,0,-32.3687
1.4149000346660614,9904.30024266243,0.2565937714359608,173.3599344049526,30.846478,1,0,1,0.3938
1.4149000346660614,9904.30024266243,0.2565918313296508,173.35993987575034,0.57294494,0,0,0,-29.8797
1.415000036358833,9905.000254511831,0.2565873628547762,173.35993380945234,30.625751,1,0,1,0.1731
1.4157000035047531,9909.900024533272,0.2565426570732793,173.3599292185048,31.437347,1,0,1,0.9847
1.4161000177264214,9912.70012408495,0.2565170322465046,173.3599268157877,30.69194,1,0,1,0.2393
1.4162000194191933,9913.400135934353,0.2565106408424538,173.35992617401345,30.734411,1,0,1,0.2817
1.4164000153541565,9914.800107479095,0.2564978555988831,173.3599248992627,30.772512,1,0,1,0.3198
1.4168000295758247,9917.600207030771,0.2564704677978249,173.3599274708522,2.5153708,0,0,0,-27.9373
1.416900023818016,9918.300166726112,0.2564674117317953,173.35991742888038,54.57966,0,0,0,24.127
1.417300023138523,9921.100161969662,0.2564403194088617,173.35991917284312,30.911785,1,0,1,0.4591
1.417500026524067,9922.500185668468,0.2564275049849827,173.35991798251854,30.49257,1,0,1,0.0399
1.4177000299096107,9923.900209367275,0.2564148037673944,173.35991650530536,30.75066,1,0,1,0.298
1.417800024151802,9924.600169062614,0.2564084010747859,173.35991589702152,30.674644,1,0,1,0.222
1.4179000332951546,9925.300233066082,0.2564040641072993,173.35990946121117,62.84638,0,0,0,32.3937
1.4183000400662422,9928.100280463696,0.2563764156681061,173.359912769431,30.775034,1,0,1,0.3223
1.4188000038266182,9931.600026786327,0.2563444249891958,173.35990966888883,30.734001,1,0,1,0.2813
1.4188000038266182,9931.600026786327,0.2563445693186982,173.35990926194597,32.9859,1,0,0,2.5332
1.4194000139832497,9935.800097882748,0.2563060393921776,173.35990593161617,30.77906,1,0,1,0.3264
1.4195000156760216,9936.500109732153,0.2562996530996935,173.3599052769605,30.96249,1,0,1,0.5098
1.420600026845932,9944.200187921524,0.2562292799801415,173.35989843041298,31.010187,1,0,1,0.5575
1.421000026166439,9947.000183165072,0.2562036825589953,173.35989596284222,30.898046,1,0,1,0.4454
1.4211000353097916,9947.70024716854,0.2561965943479069,173.35989728615442,20.13226,1,0,0,-10.3204
1.4212000370025637,9948.400259017944,0.2561908698258086,173.35989476668357,30.631083,1,0,1,0.1784
1.4215000346302986,9950.50024241209,0.2561717372426375,173.35989273106333,31.563404,1,0,1,1.1107
1.4218000397086143,9952.6002779603,0.2561525073397614,173.3598909693419,30.975288,1,0,1,0.5226
1.4224000051617622,9956.800036132336,0.2561141642935255,173.35988712312738,31.569845,1,0,1,1.1172
1.422500006854534,9957.50004798174,0.2561077631787553,173.3598865105821,31.508614,1,0,1,1.0559
1.4232000187039375,9962.400130927565,0.2560629817436582,173.3598821464379,31.47982,1,0,1,1.0271
1.424100026488304,9968.700185418127,0.256005445234847,173.35987642124758,32.008137,1,0,1,1.5554
1.424100026488304,9968.700185418127,0.2560036000798968,173.3598816235087,3.2208104,1,0,0,-27.2319
1.424300029873848,9970.100209116936,0.2559926663109108,173.35987512761335,32.232006,1,0,1,1.7793
1.4244000241160393,9970.800168812277,0.2559862428284279,173.35987457831254,31.802929,1,0,1,1.3502
1.4248000383377075,9973.600268363953,0.2559606436661027,173.3598721033149,31.61015,1,0,1,1.1575
1.4259000197052956,9981.300137937067,0.255890273035296,173.35986522458344,31.376501,1,0,1,0.9238
1.4262000173330307,9983.400121331217,0.2558710861573507,173.35986333052472,31.382753,1,0,1,0.9301
1.4264000207185743,9984.800145030022,0.2558578519286873,173.35986331519206,24.476711,1,0,0,-5.976
1.427400030195713,9991.800211369991,0.2557943229282868,173.35985577885484,31.129305,1,0,1,0.6766
1.4277000278234482,9993.900194764135,0.2557751547174017,173.3598538237009,31.400421,1,0,1,0.9477
1.4277000278234482,9993.900194764135,0.2557751206208566,173.35985392019512,30.866524,1,0,1,0.4138
1.4282000362873075,9997.400254011154,0.2557431719131053,173.35985065981924,31.292168,1,0,1,0.8395
1.4288000389933586,10001.60027295351,0.2557047781592267,173.35984689764112,30.910616,1,0,1,0.4579
1.4292000085115433,10004.400059580805,0.2556791948838842,173.35984435538205,30.807917,1,0,1,0.3552
1.4307000264525414,10014.90018516779,0.2555832968273785,173.3598346489383,31.087173,1,0,1,0.6345
1.4311000257730484,10017.70018041134,0.2555577207339586,173.35983206020927,31.083883,1,0,1,0.6312
1.4315000399947166,10020.500279963017,0.2555321590950892,173.359829422765,31.31484,1,0,1,0.8622
1.43170003592968,10021.90025150776,0.2555193583134836,173.3598281609156,31.102894,1,0,1,0.6502
1.4319000393152237,10023.300275206566,0.2555065593689323,173.35982689122312,30.925222,1,0,1,0.4725
1.4325000047683716,10027.5000333786,0.2554682248469387,173.35982290652478,31.311943,1,0,1,0.8593
1.432800017297268,10029.600121080875,0.2554490573820379,173.35982090475662,31.52595,1,0,1,1.0733
1.4329000189900398,10030.30013293028,0.255442684018366,173.35982019411125,31.833185,1,0,1,1.3805
1.433100014925003,10031.70010447502,0.255429875438809,173.3598189437457,31.494574,1,0,1,1.0419
1.433700017631054,10035.900123417376,0.2553915106565264,173.35981501362429,31.414793,1,0,1,0.9621
1.4338000193238258,10036.60013526678,0.2553851187733812,173.35981435079267,31.436663,1,0,1,0.984
1.4343000277876854,10040.100194513798,0.2553531793056556,173.35981097613816,31.846582,1,0,1,1.3939
1.434800036251545,10043.600253760816,0.25532120013789,173.35980770202096,31.642366,1,0,1,1.1897
1.4355000406503675,10048.500284552574,0.2552764469096518,173.35980305639626,31.603266,1,0,1,1.1506
1.436800017952919,10057.600125670431,0.2551933442211321,173.35979435525027,31.644415,1,0,1,1.1917
1.437100015580654,10059.70010906458,0.2551741377803821,173.35979241923422,31.202288,1,0,1,0.7496
1.438900038599968,10072.300270199776,0.2550590525645765,173.35978025987814,31.475826,1,0,1,1.0231
1.4402000159025192,10081.400111317636,0.2549760370608349,173.3597712349639,31.138422,1,0,1,0.6857
1.4402000159025192,10081.400111317636,0.2549760253088475,173.35977126822254,30.9544,1,0,1,0.5017
1.4402000159025192,10081.400111317636,0.2549760384238469,173.35977123110652,31.159765,1,0,1,0.7071
1.4403000175952911,10082.100123167038,0.2549696564169962,173.35977052242558,31.20286,1,0,1,0.7502
1.440400019288063,10082.80013501644,0.2549632569494489,173.3597698627128,30.97363,1,0,1,0.5209
1.4414000287652016,10089.800201356413,0.2548994016499711,173.35976284769302,30.92567,1,0,1,0.473
1.4416000247001648,10091.200172901154,0.254886631832144,173.35976143680733,30.946833,1,0,1,0.4941
1.4417000338435173,10091.90023690462,0.2548802600444713,173.3597606914399,31.17648,1,0,1,0.7238
1.442100040614605,10094.700284302236,0.2548547066814136,173.35975789830945,31.045528,1,0,1,0.5928
1.44240003824234,10096.80026769638,0.2548355693396222,173.35975572163045,31.39237,1,0,1,0.9397
1.4427000060677528,10098.90004247427,0.2548167579034062,173.3597526283481,36.80716,1,0,0,6.3545
1.4428000077605247,10099.600054323671,0.2548100239068784,173.35975289980007,31.402105,1,0,1,0.9494
1.4429000094532969,10100.300066173077,0.2548036563632224,173.3597521382157,31.713387,1,0,1,1.2607
1.4432000145316124,10102.400101721289,0.254784473376513,173.3597500780452,31.401888,1,0,1,0.9492
1.4434000179171562,10103.800125420094,0.2547717236474623,173.3597485920711,31.814995,1,0,1,1.3623
1.443500019609928,10104.500137269495,0.2547653418116202,173.35974786810502,31.915844,1,0,1,1.4632
1.4437000155448914,10105.90010881424,0.2547512835087022,173.35975007197058,11.908625,0,0,0,-18.5441
1.4438000172376633,10106.600120663645,0.2547461672806491,173.35974577691007,31.770746,1,0,1,1.3181
1.4446000307798386,10112.20021545887,0.2546950349876369,173.35974017648485,31.511395,1,0,1,1.0587
1.4450000301003456,10115.00021070242,0.2546694682739452,173.3597373679781,31.430023,1,0,1,0.9773
1.4455000385642052,10118.500269949436,0.2546364325216266,173.3597368833143,14.588859,0,0,0,-15.8638
1.446100004017353,10122.700028121471,0.2545991666600233,173.3597295911024,31.532751,1,0,1,1.0801
1.4473000168800354,10131.100118160248,0.2545224372977203,173.3597211403185,31.552816,1,0,1,1.1001
1.4476000294089315,10133.200205862522,0.2545032428021978,173.35971905023234,31.45412,1,0,1,1.0014
1.4477000311017036,10133.900217711926,0.2544968482478524,173.3597183429111,31.482407,1,0,1,1.0297
1.4481000304222107,10136.700212955477,0.2544712684361948,173.3597155149685,31.600748,1,0,1,1.1481
1.448300026357174,10138.100184500216,0.2544584845131753,173.35971408232885,31.771208,1,0,1,1.3185
1.4485000371932983,10139.500260353088,0.2544456879297205,173.35971268102958,31.773247,1,0,1,1.3206
1.4487000405788422,10140.900284051895,0.2544328779956345,173.3597113172456,31.573812,1,0,1,1.1211
1.4496000111103058,10147.20007777214,0.2543752815878135,173.35970503184902,31.577917,1,0,1,1.1252
1.449700005352497,10147.90003746748,0.2543688849535871,173.35970432356584,31.641857,1,0,1,1.1892
1.4501000195741651,10150.700137019156,0.2543432748982792,173.35970154615796,31.606373,1,0,1,1.1537
1.451100029051304,10157.700203359129,0.2542792235590325,173.3596946558555,31.364065,1,0,1,0.9114
1.4522000402212143,10165.4002815485,0.2542087703942584,173.3596870281871,31.62217,1,0,1,1.1695
1.4537000209093094,10175.900146365166,0.2541126371263825,173.3596767484054,31.795822,1,0,1,1.3431
1.4540000185370443,10178.000129759312,0.2540933813396654,173.3596747679328,31.487047,1,0,1,1.0344
1.454500027000904,10181.500189006329,0.2540613475920125,173.35967129294914,31.994068,1,0,1,1.5414
1.4548000246286392,10183.600172400476,0.2540420861166832,173.35966932369809,31.693832,1,0,1,1.2411
1.4554000347852707,10187.800243496897,0.2540035657571499,173.35966537047335,31.256905,1,0,1,0.8042
1.4554000347852707,10187.800243496897,0.2540021322408617,173.3596694120185,8.889599,0,0,0,-21.5631
1.456200011074543,10193.4000775218,0.2539522799598341,173.35965988739076,32.02601,1,0,1,1.5733
1.4570000171661377,10199.000120162964,0.2539009178673866,173.35965460814018,31.87448,1,0,1,1.4218
1.4570000171661377,10199.000120162964,0.2539009197469911,173.35965460282137,31.903913,1,0,1,1.4512
1.4571000188589096,10199.700132012367,0.2538914706571625,173.35966248177905,-15.357142,0,0,0,-45.8098
1.4575000181794169,10202.500127255917,0.2538688123977151,173.35965131918584,31.829992,1,0,1,1.3773
1.4576000198721886,10203.20013910532,0.2538624031453516,173.3596506275203,32.01867,1,0,1,1.566
1.45820003002882,10207.40021020174,0.2538240324871337,173.35964655953788,31.958017,1,0,1,1.5053
1.4587000384926796,10210.900269448755,0.2537918253038796,173.35964340144793,31.78683,1,0,1,1.3341
1.4594000354409218,10215.800248086452,0.2537484058588493,173.35963427794195,57.713547,0,0,0,27.2609
1.4594000354409218,10215.800248086452,0.25374676371113,173.35963890820088,32.087803,1,0,1,1.6351
1.4598000049591064,10218.600034713743,0.253721004907345,173.35963637556438,32.14031,1,0,1,1.6876
1.4599000066518784,10219.300046563148,0.2537145301151206,173.35963583901466,31.626392,1,0,1,1.1737
1.4605000168085098,10223.500117659569,0.2536758840383495,173.35963206099677,31.703878,1,0,1,1.2512
1.460900031030178,10226.300217211246,0.253650097071216,173.3596296122009,31.431831,1,0,1,0.9791
1.4610000252723694,10227.000176906586,0.2536436691538564,173.35962894941338,31.651854,1,0,1,1.1992
1.4610000252723694,10227.000176906586,0.2536436660647519,173.35962895815442,31.603483,1,0,1,1.1508
1.4613000303506851,10229.100212454796,0.2536243376913547,173.35962709425522,31.592426,1,0,1,1.1397
1.4613000303506851,10229.100212454796,0.2536243420078042,173.35962708204127,31.660015,1,0,1,1.2073
1.4616000279784205,10231.200195848942,0.2536050214824348,173.35962520122538,31.77007,1,0,1,1.3174
1.461800031363964,10232.600219547749,0.2535921316608547,173.35962397553715,31.702187,1,0,1,1.2495
1.4621000289916992,10234.700202941896,0.2535741090491856,173.3596184428788,52.067368,0,0,0,21.6147
1.4621000289916992,10234.700202941896,0.2535727932146101,173.35962215265235,31.536045,1,0,1,1.0834
1.463500015437603,10244.50010806322,0.2534846624587771,173.35960775158824,63.71738,0,0,0,33.2647
1.463600017130375,10245.200119912624,0.2534761356132718,173.35961301815053,31.195984,1,0,1,0.7433
1.46390001475811,10247.30010330677,0.253456831776904,173.3596111308176,31.534632,1,0,1,1.0819
1.464000016450882,10248.000115156174,0.2534504257859719,173.3596104217228,32.09513,1,0,1,1.6424
1.464400015771389,10250.800110399725,0.2534245917839506,173.3596081887008,31.023472,1,0,1,0.5708
1.4647000283002851,10252.900198101996,0.2534052982213902,173.35960628796136,31.495287,1,0,1,1.0426
1.4651000276207924,10255.700193345549,0.253379526863812,173.3596039002838,31.346338,1,0,1,0.8936
1.4653000310063362,10257.100217044352,0.2533666528661812,173.35960267796443,31.44307,1,0,1,0.9904
1.4654000401496887,10257.80028104782,0.2533601911209837,173.3596021367555,31.10745,1,0,1,0.6548
1.4658000394701958,10260.60027629137,0.2533357207908455,173.3595961063391,51.18117,0,0,0,20.7285
1.466100037097931,10262.700259685516,0.2533151489188045,173.3595978490916,31.583021,1,0,1,1.1303
1.4668000042438507,10267.600029706957,0.2532713910176517,173.35958999421797,51.90128,0,0,0,21.4486
1.4668000042438507,10267.600029706957,0.253270056163525,173.3595937576418,31.073486,1,0,1,0.6208
1.4670000150799751,10269.000105559826,0.2532572035778812,173.35959250615772,31.400904,1,0,1,0.9482
1.4670000150799751,10269.000105559826,0.2532572188602195,173.35959246291677,31.640182,1,0,1,1.1875
1.4670000150799751,10269.000105559826,0.2532571975260499,173.3595925232812,31.30615,1,0,1,0.8535
1.4673000201582909,10271.100141108036,0.2532378901506044,173.35959073671086,31.309555,1,0,1,0.8569
1.4682000279426577,10277.400195598602,0.2531799941085084,173.35958536354744,31.48575,1,0,1,1.0331
1.4684000313282013,10278.800219297407,0.2531671291936344,173.3595841792408,31.48835,1,0,1,1.0357
1.4684000313282013,10278.800219297407,0.2531657272680142,173.3595881309028,9.618992,0,0,0,-20.8337
1.4688000306487083,10281.600214540958,0.2531413953880606,173.35958183732544,31.363432,1,0,1,0.9107
1.469100035727024,10283.700250089169,0.253122105213656,173.35958006355133,31.37989,1,0,1,0.9272
1.4695000350475311,10286.500245332718,0.2530963823539026,173.35957772438462,31.276821,1,0,1,0.8241
1.4701000079512596,10290.700055658815,0.2530578267998128,173.35957417653418,31.374353,1,0,1,0.9217
1.4701000079512596,10290.700055658815,0.2530578263872571,173.35957417770152,31.367893,1,0,1,0.9152
1.470400020480156,10292.800143361092,0.2530385575738463,173.35957239064803,31.502651,1,0,1,1.05
1.4706000164151192,10294.200114905834,0.2530257149657645,173.35957119859236,31.601389,1,0,1,1.1487
1.470700018107891,10294.900126755238,0.2530196780010627,173.35956952096393,37.63786,1,0,0,7.1852
1.470900021493435,10296.300150454044,0.253006435064433,173.3595694637363,31.461374,1,0,1,1.0087
1.471300020813942,10299.100145697594,0.2529807419254893,173.3595671325056,31.386343,1,0,1,0.9337
1.4715000316500664,10300.500221550465,0.2529679205117184,173.35956590158764,31.714195,1,0,1,1.2615
1.4715000316500664,10300.500221550465,0.2529679099101907,173.3595659315839,31.548212,1,0,1,1.0955
1.4721000269055369,10304.700188338757,0.2529293857247759,173.3595624476654,31.392418,1,0,1,0.9397
1.4722000360488892,10305.400252342224,0.2529229456724605,173.35956192465082,31.04911,1,0,1,0.5964
1.4737000092864037,10315.900065004826,0.2528267558509104,173.35955311193922,31.301353,1,0,1,0.8487
1.4742000177502632,10319.400124251842,0.2527947092000959,173.35955019339983,31.288591,1,0,1,0.8359
1.474400021135807,10320.80014795065,0.2527818900989608,173.3595490369813,31.2226,1,0,1,0.7699
1.4754000306129456,10327.80021429062,0.2527178651458622,173.35954314021754,31.518673,1,0,1,1.066
1.4758000373840332,10330.600261688232,0.2526923238669968,173.35954062695168,32.48479,1,0,0,2.0321
1.476000040769577,10332.00028538704,0.2526794523338669,173.35953966183342,31.35199,1,0,1,0.8993
1.476000040769577,10332.00028538704,0.2526794477989752,173.3595396746648,31.28099,1,0,1,0.8283
1.476400040090084,10334.800280630589,0.2526538693498874,173.35953729932794,31.47317,1,0,1,1.0205
1.4773000180721283,10341.100126504898,0.2525963160666743,173.35953204383287,31.378946,1,0,1,0.9263
1.4778000190854073,10344.60013359785,0.2525640699007546,173.3595291680714,31.274445,1,0,1,0.8218
1.4779000207781792,10345.300145447254,0.2525577063370116,173.3595285620616,31.363129,1,0,1,0.9104
1.4781000167131424,10346.700116991997,0.2525449725422135,173.3595273742652,31.403997,1,0,1,0.9513
1.4781000167131424,10346.700116991997,0.2525449582294609,173.35952741476336,31.179913,1,0,1,0.7272
1.478200025856495,10347.400180995464,0.2525385994487538,173.359526797773,31.326363,1,0,1,0.8737
1.478200025856495,10347.400180995464,0.2525385970585654,173.35952680453605,31.288942,1,0,1,0.8363
1.4783000275492668,10348.100192844868,0.2525309796507932,173.3595297380129,11.7869215,0,0,0,-18.6658
1.4788000285625458,10351.60019993782,0.2525004096177929,173.35952323696392,31.405237,1,0,1,0.9525
1.4788000285625458,10351.60019993782,0.2524988167151577,173.35952772764284,6.5546837,0,0,0,-23.898
1.4796000346541405,10357.200242578983,0.2524494865327156,173.35951856339523,31.04001,1,0,1,0.5873
1.4798000380396843,10358.60026627779,0.2524367850366478,173.35951732267034,31.337318,1,0,1,0.8846
1.480100005865097,10360.70004105568,0.2524177161212797,173.35951552320728,31.434326,1,0,1,0.9816
1.480100005865097,10360.70004105568,0.2524176907230814,173.35951559507455,31.036676,1,0,1,0.584
1.4804000109434128,10362.80007660389,0.2523986423099809,173.35951373928307,31.432713,1,0,1,0.98
1.480500005185604,10363.500036299229,0.2523922796997481,173.35951316108003,31.338856,1,0,1,0.8862
1.4810000211000445,10367.00014770031,0.252360508975293,173.35951015491148,31.48501,1,0,1,1.0323
1.4813000187277794,10369.100131094456,0.2523391790204196,173.35951475547571,-3.883121,0,0,0,-34.3358
1.4814000204205513,10369.80014294386,0.2523351157676302,173.35950770075775,31.84955,1,0,1,1.3969
1.4814000204205513,10369.80014294386,0.2523351025832888,173.3595077380655,31.643122,1,0,1,1.1904
1.4815000295639038,10370.500206947328,0.2523287502876529,173.35950713595017,31.667131,1,0,1,1.2144
1.4816000312566755,10371.20021879673,0.2523223646369704,173.35950663030846,31.156118,1,0,1,0.7034
1.4816000312566755,10371.20021879673,0.2523204568985789,173.35951200913806,1.3912492,0,0,0,-29.0614
1.4820000305771828,10374.00021404028,0.2522969964155576,173.35950412213427,31.784159,1,0,1,1.3315
1.482200026512146,10375.400185585022,0.2522842916484549,173.35950293104904,31.740562,1,0,1,1.2879
1.4829000383615494,10380.300268530846,0.2522398286443972,173.35949876415813,31.526655,1,0,1,1.074
1.4831000417470932,10381.700292229652,0.252227121178043,173.35949758852675,31.36839,1,0,1,0.9157
1.483500011265278,10384.500078856943,0.2522017263996431,173.35949519191055,31.283903,1,0,1,0.8312
1.4836000055074692,10385.200038552284,0.2521948795859382,173.3594959983878,23.480263,1,0,0,-6.9724
1.4843000173568726,10390.100121498108,0.2521509720802323,173.35949030141788,31.567863,1,0,1,1.1152
1.4848000183701515,10393.60012859106,0.2521192249985249,173.35948732436475,31.247438,1,0,1,0.7947
1.485000029206276,10395.000204443932,0.2521065557576962,173.35948604876185,31.575218,1,0,1,1.1225
1.4856000319123268,10399.200223386288,0.2520684840884821,173.35948240929528,31.478148,1,0,1,1.0255
1.4861000403761864,10402.700282633305,0.2520367708328802,173.35947933689724,31.563334,1,0,1,1.1106
1.486600041389465,10406.200289726256,0.2520050368476806,173.3594763210892,31.287155,1,0,1,0.8345
1.4867000356316566,10406.900249421597,0.2519987023819002,173.35947568352697,31.416567,1,0,1,0.9639
1.48700001090765,10409.00007635355,0.2519796726220766,173.359473845298,31.3812,1,0,1,0.9285
1.4873000085353851,10411.100059747696,0.2519606421943232,173.35947200214753,31.354359,1,0,1,0.9017
1.4874000176787376,10411.800123751163,0.2519543177061981,173.35947133151052,31.65231,1,0,1,1.1996
1.4875000193715096,10412.500135600569,0.2519479452752541,173.35947079732307,31.19347,1,0,1,0.7408
1.4879000186920166,10415.300130844116,0.2519225776777015,173.3594683133586,31.259506,1,0,1,0.8068
1.4880000203847883,10416.00014269352,0.2519162277357711,173.35946771370456,31.152819,1,0,1,0.7001
1.4884000271558762,10418.800190091131,0.2518908469184989,173.35946525664644,31.029,1,0,1,0.5763
1.4892000257968905,10424.400180578232,0.2518401011720067,173.3594602738766,31.06307,1,0,1,0.6104
1.4892000257968905,10424.400180578232,0.251840115194914,173.35946023418882,31.28266,1,0,1,0.83
1.4899000376462936,10429.300263524055,0.2517957095469605,173.3594558464983,31.356993,1,0,1,0.9043
1.4906000047922134,10434.200033545494,0.2517512720529417,173.35945151969997,30.99406,1,0,1,0.5414
1.4906000047922134,10434.200033545494,0.2517512799367362,173.35945149738646,31.117517,1,0,1,0.6648
1.4919000267982483,10443.300187587738,0.2516687899377086,173.35944322711217,31.469667,1,0,1,1.017
1.4919000267982483,10443.300187587738,0.2516687996505082,173.35944319962135,31.62177,1,0,1,1.1691
1.4919000267982483,10443.300187587738,0.2516687802140793,173.3594432546336,31.317394,1,0,1,0.8647
1.4924000278115273,10446.80019468069,0.2516370301153119,173.359440095708,31.238663,1,0,1,0.786
1.492600031197071,10448.200218379498,0.2516226294683604,173.35944361938087,4.7022467,0,0,0,-25.7504
1.4928000420331955,10449.600294232368,0.2516116148723668,173.35943758933857,31.023413,1,0,1,0.5707
1.4932000413537023,10452.400289475918,0.2515861844440605,173.35943511024408,30.625206,1,0,1,0.1725
1.493300035595894,10453.100249171255,0.2515798541527326,173.3594344113081,30.958805,1,0,1,0.5061
1.4934000372886658,10453.80026102066,0.2515735111862677,173.359433745664,31.105927,1,0,1,0.6532
1.4937000051140783,10455.90003579855,0.251554492633345,173.35943171909574,31.700554,1,0,1,1.2479
1.4939000084996223,10457.300059497356,0.2515417525357336,173.35943053008506,31.189596,1,0,1,0.7369
1.49430001527071,10460.10010689497,0.2515187156884404,173.359421246555,68.35621,0,0,0,37.9035
1.494400016963482,10460.800118744372,0.251509965089236,173.35942735762373,30.983809,1,0,1,0.5311
1.4945000186562538,10461.500130593777,0.2515036351147573,173.35942664137133,31.389135,1,0,1,0.9364
1.4950000196695328,10465.00013768673,0.2514718548780727,173.35942341060033,31.447702,1,0,1,0.995
1.4950000196695328,10465.00013768673,0.2514718482705861,173.35942342930295,31.344223,1,0,1,0.8915
1.4956000298261642,10469.20020878315,0.251433695301413,173.35941955307013,31.347235,1,0,1,0.8945
1.496400035917759,10474.800251424313,0.251382817480841,173.35941432745253,31.564081,1,0,1,1.1114
1.496800035238266,10477.600246667862,0.2513573401884035,173.35941178932805,31.215836,1,0,1,0.7631
1.496900036931038,10478.300258517264,0.2513509669071511,173.35941116196696,31.08459,1,0,1,0.6319
1.4971000105142591,10479.700073599815,0.2513382265522205,173.3594098907764,30.909021,1,0,1,0.4563
1.4973000064492226,10481.100045144558,0.2513255054247874,173.35940855500547,31.083004,1,0,1,0.6303
1.4978000223636627,10484.60015654564,0.2512930354724058,173.3594079936704,16.656464,0,0,0,-13.7962
1.4992000311613085,10494.400218129158,0.2512044642603881,173.35939611240917,31.04858,1,0,1,0.5959
1.4994000270962715,10495.8001896739,0.2511916797631857,173.3593947634798,31.152906,1,0,1,0.7002
1.4995000287890434,10496.500201523304,0.2511852775130845,173.3593941145403,31.061619,1,0,1,0.6089
1.499600037932396,10497.200265526772,0.2511788810584603,173.35939344642185,31.07481,1,0,1,0.6221
1.5006000101566317,10504.20007109642,0.2511149162854528,173.35938671525716,31.41713,1,0,1,0.9644
1.5009000077843666,10506.300054490566,0.251095709053865,173.35938472040922,31.360874,1,0,1,0.9082
1.5010000169277191,10507.000118494034,0.2510893080616063,173.359384047156,31.385515,1,0,1,0.9328
1.5010000169277191,10507.000118494034,0.251089326706353,173.3593839943795,31.677526,1,0,1,1.2248
1.501100018620491,10507.700130343435,0.2510829133674944,173.35938335628506,31.506853,1,0,1,1.0542
1.5013000220060349,10509.100154042244,0.2510700961548712,173.35938204978555,31.330118,1,0,1,0.8774
1.5014000162482262,10509.800113737583,0.2510636946085002,173.359381376219,31.352934,1,0,1,0.9002
1.501500017940998,10510.500125586988,0.2510572886863219,173.3593807125005,31.32001,1,0,1,0.8673
1.50160001963377,10511.20013743639,0.2510508817857761,173.35938005042658,31.277029,1,0,1,0.8243
1.501700021326542,10511.900149285791,0.2510444939258208,173.35937933316922,31.538433,1,0,1,1.0857
1.5022000297904017,10515.40020853281,0.2510124533981884,173.35937601808715,31.331648,1,0,1,0.879
1.5025000274181366,10517.500191926956,0.2509932402464857,173.3593739863514,31.434158,1,0,1,0.9815
1.502800039947033,10519.60027962923,0.2509740270296329,173.35937194308084,31.593212,1,0,1,1.1405
1.5029000416398048,10520.300291478634,0.2509681786267864,173.3593696927218,40.32879,1,0,0,9.8761
1.503100037574768,10521.700263023376,0.2509547955950467,173.35936994563224,31.49313,1,0,1,1.0404
1.5038000121712685,10526.60008519888,0.2509099545351342,173.3593651661096,31.896933,1,0,1,1.4442
1.5040000081062317,10528.000056743622,0.2508970899283785,173.35936394208613,31.224367,1,0,1,0.7717
1.5040000081062317,10528.000056743622,0.2508971057330748,173.35936389734954,31.471895,1,0,1,1.0192
1.5043000057339668,10530.100040137768,0.2508778687330265,173.35936188518764,31.434216,1,0,1,0.9815
1.5043000057339668,10530.100040137768,0.2508778860641837,173.3593618361304,31.70565,1,0,1,1.253
1.5044000223279,10530.8001562953,0.2508714346789754,173.3593612711738,31.106474,1,0,1,0.6538
1.504700019955635,10532.900139689444,0.2508522076439218,173.35935922177546,31.270468,1,0,1,0.8178
1.5050000175833702,10535.000123083591,0.2508329700530773,173.3593571962837,31.299587,1,0,1,0.8469
1.505100019276142,10535.700134932997,0.2508245246018395,173.3593622526248,-0.4076192,0,0,0,-30.8603
1.5053000301122663,10537.100210785866,0.2508137530197218,173.3593551039936,31.695696,1,0,1,1.243
1.5055000260472298,10538.500182330608,0.2508009107973215,173.35935379580278,31.479813,1,0,1,1.0271
1.5061000287532806,10542.700201272964,0.2507624228576144,173.3593497454319,31.525257,1,0,1,1.0726
1.5061000287532806,10542.700201272964,0.2507624283690939,173.35934972983145,31.611576,1,0,1,1.1589
1.5062000304460526,10543.400213122368,0.2507559771890544,173.35934915611102,31.058235,1,0,1,0.6055
1.506400041282177,10544.80028897524,0.2507457589773827,173.3593404353153,71.860435,0,0,0,41.4077
1.5065000355243685,10545.500248670578,0.2507367482264417,173.35934707950676,31.36506,1,0,1,0.9124
1.506700038909912,10546.900272369385,0.2507239234832847,173.3593457082718,31.49708,1,0,1,1.0444
1.5073000118136406,10551.100082695484,0.250688087285827,173.35933415371102,73.074234,0,0,0,42.6215
1.507400006055832,10551.800042390823,0.2506789870685013,173.359341045927,31.20742,1,0,1,0.7547
1.5077000185847282,10553.900130093098,0.2506597504191145,173.35933897606287,31.482416,1,0,1,1.0297
1.507900021970272,10555.300153791904,0.2506469005039005,173.35933766780084,31.270983,1,0,1,0.8183
1.508800029754639,10561.60020828247,0.2505891445712426,173.35933157657308,31.467773,1,0,1,1.0151
1.5093000307679176,10565.100215375423,0.2505570528914145,173.35932820202743,31.541603,1,0,1,1.0889
1.5097000375390053,10567.900262773035,0.2505313582576968,173.35932556005162,31.291927,1,0,1,0.8392
1.509900040924549,10569.300286471844,0.2505185281314701,173.35932419017706,31.441471,1,0,1,0.9888
1.5105000361800194,10573.500253260136,0.2504794402325849,173.35932176858125,22.566568,1,0,0,-7.8861
1.5113000199198725,10579.100139439106,0.2504286301061814,173.35931486017478,31.14094,1,0,1,0.6883
1.5117000192403791,10581.900134682655,0.2504029547395258,173.35931216980364,31.222313,1,0,1,0.7696
1.5128000304102898,10589.600212872028,0.2503323453975889,173.35930479195957,31.413977,1,0,1,0.9613
1.5132000297307968,10592.400208115578,0.2503066773461761,173.3593020950276,31.59442,1,0,1,1.1417
1.5135000422596931,10594.500295817852,0.2502874053949954,173.35930013254904,31.408316,1,0,1,0.9556
1.514100007712841,10598.700053989887,0.2502488846847482,173.35929616276815,31.3192,1,0,1,0.8665
1.514100007712841,10598.700053989887,0.2502488889241376,173.35929615076932,31.385593,1,0,1,0.9329
1.5147000178694725,10602.900125086308,0.2502103775450105,173.35929216029572,31.455193,1,0,1,1.0025
1.5148000195622444,10603.60013693571,0.2502040696350323,173.3592911850181,33.188087,1,0,0,2.7354
1.5149000212550163,10604.300148785114,0.2501975351169689,173.3592908485451,31.387125,1,0,1,0.9344
1.5152000188827517,10606.40013217926,0.2501782598968259,173.35928891845765,31.087782,1,0,1,0.6351
1.5152000188827517,10606.40013217926,0.2501782658780088,173.35928890152917,31.181452,1,0,1,0.7288
1.5154000222682953,10607.800155878069,0.2501654270060422,173.3592875842728,31.157553,1,0,1,0.7049
1.515700027346611,10609.900191426275,0.2501461559014259,173.35928564819264,30.911993,1,0,1,0.4593
1.515700027346611,10609.900191426275,0.2501461620115137,173.35928563089942,31.00768,1,0,1,0.555
1.515800029039383,10610.60020327568,0.2501403653363817,173.35928321765692,40.711895,1,0,0,10.2592
1.5159000307321548,10611.300215125084,0.2501333246503687,173.35928431399896,30.995935,1,0,1,0.5432
1.516100026667118,10612.700186669828,0.2501204937158974,173.35928298253518,31.070847,1,0,1,0.6182
1.5164000317454338,10614.800222218037,0.2501012106408699,173.35928109088437,30.609764,1,0,1,0.1571
1.5167000368237495,10616.900257766249,0.2500819851708315,173.35927904092725,31.037968,1,0,1,0.5853
1.5169000402092934,10618.300281465054,0.250069158347131,173.35927770483235,31.161936,1,0,1,0.7092
1.5172000378370285,10620.4002648592,0.2500499095057522,173.35927573054764,31.194324,1,0,1,0.7416
1.517700009047985,10623.900063335896,0.2500173189646242,173.3592728255503,28.507093,1,0,0,-1.9456
1.5185000225901604,10629.500158131124,0.2499663409673346,173.35926716550992,31.24334,1,0,1,0.7907
1.51900003105402,10633.00021737814,0.2499343819380783,173.35926392087885,31.383286,1,0,1,0.9306
1.5192000269889832,10634.400188922882,0.2499216063373287,173.3592626051024,31.549446,1,0,1,1.0968
1.519300028681755,10635.100200772284,0.2499151913032252,173.3592620242397,31.208466,1,0,1,0.7558
1.519400030374527,10635.800212621689,0.2499087815725194,173.3592614287802,30.94976,1,0,1,0.4971
1.519500032067299,10636.500224471092,0.2499024036490386,173.35926074369897,31.188461,1,0,1,0.7358
1.519500032067299,10636.500224471092,0.2499024061384838,173.3592607366533,31.227448,1,0,1,0.7748
1.5202000364661217,10641.400255262852,0.2498576449720224,173.35925627995647,31.06505,1,0,1,0.6124
1.5203000381588936,10642.100267112255,0.2498512569986085,173.35925562601224,31.143236,1,0,1,0.6905
1.520900011062622,10646.300077438354,0.2498129036993587,173.35925178661955,31.177326,1,0,1,0.7246
1.5213000178337095,10649.100124835968,0.249787327790698,173.35924924624095,31.120792,1,0,1,0.6681
1.5215000212192535,10650.500148534777,0.2497745489468956,173.3592479509314,31.239676,1,0,1,0.787
1.521800018846989,10652.60013192892,0.2497577806586777,173.3592392433835,68.86358,0,0,0,38.4109
1.5219000205397606,10653.300143778324,0.2497489733965855,173.35924541368277,31.198471,1,0,1,0.7458
1.522500030696392,10657.500214874744,0.2497106165253591,173.35924158839182,31.282654,1,0,1,0.83
1.5232000276446342,10662.40019351244,0.2496658425368625,173.3592371947605,31.05499,1,0,1,0.6023
1.5236000418663025,10665.200293064116,0.2496402366040769,173.35923473699538,30.657803,1,0,1,0.2051
1.5237000361084938,10665.900252759457,0.2496338486285275,173.35923408558202,30.766266,1,0,1,0.3136
1.5237000361084938,10665.900252759457,0.2496338526703503,173.35923407414268,30.829561,1,0,1,0.3769
1.5238000378012655,10666.60026460886,0.2496274442000352,173.35923347911472,30.626888,1,0,1,0.1742
1.5240000411868095,10668.000288307669,0.2496146472353368,173.35923223028925,30.549778,1,0,1,0.0971
1.5244000107049942,10670.80007493496,0.2495890820189455,173.35922965926952,30.816542,1,0,1,0.3639
1.5244000107049942,10670.80007493496,0.2495891159185779,173.35922956332513,31.34743,1,0,1,0.8947
1.5250000208616257,10675.00014603138,0.2495507124839751,173.35922584177686,31.02944,1,0,1,0.5768
1.5260000303387642,10682.00021237135,0.2494867175169241,173.3592195756564,30.927736,1,0,1,0.475
1.5267000272870064,10686.900191009045,0.2494419330768932,173.35921512508605,31.263857,1,0,1,0.8112
1.5268000289797783,10687.600202858448,0.2494354961901747,173.35921459710053,30.718403,1,0,1,0.2657
1.5274000391364098,10691.800273954868,0.2493970946504479,173.35921079263048,30.983118,1,0,1,0.5304
1.5275000408291817,10692.500285804272,0.2493906853999434,173.35921018153135,30.902515,1,0,1,0.4498
1.5277000069618225,10693.900048732758,0.2493778694975184,173.35920895669923,30.75913,1,0,1,0.3064
1.528700016438961,10700.900115072727,0.2493138082174909,173.35920269889567,30.811192,1,0,1,0.3585
1.528700016438961,10700.900115072727,0.2493138057711328,173.35920270581954,30.77288,1,0,1,0.3202
1.528800018131733,10701.60012692213,0.2493073984395057,173.35920207857228,30.789131,1,0,1,0.3364
1.52920001745224,10704.40012216568,0.2492817519521671,173.35919961036342,30.633446,1,0,1,0.1808
1.5298000276088717,10708.6001932621,0.2492461687014851,173.35918773770865,75.62621,0,0,0,45.1735
1.5300000309944153,10710.000216960909,0.2492304643150965,173.35919460947318,30.697998,1,0,1,0.2453
1.5300000309944153,10710.000216960909,0.2492304725453515,173.35919458617937,30.826887,1,0,1,0.3742
1.5301000326871872,10710.70022881031,0.2492240665184783,173.35919394258713,30.938808,1,0,1,0.4861
1.5302000418305397,10711.400292813778,0.2492176603420738,173.3591932969725,31.06197,1,0,1,0.6093
1.5302000418305397,10711.400292813778,0.2492176659303578,173.3591932811562,31.149485,1,0,1,0.6968
1.5312000066041946,10718.400046229362,0.2491534582635848,173.3591872005575,30.321102,1,0,1,-0.1316
1.5322000160813332,10725.400112569332,0.2490892908469495,173.35918088590682,30.802555,1,0,1,0.3499
1.532400019466877,10726.80013626814,0.2490764572701074,173.35917960817503,30.981344,1,0,1,0.5287
1.5326000303030014,10728.20021212101,0.2490636028037155,173.3591783831995,30.86795,1,0,1,0.4153
1.5328000262379646,10729.600183665752,0.249050744023204,173.35917716802155,30.700686,1,0,1,0.248
1.5330000296235085,10731.00020736456,0.249037090858446,173.3591781858448,18.175774,1,0,0,-12.2769
1.5332000330090525,10732.400231063366,0.2490249388607438,173.35917496642287,29.098927,1,0,0,-1.3538
1.5332000330090525,10732.400231063366,0.2490250579398431,173.35917463090416,30.955685,1,0,1,0.503
1.5334000289440155,10733.800202608109,0.249012059157867,173.35917379529852,28.686954,1,0,0,-1.7657
1.5335000306367874,10734.500214457512,0.2490057758578616,173.35917276551115,30.938892,1,0,1,0.4862
1.5338000431656835,10736.600302159786,0.248986511117042,173.35917083646402,31.272453,1,0,1,0.8198
1.534000039100647,10738.000273704529,0.248973642897471,173.359169617085,31.125538,1,0,1,0.6728
1.5345000103116035,10741.500072181225,0.2489414885135,173.35916650300837,31.118065,1,0,1,0.6654
1.5345000103116035,10741.500072181225,0.2489414894125809,173.3591665004638,31.132145,1,0,1,0.6795
1.5346000120043757,10742.200084030628,0.2489350659399669,173.35916585124895,31.275686,1,0,1,0.823
1.534800007939339,10743.60005557537,0.2489221967331209,173.3591646131555,31.228289,1,0,1,0.7756
1.535200022161007,10746.400155127048,0.2488974428903774,173.35915934038488,46.60473,1,0,0,16.152
1.535600021481514,10749.200150370598,0.2488707195379791,173.3591596012824,31.353252,1,0,1,0.9006
1.5358000174164772,10750.60012191534,0.2488599969384897,173.3591522830077,64.94539,0,0,0,34.4927
1.5358000174164772,10750.60012191534,0.2488574462156554,173.35915947493058,25.146324,1,0,0,-5.3064
1.5361000299453735,10752.700209617617,0.2488385290060135,173.35915647304867,31.395185,1,0,1,0.9425
1.5367000326514244,10756.90022855997,0.2487998775520059,173.359152739286,31.318716,1,0,1,0.866
1.5369000285863876,10758.300200104712,0.2487870040702686,173.35915145524416,31.507488,1,0,1,1.0548
1.53700003772974,10759.00026410818,0.2487805500873064,173.3591508578242,31.35386,1,0,1,0.9012
1.537700042128563,10763.90029489994,0.2487357642465739,173.35914653725703,31.12157,1,0,1,0.6689
1.5378000363707542,10764.60025459528,0.2487292949231976,173.3591459100765,31.122314,1,0,1,0.6696
1.5382000133395195,10767.400093376637,0.2487033797883759,173.35914349294495,30.611471,1,0,1,0.1588
1.5382000133395195,10767.400093376637,0.2487017774788293,173.3591480111157,5.608974,0,0,0,-24.8437
1.5383000075817108,10768.100053071976,0.2486969639372408,173.3591427088307,31.477345,1,0,1,1.0247
1.5389000177383425,10772.300124168396,0.2486581057357665,173.35913898787976,31.211283,1,0,1,0.7586
1.5390000194311142,10773.0001360178,0.2486516359760389,173.35913834459964,31.292246,1,0,1,0.8396
1.5397000312805176,10777.900218963625,0.2486062928520712,173.35913396360596,31.161978,1,0,1,0.7093
1.5399000272154808,10779.300190508366,0.2485933444996932,173.35913268386727,31.272726,1,0,1,0.82
1.540300026535988,10782.100185751917,0.2485674275707092,173.3591301676518,31.24436,1,0,1,0.7917
1.540300026535988,10782.100185751917,0.24856743516032,173.3591301461736,31.363201,1,0,1,0.9105
1.540800042450428,10785.600297152996,0.2485350109662069,173.3591270550243,31.007904,1,0,1,0.5552
1.5415000095963478,10790.500067174436,0.2484896682145822,173.3591225561308,31.421537,1,0,1,0.9688
1.5416000112891195,10791.200079023838,0.2484831851169589,173.35912192479816,31.413729,1,0,1,0.961
1.5417000129818916,10791.90009087324,0.2484777447386123,173.35911835250604,47.679523,1,0,0,17.2268
1.5422000214457512,10795.400150120258,0.2484442678473269,173.35911817486024,31.135761,1,0,1,0.6831
1.5424000173807144,10796.800121665,0.2484312972488654,173.35911691595993,31.084764,1,0,1,0.6321
1.5426000207662582,10798.200145363808,0.248418344151871,173.35911560379847,31.324142,1,0,1,0.8715
1.5426000207662582,10798.200145363808,0.2484182969950092,173.3591157357401,30.593826,1,0,1,0.1411
1.5431000292301178,10801.700204610825,0.2483859272551474,173.35911241093694,31.420166,1,0,1,0.9675
1.5431000292301178,10801.700204610825,0.2483843012029623,173.35911699421152,6.0573072,1,0,0,-24.3954
1.5435000285506248,10804.500199854374,0.2483599967429684,173.35910984151803,31.56206,1,0,1,1.1094
1.5442000404000282,10809.400282800198,0.2483146027747289,173.35910537341843,31.611431,1,0,1,1.1587
1.5444000363349917,10810.80025434494,0.248301636384264,173.35910408664466,31.67226,1,0,1,1.2196
1.5447000116109848,10812.900081276894,0.2482821635847311,173.35910222443945,31.37984,1,0,1,0.9272
1.545100010931492,10815.700076520445,0.2482562192798685,173.3590996788855,31.319578,1,0,1,0.8669
1.5454000234603882,10817.800164222715,0.2482367465111197,173.35909780796868,31.050417,1,0,1,0.5977
1.5456000193953514,10819.20013576746,0.2482237934775954,173.3590964816304,31.303167,1,0,1,0.8505
1.5458000227808952,10820.600159466268,0.2482108118171165,173.3590952351541,31.109186,1,0,1,0.6565
1.546500027179718,10825.500190258026,0.248165424645381,173.35909074079282,31.122852,1,0,1,0.6702
1.5468000322580338,10827.600225806236,0.2481459407036353,173.35908890710783,30.599218,1,0,1,0.1465
1.5479000434279442,10835.30030399561,0.2480765489249032,173.3590764419238,60.363575,0,0,0,29.9109
1.5479000434279442,10835.30030399561,0.2480746395912565,173.35908182306207,30.585285,1,0,1,0.1326
1.548200011253357,10837.4000787735,0.2480548377705876,173.35908091215506,24.907639,1,0,0,-5.545
1.548200011253357,10837.4000787735,0.2480552043141589,173.3590798780895,30.62976,1,0,1,0.1771
1.5488000214099884,10841.60014986992,0.2480163516657507,173.35907594121844,30.944185,1,0,1,0.4915
1.549800030887127,10848.600216209888,0.2479515720444847,173.35906950649047,30.672665,1,0,1,0.22
1.5499000325798988,10849.300228059292,0.247945123217956,173.35906878669002,31.061693,1,0,1,0.609
1.550200030207634,10851.400211453438,0.2479256799546085,173.35906690201966,30.700882,1,0,1,0.2482
1.550300031900406,10852.10022330284,0.2479192319354025,173.35906618366496,31.077274,1,0,1,0.6246
1.5514000430703163,10859.800301492214,0.2478480449483383,173.3590590655735,30.80207,1,0,1,0.3494
1.5519000068306923,10863.300047814846,0.2478157297327819,173.35905576508128,30.993294,1,0,1,0.5406
1.5526000186800957,10868.20013076067,0.2477704766881995,173.35905121477194,30.822268,1,0,1,0.3696
1.5528000220656395,10869.600154459476,0.2477575533068033,173.3590499099791,30.789747,1,0,1,0.3371
1.5528000220656395,10869.600154459476,0.2477575659604239,173.35904987568338,30.97978,1,0,1,0.5271
1.5543000400066376,10880.100280046465,0.2476607228835264,173.35904004140565,30.869577,1,0,1,0.4169
1.5543000400066376,10880.100280046465,0.2476607376030003,173.35904000126703,31.091942,1,0,1,0.6393
1.5548000410199163,10883.600287139416,0.247630219971273,173.3590318316252,58.074043,0,0,0,27.6214
1.5562000200152395,10893.400140106678,0.2475379416111141,173.35902843097466,25.731445,1,0,0,-4.7212
1.557000033557415,10899.000234901903,0.2474867839995403,173.3590222067838,30.861921,1,0,1,0.4092
1.5580000430345535,10906.000301241877,0.2474222289868741,173.3590158576607,29.666742,1,0,0,-0.7859
1.5583000108599665,10908.100076019764,0.2474030902107383,173.35901360216883,31.028767,1,0,1,0.5761
1.5584000125527382,10908.800087869167,0.2473966787409854,173.3590129416,30.975883,1,0,1,0.5232
1.5585000067949295,10909.500047564508,0.247390267783777,173.35901228144022,30.920084,1,0,1,0.4674
1.558700017631054,10910.900123417376,0.2473797711446928,173.35900441379312,67.038826,0,0,0,36.5861
1.558700017631054,10910.900123417376,0.2473780818546988,173.35900917428512,40.694588,1,0,0,10.2419
1.558700017631054,10910.900123417376,0.2473774420731074,173.35901097653365,30.720999,1,0,1,0.2683
1.558700017631054,10910.900123417376,0.2473763433468054,173.3590140739996,13.580221,1,0,0,-16.8725
1.5592000186443329,10914.40013051033,0.2473454472293438,173.3590075584313,31.076351,1,0,1,0.6237
1.55960001796484,10917.20012575388,0.2473198462199675,173.35900487253917,31.081911,1,0,1,0.6292
1.5600000321865082,10920.000225305555,0.2472942267866086,173.35900226536398,30.643559,1,0,1,0.1909
1.5607000291347504,10924.900203943253,0.2472490538739211,173.35899873832378,24.132326,1,0,0,-6.3204
1.5615000426769257,10930.50029873848,0.2471970960068755,173.3589957534141,10.884788,0,0,0,-19.5679
1.562600016593933,10938.200116157532,0.2471296801163181,173.35898049975606,54.355263,0,0,0,23.9026
1.5640000328421593,10948.000229895117,0.2470389540360044,173.35897526301582,31.229452,1,0,1,0.7768
1.5654000118374825,10957.800082862375,0.2469498364456574,173.35896582487564,31.400969,1,0,1,0.9483
1.5665000230073929,10965.50016105175,0.2468812532617355,173.3589545627332,52.88042,0,0,0,22.4277
1.5665000230073929,10965.50016105175,0.2468798851141781,173.358958419421,31.5374,1,0,1,1.0847
1.5667000338435173,10966.90023690462,0.2468671721042653,173.3589570749531,31.558266,1,0,1,1.1056
1.5673000290989876,10971.100203692911,0.2468290508320008,173.35895303153197,31.69338,1,0,1,1.2407
1.568400040268898,10978.800281882286,0.2467591752914331,173.35894569968454,31.560917,1,0,1,1.1082
1.5685000121593475,10979.500085115433,0.2467525743408342,173.35894574637538,27.607779,1,0,0,-2.8449
1.5690000131726265,10983.000092208384,0.2467210937289749,173.35894167751596,31.659979,1,0,1,1.2073
1.569100022315979,10983.700156211851,0.2467147379645691,173.35894103341076,31.533894,1,0,1,1.0812
1.569400019943714,10985.800139606,0.2466953553550606,173.35894000147462,26.179537,1,0,0,-4.2732
1.569400019943714,10985.800139606,0.2466957072912701,173.35893901038537,31.664473,1,0,1,1.2118
1.569600023329258,10987.200163304806,0.2466830116612913,173.35893769028223,31.598103,1,0,1,1.1454
1.5700000301003456,10990.00021070242,0.2466576397482558,173.35893500789072,31.710997,1,0,1,1.2583
1.5702000334858894,10991.400234401226,0.2466449356846127,173.35893372398542,31.45671,1,0,1,1.004
1.5709000304341316,10996.30021303892,0.2466005088706656,173.35892915582914,31.01364,1,0,1,0.561
1.571200042963028,10998.400300741196,0.2465814758566071,173.35892718970044,30.886595,1,0,1,0.4339
1.571500040590763,11000.500284135342,0.2465624828343038,173.35892512230214,31.331362,1,0,1,0.8787
1.5718000382184982,11002.600267529488,0.2465434402616709,173.3589231993088,30.987406,1,0,1,0.5347
1.5720000118017197,11004.000082612038,0.2465307485673008,173.35892191703252,30.76689,1,0,1,0.3142
1.572200007736683,11005.40005415678,0.2465180704865774,173.35892059527433,30.769068,1,0,1,0.3164
1.5723000168800354,11006.100118160248,0.2465117375940379,173.35891991599348,30.87348,1,0,1,0.4208
1.573300018906593,11013.100132346151,0.246448357320496,173.3589133209831,30.898132,1,0,1,0.4454
1.5735000222921371,11014.50015604496,0.2464356761282126,173.35891202307755,30.802286,1,0,1,0.3496
1.5740000307559967,11018.000215291975,0.2464040061149928,173.35890869404466,31.05313,1,0,1,0.6004
1.5742000341415403,11019.400238990784,0.2463913413622873,173.35890735803798,31.187849,1,0,1,0.7352
1.5743000283837318,11020.100198686125,0.2463850056130459,173.35890670086383,31.197546,1,0,1,0.7449
1.5747000426054,11022.9002982378,0.246359659943771,173.35890407683215,31.223476,1,0,1,0.7708
1.575200043618679,11026.400305330752,0.2463279992735792,173.35890074712952,31.563885,1,0,1,1.1112
1.575300008058548,11027.100056409836,0.2463216520585947,173.35890013147016,31.359428,1,0,1,0.9067
1.57540000975132,11027.80006825924,0.2463152961609962,173.35889953223025,31.063976,1,0,1,0.6113
1.575800009071827,11030.600063502789,0.2462899694528775,173.35889687255366,31.352394,1,0,1,0.8997
1.5771000310778618,11039.700217545033,0.2462064826534914,173.35889155003483,14.073308,1,0,0,-16.3794
1.5772000327706337,11040.400229394436,0.2462012673413829,173.3588877398403,31.575354,1,0,1,1.1227
1.577300027012825,11041.100189089777,0.2461949188841355,173.35888712507355,31.39511,1,0,1,0.9424
1.5775000303983688,11042.500212788582,0.2461822431237121,173.35888583291103,31.38527,1,0,1,0.9326
1.5781000405550003,11046.700283885002,0.2461442075814608,173.35888182744435,31.634422,1,0,1,1.1817
1.578300043940544,11048.100307583809,0.2461315116633897,173.35888061783703,31.275549,1,0,1,0.8229
1.5784000381827354,11048.800267279148,0.2461251954529635,173.35887992438563,31.589207,1,0,1,1.1365
1.57880000770092,11051.60005390644,0.2460998326902626,173.35887742730412,31.327944,1,0,1,0.8753
1.57880000770092,11051.60005390644,0.2460998308416278,173.3588774325347,31.299002,1,0,1,0.8463
1.578900009393692,11052.300065755844,0.2460934969289168,173.3588767868487,31.355595,1,0,1,0.9029
1.5795000195503237,11056.500136852264,0.2460554717065254,173.358872968773,31.415718,1,0,1,0.963
1.5798000171780586,11058.60012024641,0.2460364334048855,173.35887112807902,31.086874,1,0,1,0.6342
1.58040002733469,11062.80019134283,0.2459984025107328,173.35886730856743,31.231037,1,0,1,0.7783
1.580500029027462,11063.500203192234,0.2459920365806,173.358866746103,30.84926,1,0,1,0.3966
1.580900028347969,11066.300198435783,0.2459667148853527,173.35886409932868,31.533379,1,0,1,1.0807
1.581000030040741,11067.000210285189,0.245960357272333,173.35886351253737,31.293015,1,0,1,0.8403
1.5815000385046003,11070.500269532204,0.2459286302504711,173.3588603957749,31.121223,1,0,1,0.6685
1.5820000395178797,11074.000276625156,0.2458961297723194,173.35885944739118,18.98007,1,0,0,-11.4726
1.582600012421608,11078.200086951256,0.2458588426211457,173.3588534612524,31.279575,1,0,1,0.8269
1.5828000232577324,11079.600162804129,0.245846153371422,173.35885218940254,31.383282,1,0,1,0.9306
1.5829000174999237,11080.300122499466,0.2458398120751113,173.3588515449445,31.484327,1,0,1,1.0316
1.583400018513203,11083.80012959242,0.2458080175414168,173.3588485521316,30.733772,1,0,1,0.2811
1.584200032055378,11089.400224387646,0.2457572155991333,173.35884352195777,30.92057,1,0,1,0.4679
1.58430003374815,11090.10023623705,0.2457508462964127,173.3588429428824,30.673012,1,0,1,0.2203
1.584700033068657,11092.900231480598,0.2457254631802501,173.35884035178418,31.212145,1,0,1,0.7595
1.5861000195145607,11102.700136601925,0.2456354649221292,173.35883441759222,15.849375,1,0,0,-14.6033
1.5866000205278397,11106.200143694878,0.245604635695358,173.35882853951216,31.195093,1,0,1,0.7424
1.5866000205278397,11106.200143694878,0.2456046095719027,173.3588286134381,30.786026,1,0,1,0.3333
1.5869000181555748,11108.300127089024,0.2455855312404107,173.3588267109863,31.010944,1,0,1,0.5583
1.587300032377243,11111.1002266407,0.2455600840172944,173.3588241820332,31.275417,1,0,1,0.8227
1.587800033390522,11114.600233733654,0.2455282459227948,173.35882107574258,31.312874,1,0,1,0.8602
1.5882000401616096,11117.400281131268,0.2455027431644957,173.35881865599484,30.988401,1,0,1,0.5357
1.5882000401616096,11117.400281131268,0.2455004460321224,173.35882513270292,-4.854185,0,0,0,-35.3069
1.5883000418543816,11118.100292980673,0.2454963909770405,173.358817983109,31.284515,1,0,1,0.8318
1.5889000371098518,11122.300259768965,0.245458168330558,173.35881422114448,31.542973,1,0,1,1.0903
1.5890000090003014,11123.00006300211,0.24545179367149,173.35881360617245,31.521368,1,0,1,1.0687
1.5890000090003014,11123.00006300211,0.2454517519780321,173.35881372266164,30.876513,1,0,1,0.4238
1.5896000191569328,11127.20013409853,0.2454135223081629,173.3588099213928,31.362587,1,0,1,0.9099
1.5908000320196152,11135.600224137306,0.245336959840753,173.35880245564047,31.592133,1,0,1,1.1394
1.590900033712387,11136.30023598671,0.2453305535911543,173.35880189617933,31.264452,1,0,1,0.8118
1.5911000296473503,11137.700207531452,0.2453177898523852,173.3588006407729,31.365345,1,0,1,0.9127
1.5912000313401222,11138.400219380856,0.2453114229440992,173.35879996708212,31.669952,1,0,1,1.2173
1.5925000086426735,11147.500060498714,0.2452283464607287,173.3587919506557,31.519407,1,0,1,1.0667
1.5925000086426735,11147.500060498714,0.2452283529226216,173.3587919323682,31.620598,1,0,1,1.1679
1.5926000103354454,11148.200072348118,0.2452219459873276,173.3587913512053,31.411457,1,0,1,0.9588
1.593100018799305,11151.700131595137,0.2451899859038835,173.3587882119167,31.65416,1,0,1,1.2015
1.5933000221848488,11153.10015529394,0.2451771990665243,173.3587869536944,31.763266,1,0,1,1.3106
1.5943000316619873,11160.100221633911,0.2451131818483076,173.3587808096381,31.475605,1,0,1,1.0229
1.5949000343680382,11164.300240576267,0.2450747465208501,173.35877712174127,31.291893,1,0,1,0.8392
1.5953000411391258,11167.10028797388,0.2450491160951791,173.35877465346098,31.213692,1,0,1,0.761
1.5959000140428543,11171.30009829998,0.2450107231035977,173.35877076702005,32.100517,1,0,1,1.6478
1.5959000140428543,11171.30009829998,0.2450106918389434,173.35877085550126,31.610924,1,0,1,1.1582
1.596300020813942,11174.100145697594,0.2449850278509895,173.3587684230271,31.31251,1,0,1,0.8598
1.596600018441677,11176.20012909174,0.2449658027270106,173.35876652312783,31.501032,1,0,1,1.0483
1.596700020134449,11176.900140941145,0.2449593903605417,173.3587658973541,31.520784,1,0,1,1.0681
1.5974000319838524,11181.800223886969,0.2449144295631019,173.35876168679675,30.700195,1,0,1,0.2475
1.5975000336766243,11182.50023573637,0.2449080643371183,173.35876091791218,31.506594,1,0,1,1.0539
1.5979000329971311,11185.30023097992,0.2448826854225833,173.3587584828054,31.653261,1,0,1,1.2006
1.5982000306248665,11187.400214374064,0.2448633601400371,173.35875659981087,31.608408,1,0,1,1.1557
1.598800040781498,11191.600285470486,0.2448247139349641,173.35875278467557,31.76948,1,0,1,1.3168
1.599100038409233,11193.700268864632,0.2448028716005373,173.35875796516865,-7.3849783,0,0,0,-37.8377
1.6002000197768211,11201.400138437748,0.2447344643962471,173.35874395031905,31.66572,1,0,1,1.213
1.600400023162365,11202.800162136557,0.2447215716901157,173.35874267162532,31.730536,1,0,1,1.2778
1.6005000174045565,11203.500121831894,0.2447145309989163,173.35874370855245,22.485731,1,0,0,-7.967
1.6005000174045565,11203.500121831894,0.2447151010721139,173.35874209975975,31.388433,1,0,1,0.9357
1.602500043809414,11217.500306665896,0.2445860492773887,173.3587295110745,30.76096,1,0,1,0.3083
1.6027000099420547,11218.900069594383,0.2445731775531543,173.3587281541082,31.226137,1,0,1,0.7734
1.6028000116348269,11219.600081443788,0.2445667319385901,173.35872749925488,31.326237,1,0,1,0.8735
1.6029000133275986,11220.30009329319,0.2445602669682168,173.3587268989058,31.124031,1,0,1,0.6713
1.6032000184059143,11222.4001288414,0.2445409107565607,173.358724986812,31.127552,1,0,1,0.6749
1.603400021791458,11223.800152540209,0.2445279950082219,173.35872374406588,30.949394,1,0,1,0.4967
1.6045000329613686,11231.50023072958,0.2444570526721562,173.35871663822786,31.417906,1,0,1,0.9652
1.6045000329613686,11231.50023072958,0.2444568130499038,173.35871731480754,27.673939,1,0,0,-2.7787
1.6047000288963318,11232.900202274324,0.2444438742852769,173.35871613804105,27.112963,1,0,0,-3.3397
1.605200044810772,11236.400313675404,0.2444119047456268,173.35871212909046,31.602589,1,0,1,1.1499
1.605900041759014,11241.3002923131,0.2443686967371024,173.35870216293506,61.953968,0,0,0,31.5013
1.6066000238060951,11246.200166642666,0.2443192497026178,173.35870980847542,-5.187472,0,0,0,-35.6402
1.6067000180482864,11246.900126338003,0.244315151968147,173.35870254193767,31.475313,1,0,1,1.0226
1.6069000214338305,11248.300150036812,0.2443022326578076,173.35870132212534,31.123564,1,0,1,0.6709
1.6072000190615654,11250.400133430958,0.2442829040119923,173.35869935801395,31.335663,1,0,1,0.883
1.6075000315904615,11252.500221133232,0.2442635691376507,173.35869741435687,31.42863,1,0,1,0.9759
1.6088000386953354,11261.600270867348,0.2441797711769327,173.35868911561295,31.087603,1,0,1,0.6349
1.6095000132918358,11266.50009304285,0.2441346785267359,173.3586846303637,30.958206,1,0,1,0.5055
1.6100000217556951,11270.000152289867,0.2441018650338221,173.35868315584366,21.27942,1,0,0,-9.1733
1.6100000217556951,11270.000152289867,0.2441025034058132,173.35868135554682,31.242027,1,0,1,0.7893
1.6106000244617462,11274.200171232224,0.2440638822018224,173.35867749422354,31.187046,1,0,1,0.7344
1.6107000187039375,11274.900130927565,0.2440574384631779,173.3586768752655,31.040243,1,0,1,0.5876
1.611300028860569,11279.100202023985,0.2440188431438817,173.3586729882536,31.106222,1,0,1,0.6535
1.6116000339388847,11281.200237572191,0.2439983572224418,173.35867441134886,12.502203,1,0,0,-17.9505
1.6122000440955162,11285.400308668612,0.2439609969257772,173.35866711000284,31.437134,1,0,1,0.9844
1.6132000088691711,11292.400062084198,0.2438967494695468,173.35866064244675,31.410524,1,0,1,0.9578
1.613300010561943,11293.1000739336,0.2438902964195559,173.3586600825266,30.9248,1,0,1,0.4721
1.6136000230908394,11295.200161635876,0.243873787662312,173.35865037353943,73.898315,0,0,0,43.4456
1.6142000332474709,11299.400232732296,0.2438325644675628,173.3586541313847,31.580124,1,0,1,1.1274
1.6155000403523443,11308.500282466412,0.2437491935127054,173.35864569738823,31.573307,1,0,1,1.1206
1.6159000396728516,11311.30027770996,0.2437235408893733,173.3586431540004,31.272175,1,0,1,0.8195
1.616400010883808,11314.800076186655,0.243691542225679,173.3586398287608,31.697094,1,0,1,1.2444
1.6173000186681747,11321.100130677223,0.2436339207967473,173.35863399595618,31.592613,1,0,1,1.1399
1.6174000203609469,11321.800142526628,0.2436275397915018,173.358633295139,31.871023,1,0,1,1.4183
1.6176000237464905,11323.200166225432,0.2436147219053317,173.35863205482318,31.53394,1,0,1,1.0813
1.6179000288248062,11325.300201773643,0.2435960165958651,173.35862724474302,46.770824,1,0,0,16.3181
1.618200033903122,11327.400237321854,0.2435759785853928,173.3586280348834,31.721619,1,0,1,1.2689
1.6191000416874886,11333.70029181242,0.2435187719687616,173.35862228558096,31.488962,1,0,1,1.0363
1.6194000393152237,11335.800275206566,0.2434997163095142,173.358620357249,31.470463,1,0,1,1.0178
1.6194000393152237,11335.800275206566,0.243499721973585,173.358620341223,31.559141,1,0,1,1.1065
1.619700014591217,11337.90010213852,0.2434806580155501,173.35861845132922,31.32488,1,0,1,0.8722
1.6200000122189522,11340.000085532663,0.2434616168738726,173.35861650250314,31.411804,1,0,1,0.9591
1.6208000183105469,11345.600128173828,0.2434086620074213,173.35861748883508,-2.59574,0,0,0,-33.0484
1.6210000291466713,11347.0002040267,0.2433981514610803,173.3586100511429,31.42135,1,0,1,0.9687
1.6215000301599505,11350.500211119652,0.2433664260045127,173.3586068361539,31.347157,1,0,1,0.8945
1.6216000318527222,11351.200222969055,0.2433600811580255,173.35860619411292,31.32525,1,0,1,0.8726
1.6220000311732292,11354.000218212605,0.2433347160859121,173.3586035922951,31.418148,1,0,1,0.9655
1.6224000379443169,11356.800265610218,0.2433093424230189,173.35860102075603,31.333376,1,0,1,0.8807
1.6225000396370888,11357.50027745962,0.2433029899940362,173.35860040430825,31.164307,1,0,1,0.7116
1.6233000084757805,11363.100059330463,0.2432522868705226,173.3585951607415,31.515755,1,0,1,1.0631
1.625300034880638,11377.100244164469,0.2431254807701702,173.3585821621756,31.57826,1,0,1,1.1256
1.625300034880638,11377.100244164469,0.2431255125665156,173.3585820737019,32.06809,1,0,1,1.6154
1.625300034880638,11377.100244164469,0.2431254833542341,173.35858215486337,31.618723,1,0,1,1.166
1.625600039958954,11379.200279712675,0.2431090759763936,173.35857282659748,72.434425,0,0,0,41.9817
1.6258000433444977,11380.600303411484,0.2430937727191845,173.35857890958894,31.561388,1,0,1,1.1087
1.6261000409722328,11382.70028680563,0.2430747292003283,173.3585770054673,31.27924,1,0,1,0.8266
1.627000018954277,11389.00013267994,0.2430176383134338,173.35857114410388,31.212225,1,0,1,0.7595
1.6273000240325928,11391.10016822815,0.2429986092262967,173.35856916914133,31.29111,1,0,1,0.8384
1.627400018274784,11391.800127923489,0.2429922650992685,173.35856851338443,31.301739,1,0,1,0.8491
1.6287000328302383,11400.900229811668,0.2429097407576714,173.3585600151989,31.20843,1,0,1,0.7557
1.6290000304579737,11403.000213205814,0.2428907014474533,173.35855801226478,31.396935,1,0,1,0.9442
1.6290000304579737,11403.000213205814,0.2428883472994997,173.35856465030042,-5.3380103,0,0,0,-35.7907
1.629200041294098,11404.400289058683,0.2428779992164321,173.3585566943592,31.42143,1,0,1,0.9687
1.6293000429868698,11405.100300908089,0.2428716395774893,173.35855605812378,31.306747,1,0,1,0.8541
1.6293000429868698,11405.100300908089,0.2428716318695339,173.35855607993685,31.186049,1,0,1,0.7334
1.6297000423073769,11407.900296151638,0.2428471152998724,173.35855092326372,45.172165,1,0,0,14.7195
1.6297000423073769,11407.900296151638,0.2428462287109371,173.35855342175853,31.345081,1,0,1,0.8924
1.6301000118255615,11410.70008277893,0.2428208044527467,173.35855080478197,31.262653,1,0,1,0.81
1.6302000135183334,11411.400094628334,0.2428144559663183,173.3585501234527,31.389303,1,0,1,0.9366
1.630400024354458,11412.800170481203,0.2428017357103092,173.3585488204826,31.309326,1,0,1,0.8566
1.6309000253677368,11416.300177574158,0.2427699286645297,173.3585455571503,31.127138,1,0,1,0.6744
1.631300024688244,11419.100172817709,0.2427444888331834,173.35854289926766,31.226414,1,0,1,0.7737
1.6323000341653824,11426.100239157677,0.2426808338556222,173.35853628292597,31.254736,1,0,1,0.802
1.632600039243698,11428.200274705889,0.2426617254046325,173.35853429452837,31.26531,1,0,1,0.8126
1.63270004093647,11428.90028655529,0.242655342455191,173.35853366592983,31.077852,1,0,1,0.6252
1.6334000155329704,11433.800108730791,0.2426081263265954,173.35853636535214,-9.546877,0,0,0,-39.9996
1.63390002399683,11437.30016797781,0.2425788423331751,173.35852570301063,31.086092,1,0,1,0.6334
1.6352000311017036,11446.400217711926,0.2424972647471989,173.3585130742252,53.111744,0,0,0,22.6591
1.6354000344872477,11447.800241410732,0.2424831002125618,173.35851564938426,31.485058,1,0,1,1.0324
1.6368000134825706,11457.600094377996,0.2423935546235252,173.35850635673845,31.208727,1,0,1,0.756
1.6371000185608864,11459.700129926205,0.242374346055135,173.35850436439648,31.13838,1,0,1,0.6857
1.637500025331974,11462.500177323818,0.2423487334759344,173.3585016806042,31.187542,1,0,1,0.7349
1.637900024652481,11465.300172567368,0.2423237316243822,173.3584991849987,31.114754,1,0,1,0.6621
1.6384000331163406,11468.800231814384,0.2422914276562292,173.3584958234322,30.843866,1,0,1,0.3912
1.6389000341296196,11472.300238907335,0.2422591542172315,173.35849232546943,31.317379,1,0,1,0.8647
1.639000028371811,11473.000198602676,0.242252676772151,173.35849168564008,31.080599,1,0,1,0.6279
1.6391000300645828,11473.70021045208,0.2422485428715054,173.35848443424828,67.433205,0,0,0,36.9805
1.6391000300645828,11473.70021045208,0.2422462232209297,173.35849097493752,31.23544,1,0,1,0.7828
1.6397000402212143,11477.9002815485,0.2422074189659207,173.35848690893476,31.063236,1,0,1,0.6105
1.639900043606758,11479.300305247309,0.2421944832524987,173.3584855431064,31.06281,1,0,1,0.6101
1.641700029373169,11491.900205612184,0.2420779761267364,173.35847327048384,30.965616,1,0,1,0.5129
1.642100028693676,11494.700200855732,0.2420520548111172,173.358470586856,30.714952,1,0,1,0.2623
1.642200030386448,11495.400212705135,0.2420455965750567,173.3584698513806,31.010698,1,0,1,0.558
1.6425000354647636,11497.500248253344,0.2420282505379276,173.35846192339582,63.566486,0,0,0,33.1138
1.6435000151395798,11504.500105977058,0.241963086829913,173.35845617978305,57.6625,0,0,0,27.2098
1.6446000188589096,11512.200132012367,0.2418901040230906,173.3584535220761,31.007832,1,0,1,0.5551
1.6449000239372251,11514.300167560576,0.2418706731979805,173.35845146651616,31.124779,1,0,1,0.6721
1.645900033414364,11521.300233900549,0.2418059189039051,173.35844460936138,31.62357,1,0,1,1.1709
1.6462000384926796,11523.400269448755,0.241786474459883,173.3584426180678,31.434858,1,0,1,0.9822
1.6467000395059586,11526.90027654171,0.2417540860044941,173.35843926676583,31.32975,1,0,1,0.8771
1.6476000249385834,11533.200174570084,0.2416958430669716,173.35843315344206,31.689304,1,0,1,1.2366
1.648600034415722,11540.200240910051,0.2416311138832972,173.35842653786898,31.274109,1,0,1,0.8697
1.650400012731552,11552.800089120865,0.2415174649792166,173.35840703860617,73.03782,0,0,0,42.6334
1.6508000195026398,11555.600136518478,0.2414889491093298,173.35841198998054,31.026714,1,0,1,0.6223
1.6510000228881836,11557.000160217283,0.2414760423754628,173.35841067162983,31.032907,1,0,1,0.6285
1.6512000188231468,11558.400131762028,0.2414631407117852,173.35840935056774,31.063564,1,0,1,0.6592
1.6512000188231468,11558.400131762028,0.2414631486695227,173.3584093280548,31.188148,1,0,1,0.7837
1.6513000205159187,11559.100143611431,0.2414566750263133,173.35840873517398,30.832443,1,0,1,0.428
1.6514000222086906,11559.800155460836,0.2414501887573899,173.35840818059222,30.267128,1,0,1,-0.1373
1.6516000255942345,11561.20017915964,0.2414373354205939,173.35840674204317,30.966293,1,0,1,0.5619
1.6517000198364258,11561.90013885498,0.2414308919383388,173.35840607571265,31.026703,1,0,1,0.6223
1.6517000198364258,11561.90013885498,0.2414286467918861,173.3584124032895,-3.9932184,0,0,0,-34.3976
1.6519000306725502,11563.300214707851,0.2414179838282965,173.3584048067068,30.801596,1,0,1,0.3972
1.6527000293135643,11568.90020519495,0.2413664618359401,173.3583995374436,31.068893,1,0,1,0.6645
1.6530000418424606,11571.000292897224,0.2413462724394385,173.35840005463544,17.410894,1,0,0,-12.9935
1.6533000394701958,11573.10027629137,0.241327832776582,173.358395669317,30.908909,1,0,1,0.5045
1.6533000394701958,11573.10027629137,0.2413277405702021,173.35839592866452,29.473448,1,0,0,-0.931
1.6534000411629677,11573.800288140774,0.2413214096524688,173.35839499248797,31.068913,1,0,1,0.6645
1.6536000445485115,11575.20031183958,0.2413087874045575,173.35839301726136,34.83675,1,0,0,4.4323
1.6536000445485115,11575.20031183958,0.2413085612829156,173.3583936539473,31.312883,1,0,1,0.9085
1.6537000089883804,11575.900062918665,0.2413021270628941,173.35839302445416,31.219864,1,0,1,0.8155
1.6538000106811523,11576.600074768066,0.2412956979072642,173.35839237692318,31.227926,1,0,1,0.8235
1.6548000201582909,11583.600141108036,0.241231452961107,173.3583859443144,31.214565,1,0,1,0.8102
1.655200019478798,11586.400136351584,0.2412057861802007,173.35838337401643,31.26722,1,0,1,0.8628
1.6555000320076942,11588.50022405386,0.2411865498603288,173.35838143946523,31.371666,1,0,1,0.9673
1.6559000313282013,11591.300219297407,0.2411609046562808,173.3583789008447,31.32285,1,0,1,0.9184
1.6563000455498695,11594.100318849089,0.2411352786264383,173.35837635901956,31.333616,1,0,1,0.9292
1.6567000448703766,11596.900314092636,0.2411096863012598,173.35837377879238,31.599817,1,0,1,1.1954
1.6569000408053398,11598.30028563738,0.2410968916207,173.35837250577148,31.65439,1,0,1,1.25
1.657800018787384,11604.600131511688,0.2410386527998826,173.35836662644763,31.749083,1,0,1,1.3447
1.658400021493435,11608.800150454044,0.2410006367412011,173.3583629495645,31.79728,1,0,1,1.3929
1.6588000357151031,11611.600250005722,0.2409752993255691,173.3583605445209,31.6245,1,0,1,1.2201
1.659900039434433,11619.30027604103,0.2409055606588677,173.3583543650182,28.945335,1,0,0,-1.4591
1.6605000123381617,11623.50008636713,0.2408673566618794,173.3583516101178,24.191967,1,0,0,-6.2124
1.661100022494793,11627.70015746355,0.2408299316569915,173.35834674496542,31.190765,1,0,1,0.7864
1.6618000194430351,11632.600136101246,0.2407857778583096,173.3583425625993,31.176857,1,0,1,0.7725
1.661900021135807,11633.30014795065,0.2407794813278793,173.35834194176152,31.311203,1,0,1,0.9068
1.6623000353574753,11636.100247502329,0.2407542646412306,173.35833956309963,31.285765,1,0,1,0.8814
1.6627000346779823,11638.900242745876,0.2407290573670114,173.35833719065573,31.252153,1,0,1,0.8477
1.6628000289201736,11639.600202441216,0.2407227568005104,173.35833659938098,31.23758,1,0,1,0.8332
1.6628000289201736,11639.600202441216,0.2407227635477564,173.3583365802908,31.34322,1,0,1,0.9388
1.6637000441551208,11645.900309085846,0.240666109687176,173.35833117102408,31.758532,1,0,1,1.4633
1.6638000458478928,11646.60032093525,0.2406597875745096,173.35833065402156,31.346176,1,0,1,1.0509
1.6638000458478928,11646.60032093525,0.2406597829217198,173.35833066718638,31.273325,1,0,1,0.9781
1.6640000119805336,11648.000083863735,0.240649503997221,173.35832297517814,67.30123,0,0,0,37.006
1.6640000119805336,11648.000083863735,0.2406471905369988,173.3583294970238,31.206844,1,0,1,0.9116
1.6642000153660774,11649.400107562542,0.2406346086307009,173.35832829496294,31.320215,1,0,1,1.0249
1.6660000309348106,11662.000216543674,0.2405213803599477,173.35831760494523,31.797667,1,0,1,1.5024
1.6662000343203545,11663.40024024248,0.2405087913914599,173.35831645023828,31.68218,1,0,1,1.3869
1.666600041091442,11666.200287640097,0.2404836363409026,173.35831407834286,31.802946,1,0,1,1.5077
1.666800044476986,11667.600311338902,0.2404689245660644,173.3583189098877,-1.4363432,0,0,0,-31.7316
1.667100042104721,11669.700294733047,0.2404521868543878,173.35831113171488,31.862104,1,0,1,1.5668
1.667100042104721,11669.700294733047,0.2404511000169975,173.35831419680267,14.899353,0,0,0,-15.3959
1.6674000099301338,11671.800069510937,0.2404333080505145,173.35830939398917,31.734655,1,0,1,1.4394
1.6675000116229055,11672.50008136034,0.2404270168091379,173.3583088071633,31.73413,1,0,1,1.4389
1.667800024151802,11674.600169062614,0.2404081335133893,173.35830707030172,31.60243,1,0,1,1.3072
1.6681000217795372,11676.70015245676,0.2403892785685268,173.35830525178702,31.923601,1,0,1,1.6283
1.668300025165081,11678.100176155567,0.2403766789743431,173.35830411972125,31.693329,1,0,1,1.3981
1.67040004581213,11692.80032068491,0.2402444563953788,173.35829181254906,31.543358,1,0,1,1.2481
1.6708000153303146,11695.600107312202,0.2402190913105147,173.35828991985372,28.99261,1,0,0,-1.3027
1.671400025486946,11699.800178408625,0.2401814198877774,173.3582859615074,31.336313,1,0,1,1.041
1.671400025486946,11699.800178408625,0.2401814162228288,173.3582859718806,31.278915,1,0,1,0.9836
1.671600021421909,11701.200149953364,0.2401688055933877,173.35828479064492,31.288616,1,0,1,0.9933
1.6718000248074532,11702.600173652172,0.2401589592685029,173.35827580492187,74.485146,0,0,0,44.1899
1.6722000315785408,11705.400221049786,0.2401309866125134,173.35828116035484,31.772625,1,0,1,1.4774
1.6722000315785408,11705.400221049786,0.2401309667390572,173.35828121660614,31.461365,1,0,1,1.1661
1.672500029206276,11707.500204443932,0.2401126960945302,173.3582775746372,41.799095,1,0,0,11.5038
1.6729000359773636,11710.300251841543,0.2400867477707291,173.35827716226268,30.974766,1,0,1,0.6795
1.6734000444412231,11713.800311088562,0.2400551822954677,173.35827414226233,31.276169,1,0,1,0.9809
1.673900045454502,11717.300318181517,0.2400235753027798,173.3582711802173,31.222822,1,0,1,0.9276
1.674100011587143,11718.70008111,0.2400109406855435,173.3582699608886,31.383396,1,0,1,1.0881
1.6748000234365463,11723.600164055824,0.2399666288243131,173.35826584192912,31.069304,1,0,1,0.774
1.6752000227570534,11726.400159299374,0.2399412988549727,173.35826345380426,31.044388,1,0,1,0.7491
1.6756000220775604,11729.200154542925,0.2399140175486398,173.35826652219225,0.795437,0,0,0,-29.4998
1.676200032234192,11733.400225639343,0.2398779082307988,173.3582574618385,30.97673,1,0,1,0.6815
1.676500029861927,11735.50020903349,0.2398594342693417,173.3582540735887,39.72237,1,0,0,9.4271
1.6770000457763672,11739.00032043457,0.2398271397396258,173.35825260300007,31.145466,1,0,1,0.8502
1.6775000095367432,11742.500066757202,0.239795380962531,173.35824955027908,31.27419,1,0,1,0.9789
1.677600011229515,11743.200078606606,0.2397890178091149,173.3582489604194,31.178823,1,0,1,0.8836
1.677700012922287,11743.900090456007,0.2397822826907966,173.3582513253535,15.408957,0,0,0,-14.8863
1.6782000213861463,11747.400149703026,0.2397512799287686,173.3582453944194,31.167513,1,0,1,0.8722
1.6794000342488289,11755.800239741802,0.2396733530736073,173.35824075000525,15.691444,0,0,0,-14.6038
1.6795000359416008,11756.500251591206,0.2396679501526871,173.35823726454598,31.533335,1,0,1,1.2381
1.679600030183792,11757.200211286545,0.2396619875778224,173.35823535568016,38.648567,1,0,0,8.3533
1.679800033569336,11758.600234985352,0.2396486776275518,173.35823543253065,31.319742,1,0,1,1.0245
1.680500045418739,11763.500317931175,0.2396037190367355,173.35823101605783,31.525723,1,0,1,1.2305
1.680900014936924,11766.300104558468,0.2395779850120925,173.35822855607472,31.242138,1,0,1,0.9469
1.681000016629696,11767.000116407871,0.2395731007705116,173.3582235626165,55.395157,0,0,0,25.0999
1.6812000125646591,11768.400087952614,0.23955870702745,173.35822661284325,31.548464,1,0,1,1.2532
1.6819000244140625,11773.300170898438,0.239513859124468,173.3582216003207,34.830315,1,0,0,4.535
1.682800032198429,11779.600225389004,0.239455636682764,173.35821654520757,31.19749,1,0,1,0.9022
1.682800032198429,11779.600225389004,0.2394556505313653,173.35821650600354,31.414413,1,0,1,1.1191
1.6832000315189362,11782.400220632551,0.2394298731991628,173.3582139148518,31.647785,1,0,1,1.3525
1.6832000315189362,11782.400220632551,0.2394298516146856,173.35821397595498,31.30969,1,0,1,1.0144
1.6837000399827955,11785.90027987957,0.2394002650933368,173.35820325066234,72.97987,0,0,0,42.6846
1.684500016272068,11791.500113904476,0.2393459633205491,173.358205619216,31.467821,1,0,1,1.1726
1.6858000233769417,11800.600163638592,0.2392619448800184,173.35819727992344,31.164555,1,0,1,0.8693
1.686000034213066,11802.000239491465,0.2392490038898824,173.35819601075244,31.009794,1,0,1,0.7145
1.686100035905838,11802.700251340866,0.2392425472323496,173.3581953352117,31.156078,1,0,1,0.8608
1.6863000318408012,11804.100222885609,0.2392296094912062,173.35819404984017,31.0792,1,0,1,0.7839
1.686500035226345,11805.500246584415,0.2392166992523801,173.35819267892654,31.467258,1,0,1,1.172
1.6867000311613085,11806.900218129158,0.2392037233158984,173.3581914893346,30.84425,1,0,1,0.549
1.6870000436902046,11809.000305831432,0.2391843287667194,173.35818949420715,31.060183,1,0,1,0.7649
1.6882000267505646,11817.400187253952,0.239106688220861,173.35818158621433,31.350384,1,0,1,1.0551
1.6910000443458555,11837.00031042099,0.2389253714402653,173.35816305850778,31.439604,1,0,1,1.1443
1.6910000443458555,11837.00031042099,0.2389253912621368,173.35816300240518,31.750032,1,0,1,1.4548
1.692200019955635,11845.400139689444,0.2388476535315806,173.35815505017874,31.471724,1,0,1,1.1765
1.692400023341179,11846.800163388252,0.2388346879454019,173.3581537487245,31.272844,1,0,1,0.9776
1.6933000311255455,11853.10021787882,0.238776428350631,173.3581476573128,31.61254,1,0,1,1.3173
1.6937000453472135,11855.900317430496,0.2387505220260226,173.35814499156112,31.500788,1,0,1,1.2055
1.6941000446677208,11858.700312674046,0.2387244276991604,173.35814286516668,28.386185,1,0,0,-1.9091
1.694300040602684,11860.100284218788,0.2387116895141913,173.35814093318794,31.629923,1,0,1,1.3347
1.694300040602684,11860.100284218788,0.2387116682142537,173.35814099346814,31.296373,1,0,1,1.0011
1.694400042295456,11860.800296068192,0.2387052011168797,173.35814030413323,31.385523,1,0,1,1.0903
1.6957000195980072,11869.90013718605,0.2386210941893588,173.35813150538272,31.55436,1,0,1,1.2591
1.6964000314474106,11874.800220131874,0.2385758202413888,173.3581267752545,31.538332,1,0,1,1.2431
1.6969000324606895,11878.300227224829,0.2385434843954333,173.35812341818055,31.384136,1,0,1,1.0889
1.6969000324606895,11878.300227224829,0.2385434795600685,173.35812343186396,31.30842,1,0,1,1.0132
1.697600044310093,11883.20031017065,0.23849826468879,173.35811861693006,31.699621,1,0,1,1.4044
1.6978000402450562,11884.600281715391,0.2384848612354612,173.35811744434565,30.73664,1,0,1,0.4414
1.6988000199198725,11891.600139439106,0.2384206350208495,173.35811047945427,31.677664,1,0,1,1.3824
1.699100024998188,11893.700174987316,0.2384013591913474,173.35810843362185,31.709372,1,0,1,1.4141
1.69920002669096,11894.40018683672,0.2383949275952075,173.35810777197707,31.606869,1,0,1,1.3116
1.7000000327825546,11900.000229477882,0.2383435489552275,173.35810231247515,31.696384,1,0,1,1.4011
1.7001000344753263,11900.700241327286,0.2383371030542319,173.35810170174562,31.30958,1,0,1,1.0143
1.7001000344753263,11900.700241327286,0.238337139344938,173.3581015990551,31.877811,1,0,1,1.5825
1.7009000405669212,11906.300283968449,0.2382857671927161,173.35809620315388,31.599907,1,0,1,1.3046
1.7015000134706495,11910.500094294548,0.2382472667464236,173.35809212710484,31.54986,1,0,1,1.2546
1.7025000229477882,11917.500160634518,0.2381829564600228,173.3580858095898,28.832859,1,0,0,-1.4624
1.702700026333332,11918.900184333324,0.2381703020314114,173.35808397219265,31.466776,1,0,1,1.1715
1.702700026333332,11918.900184333324,0.2381686441268259,173.3580886453663,5.6045127,0,0,0,-24.6908
1.7033000364899635,11923.100255429745,0.2381318402094021,173.3580798891645,31.464312,1,0,1,1.169
1.703600034117699,11925.20023882389,0.2381125942989273,173.3580779040469,31.154753,1,0,1,0.8595
1.7040000408887863,11928.000286221504,0.2380869420393251,173.35807524253883,30.827345,1,0,1,0.5321
1.7041000425815582,11928.700298070908,0.2380805624819635,173.35807448453016,31.258963,1,0,1,0.9637
1.7044000402092934,11930.800281465054,0.2380613315797205,173.35807247797123,31.076406,1,0,1,0.7811
1.7046000435948372,11932.20030516386,0.2380485005850751,173.35807117270318,30.77711,1,0,1,0.4818
1.7051000148057938,11935.700103640556,0.2380164675800939,173.3580678051986,30.61575,1,0,1,0.3205
1.7061000242829325,11942.700169980526,0.2379524511217826,173.35806097368155,30.86495,1,0,1,0.5697
1.7062000259757042,11943.40018182993,0.2379460453208229,173.35806030600506,30.807547,1,0,1,0.5123
1.7072000429034233,11950.400300323963,0.2378820222014085,173.35805356546587,30.624575,1,0,1,0.3293
1.7074000462889671,11951.80032402277,0.2378691745711033,173.35805234447497,29.89322,1,0,0,-0.402
1.7076000422239304,11953.200295567513,0.237855660526549,173.35805300689654,18.742144,1,0,0,-11.5531
1.708100043237209,11956.700302660463,0.237824450838026,173.3580474105504,31.015787,1,0,1,0.7205
1.7082000151276588,11957.400105893612,0.2378180387594063,173.35804677769562,30.78219,1,0,1,0.4869
1.7082000151276588,11957.400105893612,0.2378180251506433,173.35804681620166,30.56911,1,0,1,0.2738
1.708400011062622,11958.800077438354,0.2378052586014964,173.358045379101,31.051062,1,0,1,0.7558
1.7089000269770622,11962.300188839436,0.2377720155076846,173.35804552964888,11.554438,1,0,0,-18.7408
1.7095000222325325,11966.500155627728,0.2377346115044598,173.35803871580006,26.901197,1,0,0,-3.3941
1.7099000364542007,11969.300255179403,0.2377067347271337,173.35804246692058,-8.748132,0,0,0,-39.0434
1.7103000357747078,11972.100250422956,0.2376836744914773,173.35803264832774,30.719456,1,0,1,0.4242
1.710600033402443,11974.2002338171,0.2376644684420858,173.35803067429086,30.502016,1,0,1,0.2067
1.7109000459313393,11976.300321519377,0.2376452938704239,173.35802861060395,30.79016,1,0,1,0.4949
1.7113000452518463,11979.100316762924,0.2376197147703995,173.35802590210204,30.952602,1,0,1,0.6573
1.7114000469446182,11979.800328612328,0.237613324000232,173.35802521377545,31.058039,1,0,1,0.7628
1.7126000225543976,11988.200157880785,0.2375365496526545,173.358017214198,30.978315,1,0,1,0.683
1.7127000242471695,11988.900169730186,0.2375301299410763,173.35801660936218,30.637619,1,0,1,0.3423
1.713700033724308,11995.900236070156,0.2374661608844405,173.35800991918484,30.853334,1,0,1,0.5581
1.71380003541708,11996.60024791956,0.2374597613216413,173.35800925762564,30.840807,1,0,1,0.5455
1.7144000455737114,12000.80031901598,0.2374213718530363,173.35800526523855,30.921183,1,0,1,0.6259
1.7147000432014463,12002.900302410126,0.2374037978880341,173.3579987003195,56.265366,0,0,0,25.9701
1.715200014412403,12006.400100886822,0.2373701521421605,173.35800004225868,30.551659,1,0,1,0.2564
1.7160000205039978,12012.000143527985,0.2373189761652318,173.35799468107686,31.034382,1,0,1,0.7391
1.7161000221967695,12012.700155377388,0.2373125670378023,173.35799404444046,30.915575,1,0,1,0.6203
1.717400036752224,12021.800257265568,0.2372293322384276,173.35798551534688,30.899961,1,0,1,0.6047
1.7178000435233116,12024.60030466318,0.2372018705002888,173.35798884829876,-2.424025,0,0,0,-32.7193
1.71840001642704,12028.80011498928,0.2371654939255341,173.35797883849403,31.464718,1,0,1,1.1694
1.7187000140547752,12030.900098383428,0.2371461706687032,173.35797702824647,30.7473,1,0,1,0.452
1.71950002014637,12036.50014102459,0.2370947659341291,173.35797184004088,30.892149,1,0,1,0.5969
1.72000003606081,12040.00025242567,0.2370626446616771,173.3579685714935,31.169823,1,0,1,0.8746
1.72000003606081,12040.00025242567,0.2370626039979464,173.35796868654776,30.53313,1,0,1,0.2379
1.720200031995773,12041.400223970411,0.2370497702111295,173.35796733871683,30.877474,1,0,1,0.5822
1.7213000431656835,12049.100302159786,0.236979051071851,173.35796029290887,30.829292,1,0,1,0.534
1.7218000143766403,12052.600100636482,0.2369469112546167,173.3579570817662,30.904947,1,0,1,0.6097
1.7224000245332718,12056.800171732904,0.2369083370159153,173.35795324076332,30.964489,1,0,1,0.6692
1.7237000316381454,12065.900221467018,0.2368247592109754,173.35794494011563,31.11144,1,0,1,0.8162
1.7239000350236893,12067.300245165825,0.2368118997208103,173.3579436696919,31.113102,1,0,1,0.8178
1.7246000468730929,12072.200328111649,0.2367661083162267,173.35794143868716,18.887947,1,0,0,-11.4073
1.7249000445008278,12074.300311505796,0.2367476126952232,173.35793730666265,31.24004,1,0,1,0.9448
1.7250000461935997,12075.000323355198,0.2367435901252188,173.35792988997497,68.784134,0,0,0,38.4889
1.7254000157117844,12077.80010998249,0.2367154670909307,173.35793415035957,31.199461,1,0,1,0.9042
1.7255000174045565,12078.500121831894,0.2367090305487939,173.3579335398739,31.078709,1,0,1,0.7834
1.7265000268816948,12085.500188171864,0.2366447361744137,173.35792725977635,30.88585,1,0,1,0.5906
1.7270000353455544,12089.00024741888,0.2366142803618346,173.35791936849904,57.113266,0,0,0,26.818
1.7273000329732895,12091.100230813026,0.236593299015349,173.35792227653624,30.559595,1,0,1,0.2643
1.7274000346660614,12091.80024266243,0.2365890574991548,173.3579154878175,64.6466,0,0,0,34.3513
1.7274000346660614,12091.80024266243,0.2365869184559335,173.3579215171189,31.277317,1,0,1,0.982
1.727500036358833,12092.500254511831,0.2365804958281119,173.35792087730985,31.333805,1,0,1,1.0385
1.7277000471949575,12093.900330364704,0.2365676320143249,173.35791965059218,31.15571,1,0,1,0.8604
1.727800041437149,12094.600290060043,0.2365612182995136,173.35791898878188,31.336117,1,0,1,1.0408
1.727900043129921,12095.300301909449,0.2365547797022022,173.35791839659,31.131624,1,0,1,0.8364
1.7285000458359718,12099.500320851805,0.2365162357068022,173.3579146105712,31.205978,1,0,1,0.9107
1.7285000458359718,12099.500320851805,0.2365162437817098,173.35791458772567,31.332401,1,0,1,1.0371
1.7286000177264214,12100.20012408495,0.236509809196272,173.35791399437767,31.139383,1,0,1,0.8441
1.7288000136613846,12101.600095629692,0.2364969625443422,173.3579127362395,31.14849,1,0,1,0.8532
1.7292000204324722,12104.400143027306,0.2364712925292071,173.35791015980166,31.505255,1,0,1,1.21
1.729300022125244,12105.100154876707,0.2364648724374214,173.35790952483754,31.545063,1,0,1,1.2498
1.729900024831295,12109.300173819063,0.236426355583407,173.35790572171624,31.75678,1,0,1,1.4615
1.7301000356674194,12110.700249671936,0.2364135126745142,173.35790446965058,31.743874,1,0,1,1.4486
1.7307000309228897,12114.900216460228,0.2363749811891126,173.3579007478244,31.525389,1,0,1,1.2301
1.7308000326156616,12115.600228309631,0.2363685637590788,173.35790011729512,31.546705,1,0,1,1.2514
1.7313000410795212,12119.100287556648,0.2363364766933169,173.35789697737297,31.587608,1,0,1,1.2923
1.7328000217676165,12129.600152373314,0.2362405273223043,173.35788682298625,35.815304,1,0,0,5.52
1.7329000234603882,12130.300164222715,0.2362338195535663,173.35788703015302,31.205427,1,0,1,0.9102
1.73300002515316,12131.00017607212,0.2362269232065013,173.35788776881404,23.654001,1,0,0,-6.6413
1.7336000204086304,12135.200142860413,0.2361889192055919,173.35788272076238,30.816118,1,0,1,0.5208
1.73460004478693,12142.20031350851,0.2361248692664606,173.35787638154395,31.277454,1,0,1,0.9822
1.7355000153183937,12148.500107228756,0.2360672435383329,173.3578707215316,31.443983,1,0,1,1.1487
1.7359000146389008,12151.300102472303,0.2360416256920394,173.35786825000247,31.272465,1,0,1,0.9772
1.736000016331673,12152.000114321709,0.2360352344004441,173.35786759724718,31.422272,1,0,1,1.127
1.7361000254750252,12152.700178325176,0.2360288233801972,173.35786700001043,31.264492,1,0,1,0.9692
1.7361000254750252,12152.700178325176,0.2360288353656816,173.35786696610177,31.452133,1,0,1,1.1569
1.736200027167797,12153.40019017458,0.2360224454038228,173.35786631178493,31.610365,1,0,1,1.3151
1.7363000214099884,12154.10014986992,0.2360160274796874,173.35786573907637,31.317137,1,0,1,1.0219
1.736600026488304,12156.200185418127,0.2359968205927926,173.35786389075827,31.156351,1,0,1,0.8611
1.7369000241160393,12158.300168812277,0.2359776480921595,173.35786195654856,31.469807,1,0,1,1.1745
1.7370000332593918,12159.000232815742,0.2359712554295192,173.35786131735557,31.542948,1,0,1,1.2477
1.737800031900406,12164.60022330284,0.2359198770414723,173.35785646045838,31.106863,1,0,1,0.8116
1.738300047814846,12168.100334703922,0.2358874660236705,173.3578547551158,23.072289,1,0,0,-7.223
1.738700047135353,12170.900329947472,0.2358624809199979,173.3578507543886,31.232182,1,0,1,0.9369
1.7399000227451324,12179.300159215927,0.2357860075060612,173.35784313486295,31.434698,1,0,1,1.1394
1.7401000261306765,12180.700182914734,0.2357749088334753,173.3578372348121,57.08981,0,0,0,26.7945
1.7401000261306765,12180.700182914734,0.2357732568081181,173.35784189222312,31.314016,1,0,1,1.0187
1.7412000373005867,12188.400261104109,0.2357031551221007,173.35783504944766,30.680323,1,0,1,0.3851
1.7412000373005867,12188.400261104109,0.235701507891897,173.35783969185206,4.9875417,0,0,0,-25.3077
1.7429000213742256,12200.30014961958,0.2355949938797893,173.35782418106822,31.274887,1,0,1,0.9796
1.7431000247597694,12201.700173318386,0.235582568650582,173.35782207115952,35.94153,1,0,0,5.6463
1.7433000206947329,12203.100144863129,0.235569539785389,173.35782166727736,31.165998,1,0,1,0.8707
1.743900030851364,12207.300215959547,0.2355313936065656,173.35781781550978,31.445625,1,0,1,1.1504
1.7448000460863111,12213.60032260418,0.2354741670968347,173.35781209860355,31.51769,1,0,1,1.2224
1.7453000470995903,12217.100329697132,0.2354423736625495,173.35780894519806,31.427298,1,0,1,1.132
1.7455000430345535,12218.500301241877,0.2354296864068861,173.35780760276214,31.838936,1,0,1,1.5437
1.7462000250816343,12223.400175571442,0.2353851537377729,173.35780327836164,31.205318,1,0,1,0.91
1.7464000210165975,12224.800147116184,0.235372450705617,173.35780198781728,31.327477,1,0,1,1.0322
1.7466000244021416,12226.200170814993,0.2353597504395114,173.35780068943234,31.492287,1,0,1,1.197
1.7466000244021416,12226.200170814993,0.2353597244680429,173.35780076291803,31.085642,1,0,1,0.7904
1.7467000260949137,12226.900182664394,0.2353533896542305,173.35780007086777,31.405035,1,0,1,1.1098
1.7468000277876854,12227.600194513798,0.2353470377757597,173.3577994271754,31.456673,1,0,1,1.1614
1.7483000457286837,12238.100320100784,0.2352517143170306,173.35778993466124,31.318827,1,0,1,1.0236
1.7491000145673752,12243.700101971626,0.2352008629377464,173.35778492886527,30.924162,1,0,1,0.6289
1.7494000121951103,12245.800085365772,0.2351818133412272,173.357782995379,31.086317,1,0,1,0.791
1.7495000138878822,12246.500097215176,0.2351754493050063,173.3577823905626,30.92059,1,0,1,0.6253
1.7495000138878822,12246.500097215176,0.2351754860960301,173.357782286458,31.496668,1,0,1,1.2014
1.7497000247240069,12247.900173068048,0.2351627580036784,173.35778107533665,31.172985,1,0,1,0.8777
1.7501000240445137,12250.700168311596,0.2351373721941774,173.3577784581313,31.604673,1,0,1,1.3094
1.7503000274300575,12252.100192010404,0.2351246518324637,173.35777722620392,31.395796,1,0,1,1.1005
1.7531000226736069,12271.700158715248,0.2349460413628894,173.35776139470943,20.625746,1,0,0,-9.6695
1.7531000226736069,12271.700158715248,0.2349467219276766,173.35775947636017,31.242542,1,0,1,0.9473
1.7531000226736069,12271.700158715248,0.234946713401885,173.3577595004864,31.109035,1,0,1,0.8138
1.7533000260591507,12273.100182414057,0.2349340324427279,173.357758143277,31.591932,1,0,1,1.2967
1.7537000253796575,12275.900177657604,0.2349086352484072,173.35775552528006,32.024357,1,0,1,1.7291
1.7537000253796575,12275.900177657604,0.2349085853271064,173.35775566654843,31.24263,1,0,1,0.9474
1.754000037908554,12278.00026535988,0.2348910595818274,173.35774940370902,55.360264,0,0,0,25.065
1.754000037908554,12278.00026535988,0.2348895211855,173.3577537421,31.350378,1,0,1,1.0551
1.7542000338435173,12279.40023690462,0.2348768145235825,173.3577524513357,31.4658,1,0,1,1.1705
1.7543000355362892,12280.100248754025,0.2348727959256385,173.35774522163166,67.96318,0,0,0,37.6679
1.7546000331640244,12282.20023214817,0.2348513917345845,173.35774988938195,31.588078,1,0,1,1.2928
1.7554000467061996,12287.800326943398,0.2348005183659525,173.35774481575305,31.554033,1,0,1,1.2588
1.755500040948391,12288.500286638737,0.234794144429332,173.35774422219896,31.325132,1,0,1,1.0299
1.7556000426411629,12289.20029848814,0.2347877903569235,173.35774357044616,31.418026,1,0,1,1.1228
1.7557000443339348,12289.900310337543,0.2347814599824549,173.35774285102474,31.885382,1,0,1,1.5901
1.7559000179171562,12291.300125420094,0.2347687093705743,173.35774167018852,31.393444,1,0,1,1.0982
1.7565000280737877,12295.500196516514,0.2347305035364276,173.35773796392087,30.820587,1,0,1,0.5253
1.756700024008751,12296.900168061256,0.2347177901291767,173.35773666463527,30.983713,1,0,1,0.6884
1.7573000267148018,12301.100187003613,0.2346796292810401,173.35773280087895,31.28322,1,0,1,0.988
1.757400020956993,12301.800146698952,0.2346732490969671,173.3577322122379,31.027266,1,0,1,0.732
1.7575000375509262,12302.500262856483,0.2346668948174218,173.35773154536807,31.20342,1,0,1,0.9082
1.7577000334858894,12303.900234401226,0.2346542321365761,173.35773024389778,30.907457,1,0,1,0.6122
1.758300043642521,12308.100305497646,0.2346160194855892,173.35772641814648,31.180513,1,0,1,0.8852
1.7593000158667564,12315.100111067297,0.2345522940110129,173.35772009190725,31.358398,1,0,1,1.0631
1.759900026023388,12319.300182163715,0.2345140328651064,173.3577163235089,31.30909,1,0,1,1.0138
1.7600000277161598,12320.00019401312,0.2345076491968714,173.3577157116573,31.210726,1,0,1,0.9155
1.7601000219583511,12320.700153708458,0.2345012891372156,173.3577150334991,31.479397,1,0,1,1.1841
1.7605000212788582,12323.500148952007,0.2344757691730205,173.35771253340295,31.375664,1,0,1,1.0804
1.7609000355005264,12326.300248503683,0.2344502442371284,173.35771003015765,31.286028,1,0,1,0.9908
1.7618000358343124,12332.600250840189,0.2343927780039723,173.35770444760917,30.797138,1,0,1,0.5019
1.7620000466704369,12334.000326693058,0.2343800269833949,173.3577031421456,31.0448,1,0,1,0.7495
1.762400045990944,12336.800321936607,0.2343545030901027,173.3577005828634,31.25112,1,0,1,0.9559
1.7626000419259071,12338.20029348135,0.2343417357213768,173.35769931354008,31.295475,1,0,1,1.0002
1.7628000155091286,12339.6001085639,0.234328954385341,173.357698084088,31.118677,1,0,1,0.8234
1.7632000222802162,12342.400155961514,0.2343034013738595,173.35769557511506,31.035934,1,0,1,0.7407
1.763800024986267,12346.60017490387,0.2342650734653836,173.35769177907122,31.081198,1,0,1,0.7859
1.763800024986267,12346.60017490387,0.2342650639082158,173.3576918061194,30.931524,1,0,1,0.6363
1.763900026679039,12347.300186753271,0.2342586979098568,173.3576911076111,31.301949,1,0,1,1.0067
1.7641000226140022,12348.700158298016,0.2342459093491597,173.35768986912882,31.164547,1,0,1,0.8693
1.7643000334501266,12350.100234150888,0.2342331100689536,173.35768865275946,30.902283,1,0,1,0.607
1.7643000334501266,12350.100234150888,0.234233128387057,173.3576886024183,31.18112,1,0,1,0.8859
1.7643000334501266,12350.100234150888,0.2342331061439326,173.35768866386786,30.840813,1,0,1,0.5455
1.7644000351428986,12350.80024600029,0.2342248358216734,173.35769333044823,1.5175539,0,0,0,-28.7777
1.766000047326088,12362.000331282616,0.2341244505631198,173.35767780249506,31.430643,1,0,1,1.1354
1.7662000134587288,12363.400094211102,0.2341116421195448,173.35767658429492,31.161642,1,0,1,0.8664
1.7662000134587288,12363.400094211102,0.2341116465465099,173.35767657176584,31.230972,1,0,1,0.9357
1.7662000134587288,12363.400094211102,0.2341116585902307,173.35767653768005,31.419588,1,0,1,1.1243
1.766600027680397,12366.20019376278,0.2340860596150305,173.35767402319004,31.304098,1,0,1,1.0088
1.7667000219225883,12366.900153458118,0.2340796605864353,173.3576733918425,31.289211,1,0,1,0.9939
1.7667000219225883,12366.900153458118,0.2340796551677953,173.3576734071782,31.20435,1,0,1,0.9091
1.7669000253081322,12368.300177156923,0.2340668539404617,173.35767214769058,31.15455,1,0,1,0.8593
1.7678000330924988,12374.600231647491,0.2340092550504899,173.35766641372956,31.267473,1,0,1,0.9722
1.7686000317335129,12380.20022213459,0.2339580327451743,173.35766131762338,31.320753,1,0,1,1.0255
1.7690000459551811,12383.000321686268,0.2339323916897152,173.3576588280825,31.007051,1,0,1,0.7118
1.7694000452756882,12385.800316929815,0.2339067878419608,173.357656220411,31.336462,1,0,1,1.0412
1.7704000249505043,12392.80017465353,0.2338426974967203,173.35764986725522,31.19212,1,0,1,0.8969
1.7709000259637833,12396.300181746485,0.2338106432605182,173.35764667918244,31.1556,1,0,1,0.8603
1.7712000384926796,12398.400269448755,0.233791399221989,173.35764478561757,31.017546,1,0,1,0.7223
1.7712000384926796,12398.400269448755,0.233791405954087,173.35764476656465,31.122976,1,0,1,0.8277
1.771700032055378,12401.900224387646,0.2337593651011384,173.3576415055459,31.460018,1,0,1,1.1647
1.7719000428915024,12403.300300240517,0.2337464762612185,173.35764039603845,30.51019,1,0,1,0.2149
1.7725000455975533,12407.500319182873,0.2337080047902888,173.35763650429942,30.760387,1,0,1,0.4651
1.773300014436245,12413.100101053717,0.2336566917041463,173.35763132432118,31.001186,1,0,1,0.7059
1.7734000161290169,12413.800112903118,0.2336502019639184,173.35763088596323,29.870218,1,0,0,-0.4251
1.7737000286579132,12415.900200605392,0.2336310148976589,173.3576287660115,30.926086,1,0,1,0.6308
1.7739000245928764,12417.300172150137,0.2336181813964516,173.35762747018595,30.976374,1,0,1,0.6811
1.774300031363964,12420.100219547749,0.2335896228659874,173.35763301943166,-13.986493,0,0,0,-44.2818
1.7746000364422798,12422.20025509596,0.2335732477136992,173.35762295277246,31.026936,1,0,1,0.7317
1.7747000381350515,12422.900266945362,0.2335668260728735,173.3576223097809,31.017609,1,0,1,0.7223
1.774800032377243,12423.6002266407,0.2335604049221909,173.35762166753798,31.003874,1,0,1,0.7086
1.774800032377243,12423.6002266407,0.2335603928575987,173.35762170168206,30.814936,1,0,1,0.5197
1.7751000374555588,12425.700262188911,0.2335411352450832,173.35761974951038,30.908873,1,0,1,0.6136
1.775300033390522,12427.100233733654,0.2335283297656556,173.35761835412592,31.487844,1,0,1,1.1926
1.7758000418543816,12430.600292980673,0.2334961779222108,173.357615235034,30.875713,1,0,1,0.5804
1.7759000435471537,12431.300304830074,0.2334897515861088,173.35761459794466,30.824383,1,0,1,0.5291
1.7770000249147415,12439.00017440319,0.2334190925390668,173.3576074647389,30.901766,1,0,1,0.6065
1.7770000249147415,12439.00017440319,0.2334190787429091,173.35760750378276,30.685713,1,0,1,0.3904
1.7771000266075134,12439.700186252594,0.2334126805236027,173.3576067804944,31.102184,1,0,1,0.8069
1.7773000225424769,12441.100157797337,0.2333998075322761,173.35760554554602,30.761194,1,0,1,0.4659
1.778100036084652,12446.700252592564,0.233348415469014,173.35760037080502,31.182981,1,0,1,0.8877
1.7787000387907028,12450.90027153492,0.2333098800456619,173.35759635072745,31.577984,1,0,1,1.2827
1.7789000421762466,12452.300295233728,0.2332969591525077,173.357595218738,30.552599,1,0,1,0.2573
1.7795000448822975,12456.500314176084,0.2332584243996479,173.35759117137664,31.066988,1,0,1,0.7717
1.779700018465519,12457.900129258633,0.2332455578831529,173.35758988464536,30.889526,1,0,1,0.5943
1.7799000144004822,12459.300100803375,0.2332326941605741,173.3575885839538,30.786333,1,0,1,0.4911
1.780100017786026,12460.700124502182,0.233219883674026,173.3575871309256,31.524042,1,0,1,1.2288
1.780100017786026,12460.700124502182,0.2332198588125084,173.35758720128274,31.134714,1,0,1,0.8394
1.7811000272631643,12467.700190842152,0.2331555537440665,173.35758061882794,31.016872,1,0,1,0.7216
1.7823000326752665,12476.100228726864,0.2330784050009053,173.35757263000872,31.327454,1,0,1,1.0322
1.7828000485897064,12479.600340127943,0.2330462621752081,173.35756927952903,31.56707,1,0,1,1.2718
1.7836000248789787,12485.200174152851,0.2329947660422748,173.35756410701188,30.903864,1,0,1,0.6086
1.783900022506714,12487.300157546995,0.2329754809300107,173.35756209064743,31.078402,1,0,1,0.7831
1.7845000252127647,12491.500176489351,0.2329359322530496,173.35756081318652,16.179369,0,0,0,-14.1159
1.7850000336766243,12495.00023573637,0.2329047644691868,173.35755469954054,31.708529,1,0,1,1.4133
1.7851000353693962,12495.700247585772,0.2328982884202604,173.35755415927036,31.037594,1,0,1,0.7423
1.7851000353693962,12495.700247585772,0.2328982962794058,173.35755413853244,31.152622,1,0,1,0.8574
1.785200037062168,12496.400259435177,0.2328918338913975,173.3575535595766,30.695913,1,0,1,0.4006
1.78530003875494,12497.10027128458,0.2328854462485804,173.35755277209208,31.39384,1,0,1,1.0986
1.7855000346899033,12498.500242829325,0.2328725674419154,173.35755148843745,31.177933,1,0,1,0.8827
1.7860000431537628,12502.00030207634,0.2328403970989614,173.35754819900905,31.085234,1,0,1,0.79
1.7866000160574913,12506.20011240244,0.2328017835194166,173.35754428779302,30.784569,1,0,1,0.4893
1.7871000245213509,12509.700171649456,0.2327696473850285,173.3575409082352,31.207254,1,0,1,0.912
1.787300027906895,12511.100195348265,0.2327567710373843,173.35753961711094,31.04265,1,0,1,0.7474
1.7878000289201736,12514.600202441216,0.2327245969154934,173.35753634972556,30.858303,1,0,1,0.563
1.787900023162365,12515.300162136557,0.2327181752319282,173.3575356607045,31.01966,1,0,1,0.7244
1.7881000339984894,12516.700237989426,0.2327053044201571,173.3575343566822,30.93336,1,0,1,0.6381
1.7882000356912613,12517.400249838827,0.2326988741085063,173.35753369126184,30.965267,1,0,1,0.67
1.7889000326395037,12522.300228476524,0.2326538189579786,173.3575291640672,30.479992,1,0,1,0.1847
1.789100043475628,12523.700304329395,0.2326433167104642,173.35752118794107,67.3305,0,0,0,37.0352
1.7893000468611715,12525.100328028202,0.2326281172193854,173.35752645488358,30.890488,1,0,1,0.5952
1.7893000468611715,12525.100328028202,0.2326281225927284,173.35752643967905,30.974627,1,0,1,0.6794
1.7897000461816788,12527.900323271751,0.2326023756860696,173.35752386594964,30.645634,1,0,1,0.3504
1.7899000123143196,12529.300086200235,0.2325895373056322,173.35752248805932,30.989805,1,0,1,0.6945
1.7903000190854073,12532.10013359785,0.2325638229686252,173.35751982862516,31.150084,1,0,1,0.8548
1.7908000275492668,12535.600192844868,0.2325316407542007,173.35751662371203,30.705084,1,0,1,0.4098
1.7908000275492668,12535.600192844868,0.2325316474375274,173.3575166048011,30.809732,1,0,1,0.5145
1.79100002348423,12537.00016438961,0.2325188007427689,173.35751525285457,31.0242,1,0,1,0.7289
1.7918000370264051,12542.600259184836,0.2324671765287787,173.35751052666023,28.138563,1,0,0,-2.1567
1.7925000488758087,12547.50034213066,0.2324223484118645,173.3575054471918,30.878939,1,0,1,0.5837
1.7925000488758087,12547.50034213066,0.2324223450335608,173.35750545675072,30.826042,1,0,1,0.5308
1.792800046503544,12549.600325524809,0.2324030682940302,173.357503471147,30.954117,1,0,1,0.6588
1.792800046503544,12549.600325524809,0.232403062391358,173.3575034878486,30.861694,1,0,1,0.5664
1.792800046503544,12549.600325524809,0.2324030691889241,173.35750346861488,30.96813,1,0,1,0.6729
1.793100044131279,12551.700308918951,0.2323838077545187,173.3575014458972,31.30933,1,0,1,1.0141
1.7936000153422356,12555.200107395647,0.2323516388624744,173.35749827438687,30.790089,1,0,1,0.4948
1.793900027871132,12557.300195097923,0.2323323445948026,173.35749635352482,30.587326,1,0,1,0.2921
1.7941000238060951,12558.700166642666,0.2323194900440484,173.35749505472663,30.557808,1,0,1,0.2625
1.794200025498867,12559.40017849207,0.232313080709579,173.35749435475077,30.824114,1,0,1,0.5288
1.7951000332832336,12565.700232982635,0.2322575828031887,173.35748192384344,67.19428,0,0,0,36.899
1.7951000332832336,12565.700232982635,0.2322552445038898,173.35748851438169,30.71887,1,0,1,0.4236
1.7953000366687777,12567.100256681442,0.2322423914051963,173.35748722493415,30.658766,1,0,1,0.3635
1.7953000366687777,12567.100256681442,0.2322413645125038,173.3574901199432,14.636559,0,0,0,-15.6587
1.7956000342965126,12569.200240075588,0.2322231257218651,173.3574852575676,30.759375,1,0,1,0.4641
1.795900046825409,12571.300327777864,0.2322038503256991,173.35748332088573,30.697838,1,0,1,0.4026
1.795900046825409,12571.300327777864,0.2322038623796002,173.35748328678025,30.88657,1,0,1,0.5913
1.795900046825409,12571.300327777864,0.2322038542034845,173.35748330991387,30.758554,1,0,1,0.4633
1.796300046145916,12574.100323021412,0.2321791743152539,173.35747786320547,46.543186,1,0,0,16.2479
1.7966000437736511,12576.200306415558,0.2321589238636949,173.35747869212517,31.19517,1,0,1,0.8999
1.7970000132918358,12579.00009304285,0.2321332385779619,173.35747610490947,31.180681,1,0,1,0.8854
1.7971000149846077,12579.700104892254,0.2321267947034403,173.35747552197031,30.825588,1,0,1,0.5303
1.797400027513504,12581.800192594528,0.2321080461787713,173.35747213234373,38.84649,1,0,0,8.5512
1.797400027513504,12581.800192594528,0.2321075773231591,173.35747345440976,31.529629,1,0,1,1.2344
1.797400027513504,12581.800192594528,0.2321075519807045,173.35747352461172,31.140875,1,0,1,0.8456
1.7976000234484673,12583.20016413927,0.2320947252184724,173.35747219550393,31.342638,1,0,1,1.0474
1.7977000251412392,12583.900175988674,0.2320883683689758,173.35747138874848,31.34627,1,0,1,1.051
1.7981000244617462,12586.700171232224,0.2320626445042243,173.35746893141385,30.881956,1,0,1,0.5867
1.7988000363111496,12591.600254178047,0.2320193709919343,173.35745974657985,57.13618,0,0,0,26.8409
1.7989000380039215,12592.30026602745,0.232011304738594,173.3574637499116,31.471813,1,0,1,1.1765
1.7989000380039215,12592.30026602745,0.2320112687801988,173.35746385014912,30.916847,1,0,1,0.6216
1.7989000380039215,12592.30026602745,0.2320099265724269,173.35746763421264,9.974221,0,0,0,-20.321
1.7990000322461128,12593.00022572279,0.2320048538459857,173.35746320002426,31.007902,1,0,1,0.7126
1.7991000339388847,12593.700237572191,0.231998432906151,173.3574625662845,31.008776,1,0,1,0.7135
1.7993000447750092,12595.100313425064,0.2319855874169359,173.35746131001042,30.950447,1,0,1,0.6552
1.7993000447750092,12595.100313425064,0.2319855696841978,173.3574613601824,30.672806,1,0,1,0.3775
1.8003000169992447,12602.100118994713,0.2319213988184609,173.3574549824988,30.956753,1,0,1,0.6615
1.801000028848648,12607.000201940536,0.2318764702428954,173.35745058681442,30.807749,1,0,1,0.5125
1.8011000230908394,12607.700161635876,0.2318700518184671,173.3574499637671,30.761421,1,0,1,0.4662
1.8013000264763832,12609.100185334682,0.2318572238973828,173.3574486921432,30.81075,1,0,1,0.5155
1.8015000224113464,12610.500156879423,0.2318444055210214,173.35744739829633,30.98484,1,0,1,0.6896
1.8015000224113464,12610.500156879423,0.2318443884865878,173.3574474464921,30.718136,1,0,1,0.4229
1.8015000224113464,12610.500156879423,0.231844403967991,173.35744740269033,30.960526,1,0,1,0.6653
1.8016000241041183,12611.200168728828,0.2318379822003202,173.35744679193087,30.847847,1,0,1,0.5526
1.8017000332474709,12611.900232732296,0.2318315727569066,173.35744614575327,30.931236,1,0,1,0.636
1.8018000349402428,12612.6002445817,0.2318251445671334,173.35744555486562,30.709238,1,0,1,0.414
1.801900036633015,12613.300256431105,0.2318207826588306,173.35743914119774,62.713776,0,0,0,32.4185
1.8024000376462936,12616.800263524055,0.2317866806824385,173.35744173108958,30.924059,1,0,1,0.6288
1.803000047802925,12621.000334620476,0.2317482077752934,173.35743796236216,30.841064,1,0,1,0.5458
1.80330004543066,12623.100318014622,0.2317289604801969,173.35743612150094,30.560553,1,0,1,0.2653
1.803400047123432,12623.800329864023,0.231722587450686,173.35743538830243,31.128807,1,0,1,0.8335
1.803400047123432,12623.800329864023,0.2317225709581747,173.3574354349647,30.870588,1,0,1,0.5753
1.8035000190138817,12624.500133097172,0.2317161687035029,173.35743479090937,30.946611,1,0,1,0.6513
1.8039000183343887,12627.30012834072,0.2316905319254013,173.3574322809074,30.88029,1,0,1,0.585
1.804700024425984,12632.900170981884,0.2316392967408884,173.3574271924486,31.12233,1,0,1,0.8271
1.8050000220537183,12635.00015437603,0.2316200700885735,173.35742533747,30.916176,1,0,1,0.6209
1.8050000220537183,12635.00015437603,0.2316200890569865,173.3574252838027,31.213158,1,0,1,0.9179
1.8050000220537183,12635.00015437603,0.2316190058816873,173.35742833791934,14.310545,0,0,0,-15.9847
1.805100038647652,12635.700270533562,0.2316136684863456,173.35742469700372,30.968904,1,0,1,0.6736
1.8054000362753868,12637.800253927708,0.2315944629324838,173.35742279265247,31.03295,1,0,1,0.7377
1.805900037288665,12641.30026102066,0.2315624559454481,173.35741962850605,31.079025,1,0,1,0.7838
1.8066000491380687,12646.200343966484,0.231517649991747,173.35741522143098,31.000439,1,0,1,0.7052
1.806900016963482,12648.300118744372,0.2314984612495112,173.35741331331224,31.06803,1,0,1,0.7728
1.806900016963482,12648.300118744372,0.2314984670765923,173.35741329682568,31.159262,1,0,1,0.864
1.807300016283989,12651.100113987924,0.2314728766233579,173.35741077189348,31.133707,1,0,1,0.8384
1.8077000230550768,12653.900161385536,0.231447308338779,173.35740819606937,31.379679,1,0,1,1.0844
1.8079000264406204,12655.300185084345,0.2314344992104601,173.35740698376483,31.080273,1,0,1,0.785
1.8087000325322151,12660.900227725506,0.231383366595387,173.35740187426887,31.293776,1,0,1,0.9985
1.808800034224987,12661.60023957491,0.2313769696968393,173.35740125380028,31.216007,1,0,1,0.9207
1.809200033545494,12664.40023481846,0.2313514069178482,173.35739871195463,31.228739,1,0,1,0.9335
1.8107000142335887,12674.900099635124,0.2312555989074469,173.3573891434041,31.345226,1,0,1,1.05
1.8111000284552567,12677.700199186802,0.2312300543561643,173.35738660399315,31.268385,1,0,1,0.9731
1.8115000277757645,12680.500194430351,0.231204519283858,173.35738405177608,31.244709,1,0,1,0.9494
1.81180003285408,12682.60022997856,0.2311853663289311,173.35738214824056,31.155502,1,0,1,0.8602
1.8133000433444977,12693.100303411484,0.2310896367051203,173.35737262266267,30.58375,1,0,1,0.2885
1.8135000467300413,12694.50032711029,0.2310768862317722,173.35737132456467,30.639956,1,0,1,0.3447
1.8138000145554545,12696.60010188818,0.2310577905428331,173.35736930379247,31.12261,1,0,1,0.8273
1.8145000264048576,12701.500184834003,0.2310131545788945,173.35736481630954,30.93622,1,0,1,0.641
1.8152000233531,12706.4001634717,0.2309685433583139,173.35736028749704,30.907467,1,0,1,0.6122
1.815600037574768,12709.200263023376,0.2309430633683624,173.3573576730291,31.004492,1,0,1,0.7092
1.8166000470519064,12716.200329363346,0.2308793807109958,173.3573511238016,31.212446,1,0,1,0.9172
1.8169000446796413,12718.300312757492,0.2308602806520349,173.3573491545282,31.269423,1,0,1,0.9742
1.818000026047229,12726.000182330608,0.230790093723205,173.3573420295355,31.406988,1,0,1,1.1117
1.8182000294327736,12727.400206029415,0.2307773847529242,173.35734071509526,31.316578,1,0,1,1.0213
1.818300023674965,12728.100165724754,0.2307710353233025,173.35734004536974,31.33845,1,0,1,1.0432
1.8184000253677368,12728.800177574158,0.230764665047374,173.35733943349675,31.038315,1,0,1,0.743
1.8184000253677368,12728.800177574158,0.2307646872256264,173.35733937074272,31.385582,1,0,1,1.0903
1.819900043308735,12739.300303161144,0.2306716917553773,173.3573229996318,66.509,0,0,0,36.2137
1.8201000466942787,12740.700326859953,0.2306571564100615,173.35732683918894,37.836147,1,0,0,7.5409
1.820300042629242,12742.100298404694,0.2306440366653804,173.35732668989894,31.234327,1,0,1,0.9391
1.821000024676323,12747.00017273426,0.2305995900340924,173.35732201623583,31.059704,1,0,1,0.7644
1.8217000290751453,12751.90020352602,0.2305551746391752,173.35731724487675,31.361353,1,0,1,1.0661
1.8221000283956528,12754.70019876957,0.2305298016890547,173.35731449587044,31.631853,1,0,1,1.3366
1.8222000375390053,12755.400262773035,0.2305234528302878,173.35731382182857,31.623041,1,0,1,1.3278
1.8222000375390053,12755.400262773035,0.2305234337972186,173.35731387418454,31.33304,1,0,1,1.0378
1.8224000334739685,12756.80023431778,0.2305107600886486,173.35731246303925,31.662083,1,0,1,1.3668
1.8225000351667404,12757.500246167185,0.230504397536007,173.3573118268176,31.440601,1,0,1,1.1453
1.8226000368595123,12758.200258016586,0.2304980668931758,173.35731110300696,31.703268,1,0,1,1.408
1.8230000436306,12761.0003054142,0.2304726819253469,173.35730837489172,31.817244,1,0,1,1.522
1.823200047016144,12762.400329113008,0.2304599782967425,173.35730704037152,31.704538,1,0,1,1.4093
1.823400042951107,12763.80030065775,0.2304472813148328,173.35730568689968,31.692978,1,0,1,1.3977
1.823900043964386,12767.300307750702,0.2304155400976057,173.3573022903022,31.718357,1,0,1,1.4231
1.8244000151753423,12770.800106227398,0.2303837928272022,173.3572989047403,31.661272,1,0,1,1.366
1.824600026011467,12772.200182080269,0.2303710802019604,173.35729758007773,31.467848,1,0,1,1.1726
1.824900023639202,12774.300165474417,0.2303520459223976,173.3572954981137,31.698715,1,0,1,1.4034
1.8252000287175176,12776.400201022623,0.2303329946981875,173.357293455997,31.701773,1,0,1,1.4065
1.8257000371813767,12779.900260269642,0.2303012457672946,173.3572900312998,31.810163,1,0,1,1.5149
1.825800038874149,12780.600272119043,0.2302948759278417,173.3572893994248,31.535969,1,0,1,1.2407
1.8260000348091123,12782.000243663788,0.2302821813106549,173.35728801248248,31.668617,1,0,1,1.3733
1.8260000348091123,12782.000243663788,0.2302821698174576,173.35728804350452,31.496672,1,0,1,1.2014
1.8262000381946564,12783.400267362596,0.2302694782353403,173.35728664380625,31.697317,1,0,1,1.402
1.82640003412962,12784.800238907335,0.2302567419709559,173.35728536608178,31.220522,1,0,1,0.9253
1.826700046658516,12786.900326609612,0.2302377067604982,173.35728324846158,31.614,1,0,1,1.3187
1.8269000425934792,12788.300298154354,0.2302246441544577,173.3572828837556,26.07915,1,0,0,-4.2161
1.8273000493645668,12791.100345551968,0.2301995502299226,173.35727923573774,31.157448,1,0,1,0.8622
1.827400013804436,12791.80009663105,0.2301932265177924,173.35727847156497,31.609509,1,0,1,1.3142
1.827800028026104,12794.600196182728,0.2301693973568925,173.35727124010748,56.513634,0,0,0,26.2184
1.827900029718876,12795.300208032131,0.2301614438092217,173.35727505899507,31.596684,1,0,1,1.3014
1.8280000239610672,12796.00016772747,0.2301550888408663,173.35727437112826,31.6232,1,0,1,1.3279
1.8281000256538391,12796.700179576874,0.2301487182702181,173.3572737236456,31.425425,1,0,1,1.1302
1.8281000256538391,12796.700179576874,0.2301487114968506,173.3572737428135,31.31935,1,0,1,1.0241
1.8284000232815745,12798.80016297102,0.2301296649098967,173.35727161813224,31.734499,1,0,1,1.4392
1.82870002835989,12800.90019851923,0.2301105776341927,173.35726959582402,31.580584,1,0,1,1.2853
1.828800030052662,12801.600210368631,0.2301042178970873,173.35726891283582,31.57824,1,0,1,1.283
1.8289000242948528,12802.300170063972,0.2300978754749287,173.35726818280426,31.836662,1,0,1,1.5414
1.8291000351309776,12803.700245916843,0.2300851395506114,173.35726685727437,31.607307,1,0,1,1.312
1.829200036823749,12804.400257766249,0.2300787859806252,173.35726615304287,31.722128,1,0,1,1.4269
1.8293000385165208,12805.10026961565,0.2300724192803645,173.35726548500398,31.636597,1,0,1,1.3413
1.8294000327587128,12805.80022931099,0.2300660488579589,173.3572648264172,31.498728,1,0,1,1.2035
1.8294000327587128,12805.80022931099,0.2300660540191072,173.35726481181155,31.579556,1,0,1,1.2843
1.830200046300888,12811.400324106216,0.2300151223829369,173.35725941841184,31.167078,1,0,1,0.8718
1.831400029361248,12819.800205528736,0.2299387400476277,173.35725116828883,31.450489,1,0,1,1.1552
1.8316000252962112,12821.20017707348,0.2299260323986945,173.3572497156919,31.930782,1,0,1,1.6355
1.8316000252962112,12821.20017707348,0.2299259948501387,173.3572498204515,31.350761,1,0,1,1.0555
1.8317000269889832,12821.900188922882,0.2299196150970972,173.35724916444372,31.202124,1,0,1,0.9069
1.8320000246167183,12824.000172317028,0.2299005108792303,173.35724709204766,31.336239,1,0,1,1.041
1.8320000246167183,12824.000172317028,0.2299005130008777,173.35724708604343,31.369467,1,0,1,1.0742
1.8325000330805776,12827.500231564043,0.2298686585580408,173.3572436473604,31.515871,1,0,1,1.2206
1.832600034773349,12828.200243413448,0.2298622785827495,173.357242981979,31.422787,1,0,1,1.1275
1.8327000364661217,12828.900255262852,0.2298559156899183,173.35724226712782,31.603962,1,0,1,1.3087
1.8328000381588936,12829.600267112255,0.2298495361420059,173.3572415982811,31.531044,1,0,1,1.2358
1.8331000357866287,12831.7002505064,0.2298332206353232,173.3572316269156,75.400024,0,0,0,45.1048
1.8331000357866287,12831.7002505064,0.2298304107679243,173.3572395487841,31.553474,1,0,1,1.2582
1.8331000357866287,12831.7002505064,0.2298304168043382,173.35723953320283,31.639975,1,0,1,1.3447
1.8336000442504885,12835.200309753418,0.2297985541922643,173.3572360554394,32.031128,1,0,1,1.7359
1.834500014781952,12841.500103473663,0.2297411058251397,173.3572300005329,31.643263,1,0,1,1.348
1.834600016474724,12842.200115323069,0.229734738564875,173.3572292777951,31.880493,1,0,1,1.5852
1.834600016474724,12842.200115323069,0.2297347106323112,173.35722935534255,31.451061,1,0,1,1.1558
1.8347000256180763,12842.900179326534,0.2297283525665835,173.35722860403405,31.846912,1,0,1,1.5516
1.8347000256180763,12842.900179326534,0.2297283618003492,173.35722857790242,31.991531,1,0,1,1.6963
1.8347000256180763,12842.900179326534,0.2297283543920774,173.35722859886786,31.875504,1,0,1,1.5802
1.835000023245812,12845.00016272068,0.2297092022328642,173.35722655973564,31.879528,1,0,1,1.5843
1.8360000401735304,12852.000281214714,0.2296453263009127,173.35721978336497,31.834183,1,0,1,1.5389
1.836500033736229,12855.500236153604,0.2296133750856453,173.35721639259407,31.86232,1,0,1,1.5671
1.8369000479578967,12858.30033570528,0.2295871372678468,173.35721556394762,21.475164,1,0,0,-8.8201
1.837600015103817,12863.20010572672,0.2295430149640792,173.35720902397694,31.514418,1,0,1,1.2191
1.8384000286459925,12868.800200521946,0.2294919972559445,173.357203612355,31.518238,1,0,1,1.223
1.839200034737587,12874.400243163109,0.2294405542534302,173.3571984242411,30.606302,1,0,1,0.311
1.839700035750866,12877.900250256062,0.229408490577046,173.35719490330806,31.619944,1,0,1,1.3247
1.8398000374436376,12878.600262105463,0.2294020690064687,173.3571942213824,31.703487,1,0,1,1.4082
1.840000033378601,12880.000233650208,0.2293891803847362,173.3571929851607,31.168621,1,0,1,0.8734
1.8405000492930408,12883.500345051289,0.229357044460378,173.35718963504038,31.29143,1,0,1,0.9962
1.8407000452280045,12884.900316596031,0.2293441752523062,173.35718833423522,31.133646,1,0,1,0.8384
1.8408000469207764,12885.600328445436,0.2293377793361897,173.35718757270703,31.671768,1,0,1,1.3765
1.842700034379959,12898.900240659714,0.2292155409113169,173.3571750444381,31.436506,1,0,1,1.1412
1.8430000394582748,12901.000276207924,0.22919625832619,173.35717300326482,31.798056,1,0,1,1.5028
1.843400038778782,12903.800271451471,0.229170437601089,173.35717058987862,30.595896,1,0,1,0.3006
1.843800045549869,12906.600318849089,0.2291447233275517,173.357167873291,31.096792,1,0,1,0.8015
1.8440000489354127,12908.000342547894,0.2291318373424332,173.35716659622483,30.907154,1,0,1,0.6119
1.84450002014637,12911.50014102459,0.2290996657309927,173.357163287885,31.102377,1,0,1,0.8071
1.8455000296235085,12918.50020736456,0.2290352841190151,173.3571567744815,31.039003,1,0,1,0.7437
1.8462000340223312,12923.40023815632,0.2289902281848319,173.35715219763998,31.187662,1,0,1,0.8924
1.8463000357151031,12924.100250005722,0.2289837891023202,173.35715155207205,31.169622,1,0,1,0.8744
1.8463000357151031,12924.100250005722,0.2289837855483726,173.3571515621287,31.113964,1,0,1,0.8187
1.846500039100647,12925.500273704529,0.2289709075282742,173.3571502717548,31.078562,1,0,1,0.7833
1.8467000350356104,12926.900245249271,0.2289580476570262,173.35714893310592,31.31713,1,0,1,1.0219
1.8467000350356104,12926.900245249271,0.2289580442459738,173.35714894275813,31.26371,1,0,1,0.9684
1.8470000475645063,12929.000332951546,0.2289387166878541,173.3571470415296,31.042385,1,0,1,0.7471
1.8478000164031985,12934.600114822388,0.2288892934202653,173.35713603951191,63.361164,0,0,0,33.0659
1.8478000164031985,12934.600114822388,0.2288872307973039,173.35714185349397,31.18004,1,0,1,0.8848
1.8481000140309327,12936.700098216534,0.2288679220002586,173.35713992068762,31.187988,1,0,1,0.8927
1.8483000174164768,12938.10012191534,0.2288550316762478,173.35713868473508,30.910215,1,0,1,0.6149
1.8483000174164768,12938.10012191534,0.2288548664480426,173.35713915076886,28.330729,1,0,0,-1.9645
1.848600029945373,12940.200209617617,0.2288357432653101,173.35713670182935,31.219393,1,0,1,0.9241
1.8488000258803368,12941.600181162356,0.2288228708066496,173.35713542422832,31.188725,1,0,1,0.8935
1.849100023508072,12943.700164556503,0.2288036216031348,173.35713334622162,32.049446,1,0,1,1.7542
1.849400036036968,12945.800252258778,0.2287842708513804,173.3571315571909,31.324385,1,0,1,1.0291
1.8498000353574755,12948.600247502329,0.2287584980655912,173.35712910949965,30.726133,1,0,1,0.4309
1.8499000370502472,12949.30025935173,0.2287520909158169,173.35712839750852,31.13435,1,0,1,0.8391
1.8502000346779823,12951.400242745876,0.228732802790241,173.3571264572941,31.285486,1,0,1,0.9902
1.8503000363707545,12952.10025459528,0.2287263748072939,173.3571258080895,31.35263,1,0,1,1.0574
1.8503000363707545,12952.10025459528,0.2287263703548266,173.35712582068808,31.282904,1,0,1,0.9876
1.8508000448346136,12955.600313842297,0.2286934007911336,173.3571249298374,18.606735,1,0,0,-11.6885
1.851100049912929,12957.700349390509,0.2286762614251963,173.3571169579825,52.186127,0,0,0,21.8909
1.8516000136733053,12961.20009571314,0.2286427908850739,173.3571175285179,31.485306,1,0,1,1.19
1.8517000302672384,12961.90021187067,0.2286363533121785,173.35711691866717,31.356213,1,0,1,1.0609
1.8529000356793404,12970.300249755384,0.2285592123642514,173.35710941954872,30.935022,1,0,1,0.6398
1.8534000366926195,12973.800256848335,0.2285270943546795,173.3571062807121,30.90241,1,0,1,0.6071
1.853700049221516,12975.90034455061,0.2285078093009927,173.35710445136917,30.601555,1,0,1,0.3063
1.854300044476986,12980.100311338902,0.2284693256108012,173.3571005903897,31.15969,1,0,1,0.8644
1.8549000173807144,12984.300121665,0.2284307968412685,173.35709691173096,30.76098,1,0,1,0.4657
1.8551000133156776,12985.700093209743,0.2284179644577105,173.35709566621136,30.745913,1,0,1,0.4506
1.8552000299096107,12986.400209367275,0.2284115541810171,173.35709502539356,30.839746,1,0,1,0.5445
1.855300024151802,12987.100169062614,0.2284051411289638,173.3570943980834,30.860966,1,0,1,0.5657
1.855700023472309,12989.900164306164,0.2283791993410754,173.3570927156917,26.382053,1,0,0,-3.9132
1.855800025165081,12990.600176155567,0.2283730538250216,173.35709134037086,30.550077,1,0,1,0.2548
1.8562000393867493,12993.400275707245,0.2283473935897546,173.35708889126872,30.341154,1,0,1,0.0459
1.8566000387072563,12996.200270950794,0.2283217706735208,173.35708636346348,30.589184,1,0,1,0.2939
1.8568000346422195,12997.600242495537,0.2283089451416885,173.35708514899062,30.447395,1,0,1,0.1521
1.856900036334992,12998.30025434494,0.2283025319887028,173.35708454453825,30.362886,1,0,1,0.0676
1.8571000397205355,12999.700278043749,0.2282893838652077,173.35708424629303,25.156918,1,0,0,-5.1384
1.8580000177025795,13006.000123918056,0.2282318244895799,173.35707775339492,30.181522,1,0,1,-0.1137
1.858100019395352,13006.70013576746,0.2282254546188097,173.35707710248172,30.378445,1,0,1,0.0832
1.858100019395352,13006.70013576746,0.2282254392620795,173.35707714593286,30.137972,1,0,1,-0.1573
1.8584000170230863,13008.800119161606,0.2282063118999732,173.3570752540164,30.399282,1,0,1,0.104
1.858600027859211,13010.200195014477,0.2281935439618442,173.3570740442771,30.293486,1,0,1,-0.0018
1.8588000237941744,13011.60016655922,0.2281807865411828,173.35707281349335,30.309084,1,0,1,0.0138
1.858900025486946,13012.300178408625,0.2281740827270057,173.35707311647116,25.235308,1,0,0,-5.06
1.859600029885769,13017.200209200382,0.228129762999373,173.35706792589124,30.21651,1,0,1,-0.0788
1.8597000390291207,13017.90027320385,0.2281233863030366,173.3570673161154,30.202768,1,0,1,-0.0925
1.8597000390291207,13017.90027320385,0.2281233880315732,173.3570673112245,30.229836,1,0,1,-0.0654
1.8600000366568563,13020.000256597996,0.2281042768297351,173.3570654420051,30.416267,1,0,1,0.121
1.8601000383496284,13020.7002684474,0.2280979076941057,173.35706481750742,30.488132,1,0,1,0.1929
1.860400035977364,13022.800251841543,0.2280787829177943,173.35706300220835,30.38753,1,0,1,0.0923
1.861100047826767,13027.700334787369,0.2280342012039209,173.357058685098,30.634045,1,0,1,0.3388
1.8612000495195389,13028.400346636772,0.2280278348071965,173.35705806620197,30.684658,1,0,1,0.3894
1.8620000258088112,13034.000180661678,0.2279768761246776,173.35705323903875,30.433023,1,0,1,0.1378
1.862100027501583,13034.700192511082,0.2279705299962829,173.35705257236674,30.754988,1,0,1,0.4597
1.8624000251293185,13036.800175905228,0.2279514136812953,173.35705079990453,30.465973,1,0,1,0.1707
1.8629000335931776,13040.300235152245,0.227919590292489,173.3570477572861,30.487242,1,0,1,0.192
1.8634000346064568,13043.800242245195,0.2278877624656155,173.35704475004397,30.328484,1,0,1,0.0332
1.8637000396847725,13045.900277793407,0.227868682163522,173.3570429079086,30.449043,1,0,1,0.1538
1.864200048148632,13049.400337040424,0.2278368501519739,173.35703994111526,30.087915,1,0,1,-0.2074
1.864700049161911,13052.900344133375,0.2278050801950106,173.35703681612662,30.614176,1,0,1,0.3189
1.865000016987324,13055.000118911266,0.2277859841203117,173.3570350505291,30.330593,1,0,1,0.0353
1.8655000254511835,13058.500178158283,0.2277542302223261,173.35703189965898,31.015324,1,0,1,0.7201
1.865800030529499,13060.600213706492,0.2277351071408391,173.3570302146193,30.292868,1,0,1,-0.0024
1.8660000264644625,13062.000185251236,0.2277224064216817,173.35702895866964,30.546654,1,0,1,0.2514
1.8660000264644625,13062.000185251236,0.2277224200260584,173.35702892017198,30.759706,1,0,1,0.4644
1.866400025784969,13064.800180494783,0.227696988181672,173.35702649676793,30.780224,1,0,1,0.485
1.8667000383138657,13066.90026819706,0.2276778954719312,173.35702473287895,30.500391,1,0,1,0.2051
1.8682000190019608,13077.400133013723,0.2275825580011633,173.35701559072564,30.906542,1,0,1,0.6113
1.868600018322468,13080.200128257276,0.2275571278209427,173.35701317200207,30.910034,1,0,1,0.6148
1.8692000284790995,13084.400199353697,0.2275189825828423,173.35700953792772,30.946363,1,0,1,0.6511
1.8693000301718712,13085.100211203098,0.2275125928545585,173.35700902268005,30.451624,1,0,1,0.1564
1.8696000277996063,13087.200194597244,0.2274935592871841,173.35700709305883,31.091263,1,0,1,0.796
1.8696000277996063,13087.200194597244,0.2274935569973842,173.35700709953898,31.0554,1,0,1,0.7601
1.8698000386357307,13088.600270450115,0.2274808407294386,173.3570058864666,31.07475,1,0,1,0.7795
1.870000034570694,13090.000241994858,0.2274712748398569,173.35699579230263,80.248695,0,0,0,49.9534
1.870000034570694,13090.000241994858,0.227468096739157,173.35700475335517,30.651363,1,0,1,0.3561
1.8701000362634657,13090.70025384426,0.2274617678819384,173.35700406350998,31.121536,1,0,1,0.8263
1.8712000474333763,13098.400332033634,0.2273918157376586,173.35699739594585,31.181726,1,0,1,0.8865
1.8721000254154203,13104.700177907944,0.2273345546852404,173.35699197680705,31.002966,1,0,1,0.7077
1.8721000254154203,13104.700177907944,0.2273345634883135,173.3569919518932,31.140839,1,0,1,0.8456
1.872500024735928,13107.500173151491,0.2273091073343062,173.35698954398094,31.047262,1,0,1,0.752
1.8733000382781029,13113.10026794672,0.227258192311239,173.35698469683754,31.010166,1,0,1,0.7149
1.8734000399708748,13113.800279796124,0.2272518252892184,173.35698409475427,30.982126,1,0,1,0.6869
1.873600035905838,13115.200251340866,0.227239107734145,173.35698284270654,31.189621,1,0,1,0.8944
1.8747000470757484,13122.90032953024,0.2271690692100176,173.3569761438318,31.250305,1,0,1,0.955
1.8749000504612925,13124.300353229046,0.2271563427001798,173.35697489073544,31.447376,1,0,1,1.1521
1.875200018286705,13126.400128006935,0.2271372265432817,173.35697308477938,31.331337,1,0,1,1.0361
1.875600017607212,13129.200123250484,0.2271145036042254,173.35696285564637,74.45267,0,0,0,44.1574
1.876100026071072,13132.7001824975,0.227079896180054,173.35696753601297,31.66519,1,0,1,1.3699
1.876300029456616,13134.100206196308,0.2270671419845752,173.35696632975123,31.582697,1,0,1,1.2874
1.876400031149388,13134.800218045712,0.2270607601181729,173.35696573830114,31.47563,1,0,1,1.1804
1.87710003554821,13139.700248837473,0.2270184160741604,173.35695499656197,67.24066,0,0,0,36.9454
1.87710003554821,13139.700248837473,0.2270161010172253,173.3569615249398,31.108734,1,0,1,0.8135
1.8781000450253489,13146.70031517744,0.226952452871425,173.35695530048423,31.689907,1,0,1,1.3946
1.878800019621849,13151.600137352943,0.2269076835325179,173.35695104190162,31.444012,1,0,1,1.1487
1.8794000297784803,13155.800208449364,0.2268692864342532,173.3569473975451,31.162714,1,0,1,0.8674
1.8810000494122503,13167.000345885754,0.2267668666111775,173.35693751408968,31.152395,1,0,1,0.8571
1.8813000470399857,13169.1003292799,0.2267476660208345,173.35693561362106,31.383307,1,0,1,1.088
1.881900019943714,13173.300139606,0.2267092060201896,173.3569319461161,31.079042,1,0,1,0.7838
1.8821000158786767,13174.700111150742,0.2266979583148072,173.35692627796956,55.5734,0,0,0,25.2781
1.8823000192642207,13176.100134849548,0.2266835715701387,173.3569294545243,31.11203,1,0,1,0.8168
1.8825000301003456,13177.50021070242,0.2266707455636805,173.35692822341787,31.040415,1,0,1,0.7451
1.883200027048588,13182.400189340116,0.2266258670916375,173.3569238442134,31.146137,1,0,1,0.8509
1.8838000372052195,13186.600260436537,0.2265873712355591,173.35692011717163,31.046562,1,0,1,0.7513
1.8839000388979912,13187.300272285938,0.2265809569601222,173.35691948658035,31.078217,1,0,1,0.7829
1.8841000348329544,13188.70024383068,0.2265681141010672,173.35691826338564,30.928244,1,0,1,0.633
1.8845000490546229,13191.50034338236,0.2265424380478536,173.35691576992247,30.874693,1,0,1,0.5794
1.8848000466823576,13193.600326776505,0.2265231969497345,173.35691384371898,31.133772,1,0,1,0.8385
1.8849000483751297,13194.300338625908,0.2265167680596523,173.3569132416467,30.996489,1,0,1,0.7012
1.8852000460028648,13196.400322020054,0.226497517708084,173.35691132632252,31.18193,1,0,1,0.8867
1.8856000155210493,13199.200108647346,0.2264718124994068,173.356908868326,30.884586,1,0,1,0.5893
1.885700024664402,13199.900172650814,0.226465419346094,173.356908153784,31.360489,1,0,1,1.0652
1.885800026357174,13200.600184500216,0.2264589976980513,173.3569075200791,31.388199,1,0,1,1.0929
1.8864000290632248,13204.800203442574,0.2264204433504316,173.3569037632881,31.279806,1,0,1,0.9845
1.8870000392198565,13209.000274538994,0.2263819206282906,173.35689987335195,31.867807,1,0,1,1.5725
1.887100040912628,13209.700286388395,0.2263754692057892,173.3568993086732,31.49905,1,0,1,1.2038
1.8875000402331352,13212.500281631948,0.2263497704058639,173.35689673761485,31.741632,1,0,1,1.4464
1.8876000344753263,13213.200241327286,0.2263433276782159,173.35689614415944,31.526844,1,0,1,1.2316
1.8877000361680984,13213.90025317669,0.2263369200639472,173.35689544882518,31.874464,1,0,1,1.5792
1.8884000480175016,13218.800336122513,0.2262919037083288,173.35689101282227,31.890104,1,0,1,1.5948
1.8887000158429144,13220.900110900402,0.2262725819626134,173.35688918525096,31.47462,1,0,1,1.1794
1.8889000192284584,13222.300134599209,0.2262597300975023,173.35688787419934,31.704159,1,0,1,1.4089
1.8896000310778616,13227.200217545033,0.2262146919991103,173.35688341470296,31.758821,1,0,1,1.4636
1.8900000303983688,13230.000212788582,0.2261889397462653,173.3568808928407,31.620718,1,0,1,1.3254
1.8903000354766848,13232.100248336792,0.226169620074156,173.35687900637782,31.478615,1,0,1,1.1833
1.8906000405550003,13234.200283885002,0.2261503041957478,173.35687710126652,31.430351,1,0,1,1.1351
