Delta_Time_Rel,Along_Track_Dist,Latitude,Longitude,WGS84_Ellipsoid_Height,Confidence,Classification,labels,Geoid_Corrected_Ortho_Height
0.1297000125050544,907.9000875353812,8.378535584168489,171.0281519428264,-12.520881,0,0,0,-41.1145
0.1300999820232391,910.699874162674,8.378509892535346,171.02814943387537,-14.574342,0,0,0,-43.168
0.1302999854087829,912.0998978614808,8.378497096106727,171.02814834098174,-17.969507,0,0,0,-46.5632
0.1307999938726425,915.5999571084976,8.378464710854372,171.02814431898437,-7.4654484,0,0,0,-36.0591
0.1308999955654144,916.299968957901,8.378458568540577,171.02814459800334,-21.287445,0,0,0,-49.8811
0.131800003349781,922.6000234484673,8.378399627638561,171.0281352179739,29.221912,1,0,1,0.6283
0.1333000138401985,933.1000968813896,8.378302429412162,171.02812282337305,66.18124,0,0,0,37.5876
0.1361000165343284,952.7001157402992,8.378123400120982,171.0281070222357,28.910843,1,0,1,0.3172
0.1367000117897987,956.9000825285912,8.378085716140166,171.02810574828007,-9.820485,0,0,0,-38.4141
0.1403999850153923,982.799895107746,8.377847595379722,171.02807855230492,38.11301,1,0,0,9.5194
0.1421000063419342,994.7000443935394,8.377739181874517,171.02806847374404,28.269527,1,0,1,-0.3241
0.1448999941349029,1014.2999589443208,8.377560502842018,171.0280509080267,27.930943,1,0,0,-0.6627
0.1452000066637992,1016.400046646595,8.377542257428576,171.0280519036729,-14.313756,0,0,0,-42.9074
0.1501000151038169,1050.700105726719,8.377229428551805,171.02801919419613,17.255123,1,0,0,-11.3385
0.1506999805569648,1054.899863898754,8.377191404075448,171.0280160011116,9.273711,0,0,0,-19.3199
0.1507999822497367,1055.5998757481575,8.377184944378369,171.02801507270337,13.767313,1,0,0,-14.8263
0.1520000025629997,1064.000017940998,8.377108362983181,171.02800693527556,23.50771,1,0,0,-5.0859
0.1530000120401382,1071.0000842809677,8.377044616223296,171.0280003498611,28.679102,1,0,1,0.0855
0.1587000042200088,1110.900029540062,8.376681913201125,171.027964755165,26.826307,1,0,0,-1.7673
0.1602000147104263,1121.4001029729843,8.376586332872067,171.0279550639618,30.102156,1,0,0,1.5085
0.160499982535839,1123.4998777508736,8.376567249753862,171.02795320738224,29.293968,1,0,1,0.7003
0.1606999859213829,1124.8999014496803,8.37655451786968,171.02795194403114,29.116117,1,0,1,0.5225
0.1664000079035759,1164.8000553250313,8.376191168130896,171.02791529011174,28.82241,1,0,1,0.2288
0.1676999926567077,1173.8999485969543,8.376108167823514,171.02790683726457,28.856344,1,0,1,0.2627
0.1689000055193901,1182.3000386357307,8.37603150348071,171.02789901665787,28.755373,1,0,1,0.1617
0.1757000014185905,1229.9000099301338,8.375596110141453,171.02785424593307,28.818764,1,0,1,0.2251
0.1765000149607658,1235.5001047253609,8.37554486668271,171.02784922123686,24.73475,1,0,0,-3.8589
0.1773000136017799,1241.1000952124596,8.375493430195268,171.0278436297001,28.91025,1,0,1,0.3166
0.1812999844551086,1269.0998911857605,8.37523718482934,171.0278198076781,-12.031787,0,0,0,-40.6254
0.1829000040888786,1280.3000286221504,8.375133244118864,171.02780636947648,28.444798,1,0,1,-0.1489
0.1830000057816505,1281.0000404715538,8.375126793281186,171.0278056811202,28.750362,1,0,1,0.1567
0.1841000169515609,1288.7001186609268,8.375055266258125,171.02779628655804,58.95694,0,0,0,30.3633
0.1842999830842018,1290.0998815894127,8.375043008080697,171.02779699587444,28.922733,1,0,1,0.3291
0.1844999864697456,1291.4999052882197,8.375029827500402,171.02779472354445,42.724754,0,0,0,14.1311
0.1871000155806541,1309.700109064579,8.374863325823988,171.02778090927404,-8.58095,0,0,0,-37.2498
0.1875999867916107,1313.199907541275,8.37483057588782,171.02777587187052,16.681204,1,0,0,-11.9876
0.1884999945759773,1319.4999620318413,8.374772321425489,171.02776905865483,29.126904,1,0,1,0.4581
0.1887999922037124,1321.5999454259872,8.374753261326589,171.02776794016938,16.367975,1,0,0,-12.3008
0.1903000175952911,1332.100123167038,8.374656365272683,171.0277571348701,29.50955,1,0,1,0.8407
0.1919999942183494,1343.9999595284462,8.374546931138658,171.02774596628325,29.239807,1,0,1,0.571
0.1922999918460846,1346.0999429225922,8.3745276401095,171.02774404314633,28.569656,1,0,1,-0.0992
0.194499984383583,1361.4998906850817,8.374386140904251,171.0277296280396,29.027725,1,0,1,0.3589
0.1947999820113182,1363.5998740792274,8.374367828384912,171.02773081516875,-17.15219,0,0,0,-45.821
0.196600005030632,1376.200035214424,8.374251244606153,171.02771602250095,28.552706,1,0,1,-0.1161
0.1967000067234039,1376.9000470638275,8.37424460109372,171.02771465062526,39.20893,1,0,0,10.5401
0.2010999843478202,1407.699890434742,8.373962830783514,171.0276871649385,28.446728,1,0,1,-0.2221
0.2046999856829643,1432.8998997807505,8.373732945439151,171.02766392081975,38.41913,1,0,0,9.7503
0.2066000029444694,1446.2000206112862,8.373612044966027,171.02765272607516,28.687355,1,0,1,0.0185
0.2071000039577484,1449.700027704239,8.373580186364375,171.02764961830198,28.5538,1,0,1,-0.115
0.2097000032663345,1467.9000228643415,8.373414548822636,171.02763346729105,27.829367,1,0,0,-0.8394
0.2137000039219856,1495.9000274538994,8.373158869309203,171.02760592267174,65.82399,0,0,0,37.1552
0.2193999961018562,1535.7999727129936,8.372796387294065,171.02757315713848,23.688168,1,0,0,-4.9806
0.220700018107891,1544.9001267552376,8.372713202163238,171.0275650568493,19.171646,1,0,0,-9.4972
0.2228999957442283,1560.2999702095983,8.372572013755095,171.0275501606062,28.635948,1,0,1,-0.0329
0.2229999974370002,1560.999982059002,8.372565896429055,171.02755046040772,14.700793,0,0,0,-13.968
0.2232000082731247,1562.4000579118729,8.37255356350312,171.02755074531726,-8.544546,0,0,0,-37.2134
0.2257999926805496,1580.5999487638474,8.372385718223512,171.02753006994337,47.8585,0,0,0,19.1897
0.22690000385046,1588.3000269532204,8.372315627267369,171.02752429565987,28.238317,1,0,1,-0.4305
0.2300000041723251,1610.000029206276,8.372117017820116,171.02750429246515,29.118866,1,0,1,0.4501
0.2330999970436096,1631.699979305267,8.371918400819231,171.02748367726667,41.7433,0,0,0,13.0745
0.2337000072002411,1635.9000504016876,8.37188146798948,171.02748448841427,-26.014984,0,0,0,-54.6838
0.2341000065207481,1638.700045645237,8.37185573755628,171.02748141697012,-18.013514,0,0,0,-46.6823
0.2357999980449676,1650.5999863147736,8.371746157716526,171.0274674465521,30.130613,1,0,1,1.4618
0.2362999990582466,1654.0999934077263,8.371714444684228,171.02746495475526,20.721159,1,0,0,-7.9476
0.2385999858379364,1670.1999008655548,8.371567604097487,171.02745000208387,29.925745,1,0,1,1.2569
0.2406000047922134,1684.200033545494,8.371440271678184,171.02743763943272,30.061169,1,0,1,1.3924
0.2417000159621238,1691.900111734867,8.37137028789935,171.02743038993154,40.60903,0,0,0,11.9402
0.2435000091791153,1704.500064253807,8.371256446175144,171.02742045512474,29.75105,1,0,1,1.0822
0.2443000078201294,1710.1000547409058,8.371204633320259,171.02741200620122,84.17627,0,0,0,55.5075
0.2453999891877174,1717.799924314022,8.371136429486029,171.02741015552266,15.290465,1,0,0,-13.3783
0.2464999929070472,1725.499950349331,8.37106650250359,171.027402649248,29.230104,1,0,1,0.5613
0.2475000098347664,1732.5000688433647,8.37100200732047,171.02739277618247,86.35167,0,0,0,57.6829
0.2490999847650528,1743.6998933553696,8.370902067654432,171.02738742928847,23.199566,1,0,0,-5.4692
0.2508000060915947,1755.6000426411629,8.370793855830172,171.02737514070083,51.595795,1,0,0,22.927
0.2510000094771385,1757.0000663399696,8.370780484847966,171.02737162054623,85.299515,0,0,0,56.6307
0.2510000094771385,1757.0000663399696,8.37078165588896,171.0273754134753,29.552465,1,0,1,0.8837
0.2548000141978264,1783.6000993847847,8.370541569430639,171.02735385775028,-2.2386909,0,0,0,-30.9075
0.2557999938726425,1790.5999571084976,8.370477326078941,171.02734482147486,36.749752,1,0,0,8.0809
0.2594999969005584,1816.4999783039093,8.370242263345848,171.02732035504349,44.82525,1,0,0,16.1564
0.2602000087499618,1821.400061249733,8.37019798600947,171.02731659431072,28.78226,1,0,1,0.1135
0.2616000175476074,1831.200122833252,8.370108929237356,171.0273075772552,17.38528,1,0,0,-11.2835
0.2659999877214432,1861.9999140501025,8.369826847037258,171.02727336663602,59.412983,1,0,0,30.7442
0.2712000086903572,1898.4000608325005,8.36949390037828,171.0272367923425,45.681946,1,0,0,17.0131
0.2764999940991401,1935.4999586939807,8.369153968327543,171.02720013331987,29.338987,1,0,1,0.6702
0.2765999957919121,1936.1999705433848,8.369147251919458,171.02719848376208,43.262375,1,0,0,14.5936
0.2776000052690506,1943.2000368833544,8.369083207831318,171.02719211513823,33.987816,1,0,0,5.319
0.2788000181317329,1951.6001269221304,8.369006885762744,171.02718627082902,-2.6076345,0,0,0,-31.2764
0.2801999971270561,1961.3999798893929,8.368915939066174,171.02717332311963,45.06365,1,0,0,16.3948
0.2818000167608261,1972.6001173257828,8.368813051568617,171.0271623445549,51.715946,1,0,0,23.0471
0.2829999849200248,1980.999894440174,8.368736477172936,171.02715606049668,29.239672,1,0,1,0.5709
0.2905000001192093,2033.500000834465,8.368255334305644,171.02710841967155,28.712349,1,0,1,0.0435
0.2905000001192093,2033.500000834465,8.368255533393658,171.02710906369146,19.243301,1,0,0,-9.4255
0.2934999987483024,2054.499991238117,8.368062582982631,171.02708784853115,55.05712,0,0,0,26.3883
0.294500008225441,2061.500057578087,8.367999718299407,171.02708536119056,-0.3526101,0,0,0,-29.0214
0.2947000041604042,2062.900029122829,8.367985146186733,171.02707838301535,83.845795,0,0,0,55.177
0.2972999960184097,2081.099972128868,8.367819906775917,171.02706576283202,29.739792,1,0,1,1.071
0.2973999977111816,2081.7999839782715,8.367813425949203,171.027064861883,33.746464,1,0,0,5.0777
0.3031999841332435,2122.399888932705,8.367443514448755,171.0270299729358,1.1637262,0,0,0,-27.5051
0.3068999946117401,2148.299962282181,8.367207165383839,171.0270051169075,10.7308855,0,0,0,-17.9379
0.3075999990105629,2153.1999930739403,8.367162113772329,171.02699930605272,28.653093,1,0,1,-0.0157
0.3096999898552894,2167.899928987026,8.367028074052397,171.02698550306047,28.91673,1,0,1,0.2479
0.3099999949336052,2169.9999645352364,8.367008223412542,171.02698126649233,62.247295,0,0,0,33.5785
0.3151000067591667,2205.700047314167,8.366683256401787,171.02695018938073,27.857586,1,0,3,-0.8112
0.3163999915122986,2214.79994058609,8.366600171873616,171.02694167563143,28.393436,1,0,1,-0.2754
0.3180000111460686,2226.00007802248,8.366498941272996,171.0269346884172,-21.778921,0,0,0,-50.4477
0.319999985396862,2239.999897778034,8.366369309053095,171.0269160008583,62.33404,0,0,0,33.6652
0.319999985396862,2239.999897778034,8.366370293565712,171.02691918651252,15.494513,0,0,0,-13.1743
0.3222000077366829,2255.40005415678,8.36622902898436,171.02690423158464,29.10248,1,0,1,0.4337
0.3223000094294548,2256.100066006184,8.366223435565244,171.02690623681718,-9.725107,0,0,0,-38.3939
0.323699988424778,2265.899918973446,8.366132868177534,171.02689469853536,29.376425,1,0,1,0.7076
0.3298000171780586,2308.6001202464104,8.365741699469307,171.02685639476633,29.096718,1,0,1,0.4279
0.3298999890685081,2309.299923479557,8.365735292711427,171.02685578445974,28.895823,1,0,1,0.227
0.3311999961733818,2318.3999732136726,8.365651549177853,171.0268464486217,46.991184,1,0,0,18.3224
0.3318000063300133,2322.600044310093,8.36561363194999,171.026844510308,20.563166,1,0,0,-8.1056
0.3346000015735626,2342.2000110149384,8.365433963223474,171.02682654695775,28.788563,1,0,1,0.1198
0.3347999975085258,2343.599982559681,8.365420441544455,171.02682302733376,62.276432,0,0,0,33.6076
0.3360000178217888,2352.000124752521,8.365344244411576,171.02681785350555,28.811901,1,0,1,0.1431
0.3373999968171119,2361.799977719784,8.365255059961838,171.02681080271032,4.6924057,0,0,0,-23.9764
0.3407000005245209,2384.900003671646,8.365043246933276,171.0267886232605,29.224571,1,0,1,0.5558
0.341399997472763,2389.799982309341,8.364997899620885,171.0267823022491,58.38222,0,0,0,29.7134
0.3433000221848488,2403.100155293941,8.364877118586882,171.02677250226532,28.928978,1,0,1,0.2602
0.3436999917030334,2405.899941921234,8.364851560890193,171.02676999303537,29.192886,1,0,1,0.5241
0.3530000150203705,2471.0001051425934,8.364257246436601,171.0267106168401,36.328957,1,0,0,7.6602
0.3549999967217445,2484.999977052212,8.364128937576623,171.0266962346607,57.26493,0,0,0,28.5961
0.3561000078916549,2492.700055241585,8.364059169052773,171.02669095610412,29.392323,1,0,1,0.7235
0.3564000204205513,2494.800142943859,8.36403998213408,171.02668900784292,29.182552,1,0,1,0.5137
0.3570999875664711,2499.6999129652977,8.363994533254953,171.02668226051762,60.92089,0,0,0,32.2521
0.3596000224351883,2517.200157046318,8.363835286471998,171.02666801531916,29.26561,1,0,1,0.5968
0.3630000203847885,2541.00014269352,8.363617400668819,171.0266457632525,18.633135,1,0,0,-10.0357
0.3655000105500221,2558.500073850155,8.363456019088988,171.0266257390552,63.334415,0,0,0,34.6656
0.3666000217199325,2566.200152039528,8.363386133339056,171.02662057676451,29.26386,1,0,1,0.5951
0.3672999888658523,2571.0999220609665,8.363341279292747,171.0266160510453,25.842419,1,0,0,-2.8264
0.3675999864935875,2573.1999054551125,8.363321957273746,171.026613792267,29.077736,1,0,1,0.4089
0.3680000007152557,2576.00000500679,8.36329608371621,171.02661042621062,38.611202,1,0,0,9.9424
0.3692000061273575,2584.4000428915024,8.363219263542637,171.02660290268466,29.479969,1,0,1,0.8112
0.3799000084400177,2659.300059080124,8.36253397595594,171.02653345983396,0.38255638,1,0,0,-28.2862
0.3812000006437301,2668.400004506111,8.362450288807782,171.02652321162236,28.768885,1,0,1,0.1001
0.3869000226259231,2708.300158381462,8.362085966119922,171.0264862210115,43.83526,1,0,0,15.1665
0.3871000185608864,2709.7001299262047,8.362072929244665,171.02648409107087,56.764633,0,0,0,28.0958
0.3915999978780746,2741.1999851465225,8.361786355783599,171.02645805104274,27.39902,1,0,0,-1.2698
0.394799992442131,2763.5999470949173,8.361582702715662,171.0264401318669,-1.8925629,0,0,0,-30.5614
0.402099996805191,2814.6999776363373,8.361115500028252,171.02639212239765,29.412205,1,0,1,0.7434
0.4065000116825104,2845.5000817775726,8.36083372911277,171.02636392014256,28.914297,1,0,1,0.2455
0.4075000211596489,2852.5001481175423,8.36076886734625,171.02635508035704,63.852867,0,0,0,35.1841
0.4076000228524208,2853.2001599669456,8.36076348296051,171.02635776663016,14.845935,1,0,0,-13.8229
0.4097000136971473,2867.900095880032,8.360628486202392,171.02634343783436,25.176664,1,0,0,-3.4921
0.4115999937057495,2881.1999559402466,8.360506351094296,171.02633084201807,28.336044,1,0,1,-0.3328
0.4122999981045723,2886.099986732006,8.36046177073741,171.02632763636078,8.241964,0,0,0,-20.4268
0.4141000211238861,2898.7001478672028,8.360345260368105,171.02631352830124,42.45566,1,0,0,13.7869
0.4176000207662582,2923.200145363808,8.360120149003977,171.02629150631856,28.440722,1,0,1,-0.2281
0.4176000207662582,2923.200145363808,8.3601201161416,171.02629139947626,30.011705,1,0,1,1.3429
0.4241000190377235,2968.700133264065,8.35969964509363,171.02624598658213,68.11411,1,0,0,39.4453
0.4302000105381012,3011.4000737667084,8.359306906155858,171.0262096988894,15.015763,0,0,0,-13.653
0.4351999908685684,3046.399936079979,8.358984879235411,171.0261765914496,28.82653,1,0,1,0.1577
0.4369000121951103,3058.300085365772,8.35887648803395,171.0261680430634,-4.445365,0,0,0,-33.1142
0.437700018286705,3063.900128006935,8.358824501790563,171.02616068636138,29.234398,1,0,1,0.5656
0.4378000199794769,3064.6001398563385,8.358818100196272,171.02616007256114,28.962708,1,0,1,0.2939
0.4378000199794769,3064.6001398563385,8.358819153650366,171.02616348618164,-21.225218,0,0,0,-49.894
0.438200019299984,3067.400135099888,8.358792475338399,171.0261575403286,29.039621,1,0,1,0.3708
0.4384999871253967,3069.499909877777,8.35877326781733,171.02615565337769,28.952599,1,0,1,0.2838
0.4400000125169754,3080.000087618828,8.358676566856039,171.02614426535047,56.86189,0,0,0,28.1931
0.4453999921679497,3117.799945175648,8.358333706165734,171.02611291751126,28.91852,1,0,1,0.2497
0.4502000138163566,3151.4000967144966,8.35802885826444,171.02608333912488,29.335104,1,0,1,0.5977
0.4527000039815902,3168.900027871132,8.35787000974461,171.02606784444956,29.047663,1,0,1,0.3102
0.4572000131011009,3200.4000917077065,8.357582998504542,171.02603762782996,57.186844,0,0,0,28.4494
0.4602000042796135,3221.4000299572945,8.357391616547662,171.02601827387184,59.810356,0,0,0,31.0729
0.4605000093579292,3223.5000655055046,8.357373993395422,171.02602155367774,-17.187424,0,0,0,-45.9249
0.4617000222206116,3231.900155544281,8.357295720586592,171.02600958018007,43.27408,0,0,0,14.5367
0.4648000225424766,3253.6001577973366,8.357096885052611,171.02599007637053,28.71761,1,0,1,-0.0198
0.4653000235557556,3257.1001648902893,8.357064743184342,171.02598674488442,28.767578,1,0,1,0.0302
0.4689999893307686,3282.99992531538,8.356827696272036,171.02596479146862,-12.790214,0,0,0,-41.5276
0.472100019454956,3304.7001361846924,8.356627515065536,171.02594102874954,29.253979,1,0,1,0.5166
0.4730999991297722,3311.6999939084053,8.356563271456992,171.02593429536165,28.93095,1,0,1,0.1935
1.2748000472784042,8923.60033094883,8.30524688218862,171.02075855407327,48.987694,0,0,0,20.296
1.2769000381231308,8938.300266861916,8.30511276828525,171.02074601833928,29.07674,1,0,1,0.3851
1.2790000140666962,8953.000098466873,8.304978951194725,171.02073429341812,-4.2106338,0,0,0,-32.9023
1.2806000337004662,8964.200235903263,8.304875210638684,171.02072177045943,29.037607,1,0,1,0.3459
1.28080003708601,8965.60025960207,8.304862412123413,171.02072078040814,24.788666,1,0,0,-3.903
1.2812000438570976,8968.400306999683,8.304836326744057,171.02071723738922,39.30154,1,0,0,10.6099
1.2813000455498695,8969.100318849087,8.304830245324073,171.020717777188,21.978252,1,0,0,-6.7134
1.2816000506281853,8971.200354397297,8.30481162172193,171.02071818194645,-12.120544,0,0,0,-40.8122
1.28360003978014,8985.20027846098,8.304680904368198,171.0206998928369,69.63656,0,0,0,40.9449
1.286400027573109,9004.80019301176,8.30450026384613,171.02068244908506,65.15414,0,0,0,36.4625
1.2890000194311142,9023.0001360178,8.304333150724268,171.02066842369524,29.425547,1,0,1,0.7339
1.289800025522709,9028.600178658962,8.304281515312645,171.0206633786636,29.113522,1,0,1,0.4218
1.2920000478625298,9044.000335037708,8.304139554791552,171.02064942354352,29.105341,1,0,1,0.4137
1.2924000173807144,9046.800121665,8.304113758255346,171.02064688297145,29.07987,1,0,1,0.3882
1.293700024485588,9055.900171399117,8.30402993623945,171.02063858544054,29.377033,1,0,1,0.6853
1.293700024485588,9055.900171399117,8.304029943886379,171.02063860994346,29.01692,1,0,1,0.3252
1.2957000136375427,9069.9000954628,8.30390110734753,171.02062581805606,29.126719,1,0,1,0.435
1.296100027859211,9072.700195014477,8.303875362526975,171.02062326744374,28.91052,1,0,1,0.2188
1.29660002887249,9076.20020210743,8.303842514145925,171.0206178805389,60.90268,0,0,0,32.211
1.2967000305652618,9076.900213956833,8.303837402689986,171.02062152105023,-2.0672746,0,0,0,-30.759
1.296900026500225,9078.300185501575,8.303823887608457,171.0206181337698,28.824226,1,0,1,0.1325
1.3005000352859497,9103.500247001648,8.303593516748837,171.02059783142414,-15.019423,0,0,0,-43.7111
1.3012000396847725,9108.400277793407,8.30354777519718,171.02059022359043,28.929472,1,0,1,0.2378
1.3025000169873238,9117.500118911266,8.303464217606962,171.02058037646557,47.248287,0,0,0,18.5566
1.3031000271439552,9121.700190007688,8.303425787580721,171.02057618184344,50.409294,0,0,0,21.7176
1.3071000277996063,9149.700194597244,8.30317084087375,171.0205509644562,29.35258,1,0,1,0.6609
1.3072000369429588,9150.400258600712,8.303164034475797,171.02054890959138,49.738937,0,0,0,21.0473
1.3083000406622889,9158.10028463602,8.303094327071129,171.02054293961737,29.399775,1,0,1,0.7081
1.3083000406622889,9158.10028463602,8.303094326918812,171.02054293912929,29.406948,1,0,1,0.7153
1.3083000406622889,9158.10028463602,8.303094851047469,171.02054463622756,4.4560466,0,0,0,-24.2356
1.3084000498056412,9158.800348639488,8.303087956492261,171.02054228431365,29.201431,1,0,1,0.5097
1.3093000203371048,9165.100142359734,8.303030600735582,171.02053626176266,29.24599,1,0,1,0.5543
1.3118000477552414,9182.60033428669,8.302871360182273,171.02051953927804,29.294584,1,0,1,0.6029
1.3155000507831571,9208.5003554821,8.30263581635192,171.02049488081383,29.134481,1,0,1,0.4428
1.316300019621849,9214.100137352943,8.302584886259906,171.02048955096024,29.399055,1,0,1,0.7074
1.3166000247001648,9216.200172901154,8.302566303013279,171.02048922976007,4.870556,0,0,0,-23.8211
1.317900039255619,9225.300274789332,8.302483026398699,171.0204789811059,29.069113,1,0,1,0.3774
1.3181000351905825,9226.700246334076,8.302470036720809,171.02047683582327,41.193077,0,0,0,12.5014
1.318400040268898,9228.800281882286,8.302451191228238,171.0204756917021,28.90879,1,0,1,0.2171
1.3189000487327576,9232.300341129305,8.30241934721779,171.0204723910347,28.987675,1,0,1,0.296
1.3189000487327576,9232.300341129305,8.302420019717276,171.02047456898566,-3.035658,0,0,0,-31.7273
1.3199000284075737,9239.300198853016,8.30235563684517,171.02046581181636,29.095924,1,0,1,0.4042
1.3213000372052193,9249.100260436537,8.302266457257202,171.02045663670572,29.158102,1,0,1,0.4664
1.322600044310093,9258.20031017065,8.302183761266864,171.02044866467278,21.801207,1,0,0,-6.8905
1.324100024998188,9268.700174987316,8.302087949458961,171.02043843458594,29.300146,1,0,1,0.6085
1.3243000358343124,9270.100250840189,8.302075188862934,171.02043714166874,29.321806,1,0,1,0.6301
1.3252000361680984,9276.40025317669,8.30201842294232,171.02043350849164,-2.4988222,0,0,0,-31.1905
1.327200025320053,9290.400177240372,8.301891227117943,171.0204224547534,-28.176767,0,0,0,-56.8685
1.3283000364899635,9298.100255429745,8.301819829370594,171.02041198093508,23.029974,1,0,0,-5.6617
1.32860004901886,9300.20034313202,8.301800511938271,171.02040966007573,29.207794,1,0,1,0.5161
1.3296000212430954,9307.200148701668,8.301737204210031,171.02040552494222,-2.8697255,0,0,0,-31.5614
1.3314000368118286,9319.8002576828,8.301621255285603,171.02039204774587,29.135614,1,0,1,0.4439
1.3317000418901443,9321.90029323101,8.301602171085419,171.02039063259295,22.375557,1,0,0,-6.3161
1.3324000462889671,9326.80032402277,8.30155683900719,171.02038479110098,44.073933,0,0,0,15.3822
1.3330000191926956,9331.00013434887,8.301518673549847,171.02038207382623,29.155869,1,0,1,0.4642
1.3331000208854675,9331.700146198273,8.30151225947016,171.0203814558792,29.108608,1,0,1,0.4169
1.3334000259637833,9333.800181746485,8.301493005933299,171.02037957531823,29.380928,1,0,1,0.6892
1.336100049316883,9352.700345218182,8.301319616994938,171.0203629202836,29.204647,1,0,1,0.513
1.336300015449524,9354.100108146667,8.301306532008779,171.0203609407165,40.24843,0,0,0,11.5567
1.3370000272989273,9359.000191092491,8.301261759878878,171.020357400973,29.150236,1,0,1,0.4585
1.3371000289916992,9359.700202941896,8.301255325145064,171.02035677549898,29.336206,1,0,1,0.6445
1.3397000208497047,9377.900145947931,8.30108823520012,171.02034102188475,26.030361,1,0,0,-2.6613
1.339900016784668,9379.300117492676,8.301074814975385,171.02033818766688,50.11222,0,0,0,21.4205
1.3402000218629837,9381.400153040886,8.301055875488453,171.02033780057502,29.43077,1,0,1,0.7391
1.34500003606081,9415.00025242567,8.3007464877942,171.02031154026758,-6.637787,0,0,0,-35.3295
1.3459000512957573,9421.3003590703,8.300687694769397,171.0203040502602,23.901587,1,0,0,-4.7901
1.3462000489234924,9423.400342464449,8.300668196138327,171.02030185946825,29.53054,1,0,1,0.8389
1.346800021827221,9427.600152790546,8.300629439298653,171.02029823128024,29.620293,1,0,1,0.9286
1.347000017762184,9429.000124335287,8.300616524899084,171.02029703007145,29.499763,1,0,1,0.8081
1.348600037395954,9440.20026177168,8.300513236523992,171.02028735846298,28.832481,1,0,1,0.1408
1.3507000282406807,9454.900197684765,8.300377772059745,171.02027443423162,29.411129,1,0,1,0.7194
1.3511000275611875,9457.700192928314,8.300351458549246,171.02027023369624,54.79546,0,0,0,26.1038
1.3538000285625458,9476.60019993782,8.300177906418126,171.02025420625444,42.24476,0,0,0,13.5531
1.3543000295758247,9480.100207030771,8.300146037663326,171.02025193920227,29.066572,1,0,1,0.3749
1.35460002720356,9482.20019042492,8.30012675699339,171.0202500348671,29.070982,1,0,1,0.3793
1.355000041425228,9485.000289976597,8.300101368852784,171.02024850198674,14.181584,1,0,0,-14.5101
1.35620004683733,9493.400327861307,8.300023268430182,171.02023738976956,64.550476,0,0,0,35.8588
1.361400030553341,9529.800213873386,8.299691399792346,171.02020548881865,29.286263,1,0,1,0.5946
1.361600041389465,9531.200289726256,8.299678223961454,171.02020262480968,51.178288,0,0,0,22.4866
1.364900030195713,9554.300211369991,8.299469102930972,171.02018122874102,29.344044,1,0,1,0.6524
1.3658000379800797,9560.600265860558,8.299411993406327,171.0201749358122,29.377542,1,0,1,0.6859
1.3659000396728516,9561.30027770996,8.29940568375675,171.02017434992288,27.701468,1,0,0,-0.9902
1.3659000396728516,9561.30027770996,8.299405657011445,171.02017426419894,28.96127,1,0,1,0.2696
1.366100050508976,9562.700353562832,8.299392962659944,171.02017284715456,29.207838,1,0,1,0.5162
1.366600051522255,9566.200360655785,8.29936171812706,171.02017088698244,6.523655,0,0,0,-22.168
1.3668000176548958,9567.60012358427,8.299348532592484,171.02016786484472,30.342394,1,0,0,1.6507
1.3673000261187551,9571.100182831287,8.299317989355464,171.0201681650497,-25.6328,0,0,0,-54.3245
1.3678000271320343,9574.60018992424,8.299285081152021,171.0201608014297,31.027807,1,0,0,2.3361
1.3691000416874886,9583.70029181242,8.299203272875056,171.02015382375637,-0.6062106,0,0,0,-29.2979
1.36970005184412,9587.90036290884,8.299164792452322,171.02014828200493,18.92169,1,0,0,-9.77
1.3698000460863111,9588.60032260418,8.299157626989377,171.02014492425877,57.96499,0,0,0,29.2733
1.3710000291466713,9597.0002040267,8.299082074451926,171.02013846961367,29.078405,1,0,1,0.3867
1.371700040996075,9601.900286972525,8.299037628026424,171.02013355638638,29.206184,1,0,1,0.5145
1.3757000416517258,9629.90029156208,8.298783273666025,171.02010550674763,32.281418,1,0,0,3.5897
1.375800035893917,9630.60025125742,8.298778027115759,171.02010843897617,-20.985687,0,0,0,-49.6774
1.3783000260591507,9648.100182414057,8.298617186283685,171.02008635399156,51.505085,0,0,0,22.8134
1.3783000260591507,9648.100182414057,8.298618320732844,171.02009002701357,-2.5030599,0,0,0,-31.1947
1.3788000419735909,9651.600293815136,8.298586048666786,171.02008543600343,14.957844,0,0,0,-13.7338
1.379000037908554,9653.00026535988,8.298573101189413,171.02008166743943,46.243523,0,0,0,17.5518
1.3798000514507294,9658.600360155106,8.298522134886937,171.0200775626244,29.037832,1,0,1,0.3461
1.3800000473856926,9660.000331699848,8.29850961077174,171.02007725957577,14.163241,0,0,0,-14.5284
1.380700021982193,9664.900153875353,8.29846452968045,171.0200722315263,20.618282,1,0,0,-8.0734
1.3814000263810158,9669.80018466711,8.298419762788244,171.02006832393968,10.864685,0,0,0,-17.827
1.3815000280737877,9670.500196516514,8.2984130400906,171.0200667124317,24.980724,1,0,0,-3.711
1.38270004093647,9678.90028655529,8.29833573138514,171.02005840543745,32.55836,1,0,0,3.8667
1.3830000460147858,9681.0003221035,8.298316513598829,171.02005671897072,28.822092,1,0,1,0.1304
1.3837000206112862,9685.900144279003,8.298271480689092,171.02005220374255,28.79638,1,0,1,0.1047
1.383800022304058,9686.600156128408,8.29826542349896,171.02005278211993,10.820245,0,0,0,-17.8714
1.385400041937828,9697.800293564796,8.29816272186396,171.02004345384208,-3.0218928,0,0,0,-31.7136
1.3865000531077385,9705.50037175417,8.298091210862635,171.02003423863638,29.181452,1,0,1,0.4898
1.3893000409007072,9725.10028630495,8.297911848973717,171.02001959489562,-17.032364,0,0,0,-45.7241
1.394500032067299,9761.500224471092,8.29757612486558,171.01998303565327,37.066723,1,0,0,8.375
1.3975000232458117,9782.50016272068,8.297383698154185,171.0199645423515,29.45975,1,0,1,0.7681
1.400400049984455,9802.800349891186,8.29719792233447,171.0199461124207,29.21474,1,0,1,0.5231
1.4008000195026398,9805.600136518478,8.297172444263976,171.01994350898104,29.03204,1,0,1,0.3404
1.4026000425219536,9818.200297653677,8.297058684247473,171.01993438758777,-10.210094,0,0,0,-38.9018
1.4031000435352323,9821.700304746628,8.2970260506361,171.0199284238364,29.266674,1,0,1,0.575
1.40580003708601,9840.60025960207,8.296855281070108,171.01991340593196,-10.378828,0,0,0,-39.0705
1.406200036406517,9843.40025484562,8.296829077629729,171.01990820278758,27.554493,1,0,0,-1.1372
1.4068000465631485,9847.60032594204,8.296790247806198,171.0199019239258,62.04175,0,0,0,33.3501
1.4068000465631485,9847.60032594204,8.296790948128658,171.01990419122066,28.703726,1,0,1,0.012
1.4085000306367874,9859.500214457512,8.296683004432309,171.01989304050915,29.030472,1,0,1,0.3388
1.409300036728382,9865.100257098677,8.296632215078908,171.01988781110123,29.082197,1,0,1,0.3905
1.4096000418066978,9867.200292646883,8.29661295128758,171.01988514710408,39.471493,1,0,0,10.7798
1.4097000434994698,9867.900304496288,8.296606830918282,171.01988523386507,28.606003,1,0,1,-0.0857
1.410200051963329,9871.400363743303,8.296575079910879,171.01988195139276,28.957518,1,0,1,0.2658
1.4106000512838364,9874.200358986856,8.29654912056671,171.0198775223133,55.796368,0,0,0,27.1047
1.4118000268936155,9882.60018825531,8.296473492146703,171.01987156020493,28.867086,1,0,1,0.1754
1.4121000319719317,9884.70022380352,8.296454435799285,171.01986960336998,29.056568,1,0,1,0.3649
1.413200043141842,9892.400301992891,8.296384566763965,171.01986250300934,28.904055,1,0,1,0.2124
1.4161000400781631,9912.700280547142,8.296200208446274,171.01984390026277,28.927841,1,0,1,0.2362
1.4174000471830368,9921.800330281258,8.296117446125697,171.01983555834832,30.10313,1,0,0,1.4114
1.4175000488758087,9922.50034213066,8.296110407747488,171.0198327542563,62.019825,0,0,0,33.3281
1.4204000532627106,9942.800372838974,8.295926348661744,171.01981697577364,25.65249,1,0,0,-3.0392
1.4207000508904457,9944.90035623312,8.295907284924352,171.0198155335202,19.75829,1,0,0,-8.9334
1.420900046825409,9946.300327777864,8.29589522900277,171.01981669258262,-15.328419,0,0,0,-44.0201
1.42160002887249,9951.20020210743,8.295849368689959,171.01980895463876,35.418613,1,0,0,6.7269
1.4226000383496284,9958.2002684474,8.29578546043594,171.01980325332704,29.540829,1,0,1,0.8491
1.4245000183582306,9971.500128507614,8.29566368330935,171.0197917434438,29.30115,1,0,1,0.6095
1.4247000217437744,9972.90015220642,8.295650856862622,171.01979054107596,29.205526,1,0,1,0.5138
1.425200030207634,9976.400211453438,8.29561854150552,171.0197867538869,40.50212,1,0,0,11.8104
1.4265000373125076,9985.500261187552,8.295535326530894,171.01977968179125,29.367123,1,0,1,0.6754
1.4269000440835953,9988.300308585169,8.295509223438833,171.01977594126072,49.01515,0,0,0,20.3235
1.427300050854683,9991.10035598278,8.295484350938944,171.01977620100322,9.879821,0,0,0,-18.8119
1.42890003323555,10002.30023264885,8.295382110590893,171.01976852456994,-18.286268,0,0,0,-46.978
1.429200030863285,10004.400216042995,8.295362350944266,171.0197652081905,4.0602436,0,0,0,-24.6314
1.4299000427126884,10009.30029898882,8.295317632852923,171.01976199735378,-10.335062,0,0,0,-39.0267
1.430400051176548,10012.800358235836,8.295284630864257,171.019756298995,29.453955,1,0,1,0.7623
1.432400032877922,10026.800230145454,8.295156679025554,171.0197468104087,-6.998778,0,0,0,-35.6905
1.434100054204464,10038.700379431248,8.295046444419128,171.01973414564375,29.412107,1,0,1,0.7204
1.434100054204464,10038.700379431248,8.295046886821957,171.01973557856994,8.346576,0,0,0,-20.3451
1.4354000315070152,10047.800220549108,8.294962886863647,171.01972690615727,21.025051,1,0,0,-7.6666
1.4355000331997871,10048.50023239851,8.294956234913268,171.01972562519003,31.010231,1,0,0,2.3185
1.4385000318288803,10069.500222802162,8.294763046641444,171.01970775790804,27.133913,1,0,0,-1.5578
1.4387000277638435,10070.900194346905,8.294750129288628,171.01970643525993,28.714094,1,0,1,0.0224
1.4391000345349312,10073.700241744518,8.294723524194842,171.0197013853232,67.3695,0,0,0,38.6778
1.441300019621849,10089.100137352943,8.29458311751968,171.01969200211147,7.2363114,0,0,0,-21.4554
1.4436000436544418,10105.200305581093,8.294434604176473,171.01967627864,29.138382,1,0,1,0.4467
1.4440000504255297,10108.000352978706,8.294409320137095,171.01967526242595,7.4445705,0,0,0,-21.2471
1.4476000517606735,10133.200362324716,8.294178192990534,171.01965385048285,-11.025053,0,0,0,-39.7167
1.44810002297163,10136.70016080141,8.29414613817504,171.01965090952487,-14.589312,0,0,0,-43.281
1.450600042939186,10154.200300574304,8.29398465519273,171.0196318875839,29.093472,1,0,1,0.4018
1.452900029718876,10170.300208032131,8.293837272118415,171.01961753314393,20.231297,1,0,0,-8.4604
1.4548000544309616,10183.600381016731,8.29371528773008,171.01960443360682,29.205944,1,0,1,0.5143
1.4573000445961952,10201.100312173368,8.293554572198934,171.01958584695015,58.3936,0,0,0,29.7019
1.4586000218987465,10210.200153291224,8.29347198746241,171.0195790933436,29.776001,1,0,1,1.0843
1.459700033068657,10217.900231480598,8.293401972961432,171.01957305094655,10.797569,1,0,0,-17.8941
1.4683000519871712,10278.100363910198,8.292852761974514,171.01951291738862,28.930286,1,0,1,0.2386
1.4683000519871712,10278.100363910198,8.292852757194762,171.0195129020729,29.15537,1,0,1,0.4637
1.4730000346899033,10311.000242829325,8.292552414172428,171.01947935471105,51.941658,0,0,0,23.25
1.4782000705599785,10347.40049391985,8.292220682631255,171.01944580697986,34.066128,1,0,0,5.3744
1.479300044476986,10355.100311338902,8.292150559782941,171.0194388283561,28.87345,1,0,1,0.1818
1.4805000573396685,10363.500401377678,8.292072774342394,171.01942794675432,74.55762,0,0,0,45.8659
1.4816000685095787,10371.200479567053,8.292003277771595,171.01942394989817,29.145308,1,0,1,0.4536
1.48290004581213,10380.30032068491,8.291919404917952,171.0194137287664,57.011047,0,0,0,28.3194
1.4831000491976738,10381.700344383717,8.291907539689218,171.01941553353595,11.706448,0,0,0,-16.9852
1.4836000576615334,10385.200403630732,8.291875128198257,171.01941115946718,29.164778,1,0,1,0.4731
1.4855000376701355,10398.500263690948,8.291753328167566,171.0193991207429,28.997915,1,0,1,0.3062
1.4862000495195389,10403.400346636772,8.291708768925522,171.019395770718,13.291257,0,0,0,-15.4004
1.4899000450968742,10429.30031567812,8.291471081738957,171.01937147908978,29.228674,1,0,1,0.5467
1.490100048482418,10430.700339376926,8.29145825180116,171.01937023966468,29.085564,1,0,1,0.4036
1.4903000593185425,10432.100415229796,8.29144541506924,171.01936898090472,29.23167,1,0,1,0.5497
1.4904000610113144,10432.8004270792,8.291439450117045,171.01936981810715,7.7458916,0,0,0,-20.936
1.4925000369548798,10447.500258684158,8.291303827423667,171.01935390605368,49.189793,0,0,0,20.5079
1.492900051176548,10450.300358235836,8.291278572336909,171.01935275384102,29.493164,1,0,1,0.8112
1.4944000542163849,10460.800379514694,8.29118180080655,171.01934172522573,54.259228,0,0,0,25.5773
1.4945000559091568,10461.500391364098,8.29117550970436,171.01934150912743,48.275524,0,0,0,19.5936
1.4972000569105148,10480.400398373604,8.291001704572425,171.01932278372638,75.91154,0,0,0,47.2296
1.4972000569105148,10480.400398373604,8.29100268688836,171.01932596480444,29.145082,1,0,1,0.4632
1.4973000586032867,10481.100410223007,8.290995608006316,171.0193231893608,60.757526,0,0,0,32.0756
1.4973000586032867,10481.100410223007,8.290996269415754,171.0193253310144,29.272312,1,0,1,0.5904
1.49750005453825,10482.50038176775,8.290982306624304,171.01932040851676,83.25486,0,0,0,54.5729
1.49750005453825,10482.50038176775,8.290983434700546,171.01932406145363,29.551523,1,0,1,0.8696
1.4984000697731972,10488.80048841238,8.29092571618544,171.01931845401808,29.16222,1,0,1,0.4803
1.4997000470757484,10497.90032953024,8.290842327364897,171.01931025968722,29.350153,1,0,1,0.6682
1.5001000463962555,10500.700324773788,8.290816689092646,171.01930775138823,29.392052,1,0,1,0.7101
1.5009000599384308,10506.300419569016,8.290765415587106,171.01930271805588,29.585499,1,0,1,0.9036
1.5017000660300257,10511.900462210178,8.2907139878519,171.01929714125666,37.5723,1,0,0,8.8904
1.504400059580803,10530.80041706562,8.290541236553016,171.0192806238876,28.95102,1,0,1,0.2691
1.504600055515766,10532.200388610365,8.290527498363268,171.01927632716692,73.37569,0,0,0,44.6938
1.5050000697374344,10535.00048816204,8.29050281489078,171.01927677431783,29.266027,1,0,1,0.5841
1.505900040268898,10541.300281882286,8.290445202393254,171.01927100069852,29.433477,1,0,1,0.7515
1.5063000470399857,10544.1003292799,8.29041974030443,171.0192688817847,22.814056,1,0,0,-5.8679
1.5070000514388084,10549.00036007166,8.290374811488451,171.0192639409648,29.171968,1,0,1,0.49
1.5071000456809998,10549.700319766998,8.290368415869034,171.0192633041833,29.04674,1,0,1,0.3648
1.507400058209896,10551.800407469273,8.290349215390966,171.0192613510603,29.267982,1,0,1,0.5861
1.508000060915947,10556.000426411629,8.29031083035576,171.01925746858848,29.231861,1,0,1,0.5499
1.5105000510811806,10573.500357568264,8.29015032307037,171.01923911172847,59.20365,0,0,0,30.5217
1.51100005954504,10577.00041681528,8.290118984083637,171.01923784937603,29.404745,1,0,1,0.7228
1.5131000503897667,10591.700352728369,8.289984794757515,171.01922400085357,28.539143,1,0,0,-0.1428
1.513700045645237,10595.90031951666,8.289945553255667,171.0192170600336,71.766365,0,0,0,43.0844
1.513700045645237,10595.90031951666,8.289947035737717,171.01922185976557,1.2052716,0,0,0,-27.4767
1.5156000703573227,10609.20049250126,8.28982506042502,171.01920712396492,30.50017,1,0,0,1.8182
1.519000068306923,10633.00047814846,8.289606873938057,171.01918069512766,83.20765,0,0,0,54.5257
1.519000068306923,10633.00047814846,8.28960800771131,171.0191843658381,29.241356,1,0,1,0.5594
1.5194000378251076,10635.800264775751,8.289582477983762,171.0191815617569,29.532635,1,0,1,0.8507
1.5198000520467758,10638.60036432743,8.289556953785773,171.01917877686256,29.490433,1,0,1,0.8085
1.520100049674511,10640.700347721577,8.289537708983424,171.01917635073187,34.394558,1,0,0,5.7126
1.5203000456094742,10642.10031926632,8.289525055863063,171.0191753050902,29.245224,1,0,1,0.5633
1.5218000560998917,10652.600392699242,8.289429348562761,171.0191648028913,29.504677,1,0,1,0.8227
1.522000066936016,10654.000468552113,8.289416596615197,171.01916342905395,29.1289,1,0,1,0.447
1.523600049316883,10665.200345218182,8.289314527479597,171.01915222701308,29.207027,1,0,1,0.5251
1.523700051009655,10665.900357067583,8.289308144557605,171.01915151535673,29.383965,1,0,1,0.702
1.5247000604867935,10672.900423407556,8.289244292497512,171.01914432313777,32.330376,1,0,0,3.6484
1.5248000621795654,10673.600435256958,8.28923798548734,171.0191438584396,28.890444,1,0,1,0.2085
1.525400072336197,10677.800506353378,8.289199417756695,171.01913872010314,42.849495,1,0,0,14.1676
1.5260000377893448,10682.000264525414,8.289161078689576,171.01913431845176,46.067204,1,0,0,17.3853
1.5260000377893448,10682.000264525414,8.289160950203648,171.0191339037313,52.164585,1,0,0,23.4827
1.52680005133152,10687.60035932064,8.289111206281278,171.01913251190408,-9.216356,0,0,0,-37.8983
1.52790005505085,10695.30038535595,8.289040223574442,171.01912226579225,29.280138,1,0,1,0.5982
1.529500037431717,10706.500262022018,8.28893814292162,171.01911123455463,29.32296,1,0,1,0.641
1.530000038444996,10710.000269114971,8.288906234305783,171.0191077915421,29.553333,1,0,1,0.8714
1.5339000523090365,10737.300366163254,8.28865731669507,171.01908147647657,29.102627,1,0,1,0.4207
1.5344000458717346,10740.800321102142,8.288625397920164,171.01907817691398,28.785147,1,0,1,0.1032
1.5348000600934029,10743.60042065382,8.288599845412957,171.01907550279452,29.185087,1,0,1,0.5032
1.5348000600934029,10743.60042065382,8.288599850618406,171.01907551946238,28.940063,1,0,1,0.2581
1.5354000702500343,10747.80049175024,8.288561321045822,171.01907088569723,38.95085,1,0,0,10.2689
1.5365000367164612,10755.500257015228,8.288491264824682,171.01906436197234,29.128931,1,0,1,0.447
1.5365000367164612,10755.500257015228,8.288491270667006,171.01906438067888,28.85394,1,0,1,0.172
1.5374000519514084,10761.80036365986,8.2884337693863,171.0190585587881,28.737625,1,0,1,0.0557
1.537700057029724,10763.900399208069,8.288414595324092,171.01905661608433,28.892365,1,0,1,0.2104
1.5389000698924065,10772.300489246843,8.288337273494966,171.01904692391622,58.590225,0,0,0,29.9083
1.5389000698924065,10772.300489246843,8.288337889501792,171.0190489169789,29.28186,1,0,1,0.5999
1.5400000512599945,10780.000358819962,8.288266506153354,171.01903847686827,79.26416,0,0,0,50.5822
1.5406000465154648,10784.200325608252,8.288229198687558,171.0190382165096,29.114206,1,0,1,0.4323
1.5411000475287435,10787.700332701206,8.288197224138035,171.0190351689947,29.182068,1,0,1,0.5001
1.543000042438507,10801.00029706955,8.288074812361865,171.01902090933714,70.65456,0,0,0,41.9726
1.5443000495433807,10810.100346803663,8.287992470356123,171.01901596414856,29.765495,1,0,1,1.0836
1.545700065791607,10819.900460541248,8.287902985724541,171.01900822326516,22.38976,1,0,0,-6.2922
1.5466000363230703,10826.200254261494,8.287845192501784,171.01900247868113,29.477612,1,0,1,0.7957
1.5469000414013865,10828.300289809704,8.287825796566533,171.01900015795115,37.886444,1,0,0,9.2045
1.547200046479702,10830.400325357914,8.287806752178009,171.01899898397073,29.469805,1,0,1,0.7879
1.547300048172474,10831.100337207316,8.287800413760042,171.01899862502924,26.196152,1,0,0,-2.4858
1.5485000610351562,10839.500427246094,8.28772343810466,171.01899143488205,29.55981,1,0,1,0.8779
1.5488000586628914,10841.60041064024,8.28770420456325,171.01898968869037,29.712341,1,0,1,1.0304
1.5492000728845596,10844.400510191916,8.28767754823262,171.01898410044203,77.87963,0,0,0,49.1977
1.550300046801567,10852.10032761097,8.287608029906483,171.01898103905762,29.562431,1,0,1,0.8805
1.552400067448616,10866.800472140312,8.287473312432432,171.0189689543328,29.366842,1,0,1,0.6849
1.552500069141388,10867.500483989716,8.287466424841963,171.01896685605257,51.745388,0,0,0,23.0635
1.554100051522255,10878.700360655785,8.287364206655312,171.01895917498285,29.016045,1,0,1,0.3341
1.5551000609993937,10885.700426995754,8.287299997099382,171.0189533814791,29.177895,1,0,1,0.496
1.5564000681042671,10894.80047672987,8.287216045596733,171.01894433506547,51.251175,0,0,0,22.5692
1.5570000484585762,10899.000339210032,8.287177961891393,171.01894231150223,29.614767,1,0,1,0.9328
1.5578000470995903,10904.600329697132,8.287127038493002,171.01893915222942,7.319125,0,0,0,-21.3628
1.558100052177906,10906.700365245342,8.287107298371037,171.0189358843122,29.508236,1,0,1,0.8263
1.5590000674128532,10913.000471889973,8.287049606524798,171.0189307432472,28.926186,1,0,1,0.2443
1.5598000660538671,10918.600462377071,8.286997217343837,171.01892297178023,72.81198,0,0,0,44.13
1.5607000514864922,10924.900360405443,8.28694023333148,171.01892053678617,29.03419,1,0,1,0.3523
1.5611000508069992,10927.700355648994,8.286913671977791,171.01891544753826,68.32794,0,0,0,39.646
1.561400055885315,10929.800391197205,8.28689518942537,171.0189162865828,29.295477,1,0,1,0.6135
1.561400055885315,10929.800391197205,8.286895188512862,171.0189162836592,29.338438,1,0,1,0.6565
1.5632000714540482,10942.400500178335,8.28677937540648,171.01890529423414,29.529297,1,0,1,0.8474
1.5646000504493711,10952.2003531456,8.286689329256033,171.0188966970877,28.996614,1,0,1,0.3147
1.5648000463843346,10953.600324690342,8.286676190251326,171.01889456477087,42.10676,0,0,0,13.4248
1.566200070083141,10963.40049058199,8.28658641977669,171.01888668540823,29.556059,1,0,1,0.8741
1.566200070083141,10963.40049058199,8.286586424005897,171.01888669896093,29.356918,1,0,1,0.675
1.566700041294098,10966.900289058683,8.28655432850329,171.01888371958043,26.993917,1,0,0,-1.688
1.5675000473856926,10972.500331699848,8.286502851544602,171.01887850709662,29.410696,1,0,1,0.7288
1.5676000490784645,10973.200343549252,8.286496418704875,171.01887785677212,29.66459,1,0,1,0.9827
1.568300060927868,10978.100426495075,8.286452266156964,171.01887611177486,-10.004531,0,0,0,-38.6865
1.5705000385642052,10993.500269949436,8.286309402547552,171.01885696012,64.11645,0,0,0,35.4345
1.5716000497341156,11001.20034813881,8.286239468824784,171.0188520062245,32.071262,1,0,0,3.3893
1.571700058877468,11001.900412142277,8.286233104444593,171.01885152711677,29.54234,1,0,1,0.8604
1.5743000507354736,11020.100355148315,8.286066373876995,171.0188344621058,29.417519,1,0,1,0.7356
1.5744000524282455,11020.80036699772,8.28606102980157,171.01883724872084,-21.272633,0,0,0,-49.9546
1.5751000568270683,11025.700397789478,8.286015257046424,171.01882961673942,22.629698,1,0,0,-6.0522
1.5751000568270683,11025.700397789478,8.28601571967403,171.01883111544643,0.6009538,0,0,0,-28.081
1.5760000571608543,11032.00040012598,8.285956723647056,171.01882072706442,65.1201,0,0,0,36.4382
1.5772000402212143,11040.4002815485,8.28588065899834,171.0188151020006,29.581886,1,0,1,0.9
1.5773000419139862,11041.100293397903,8.285873894794365,171.01881324606637,46.977814,0,0,0,18.2959
1.5784000605344772,11048.80042374134,8.285803898690768,171.0188070265481,29.359747,1,0,1,0.6778
1.579000063240528,11053.000442683697,8.285765348076769,171.01880298404208,29.249657,1,0,1,0.5677
1.580100066959858,11060.700468719006,8.285695179449254,171.0187955111343,29.12163,1,0,1,0.4397
1.5803000405430794,11062.100283801556,8.28568242861323,171.0187941535763,29.032732,1,0,1,0.3508
1.5805000364780426,11063.500255346298,8.285670138723907,171.0187942886586,6.98583,0,0,0,-21.6961
1.5810000523924828,11067.00036674738,8.285637789784037,171.01878935022148,29.357578,1,0,1,0.6756
1.5815000534057615,11070.500373840332,8.285605922457673,171.0187859409998,29.165585,1,0,1,0.4837
1.581700049340725,11071.900345385076,8.28559405730952,171.01878742533748,-12.79843,0,0,0,-41.4804
1.5818000510334969,11072.600357234478,8.285586811666896,171.0187839133489,28.748232,1,0,1,0.0663
1.5818000510334969,11072.600357234478,8.285586519575837,171.0187829677282,42.648254,0,0,0,13.9663
1.5824000611901283,11076.800428330898,8.285548573433786,171.018779781863,28.947367,1,0,1,0.2654
1.5839000418782234,11087.300293147564,8.285453028786101,171.0187694772999,28.655798,1,0,1,-0.0261
1.584000043570995,11088.000304996967,8.285447441158933,171.01877131816286,-8.542877,0,0,0,-37.2248
1.5842000469565392,11089.400328695774,8.285433299329517,171.01876539012358,58.316277,0,0,0,29.6343
1.5854000598192215,11097.80041873455,8.285358352899214,171.01876184931476,-11.500291,0,0,0,-40.1822
1.5857000574469566,11099.900402128696,8.285338404967849,171.01875703084417,28.825628,1,0,1,0.1437
1.5858000591397283,11100.6004139781,8.285332042032385,171.01875635161687,28.638294,1,0,1,-0.0436
1.5861000567674637,11102.700397372246,8.285312937993652,171.01875426203094,28.831062,1,0,1,0.1491
1.586800068616867,11107.60048031807,8.285268373285968,171.01874941683428,28.785307,1,0,1,0.1034
1.588000051677227,11116.00036174059,8.285191983489133,171.01874111032322,28.60432,1,0,1,-0.0776
1.5892000570893288,11124.4003996253,8.28511558096262,171.01873277273145,28.79709,1,0,1,0.1152
1.5894000604748726,11125.800423324108,8.285102698424978,171.01873090460887,35.860893,1,0,0,7.179
1.5894000604748726,11125.800423324108,8.285102843856306,171.0187313752703,28.941677,1,0,1,0.2597
1.589500069618225,11126.500487327576,8.285096476807944,171.01873068320515,28.915257,1,0,1,0.2333
1.591100051999092,11137.700363993645,8.284994588877709,171.01871957660344,29.037142,1,0,1,0.3552
1.591200053691864,11138.400375843048,8.28498821967021,171.01871888282622,29.043,1,0,1,0.3611
1.591300047934055,11139.100335538387,8.284981933371913,171.01871845686173,25.112894,1,0,0,-3.569
1.5918000489473343,11142.60034263134,8.284950005209398,171.01871473151095,28.929506,1,0,1,0.2476
1.5925000607967377,11147.500425577164,8.284905405960384,171.01870986905223,29.122438,1,0,1,0.4405
1.593800038099289,11156.600266695024,8.284822567548126,171.0187008889104,28.916105,1,0,1,0.2342
1.5984000489115715,11188.800342381,8.284529064303213,171.01866924642977,28.9863,1,0,1,0.3044
1.598600052297115,11190.200366079807,8.284516286878054,171.01866787572294,29.043072,1,0,1,0.3611
1.599000059068203,11193.00041347742,8.284490604047813,171.01866418773764,42.57728,1,0,0,13.8953
1.599000059068203,11193.00041347742,8.284491593181924,171.01866738850595,-4.484246,0,0,0,-33.1662
1.599300056695938,11195.100396871569,8.284471033105953,171.0186609508391,60.18994,0,0,0,31.508
1.5999000668525696,11199.300467967989,8.284433275810814,171.01865899834385,29.024935,1,0,1,0.343
1.600200071930885,11201.400503516195,8.284414058983279,171.0186569466627,29.300661,1,0,1,0.6187
1.601400047540665,11209.800332784653,8.284337186989386,171.0186488360682,29.309727,1,0,1,0.6278
1.601400047540665,11209.800332784653,8.2843371881512,171.0186488397884,29.255045,1,0,1,0.5731
1.6016000509262085,11211.20035648346,8.284324373454805,171.0186474994106,29.138418,1,0,1,0.4565
1.6016000509262085,11211.20035648346,8.284324110228317,171.01864664698908,41.67244,1,0,0,12.9905
1.60220006108284,11215.40042757988,8.28428539541808,171.01864178222328,53.814503,0,0,0,25.1326
1.603000059723854,11221.000418066978,8.284233296645263,171.0186338141596,92.00096,0,0,0,63.319
1.6056000590324402,11239.20041322708,8.284067772340283,171.01862074101012,29.24712,1,0,1,0.5652
1.6071000695228577,11249.700486660004,8.28397052587049,171.01860787527968,72.52633,0,0,0,43.8444
1.6075000390410423,11252.500273287296,8.283945735983025,171.01860817242442,29.404295,1,0,1,0.7224
1.6077000424265862,11253.900296986105,8.28393288643943,171.018606859501,29.35561,1,0,1,0.6737
1.6088000610470772,11261.60042732954,8.28386230222132,171.0185999884997,24.22532,1,0,0,-4.4566
1.609400063753128,11265.800446271896,8.283822582905248,171.01859233898932,79.00246,0,0,0,50.3205
1.609400063753128,11265.800446271896,8.283823623650843,171.01859570688686,29.47944,1,0,1,0.7975
1.6104000732302666,11272.800512611866,8.283759341348192,171.01858922122906,28.990126,1,0,1,0.3082
1.6109000369906423,11276.300258934498,8.283727185254234,171.0185859488135,29.331861,1,0,1,0.6499
1.6111000403761864,11277.700282633305,8.283713235813966,171.01858113021035,81.10167,0,0,0,52.4197
1.611600048840046,11281.200341880322,8.283681103827034,171.01857796637265,79.979485,0,0,0,51.2976
1.6119000539183617,11283.300377428532,8.283663067502522,171.01858009842428,20.08798,1,0,0,-8.594
1.612100049853325,11284.700348973274,8.283649851342608,171.01857766397677,36.877724,1,0,0,8.1958
1.6123000532388687,11286.10037267208,8.28363759598721,171.0185783421222,7.9136786,0,0,0,-20.7683
1.6125000640749931,11287.500448524952,8.283624280219032,171.01857559107748,29.388601,1,0,1,0.7067
1.6135000735521317,11294.500514864922,8.283559960536662,171.01856917050287,29.141998,1,0,1,0.4601
1.6137000694870949,11295.900486409664,8.283547097115436,171.01856789207042,29.054682,1,0,1,0.3728
1.6143000423908234,11300.100296735764,8.283508348179215,171.0185635501907,36.331432,1,0,0,7.6495
1.6144000440835953,11300.800308585169,8.283501470700799,171.01856147081372,57.49221,0,0,0,28.8103
1.6144000440835953,11300.800308585169,8.283502056927546,171.01856336912857,29.578165,1,0,1,0.8962
1.6145000383257866,11301.500268280506,8.28349462994365,171.01855951107112,76.89741,0,0,0,48.2155
1.6145000383257866,11301.500268280506,8.283495117864724,171.01856108975107,53.683914,0,0,0,25.002
1.6158000603318214,11310.60042232275,8.28341199233513,171.01855443216013,29.549719,1,0,1,0.8678
1.6163000613451004,11314.100429415705,8.283379828837722,171.01855125824284,29.444906,1,0,1,0.763
1.6164000630378723,11314.800441265106,8.283373398557725,171.0185506320287,29.30818,1,0,1,0.6262
1.616900071501732,11318.300500512123,8.283341228147643,171.01854744243548,29.53569,1,0,1,0.8538
1.617100067436695,11319.700472056866,8.28332890229331,171.01854792049102,3.8618019,0,0,0,-24.8201
1.6191000640392303,11333.700448274612,8.283199633292691,171.01853356171716,29.970236,1,0,0,1.2883
1.6207000687718391,11344.900481402874,8.283096174349874,171.0185213685162,60.78639,0,0,0,32.1045
1.6229000613093376,11360.300429165363,8.28295556708125,171.01850987890023,26.797007,1,0,0,-1.8849
1.6230000630021095,11361.000441014769,8.282949083111102,171.018509055249,29.71562,1,0,1,1.0337
1.625100053846836,11375.700376927853,8.28281424662056,171.0184959845608,29.492325,1,0,1,0.8104
1.625300049781799,11377.100348472595,8.282801410835713,171.01849475255554,29.341745,1,0,1,0.6598
1.6271000728011131,11389.700509607792,8.282685882693531,171.01848360689374,29.259865,1,0,1,0.5779
1.6296000629663467,11407.200440764427,8.28252549809912,171.01846818994116,29.37833,1,0,1,0.6964
1.63030007481575,11412.10052371025,8.282480610249877,171.0184639037713,29.168562,1,0,1,0.4866
1.6306000724434853,11414.200507104397,8.282461896794532,171.01846375755,4.2456503,0,0,0,-24.4363
1.63100004196167,11417.00029373169,8.282435723078956,171.0184595943903,29.382002,1,0,1,0.7001
1.6322000548243525,11425.400383770466,8.282358773862038,171.01845218088314,30.284279,1,0,0,1.6023
1.633500061929226,11434.50043350458,8.28227461209965,171.01844149594072,70.46602,0,0,0,41.7841
1.6342000737786293,11439.400516450403,8.282230623815511,171.0184400226166,29.236315,1,0,1,0.5544
1.634600043296814,11442.200303077698,8.2822049963377,171.0184375737649,29.321062,1,0,1,0.6391
1.636200062930584,11453.400440514088,8.282102846905241,171.0184289089673,13.097123,0,0,0,-15.5848
1.636300064623356,11454.100452363493,8.28209610115471,171.01842719396407,29.33703,1,0,1,0.6551
1.6373000741004944,11461.10051870346,8.282033002528209,171.01842413222764,-15.385588,0,0,0,-44.0675
1.639700062572956,11477.900438010693,8.281878801428604,171.01840748632554,12.586104,0,0,0,-16.0958
1.6421000510454178,11494.700357317924,8.281725409851662,171.0183937896897,1.2385373,0,0,0,-27.4434
1.6453000530600548,11517.100371420383,8.281521284256808,171.01837629124333,-27.445797,0,0,0,-56.1277
1.6462000533938408,11523.400373756886,8.28146253398346,171.01836690829947,29.374609,1,0,1,0.6927
1.648600049316883,11540.200345218182,8.281309094256088,171.01835205250677,29.564547,1,0,1,0.8826
1.648600049316883,11540.200345218182,8.281309105105725,171.01835208728,29.05355,1,0,1,0.3716
1.6495000645518303,11546.500451862812,8.281250899717017,171.01834425355156,61.591927,0,0,0,32.91
1.6510000750422478,11557.000525295734,8.281155732014456,171.018337017913,29.207365,1,0,1,0.5254
1.651200070977211,11558.400496840475,8.281143127689221,171.01833631388428,20.953682,1,0,0,-7.7282
1.6515000388026235,11560.500271618366,8.281123794114503,171.01833386216776,29.045345,1,0,1,0.3634
1.6522000506520271,11565.40035456419,8.28107981519995,171.01833180283742,-6.123921,0,0,0,-34.8059
1.6533000618219376,11573.100432753565,8.281008817367594,171.0183223733214,29.017374,1,0,1,0.3354
1.6534000635147097,11573.800444602966,8.281002431877893,171.01832173473332,28.959185,1,0,1,0.2773
1.654300071299076,11580.100499093533,8.280944955209565,171.01831592970498,28.990849,1,0,1,0.3089
1.65450007468462,11581.50052279234,8.280932188543995,171.0183146509416,28.760618,1,0,1,0.0787
1.6556000486016271,11589.200340211391,8.280861950781274,171.01830749036216,28.903078,1,0,1,0.2211
1.6558000519871712,11590.600363910198,8.280849181242468,171.01830618406964,28.907688,1,0,1,0.2258
1.6571000590920448,11599.700413644314,8.280765701821682,171.01829607939544,52.03231,0,0,0,23.3504
1.6574000716209412,11601.800501346588,8.28074704266898,171.01829569363989,28.608255,1,0,1,-0.0737
1.658000074326992,11606.000520288944,8.280709529678536,171.01829427236189,-8.855579,0,0,0,-37.5375
1.658100038766861,11606.700271368029,8.280702361388705,171.0182910588269,28.638378,1,0,1,-0.0436
1.6591000482439997,11613.700337707996,8.280639418145004,171.01828764316804,-15.363721,0,0,0,-44.0457
1.6598000600934029,11618.60042065382,8.2805938338428,171.01827984969577,28.671995,1,0,1,-0.0099
1.6599000617861748,11619.300432503223,8.280587834339398,171.0182803940611,10.572367,0,0,0,-18.1096
1.660000063478947,11620.000444352629,8.280581063865448,171.01827844192218,29.165352,1,0,1,0.4834
1.6603000611066818,11622.100427746773,8.28056193196819,171.01827639935473,28.851633,1,0,1,0.1697
1.6604000627994535,11622.800439596176,8.280555791905963,171.01827648630902,17.449951,0,0,0,-11.232
1.66070007532835,11624.90052729845,8.280536417574723,171.01827365691852,28.641457,1,0,1,-0.0405
1.6622000485658646,11635.400339961052,8.2804414451196,171.0182655995171,-5.4891696,0,0,0,-34.1711
1.6626000553369522,11638.200387358664,8.280415216532598,171.01826052003523,28.354826,1,0,1,-0.3271
1.6629000529646871,11640.300370752811,8.280395552617495,171.0182567330865,53.374172,0,0,0,24.6922
1.6631000638008118,11641.700446605682,8.2803842666545,171.01826011502365,-16.791252,0,0,0,-45.4732
1.663800060749054,11646.600425243378,8.28033913032974,171.01825368902544,6.0354414,0,0,0,-22.6465
1.6644000709056854,11650.800496339798,8.280300367777384,171.01824794428288,29.00766,1,0,1,0.3257
1.6651000455021858,11655.7003185153,8.280255121073171,171.01824116160768,56.939896,0,0,0,28.258
1.6663000509142876,11664.100356400011,8.280179739161046,171.01823663151245,0.42692196,0,0,0,-28.255
1.6680000722408297,11676.000505685806,8.280070633177788,171.018222798703,29.534409,1,0,1,0.8525
1.6681000739336014,11676.70051753521,8.280064259895452,171.01822213332883,29.079992,1,0,1,0.3981
1.670000061392784,11690.000429749489,8.279942953554015,171.0182089024378,29.597824,1,0,1,0.9159
1.6703000590205193,11692.100413143637,8.279923801109101,171.0182068380674,29.42307,1,0,1,0.7411
1.6708000600337982,11695.600420236588,8.279891013321373,171.01820060714888,70.23478,0,0,0,41.5528
1.6714000701904297,11699.800491333008,8.279853562331226,171.01819928816505,28.81045,1,0,1,0.1285
1.6726000532507896,11708.200372755527,8.27977689260521,171.0181910143281,29.352152,1,0,1,0.6702
1.6736000627279282,11715.200439095495,8.27971298951645,171.0181841888472,29.386362,1,0,1,0.7044
1.6737000644207,11715.9004509449,8.279706598117624,171.018183508376,29.392115,1,0,1,0.7102
1.6762000545859337,11733.400382101536,8.279547422971895,171.01816881161554,-2.3337226,0,0,0,-31.0157
1.676400050520897,11734.800353646278,8.279533964519343,171.01816532160132,29.348005,1,0,1,0.6661
1.6790000423789024,11753.000296652315,8.279367932528785,171.01814900543292,13.517849,1,0,0,-15.1641
1.679100051522255,11753.700360655785,8.279360390964897,171.01814468718683,67.62455,0,0,0,38.9426
1.681600071489811,11771.200500428677,8.279200771665753,171.0181307047205,41.19176,1,0,0,12.5098
1.6817000731825829,11771.90051227808,8.279194612678943,171.01813089244288,29.25219,1,0,1,0.5703
1.6825000494718552,11777.500346302986,8.279143319637392,171.01812589435002,29.571722,1,0,1,0.8898
1.685200072824955,11796.400509774685,8.278970127222589,171.01810935263504,29.003242,1,0,1,0.3213
1.6862000524997711,11803.400367498398,8.278905601183402,171.01810219324835,45.064365,0,0,0,16.3824
1.6865000501275065,11805.500350892544,8.278887291237066,171.0181034576992,-0.18902308,0,0,0,-28.871
1.6874000653624537,11811.800457537174,8.278828814226715,171.01809582822736,32.24138,1,0,0,3.5594
1.6878000646829605,11814.600452780724,8.278802339962382,171.0180908908881,69.50231,0,0,0,40.8204
1.6888000443577766,11821.600310504436,8.278738946074707,171.01808764431226,29.166756,1,0,1,0.4848
1.6901000514626503,11830.700360238552,8.278655842149876,171.01808131339433,8.2118,0,0,0,-20.4701
1.69060005992651,11834.200419485567,8.278623265620478,171.01807692521888,28.975513,1,0,1,0.2936
1.691900074481964,11843.300521373749,8.278539674385897,171.01806917913274,29.297724,1,0,1,0.6158
1.692100040614605,11844.700284302236,8.278526117007564,171.01806573135798,62.535885,0,0,0,33.854
1.6923000440001488,11846.10030800104,8.278513906434947,171.0180666543526,31.516338,1,0,0,2.8344
1.6928000524640083,11849.600367248058,8.278481797094607,171.01806384510726,29.201506,1,0,1,0.5196
1.6944000646471975,11860.800452530384,8.278378873071333,171.01805436297585,29.037134,1,0,1,0.3552
1.694600075483322,11862.200528383257,8.278366003406507,171.0180531727967,29.078442,1,0,1,0.3965
1.6963000521063805,11874.100364744663,8.278256612874545,171.0180430799931,28.87676,1,0,1,0.1948
1.6964000537991524,11874.800376594068,8.278250175672055,171.01804248075217,28.930246,1,0,1,0.2483
1.6965000554919245,11875.50038844347,8.278243737963859,171.01804188002555,29.003386,1,0,1,0.3215
1.6970000639557838,11879.000447690489,8.27821166654767,171.01803925821494,23.72093,1,0,0,-4.961
1.6970000639557838,11879.000447690489,8.27821183565869,171.0180398049373,15.684393,0,0,0,-12.9975
1.6982000693678856,11887.4004855752,8.278134308572636,171.01803171359307,29.179535,1,0,1,0.4976
1.7002000510692596,11901.400357484818,8.278005553269896,171.018019698115,29.080896,1,0,1,0.399
1.700500063598156,11903.500445187092,8.277986395881648,171.01801838525637,21.623165,1,0,0,-7.0588
1.701300069689751,11909.100487828257,8.2779357871879,171.0180164124778,-20.921127,0,0,0,-49.6031
1.7019000723958015,11913.30050677061,8.277897100169687,171.01801255313134,-18.046436,0,0,0,-46.7284
1.7029000520706177,11920.300364494324,8.277832785214605,171.0180066195928,-20.987026,0,0,0,-49.669
1.7059000432491302,11941.300302743912,8.27763861615331,171.01798457730607,29.230297,1,0,1,0.5484
1.7068000510334969,11947.600357234478,8.277580695811949,171.01797893407118,29.007097,1,0,1,0.3252
1.707200065255165,11950.400456786156,8.27755494510192,171.01797638392216,29.36415,1,0,1,0.6822
1.7091000452637672,11963.70031684637,8.2774317654498,171.01796128758983,73.5453,0,0,0,44.8634
1.7097000554203987,11967.900387942793,8.277394099809898,171.01796045965887,29.117231,1,0,1,0.4353
1.710300050675869,11972.100354731085,8.277355500095501,171.01795657103543,29.45036,1,0,1,0.7684
1.710400052368641,11972.800366580486,8.277349079127772,171.0179559598325,28.941278,1,0,1,0.2593
1.7105000540614128,11973.50037842989,8.277342640564916,171.01795529131792,29.268011,1,0,1,0.5861
1.7120000720024109,11984.000504016876,8.277247175479294,171.0179487556065,-17.909288,0,0,0,-46.5912
1.7125000432133677,11987.500302493572,8.277214046728062,171.01794228660614,29.12115,1,0,1,0.4392
1.7127000465989113,11988.90032619238,8.277200583782822,171.01793900990228,58.018356,0,0,0,29.3364
1.7132000550627708,11992.400385439396,8.277168374966315,171.01793549564954,61.401928,0,0,0,32.72
1.7164000496268272,12014.80034738779,8.276963983348212,171.01791802469702,5.8633595,0,0,0,-22.8186
1.717200055718422,12020.400390028954,8.276912529632932,171.01791233191545,10.597992,0,0,0,-18.0839
1.7193000465631485,12035.10032594204,8.276777485537142,171.01789704770903,28.883366,1,0,1,0.2014
1.721900075674057,12053.3005297184,8.276610703777907,171.0178789940919,29.021404,1,0,1,0.3395
1.7221000716090202,12054.700501263142,8.27659788251726,171.01787759817591,29.068134,1,0,1,0.3862
1.7221000716090202,12054.700501263142,8.27659788107769,171.01787759355926,29.135977,1,0,1,0.454
1.7228000462055206,12059.600323438644,8.276553029512973,171.0178727430109,28.736439,1,0,1,0.0545
1.7237000539898872,12065.90037792921,8.276495368200472,171.0178664488376,28.99515,1,0,1,0.3132
1.7242000624537468,12069.400437176228,8.27646398715027,171.01786503016586,-1.4251143,0,0,0,-30.107
1.7243000641465187,12070.100449025633,8.276456939006918,171.01786224066976,29.326925,1,0,1,0.645
1.7244000658392906,12070.800460875034,8.276450546973438,171.0178615764903,28.836014,1,0,1,0.1541
1.7256000712513924,12079.200498759748,8.276373742348987,171.01785319542873,29.030586,1,0,1,0.3487
1.7263000458478928,12084.10032093525,8.276328970549988,171.01784832709322,28.918482,1,0,1,0.2366
1.7272000536322594,12090.400375425816,8.27627122680677,171.01784141537482,38.49507,1,0,0,9.8131
1.7273000553250313,12091.10038727522,8.276265038723709,171.01784138015026,28.798477,1,0,1,0.1165
1.7275000661611557,12092.50046312809,8.276252259557037,171.01784000458198,28.59807,1,0,1,-0.0839
1.7280000671744349,12096.000470221044,8.276220301820159,171.01783650540787,29.036432,1,0,1,0.3545
1.728100061416626,12096.700429916382,8.276213915327144,171.0178358178628,28.952866,1,0,1,0.2709
1.7292000725865364,12104.400508105757,8.276143657574147,171.0178281835781,29.296106,1,0,1,0.6142
1.7310000658035278,12117.000460624697,8.276028804160568,171.01781580338894,29.260841,1,0,1,0.5789
1.7314000651240349,12119.800455868244,8.276002448363627,171.01781031406358,69.716995,0,0,0,41.0351
1.7323000729084015,12126.10051035881,8.275945925232161,171.01780691452035,29.444485,1,0,1,0.7626
1.7327000424265862,12128.900296986105,8.275920580175121,171.01780465121865,22.755154,1,0,0,-5.9268
1.732800044119358,12129.600308835506,8.275914072863108,171.0178035308668,29.249262,1,0,1,0.5673
1.7330000400543213,12131.000280380247,8.275901215783065,171.0178017979154,34.79022,1,0,0,6.1083
1.7333000525832176,12133.100368082523,8.275882225905946,171.01780015274915,29.115433,1,0,1,0.4335
1.7340000569820404,12138.000398874285,8.275837655155557,171.01779543980308,28.943436,1,0,1,0.2615
1.7345000654459,12141.5004581213,8.275805826774382,171.01779207935093,28.922014,1,0,1,0.2401
1.7354000732302666,12147.800512611866,8.275748550107332,171.01778603610887,29.214266,1,0,1,0.5323
1.7371000573039057,12159.700401127338,8.27563999096655,171.01777329416927,50.784676,0,0,0,22.1027
1.7371000573039057,12159.700401127338,8.275640449014004,171.01777477675765,28.986782,1,0,1,0.3049
1.7373000532388687,12161.10037267208,8.275627728190429,171.01777343302672,29.37396,1,0,1,0.692
1.738500066101551,12169.500462710856,8.275551472650603,171.0177655687359,29.380512,1,0,1,0.6986
1.7390000745654106,12173.000521957874,8.275518866335236,171.0177598955995,60.40004,0,0,0,31.7181
1.7391000762581823,12173.700533807278,8.275513360510084,171.01776196634663,20.687714,1,0,0,-7.9942
1.7393000721931458,12175.10050535202,8.275500505604331,171.01776013395386,29.121412,1,0,1,0.4395
1.739600047469139,12177.200332283974,8.275482320382984,171.01776093463093,-10.357847,0,0,0,-39.0398
1.7406000569462776,12184.200398623943,8.275418116681424,171.01775199272203,29.19698,1,0,1,0.515
1.7420000731945038,12194.000512361526,8.27532941319026,171.0177432960443,29.422403,1,0,1,0.7405
1.7452000603079796,12216.400422155855,8.275126314354463,171.01772243769489,47.871113,0,0,0,19.1892
1.7464000433683395,12224.800303578377,8.275049916515648,171.01771397369137,65.07728,0,0,0,36.3953
1.7465000450611117,12225.50031542778,8.27504504815065,171.01771812485242,-4.8776765,0,0,0,-33.5596
1.7466000467538834,12226.200327277184,8.275037993412496,171.01771519598083,29.260967,1,0,1,0.579
1.747000053524971,12229.000374674795,8.275012641983658,171.01771277552953,29.172506,1,0,1,0.4906
1.7483000606298449,12238.100424408913,8.274930215786842,171.01770488625468,29.321264,1,0,1,0.6723
1.7497000470757484,12247.90032953024,8.274841400876467,171.01769640580508,29.264387,1,0,1,0.6154
1.7505000531673431,12253.500372171402,8.274790613405841,171.0176915385932,29.46734,1,0,1,0.8183
1.750600054860115,12254.200384020804,8.274784265293018,171.01769093642935,29.394459,1,0,1,0.7455
1.751000054180622,12257.000379264357,8.274758871069396,171.01768853218962,29.021069,1,0,1,0.3721
1.7513000667095184,12259.100466966627,8.274739811074463,171.0176866980801,29.173878,1,0,1,0.5249
1.7521000653505323,12264.700457453728,8.274688764816009,171.01768114427443,39.227184,1,0,0,10.5782
1.7525000721216202,12267.50050485134,8.27466354320165,171.01767937463143,29.382006,1,0,1,0.733
1.7535000443458555,12274.50031042099,8.274599937150924,171.01767324923307,29.564405,1,0,1,0.9154
1.754900060594082,12284.300424158571,8.274511279155888,171.01766618223402,7.0174747,0,0,0,-21.6315
1.7557000741362572,12289.9005189538,8.274458858320381,171.0176565806861,75.53873,0,0,0,46.8897
1.7560000717639923,12292.000502347946,8.274440709253314,171.0176578845071,29.060421,1,0,1,0.4114
1.7573000565171242,12301.10039561987,8.274357762299418,171.01764977745833,29.362902,1,0,1,0.7139
1.7573000565171242,12301.10039561987,8.274358534573555,171.01765227772609,-7.3920546,0,0,0,-36.0411
1.7581000626087189,12306.700438261032,8.274306671899144,171.01764477221076,29.33752,1,0,1,0.6885
1.7597000747919085,12317.900523543358,8.274204942761525,171.01763638322356,6.703542,0,0,0,-21.9455
1.760100044310093,12320.70031017065,8.274178829322244,171.01763223646657,29.273947,1,0,1,0.6249
1.7605000510811806,12323.500357568264,8.274153172381743,171.0176295992387,29.559797,1,0,1,0.9108
1.7614000663161278,12329.800464212894,8.274095653137731,171.01762442976604,18.650255,0,0,0,-9.9987
1.7618000656366348,12332.600459456444,8.274069742712872,171.01762104813355,29.604383,1,0,1,0.9554
1.7619000673294067,12333.300471305847,8.274063318880874,171.01762038088765,29.711332,1,0,1,1.0623
1.7630000710487366,12341.000497341156,8.273992655032544,171.01761312536422,29.344473,1,0,1,0.6955
1.7639000564813614,12347.30039536953,8.273934357101558,171.01760574955492,49.82074,0,0,0,21.1717
1.7654000669717789,12357.800468802452,8.273838250791954,171.01759711415886,29.52352,1,0,1,0.8745
1.7676000520586967,12373.200364410875,8.273696497377456,171.01758232919607,29.81515,1,0,1,1.1661
1.7682000622153282,12377.400435507298,8.273657823922251,171.01757834035965,29.101841,1,0,1,0.4528
1.768900066614151,12382.300466299055,8.273613057330229,171.01757486830442,10.849152,0,0,0,-17.7999
1.7690000608563423,12383.000425994396,8.273606222399636,171.01757294948274,29.156385,1,0,1,0.5074
1.7707000523805618,12394.900366663933,8.273496524553208,171.01756151090663,28.929604,1,0,1,0.2806
1.771600067615509,12401.200473308563,8.273438414632091,171.01755542152637,29.331753,1,0,1,0.6827
1.7727000713348389,12408.900499343872,8.273367393272824,171.01754803494612,29.109028,1,0,1,0.46
1.7731000781059263,12411.700546741486,8.27334156162966,171.01754534317735,29.154627,1,0,1,0.5056
1.7754000648856163,12427.800454199314,8.273193028428162,171.01752992136517,29.250696,1,0,1,0.6017
1.7755000665783882,12428.500466048716,8.273186570231742,171.01752925186864,29.270329,1,0,1,0.6213
1.7757000625133514,12429.90043759346,8.273173655115157,171.01752791547594,29.28097,1,0,1,0.632
1.7760000750422478,12432.000525295734,8.273154282793229,171.01752591556715,29.249113,1,0,1,0.6001
1.7776000574231148,12443.200401961803,8.273050223575275,171.01751281834592,65.33428,0,0,0,36.6853
1.7784000635147097,12448.800444602966,8.272999341196304,171.01750996586543,29.386148,1,0,1,0.7371
1.7785000652074814,12449.50045645237,8.27299289584012,171.01750933227086,28.983406,1,0,1,0.3344
1.779300071299076,12455.100499093533,8.272941316332068,171.0175039263396,28.84123,1,0,1,0.1922
1.779400072991848,12455.800510942936,8.272934849156604,171.01750323872048,29.429747,1,0,1,0.7807
1.781100057065487,12467.700399458408,8.272825154502723,171.01749227476176,29.40823,1,0,1,0.7592
1.78130005300045,12469.100371003153,8.272811948139621,171.0174899971627,44.005848,0,0,0,15.3568
1.7824000641703606,12476.800449192524,8.272741334375691,171.01748395918665,29.176027,1,0,1,0.527
1.7826000675559044,12478.20047289133,8.272728445681636,171.0174826886365,29.069542,1,0,1,0.4205
1.7875000536441803,12512.500375509262,8.272413168410646,171.01745167909644,28.925974,1,0,1,0.277
1.788900062441826,12522.30043709278,8.272323302129637,171.01744288309138,29.142948,1,0,1,0.4939
1.7890000641345978,12523.000448942184,8.27231688940789,171.01744226331985,29.048107,1,0,1,0.3991
1.789300061762333,12525.10043233633,8.27229725848058,171.01743912070586,47.64139,0,0,0,18.9924
1.789800077676773,12528.600543737411,8.272265591852069,171.01743725926178,29.025333,1,0,1,0.3763
1.7931000739336014,12551.70051753521,8.272054365115698,171.01741665018443,29.250362,1,0,1,0.6014
1.79370004683733,12555.900327861307,8.272016045190716,171.01741296593866,28.435122,1,0,1,-0.2139
1.7938000485301018,12556.600339710712,8.27200964643865,171.01741230787985,28.945858,1,0,1,0.2969
1.794000044465065,12558.000311255457,8.271996879237177,171.01741108213008,28.639692,1,0,1,-0.0093
1.7950000539422035,12565.000377595425,8.271933972930283,171.0174078663685,-15.733163,0,0,0,-44.3822
1.7952000573277471,12566.400401294231,8.271920274673983,171.01740358298446,28.902401,1,0,1,0.2534
1.7958000674843788,12570.600472390652,8.271882002376138,171.01739983595377,28.96784,1,0,1,0.3188
1.797200046479702,12580.400325357914,8.271792774010654,171.01739108007098,29.184177,1,0,1,0.5352
1.797200046479702,12580.400325357914,8.271792778226779,171.0173910951838,28.961353,1,0,1,0.3123
1.7978000566363337,12584.600396454334,8.27175456578538,171.0173873365873,29.06769,1,0,1,0.4187
1.799600064754486,12597.200453281404,8.271639852502531,171.01737607930704,28.733667,1,0,1,0.0847
1.7999000772833824,12599.300540983675,8.271620378018849,171.01737271724883,50.466297,0,0,0,21.8173
1.800700046122074,12604.90032285452,8.271570686086292,171.01737093821905,2.6791525,0,0,0,-25.9699
1.8009000420570374,12606.30029439926,8.271557466137631,171.01736790136002,28.81284,1,0,1,0.1638
1.8014000579714775,12609.800405800344,8.271525796540413,171.01736476352517,28.620316,1,0,1,-0.0287
1.802500061690808,12617.500431835651,8.271456133118432,171.01735780149494,28.824686,1,0,1,0.1757
1.8031000718474388,12621.700502932072,8.271417823495996,171.01735295720567,44.176094,0,0,0,15.5271
1.8034000769257543,12623.800538480282,8.271399164287079,171.017352131891,28.336294,1,0,1,-0.3127
1.8066000789403915,12646.20055258274,8.271196583923949,171.01733167177193,28.87445,1,0,1,0.2254
1.808100052177906,12656.700365245342,8.27110163255971,171.01732214639202,26.902796,1,0,0,-1.7462
1.8085000589489937,12659.500412642956,8.271075320670102,171.01731642042043,73.064964,0,0,0,44.416
1.812100052833557,12684.7003698349,8.270847467312397,171.01729452020035,50.137196,0,0,0,21.4882
1.813500076532364,12694.500535726547,8.27075854760029,171.01728544984343,48.024914,0,0,0,19.3759
1.8144000470638275,12700.800329446793,8.270701691077406,171.01728076605147,29.430323,1,0,1,0.7813
1.8152000531554224,12706.400372087955,8.270649670934002,171.0172719349486,81.279335,0,0,0,52.6303
1.8152000531554224,12706.400372087955,8.270650765360875,171.01727547651998,29.21561,1,0,1,0.5666
1.816900074481964,12718.300521373749,8.270542407130893,171.0172641806569,28.874023,1,0,1,0.225
1.820400074124336,12742.800518870354,8.270318719829477,171.0172407035707,29.126593,1,0,1,0.4776
1.82180005311966,12752.600371837616,8.270228662524124,171.01723113262565,28.833551,1,0,1,0.1845
1.8240000754594805,12768.000528216362,8.270087297959783,171.0172172786585,10.712361,0,0,0,-17.9366
1.824400044977665,12770.800314843656,8.270060364641216,171.0172108453323,64.98876,0,0,0,36.3398
1.82520005851984,12776.400409638882,8.270010008118824,171.01720941711048,5.4148207,0,0,0,-23.2342
1.825300052762032,12777.10036933422,8.270003053154205,171.01720710447177,29.351082,1,0,1,0.7021
1.8261000663042068,12782.700464129448,8.269951423112559,171.01720163477614,29.30432,1,0,1,0.6553
1.8267000764608383,12786.900535225868,8.269912680102324,171.01719750681244,29.730267,1,0,1,1.0813
1.8273000791668887,12791.100554168224,8.269873943738043,171.01719342813365,29.518194,1,0,1,0.8692
1.8274000734090805,12791.800513863564,8.269867484402015,171.01719273918133,29.627478,1,0,1,0.9785
1.8286000564694405,12800.200395286083,8.269789991627775,171.0171845910974,29.411537,1,0,1,0.7625
1.8306000754237173,12814.200527966022,8.269660802541631,171.01717103044774,29.892927,1,0,1,1.2439
1.831200048327446,12818.400338292122,8.26962156532877,171.0171654101226,53.184254,0,0,0,24.5353
1.831200048327446,12818.400338292122,8.269621827706784,171.0171662586085,40.709156,0,0,0,12.0602
1.832400053739548,12826.800376176834,8.269545095619272,171.017160654658,4.9116874,0,0,0,-23.7373
1.8334000632166865,12833.800442516804,8.269480028548829,171.01715231324644,29.61026,1,0,1,0.9613
1.834700047969818,12842.900335788729,8.269396162237678,171.0171437182738,29.450996,1,0,1,0.802
1.836800068616867,12857.60048031807,8.269260810253678,171.0171299677416,29.232048,1,0,1,0.583
1.8371000736951828,12859.70051586628,8.269241721186706,171.0171287664151,18.190569,0,0,0,-10.4584
1.8379000425338743,12865.300297737122,8.26918998780294,171.01712282274286,29.297,1,0,1,0.648
1.8387000560760496,12870.900392532349,8.269138366009633,171.0171171719545,36.467896,1,0,0,7.8189
1.841300047934056,12889.100335538387,8.26897161266183,171.01710122214996,28.576471,1,0,0,-0.0725
1.841700054705143,12891.900382936,8.268945996811627,171.0170987022818,29.352959,1,0,1,0.704
1.8445000499486923,12911.500349640846,8.268766690950551,171.0170804495278,45.419533,0,0,0,16.7705
1.8467000648379328,12926.900453865528,8.268626663010892,171.0170681373698,29.426962,1,0,1,0.778
1.847200073301792,12930.400513112543,8.268593643616967,171.017061385253,83.97954,0,0,0,55.3305
1.847200073301792,12930.400513112543,8.268593609953065,171.0170612757788,85.58932,0,0,0,56.9403
1.847200073301792,12930.400513112543,8.2685936094519,171.01706127417276,85.61292,0,0,0,56.9639
1.8507000729441645,12954.90051060915,8.26837192213925,171.01704379628225,29.027948,1,0,1,0.3789
1.8539000749588013,12977.300524711609,8.268168407585675,171.0170241237131,29.03996,1,0,1,0.391
1.8602000698447227,13021.40048891306,8.26776792134409,171.01698450067357,29.015755,1,0,1,0.3668
1.860300064086914,13022.100448608398,8.267761559112811,171.01698384176416,29.033764,1,0,1,0.3848
1.8609000742435453,13026.30051970482,8.267724573761194,171.01698374478056,-27.675037,0,0,0,-56.324
1.8655000552535057,13058.50038677454,8.267431350074634,171.0169520866223,-13.782258,0,0,0,-42.4313
1.8656000569462776,13059.200398623943,8.267424068394313,171.0169484756969,29.394188,1,0,1,0.7452
1.86630005389452,13064.10037726164,8.26737944969674,171.01694377330844,29.08081,1,0,1,0.4318
1.8694000542163849,13085.800379514694,8.267181636830026,171.01692274945194,29.327467,1,0,1,0.6785
1.869800068438053,13088.600479066372,8.267156087404324,171.01692002337444,29.460472,1,0,1,0.8115
1.870900079607964,13096.300557255743,8.267085800019137,171.0169125279079,29.774693,1,0,1,1.1257
1.8717000484466555,13101.900339126589,8.267034671661772,171.01690712098636,29.358515,1,0,1,0.7095
1.8719000443816185,13103.30031067133,8.267021887005134,171.01690577273115,29.207815,1,0,1,0.5588
1.872900053858757,13110.3003770113,8.266957925245283,171.01689898412457,29.197863,1,0,1,0.5489
1.8749000802636149,13124.300561845304,8.266830342997196,171.01688687680698,7.9991503,0,0,0,-20.6499
1.876600056886673,13136.20039820671,8.266721511773083,171.0168757206906,3.4150565,0,0,0,-25.2339
1.8773000687360764,13141.100481152534,8.26667608966067,171.01686926704693,29.12302,1,0,1,0.474
1.878200076520443,13147.4005356431,8.26661836952665,171.01686325674035,28.797356,1,0,1,0.1484
1.879200056195259,13154.400393366814,8.266554770075734,171.0168580025248,6.5336127,0,0,0,-22.1154
1.879300057888031,13155.100405216215,8.266547871152364,171.0168558129035,29.028715,1,0,1,0.3797
1.8799000605940817,13159.300424158571,8.266509310266247,171.0168518636714,28.985537,1,0,1,0.3365
1.881000064313412,13167.000450193882,8.26643858882138,171.01684464497214,28.99051,1,0,1,0.3415
1.8842000663280487,13189.40046429634,8.266232575751653,171.01682341373223,35.41944,1,0,0,6.7704
1.88480007648468,13193.60053539276,8.266194880085475,171.01682254041626,-8.569524,0,0,0,-37.2185
1.8877000659704208,13213.900461792946,8.266007401230496,171.0168014700217,28.716187,1,0,1,0.0672
1.8882000744342804,13217.400521039965,8.265975210488246,171.01679830037023,28.677813,1,0,1,0.0288
1.888600043952465,13220.200307667255,8.265949099998814,171.016794601812,45.81801,0,0,0,17.169
1.889600060880184,13227.20042616129,8.26588444458069,171.01678739316972,58.957108,0,0,0,30.3081
1.890800066292286,13235.600464046,8.265807839306381,171.01678191957168,28.480726,1,0,1,-0.1683
1.8911000788211825,13237.700551748276,8.265788519152855,171.01678000537848,28.9607,1,0,1,0.3117
1.8913000747561453,13239.100523293018,8.265775644991427,171.0167787451153,29.064568,1,0,1,0.4156
1.8917000740766523,13241.900518536568,8.265750554235039,171.01677835262254,-1.9802638,0,0,0,-30.6293
1.8920000493526457,13244.00034546852,8.265730604471065,171.01677438730022,28.745646,1,0,1,0.0966
1.8985000774264336,13289.500541985037,8.265312698964824,171.01673404346116,29.46025,1,0,1,0.8112
1.8989000469446184,13292.300328612328,8.265286921726288,171.01673127199675,33.962658,1,0,0,5.3137
1.8993000611662865,13295.100428164003,8.2652612150428,171.01672907051912,29.124928,1,0,1,0.4759
1.8997000604867933,13297.900423407556,8.26523557074002,171.0167266009261,29.509998,1,0,1,0.861
1.8998000547289848,13298.600383102894,8.265229161942068,171.01672598767234,29.546858,1,0,1,0.8979
1.8999000564217567,13299.300394952295,8.265222993736629,171.0167261539352,18.122688,1,0,0,-10.5263
1.9017000794410703,13311.900556087494,8.265107452983603,171.0167143964658,29.343233,1,0,1,0.6942
1.9026000499725344,13318.20034980774,8.265050775017823,171.0167119504436,-15.571457,0,0,0,-44.2205
1.9057000502944,13339.900352060797,8.264852198579261,171.01669223707555,-5.21139,0,0,0,-33.8604
1.906500056385994,13345.500394701958,8.26480031264404,171.0166849736829,29.120756,1,0,1,0.4718
1.907800070941448,13354.600496590136,8.264717187238194,171.0166769416762,29.087751,1,0,1,0.4387
1.91020005941391,13371.40041589737,8.264563767754886,171.01666201852436,28.95775,1,0,1,0.3087
1.9106000661849976,13374.200463294985,8.264538194332674,171.0166594976629,29.223682,1,0,1,0.5747
1.9108000695705407,13375.60048699379,8.264525414225545,171.01665825614603,29.055151,1,0,1,0.4061
1.911900080740452,13383.300565183165,8.264455812842352,171.0166536341546,-4.594547,0,0,0,-33.2436
1.913700059056282,13395.900413393974,8.264340056519899,171.01663995637725,29.140707,1,0,1,0.4917
1.9147000685334208,13402.900479733944,8.26427612947383,171.01663356981135,29.455698,1,0,1,0.8067
1.914800077676773,13403.600543737411,8.264269901220135,171.0166334636399,21.634901,1,0,0,-7.0141
1.9166000559926035,13416.200391948223,8.264154678765543,171.0166214299799,28.932732,1,0,1,0.2837
1.9171000570058825,13419.700399041176,8.264122336518518,171.01661699712386,46.736664,0,0,0,18.0877
1.9175000712275505,13422.500498592854,8.264097132937886,171.0166156236483,28.96018,1,0,1,0.3112
1.9176000654697416,13423.200458288193,8.264090737546988,171.0166149724729,29.031334,1,0,1,0.3823
1.9176000654697416,13423.200458288193,8.264090900999491,171.01661550097327,21.262419,1,0,0,-7.3866
1.9183000773191448,13428.100541234016,8.264046084882168,171.01661079707188,23.780495,1,0,0,-4.8685
1.920200057327748,13441.400401294231,8.26392448178318,171.01659812491133,28.988655,1,0,1,0.3397
1.9209000691771507,13446.300484240057,8.263879555876445,171.0165931589917,33.240757,1,0,0,4.5918
1.9210000708699224,13447.000496089458,8.263873294923837,171.01659295841316,26.355967,1,0,3,-2.293
1.9219000786542888,13453.300550580025,8.263814870075294,171.0165844364544,63.017006,0,0,0,34.368
1.9221000745892525,13454.700522124767,8.26380295997121,171.0165860174025,20.057695,1,0,0,-8.5913
1.9222000762820244,13455.40053397417,8.263796986809096,171.01658674999297,-0.57421017,0,0,0,-29.2232
1.923500061035156,13464.500427246094,8.263713182732559,171.01657636072778,23.79703,1,0,0,-4.852
1.9239000603556635,13467.300422489643,8.263687485918634,171.01657345888094,26.918755,1,0,3,-1.7302
1.924200065433979,13469.400458037851,8.263668213765364,171.01657128648077,29.193148,1,0,1,0.5441
1.924200065433979,13469.400458037851,8.263668274834599,171.0165714837397,26.293436,1,0,3,-2.3556
1.9252000749111176,13476.400524377825,8.263604129752048,171.01656455955109,29.190384,1,0,1,0.5414
1.92760007083416,13493.20049583912,8.263450360222148,171.0165485782259,26.998146,1,0,3,-1.6509
1.927800066769123,13494.600467383862,8.26343754819542,171.0165472563901,26.704878,1,0,3,-1.9441
1.9290000796318048,13503.000557422638,8.263360579123658,171.01653903370547,29.412987,1,0,1,0.764
1.9297000616788864,13507.900431752205,8.263316298127535,171.0165362411045,1.7088974,0,0,0,-26.9401
1.9306000620126724,13514.200434088709,8.26325810441422,171.01652858370423,26.107473,1,0,3,-2.5415
1.9313000664114952,13519.100464880466,8.26321317342355,171.01652370828404,29.403992,1,0,1,0.755
1.931500069797039,13520.500488579271,8.263200358391533,171.0165223891467,29.295792,1,0,1,0.6468
1.931600071489811,13521.200500428677,8.263193944689228,171.01652170995453,29.536293,1,0,1,0.8873
1.9324000775814056,13526.80054306984,8.26314267729344,171.01651641480657,29.582203,1,0,1,0.9332
1.9333000555634496,13533.100388944147,8.263085991660011,171.01651366747836,-17.201447,0,0,0,-45.8505
1.9339000582695007,13537.300407886503,8.263046588214506,171.01650662035115,28.509361,1,0,1,-0.1396
1.9341000691056247,13538.700483739376,8.263033770968132,171.01650530169024,28.637722,1,0,1,-0.0113
1.934600070118904,13542.200490832329,8.263001787262388,171.0165021935083,26.283354,1,0,3,-2.3656
1.938200071454048,13567.400500178335,8.262771244379548,171.01647902612802,25.155096,1,0,3,-3.4939
1.940400056540966,13582.800395786762,8.262630390460162,171.01646499363088,26.161148,1,0,3,-2.4879
1.9406000599265096,13584.200419485567,8.262617542499768,171.01646358118228,28.8632,1,0,1,0.2142
1.940800055861473,13585.600391030312,8.262604817966695,171.01646256585337,25.750742,1,0,3,-2.8983
1.9409000650048256,13586.30045503378,8.262598427300091,171.01646196859235,25.519133,1,0,3,-3.1299
1.94220007956028,13595.40055692196,8.262515228875202,171.0164537957527,29.00775,1,0,1,0.3587
1.9438000619411469,13606.600433588028,8.262412951868576,171.01644410830593,28.955456,1,0,1,0.3065
1.94400005787611,13608.00040513277,8.262400240133127,171.01644313113457,25.587872,1,0,3,-3.0611
1.944100059568882,13608.700416982174,8.262393853864488,171.016442546445,25.321579,1,0,3,-3.3274
1.9443000555038448,13610.100388526917,8.262381081407415,171.01644137239802,24.870756,1,0,3,-3.7782
1.9445000663399696,13611.500464379787,8.262368285726302,171.01644012495484,25.512316,1,0,3,-3.1367
1.9447000697255128,13612.900488078594,8.262355512073809,171.01643894943638,25.109829,1,0,3,-3.5392
1.9452000707387924,13616.400495171549,8.262323483333713,171.01643569714318,28.77175,1,0,1,0.1227
1.945500075817108,13618.500530719755,8.262304305881491,171.0164338748226,29.107391,1,0,1,0.4584
1.945500075817108,13618.500530719755,8.262304390006383,171.01643414755617,25.097757,1,0,3,-3.5512
1.945500075817108,13618.500530719755,8.26230440081415,171.0164341821851,24.588839,1,0,3,-4.0602
1.945500075817108,13618.500530719755,8.262304307398823,171.01643387968429,29.035942,1,0,1,0.3869
1.9463000521063805,13624.100364744663,8.262253607253028,171.01643043104522,9.311196,1,0,0,-19.3378
1.946500048041344,13625.500336289406,8.262240494558963,171.0164281509929,25.247984,1,0,3,-3.401
1.9470000565052032,13629.000395536425,8.262209019913117,171.01642668438097,2.888094,1,0,0,-25.7609
1.9478000700473783,13634.60049033165,8.262157455629914,171.01642042833828,24.673635,1,0,3,-3.9754
1.9490000754594805,13643.000528216362,8.26208070990615,171.01641296843854,29.202885,1,0,1,0.5539
1.949400082230568,13645.800575613976,8.262055238105885,171.0164108329626,25.56933,1,0,3,-3.0797
1.949900045990944,13649.300321936607,8.262023308263428,171.01640786036583,25.490807,1,0,3,-3.1582
1.950300060212612,13652.100421488283,8.261997906009052,171.0164059475642,18.580734,1,0,0,-10.0683
1.9506000578403475,13654.200404882433,8.261978612239949,171.0164037231955,25.004602,1,0,3,-3.6444
1.9509000554680824,13656.300388276575,8.26195945682209,171.01640194518487,24.860785,1,0,3,-3.7882
1.951300069689751,13659.100487828257,8.26193445011986,171.016401303299,-0.75773823,1,0,0,-29.4067
1.951900072395801,13663.30050677061,8.261896054545911,171.0163974655482,3.0397086,1,0,0,-25.6093
1.9532000496983528,13672.40034788847,8.261812566936541,171.01638815290002,25.723906,1,0,3,-2.9251
1.9534000605344768,13673.80042374134,8.261799725728629,171.01638673061643,29.026453,1,0,1,0.3774
1.9538000598549845,13676.60041898489,8.261774181086617,171.01638432359692,29.171951,1,0,1,0.5229
1.954200059175492,13679.40041422844,8.261748711700799,171.01638215573536,25.758482,1,0,3,-2.8905
1.955100066959858,13685.700468719006,8.261691173410302,171.01637651755925,29.07405,1,0,1,0.425
1.9552000686526296,13686.400480568407,8.261684793896157,171.01637593416697,28.792421,1,0,1,0.1434
1.955800078809261,13690.60055166483,8.26164655087369,171.01637253843882,25.48887,1,0,3,-3.1601
1.956500045955181,13695.500321686268,8.261601782354067,171.01636806787226,28.939907,1,0,1,0.2909
1.956600047647953,13696.200333535671,8.261595399813995,171.01636747131,28.797146,1,0,1,0.1481
1.957700058817864,13703.900411725044,8.261524596011322,171.0163589637652,55.52539,0,0,0,26.8764
1.95800007134676,13706.00049942732,8.26150599469957,171.0163589361211,29.017048,1,0,1,0.368
1.958100065588951,13706.700459122658,8.261499698340918,171.01635861385802,24.773335,1,0,3,-3.8757
1.9595000818371773,13716.50057286024,8.26141021084651,171.0163497738294,29.40562,1,0,1,0.7566
1.9622000828385355,13735.400579869747,8.261237717011255,171.0163328253461,29.417084,1,0,1,0.7681
1.964000061154365,13748.00042808056,8.261122793528973,171.01632167251665,24.90916,1,0,3,-3.7398
1.964300058782101,13750.100411474705,8.2611036250713,171.01631976084337,24.748102,1,0,3,-3.9009
1.964600071310997,13752.20049917698,8.261084451126523,171.01631783295295,24.77061,1,0,3,-3.8784
1.964900068938732,13754.300482571123,8.261065278100524,171.01631590350163,24.764242,1,0,3,-3.8848
1.964900068938732,13754.300482571123,8.261065179239685,171.01631558357528,29.466377,1,0,1,0.8174
1.9661000818014145,13762.7005726099,8.260989051173045,171.01630968184773,2.217216,0,0,0,-26.4318
1.9683000668883324,13778.100468218328,8.260847834996637,171.0162934683906,29.380016,1,0,1,0.731
1.9689000695943832,13782.300487160684,8.260809536695064,171.01628973468618,26.2037,1,0,3,-2.4453
1.969100080430508,13783.700563013554,8.260796748993041,171.01628842163015,26.107132,1,0,3,-2.5419
1.9696000814437864,13787.200570106506,8.260764772415248,171.0162851090837,26.214249,1,0,3,-2.4348
1.9699000492692,13789.300344884396,8.260745519807683,171.01628289896038,29.489933,1,0,1,0.8409
1.9717000722885127,13801.900506019592,8.260630443263423,171.01627108929708,26.840313,1,0,3,-1.8087
1.9720000699162483,13804.000489413738,8.260611210713376,171.01626894675752,28.807684,1,0,1,0.1587
1.9720000699162483,13804.000489413738,8.260611247376263,171.0162690658052,27.057737,1,0,3,-1.5913
1.97210007160902,13804.700501263142,8.2606046522804,171.01626775624865,36.45472,1,0,0,7.8057
1.972500078380108,13807.500548660755,8.26057926769917,171.01626573900586,26.655182,1,0,3,-1.9938
1.9731000810861588,13811.700567603111,8.260540825019282,171.0162615287503,29.230492,1,0,1,0.5815
1.97440005838871,13820.80040872097,8.260457641948234,171.016252757971,29.125784,1,0,1,0.4768
1.974500060081482,13821.500420570374,8.26045128719959,171.01625222667133,26.981888,1,0,3,-1.6671
1.9749000668525696,13824.300467967989,8.260425643123217,171.01624937328037,29.071785,1,0,1,0.4228
1.975900076329708,13831.300534307957,8.260361645449922,171.01624260747695,28.63947,1,0,1,-0.0095
1.9778000563383105,13844.600394368172,8.2602400399936,171.0162297445505,27.05214,1,0,3,-1.5969
1.978600069880485,13850.2004891634,8.260188830299805,171.0162243238739,26.155886,1,0,3,-2.4931
1.978900067508221,13852.300472557545,8.260169597952695,171.01622220050552,27.113623,1,0,3,-1.5354
1.979100078344345,13853.700548410416,8.26015660777843,171.01622029898164,35.814495,1,0,0,7.1655
1.97940007597208,13855.800531804562,8.26013753496654,171.01621868261864,29.098713,1,0,1,0.4497
1.97940007597208,13855.800531804562,8.260137536059473,171.01621868611963,29.047266,1,0,1,0.3983
1.979800082743168,13858.600579202175,8.26011196066195,171.01621606655104,26.891733,1,0,3,-1.7573
1.9824000671505928,13876.80047005415,8.259945389169676,171.01619805016566,26.919636,1,0,3,-1.7294
1.9827000796794887,13878.900557756424,8.259926156263479,171.01619594438793,27.287374,1,0,3,-1.3616
1.983100078999996,13881.700552999971,8.25990048399046,171.01619304515827,29.123878,1,0,1,0.4749
1.9835000485181808,13884.500339627266,8.259874886977078,171.0161903898202,27.379482,1,0,3,-1.2695
1.9836000502109528,13885.20035147667,8.25986844209811,171.01618958049298,29.082094,1,0,1,0.4331
1.983800046145916,13886.600323021412,8.259856369029311,171.01619060610594,-6.3828616,0,0,0,-35.0319
1.9840000569820404,13888.000398874285,8.259842846959954,171.01618694527411,27.04504,1,0,3,-1.604
1.9853000715374949,13897.100500762464,8.259759515627376,171.01617794391046,26.929197,1,0,3,-1.7198
1.986000083386898,13902.000583708286,8.259714631444792,171.01617308241836,27.16081,1,0,3,-1.4882
1.9861000776290887,13902.700543403624,8.259708225847481,171.01617240870033,26.895206,1,0,3,-1.7538
1.9863000810146327,13904.100567102432,8.259695196256452,171.01617035971893,36.680405,1,0,0,8.0314
1.986400082707405,13904.800578951836,8.259688970647073,171.01617027006964,27.83329,1,0,3,-0.8157
1.9868000522255893,13907.600365579128,8.259663298507256,171.01616742386233,29.034084,1,0,1,0.3851
1.9872000515460968,13910.400360822678,8.259637650433637,171.01616466776557,28.93896,1,0,1,0.29
1.9883000627160072,13918.10043901205,8.25956714825441,171.01615722683454,26.827766,1,0,3,-1.8212
1.98840007185936,13918.800503015518,8.25956074072215,171.01615656032206,26.50395,1,0,3,-2.1451
1.9892000705003736,13924.400493502617,8.259509416904073,171.01615102765737,26.968033,1,0,3,-1.681
1.989400066435337,13925.80046504736,8.259496590538214,171.01614966335092,26.836357,1,0,3,-1.8126
1.9903000518679617,13932.100363075731,8.259438937507776,171.01614376324608,22.88151,1,0,0,-5.7675
1.992000073194504,13944.000512361526,8.259329724775712,171.01613173243345,29.205723,1,0,1,0.5567
1.9933000802993768,13953.100562095642,8.259246333562734,171.0161230398655,27.342144,1,0,3,-1.3069
1.9936000481247904,13955.200336873531,8.259227086054567,171.01612102924858,27.084621,1,0,3,-1.5644
1.993700049817562,13955.900348722937,8.259220659670879,171.0161203288418,27.450106,1,0,3,-1.1989
1.993800051510334,13956.600360572338,8.259214696734134,171.01612112783488,5.775871,0,0,0,-22.8731
1.9940000474452968,13958.00033211708,8.25920211223371,171.0161205972059,-6.264433,0,0,0,-34.9134
1.9947000592947008,13962.900415062904,8.25915642925408,171.01611345976764,29.366348,1,0,1,0.7173
1.9962000772356987,13973.40054064989,8.259060134269788,171.01610342659967,29.12603,1,0,1,0.477
1.9963000789284704,13974.100552499294,8.25905371392507,171.01610276014378,29.112183,1,0,1,0.4632
1.997000053524971,13979.000374674795,8.25900881916405,171.0160982574551,26.764587,1,0,3,-1.8844
1.9971000477671623,13979.700334370136,8.259002388684062,171.0160975615243,27.223335,1,0,3,-1.4257
1.9981000572443008,13986.700400710106,8.258938129034277,171.01609078923948,29.324793,1,0,1,0.6758
1.9984000623226168,13988.800436258316,8.258918908872065,171.01608895568623,27.137606,1,0,3,-1.5114
1.9984000623226168,13988.800436258316,8.25891905186181,171.0160894185135,20.332737,1,0,0,-8.3163
1.998800069093704,13991.60048365593,8.258893873983332,171.0160884351322,-4.0007567,0,0,0,-32.6498
1.999400071799755,13995.800502598286,8.258854644328439,171.016082259611,26.956938,1,0,3,-1.6921
1.9996000677347183,13997.200474143028,8.258841816464578,171.0160809986304,26.497173,1,0,3,-2.1518
1.9999000802636149,13999.300561845304,8.258822545765572,171.01607902224052,27.0901,1,0,3,-1.5589
2.0006000474095345,14004.20033186674,8.258777564039313,171.01607436150587,29.366293,1,0,1,0.7173
2.0014000609517097,14009.800426661968,8.258726200940384,171.01606922030672,29.504387,1,0,1,0.8554
2.0015000626444817,14010.500438511372,8.258719792844857,171.01606861929932,28.928621,1,0,1,0.2796
2.002600073814392,14018.200516700745,8.25865012515155,171.01606470227034,-16.754913,0,0,0,-45.4039
2.002900078892708,14020.300552248957,8.258629891566908,171.01605965284244,29.398155,1,0,1,0.7492
2.003100082278252,14021.700575947762,8.25861720905126,171.01605889896544,21.774961,1,0,0,-6.874
2.0041000470519066,14028.700329363346,8.258552834257424,171.0160520340493,29.373508,1,0,1,0.7245
2.005200073122978,14036.400511860847,8.25848223777014,171.01604524338595,26.88115,1,0,3,-1.7679
2.005400069057941,14037.80048340559,8.258469340613459,171.01604381353818,29.332174,1,0,1,0.6832
2.005700066685677,14039.900466799736,8.258450072275785,171.0160419227744,29.29146,1,0,1,0.6425
2.007900059223175,14055.300414562224,8.25830874800873,171.0160280826588,29.148703,1,0,1,0.5553
2.008600063621998,14060.200445353985,8.258263827254737,171.01602386096516,26.573895,1,0,3,-2.0195
2.008700057864189,14060.900405049324,8.258257394947176,171.01602320935427,26.923632,1,0,3,-1.6697
2.009000070393085,14063.000492751598,8.258238066590362,171.01602115916552,29.377659,1,0,1,0.7843
2.0095000714063644,14066.500499844553,8.258205942627086,171.01601803386606,29.19521,1,0,1,0.6018
2.0095000714063644,14066.500499844553,8.258205988823244,171.01601818348294,26.995453,1,0,3,-1.5979
2.009900078177452,14069.300547242165,8.258181165695419,171.01601852570562,-14.932775,0,0,0,-43.5261
2.010200083255768,14071.400582790377,8.25816096127065,171.01601364442948,29.16509,1,0,1,0.5717
2.011200062930584,14078.400440514088,8.258096688945427,171.01600733884388,29.654089,1,0,1,1.0607
2.011300057172776,14079.100400209429,8.258090320111055,171.01600689706038,26.92767,1,0,3,-1.6657
2.011400058865547,14079.80041205883,8.25808384245263,171.01600610498352,29.35025,1,0,1,0.7569
2.011400058865547,14079.80041205883,8.258083893242011,171.01600626932782,26.934061,1,0,3,-1.6593
2.0118000581860542,14082.60040730238,8.258057295512275,171.01600087514962,69.34779,0,0,0,40.7544
2.0125000700354576,14087.500490248203,8.258013206431572,171.01599939756468,26.489208,1,0,3,-2.1042
2.0128000676631927,14089.60047364235,8.257993918756972,171.01599749352494,26.795872,1,0,3,-1.7975
2.0129000693559647,14090.300485491753,8.257987495211253,171.01599687762666,26.620283,1,0,3,-1.9731
2.013800077140332,14096.60053998232,8.257929644564511,171.01599120974754,26.8334,1,0,3,-1.76
2.0141000524163246,14098.700366914272,8.257910316822985,171.01598917165222,29.075495,1,0,1,0.4821
2.014300048351288,14100.100338459017,8.257897499275808,171.01598803475144,27.30135,1,0,3,-1.292
2.014600060880184,14102.20042616129,8.257878185589997,171.01598604849409,28.759233,1,0,1,0.1659
2.0154000595211983,14107.800416648388,8.257826862019627,171.01598132445883,24.167442,1,0,0,-4.4259
2.016400068998337,14114.800482988358,8.25776248870008,171.01597470223777,28.824318,1,0,1,0.231
2.016400068998337,14114.800482988358,8.257762473293885,171.01597465286247,29.549995,1,0,1,0.9566
2.016800083220005,14117.600582540035,8.25773681636904,171.01597230041517,27.002909,1,0,3,-1.5905
2.016800083220005,14117.600582540035,8.257736825401265,171.01597232936294,26.57746,1,0,3,-2.0159
2.01780004799366,14124.60033595562,8.257672498432452,171.01596582176236,29.28681,1,0,1,0.6934
2.0183000639081,14128.1004473567,8.257640404455968,171.0159627900625,27.293743,1,0,3,-1.2996
2.018600061535836,14130.200430750849,8.257621107678338,171.01596083310127,28.100838,1,0,0,-0.4925
2.0188000574707985,14131.60040229559,8.257608230077034,171.01595948550943,29.258528,1,0,1,0.6652
2.019000068306923,14133.00047814846,8.257595561938567,171.01595838091626,29.335342,1,0,1,0.742
2.01940006762743,14135.80047339201,8.257569808248343,171.01595579443625,29.37054,1,0,1,0.7772
2.0201000794768333,14140.700556337832,8.257524796215193,171.01595144015226,26.810648,1,0,3,-1.7827
2.0206000804901123,14144.200563430786,8.257492617752538,171.0159482271754,26.426933,1,0,3,-2.1664
2.021000050008297,14147.00035005808,8.257466866526414,171.01594561421712,26.71087,1,0,3,-1.8825
2.0216000601649284,14151.2004211545,8.257428196443273,171.01594154860007,29.221449,1,0,1,0.6281
2.0216000601649284,14151.2004211545,8.257428845184005,171.0159436504278,-1.6790866,0,0,0,-30.2724
2.022900067269802,14160.300470888616,8.257344041380186,171.01593145576916,53.322556,1,0,0,24.7292
2.022900067269802,14160.300470888616,8.25734459521243,171.0159332502604,26.940094,1,0,3,-1.6533
2.023000068962574,14161.000482738018,8.25733811497589,171.01593244701667,29.178003,1,0,1,0.5846
2.023900084197521,14167.300589382648,8.257280270281202,171.01592672747924,27.064455,1,0,3,-1.5289
2.0246000587940216,14172.200411558151,8.257235261461966,171.01592216196414,27.07925,1,0,3,-1.5141
2.024700060486793,14172.900423407556,8.25722949726086,171.01592366325207,-4.5832424,0,0,0,-33.1766
2.026500068604946,14185.500480234625,8.25711307704782,171.01590948217054,31.148212,1,0,0,2.5549
2.026600077748298,14186.20054423809,8.257106701176868,171.01590898357165,28.87561,1,0,1,0.2822
2.027700051665306,14193.900361657144,8.25703610906532,171.01590191504232,27.166298,1,0,3,-1.4271
2.027800053358078,14194.600373506546,8.257029686268623,171.01590124892562,27.3563,1,0,3,-1.2371
2.028000049293041,14196.000345051289,8.257016849135196,171.0158999386862,27.414234,1,0,3,-1.1791
2.028400063514709,14198.800444602966,8.256991190203783,171.0158973572922,26.956184,1,0,3,-1.6372
2.028500057756901,14199.500404298306,8.25698584693645,171.01590017870762,-24.124659,0,0,0,-52.718
2.0286000594496727,14200.200416147709,8.256978316708215,171.01589591402794,28.973223,1,0,1,0.3799
2.0287000611424446,14200.900427997112,8.25697189910103,171.0158952534099,29.084875,1,0,1,0.4915
2.0287000611424446,14200.900427997112,8.256971946193891,171.01589540598405,26.841734,1,0,3,-1.7516
2.029600068926811,14207.20048248768,8.256914229239875,171.0158895343394,26.784418,1,0,3,-1.8089
2.0303000807762146,14212.100565433502,8.256869358510325,171.01588496017848,26.886274,1,0,3,-1.7071
2.0311000496149063,14217.700347304344,8.256818061743457,171.0158795906141,29.150925,1,0,1,0.5576
2.0312000513076782,14218.400359153748,8.256811654338614,171.01587892961143,29.288586,1,0,1,0.6952
2.031400062143802,14219.800435006618,8.256798847811613,171.01587763152324,29.215334,1,0,1,0.622
2.0319000631570816,14223.300442099571,8.256766845170437,171.01587440083046,28.843872,1,0,1,0.2505
2.0326000675559044,14228.20047289133,8.256722095764061,171.0158699958028,26.649343,1,0,3,-1.944
2.032800070941448,14229.600496590136,8.2567092487898,171.01586852609674,29.140066,1,0,1,0.5467
2.033200070261956,14232.400491833689,8.25668380196085,171.01586636866602,22.645588,1,0,0,-5.9478
2.033500082790852,14234.50057953596,8.256664479170805,171.01586396814395,29.29556,1,0,1,0.7022
2.033900082111358,14237.30057477951,8.256638977820684,171.01586159353968,26.044592,1,0,3,-2.5488
2.034100078046322,14238.700546324251,8.256626176104046,171.0158602328946,26.978874,1,0,3,-1.6145
2.034400053322315,14240.800373256208,8.256606959655603,171.01585813136867,29.287842,1,0,1,0.6945
2.0345000475645065,14241.500332951546,8.256600574903151,171.0158574955604,29.110146,1,0,1,0.5168
2.0346000492572784,14242.20034480095,8.256594229274285,171.01585698686344,27.064873,1,0,3,-1.5285
2.0348000526428223,14243.600368499756,8.25658142118378,171.01585558595897,28.619377,1,0,1,0.026
2.0354000627994537,14247.800439596176,8.256543137926824,171.01585180854548,27.080921,1,0,3,-1.5124
2.0358000695705414,14250.60048699379,8.25651759739513,171.01584920290097,27.384583,1,0,3,-1.2088
2.0359000712633133,14251.300498843191,8.25651181248157,171.01585049305288,-1.0789412,0,0,0,-29.6723
2.0364000722765923,14254.800505936146,8.256479265365606,171.01584518261973,29.555006,1,0,1,0.9616
2.0368000715971,14257.600501179695,8.256453794707882,171.01584274746497,27.447895,1,0,3,-1.1455
2.037100084125996,14259.70058888197,8.256434670401541,171.01584084010238,27.083538,1,0,3,-1.5098
2.03860005736351,14270.200401544573,8.256339030587528,171.01583105227144,29.310177,1,0,1,0.7168
2.039000064134598,14273.000448942184,8.256313243641957,171.01582838766203,29.125257,1,0,1,0.5319
2.041600063443184,14291.200444102287,8.256148362243641,171.0158120978253,27.535627,1,0,3,-1.0577
2.0428000688552856,14299.600481987,8.256072283484018,171.0158044618579,29.092268,1,0,1,0.4989
2.0428000688552856,14299.600481987,8.25607238156789,171.0158047794045,24.423796,1,0,0,-4.1696
2.0434000715613365,14303.800500929356,8.25603431921252,171.01580086063447,26.799982,1,0,3,-1.7934
2.0434000715613365,14303.800500929356,8.256034311983358,171.01580083746617,27.140488,1,0,3,-1.4529
2.044000081717968,14308.000572025776,8.255996253092826,171.01579691996722,29.56786,1,0,1,0.9745
2.044200077652931,14309.400543570518,8.255983637924826,171.01579584103183,27.056732,1,0,3,-1.5366
2.044200077652931,14309.400543570518,8.255984255447657,171.0157978407348,-2.3421838,0,0,0,-30.9355
2.044900052249432,14314.30036574602,8.255939298858955,171.0157914576014,27.248726,1,0,3,-1.3446
2.044900052249432,14314.30036574602,8.25593958421544,171.0157923816081,13.664347,1,0,0,-14.929
2.045200064778328,14316.400453448296,8.255921144410266,171.01579232940438,-13.082394,0,0,0,-41.6758
2.045500062406063,14318.500436842442,8.255901032595764,171.0157868598198,39.82978,1,0,0,11.2364
2.046600073575973,14326.200515031816,8.255831631453255,171.01578088657368,26.915047,1,0,3,-1.6783
2.0484000593423843,14338.80041539669,8.255717603481054,171.01576971457925,26.600227,1,0,3,-1.9931
2.0493000596761703,14345.100417733192,8.255660699487843,171.01576456678157,20.07961,1,0,0,-8.5138
2.050600081682205,14354.200571775436,8.255578130513346,171.01575605346252,26.537682,1,0,3,-2.0557
2.051100082695484,14357.70057886839,8.255546408510545,171.0157529403917,26.650154,1,0,3,-1.9432
2.0512000545859337,14358.400382101536,8.255540010012135,171.0157521407432,29.2771,1,0,1,0.6837
2.051400050520897,14359.800353646278,8.25552733469974,171.01575094831483,28.544477,1,0,1,-0.0489
2.0516000539064407,14361.200377345083,8.255514634286842,171.01574968186247,28.897692,1,0,1,0.3043
2.0516000539064407,14361.200377345083,8.255514847100327,171.01575037153262,18.758566,1,0,0,-9.8348
2.051800064742565,14362.600453197956,8.255502074756444,171.0157488779743,22.448545,1,0,0,-6.1448
2.0520000606775284,14364.0004247427,8.255489673374326,171.0157485876545,8.44935,1,0,0,-20.144
2.052200064063072,14365.400448441504,8.255476599896584,171.01574612889328,26.325134,1,0,3,-2.2682
2.0523000583052635,14366.100408136845,8.255470199597854,171.01574534188464,28.759546,1,0,1,0.1662
2.053100071847439,14371.700502932072,8.255420163613278,171.01574288357213,-8.212653,0,0,0,-36.806
2.0537000745534897,14375.900521874428,8.255381307184951,171.0157367954043,26.421108,1,0,3,-2.1723
2.0557000637054443,14389.90044593811,8.255254017238974,171.0157241413115,29.259584,1,0,1,0.6662
2.0560000613331795,14392.000429332256,8.255235065203166,171.01572275911994,22.052742,1,0,0,-6.5406
2.0568000748753548,14397.600524127483,8.255183948387332,171.01571728632027,29.027128,1,0,1,0.4338
2.057000070810318,14399.000495672226,8.255171265452347,171.01571624727262,25.914452,1,0,3,-2.6789
2.0572000816464424,14400.400571525097,8.255158444113452,171.01571476882654,29.252975,1,0,1,0.6596
2.0573000833392143,14401.1005833745,8.255152144218913,171.01571439116407,25.604172,1,0,3,-2.9892
2.0577000826597214,14403.90057861805,8.255126628720943,171.0157118729366,25.802538,1,0,3,-2.7908
2.0578000843524933,14404.600590467451,8.25512023807506,171.0157112090833,26.35161,1,0,3,-2.2418
2.0579000785946846,14405.300550162792,8.255113869084884,171.01571061815707,25.826141,1,0,3,-2.7672
2.058100052177906,14406.700365245342,8.25510110953485,171.01570936667878,25.794893,1,0,3,-2.7985
2.059700071811676,14417.900502681732,8.254999031598041,171.01569912390323,28.743464,1,0,1,0.1501
2.05990007519722,14419.30052638054,8.254987116652643,171.01570080632044,-14.536502,0,0,0,-43.1299
2.0613000839948654,14429.100587964058,8.25489637158587,171.01568901700992,28.646412,1,0,1,0.0531
2.061800055205822,14432.600386440754,8.254864321667801,171.01568604440624,25.748413,1,0,3,-2.8449
2.062300063669681,14436.10044568777,8.254832124441604,171.0156826403235,29.121534,1,0,1,0.5282
2.0626000612974167,14438.200429081917,8.254812907630399,171.01568094285258,26.0414,1,0,3,-2.552
2.063200071454048,14442.400500178335,8.254774264121501,171.01567691219873,29.146847,1,0,1,0.5535
2.0640000849962234,14448.000594973564,8.254722868798995,171.01567203171945,25.867107,1,0,3,-2.7263
2.0646000802516937,14452.200561761856,8.254684260405494,171.01566821850767,25.531904,1,0,3,-3.0615
2.0647000819444656,14452.90057361126,8.254677813985989,171.0156675499582,25.950495,1,0,3,-2.6429
2.0647000819444656,14452.90057361126,8.25467782246413,171.0156675771128,25.551455,1,0,3,-3.0419
2.065400063991546,14457.800447940826,8.254632676069434,171.0156628486436,29.115871,1,0,1,0.5225
2.06560005992651,14459.200419485567,8.254619795595008,171.01566156673826,29.09132,1,0,1,0.498
2.0672000721096992,14470.400504767897,8.254516698038104,171.01565126666534,29.109625,1,0,1,0.5163
2.067300073802471,14471.100516617298,8.254510312363957,171.01565081622027,26.2432,1,0,3,-2.3502
2.067600078880787,14473.200552165508,8.254490968632457,171.015648865499,26.43572,1,0,3,-2.1576
2.067900083959102,14475.300587713718,8.254471639270342,171.01564696735275,25.827248,1,0,3,-2.7661
2.0685000494122505,14479.500345885754,8.254432950740059,171.01564307557004,25.93674,1,0,3,-2.6566
2.0689000636339188,14482.300445437431,8.254407154376416,171.01564048320276,25.91352,1,0,3,-2.6798
2.069200061261654,14484.400428831575,8.254387821305002,171.01563858491764,25.189632,1,0,3,-3.4037
2.069500058889389,14486.500412225723,8.25436846257285,171.01563660652528,25.615723,1,0,3,-2.9776
2.069700069725513,14487.900488078594,8.254355711025884,171.01563579002067,18.498205,1,0,0,-10.0952
2.0707000717520714,14494.9005022645,8.254291047207127,171.01562877119727,25.89892,1,0,3,-2.6944
2.0707000717520714,14494.9005022645,8.254291123550018,171.01562901737856,22.280527,1,0,0,-6.3128
2.071600049734116,14501.20034813881,8.254232985522394,171.01562288526344,25.975582,1,0,3,-2.6178
2.0717000514268875,14501.900359988213,8.254226457913253,171.01562198361967,29.610048,1,0,1,1.0167
2.071900054812432,14503.30038368702,8.254213626846065,171.01562090578557,26.20615,1,0,3,-2.3872
2.0735000744462013,14514.50052112341,8.254110349212855,171.01561020295293,29.151299,1,0,1,0.5579
2.0739000737667084,14517.30051636696,8.254084184738481,171.0156063894715,46.506363,1,0,0,17.913
2.074300080537796,14520.100563764572,8.254058750912804,171.0156049346954,29.145796,1,0,1,0.5524
2.074800081551075,14523.600570857525,8.254026571467932,171.01560184489708,26.078335,1,0,3,-2.515
2.0749000534415245,14524.300374090672,8.254020060183286,171.01560097561955,29.154272,1,0,1,0.5609
2.0749000534415245,14524.300374090672,8.254020061337547,171.01560097931832,29.099918,1,0,1,0.5066
2.075300052762032,14527.10036933422,8.253994334800137,171.0155985474301,26.004402,1,0,3,-2.589
2.0754000544548035,14527.800381183624,8.253987883499265,171.01559787243386,26.210424,1,0,3,-2.3829
2.075800061225891,14530.600428581238,8.253962101930004,171.0155952477957,25.900328,1,0,3,-2.693
2.0764000713825226,14534.800499677658,8.253923418490949,171.01559124485283,26.338614,1,0,3,-2.2547
2.0764000713825226,14534.800499677658,8.253923419983613,171.01559124963626,26.26832,1,0,3,-2.325
2.0765000730752945,14535.50051152706,8.253916978567878,171.0155905980976,26.104029,1,0,3,-2.4893
2.0766000747680664,14536.200523376465,8.25391071694105,171.01559052812803,17.38824,1,0,0,-11.2051
2.0767000690102577,14536.900483071804,8.253904030145456,171.01558907880508,28.947857,1,0,1,0.3545
2.077000074088573,14539.000518620014,8.253884758346064,171.01558728193385,26.110645,1,0,3,-2.4827
2.0771000683307648,14539.700478315352,8.253878324319041,171.01558664814632,25.672861,1,0,3,-2.9205
2.0773000717163086,14541.10050201416,8.253865361049348,171.01558506886497,29.373354,1,0,1,0.78
2.0801000744104385,14560.70052087307,8.253684890087658,171.01556590639464,37.48837,1,0,0,8.895
2.0805000737309456,14563.50051611662,8.253659376733694,171.01556379969347,28.88431,1,0,1,0.2909
2.0813000798225403,14569.100558757782,8.253608081907466,171.01555865585485,25.303225,1,0,3,-3.2901
2.0820000544190407,14574.000380933285,8.253563077835281,171.01555368596283,29.027235,1,0,1,0.4339
2.082200050354004,14575.400352478027,8.253549648168168,171.0155504036658,57.464134,1,0,0,28.8708
2.082200050354004,14575.400352478027,8.253550589444082,171.0155534540594,12.619822,1,0,0,-15.9735
2.0824000611901283,14576.800428330898,8.253536772420718,171.01554891520968,59.525944,0,0,0,30.9326
2.0824000611901283,14576.800428330898,8.25353747687158,171.01555119698313,25.981604,1,0,3,-2.6118
2.082600064575672,14578.200452029703,8.253524654523865,171.01554987297618,25.626017,1,0,3,-2.9673
2.083100065588951,14581.700459122658,8.253492516615012,171.01554627257852,29.003242,1,0,1,0.4099
2.084600083529949,14592.200584709644,8.253396548342463,171.01553672547368,20.710007,1,0,0,-7.8834
2.084700085222721,14592.900596559048,8.253389974855079,171.01553550935972,28.681803,1,0,1,0.0884
2.085400052368641,14597.800366580486,8.253344681208013,171.0155292921765,50.757362,1,0,0,22.164
2.0860000625252724,14602.000437676908,8.253306725974978,171.0155267345024,28.965723,1,0,1,0.3724
2.087000072002411,14609.000504016876,8.253242914485524,171.01552058415717,20.48725,1,0,0,-8.1061
2.087300069630146,14611.100487411022,8.253223539080265,171.01551796401046,29.365072,1,0,1,0.7717
2.087300069630146,14611.100487411022,8.253223545201452,171.01551798362897,29.076742,1,0,1,0.4834
2.0881000831723213,14616.70058220625,8.253172388092418,171.0155126059912,29.158165,1,0,1,0.5648
2.0881000831723213,14616.70058220625,8.253172698559585,171.01551361220078,14.364926,1,0,0,-14.2284
2.088500052690506,14619.500368833542,8.253147089941553,171.0155107923167,16.378557,1,0,0,-12.2148
2.088700048625469,14620.900340378284,8.253133956604222,171.01550831189877,33.133953,1,0,0,4.5406
2.089100062847137,14623.700439929962,8.253108474482374,171.01550588653774,29.389872,1,0,1,0.7965
2.089100062847137,14623.700439929962,8.25310848155533,171.01550590920593,29.056717,1,0,1,0.4634
2.089100062847137,14623.700439929962,8.253108480832175,171.01550590688828,29.090778,1,0,1,0.4974
2.08980005979538,14628.600418567656,8.253063762684528,171.01550121493406,29.204454,1,0,1,0.6111
2.089900061488152,14629.30043041706,8.253057675204566,171.0155015165654,14.940169,1,0,0,-13.6532
2.0914000794291496,14639.800556004047,8.252961626796338,171.0154905761529,28.643042,1,0,1,0.0497
2.091500081121921,14640.50056785345,8.252955281654593,171.01549002868265,26.903059,1,0,0,-1.6903
2.092000052332878,14644.000366330149,8.252923338150469,171.01548656481484,28.930634,1,0,1,0.3373
2.094100072979927,14658.70051085949,8.252789585752392,171.01547318463804,21.067165,1,0,0,-7.5262
2.0946000814437866,14662.200570106506,8.252757550571989,171.01546934650324,28.990837,1,0,1,0.3975
2.0957000628113747,14669.900439679624,8.252687457311982,171.01546209927434,29.124014,1,0,1,0.5307
2.0965000614523888,14675.50043016672,8.25263649503899,171.0154568490021,29.177492,1,0,1,0.5841
2.097200073301792,14680.400513112543,8.252591917067097,171.01545228696628,28.93525,1,0,1,0.3419
2.097600072622299,14683.200508356094,8.252566447429146,171.01544968483154,28.80465,1,0,1,0.2113
2.0979000851511955,14685.300596058369,8.252547343178364,171.0154477274752,28.826834,1,0,1,0.2335
2.0990000516176224,14693.000361323357,8.252477548696298,171.015441477188,12.96551,1,0,0,-15.6279
2.099900059401989,14699.300415813925,8.252419969290179,171.01543465265974,29.05661,1,0,1,0.4632
2.1012000739574432,14708.400517702104,8.252337290618755,171.01542640024434,29.157244,1,0,1,0.5639
2.1021000519394875,14714.700363576412,8.252280417950026,171.01542188907334,11.83135,1,0,0,-16.762
2.1024000495672226,14716.800346970558,8.252260972691719,171.0154188125223,29.223623,1,0,1,0.6303
2.103600069880485,14725.2004891634,8.252184641194486,171.0154112432484,29.329714,1,0,1,0.7364
2.103700071573257,14725.900501012802,8.252178284194645,171.01541062816693,29.119703,1,0,1,0.5263
2.1038000732660294,14726.600512862206,8.252171918373502,171.01540998534196,29.319056,1,0,1,0.7257
2.10490008443594,14734.30059105158,8.25210193519623,171.0154030807419,29.158337,1,0,1,0.565
2.1058000549674034,14740.600384771824,8.25204384335487,171.01539478556205,68.02955,0,0,0,39.4362
2.1076000705361366,14753.200493752956,8.251930059684073,171.01538616110216,28.775501,1,0,1,0.1821
2.10830008238554,14758.10057669878,8.251885463440388,171.01538176032386,28.902344,1,0,1,0.309
2.109700061380863,14767.900429666042,8.251796219245808,171.0153729238116,29.598461,1,0,1,1.0051
2.110300064086914,14772.100448608398,8.25175816098084,171.01536981228378,19.91223,1,0,0,-8.6811
2.114200070500374,14799.400493502617,8.251508781972355,171.01534410255596,36.229725,1,0,0,7.6364
2.114200070500374,14799.400493502617,8.251508932155447,171.0153445883049,29.088606,1,0,1,0.4952
2.1144000738859177,14800.800517201424,8.251495575186306,171.01534147996128,56.156796,0,0,0,27.5634
2.1162000596523285,14813.4004175663,8.25138094694155,171.0153317906123,30.499023,1,0,0,1.9057
2.1162000596523285,14813.4004175663,8.251381350327165,171.0153330952198,11.319902,0,0,0,-17.2735
2.1167000606656075,14816.900424659252,8.251348956886916,171.01532868803335,29.264677,1,0,1,0.6713
2.117300070822239,14821.100495755672,8.251309883415765,171.01532279106468,59.649666,0,0,0,31.0563
2.119000054895878,14833.000384271145,8.251201775652294,171.01531420143516,29.261293,1,0,1,0.6679
2.121100075542927,14847.700528800488,8.251066667793529,171.01530034847136,29.466002,1,0,1,0.8726
2.1217000856995583,14851.900599896908,8.25102835892343,171.01529742508004,14.125247,0,0,0,-14.4681
2.1220000833272934,14854.000583291054,8.251008725209063,171.01529442222431,29.08843,1,0,1,0.4951
2.1223000809550285,14856.1005666852,8.25099031771282,171.01529539753952,-14.448158,0,0,0,-43.0415
2.1235000640153885,14864.50044810772,8.250912086207506,171.01528447031976,29.28945,1,0,1,0.6961
2.124800071120262,14873.600497841837,8.250828293538103,171.0152758494568,29.243296,1,0,1,0.6499
2.124900072813034,14874.300509691238,8.250821854848091,171.01527521252837,28.851902,1,0,1,0.2585
2.1266000643372536,14886.200450360777,8.250711641179123,171.01526200146637,57.26774,0,0,0,28.6744
2.128000073134899,14896.000511944294,8.250621941124145,171.01525463120186,29.235207,1,0,1,0.6418
2.1285000815987587,14899.50057119131,8.250589701390703,171.01525134595957,28.887741,1,0,1,0.2944
2.1290000826120377,14903.000578284264,8.250557456259953,171.01524804277128,28.848215,1,0,1,0.2549
2.1295000538229942,14906.50037676096,8.250525731828994,171.0152464187022,4.174423,0,0,0,-24.4189
2.131100073456764,14917.70051419735,8.250422036342323,171.0152341725905,29.238314,1,0,1,0.645
2.1314000710845,14919.800497591496,8.25040269415583,171.01523219474234,29.33534,1,0,1,0.742
2.131800085306168,14922.600597143171,8.250376907709601,171.01522956676723,29.370268,1,0,1,0.7769
2.1327000558376312,14928.90039086342,8.250318900609187,171.01522365980446,29.552702,1,0,1,0.9593
2.133600063621998,14935.200445353985,8.250260915354783,171.0152177940276,29.40348,1,0,1,0.8101
2.1338000670075417,14936.600469052792,8.250247678821808,171.0152153495499,46.184643,0,0,0,17.5913
2.13530008494854,14947.100594639778,8.250151462824427,171.0152068345705,28.182322,1,0,0,-0.411
2.1399000659585,14979.3004617095,8.249855581340762,171.01517720679203,28.981768,1,0,1,0.3884
2.140200063586235,14981.400445103644,8.249836361600543,171.0151753422161,29.177193,1,0,1,0.5838
2.140200063586235,14981.400445103644,8.249836358632505,171.01517533270325,29.317007,1,0,1,0.7236
2.140600062906742,14984.200440347196,8.249810749212225,171.01517288858022,29.015823,1,0,1,0.4225
2.1408000737428665,14985.600516200066,8.249797941758684,171.01517165458245,29.062386,1,0,1,0.469
2.1412000730633736,14988.400511443617,8.249772126086842,171.0151685218406,38.973465,1,0,0,10.3801
2.1418000757694244,14992.600530385973,8.249733929741653,171.01516550291257,29.239094,1,0,1,0.6457
2.1440000608563423,15008.000425994396,8.249593225037517,171.0151520670661,29.170874,1,0,1,0.5775
2.1447000727057457,15012.90050894022,8.249548477733649,171.0151477908348,29.364017,1,0,1,0.7707
2.146100051701069,15022.700361907482,8.249459033595532,171.0151392935902,29.09408,1,0,1,0.5007
2.148200072348118,15037.400506436825,8.249324915773865,171.01512650306563,29.38402,1,0,1,0.7907
2.148900084197521,15042.300589382648,8.249280225225762,171.01512224311284,29.351694,1,0,1,0.7583
2.150100067257881,15050.700470805168,8.249203620233594,171.0151149132493,29.514545,1,0,1,0.9212
2.1503000631928444,15052.10044234991,8.249190858246003,171.0151137043344,29.32646,1,0,1,0.7331
2.15110007673502,15057.700537145138,8.249139793195614,171.01510880857876,29.35686,1,0,1,0.7635
2.151300072669983,15059.10050868988,8.249126056172537,171.01510443576623,75.62866,0,0,0,47.0353
2.152300082147121,15066.10057502985,8.249063203317288,171.0151014592426,29.146229,1,0,1,0.5529
2.1539000645279884,15077.30045169592,8.248961069248068,171.01509157716364,29.312035,1,0,1,0.7187
2.154100060462952,15078.700423240662,8.248948302407243,171.0150903398267,29.292736,1,0,1,0.6994
2.155200071632862,15086.400501430036,8.24887807196566,171.01508349903818,29.39377,1,0,1,0.8004
2.1562000811100006,15093.400567770004,8.248814220501401,171.01507726503905,29.221577,1,0,1,0.6282
2.156700052320957,15096.9003662467,8.248782739346355,171.0150755852025,7.8276973,0,0,0,-20.7657
2.1575000658631325,15102.500461041927,8.248731192305293,171.0150691014032,29.125816,1,0,1,0.5325
2.157700061798096,15103.90043258667,8.248718415368247,171.01506783642745,29.165436,1,0,1,0.5721
2.157700061798096,15103.90043258667,8.248719362768375,171.0150709062338,-15.959888,0,0,0,-44.5532
2.158100076019764,15106.700532138348,8.248693257075505,171.01506659537282,10.23119,0,0,0,-18.3622
2.158400073647499,15108.800515532494,8.248673050013377,171.0150613286944,59.710705,0,0,0,31.1173
2.1592000871896744,15114.40061032772,8.248622727279166,171.01505853107545,28.991177,1,0,1,0.3978
2.1594000831246376,15115.800581872463,8.248609924482498,171.01505723363385,28.8979,1,0,1,0.3045
2.1601000651717186,15120.70045620203,8.248565105191009,171.01505267064903,28.717175,1,0,1,0.1238
2.1614000722765923,15129.800505936146,8.248481830122431,171.01504410529265,29.026957,1,0,1,0.4336
2.162100076675415,15134.700536727903,8.248436984345043,171.0150394927973,28.849916,1,0,1,0.2566
2.1634000539779663,15143.800377845764,8.248353664115378,171.0150308352897,29.280313,1,0,1,0.687
2.164300061762333,15150.10043233633,8.24829536845515,171.01502288237697,57.973064,0,0,0,29.3797
2.164600074291229,15152.200520038605,8.248276751918137,171.01502287883497,28.552465,1,0,1,-0.0409
2.167000062763691,15169.000439345837,8.248122508644787,171.0150056660229,44.816193,1,0,0,16.2228
2.1673000678420067,15171.100474894049,8.248103338310154,171.01500387849944,41.392155,1,0,0,12.7988
2.16750006377697,15172.50044643879,8.248090768970483,171.0150033675649,29.0933,1,0,1,0.4999
2.1677000671625137,15173.900470137596,8.248077949145035,171.01500204936562,28.651983,1,0,1,0.0586
2.168000064790249,15176.000453531742,8.24805869980879,171.01500000449613,28.971914,1,0,1,0.3786
2.1687000766396523,15180.900536477566,8.248014298402794,171.0149969071867,5.049606,0,0,0,-23.5438
2.169200085103512,15184.400595724584,8.247981720217837,171.01499190142752,28.986166,1,0,1,0.3928
2.169600084424019,15187.200590968132,8.247955142127406,171.0149862280421,72.64886,0,0,0,44.0555
2.170500062406063,15193.500436842442,8.247898877431128,171.01498491099727,2.5549984,0,0,0,-26.0384
2.1715000718832016,15200.500503182411,8.247834058293922,171.0149759989936,34.13412,1,0,0,5.5408
2.17250008136034,15207.50056952238,8.247770007078959,171.0149695736551,29.16968,1,0,1,0.5763
2.172600083053112,15208.200581371784,8.24776358687699,171.01496888248823,29.390553,1,0,1,0.7972
2.1737000569701195,15215.900398790836,8.247693026406848,171.01496146623057,29.135624,1,0,1,0.5423
2.1744000613689423,15220.800429582596,8.247648704089647,171.0149586266797,1.4029291,0,0,0,-27.1904
2.1755000725388527,15228.500507771969,8.247577562161531,171.01494932146394,29.17166,1,0,1,0.5783
2.1767000555992126,15236.900389194489,8.247500597414104,171.01494124006052,29.302975,1,0,1,0.7096
2.1767000555992126,15236.900389194489,8.247500601402125,171.01494125284196,29.11513,1,0,1,0.5218
2.1786000728607178,15250.200510025024,8.24737816970331,171.01492658284184,57.586407,0,0,0,28.993
2.179300084710121,15255.100592970848,8.247333802662391,171.0149236947184,29.416773,1,0,1,0.8234
2.180800065398216,15265.600457787514,8.247237766439184,171.0149139036963,28.884884,1,0,1,0.2915
2.180900067090988,15266.300469636915,8.247231363606597,171.01491324908662,28.901014,1,0,1,0.3077
2.1811000630259514,15267.70044118166,8.247218550054116,171.01491191271654,29.341946,1,0,1,0.7486
2.182200074195862,15275.400519371033,8.247147444855619,171.0149025169206,62.049355,0,0,0,33.456
2.182500071823597,15277.50050276518,8.247128934701042,171.01490280670646,29.095724,1,0,1,0.5024
2.1828000843524933,15279.600590467451,8.247108989009611,171.01489845137564,64.457405,0,0,0,35.864
2.183600053191185,15285.200372338297,8.247058530152724,171.0148956564437,29.218334,1,0,1,0.625
2.1843000650405884,15290.10045528412,8.247013575616856,171.01489061450098,36.686367,1,0,0,8.093
2.185000076889992,15295.000538229942,8.246968942738194,171.01488660946274,29.028706,1,0,1,0.4353
2.187000051140785,15309.000357985497,8.246840982906091,171.01487372607397,28.920174,1,0,1,0.3268
2.1876000612974167,15313.200429081917,8.246801562407937,171.01486651806292,78.18627,0,0,0,49.5929
2.188100062310696,15316.70043617487,8.246770617078145,171.01486668134578,28.576216,1,0,1,-0.0171
2.188400074839592,15318.800523877144,8.246751422502987,171.01486474902646,28.678116,1,0,1,0.0848
2.1906000673770905,15334.200471639631,8.246609757904979,171.01484763599612,73.06872,0,0,0,44.4754
2.19170006364584,15341.900445520878,8.246540330336313,171.01484363868602,28.4255,1,0,1,-0.1679
2.191900074481964,15343.300521373749,8.246527533039446,171.01484235161502,28.554806,1,0,1,-0.0386
2.1926000863313675,15348.200604319572,8.246482746470923,171.0148378565453,28.887398,1,0,1,0.294
2.1928000822663307,15349.600575864317,8.246469923468705,171.01483648403027,30.285067,1,0,0,1.6917
2.1933000832796097,15353.100582957268,8.246437969172158,171.01483339320052,28.779306,1,0,1,0.1859
2.194600068032741,15362.20047622919,8.246353823574898,171.01482191862726,75.4506,0,0,0,46.8572
2.1953000724315643,15367.10050702095,8.246310018895638,171.01482062541595,28.76134,1,0,1,0.168
2.1953000724315643,15367.10050702095,8.246310015595265,171.014820613243,28.940971,1,0,1,0.3476
2.1990000754594803,15393.000528216362,8.246073260755573,171.01479707457796,29.066996,1,0,1,0.4736
2.199400082230568,15395.800575613976,8.246047654531163,171.01479449055938,29.046207,1,0,1,0.4528
2.199900083243847,15399.300582706928,8.246015644688688,171.01479125721133,29.05256,1,0,1,0.4592
2.2007000520825386,15404.90036457777,8.245963965388839,171.01478458909656,51.003452,0,0,0,22.4101
2.2007000520825386,15404.90036457777,8.245963849056984,171.01478421148488,56.555412,0,0,0,27.9621
2.201500065624714,15410.500459372995,8.245913187628279,171.01478086258865,29.662619,1,0,1,1.0693
2.201600067317486,15411.2004712224,8.245906792123016,171.01478024132024,29.277878,1,0,1,0.6845
2.203900054097176,15427.30037868023,8.245759491353613,171.01476535797585,29.034256,1,0,1,0.4409
2.2040000557899475,15428.000390529633,8.24575307795905,171.01476468558073,29.39061,1,0,1,0.7972
2.204700067639351,15432.900473475456,8.245708241536413,171.01476017015534,29.065775,1,0,1,0.4724
2.2054000720381737,15437.800504267216,8.245662535031606,171.0147528493981,69.97547,0,0,0,41.3821
2.2058000788092613,15440.60055166483,8.245637769872333,171.01475305542624,28.817902,1,0,1,0.2245
2.207000084221363,15449.00058954954,8.245560864637495,171.01474524068763,29.324797,1,0,1,0.7314
2.207000084221363,15449.00058954954,8.245561378588658,171.0147469054028,4.850521,0,0,0,-23.7428
2.207700066268444,15453.900463879108,8.24551600208882,171.01474069324658,29.463324,1,0,1,0.87
2.207800067961216,15454.600475728512,8.245509597714431,171.01474006016534,29.240074,1,0,1,0.6467
2.20860006660223,15460.20046621561,8.245458326253297,171.01473488536385,29.082672,1,0,1,0.4893
2.208700068295002,15460.900478065014,8.245451912501366,171.0147342246382,29.267967,1,0,1,0.6746
2.210200086236,15471.400603652,8.245355759637606,171.01472451479287,29.137514,1,0,1,0.5442
2.211800068616867,15482.60048031807,8.245253329134027,171.01471464235556,21.99685,1,0,0,-6.5965
2.2122000753879547,15485.400527715685,8.245227531684737,171.01471156914465,29.132288,1,0,1,0.5389
2.2126000747084618,15488.200522959232,8.24520188540959,171.01470898874544,29.033852,1,0,1,0.4405
2.2128000780940056,15489.60054665804,8.24518907264922,171.01470773537383,28.446686,1,0,1,-0.1467
2.213800087571144,15496.600612998009,8.245124938417112,171.01470124491104,28.848372,1,0,1,0.255
2.214400067925453,15500.800475478172,8.245086452908232,171.01469733687878,29.33445,1,0,1,0.7411
2.2154000625014305,15507.800437510014,8.245022325268081,171.0146908913344,29.215628,1,0,1,0.6223
2.215500079095364,15508.500553667543,8.245015912475553,171.0146902508694,29.147161,1,0,1,0.5538
2.216000072658062,15512.000508606434,8.244983841461051,171.0146870099997,29.39432,1,0,1,0.801
2.2163000851869583,15514.100596308708,8.244964605458982,171.01468509129194,29.173473,1,0,1,0.5801
2.217300057411194,15521.100401878355,8.244900476552617,171.014678659601,29.038689,1,0,1,0.4453
2.217600055038929,15523.200385272505,8.244881228785587,171.01467670357889,29.407566,1,0,1,0.8142
2.218500062823296,15529.50043976307,8.244823512700856,171.0146709284941,29.203295,1,0,1,0.6099
2.219100072979927,15533.70051085949,8.244785128344217,171.0146669896217,29.17229,1,0,1,0.5789
2.21980007737875,15538.600541651247,8.244740186585132,171.01466251899205,29.400831,1,0,1,0.8075
2.2200000882148743,15540.00061750412,8.244726768265362,171.01465937225336,56.958252,0,0,0,28.3649
2.2204000875353813,15542.80061274767,8.244701669435294,171.01465870074193,29.43382,1,0,1,0.8405
2.2212000638246536,15548.400446772575,8.244650325292392,171.01465363451325,29.166777,1,0,1,0.5734
2.2217000648379326,15551.900453865528,8.244618228008584,171.0146504426966,29.396852,1,0,1,0.8035
2.222300074994564,15556.100524961948,8.244579731596593,171.0146466735141,28.796078,1,0,1,0.2027
2.222800076007843,15559.6005320549,8.244546746001742,171.0146405886028,71.59296,0,0,0,42.9996
2.2235000878572464,15564.500615000725,8.244502724020206,171.0146390512056,28.88342,1,0,1,0.2901
2.224300056695938,15570.100396871569,8.244451390724365,171.01463394633873,29.314772,1,0,1,0.7214
2.2253000661730766,15577.100463211536,8.24438724817805,171.0146276127509,29.161749,1,0,1,0.5684
2.2254000678658485,15577.80047506094,8.244380834786606,171.01462697950112,29.144783,1,0,1,0.5514
2.22600007802248,15582.00054615736,8.244342358242735,171.01462318230608,29.006023,1,0,1,0.4127
2.226300075650215,15584.100529551506,8.244323119464285,171.01462127031752,29.13295,1,0,1,0.5396
2.2284000664949417,15598.800465464592,8.244188510972592,171.01460793755575,29.173199,1,0,1,0.5798
2.2311000525951385,15617.70036816597,8.24401558514743,171.0145907668202,29.219593,1,0,1,0.6262
2.232100062072277,15624.70043450594,8.243951525099538,171.01458421072152,31.946651,1,0,0,3.3533
2.232300065457821,15626.100458204746,8.24393879007516,171.01458313954507,28.948797,1,0,1,0.3554
2.232600077986717,15628.20054590702,8.243919592784323,171.01458121903158,29.055454,1,0,1,0.4621
2.2347000539302826,15642.900377511978,8.243785299482896,171.0145678075153,29.012995,1,0,1,0.4196
2.2347000539302826,15642.900377511978,8.243785293849859,171.0145677878607,29.302574,1,0,1,0.7092
2.237000085413456,15659.000597894192,8.243638335293547,171.01455305338317,29.19397,1,0,1,0.6006
2.238000065088272,15666.000455617905,8.243574481424345,171.01454662744376,29.183386,1,0,1,0.59
2.2383000627160072,15668.10043901205,8.243555330023709,171.0145447008337,29.130972,1,0,1,0.5376
2.238900065422058,15672.300457954409,8.243517034555907,171.01454084734905,28.98774,1,0,1,0.3944
2.242200069129467,15695.400483906267,8.243306745871346,171.01451946201868,28.654255,1,0,1,0.0609
2.2430000752210617,15701.000526547432,8.24325582764092,171.01451419348612,29.268213,1,0,1,0.6749
2.243600085377693,15705.200597643852,8.243217480640666,171.0145097248263,37.297764,1,0,0,8.7044
2.244100086390972,15708.700604736803,8.24318583517063,171.01450700126995,29.26635,1,0,1,0.673
2.2463000789284706,15724.100552499294,8.243045842444177,171.01449262071463,29.046448,1,0,1,0.4531
2.2487000674009323,15740.900471806526,8.242893119254221,171.01447714319292,25.720114,1,0,0,-2.8732
2.249900072813034,15749.300509691238,8.242816602303028,171.01446905683252,29.26506,1,0,1,0.6717
2.2507000863552094,15754.900604486464,8.242765619970676,171.0144638373727,29.168388,1,0,1,0.575
2.251200057566166,15758.40040296316,8.242733747905529,171.01446057420915,29.157574,1,0,1,0.5642
2.252700075507164,15768.900528550148,8.242638074970982,171.01445079206425,29.177452,1,0,1,0.5841
2.253000073134899,15771.000511944294,8.242618958540872,171.01444892529852,27.898617,1,0,0,-0.6947
2.253200076520443,15772.4005356431,8.242606168395561,171.01444754121994,29.103739,1,0,1,0.5104
2.2558000683784485,15790.60047864914,8.242440089400887,171.0144306513391,29.125422,1,0,1,0.5321
2.25820005685091,15807.400397956371,8.242287731217065,171.0144190084229,-27.832693,0,0,0,-56.4261
2.2593000680208206,15815.100476145744,8.242216284897104,171.01440799198463,29.013144,1,0,1,0.4198
2.259400077164173,15815.800540149212,8.242210265165381,171.01440866709916,9.701259,0,0,0,-18.8921
2.261100083589554,15827.700585126877,8.242101861959979,171.01440071360886,-32.63264,0,0,0,-61.226
2.261700063943863,15831.90044760704,8.242061962830547,171.01439268829296,29.271875,1,0,1,0.6785
2.261800065636635,15832.600459456444,8.242056840881268,171.01439630353383,-33.218636,0,0,0,-61.812
2.2628000676631927,15839.60047364235,8.241991164093514,171.0143857049857,29.27637,1,0,1,0.683
2.2629000768065453,15840.300537645817,8.241984548271642,171.01438449646244,37.719654,1,0,0,9.1263
2.263000078499317,15841.00054949522,8.241978291539677,171.01438445079108,29.069098,1,0,1,0.4757
2.263000078499317,15841.00054949522,8.241978286891182,171.0143844343013,29.312172,1,0,1,0.7188
2.2648000568151474,15853.600397706032,8.241863189123384,171.01437573308857,-10.318257,0,0,0,-38.9116
2.268000088632107,15876.000620424747,8.241656126176093,171.01435283903865,29.22579,1,0,1,0.7097
2.269100069999695,15883.700489997864,8.241585223761536,171.0143459080283,29.171566,1,0,1,0.6555
2.26940006762743,15885.80047339201,8.241565891182942,171.01434403144106,28.962032,1,0,1,0.446
2.2710000872612,15897.0006108284,8.241462764658884,171.0143339327779,29.18317,1,0,1,0.6671
2.271300084888935,15899.100594222546,8.241444585402773,171.01433577489647,-25.692657,0,0,0,-54.2087
2.2715000584721565,15900.500409305096,8.241430543970738,171.01433076958045,29.361284,1,0,1,0.8452
2.2734000757336617,15913.800530135632,8.241308050290776,171.0143184687228,34.073715,1,0,0,5.5576
2.2743000835180283,15920.100584626198,8.241250208767305,171.01431313690895,28.959688,1,0,1,0.4436
2.2750000581145287,15925.0004068017,8.24120515316903,171.01430871127027,29.038565,1,0,1,0.5225
2.2750000581145287,15925.0004068017,8.241205167801729,171.0143087581824,28.349144,1,0,0,-0.1669
2.276000067591667,15932.00047314167,8.2411408109236,171.01430238399516,29.139746,1,0,1,0.6237
2.277800090610981,15944.600634276869,8.241025083796174,171.0142909874439,29.14391,1,0,1,0.6278
2.2791000679135323,15953.700475394726,8.240941424755237,171.01428281264353,28.746729,1,0,1,0.2307
2.2791000679135323,15953.700475394726,8.240941954563688,171.01428452901595,3.5154934,0,0,0,-25.0006
2.280300073325634,15962.100513279438,8.240865030479299,171.01427673082958,5.4192324,0,0,0,-23.0968
2.280500076711178,15963.500536978245,8.240850852170743,171.01427101223325,70.67369,0,0,0,42.1576
2.281600058078766,15971.20040655136,8.240781309016194,171.014266791486,29.143671,1,0,1,0.6276
2.282200053334236,15975.400373339651,8.240742925290562,171.01426295667858,28.937555,1,0,1,0.4215
2.285400055348873,15997.800387442112,8.240539248938083,171.01424506911928,-10.848214,0,0,0,-39.3643
2.2858000695705414,16000.60048699379,8.240512865934187,171.01423975506552,29.312195,1,0,1,0.7961
2.286900080740452,16008.300565183165,8.240442663780996,171.01423266283152,29.061697,1,0,1,0.5456
2.287200078368187,16010.400548577309,8.240423520054451,171.0142307129318,29.192085,1,0,1,0.676
2.2881000861525536,16016.700603067877,8.240366191094926,171.014225142914,25.39075,1,0,3,-3.1253
2.288500055670738,16019.500389695168,8.240340102146915,171.01422066256902,53.13735,0,0,0,24.6213
2.2896000668406487,16027.20046788454,8.240270555911819,171.01421541016856,25.404491,1,0,3,-3.1116
2.29020007699728,16031.40053898096,8.240232249883633,171.01421130221473,28.479097,1,0,0,-0.037
2.290600076317787,16034.20053422451,8.240206744260135,171.01420865088053,29.219229,1,0,1,0.7032
2.290700078010559,16034.900546073914,8.240200217379249,171.0142074978677,36.607258,1,0,0,8.0912
2.2910000905394554,16037.000633776188,8.240181255331793,171.01420604514237,29.266994,1,0,1,0.7509
2.292600065469742,16048.200458288193,8.240079338666982,171.01419563837305,29.0264,1,0,1,0.5103
2.2927000671625137,16048.900470137596,8.240073214483715,171.01419577963227,17.36274,1,0,0,-11.1533
2.293400079011917,16053.80055308342,8.24002838932848,171.01419042312816,28.962683,1,0,1,0.4466
2.2936000749468803,16055.200524628162,8.240015347574584,171.01418812689707,43.5256,1,0,0,15.0095
2.2955000549554825,16068.500384688376,8.23989466387306,171.0141766769841,29.292406,1,0,1,0.7763
2.2956000566482544,16069.20039653778,8.239888301001466,171.01417603670845,29.086369,1,0,1,0.5703
2.296100065112114,16072.700455784798,8.239856542438401,171.01417301406434,25.414387,1,0,3,-3.1017
2.2972000762820244,16080.40053397417,8.239786990156105,171.0141673868665,2.2211523,0,0,0,-26.2949
2.2975000739097595,16082.500517368317,8.239767404712818,171.0141638525608,25.274221,1,0,3,-3.2419
2.2975000739097595,16082.500517368317,8.239767317737506,171.01416357219838,29.395144,1,0,1,0.8791
2.297800086438656,16084.600605070593,8.239748227424114,171.01416164600622,28.798674,1,0,1,0.2826
2.2987000569701195,16090.900398790836,8.239690758804059,171.0141552208174,36.478428,1,0,0,7.9624
2.2987000569701195,16090.900398790836,8.239691711786286,171.01415830861004,-8.914888,0,0,0,-37.431
2.299700066447258,16097.900465130806,8.239627308331741,171.01414935730415,25.674414,1,0,3,-2.8417
2.29980006814003,16098.60047698021,8.239620934829874,171.0141486933304,25.840467,1,0,3,-2.6756
2.300000064074993,16100.000448524952,8.239608123454392,171.01414715689558,29.235832,1,0,1,0.7198
2.3007000759243965,16104.900531470776,8.23956395623605,171.01414397003708,8.890906,0,0,0,-19.6252
2.3009000793099403,16106.300555169582,8.239550789979372,171.01414129101508,29.069674,1,0,1,0.5536
2.301000081002712,16107.000567018986,8.239544421449452,171.01414064697235,28.933985,1,0,1,0.4179
2.301000081002712,16107.000567018986,8.23954441793579,171.01414063571215,29.099466,1,0,1,0.5834
2.3023000583052635,16116.100408136845,8.239461650213883,171.0141323677998,25.730103,1,0,3,-2.786
2.302400067448616,16116.800472140312,8.239455280777012,171.0141317283212,25.51556,1,0,3,-3.0005
2.302900068461895,16120.300479233263,8.239423339154103,171.01412822520385,28.928547,1,0,1,0.4125
2.30320006608963,16122.40046262741,8.239404210739226,171.0141262469612,29.14937,1,0,1,0.6333
2.304300077259541,16130.100540816784,8.239334080560127,171.01411906308442,28.867937,1,0,1,0.3519
2.3053000569343567,16137.100398540497,8.239270293471735,171.01411248523806,29.21591,1,0,1,0.6998
2.305700056254864,16139.900393784046,8.239244778945805,171.01410987440798,29.03155,1,0,1,0.5155
2.305900059640408,16141.300417482851,8.239232411360078,171.0141098351094,10.320692,0,0,0,-18.1954
2.306200064718724,16143.400453031065,8.2392129392031,171.01410680059115,25.991592,1,0,3,-2.5245
2.306200064718724,16143.400453031065,8.239212794129203,171.01410633096054,32.895645,1,0,0,4.3796
2.306200064718724,16143.400453031065,8.239212937441462,171.01410679494657,26.074549,1,0,3,-2.4415
2.3066000640392303,16146.200448274612,8.239187342637207,171.01410394987036,29.30203,1,0,1,0.786
2.3067000657320023,16146.900460124016,8.23918103333647,171.01410352918631,25.835081,1,0,3,-2.681
2.308600090444088,16160.200633108616,8.23905965583551,171.01409083485922,28.907785,1,0,1,0.3917
2.3089000582695007,16162.300407886503,8.239040492563381,171.0140888540069,29.023035,1,0,1,0.507
2.309500068426132,16166.500478982924,8.239002287007288,171.01408531940552,22.946114,1,0,0,-5.57
2.309500068426132,16166.500478982924,8.239002224980265,171.0140851190777,25.890968,1,0,3,-2.6251
2.309500068426132,16166.500478982924,8.239002679569003,171.01408659151772,4.2439747,0,0,0,-24.2721
2.309500068426132,16166.500478982924,8.239002823518014,171.0140870575114,-2.6066554,0,0,0,-31.1227
2.30990006774664,16169.300474226477,8.238977586751943,171.0140854732773,-18.025208,0,0,0,-46.5413
2.3110000789165497,16177.000552415848,8.238906667740114,171.0140762726685,10.722949,0,0,0,-17.7931
2.3111000806093216,16177.700564265251,8.238899164126506,171.01407202028147,63.55218,0,0,0,35.0361
2.311500087380409,16180.500611662865,8.23887437253253,171.01407193289762,26.079897,1,0,3,-2.4362
2.312400057911873,16186.80040538311,8.238816734198103,171.01406576395513,29.536144,1,0,1,1.0201
2.3130000680685043,16191.00047647953,8.23877842073529,171.01406205738616,25.841793,1,0,3,-2.6743
2.314300075173378,16200.100526213646,8.238695138502651,171.01405326015112,29.041658,1,0,1,0.5256
2.314500078558922,16201.500549912453,8.2386823429909,171.0140519751132,28.5222,1,0,1,0.0061
2.3165000677108765,16215.500473976135,8.23855421447401,171.01403874617523,28.832766,1,0,1,0.3167
2.317400075495243,16221.800528466702,8.238496577765844,171.01403297288195,26.310368,1,0,3,-2.2057
2.317600078880787,16223.200552165508,8.238483697155914,171.01403146505692,29.05562,1,0,1,0.5395
2.317900076508522,16225.300535559654,8.238464457770435,171.01402947139678,29.233795,1,0,1,0.7177
2.318500086665153,16229.500606656076,8.238425983336768,171.01402552211297,29.033566,1,0,1,0.5175
2.3188000842928886,16231.60059005022,8.238406739906651,171.01402353670204,29.095236,1,0,1,0.5792
2.3195000663399696,16236.500464379787,8.238361905238465,171.01401901383767,29.141817,1,0,1,0.6257
2.319600068032741,16237.20047622919,8.238355487677131,171.01401836116713,28.890978,1,0,1,0.3749
2.3200000673532486,16240.00047147274,8.238329855154882,171.01401587864413,26.009394,1,0,3,-2.5067
2.3202000707387924,16241.400495171549,8.238317010210945,171.01401454965364,25.861856,1,0,3,-2.6542
2.320900075137615,16246.300525963306,8.238272037240053,171.01400986778137,25.819988,1,0,3,-2.6961
2.321200080215931,16248.400561511517,8.238252762915677,171.01400787100704,25.674206,1,0,3,-2.8419
2.3215000852942467,16250.500597059729,8.238233474377296,171.01400583426164,26.12714,1,0,3,-2.3889
2.322200089693069,16255.400627851486,8.238188424915567,171.0140009622643,28.993912,1,0,1,0.4778
2.3235000669956207,16264.500468969343,8.238104857938138,171.0139922884779,29.054556,1,0,1,0.5385
2.323800079524517,16266.60055667162,8.23808556461362,171.01399027413785,29.305075,1,0,1,0.789
2.324200078845024,16269.400551915169,8.238059847983774,171.0139876158552,29.27078,1,0,1,0.7547
2.324300080537796,16270.100563764572,8.238053498863861,171.01398721071757,25.454615,1,0,3,-3.0615
2.324400074779988,16270.800523459911,8.238047277421366,171.01398722005948,15.546983,1,0,0,-12.9691
2.324800081551075,16273.600570857525,8.238021274448094,171.0139836455787,29.045795,1,0,1,0.5297
2.3271000683307648,16289.700478315352,8.237873387932076,171.01396845557025,28.778545,1,0,1,0.2625
2.3273000717163086,16291.10050201416,8.237860591372701,171.0139673454569,25.742918,1,0,3,-2.7732
2.3275000751018524,16292.500525712969,8.237847667704562,171.0139658252153,28.752012,1,0,1,0.2359
2.327700078487396,16293.900549411774,8.237833872436157,171.01396148226033,73.278885,0,0,0,44.7628
2.327700078487396,16293.900549411774,8.237834810458063,171.0139645199736,28.615696,1,0,1,0.0996
2.328200086951256,16297.40060865879,8.237802720245941,171.01396143005428,25.79764,1,0,3,-2.7184
2.3284000903368,16298.800632357596,8.23778949566694,171.013958936431,43.189854,1,0,0,14.6738
2.3289000913500786,16302.30063945055,8.237757647085228,171.01395663165883,28.971142,1,0,1,0.4551
2.329800069332123,16308.60048532486,8.23769985178197,171.01395096200596,26.015331,1,0,3,-2.5007
2.3299000710248947,16309.300497174265,8.237693361194276,171.01395011026506,28.96915,1,0,1,0.4531
2.3303000703454018,16312.100492417812,8.237667721022461,171.0139477419193,25.561008,1,0,3,-2.9551
2.330900080502033,16316.300563514233,8.237629083285999,171.0139436162845,29.011559,1,0,1,0.4955
2.333100065588951,16331.700459122658,8.237487778012735,171.01392961284046,26.621187,1,0,0,-1.8949
2.333500064909458,16334.500454366207,8.237462035434817,171.01392689080703,29.029644,1,0,1,0.5136
2.33360006660223,16335.20046621561,8.237455692307334,171.0139265084477,25.26097,1,0,3,-3.2551
2.333700068295002,16335.900478065014,8.237449185772602,171.01392559889268,29.247536,1,0,1,0.7315
2.334200076758861,16339.40053731203,8.237417149374318,171.01392264644727,25.803112,1,0,3,-2.713
2.3344000801444054,16340.800561010838,8.237404238530047,171.01392115231232,29.064396,1,0,1,0.5483
2.334900088608265,16344.300620257854,8.23737213316965,171.0139179651445,29.246922,1,0,1,0.7308
2.335400089621544,16347.800627350807,8.23734004208799,171.01391481270582,29.045523,1,0,1,0.5294
2.3359000608325005,16351.300425827503,8.237308043447413,171.01391194373252,24.80434,1,0,3,-3.7117
2.33640006929636,16354.80048507452,8.237275945971971,171.01390874946904,25.467777,1,0,3,-3.0483
2.337000072002411,16359.000504016876,8.23723744729446,171.01390496001986,25.784899,1,0,3,-2.7312
2.3376000747084618,16363.200522959232,8.237198892465148,171.01390097118644,29.208685,1,0,1,0.6926
2.3383000791072845,16368.100553750992,8.23715400465238,171.0138965932976,29.36663,1,0,1,0.8506
2.338500089943409,16369.500629603865,8.237141273750403,171.01389564472805,25.009052,1,0,3,-3.507
2.3393000587821007,16375.100411474705,8.237089838497662,171.0138901872337,29.031902,1,0,1,0.5158
2.3394000604748726,16375.800423324108,8.237083516673607,171.01388984563656,25.195995,1,0,3,-3.3201
2.339500054717064,16376.500383019447,8.23707711120438,171.01388922906736,25.408802,1,0,3,-3.1073
2.340000070631504,16380.000494420528,8.237045112182733,171.0138862464452,25.054731,1,0,3,-3.4613
2.340500071644783,16383.50050151348,8.23701310329692,171.01388321072037,25.582054,1,0,3,-2.934
2.3413000777363777,16389.100544154644,8.236961358664013,171.01387660525842,52.306988,0,0,0,23.7909
2.3414000794291496,16389.800556004047,8.236955537119487,171.01387787236368,24.8923,1,0,3,-3.6238
2.342100091278553,16394.70063894987,8.236910753229536,171.01387364973442,25.552717,1,0,3,-2.9634
2.342100091278553,16394.70063894987,8.236910674021587,171.01387339424832,29.308355,1,0,1,0.7923
2.34250009059906,16397.50063419342,8.236884774697318,171.01386996620974,44.66023,1,0,0,16.1442
2.34250009059906,16397.50063419342,8.236885110589558,171.0138710540413,28.667202,1,0,1,0.1511
2.342800058424473,16399.60040897131,8.236865924067923,171.01386924093268,29.060625,1,0,1,0.5445
2.3429000601172447,16400.300420820713,8.23685952460941,171.0138686250394,29.363358,1,0,1,0.8473
2.343500070273876,16404.500491917133,8.236821052082622,171.01386466797547,35.05702,1,0,0,6.5409
2.3441000655293465,16408.700458705425,8.236782828226021,171.0138614906662,29.323822,1,0,1,0.8077
2.3442000672221184,16409.40047055483,8.236776445866264,171.01386092086193,28.962309,1,0,1,0.4462
2.3453000858426094,16417.100600898266,8.23670624892103,171.01385464060576,25.17575,1,0,3,-3.3403
2.345500089228153,16418.500624597073,8.23669347641579,171.0138534591978,25.06542,1,0,3,-3.4507
2.346700072288513,16426.900506019592,8.23661676955781,171.01384607373123,28.694244,1,0,1,0.1782
2.3468000665307045,16427.60046571493,8.236610442268347,171.01384566314374,25.976692,1,0,3,-2.5394
2.34760008007288,16433.20056051016,8.236559313649073,171.01384071678882,28.588596,1,0,1,0.0725
2.347700081765652,16433.900572359562,8.23655299601405,171.0138403327519,25.461964,1,0,3,-3.0541
2.347900077700615,16435.300543904305,8.23654022345508,171.01383911800727,25.767654,1,0,3,-2.7484
2.348900087177753,16442.300610244274,8.236476408383416,171.01383316507955,25.3522,1,0,3,-3.1639
2.348900087177753,16442.300610244274,8.236476404816472,171.01383315364612,25.52022,1,0,3,-2.9959
2.3491000905632973,16443.70063394308,8.23646364394419,171.0138319627298,25.404518,1,0,3,-3.1116
2.3493000864982605,16445.100605487823,8.236450795647443,171.01383048605834,29.475706,1,0,1,0.9596
2.349500060081482,16446.500420570374,8.236438121276647,171.0138295632109,25.39439,1,0,3,-3.1217
2.349500060081482,16446.500420570374,8.236438123636779,171.013829570776,25.283218,1,0,3,-3.2329
2.3506000712513924,16454.200498759747,8.236367855804062,171.0138226825314,29.18251,1,0,1,0.6664
2.3509000688791275,16456.300482153893,8.236348718010646,171.01382087497657,29.112259,1,0,1,0.5962
2.351100079715252,16457.700558006763,8.236335956130048,171.01381965887316,29.203873,1,0,1,0.6878
2.351600080728531,16461.200565099716,8.236304062892318,171.01381664064263,29.027225,1,0,1,0.5111
2.351600080728531,16461.200565099716,8.236304290945277,171.01381737960395,18.164602,1,0,0,-10.3515
2.351700074970722,16461.900524795055,8.236297080509305,171.01381407830127,57.769997,0,0,0,29.2539
2.351700074970722,16461.900524795055,8.236297760762913,171.01381628106907,25.39015,1,0,3,-3.1259
2.351800076663494,16462.60053664446,8.236291376795476,171.01381565853526,25.612217,1,0,3,-2.9039
2.352900058031082,16470.300406217575,8.236221209199291,171.01380894962023,25.663328,1,0,3,-2.8527
2.353600069880485,16475.2004891634,8.236176558044122,171.01380465766908,25.669172,1,0,3,-2.8469
2.3540000692009926,16478.000484406948,8.236151046803295,171.01380220571016,25.532066,1,0,3,-2.984
2.3540000692009926,16478.000484406948,8.23615115080813,171.01380254385575,20.560993,1,0,0,-7.9551
2.35440007597208,16480.80053180456,8.236125459039044,171.013799501618,29.000124,1,0,1,0.484
2.3554000854492188,16487.80059814453,8.236062026172586,171.01379444769253,12.137392,1,0,0,-16.3787
2.3556000888347626,16489.200621843338,8.236048912056278,171.0137920490793,29.0841,1,0,1,0.568
2.3557000905275345,16489.90063369274,8.236042607141934,171.01379166460424,25.570549,1,0,3,-2.9455
2.3558000922203064,16490.600645542145,8.236036156684806,171.01379081012448,28.958025,1,0,1,0.4419
2.3558000922203064,16490.600645542145,8.236036161041007,171.01379082408664,28.75286,1,0,1,0.2368
2.3560000881552696,16492.000617086887,8.23602339799453,171.0137895577597,29.002186,1,0,1,0.4861
2.3563000559806824,16494.100391864777,8.236003269605694,171.01378446402654,76.27933,0,0,0,47.7633
2.356500059366226,16495.500415563583,8.235991568297822,171.01378663422125,25.94466,1,0,3,-2.5714
2.3568000718951225,16497.600503265858,8.2359724414583,171.0137847885874,25.368069,1,0,3,-3.148
2.3571000695228577,16499.700486660004,8.235953213933032,171.01378261331857,29.573233,1,0,1,1.0572
2.3575000688433647,16502.500481903553,8.235927704181428,171.01378011903856,29.111305,1,0,1,0.5952
2.358100078999996,16506.700552999973,8.235888625974743,171.01377373867567,66.98939,0,0,0,38.4733
2.3592000901699066,16514.400631189346,8.235819210499015,171.01376958966517,29.144867,1,0,1,0.6288
2.35940008610487,16515.80060273409,8.235806526710405,171.01376851370907,25.471905,1,0,3,-3.0442
2.3600000590085983,16520.00041306019,8.235768243482735,171.0137645330678,25.342764,1,0,3,-3.1733
2.3608000725507736,16525.600507855415,8.23571710490412,171.01375893075434,29.110092,1,0,1,0.594
2.3611000776290894,16527.700543403625,8.235697952761084,171.01375691115163,29.220743,1,0,1,0.7047
2.361300081014633,16529.100567102432,8.235685512156676,171.01375662581543,13.666928,1,0,0,-14.8491
2.362400092184544,16536.800645291805,8.235614951664898,171.01374814528432,29.294405,1,0,1,0.7783
2.3627000898122787,16538.90062868595,8.235595532020534,171.0137452660636,41.769184,1,0,0,13.2531
2.3628000915050507,16539.600640535355,8.235589420157833,171.01374547816465,28.691841,1,0,1,0.1758
2.3631000593304634,16541.700415313244,8.235570317219736,171.01374362278065,26.061079,1,0,3,-2.455
2.363200061023236,16542.400427162647,8.235563861755391,171.0137427238965,29.295235,1,0,1,0.7792
2.3634000569581985,16543.80039870739,8.23555172408509,171.01374342764024,-1.0185094,0,0,0,-29.5346
2.3635000586509705,16544.500410556793,8.23554476871605,171.01374091031468,25.99243,1,0,3,-2.5236
2.364100068807602,16548.700481653214,8.23550643799241,171.01373683039654,25.926424,1,0,3,-2.5897
2.364100068807602,16548.700481653214,8.235506372392535,171.01373661858415,29.03966,1,0,1,0.5236
2.364200070500374,16549.400493502617,8.235500047682484,171.01373614595158,25.96722,1,0,3,-2.5489
2.364200070500374,16549.400493502617,8.235499982830524,171.01373593653642,29.045235,1,0,1,0.5292
2.364200070500374,16549.400493502617,8.235500752762592,171.0137384293307,-7.596989,0,0,0,-36.1131
2.3653000816702843,16557.10057169199,8.235429687386347,171.0137284327475,28.900097,1,0,1,0.384
2.365900091826916,16561.30064278841,8.235391397649813,171.013724541535,25.706114,1,0,3,-2.81
2.3663000613451004,16564.100429415703,8.235365819221764,171.0137217852322,25.917402,1,0,3,-2.5987
2.366500057280064,16565.500400960445,8.235352964077716,171.01372020048194,29.046688,1,0,1,0.5306
2.367100067436695,16569.700472056866,8.235314650963435,171.0137162828319,26.095655,1,0,3,-2.4204
2.367300070822239,16571.100495755672,8.235301805525607,171.01371474230243,28.550087,1,0,1,0.034
2.367300070822239,16571.100495755672,8.235301858539307,171.01371491376992,26.029602,1,0,3,-2.4865
2.367300070822239,16571.100495755672,8.235302307289361,171.01371636765634,4.657177,0,0,0,-23.8589
2.367400072515011,16571.800507605076,8.235295588314129,171.0137146388794,19.972925,1,0,0,-8.5432
2.367600068449974,16573.20047914982,8.23528266927395,171.0137128625009,25.889055,1,0,3,-2.627
2.3680000826716423,16576.000578701496,8.23525790614969,171.01371280656537,-13.694815,0,0,0,-42.2109
2.3686000779271126,16580.200545489788,8.235218612881932,171.01370578459904,28.908165,1,0,1,0.3921
2.368900090456009,16582.300633192062,8.235199803949024,171.01370500045394,10.1217,0,0,0,-18.3944
2.370000056922436,16590.00039845705,8.235128977659134,171.01369616058025,28.958195,1,0,1,0.4421
2.37020006030798,16591.400422155857,8.235116233060072,171.01369499739184,25.865065,1,0,3,-2.651
2.370300069451332,16592.100486159325,8.235109826763162,171.0136943090254,25.888966,1,0,3,-2.6271
2.370700068771839,16594.900481402874,8.235084199933368,171.01369155292122,26.040516,1,0,3,-2.4756
2.3710000663995743,16597.00046479702,8.23506526878545,171.01369043163592,12.266791,1,0,0,-16.2493
2.3716000765562057,16601.20053589344,8.23502653106298,171.01368538638215,25.968916,1,0,3,-2.5472
2.3716000765562057,16601.20053589344,8.23502654809812,171.0136854425604,25.142588,1,0,3,-3.3735
2.3723000809550285,16606.1005666852,8.234981664555615,171.01368060800965,25.77165,1,0,3,-2.7444
2.372500091791153,16607.50064253807,8.234968762213226,171.01367898575097,29.515118,1,0,1,0.999
2.372500091791153,16607.50064253807,8.234968834650449,171.01367921944424,26.079967,1,0,3,-2.4361
2.373000092804432,16611.000649631023,8.234936704010318,171.0136755815458,29.350784,1,0,1,0.8347
2.3737000674009323,16615.900471806526,8.234891800116113,171.01367078552224,29.698275,1,0,1,1.1822
2.373800069093704,16616.60048365593,8.23488546518907,171.01367036360935,25.891644,1,0,3,-2.6244
2.374400071799755,16620.800502598286,8.23484690399641,171.01366607594875,28.94446,1,0,1,0.4284
2.3753000795841217,16627.100557088852,8.23478913349174,171.01365995373976,29.243437,1,0,1,0.7274
2.3754000812768936,16627.800568938255,8.234783201815853,171.01366085664327,6.023287,0,0,0,-22.4928
2.3765000626444817,16635.50043851137,8.2347121559043,171.01365209153087,25.777096,1,0,3,-2.739
2.3769000619649887,16638.30043375492,8.23468645756045,171.0136493826681,26.068567,1,0,3,-2.4475
2.3773000687360764,16641.100481152534,8.23466075999223,171.0136466960737,26.112108,1,0,3,-2.404
2.37750007212162,16642.50050485134,8.23464791709799,171.01364537847425,25.786917,1,0,3,-2.7292
2.3776000663638115,16643.20046454668,8.23464142302146,171.01364448557143,29.074202,1,0,1,0.5581
2.380700066685677,16664.900466799736,8.234441960173857,171.01362342233702,36.784546,1,0,0,8.2685
2.3813000693917274,16669.100485742092,8.234403475966332,171.0136201233277,29.240131,1,0,1,0.7241
2.3821000829339027,16674.70058053732,8.234352012270607,171.01361527702923,26.017403,1,0,3,-2.4987
2.383200086653233,16682.400606572628,8.234281047450935,171.01360802205855,30.70379,1,0,0,2.1877
2.383300058543682,16683.100409805775,8.2342741539475,171.01360592878245,52.232533,0,0,0,23.7165
2.384000070393085,16688.0004927516,8.234229121197288,171.0136017566306,48.91908,0,0,0,20.403
2.3845000714063644,16691.50049984455,8.234197459464124,171.01360041994388,22.479012,1,0,0,-6.0371
2.385100081562996,16695.70057094097,8.234158673635054,171.0135962601009,28.408936,1,0,1,-0.1071
2.3861000910401344,16702.70063728094,8.23409428104859,171.01359014711775,26.398355,1,0,3,-2.1177
2.3866000920534134,16706.200644373894,8.234062017242273,171.01358687120717,28.677309,1,0,1,0.1612
2.387300066649914,16711.100466549397,8.23401691900967,171.0135825042365,28.690239,1,0,1,0.1742
2.3874000683426857,16711.8004783988,8.234010520871038,171.01358202480344,26.571346,1,0,3,-1.9447
2.3874000683426857,16711.8004783988,8.23401116706171,171.01358411851962,-4.2095723,0,0,0,-32.7256
2.387600071728229,16713.200502097607,8.233997637848288,171.01358078393645,26.481068,1,0,3,-2.035
2.3878000676631927,16714.60047364235,8.233984750893931,171.01357952787149,26.616446,1,0,3,-1.8996
2.388400077819824,16718.80054473877,8.233946110181446,171.0135758208499,26.125694,1,0,3,-2.3904
2.388400077819824,16718.80054473877,8.233946099651002,171.01357578709275,26.62181,1,0,3,-1.8943
2.389000080525875,16723.000563681126,8.233907450778831,171.01357203792298,26.746164,1,0,3,-1.7699
2.3892000764608383,16724.40053522587,8.233894529134632,171.0135706579707,28.698975,1,0,1,0.1829
2.3896000906825066,16727.200634777546,8.233868764774375,171.01356815195115,28.861555,1,0,1,0.3455
2.3897000923752785,16727.90064662695,8.233862372007293,171.0135676801582,26.625748,1,0,3,-1.8903
2.3900000900030136,16730.000630021095,8.233843014406824,171.01356567842805,28.533033,1,0,1,0.017
2.3904000595211983,16732.800416648388,8.233817300074717,171.01356330574592,26.705542,1,0,3,-1.8105
2.39050006121397,16733.50042849779,8.233810864392405,171.01356268956044,26.582798,1,0,3,-1.9333
2.39050006121397,16733.50042849779,8.233810811066716,171.01356251700275,29.119513,1,0,1,0.6034
2.3907000720500946,16734.900504350662,8.233797986428781,171.01356143536012,26.652884,1,0,3,-1.8632
2.390800066292286,16735.600464046,8.233791558529521,171.0135608404438,26.21356,1,0,3,-2.3025
2.3925000801682472,16747.50056117773,8.233682093477418,171.01355000916377,28.977121,1,0,1,0.461
2.3925000801682472,16747.50056117773,8.23368209553933,171.0135500157748,28.879965,1,0,1,0.3639
2.392900086939335,16750.300608575344,8.233655750778826,171.01354552244004,58.018936,0,0,0,29.5029
2.3931000903248787,16751.70063227415,8.233643498688062,171.01354625151285,28.824768,1,0,1,0.3087
2.3932000920176506,16752.400644123554,8.233637113259393,171.01354577403708,26.601736,1,0,3,-1.9143
2.393300086259842,16753.100603818893,8.233630684962877,171.0135451549642,26.45803,1,0,3,-2.058
2.3934000581502914,16753.80040705204,8.233624199795623,171.01354434640422,29.098782,1,0,1,0.5827
2.3939000591635704,16757.300414144993,8.23359209538284,171.0135413555899,26.776928,1,0,3,-1.7391
2.3940000608563423,16758.000425994396,8.233585667406041,171.01354073128385,26.686838,1,0,3,-1.8292
2.394100069999695,16758.700489997864,8.23357923699176,171.01354009950128,26.702513,1,0,3,-1.8136
2.3942000716924667,16759.400501847267,8.233572810537487,171.01353947776713,26.567734,1,0,3,-1.9483
2.394300073385238,16760.10051369667,8.2335663779524,171.01353883520443,26.73554,1,0,3,-1.7805
2.39440006762743,16760.80047339201,8.23356013500938,171.01353880444125,17.906496,1,0,0,-10.6096
2.394900076091289,16764.300532639027,8.233527762344231,171.01353488735566,29.026333,1,0,1,0.5103
2.3951000794768333,16765.700556337833,8.23351491102863,171.0135336284695,28.920763,1,0,1,0.4047
2.395300082862377,16767.10058003664,8.233501299059634,171.0135298999269,65.1057,0,0,0,36.5896
2.395300082862377,16767.10058003664,8.2335021119149,171.01353253354216,26.389296,1,0,3,-2.1268
2.3955000787973404,16768.500551581383,8.23348925878227,171.0135312572187,26.509119,1,0,3,-2.007
2.395700082182884,16769.90057528019,8.233476407652102,171.01352998363754,26.57169,1,0,3,-1.9444
2.39600007981062,16772.000558674335,8.233457082525556,171.01352790504816,29.10796,1,0,1,0.5919
2.396300092339516,16774.10064637661,8.233437808125057,171.01352598169763,29.322462,1,0,1,0.8064
2.396300092339516,16774.10064637661,8.23343786387086,171.01352616205156,26.671247,1,0,3,-1.8448
2.396800056099892,16777.60039269924,8.233405761653987,171.0135229877288,26.487173,1,0,3,-2.0289
2.396900057792664,16778.300404548645,8.233399337318332,171.01352233802396,26.654194,1,0,3,-1.8619
2.3970000594854355,16779.00041639805,8.233392868024973,171.01352154115958,28.980053,1,0,1,0.464
2.397500067949295,16782.500475645065,8.233360765998665,171.013518327493,29.21095,1,0,1,0.6949
2.398300066590309,16788.100466132164,8.233308412821037,171.0135098984306,77.66023,0,0,0,49.1442
2.3989000767469406,16792.300537228584,8.233270945017935,171.0135093412546,29.045544,1,0,1,0.5295
2.399600088596344,16797.200620174408,8.233226022690019,171.0135051521311,26.689592,1,0,3,-1.8265
2.4006000608205795,16804.200425744057,8.233161966496937,171.01349830811182,29.255352,1,0,1,0.7393
2.401500068604946,16810.500480234623,8.233104447231668,171.01349245715815,26.633959,1,0,3,-1.8821
2.4017000794410706,16811.900556087494,8.233091655627119,171.01349111277318,26.653437,1,0,3,-1.8626
2.4018000811338425,16812.600567936897,8.233085263172885,171.01349044858517,26.53988,1,0,3,-1.9762
2.4019000828266144,16813.3005797863,8.233078864014805,171.01348976158314,26.757656,1,0,3,-1.7584
2.4019000828266144,16813.3005797863,8.233078864219395,171.01348976223923,26.748014,1,0,3,-1.7681
2.402300082147121,16816.10057502985,8.233053290428701,171.01348707303111,26.7173,1,0,3,-1.7988
2.402600079774857,16818.200558423996,8.23303406618556,171.013484900036,28.950256,1,0,1,0.4342
2.403000086545944,16821.00060582161,8.23300855155135,171.01348236852346,26.499748,1,0,3,-2.0163
2.403100088238716,16821.700617671013,8.233002158330308,171.01348168552985,26.615433,1,0,3,-1.9006
2.40330009162426,16823.10064136982,8.232989328007179,171.01348017390646,28.978142,1,0,1,0.4621
2.403500087559223,16824.500612914562,8.232976597721686,171.01347897990777,26.659742,1,0,3,-1.8563
2.4041000679135323,16828.700475394726,8.232938214260566,171.01347474532517,29.228374,1,0,1,0.7123
2.40450006723404,16831.500470638275,8.232912716246373,171.0134721973633,26.841349,1,0,3,-1.6747
2.405200071632862,16836.400501430035,8.232868020996342,171.01346746101683,26.650455,1,0,3,-1.8656
2.405500076711178,16838.500536978245,8.232848862096152,171.0134654051168,26.919588,1,0,3,-1.5965
2.406200088560581,16843.40061992407,8.232804184806415,171.01346066270898,26.682415,1,0,3,-1.8337
2.406200088560581,16843.40061992407,8.232804184286017,171.01346066104037,26.70694,1,0,3,-1.8091
2.406300090253353,16844.100631773472,8.232798131453848,171.01346104823622,11.014436,1,0,0,-17.5016
2.40670008957386,16846.90062701702,8.232772406122148,171.01345768181977,20.493202,1,0,0,-8.0229
2.406800091266632,16847.600638866425,8.232765884058754,171.0134565445199,27.207085,1,0,3,-1.309
2.406800091266632,16847.600638866425,8.232766031513432,171.01345702210597,20.18587,1,0,0,-8.3302
2.407000057399273,16849.00040179491,8.232753138473546,171.01345522711134,26.56342,1,0,3,-1.9527
2.407100059092045,16849.700413644314,8.232746753367904,171.01345453150458,26.780664,1,0,3,-1.7354
2.4072000607848167,16850.400425493717,8.23274036944756,171.01345383897743,26.951794,1,0,3,-1.5643
2.4073000624775887,16851.10043734312,8.232733994533195,171.0134531746179,26.708145,1,0,3,-1.8079
2.407500058412552,16852.500408887863,8.232720485284448,171.01344938187114,62.44518,0,0,0,33.9291
2.407500058412552,16852.500408887863,8.232721190613795,171.01345166732136,28.84473,1,0,1,0.3287
2.4077000692486763,16853.900484740734,8.232708475097633,171.01345044692778,26.75929,1,0,3,-1.7568
2.40790007263422,16855.30050843954,8.232695600840207,171.0134487071225,32.30938,1,0,0,3.7933
2.409100078046322,16863.700546324253,8.232619179889232,171.01344089437427,26.986032,1,0,3,-1.53
2.4094000831246376,16865.800581872463,8.232599577634852,171.01343731979128,49.49682,0,0,0,20.9807
2.409600086510181,16867.20060557127,8.232587552367427,171.01343831276887,14.87189,1,0,0,-13.6442
2.4104000627994537,16872.800439596176,8.232535845726161,171.01343058266002,48.450504,0,0,0,19.9344
2.410700060427189,16874.900422990322,8.232517173948747,171.01343000727454,26.898855,1,0,3,-1.6172
2.410700060427189,16874.900422990322,8.232517174931482,171.0134300104251,26.852549,1,0,3,-1.6635
2.410800062119961,16875.600434839725,8.232510801042118,171.01342933246886,26.818726,1,0,3,-1.6974
2.4111000671982765,16877.700470387936,8.232491739613307,171.01342749182774,23.884796,1,0,0,-4.6313
2.411500066518784,16880.500465631485,8.232466131399242,171.0134244091863,29.234222,1,0,1,0.7181
2.4116000682115555,16881.20047748089,8.232459808805649,171.01342389556768,26.796558,1,0,3,-1.7195
2.4118000715971,16882.600501179695,8.232447085709714,171.01342261510516,25.649895,1,0,0,-2.8662
2.4130000919103622,16891.000643372536,8.232370536468181,171.01341424644716,29.02542,1,0,1,0.5093
2.4134000912308693,16893.800638616085,8.23234509117409,171.013411684851,26.875961,1,0,3,-1.6401
2.414100058376789,16898.700408637524,8.23230049646356,171.01340698583448,26.40307,1,0,3,-2.113
2.414300069212913,16900.100484490395,8.232287756945611,171.01340565416754,26.132282,1,0,3,-2.3838
2.414400070905685,16900.800496339798,8.232281369567612,171.01340493135356,26.839445,1,0,3,-1.6766
2.4146000668406487,16902.20046788454,8.23226863568515,171.0134036160213,26.348938,1,0,3,-2.1671
2.4150000736117363,16905.000515282154,8.232243142261916,171.01340090797436,26.543455,1,0,3,-1.9726
2.4150000736117363,16905.000515282154,8.232243088306854,171.01340073343303,29.109636,1,0,1,0.5936
2.415100067853928,16905.700474977493,8.23223676059689,171.01340020341615,27.006199,1,0,3,-1.5099
2.415700078010559,16909.900546073914,8.23219852326454,171.01339615919443,27.161127,1,0,3,-1.355
2.415800079703331,16910.600557923317,8.232192117244274,171.0133953783818,28.769903,1,0,1,0.2538
2.416200079023838,16913.400553166866,8.23216699690008,171.01339389067363,11.195235,0,0,0,-17.3208
2.4166000932455063,16916.200652718544,8.23214113137173,171.01338999762194,29.047981,1,0,1,0.5319
2.417400062084198,16921.800434589386,8.232090151682426,171.0133846534519,29.052088,1,0,1,0.536
2.417700059711933,16923.900417983532,8.232071035761013,171.01338266331285,28.91847,1,0,1,0.4024
2.4178000688552856,16924.600481987,8.232064707174864,171.0133821435311,26.77033,1,0,3,-1.7457
2.419200077652931,16934.40054357052,8.231975480735876,171.01337252699616,29.122747,1,0,1,0.6067
2.419300079345703,16935.100555419922,8.231969107244321,171.01337189352972,28.89568,1,0,1,0.3796
2.4200000911951065,16940.000638365746,8.231924973260048,171.0133690342796,4.2822223,0,0,0,-24.2339
2.4211000725626945,16947.700507938862,8.23185424757545,171.01336015309448,30.592098,1,0,0,2.076
2.421600073575973,16951.200515031815,8.231822425079434,171.01335719922363,26.806446,1,0,3,-1.7096
2.421600073575973,16951.200515031815,8.231823158471727,171.01335957500817,-8.126141,0,0,0,-36.6422
2.421600073575973,16951.200515031815,8.231823059537643,171.01335925476934,-3.417612,0,0,0,-31.9337
2.422200083732605,16955.400586128235,8.23178413837157,171.01335335464077,26.816496,1,0,3,-1.6996
2.4230000898242,16961.000628769398,8.231733036364501,171.0133480924443,29.06485,1,0,1,0.5488
2.4230000898242,16961.000628769398,8.231733082177296,171.01334824084915,26.882757,1,0,3,-1.6333
2.4232000932097435,16962.400652468204,8.23172069173371,171.0133481792758,9.047012,0,0,0,-19.4691
2.4236000925302505,16965.200647711754,8.231694837615951,171.01334458659267,24.437054,1,0,0,-4.079
2.423700086772442,16965.900607407093,8.231688353511299,171.0133436226145,29.262053,1,0,1,0.746
2.4238000884652138,16966.600619256496,8.231681996190105,171.01334307023362,28.038677,1,0,0,-0.4774
2.4243000596761703,16970.100417733192,8.231650212503615,171.01334032480082,21.735859,1,0,0,-6.7802
2.424500063061714,16971.500441432,8.23163729137961,171.01333856198514,29.010738,1,0,1,0.4947
2.4254000782966614,16977.80054807663,8.231579830940472,171.01333287624166,28.878588,1,0,1,0.3625
2.4263000786304474,16984.10055041313,8.231522399708084,171.01332733361346,26.898384,1,0,3,-1.6177
2.4263000786304474,16984.10055041313,8.231522397910698,171.01332732785391,26.983042,1,0,3,-1.533
2.426500082015991,16985.50057411194,8.23150958040369,171.01332592526774,29.087414,1,0,1,0.5713
2.426700092852116,16986.90064996481,8.231496203216155,171.0133227139911,57.79603,0,0,0,29.28
2.426900088787079,16988.300621509552,8.231484034113898,171.0133234147936,28.995665,1,0,1,0.4796
2.4272000938653946,16990.400657057762,8.231464913869972,171.0133216662398,26.979418,1,0,3,-1.5367
2.4272000938653946,16990.400657057762,8.231464916936101,171.01332167606478,26.835007,1,0,3,-1.6811
2.4272000938653946,16990.400657057762,8.231465936104035,171.0133249769521,-21.698685,0,0,0,-50.2148
2.4277000576257706,16993.900403380394,8.231432989138098,171.01331856732142,26.38757,1,0,0,-2.1285
2.4277000576257706,16993.900403380394,8.231432972805411,171.0133185149858,27.156824,1,0,3,-1.3593
2.428700067102909,17000.900469720364,8.231369035823906,171.0133120938627,29.414093,1,0,1,0.898
2.428900077939033,17002.300545573235,8.231356257652436,171.01331084779568,29.32762,1,0,1,0.8115
2.4291000813245773,17003.70056927204,8.231343522777633,171.01330974270158,27.176252,1,0,3,-1.3398
2.4296000823378563,17007.200576364994,8.231311570520324,171.0133066148652,27.196173,1,0,3,-1.3199
2.430000089108944,17010.000623762608,8.231285967836842,171.01330399030792,29.037354,1,0,1,0.5213
2.430100090801716,17010.70063561201,8.231279571736307,171.01330335044614,29.261719,1,0,1,0.7456
2.430100090801716,17010.70063561201,8.23127961302197,171.01330348433336,27.293087,1,0,3,-1.223
2.430400088429451,17012.800619006157,8.231260397196609,171.01330147637856,29.274237,1,0,1,0.7582
2.430800057947636,17015.60040563345,8.23123483339464,171.01329898602836,29.186491,1,0,1,0.6704
2.4310000613331795,17017.000429332256,8.231222093501435,171.0132978835172,27.04969,1,0,3,-1.4664
2.4310000613331795,17017.000429332256,8.231222090160463,171.0132978728117,27.20704,1,0,3,-1.309
2.431300073862076,17019.10051703453,8.231202913578327,171.01329600763327,27.116713,1,0,3,-1.3994
2.431500069797039,17020.500488579273,8.231190090807317,171.0132946395452,28.894382,1,0,1,0.3783
2.431900069117546,17023.300483822823,8.231164559171626,171.01329227929335,26.930605,1,0,3,-1.5855
2.432200074195862,17025.400519371033,8.231145376088072,171.0132904032675,27.019869,1,0,3,-1.4962
2.4323000833392143,17026.1005833745,8.231138933598592,171.01328962439652,29.307259,1,0,1,0.7912
2.4325000792741776,17027.500554919243,8.231126152226599,171.01328839857,29.005428,1,0,1,0.4894
2.4329000785946846,17030.300550162792,8.23110055961666,171.01328585728655,29.722563,1,0,1,1.2065
2.43440005928278,17040.800414979458,8.231004644551323,171.01327655763475,29.0405,1,0,1,0.5244
2.435400068759918,17047.800481319427,8.23094067798371,171.0132703260525,29.01509,1,0,1,0.499
2.436800092458725,17057.600647211075,8.230851144460624,171.0132617094372,27.26927,1,0,3,-1.2468
2.436800092458725,17057.600647211075,8.230851110296154,171.01326159836842,28.902433,1,0,1,0.3864
2.436800092458725,17057.600647211075,8.230851309264544,171.01326224230547,19.43525,1,0,0,-9.0808
2.43710009008646,17059.70063060522,8.230831912558259,171.01325971706407,29.014675,1,0,1,0.4986
2.437200091779232,17060.400642454624,8.230825546950918,171.01325920010396,27.42987,1,0,3,-1.0862
2.437200091779232,17060.400642454624,8.230825552091456,171.01325921657585,27.187775,1,0,3,-1.3283
2.437200091779232,17060.400642454624,8.230825514268878,171.0132590937851,28.993217,1,0,1,0.4771
2.437200091779232,17060.400642454624,8.230825614048541,171.01325941670095,24.245712,1,0,0,-4.2704
2.437200091779232,17060.400642454624,8.230825547848296,171.01325920297944,27.38761,1,0,3,-1.1285
2.4376000612974167,17063.200429081917,8.230799951037582,171.01325669233182,27.549475,1,0,3,-0.9666
2.4376000612974167,17063.200429081917,8.230799958126475,171.01325671504685,27.215622,1,0,3,-1.3005
2.4377000629901886,17063.90044093132,8.230793521562557,171.0132559682944,29.002783,1,0,1,0.4867
2.438200071454048,17067.400500178337,8.230761523890061,171.01325283776202,29.046461,1,0,1,0.5304
2.43830007314682,17068.10051202774,8.23075512829064,171.01325222462776,28.859825,1,0,1,0.3437
2.438500069081784,17069.500483572483,8.230742361523959,171.01325107708675,27.324478,1,0,3,-1.1916
2.4390000700950623,17073.000490665436,8.23071134239294,171.01325114106385,-18.221344,0,0,0,-46.7374
2.439100071787834,17073.70050251484,8.23070398619662,171.01324741715453,27.220776,1,0,3,-1.2953
2.4394000843167305,17075.800590217113,8.230684776896315,171.0132455051584,27.39943,1,0,3,-1.1166
2.440300092101097,17082.10064470768,8.230627122868208,171.01323968079458,29.132494,1,0,1,0.6164
2.440300092101097,17082.10064470768,8.230627122260437,171.01323967884707,29.161118,1,0,1,0.645
2.440400093793869,17082.800656557083,8.23062075726112,171.0132391651506,27.381542,1,0,3,-1.1345
2.441400058567524,17089.800409972668,8.230556709898227,171.01323272706608,28.611504,1,0,1,0.0954
2.4417000710964203,17091.900497674942,8.230537526052371,171.0132308992615,27.415182,1,0,3,-1.1009
2.4422000721096992,17095.400504767895,8.230505509974433,171.01322770768127,27.518433,1,0,3,-0.9976
2.442300073802471,17096.100516617298,8.230499115235125,171.01322709666093,27.13168,1,0,3,-1.3844
2.442900083959102,17100.30058771372,8.230460653549017,171.01322312887717,29.20261,1,0,1,0.6865
2.4432000815868378,17102.400571107864,8.2304414835854,171.0132213397634,27.347605,1,0,3,-1.1685
2.4432000815868378,17102.400571107864,8.23044144819916,171.01322122477674,29.038301,1,0,1,0.5222
2.4433000832796097,17103.100582957268,8.230435077609355,171.01322069193156,27.481535,1,0,3,-1.0345
2.443800091743469,17106.600642204285,8.230402943400861,171.01321711208408,33.130047,1,0,0,4.614
2.4440000876784325,17108.000613749027,8.230390954776647,171.01321848047533,-5.7944503,0,0,0,-34.3105
2.4441000893712044,17108.70062559843,8.230383850473162,171.01321557008234,27.587013,1,0,3,-0.9291
2.444600060582161,17112.200424075127,8.23035184240536,171.01321238682536,27.327341,1,0,3,-1.1887
2.444700069725513,17112.900488078594,8.230345510169197,171.01321197661528,23.93924,1,0,0,-4.5768
2.4448000714182854,17113.600499927998,8.230339034086185,171.01321110063947,27.396673,1,0,3,-1.1194
2.4448000714182854,17113.600499927998,8.230339000447676,171.01321099125266,29.005062,1,0,1,0.489
2.4453000724315643,17117.10050702095,8.230307023860377,171.01320791110956,27.156425,1,0,3,-1.3597
2.446000084280968,17122.000589966774,8.230262195187066,171.01320339480367,27.485106,1,0,3,-1.031
2.446300081908703,17124.10057336092,8.230243706275056,171.01320379676824,-6.767906,0,0,0,-35.284
2.447100088000297,17129.700616002083,8.230191764134425,171.01319631986922,27.486431,1,0,3,-1.0296
2.4475000873208046,17132.500611245632,8.230166116382891,171.0131936218098,29.273361,1,0,1,0.7573
2.448300071060657,17138.100497424603,8.230114124158955,171.01318595479714,66.14664,0,0,0,37.6306
2.448300071060657,17138.100497424603,8.230114986808829,171.0131887494041,25.060219,1,0,0,-3.4559
2.448700070381165,17140.900492668152,8.230089327773014,171.01318600365724,27.460361,1,0,3,-1.0557
2.4488000720739365,17141.600504517555,8.230082442344788,171.01318379151516,50.48703,0,0,0,21.971
2.4488000720739365,17141.600504517555,8.230082895946921,171.01318526100246,28.882603,1,0,1,0.3665
2.4490000680089,17143.000476062298,8.230070093340535,171.0131839722226,28.83268,1,0,1,0.3166
2.449100084602833,17143.70059221983,8.230063689317912,171.01318332241624,28.882942,1,0,1,0.3669
2.449400082230568,17145.800575613976,8.230045366569641,171.01318424106776,-13.137293,0,0,0,-41.6534
2.44950008392334,17146.50058746338,8.23003807963058,171.01318072765332,29.007568,1,0,1,0.4915
2.449600078165531,17147.200547158718,8.230031681933617,171.01318009229976,28.83898,1,0,1,0.3229
2.449700079858303,17147.90055900812,8.230025274643781,171.01317942740576,29.102156,1,0,1,0.5861
2.449900083243847,17149.30058270693,8.230012476494641,171.0131781494173,28.86218,1,0,1,0.3461
2.4505000934004784,17153.50065380335,8.229974062365098,171.01317424545147,29.131529,1,0,1,0.6155
2.4506000876426697,17154.200613498688,8.229967660622103,171.01317359424323,29.179506,1,0,1,0.6634
2.4507000893354416,17154.90062534809,8.229961266676389,171.01317296920283,28.840591,1,0,1,0.3245
2.450800091028213,17155.600637197495,8.229954899885161,171.01317243247257,27.201468,1,0,3,-1.3146
2.451400063931942,17159.800447523594,8.22991645855728,171.01316841645914,29.03598,1,0,1,0.5199
2.451400063931942,17159.800447523594,8.229916464657528,171.01316843600682,28.748688,1,0,1,0.2326
2.4515000581741333,17160.500407218933,8.229910052966975,171.01316775019072,29.291307,1,0,1,0.7752
2.452000074088573,17164.000518620014,8.2298780886425,171.01316462853652,27.458792,1,0,3,-1.0573
2.452000074088573,17164.000518620014,8.229878092173132,171.0131646398501,27.292515,1,0,3,-1.2236
2.4524000734090805,17166.800513863564,8.229852486526514,171.01316202336608,27.553446,1,0,3,-0.9626
2.452600084245205,17168.200589716434,8.22983968706878,171.0131607262166,27.511303,1,0,3,-1.0048
2.45290008187294,17170.30057311058,8.229820451988646,171.0131586577734,29.243801,1,0,1,0.7277
2.45290008187294,17170.30057311058,8.229820800893462,171.01315978697082,12.642847,1,0,0,-15.8732
2.453400082886219,17173.800580203533,8.229788487025958,171.01315550876757,27.716257,1,0,3,-0.7998
2.453500084578991,17174.500592052937,8.2297821625025,171.0131550989648,24.17273,1,0,0,-4.3433
2.4541000947356224,17178.700663149357,8.229743666665362,171.01315086249377,29.016857,1,0,1,0.5008
2.4542000889778137,17179.400622844696,8.229737296934205,171.01315030405797,27.649689,1,0,3,-0.8664
2.455000072717666,17185.000509023666,8.229686112539701,171.01314509196249,27.616028,1,0,3,-0.9
2.4553000703454018,17187.100492417812,8.229666890974206,171.01314304329537,28.96832,1,0,1,0.4522
2.4555000737309456,17188.50051611662,8.229655060755414,171.0131448650204,-16.998777,0,0,0,-45.5149
2.456000082194805,17192.000575363636,8.229622139415934,171.01313857684863,27.47018,1,0,3,-1.0459
2.456400081515312,17194.800570607185,8.229596548811239,171.01313595644726,27.594185,1,0,3,-0.9219
2.456600084900856,17196.200594305992,8.229583753027958,171.01313464350568,27.69024,1,0,3,-0.8258
2.457200087606907,17200.40061324835,8.229545376238166,171.01313072957743,27.590706,1,0,3,-0.9254
2.4581000581383705,17206.700406968594,8.22948781579112,171.01312484560856,27.578138,1,0,3,-0.9379
2.4582000598311424,17207.400418817997,8.229481391750609,171.01312409856314,28.943758,1,0,1,0.4277
2.4583000615239143,17208.1004306674,8.229475021796826,171.0131235277128,27.717567,1,0,3,-0.7985
2.458800069987774,17211.600489914417,8.229443019219342,171.01312016972443,28.98332,1,0,1,0.4672
2.458900071680546,17212.30050176382,8.229436646708251,171.01311958888027,27.899603,1,0,3,-0.6165
2.4590000733733177,17213.000513613224,8.22943017269056,171.01311880758038,29.152325,1,0,1,0.6362
2.4590000733733177,17213.000513613224,8.22943051917623,171.01311992898104,12.665691,0,0,0,-15.8504
2.459100067615509,17213.700473308563,8.229423816119352,171.0131182676005,27.506107,1,0,3,-1.01
2.459200069308281,17214.400485157967,8.229417392219492,171.01311750987213,29.060299,1,0,1,0.5442
2.459300071001053,17215.10049700737,8.229411030075553,171.01311695292364,27.661459,1,0,3,-0.8546
2.459300071001053,17215.10049700737,8.229411030844744,171.01311695538834,27.625235,1,0,3,-0.8908
2.460000082850456,17220.000579953194,8.229366279563596,171.0131123433148,28.306658,1,0,1,-0.2094
2.460000082850456,17220.000579953194,8.229366292500883,171.01311238636416,27.67322,1,0,3,-0.8429
2.460800088942051,17225.600622594357,8.22931488075265,171.0131062332502,41.384167,1,0,0,12.8681
2.460800088942051,17225.600622594357,8.22931589393228,171.0131095131709,-6.837182,0,0,0,-35.3533
2.461200058460236,17228.40040922165,8.229289580267551,171.0131044560037,29.125748,1,0,1,0.6097
2.461600057780742,17231.2004044652,8.229264050758873,171.0131019409455,27.701633,1,0,3,-0.8144
2.461800068616867,17232.60048031807,8.22925127105546,171.01310063570082,27.686579,1,0,3,-0.8295
2.461800068616867,17232.60048031807,8.229251273634372,171.013100643964,27.565132,1,0,3,-0.9509
2.462300069630146,17236.100487411022,8.229219295471287,171.0130972781378,29.03006,1,0,1,0.514
2.46250007301569,17237.50051110983,8.229206544385155,171.0130960623889,27.69133,1,0,3,-0.8247
2.462700068950653,17238.90048265457,8.229193762965807,171.0130947454469,27.839125,1,0,3,-0.677
2.4630000814795494,17241.000570356846,8.22917456694027,171.01309269439474,29.16718,1,0,1,0.6511
2.4631000831723213,17241.70058220625,8.229168205323395,171.01309213078872,27.843159,1,0,3,-0.6729
2.4646000638604164,17252.200447022915,8.2290723462786,171.0130822348359,29.124256,1,0,1,0.6082
2.464700058102608,17252.900406718254,8.229064999768273,171.01307847894532,74.72655,0,0,0,46.2105
2.464700058102608,17252.900406718254,8.229065496563264,171.01308008662426,51.0901,0,0,0,22.574
2.464700058102608,17252.900406718254,8.22906598353797,171.01308166443442,27.892094,1,0,3,-0.624
2.4652000591158867,17256.400413811207,8.229034041647708,171.01307839869403,27.805056,1,0,3,-0.711
2.4661000818014145,17262.7005726099,8.228976545893788,171.01307252097178,27.605162,1,0,3,-0.9109
2.4667000845074654,17266.900591552258,8.228938184501617,171.01306849890128,28.974127,1,0,1,0.458
2.467700093984604,17273.900657892227,8.228874318591048,171.013062026398,27.821121,1,0,3,-0.695
2.467700093984604,17273.900657892227,8.228874351638748,171.01306213227716,26.264944,1,0,0,-2.2511
2.4684000685811043,17278.80048006773,8.228829592314673,171.01305742766536,27.989807,1,0,3,-0.5263
2.469100072979927,17283.70051085949,8.2287848744389,171.0130528664535,27.583239,1,0,3,-0.9328
2.469400070607662,17285.800494253635,8.228765709054304,171.01305091083978,27.415125,1,0,3,-1.101
2.469500072300434,17286.50050610304,8.228759290318754,171.01305016116152,28.79632,1,0,1,0.2802
2.4697000831365585,17287.90058195591,8.228746511366516,171.01304885440723,28.724537,1,0,1,0.2085
2.4697000831365585,17287.90058195591,8.22874655403142,171.01304899268905,26.691376,1,0,0,-1.8247
2.470200084149837,17291.400589048862,8.228714578928871,171.01304563469282,27.846834,1,0,3,-0.6692
2.470300078392029,17292.1005487442,8.228708166277512,171.01304490436152,28.941336,1,0,1,0.4253
2.470600090920925,17294.200636446476,8.228688988618275,171.01304291836124,29.204641,1,0,1,0.6886
2.470600090920925,17294.200636446476,8.228689017341614,171.01304301197675,27.82797,1,0,3,-0.6881
2.471400059759617,17299.800418317318,8.228637863251,171.01303766711652,29.23972,1,0,1,0.7236
2.4716000631451607,17301.200442016125,8.228624613016642,171.01303484061364,51.499496,0,0,0,22.9834
2.4716000631451607,17301.200442016125,8.228625105317656,171.01303643531122,28.052748,1,0,1,-0.4633
2.4716000631451607,17301.200442016125,8.228625084219992,171.01303636612693,29.070337,1,0,1,0.5543
2.471900060772896,17303.30042541027,8.228605936190988,171.0130344823231,27.81911,1,0,3,-0.697
2.47210007160902,17304.70050126314,8.228593129476977,171.01303309502117,28.915216,1,0,1,0.3991
2.472200073301792,17305.400513112545,8.228586734801047,171.01303242963402,29.047396,1,0,1,0.5313
2.472600072622299,17308.200508356094,8.228561196324947,171.01302989979882,27.637287,1,0,3,-0.8788
2.472600072622299,17308.200508356094,8.228561167184996,171.0130298048514,29.033545,1,0,1,0.5175
2.472800083458424,17309.600584208965,8.228548164795916,171.01302778814923,39.379425,1,0,0,10.8633
2.4729000851511955,17310.30059605837,8.228542012460723,171.01302791065282,27.92488,1,0,3,-0.5912
2.4729000851511955,17310.30059605837,8.228541991785061,171.01302784282177,28.922583,1,0,1,0.4065
2.4731000810861588,17311.70056760311,8.22852923145578,171.01302660996126,27.743057,1,0,3,-0.773
2.4732000827789307,17312.400579452515,8.228522813120726,171.01302587005048,28.96855,1,0,1,0.4525
2.473400078713894,17313.800550997257,8.228510038426977,171.01302459141706,28.46099,1,0,1,-0.0551
2.4736000820994377,17315.200574696064,8.228497270795213,171.01302333974485,27.554739,1,0,3,-0.9613
2.4740000888705254,17318.000622093678,8.228471664719294,171.01302060892127,29.085043,1,0,1,0.569
2.474300093948841,17320.100657641888,8.228452554911179,171.01301887209684,25.653162,1,0,0,-2.8629
2.4744000881910324,17320.800617337227,8.228446111986585,171.0130180558963,27.997961,1,0,3,-0.5181
2.474600091576576,17322.200641036034,8.228433322519301,171.0130167394681,28.039907,1,0,1,-0.4762
2.4747000634670258,17322.90044426918,8.228426936384784,171.01301610343316,27.737484,1,0,3,-0.7786
2.474900059401989,17324.300415813923,8.22841412493039,171.01301471567874,28.828127,1,0,1,0.312
2.475000061094761,17325.000427663326,8.228407749428074,171.01301412231524,27.894382,1,0,3,-0.6217
2.475000061094761,17325.000427663326,8.228407747824095,171.0130141171769,27.969906,1,0,3,-0.5462
2.4752000644803047,17326.400451362133,8.22839497321362,171.01301285277052,27.245111,1,0,0,-1.271
2.475400075316429,17327.800527215004,8.228382167974662,171.0130114932567,27.916866,1,0,3,-0.5992
2.475400075316429,17327.800527215004,8.22838216988312,171.01301149937038,27.827005,1,0,3,-0.6891
2.4756000712513924,17329.200498759747,8.22836938078968,171.01301019018402,27.7599,1,0,3,-0.7562
2.4756000712513924,17329.200498759747,8.22836937764957,171.0130101801248,27.907751,1,0,3,-0.6083
2.4757000729441643,17329.90051060915,8.228362959292742,171.01300944899415,28.999311,1,0,1,0.4832
2.475800074636936,17330.600522458553,8.228356584523036,171.0130088610837,27.984224,1,0,3,-0.5319
2.4759000688791275,17331.300482153893,8.228349348556689,171.01300548298516,67.99429,0,0,0,39.4782
2.4759000688791275,17331.300482153893,8.228350163167848,171.01300811967454,29.22733,1,0,1,0.7113
2.4760000705718994,17332.000494003296,8.228343768505209,171.01300746725343,29.16091,1,0,1,0.6448
2.4760000705718994,17332.000494003296,8.228343766748486,171.01300746162588,29.243624,1,0,1,0.7275
2.4763000681996346,17334.100477397442,8.228324722134513,171.0130059566212,22.394886,1,0,0,-6.1212
2.476500079035759,17335.500553250313,8.228311930333554,171.01300464906868,22.300219,1,0,0,-6.2159
2.4768000841140747,17337.600588798523,8.228292622762565,171.01300230176028,27.833221,1,0,3,-0.6829
2.4772000908851624,17340.400636196136,8.228267032933315,171.0129996741337,27.827587,1,0,3,-0.6885
2.477400094270706,17341.800659894943,8.228254230759495,171.01299833973792,28.126993,1,0,1,-0.3891
2.477800101041794,17344.600707292557,8.22822867479008,171.0129958313802,26.367352,1,0,0,-2.1487
2.477900095283985,17345.300666987896,8.228222243137031,171.01299506730635,27.941545,1,0,3,-0.5745
2.478000096976757,17346.0006788373,8.22821582060756,171.01299433280917,29.08102,1,0,1,0.5649
2.4782000705599785,17347.40049391985,8.228203047529743,171.0129930946821,27.96734,1,0,3,-0.5487
2.4782000705599785,17347.40049391985,8.228203046418175,171.0129930911213,28.019678,1,0,1,-0.4964
2.478600069880485,17350.2004891634,8.228177452115958,171.01299047350844,27.866678,1,0,3,-0.6494
2.478600069880485,17350.2004891634,8.228177454634922,171.01299048157767,27.748074,1,0,3,-0.768
2.478700079023838,17350.900553166866,8.228171027301043,171.01298973650913,29.042358,1,0,1,0.5263
2.478700079023838,17350.900553166866,8.22817104713227,171.01298980163125,28.08445,1,0,1,-0.4316
2.47880008071661,17351.60056501627,8.228164649601963,171.0129891526388,27.96662,1,0,3,-0.5495
2.479100078344345,17353.700548410416,8.22814543005168,171.01298712678877,29.132269,1,0,1,0.6162
2.479200080037117,17354.40056025982,8.228139114713592,171.0129867457348,25.050705,1,0,0,-3.4654
2.4793000742793083,17355.10051995516,8.228131798370642,171.01298312201365,68.64786,0,0,0,40.1318
2.4793000742793083,17355.10051995516,8.228132717116743,171.01298609700456,24.905764,1,0,0,-3.6103
2.479500077664852,17356.500543653965,8.228119849645369,171.01298457108626,27.97329,1,0,3,-0.5428
2.479500077664852,17356.500543653965,8.228119853282157,171.0129845827363,27.802053,1,0,3,-0.714
2.479600079357624,17357.20055550337,8.228113425993367,171.01298384028493,29.034939,1,0,1,0.5189
2.479600079357624,17357.20055550337,8.228113450747903,171.01298392117795,27.845222,1,0,3,-0.6709
2.47990008443594,17359.30059105158,8.228094217988493,171.0129818573768,29.139223,1,0,1,0.6231
2.480000086128712,17360.000602900982,8.22808784128467,171.0129812822016,27.912512,1,0,3,-0.6036
2.4804000854492188,17362.80059814453,8.228062233191215,171.01297865439253,27.819004,1,0,3,-0.6971
2.4805000871419907,17363.500609993935,8.228055824812724,171.01297797875765,28.07055,1,0,1,-0.4455
2.4805000871419907,17363.500609993935,8.228055826870746,171.01297798535023,27.97365,1,0,3,-0.5424
2.4806000888347626,17364.200621843338,8.22804942065361,171.01297731716494,28.115921,1,0,1,-0.4002
2.4807000905275345,17364.90063369274,8.228042998804842,171.01297659783884,29.010843,1,0,1,0.4948
2.480800099670887,17365.60069769621,8.228037706608376,171.01297953907977,-23.916908,0,0,0,-52.433
2.48100009560585,17367.00066924095,8.228023793082569,171.01297463946835,28.76105,1,0,1,0.245
2.481100097298622,17367.700681090355,8.228017406965542,171.01297403992294,27.894997,1,0,3,-0.6211
2.481200098991394,17368.40069293976,8.228011001992638,171.01297337891694,27.933336,1,0,3,-0.5827
2.481300100684166,17369.10070478916,8.22800459596481,171.01297271506974,28.013746,1,0,3,-0.5023
2.4816000685095787,17371.20047956705,8.227985469203523,171.01297101350718,23.997576,1,0,0,-4.5185
2.4817000702023506,17371.900491416454,8.227978958700966,171.01297001396807,29.014935,1,0,1,0.4989
2.481800064444542,17372.600451111794,8.227972555822817,171.0129693614442,28.931347,1,0,1,0.4153
2.481900066137314,17373.300462961197,8.227966150474616,171.01296870303446,28.93393,1,0,1,0.4179
2.481900066137314,17373.300462961197,8.227966174442491,171.01296878140704,27.781246,1,0,3,-0.7348
2.48220007866621,17375.40055066347,8.227946928329274,171.0129667132583,29.157093,1,0,1,0.641
2.48220007866621,17375.40055066347,8.227946933426574,171.01296672958674,28.91709,1,0,1,0.401
2.482300080358982,17376.100562512875,8.227940547970567,171.01296613869482,27.928173,1,0,3,-0.5879
2.482700079679489,17378.900557756424,8.227914923715135,171.01296350875467,27.89592,1,0,3,-0.6202
2.4828000739216805,17379.600517451763,8.227908516225767,171.01296284698464,27.952568,1,0,3,-0.5635
2.4829000756144524,17380.300529301167,8.227902109556029,171.01296218987878,27.940437,1,0,3,-0.5756
2.4830000773072243,17381.00054115057,8.227895678464048,171.01296145350432,29.094677,1,0,1,0.5786
2.483600087463856,17385.20061224699,8.227857257569635,171.01295758888034,27.888985,1,0,3,-0.6271
2.484300099313259,17390.100695192814,8.227812380578724,171.01295293386255,28.661375,1,0,1,0.1453
2.484300099313259,17390.100695192814,8.227812396636335,171.01295298689595,27.881132,1,0,3,-0.6349
2.4845000952482224,17391.500666737556,8.227799571978219,171.01295165245102,28.173498,1,0,1,-0.3426
2.484800100326538,17393.600702285767,8.22778035183545,171.01294971123065,27.727757,1,0,3,-0.7883
2.4852000698447227,17396.40048891306,8.227754465052989,171.01294628149645,39.51972,1,0,0,11.0036
2.485300064086914,17397.1004486084,8.227748295620291,171.01294640603183,28.030363,1,0,1,-0.4857
2.4856000766158104,17399.200536310673,8.227729061618465,171.01294443556316,28.032124,1,0,1,-0.484
2.4857000783085823,17399.900548160076,8.227722652553336,171.01294378665284,27.918283,1,0,3,-0.5978
2.485800080001354,17400.60056000948,8.227716223811736,171.01294307368474,28.747572,1,0,1,0.2315
2.4861000776290894,17402.700543403625,8.227697003342438,171.01294115372914,28.020124,1,0,1,-0.496
2.486300081014633,17404.100567102432,8.227684181909845,171.01293985157756,27.865587,1,0,3,-0.6505
2.486600086092949,17406.200602650642,8.227664939292326,171.01293786906143,28.071096,1,0,1,-0.445
2.486700087785721,17406.900614500046,8.227658525464376,171.01293721056334,28.107056,1,0,1,-0.409
2.4868000894784927,17407.60062634945,8.227652092788569,171.01293649065664,29.047316,1,0,1,0.5312
2.487200088799,17410.400621593,8.227626463664166,171.012933948547,27.854063,1,0,3,-0.662
2.487300090491772,17411.100633442402,8.227620043351871,171.01293327264884,28.151628,1,0,1,-0.3644
2.48770009726286,17413.900680840015,8.227595254164846,171.0129334610168,-13.16903,0,0,0,-41.6851
2.488500066101551,17419.500462710857,8.22754306756313,171.01292541418638,28.099833,1,0,1,-0.4162
2.488500066101551,17419.500462710857,8.22754306967165,171.01292542094097,28.000547,1,0,3,-0.5155
2.488800071179867,17421.600498259068,8.22752382179651,171.01292345825172,27.98309,1,0,3,-0.533
2.4890000745654106,17423.000521957874,8.22751099312697,171.01292216289667,27.784641,1,0,3,-0.7314
2.4891000762581825,17423.700533807278,8.227504570245676,171.01292148864613,28.077782,1,0,1,-0.4383
2.4892000779509544,17424.40054565668,8.227498153214048,171.01292083366985,28.088806,1,0,1,-0.4273
2.4897000789642334,17427.900552749634,8.227466049746551,171.012917505017,28.954,1,0,1,0.4379
2.490300089120865,17432.100623846054,8.22742753773046,171.0129135704932,29.152008,1,0,1,0.6359
2.4906000867486,17434.2006072402,8.227408284994903,171.01291161916154,29.035067,1,0,1,0.519
2.490700088441372,17434.900619089603,8.227401863233185,171.01291095703667,29.170105,1,0,1,0.654
2.490700088441372,17434.900619089603,8.227401867166312,171.0129109696367,28.984898,1,0,1,0.4688
2.4912000969052315,17438.40067833662,8.22736980145029,171.01290780506932,27.533205,1,0,3,-0.9829
2.491700068116188,17441.900476813316,8.22733769349491,171.0129045084068,28.062004,1,0,1,-0.4541
2.49180006980896,17442.60048866272,8.22733127554755,171.01290386367015,27.956741,1,0,3,-0.5593
2.492100074887276,17444.70052421093,8.227311990970527,171.01290183222957,29.079472,1,0,1,0.5634
2.4925000742077827,17447.50051945448,8.227286330534314,171.01289930002656,28.003166,1,0,3,-0.5129
2.493300080299377,17453.100562095642,8.22723494167304,171.01289403601862,28.857538,1,0,1,0.3415
2.493300080299377,17453.100562095642,8.227234959873902,171.01289409592405,27.976261,1,0,3,-0.5398
2.49340008944273,17453.80062609911,8.227228534403816,171.01289343577963,28.120516,1,0,1,-0.3956
2.493800088763237,17456.60062134266,8.227203856724069,171.01289410694665,-19.97778,0,0,0,-48.4939
2.4945001006126404,17461.500704288483,8.227157872988148,171.0128862422041,28.820017,1,0,1,0.3039
2.494700096547604,17462.900675833225,8.22714610391731,171.01288843030432,-22.436123,0,0,0,-50.9522
2.4948000982403755,17463.60068768263,8.227138623111703,171.01288435808803,27.900753,1,0,3,-0.6153
2.4950000941753387,17465.00065922737,8.22712580618941,171.01288315462952,26.5233,1,0,0,-1.9928
2.49520006775856,17466.40047430992,8.227112915944685,171.0128817116615,28.675804,1,0,1,0.1597
2.49570007622242,17469.900533556938,8.22708081286428,171.01287852338805,27.915236,1,0,3,-0.6008
2.4963000789284706,17474.100552499294,8.227042264165911,171.01287462516945,28.121708,1,0,1,-0.3944
2.4967000856995583,17476.900599896908,8.22701657070355,171.01287205158866,27.921871,1,0,3,-0.5942
2.49680008739233,17477.60061174631,8.227010119768272,171.01287131900366,29.187904,1,0,1,0.6718
2.496900089085102,17478.300623595715,8.227003720846692,171.01287075654452,27.953503,1,0,3,-0.5626
2.497000090777874,17479.000635445118,8.226997295988141,171.01287010967047,27.962362,1,0,3,-0.5537
2.4979000985622406,17485.300689935684,8.226939470679365,171.01286429313566,28.042027,1,0,1,-0.4741
2.498200096189976,17487.40067332983,8.22692026316905,171.01286257584755,24.842892,1,0,0,-3.6732
2.498500071465969,17489.500500261784,8.226900922337004,171.01286042571107,28.025509,1,0,1,-0.4906
2.4986000657081604,17490.200459957123,8.226894480397005,171.01285972487787,28.856726,1,0,1,0.3406
2.4987000674009323,17490.900471806526,8.226888075415147,171.01285914733737,27.875252,1,0,3,-0.6408
2.498800069093704,17491.60048365593,8.226881646034485,171.01285849021932,28.065973,1,0,1,-0.4501
2.498800069093704,17491.60048365593,8.226881646453391,171.01285849156156,28.046244,1,0,1,-0.4698
2.499500080943108,17496.500566601753,8.22683671344282,171.01285392392862,28.828941,1,0,1,0.3129
2.499600075185299,17497.200526297092,8.226830301859838,171.01285334433402,27.906218,1,0,3,-0.6099
2.4998000785708427,17498.6005499959,8.226817412995672,171.01285197323244,29.181728,1,0,1,0.6657
2.5003000870347023,17502.100609242916,8.22678528326636,171.01284884916464,27.934713,1,0,3,-0.5814
2.5003000870347023,17502.100609242916,8.226785278729988,171.01284883462907,28.148373,1,0,1,-0.3677
2.5003000870347023,17502.100609242916,8.226785286764942,171.01284886037487,27.769934,1,0,3,-0.7461
2.500500090420246,17503.500632941723,8.226772418647567,171.01284755869872,28.048697,1,0,1,-0.4674
2.500900089740753,17506.300628185272,8.22674669472406,171.01284499389013,28.061174,1,0,1,-0.4549
2.5011001005768776,17507.700704038143,8.22673383561419,171.01284372299824,27.907492,1,0,3,-0.6086
2.501300096511841,17509.100675582886,8.226720976568222,171.012842449332,27.80286,1,0,3,-0.7132
2.5015000998973846,17510.500699281693,8.226708094595748,171.0128411020151,28.787683,1,0,1,0.2716
2.501700095832348,17511.900670826435,8.226695255049822,171.0128398921985,27.757446,1,0,3,-0.7586
2.5022000670433044,17515.40046930313,8.226663077297088,171.01283660461456,29.082073,1,0,1,0.566
2.502900078892708,17520.300552248955,8.226618086856288,171.01283219857137,28.110764,1,0,1,-0.4053
2.50300008058548,17521.000564098358,8.226611659144577,171.0128315666944,28.014606,1,0,3,-0.5015
2.503100074827671,17521.700523793697,8.226605229294272,171.0128309263013,28.045963,1,0,1,-0.4701
2.503300078213215,17523.100547492504,8.22659235232047,171.01282959097924,28.91451,1,0,1,0.3984
2.5040000900626183,17528.000630438328,8.226547369743747,171.0128251959393,27.906946,1,0,3,-0.6091
2.5040000900626183,17528.000630438328,8.226547423915324,171.01282537113323,25.331055,1,0,0,-3.185
2.5040000900626183,17528.000630438328,8.226547217699439,171.01282470231567,35.165607,1,0,0,6.6495
2.5040000900626183,17528.000630438328,8.22654737318183,171.01282520695702,27.744997,1,0,3,-0.7711
2.504200085997581,17529.40060198307,8.226534493211702,171.01282385633837,28.867887,1,0,1,0.3518
2.5044000893831253,17530.800625681877,8.226521214004716,171.01282121390278,48.99056,0,0,0,20.4745
2.505300067365169,17537.100471556187,8.226463787091006,171.0128168441232,29.032576,1,0,1,0.5165
2.5058000683784485,17540.60047864914,8.226431653531845,171.01281366211452,29.088175,1,0,1,0.5721
2.506100080907345,17542.700566351414,8.226412988163428,171.01281374130215,-0.098407425,0,0,0,-28.6145
2.506300076842308,17544.100537896156,8.22639952768737,171.01281049589906,28.947454,1,0,1,0.4314
2.50640007853508,17544.80054974556,8.22639316807488,171.01281007460588,25.806744,1,0,0,-2.7093
2.506800077855587,17547.60054498911,8.226366784228183,171.01280531666586,58.44159,0,0,0,29.9255
2.506800077855587,17547.60054498911,8.226367394079018,171.01280729189818,29.398418,1,0,1,0.8823
2.5072000846266747,17550.400592386723,8.226341705928757,171.01280478106224,29.013899,1,0,1,0.4978
2.5074000880122185,17551.80061608553,8.226328876574359,171.0128035712949,28.15805,1,0,1,-0.358
2.5075000897049904,17552.500627934933,8.226322454961913,171.0128029428178,28.079144,1,0,1,-0.4369
2.5075000897049904,17552.500627934933,8.226322458137984,171.01280295299682,27.929523,1,0,3,-0.5866
2.5075000897049904,17552.500627934933,8.226322595442927,171.01280339783585,21.388758,1,0,0,-7.1273
2.5077000856399536,17553.900599479675,8.2263096161875,171.0128016965142,27.76974,1,0,3,-0.7463
2.508100099861622,17556.700699031353,8.226283898485693,171.01279907128,29.114681,1,0,1,0.5986
2.508400097489357,17558.8006824255,8.226264632336186,171.01279716569232,29.206484,1,0,1,0.6904
2.508500099182129,17559.500694274902,8.226258237400629,171.0127966182764,27.948381,1,0,3,-0.5677
2.509100079536438,17563.700556755066,8.22621969504931,171.01279274984384,29.016462,1,0,1,0.5004
2.50920008122921,17564.40056860447,8.226213273690488,171.01279211168566,29.101362,1,0,1,0.5853
2.50920008122921,17564.40056860447,8.226213304309955,171.01279221141863,27.634695,1,0,3,-0.8814
2.509400077164173,17565.800540149212,8.226200439504492,171.01279085923352,28.924599,1,0,1,0.4085
2.509400077164173,17565.800540149212,8.226200457693416,171.0127909191262,28.043531,1,0,1,-0.4725
2.509400077164173,17565.800540149212,8.22620043691231,171.0127908509254,29.046719,1,0,1,0.5306
2.51030008494854,17572.100594639778,8.226142680316595,171.01278517733408,28.856844,1,0,1,0.3408
2.5108000859618187,17575.60060173273,8.226110616027709,171.01278207376396,28.077034,1,0,1,-0.439
2.5108000859618187,17575.60060173273,8.22611061817777,171.01278208065526,27.975742,1,0,3,-0.5403
2.51140009611845,17579.80067282915,8.226072359330088,171.01277903897684,17.03652,1,0,0,-11.4796
2.511600099503994,17581.200696527958,8.226059306162343,171.01277704596802,27.794247,1,0,3,-0.7218
2.511600099503994,17581.200696527958,8.226060023302582,171.01277936849058,-6.3541174,0,0,0,-34.8702
2.511700101196766,17581.90070837736,8.226052866809674,171.01277633026334,29.046087,1,0,1,0.53
2.511700101196766,17581.90070837736,8.226052889477847,171.01277640451562,27.953962,1,0,3,-0.5621
2.511900097131729,17583.300679922104,8.226040175676559,171.01277550416296,22.652447,1,0,0,-5.8636
2.5121000707149506,17584.700495004654,8.226027243710304,171.01277389048212,27.844357,1,0,3,-0.6717
2.513000078499317,17591.00054949522,8.225969520066455,171.0127681332479,29.12127,1,0,1,0.6052
2.513100080192089,17591.700561344624,8.22596313583801,171.01276758608458,27.906149,1,0,3,-0.6099
2.513100080192089,17591.700561344624,8.225963673405163,171.01276932669344,2.3140662,0,0,0,-26.202
2.513200081884861,17592.400573194027,8.225956704640497,171.01276688412776,28.968596,1,0,1,0.4525
2.513400077819824,17593.80054473877,8.22594426860715,171.0127668587335,10.827202,0,0,0,-17.6889
2.513900086283684,17597.300603985786,8.225911869616507,171.01276254529805,27.971546,1,0,3,-0.5445
2.514000087976456,17598.00061583519,8.22590546861541,171.01276193479433,27.694798,1,0,3,-0.8213
2.514100089669228,17598.700627684593,8.22589903368635,171.01276121306557,29.054266,1,0,1,0.5382
2.5144000872969627,17600.80061107874,8.225879839479221,171.01275940192318,27.930485,1,0,3,-0.5856
2.5144000872969627,17600.80061107874,8.22587981641331,171.01275932639342,29.04137,1,0,1,0.5253
2.514800101518631,17603.600710630417,8.225854215417298,171.01275687405797,28.101145,1,0,1,-0.4149
2.515000097453594,17605.00068217516,8.225841794917278,171.0127568702823,9.663112,0,0,0,-18.853
2.515100099146366,17605.700694024563,8.225834982223123,171.01275491599753,29.150806,1,0,1,0.6347
2.515200100839138,17606.400705873966,8.225828606212126,171.01275437648837,27.837074,1,0,3,-0.679
2.515200100839138,17606.400705873966,8.225828605193673,171.01275437322383,27.885057,1,0,3,-0.631
2.515200100839138,17606.400705873966,8.225828726150445,171.01275476412408,22.138058,1,0,0,-6.378
2.515200100839138,17606.400705873966,8.225828725826826,171.0127547630868,22.153303,1,0,0,-6.3628
2.5153000950813293,17607.100665569305,8.225822178938495,171.0127536670857,29.02315,1,0,1,0.5071
2.5153000950813293,17607.100665569305,8.22582217983964,171.01275366997416,28.980694,1,0,1,0.4646
2.515500068664551,17608.500480651855,8.225809397103182,171.01275248045124,27.983526,1,0,3,-0.5326
2.5156000703573227,17609.20049250126,8.22580299419982,171.0127518495191,28.01632,1,0,1,-0.4998
2.5157000720500946,17609.900504350662,8.225796591259689,171.0127512175586,28.064705,1,0,1,-0.4514
2.515800066292286,17610.600464046,8.225790193898701,171.01275060108756,27.886581,1,0,3,-0.6295
2.515800066292286,17610.600464046,8.225790195673676,171.012750606777,27.802958,1,0,3,-0.7131
2.516600079834461,17616.20055884123,8.225738966229699,171.01274549049728,29.10046,1,0,1,0.5844
2.516700081527233,17616.900570690632,8.22573256622024,171.0127448587728,29.14952,1,0,1,0.6334
2.5171000882983208,17619.700618088245,8.225706996977024,171.01274242298524,28.009274,1,0,3,-0.5068
2.5171000882983208,17619.700618088245,8.225707004351484,171.01274244662312,27.661839,1,0,3,-0.8542
2.5173000916838646,17621.100641787052,8.225694191321528,171.01274112975818,28.549347,1,0,1,0.0333
2.517400085926056,17621.80060148239,8.225687782184083,171.01274046085766,29.147705,1,0,1,0.6316
2.517900101840496,17625.300712883472,8.225655826964928,171.0127374030402,27.924656,1,0,3,-0.5914
2.518000096082688,17626.00067257881,8.225649409367003,171.012736699917,29.028152,1,0,1,0.5121
2.518300101161003,17628.10070812702,8.22563022527784,171.01273481450937,29.043701,1,0,1,0.5276
2.5185000970959663,17629.500679671764,8.225617436281887,171.01273355279682,29.125725,1,0,1,0.6096
2.5185000970959663,17629.500679671764,8.22561746089942,171.01273363330097,27.94175,1,0,3,-0.5743
2.5186000987887383,17630.200691521168,8.225611063435757,171.01273299231218,28.13155,1,0,1,-0.3845
2.518900066614151,17632.300466299057,8.225592874759593,171.01273430749646,-18.904186,0,0,0,-47.4203
2.5192000716924667,17634.400501847267,8.22557255011714,171.01272915196648,29.006218,1,0,1,0.4901
2.5196000784635544,17637.20054924488,8.225547030395171,171.0127266523591,28.876925,1,0,1,0.3608
2.5197000801563263,17637.900561094284,8.225540671596956,171.01272609457584,27.85739,1,0,3,-0.6587
2.520000077784061,17640.00054448843,8.225521531270491,171.01272420486586,27.9815,1,0,3,-0.5346
2.5201000794768333,17640.700556337833,8.225515127207158,171.01272349538354,29.192896,1,0,1,0.6768
2.5203000903129578,17642.100632190704,8.225502398241003,171.01272233393743,27.827585,1,0,3,-0.6885
2.520500086247921,17643.500603735447,8.225489642358975,171.0127210784189,27.84659,1,0,3,-0.6695
2.520500086247921,17643.500603735447,8.225489639434118,171.0127210690438,27.984385,1,0,3,-0.5317
2.5208000913262367,17645.600639283657,8.225470510945994,171.01271919915632,27.813957,1,0,3,-0.7021
2.520900085568428,17646.300598978996,8.22546415758858,171.01271864594074,26.727459,1,0,0,-1.7886
2.520900085568428,17646.300598978996,8.225464133052265,171.0127185672944,27.883387,1,0,3,-0.6327
2.521100088953972,17647.700622677803,8.225451379569632,171.01271731165662,27.901407,1,0,3,-0.6147
2.521300084888935,17649.100594222546,8.225438626410282,171.0127160526391,27.968872,1,0,3,-0.5472
2.521700099110604,17651.900693774223,8.225413105758198,171.01271348322933,28.85419,1,0,1,0.3381
2.5219000950455666,17653.300665318966,8.225400373533404,171.01271228456562,28.030416,1,0,1,-0.4857
2.5220000967383385,17654.00067716837,8.225394001110926,171.01271166396066,27.930704,1,0,3,-0.5854
2.52220007032156,17655.40049225092,8.22538125419355,171.01271040828237,27.945585,1,0,3,-0.5705
2.522300072014332,17656.100504100323,8.225374859585148,171.01270971306752,28.94207,1,0,1,0.426
2.522400066256523,17656.800463795662,8.225368510258377,171.01270916409206,27.78801,1,0,3,-0.7281
2.522500067949295,17657.500475645065,8.225362130827861,171.01270851790372,28.062374,1,0,1,-0.4537
2.522600069642067,17658.20048749447,8.225355760586165,171.0127079005739,27.912155,1,0,3,-0.6039
2.522700071334839,17658.900499343872,8.225349370107697,171.01270721620278,28.747566,1,0,1,0.2315
2.522800080478192,17659.60056334734,8.225343014742146,171.01270664846902,27.866087,1,0,3,-0.65
2.5231000781059265,17661.700546741486,8.225323891012346,171.01270474652432,28.144743,1,0,1,-0.3713
2.5231000781059265,17661.700546741486,8.225323897025836,171.01270476579845,27.86146,1,0,3,-0.6546
2.52380008995533,17666.60062968731,8.225279287496203,171.0127003533739,28.117424,1,0,1,-0.3987
2.523900091648102,17667.300641536713,8.22527290035919,171.0126996735371,28.879776,1,0,1,0.3637
2.524100087583065,17668.700613081455,8.225260154966357,171.01269840682045,29.035593,1,0,1,0.5195
2.525000095367432,17675.00066757202,8.225202819713704,171.01269275315133,29.016323,1,0,1,0.5002
2.525100097060204,17675.700679421425,8.225196469958473,171.01269219167222,28.029324,1,0,1,-0.4868
2.525700069963932,17679.900489747524,8.225158318274428,171.01268863080728,24.919394,1,0,0,-3.5967
2.525900065898896,17681.300461292267,8.225145490893752,171.01268708594665,29.13757,1,0,1,0.6215
2.526000067591667,17682.00047314167,8.225139146107868,171.01268653792548,27.945324,1,0,3,-0.5708
2.52610007673502,17682.700537145138,8.225133003165928,171.01268664442648,17.128866,1,0,0,-11.3872
2.5264000818133354,17684.800572693348,8.225113648379374,171.01268395718756,28.882452,1,0,1,0.3664
2.5267000794410706,17686.900556087494,8.225094556244635,171.01268211981468,28.132444,1,0,1,-0.3836
2.5268000811338425,17687.600567936897,8.22508819173723,171.01268150552892,27.907396,1,0,3,-0.6087
2.526900075376034,17688.300527632236,8.225081799066826,171.01268079778166,29.056414,1,0,1,0.5403
2.52720008790493,17690.40061533451,8.225062715995433,171.01267899037924,27.849806,1,0,3,-0.6663
2.527300089597702,17691.100627183914,8.225056318224564,171.01267826752922,29.215937,1,0,1,0.6999
2.527300089597702,17691.100627183914,8.225056348126829,171.0126783649548,27.78332,1,0,3,-0.7328
2.527400091290474,17691.800639033318,8.225049974487131,171.01267772075198,27.991905,1,0,3,-0.5242
2.5275000855326653,17692.500598728657,8.225043644442046,171.0126772163096,26.14531,1,0,0,-2.3708
2.527600087225437,17693.20061057806,8.225037240775535,171.01267647415045,27.7922,1,0,3,-0.7239
2.527800090610981,17694.600634276867,8.225024500945931,171.0126752092147,27.856985,1,0,3,-0.6591
2.527900092303753,17695.30064612627,8.22501813088814,171.0126745762392,27.895205,1,0,3,-0.6209
2.527900092303753,17695.30064612627,8.225018130740075,171.01267457576472,27.902178,1,0,3,-0.6139
2.527900092303753,17695.30064612627,8.225018105299343,171.01267449263875,29.124624,1,0,1,0.6085
2.5283000990748405,17698.100693523884,8.224992654723614,171.01267205728277,27.84668,1,0,3,-0.5722
2.5284001007676125,17698.800705373287,8.224986263568242,171.01267135510932,28.897022,1,0,1,0.4781
2.5289001017808914,17702.30071246624,8.224954437288115,171.01266826802882,27.899076,1,0,3,-0.5198
2.5289001017808914,17702.30071246624,8.224954436109343,171.01266826425132,27.954594,1,0,1,-0.4643
2.5289001017808914,17702.30071246624,8.224954415708705,171.0126681972794,28.939617,1,0,1,0.5207
2.5291000679135323,17703.700475394726,8.224941728896104,171.0126670971774,26.55468,1,0,0,-1.8642
2.529900081455708,17709.300570189953,8.224890738451627,171.01266194545587,27.996552,1,0,1,-0.4223
2.530400075018406,17712.80052512884,8.224858869680276,171.01265872777307,28.826408,1,0,1,0.4075
2.530500091612339,17713.500641286373,8.224851808470202,171.01265586342342,61.636387,0,0,0,33.2175
2.5307000875473022,17714.900612831116,8.224839772976692,171.0126568841889,28.026741,1,0,1,-0.3921
2.5310000851750374,17717.00059622526,8.22482064426579,171.01265493422372,28.781157,1,0,1,0.3623
2.531200088560581,17718.40061992407,8.22480791606258,171.01265371707663,28.058176,1,0,1,-0.3607
2.531400091946125,17719.800643622875,8.224794756197618,171.0126511019772,47.88264,0,0,0,19.4638
2.5316000878810883,17721.200615167618,8.224782431440548,171.0126511914229,27.940243,1,0,1,-0.4786
2.5319001004099846,17723.300702869892,8.224763315948486,171.0126492968075,27.841143,1,0,3,-0.5777
2.5320001021027565,17724.000714719296,8.224756943928817,171.0126486648923,27.810993,1,0,3,-0.6079
2.532400071620941,17726.800501346588,8.224731433220203,171.01264605958144,28.821218,1,0,1,0.4023
2.532400071620941,17726.800501346588,8.224731452107752,171.01264612169837,27.907564,1,0,3,-0.5113
2.532400071620941,17726.800501346588,8.224731915327162,171.0126476219488,5.8512754,0,0,0,-22.5676
2.532800078392029,17729.6005487442,8.224705956694304,171.01264358089531,27.941877,1,0,1,-0.477
2.5329000800848007,17730.300560593605,8.224699602868736,171.0126430111753,26.98423,1,0,0,-1.4346
2.5330000817775726,17731.00057244301,8.224693209051972,171.01264231353784,27.90519,1,0,3,-0.5137
2.5330000817775726,17731.00057244301,8.224693227107368,171.01264237139193,27.054913,1,0,3,-1.364
2.533300079405308,17733.100555837154,8.224674063481595,171.0126403352987,28.975052,1,0,1,0.5562
2.533500075340271,17734.500527381897,8.224661336227015,171.01263913785243,27.895777,1,0,3,-0.5231
2.533500075340271,17734.500527381897,8.22466131091064,171.01263905513795,29.11215,1,0,1,0.6933
2.533500075340271,17734.500527381897,8.22466133665337,171.01263913921858,27.8757,1,0,3,-0.5432
2.533700078725815,17735.900551080704,8.224648587936077,171.01263787486303,27.773664,1,0,3,-0.6452
2.5338000804185867,17736.600562930107,8.224642187134679,171.01263715712471,28.978527,1,0,1,0.5597
2.5342000871896744,17739.40061032772,8.224616711364812,171.0126347077319,27.583162,1,0,3,-0.8357
2.534400090575218,17740.800634026527,8.224603948344168,171.0126334049525,28.024023,1,0,1,-0.3948
2.53450009226799,17741.50064587593,8.224597543110365,171.01263267679246,29.371098,1,0,1,0.9522
2.534600086510181,17742.20060557127,8.224591196784772,171.01263213966612,27.908243,1,0,3,-0.5106
2.5348000898957253,17743.600629270077,8.22457842910483,171.0126308249062,28.513262,1,0,1,0.0944
2.5351001024246216,17745.70071697235,8.2245592863388,171.01262888911117,28.872904,1,0,1,0.454
2.5358000695705414,17750.60048699379,8.224514656123144,171.0126244994395,27.791706,1,0,3,-0.6272
2.5359000712633133,17751.300498843193,8.22450827195964,171.0126238489303,27.974415,1,0,1,-0.4445
2.5362000688910484,17753.40048223734,8.224489133843823,171.0126219459438,27.800104,1,0,3,-0.6188
2.5362000688910484,17753.40048223734,8.224489130723208,171.0126219359453,27.94705,1,0,1,-0.4718
2.536400079727173,17754.80055809021,8.22447637321395,171.01262067705835,27.677948,1,0,3,-0.7409
2.537100076675415,17759.700536727905,8.224431712994711,171.01261625601242,26.908102,1,0,0,-1.5108
2.537100076675415,17759.700536727905,8.224431674221403,171.0126161301887,28.75803,1,0,1,0.3392
2.537100076675415,17759.700536727905,8.224431669524964,171.01261611514147,28.979176,1,0,1,0.5603
2.537100076675415,17759.700536727905,8.224431694949011,171.01261619819456,27.757837,1,0,3,-0.661
2.537100076675415,17759.700536727905,8.224431697717094,171.01261620706342,27.627493,1,0,3,-0.7914
2.5373000875115395,17761.100612580776,8.224418928599356,171.01261492361166,27.68999,1,0,3,-0.7289
2.537500090897084,17762.500636279583,8.224406157571124,171.01261363547513,27.815477,1,0,3,-0.6034
2.537600092589855,17763.200648128986,8.224399756809564,171.01261294206316,28.601679,1,0,1,0.1828
2.5377000868320465,17763.900607824326,8.22439339361914,171.01261237148228,27.580273,1,0,3,-0.8386
2.5379000902175903,17765.300631523132,8.2243806213856,171.0126110854143,27.662235,1,0,3,-0.7566
2.5383000895380974,17768.10062676668,8.224355607553415,171.01261023853027,2.4437258,0,0,0,-25.9751
2.5386001020669937,17770.200714468956,8.224335920257507,171.0126066137548,27.46263,1,0,3,-0.9562
2.538700096309185,17770.900674164295,8.224329532309417,171.01260596988746,27.50263,1,0,3,-0.9162
2.538800098001957,17771.6006860137,8.224323150919894,171.01260534929287,27.19826,1,0,3,-1.2206
2.538900099694729,17772.300697863102,8.224316756741542,171.01260468851052,27.482882,1,0,3,-0.936
2.5390001013875008,17773.000709712505,8.224310543354084,171.01260406699387,27.689415,1,0,3,-0.7295
2.5391000658273697,17773.700460791588,8.22430411495655,171.01260332350796,29.1587,1,0,1,0.7398
2.53960008174181,17777.20057219267,8.22427214533429,171.01260021850229,27.457268,1,0,3,-0.9616
2.539700075984001,17777.900531888008,8.224265739579556,171.01259955990233,27.665695,1,0,3,-0.7532
2.539900079369545,17779.300555586815,8.22425290901817,171.01259818538904,28.919401,1,0,1,0.5005
2.539900079369545,17779.300555586815,8.224252914815908,171.01259820396393,28.646412,1,0,1,0.2275
2.540000081062317,17780.00056743622,8.224246532680493,171.012597626462,27.65677,1,0,3,-0.7621
2.540100075304508,17780.700527131557,8.224240134068816,171.01259699387123,27.476612,1,0,3,-0.9423
2.5409000888466835,17786.300621926785,8.224188873093789,171.0125917396893,28.818163,1,0,1,0.3993
2.5410000905394554,17787.000633776188,8.224182501985261,171.01259120501777,27.18377,1,0,3,-1.2351
2.5410000905394554,17787.000633776188,8.224182493595377,171.01259117813808,27.578812,1,0,3,-0.8401
2.5413000881671906,17789.100617170334,8.224163248397309,171.01258914806502,28.932083,1,0,1,0.5132
2.5414000898599625,17789.800629019737,8.224156872909333,171.0125886024289,27.452885,1,0,3,-0.966
2.5415000915527344,17790.50064086914,8.224150434654282,171.01258785298606,28.969097,1,0,1,0.5502
2.5415000915527344,17790.50064086914,8.224150433433309,171.0125878490743,29.026587,1,0,1,0.6077
2.542000100016594,17794.000700116158,8.224118427899827,171.01258471677235,27.544933,1,0,3,-0.8739
2.542200095951557,17795.4006716609,8.224105581440957,171.012583323055,29.013557,1,0,1,0.5947
2.5425000712275505,17797.500498592854,8.224086391315605,171.01258149252376,27.38454,1,0,3,-1.0343
2.542600065469742,17798.200458288193,8.224079955790032,171.01258075761837,28.672709,1,0,1,0.2538
2.5427000671625137,17798.900470137596,8.22407356858463,171.01258018281982,27.604364,1,0,3,-0.8145
2.5428000688552856,17799.600481987,8.22406716437651,171.0125795525696,27.350405,1,0,3,-1.0685
2.5429000705480576,17800.300493836403,8.224060311545035,171.01257747124708,48.427757,0,0,0,20.0089
2.5429000705480576,17800.300493836403,8.224060744884964,171.01257887396466,27.805817,1,0,3,-0.6131
2.543000072240829,17801.000505685806,8.224054306900069,171.01257813511904,29.146017,1,0,1,0.7271
2.543100081384182,17801.700569689274,8.224047929857488,171.01257759679478,27.535788,1,0,3,-0.8831
2.543100081384182,17801.700569689274,8.224047932122867,171.01257760405275,27.42912,1,0,3,-0.9898
2.543300077319145,17803.100541234016,8.224035077866304,171.01257619900568,29.035597,1,0,1,0.6167
2.543400079011917,17803.80055308342,8.224028669005556,171.01257555741842,28.940702,1,0,1,0.5218
2.5437000766396523,17805.900536477566,8.22400946195484,171.01257369875054,27.67737,1,0,3,-0.7415
2.5437000766396523,17805.900536477566,8.224009462302899,171.01257369986567,27.66098,1,0,3,-0.7579
2.543800078332424,17806.60054832697,8.22400302371964,171.01257296370272,28.951956,1,0,1,0.5331
2.543900080025196,17807.300560176373,8.223996611668955,171.0125723146871,28.96025,1,0,1,0.5414
2.5440000891685486,17808.00062417984,8.223990230201625,171.01257176727273,27.47274,1,0,3,-0.9461
2.5442000925540924,17809.400647878647,8.223977366891134,171.01257034490354,29.311552,1,0,1,0.8927
2.5442000925540924,17809.400647878647,8.223977397559072,171.01257044475565,27.843325,1,0,3,-0.5755
2.544300086796284,17810.100607573986,8.22397095937961,171.01256971105948,29.093002,1,0,1,0.6741
2.544300086796284,17810.100607573986,8.223970966237895,171.01256973303276,28.770067,1,0,1,0.3512
2.5445000901818275,17811.500631272793,8.223958139730144,171.01256843303833,28.80301,1,0,1,0.3841
2.5447000861167908,17812.900602817535,8.223945314208173,171.01256713670614,28.778471,1,0,1,0.3596
2.5448000878095627,17813.60061466694,8.2239389007962,171.01256648792295,28.773306,1,0,1,0.3544
2.5449000895023346,17814.300626516342,8.223932487750853,171.01256584079005,28.742828,1,0,1,0.324
2.545100085437298,17815.700598061085,8.223919658139819,171.01256453516115,28.84646,1,0,1,0.4276
2.545100085437298,17815.700598061085,8.223919656222424,171.01256452901794,28.936745,1,0,1,0.5179
2.5457000955939293,17819.900669157505,8.223881163947942,171.01256061622993,29.161123,1,0,1,0.7423
2.546000070869922,17822.00049608946,8.223861929018911,171.01255869546665,28.73951,1,0,1,0.3206
2.5461000725626945,17822.700507938862,8.223855257337537,171.0125572168482,40.921085,1,0,0,12.5022
2.5461000725626945,17822.700507938862,8.223855548176017,171.01255815825684,27.08103,1,0,3,-1.3378
2.5463000684976578,17824.100479483604,8.223842706752992,171.01255682482906,27.570122,1,0,3,-0.8488
2.546500079333782,17825.500555336475,8.223829840141104,171.01255541354035,29.19931,1,0,1,0.7804
2.546600081026554,17826.20056718588,8.223823456482537,171.01255486915107,27.641953,1,0,3,-0.7769
2.5468000769615173,17827.60053873062,8.223810596323883,171.01255347767247,28.976334,1,0,1,0.5575
2.546900078654289,17828.300550580025,8.223804179161037,171.01255282535826,29.003363,1,0,1,0.5845
2.547000080347061,17829.000562429428,8.223797763580126,171.01255217843735,28.950321,1,0,1,0.5314
2.547000080347061,17829.000562429428,8.223797769083554,171.01255219607037,28.691172,1,0,1,0.2723
2.547100082039833,17829.70057427883,8.223791365311783,171.01255158909126,28.049511,1,0,1,-0.3694
2.547100082039833,17829.70057427883,8.223791345140206,171.01255152286603,29.023537,1,0,1,0.6047
2.5472000762820244,17830.40053397417,8.223784927795405,171.01255086943792,29.06527,1,0,1,0.6464
2.5476000905036926,17833.20063352585,8.223759262072559,171.01254827781426,28.896431,1,0,1,0.4776
2.5477000921964645,17833.90064537525,8.22375285935597,171.0125476757764,28.177727,1,0,1,-0.2411
2.547800086438656,17834.60060507059,8.223746454200585,171.01254706311255,27.615921,1,0,3,-0.803
2.547800086438656,17834.60060507059,8.223746446319685,171.01254703786182,27.987026,1,0,1,-0.4318
2.547800086438656,17834.60060507059,8.223746427419428,171.01254697570928,28.901197,1,0,1,0.4823
2.547800086438656,17834.60060507059,8.223746421884426,171.0125469579749,29.161837,1,0,1,0.743
2.5480000898242,17836.000628769398,8.223733609574564,171.01254573157544,28.04975,1,0,1,-0.3691
2.5480000898242,17836.000628769398,8.223733587787121,171.01254566017195,29.099878,1,0,1,0.681
2.548100091516972,17836.7006406188,8.223727172170703,171.01254501623058,28.994987,1,0,1,0.5761
2.548300087451935,17838.100612163544,8.22371399153195,171.0125425968833,45.418026,0,0,0,16.9992
2.548300087451935,17838.100612163544,8.223714335691055,171.01254371075925,29.042448,1,0,1,0.6236
2.548300087451935,17838.100612163544,8.223714708135024,171.01254491685708,11.310866,0,0,0,-17.108
2.548600099980831,17840.200699865818,8.223695102582528,171.01254182875692,27.986422,1,0,1,-0.4325
2.549000099301338,17843.000695109367,8.223669429953695,171.01253922535886,27.955086,1,0,1,-0.4638
2.549300067126751,17845.100469887257,8.223650194554823,171.01253732946012,27.096207,1,0,3,-1.3227
2.5495000705122948,17846.500493586063,8.223637310280184,171.01253587523885,29.316017,1,0,1,0.8971
2.5495000705122948,17846.500493586063,8.223637312798267,171.01253588330707,29.19744,1,0,1,0.7786
2.549700066447258,17847.900465130806,8.223624475153267,171.01253457915604,29.209707,1,0,1,0.7908
2.5499000772833824,17849.300540983677,8.223611640887869,171.0125332895111,29.005388,1,0,1,0.5865
2.550200082361698,17851.400576531887,8.223592378303055,171.01253131746188,29.249146,1,0,1,0.8303
2.550300076603889,17852.100536227226,8.223586021356283,171.01253086680083,26.291145,1,0,3,-2.1277
2.5504000782966614,17852.80054807663,8.223579618280521,171.0125302667108,25.529625,1,0,3,-2.8892
2.5504000782966614,17852.80054807663,8.223579542256394,171.0125300199256,29.15805,1,0,1,0.7392
2.5511000901460648,17857.700631022453,8.223534604544243,171.01252544876868,29.262829,1,0,1,0.844
2.5511000901460648,17857.700631022453,8.223534692096244,171.0125257324943,25.091484,1,0,3,-3.3274
2.5511000901460648,17857.700631022453,8.223534607872322,171.01252545943257,29.106102,1,0,1,0.6872
2.5512000918388367,17858.400642871857,8.223528186765986,171.01252480198633,29.184772,1,0,1,0.7659
2.5512000918388367,17858.400642871857,8.223528187736301,171.0125248050954,29.139078,1,0,1,0.7202
2.5512000918388367,17858.400642871857,8.223528186339815,171.01252480062078,29.204842,1,0,1,0.786
2.551600091159344,17861.200638115406,8.223502511790265,171.01252220115234,29.071842,1,0,1,0.653
2.551600091159344,17861.200638115406,8.223502509910979,171.01252219513066,29.160341,1,0,1,0.7415
2.551800087094307,17862.60060966015,8.223489672067148,171.01252089283386,29.13032,1,0,1,0.7114
2.5519000962376595,17863.300673663616,8.223483354577954,171.01252057209612,24.256413,1,0,3,-4.1625
2.552200101315975,17865.400709211826,8.223463792046076,171.0125176313215,38.72312,1,0,0,10.3042
2.552200101315975,17865.400709211826,8.223463995660577,171.01251829013793,29.037603,1,0,1,0.6187
2.5523000955581665,17866.100668907166,8.223457573812286,171.01251762871897,29.17275,1,0,1,0.7539
2.5534000769257545,17873.800538480282,8.223386964741596,171.0125104578711,29.106321,1,0,1,0.6874
2.5537000820040703,17875.900574028492,8.223367704724277,171.01250849248953,29.227995,1,0,1,0.8091
2.553900077939033,17877.300545573235,8.223354872494115,171.01250720504208,28.97449,1,0,1,0.5556
2.553900077939033,17877.300545573235,8.223354872446043,171.01250720488804,28.976753,1,0,1,0.5579
2.5541000813245773,17878.70056927204,8.22334203550995,171.0125059032784,28.930653,1,0,1,0.5118
2.554200083017349,17879.400581121445,8.223335612410297,171.01250523740612,29.129066,1,0,1,0.7102
2.556300066411495,17894.100464880466,8.223200837258227,171.01249155188628,28.944237,1,0,1,0.5254
2.556300066411495,17894.100464880466,8.223201021533653,171.01249214877282,20.168842,1,0,0,-8.25
2.558000087738037,17906.00061416626,8.223092792490755,171.0124838273066,-20.455574,0,0,0,-48.8744
2.558100089430809,17906.700626015663,8.223085336298412,171.0124798061425,29.07928,1,0,1,0.6604
2.558500088751316,17909.500621259212,8.223059679934938,171.0124772152084,28.84119,1,0,1,0.4223
2.5587000995874405,17910.900697112083,8.223046847195327,171.0124759052303,28.936663,1,0,1,0.5178
2.5588001012802124,17911.600708961487,8.223040430329336,171.01247524739878,29.027122,1,0,1,0.6082
2.559500068426132,17916.500478982925,8.222995429287208,171.01247070089127,28.486334,1,0,1,0.0675
2.559700071811676,17917.900502681732,8.222982618563156,171.0124693877718,28.699684,1,0,1,0.2808
2.559700071811676,17917.900502681732,8.222982619442607,171.01246939059013,28.658262,1,0,1,0.2394
2.559800066053868,17918.60046237707,8.222976213882655,171.01246873219495,28.792915,1,0,1,0.374
2.5603000819683075,17922.100573778152,8.222944198399524,171.0124654835732,28.831217,1,0,1,0.4123
2.560400076210499,17922.80053347349,8.222937795259245,171.0124648309662,28.883387,1,0,1,0.4645
2.5605000779032707,17923.500545322895,8.22293139123383,171.01246417669216,28.959776,1,0,1,0.5409
2.5607000812888145,17924.9005690217,8.222918595086973,171.01246290697475,28.5424,1,0,1,0.1235
2.5608000829815865,17925.600580871105,8.222912184877746,171.0124622303855,28.948761,1,0,1,0.5299
2.5608000829815865,17925.600580871105,8.222912183116012,171.01246222473978,29.031738,1,0,1,0.6129
2.561100088059902,17927.700616419315,8.22289298918511,171.01246031749577,28.449562,1,0,1,0.0307
2.561100088059902,17927.700616419315,8.222892978830547,171.0124602827176,28.96143,1,0,1,0.5426
2.561200089752674,17928.40062826872,8.222886580714984,171.01245964534658,28.792343,1,0,1,0.3735
2.561400093138218,17929.800651967525,8.222873775866324,171.01245834218233,28.87314,1,0,1,0.4543
2.561500087380409,17930.500611662865,8.222867370353775,171.0124576788309,29.087845,1,0,1,0.669
2.563200071454048,17942.400500178337,8.222758942284605,171.01244788853094,10.93515,1,0,0,-17.4837
2.564000077545643,17948.0005428195,8.222707367658568,171.01244148612747,28.822212,1,0,1,0.4033
2.5642000809311867,17949.400566518307,8.222694764099955,171.01244082541234,19.47852,1,0,0,-8.9404
2.5643000826239586,17950.10057836771,8.22268816234735,171.0124395216326,29.119286,1,0,1,0.7004
2.5643000826239586,17950.10057836771,8.222688166092512,171.0124395336344,28.942892,1,0,1,0.524
2.5647000893950462,17952.900625765324,8.222662896346746,171.01243800514774,13.306267,1,0,0,-15.1126
2.566200099885464,17963.400699198246,8.22256658236009,171.01242723461044,28.794527,1,0,1,0.3757
2.566300071775913,17964.100502431393,8.222560178661144,171.01242656669774,29.09514,1,0,1,0.6763
2.567000076174736,17969.000533223152,8.222515380892482,171.01242202238842,29.261076,1,0,1,0.8422
2.567500077188015,17972.500540316105,8.222483388912783,171.01241879805755,29.069807,1,0,1,0.6509
2.5689001008868217,17982.300706207752,8.222393249679666,171.01240797002583,55.022972,0,0,0,26.6041
2.569200098514557,17984.4006896019,8.222374588017663,171.01240776858376,29.43857,1,0,1,1.0197
2.570200078189373,17991.40054732561,8.222310615547034,171.0124013880169,28.103111,1,0,0,-0.3158
2.570300079882145,17992.100559175014,8.222304188523832,171.0124006546655,29.371353,1,0,1,0.9525
2.570300079882145,17992.100559175014,8.22230435155445,171.01240118348633,21.596186,1,0,0,-6.8227
2.570700079202652,17994.900554418564,8.222278591622379,171.0123980848433,29.09959,1,0,1,0.6807
2.570900082588196,17996.30057811737,8.222265838122432,171.01239694779898,26.790031,1,0,0,-1.6288
2.5716000869870186,18001.20060890913,8.222221348696117,171.01239345437682,11.561357,1,0,0,-16.8575
2.5717000886797905,18001.900620758533,8.222214578135267,171.01239161264382,29.1263,1,0,1,0.7074
2.5718000903725624,18002.600632607937,8.22220925532768,171.01239446004593,-22.248724,0,0,0,-50.6676
2.572400100529194,18006.800703704357,8.222170602603722,171.01238980166502,-10.834463,0,0,0,-39.2533
2.573600076138973,18015.200532972813,8.222092932311662,171.0123793295168,28.989733,1,0,1,0.5709
2.574300080537796,18020.10056376457,8.222048101826633,171.01237479446448,29.082685,1,0,1,0.6638
2.5754000917077065,18027.800641953945,8.22197764917542,171.01236769288238,28.859816,1,0,1,0.4409
2.5755000934004784,18028.50065380335,8.221970868110807,171.01236583129707,46.716984,0,0,0,18.2981
2.575600102543831,18029.200717806816,8.221964836371583,171.01236639839894,28.866268,1,0,1,0.4474
2.575900100171566,18031.30070120096,8.22194561356721,171.012364444631,29.054312,1,0,1,0.6354
2.576200097799301,18033.400684595108,8.221927381837354,171.01236570421457,-18.001062,0,0,0,-46.4199
2.577100083231926,18039.70058262348,8.221868735510858,171.01235671118923,28.600578,1,0,1,0.1817
2.5797000974416733,18057.90068209172,8.221702163195534,171.01233987922458,28.904743,1,0,1,0.4859
2.580100066959858,18060.70046871901,8.221676473570305,171.01233729002388,28.809416,1,0,1,0.3905
2.58020006865263,18061.40048056841,8.221670048110598,171.01233663584816,28.885502,1,0,1,0.4666
2.5807000771164894,18064.900539815422,8.221637922876251,171.01233337752356,29.080143,1,0,1,0.6613
2.5808000788092613,18065.60055166483,8.221631501282522,171.01233273822612,28.936998,1,0,1,0.5181
2.5813000798225403,18069.100558757786,8.22159937989976,171.01232950167363,28.81037,1,0,1,0.3915
2.5816000923514366,18071.200646460056,8.221580099474943,171.01232754169132,28.998024,1,0,1,0.5792
2.582000091671944,18074.00064170361,8.221554395029429,171.01232493796803,29.108625,1,0,1,0.6898
2.582600101828575,18078.200712800022,8.221515454767728,171.0123198002804,47.38797,0,0,0,18.9691
2.583300068974495,18083.100482821465,8.221470852297356,171.01231648784224,29.29459,1,0,1,0.8757
2.5844000801444054,18090.80056101084,8.221400164265978,171.01230937206296,28.950928,1,0,1,0.5321
2.585000090301037,18095.00063210725,8.221362138701435,171.01230721840173,3.3669357,1,0,0,-25.0519
2.5851000919938087,18095.70064395666,8.221355176670903,171.01230483590297,28.85471,1,0,1,0.4358
2.585300087928772,18097.100615501404,8.221342791701371,171.01230505653737,6.5304446,1,0,0,-21.8884
2.585800088942051,18100.60062259436,8.221310186962723,171.01230029059226,28.901186,1,0,1,0.4823
2.5865001007914543,18105.50070554018,8.221265720816408,171.01229744343374,3.9872758,1,0,0,-24.4316
2.589800097048282,18128.60067933798,8.221053149907707,171.01227435172837,28.867811,1,0,1,0.4489
2.590300068259239,18132.100477814674,8.221021032033287,171.01227111198028,28.861626,1,0,1,0.4428
2.5911000818014145,18137.7005726099,8.220969650335393,171.01226594424847,28.631336,1,0,1,0.2125
2.5912000834941864,18138.400584459305,8.220963221979115,171.01226527655584,28.924425,1,0,1,0.5056
2.591600090265274,18141.20063185692,8.220937533603012,171.0122626881201,28.88777,1,0,1,0.4689
2.591700091958046,18141.90064370632,8.22093078242594,171.01226097383918,44.569664,0,0,0,16.1508
2.591800093650818,18142.600655555725,8.220924633143989,171.012261209241,31.58671,1,0,0,3.1678
2.591800093650818,18142.600655555725,8.220924686549925,171.0122613820316,29.046368,1,0,1,0.6275
2.5945000797510147,18161.500558257103,8.220751366289415,171.01224390902777,29.026514,1,0,1,0.6076
2.5947000831365585,18162.90058195591,8.220738639277682,171.01224296186007,23.934118,1,0,0,-4.4848
2.594900093972683,18164.30065780878,8.220725699512665,171.01224132227847,29.024178,1,0,1,0.6053
2.595600090920925,18169.20063644648,8.220680792004625,171.01223679644144,29.027765,1,0,1,0.6089
2.596800073981285,18177.600517869,8.22060383630263,171.01222905722474,28.808268,1,0,1,0.3894
2.5970000699162483,18179.00048941374,8.22059101296798,171.01222776619187,28.796347,1,0,1,0.3775
2.5985000878572464,18189.500615000725,8.22049485810327,171.0122180718057,28.941881,1,0,1,0.523
2.598800092935562,18191.60065054893,8.220475585542546,171.0122159804724,31.226671,1,0,0,2.8078
2.599200092256069,18194.400645792484,8.220449791855465,171.01221350363372,29.343475,1,0,1,0.9246
2.599500097334385,18196.50068134069,8.22043061946947,171.01221158329278,29.203463,1,0,1,0.7846
2.600300073623657,18202.1005153656,8.220379194234111,171.01220545874756,43.612038,0,0,0,15.1932
2.601600080728531,18211.20056509972,8.220295919664544,171.01219638020316,54.239113,0,0,0,25.8202
2.6017000898718834,18211.900629103184,8.220290063975837,171.012197461628,28.89185,1,0,1,0.473
2.6020000874996185,18214.00061249733,8.220270650559506,171.0121947176867,40.896,1,0,0,12.4771
2.6027000918984413,18218.90064328909,8.220226195075668,171.01219103085788,28.990976,1,0,1,0.5721
2.603100098669529,18221.700690686703,8.220199525333866,171.01218481411405,82.62226,0,0,0,54.2034
2.6035000681877136,18224.500477313995,8.220175111950743,171.01218589553437,28.960176,1,0,1,0.5413
2.6039000675082207,18227.300472557545,8.22014957649588,171.01218334490662,28.699623,1,0,1,0.2808
2.604100078344345,18228.700548410416,8.220136941773948,171.0121824993173,22.252823,1,0,0,-6.166
2.605000078678131,18235.00055074692,8.22007934118266,171.01217627310277,28.849827,1,0,1,0.431
2.605100080370903,18235.70056259632,8.220072958361282,171.01217563669047,28.769415,1,0,1,0.3505
2.6054000928998,18237.800650298595,8.22005379859241,171.0121736906799,29.069727,1,0,1,0.6509
2.6055000871419907,18238.50060999393,8.220047663874766,171.01217385745062,17.181473,1,0,0,-11.2374
2.606000103056431,18242.000721395016,8.220014482144192,171.01216656875158,77.161896,0,0,0,48.743
2.6069000735878944,18248.30051511526,8.219958051148518,171.0121641183387,28.274307,1,0,1,-0.1446
2.6070000678300858,18249.0004748106,8.219951651174084,171.01216342416657,29.046515,1,0,1,0.6276
2.607500083744526,18252.50058621168,8.219919727547568,171.01216021647997,29.03239,1,0,1,0.6135
2.608200080692768,18257.400564849377,8.21987503282126,171.0121557225173,29.062967,1,0,1,0.6441
2.60830008238554,18258.10057669878,8.219867530284088,171.01215146272014,82.25718,0,0,0,53.8383
2.60830008238554,18258.10057669878,8.21986865069833,171.01215509087916,28.914902,1,0,1,0.496
2.609700098633766,18267.900690436363,8.219779243574019,171.0121460915205,29.136719,1,0,1,0.7178
2.60990010201931,18269.30071413517,8.219766480817887,171.01214484388217,28.60807,1,0,1,0.1892
2.610000103712082,18270.000725984573,8.21975952470265,171.01214235681633,55.73865,0,0,0,27.3198
2.610800080001354,18275.60056000948,8.219708989268087,171.0121390429792,28.972118,1,0,1,0.5532
2.6119000911712646,18283.300638198853,8.219638708156749,171.01213196739758,29.183176,1,0,1,0.7643
2.6119000911712646,18283.300638198853,8.21963912280943,171.01213331084855,9.431309,0,0,0,-18.9876
2.612100087106228,18284.700609743595,8.219625931767562,171.0121306924653,29.050047,1,0,1,0.6312
2.6125000938773155,18287.50065714121,8.219600368355858,171.01212811777808,29.144585,1,0,1,0.7257
2.612600088119507,18288.200616836548,8.219593978138287,171.012127476011,29.140356,1,0,1,0.7215
2.615000084042549,18305.000588297844,8.219440550586626,171.01211207812338,28.879068,1,0,1,0.4602
2.615200087428093,18306.40061199665,8.219427760504859,171.0121107974861,28.812265,1,0,1,0.3934
2.615400090813637,18307.800635695457,8.21941496196992,171.012109490777,29.128078,1,0,1,0.7092
2.615800090134144,18310.600630939007,8.219389381707105,171.01210694247106,28.797266,1,0,1,0.3784
2.616000093519688,18312.000654637814,8.219375988506975,171.01210371856033,57.295902,0,0,0,28.877
2.616500101983547,18315.50071388483,8.21934459693149,171.0121024466211,28.738976,1,0,1,0.3201
2.616500101983547,18315.50071388483,8.219344594858104,171.01210243997548,28.836649,1,0,1,0.4178
2.617600068449974,18323.20047914982,8.219274198978642,171.01209536879168,28.806896,1,0,1,0.388
2.6186000779271126,18330.200545489788,8.219210169222473,171.0120889111076,29.169249,1,0,1,0.7504
2.6203000992536545,18342.10069477558,8.219100862487789,171.01207642552146,51.95207,0,0,0,23.5332
2.6203000992536545,18342.10069477558,8.219101544139917,171.01207863428868,19.477932,1,0,0,-8.9409
2.6214000806212425,18349.800564348698,8.219030624814813,171.0120708943492,28.764088,1,0,1,0.3452
2.621900081634521,18353.30057144165,8.218997902029907,171.01206581439396,55.936882,0,0,0,27.518
2.622100092470646,18354.70064729452,8.218985604694616,171.01206635163834,29.02991,1,0,1,0.611
2.622100092470646,18354.70064729452,8.218985616364435,171.0120663906404,28.455954,1,0,1,0.0371
2.62340009957552,18363.80069702864,8.21890200690945,171.01205797371972,28.64081,1,0,1,0.2219
2.62340009957552,18363.80069702864,8.218901999395031,171.01205794803624,29.019016,1,0,1,0.6001
2.624500080943108,18371.50056660176,8.218831256112217,171.01205082897818,29.12315,1,0,1,0.7043
2.6253000795841217,18377.10055708885,8.218779432759138,171.01204442792175,47.18653,1,0,0,18.7677
2.625400088727474,18377.80062109232,8.218773389259825,171.01204503680245,28.727566,1,0,1,0.3087
2.626100093126297,18382.70065188408,8.218728376542055,171.01204049210148,29.008171,1,0,1,0.5893
2.6267001032829285,18386.9007229805,8.218689806413755,171.01203662111212,28.891964,1,0,1,0.4731
2.627000100910664,18389.000706374645,8.218670523403944,171.01203468227936,28.886177,1,0,1,0.4673
2.627600073814392,18393.200516700745,8.218631958896749,171.01203078602478,29.155993,1,0,1,0.7371
2.627600073814392,18393.200516700745,8.218631963711374,171.0120308030561,28.90495,1,0,1,0.4861
2.627900078892708,18395.300552248955,8.218612678339749,171.01202883834162,29.285282,1,0,1,0.8664
2.628100082278252,18396.70057594776,8.218599840350201,171.01202758806946,28.663834,1,0,1,0.245
2.6289000883698463,18402.300618588924,8.218548447467803,171.01202241535503,28.715149,1,0,1,0.2963
2.6309000700712204,18416.300490498543,8.21842005158028,171.01200948562382,28.912632,1,0,1,0.4938
2.6310000717639923,18417.000502347943,8.218413632403434,171.01200882876142,29.079674,1,0,1,0.6608
2.63140007853508,18419.80054974556,8.218388138940318,171.01200678990662,21.095627,1,0,0,-7.3232
2.631700083613396,18421.90058529377,8.218368763501802,171.0120044201345,27.471819,1,0,0,-0.9471
2.632100090384484,18424.700632691383,8.21834307839728,171.0120017249105,29.151417,1,0,1,0.7325
2.6324000880122185,18426.80061608553,8.218323840786889,171.01199977402004,29.379847,1,0,1,0.961
2.632900089025497,18430.30062317848,8.218291800213581,171.01199656850142,29.094656,1,0,1,0.6758
2.632900089025497,18430.30062317848,8.218292313143067,171.01199823059918,4.658114,0,0,0,-23.7608
2.633600100874901,18435.200706124306,8.218247070678355,171.01199243962748,23.44013,1,0,0,-4.9787
2.6337001025676727,18435.90071797371,8.218240549116219,171.01199141842503,28.976221,1,0,1,0.5573
2.6338001042604446,18436.600729823112,8.218234141544052,171.0119907629062,29.137516,1,0,1,0.7186
2.6348000839352608,18443.600587546825,8.218170194798379,171.01198455585066,25.65954,1,0,0,-2.7593
2.636500097811222,18455.500684678555,8.218061396366585,171.0119733884478,28.925554,1,0,1,0.5067
2.6375000700354576,18462.500490248203,8.217998114367875,171.01196893339736,-0.14820889,0,0,0,-28.5671
2.638400077819824,18468.80054473877,8.217940041168635,171.01196117498634,28.851467,1,0,1,0.4326
2.6396000906825066,18477.200634777542,8.217863195135136,171.01195343509994,28.88771,1,0,1,0.4688
2.6398000940680504,18478.60065847636,8.217850501452329,171.01195216123875,28.818624,1,0,1,0.3998
2.640100099146366,18480.700694024563,8.217831460508522,171.01195023949106,28.880024,1,0,1,0.4612
2.640200100839138,18481.400705873966,8.21782512277329,171.01194962589344,28.504997,1,0,1,0.0861
2.642300084233284,18496.100589632988,8.217691931989176,171.01193616714173,29.161247,1,0,1,0.7424
2.6429000943899155,18500.30066072941,8.217653908876287,171.0119323608312,28.799429,1,0,1,0.3806
2.6433000937104225,18503.10065597296,8.217628555987151,171.01192979633444,28.959887,1,0,1,0.541
2.6440000981092453,18508.00068676472,8.217584207752521,171.01192535607697,28.546001,1,0,1,0.1271
2.6447000801563263,18512.900561094284,8.217539843698477,171.01192084736658,29.144657,1,0,1,0.7258
2.6451000794768333,18515.70055633784,8.217514503865697,171.01191830903545,28.925184,1,0,1,0.5063
2.645400084555149,18517.800591886044,8.217495495492868,171.01191639444644,28.919382,1,0,1,0.5005
2.649800091981888,18548.60064387321,8.217216546124847,171.0118882888838,28.951536,1,0,1,0.5327
2.6507000997662544,18554.90069836378,8.217159413595352,171.01188252613076,29.054388,1,0,1,0.6355
2.6507000997662544,18554.90069836378,8.21715998383608,171.01188437224087,1.9133282,0,0,0,-26.5055
2.651500083506108,18560.50058454275,8.217108603938778,171.0118774137782,28.955046,1,0,1,0.5362
2.6519000828266144,18563.3005797863,8.217083184553985,171.01187484923267,29.010546,1,0,1,0.5917
2.6524000838398933,18566.800586879253,8.217051401233308,171.01187165182134,28.940996,1,0,1,0.5221
2.652900092303753,18570.30064612627,8.217019603456906,171.0118684527831,28.87462,1,0,1,0.4557
2.6538001000881195,18576.60070061684,8.216962325739617,171.0118626749257,28.99027,1,0,1,0.5714
2.65610009431839,18592.70066022873,8.216816771811901,171.01185131398782,-21.107988,0,0,0,-49.5269
2.6588000804185867,18611.600562930107,8.216643571231154,171.01183193883253,8.164442,1,0,0,-20.2544
2.65950009226799,18616.50064587593,8.216598325782662,171.01182509364568,42.932735,1,0,0,14.5139
2.6613000705838203,18629.100494086742,8.21648262426011,171.01181433474852,29.281313,1,0,1,0.8624
2.6613000705838203,18629.100494086742,8.216482627944297,171.01181434814492,29.083702,1,0,1,0.6648
2.66180007904768,18632.60055333376,8.216450365795495,171.01181108376366,29.291265,1,0,1,0.8724
2.662300080060959,18636.100560426712,8.216418197893065,171.01180817274366,24.282228,1,0,0,-4.1366
2.6624000817537308,18636.800572276115,8.216411638896123,171.01180718866212,29.18689,1,0,1,0.768
2.663800105452537,18646.600738167763,8.216321203519753,171.01179810452993,28.771786,1,0,1,0.3529
2.663900099694729,18647.300697863106,8.216314142548837,171.01179551801764,57.22523,0,0,0,28.8064
2.664300099015236,18650.10069310665,8.216288573517408,171.01179385171693,43.421516,0,0,0,15.0026
2.6645000725984573,18651.5005081892,8.216275947840579,171.01179353621265,28.908037,1,0,1,0.4892
2.6648000702261925,18653.600491583347,8.216255613563387,171.01178855879525,73.35091,0,0,0,44.932
2.6648000702261925,18653.600491583347,8.216256538537586,171.01179155265757,29.335733,1,0,1,0.9169
2.6649000719189644,18654.30050343275,8.21625092940719,171.0117936825206,-11.55701,0,0,0,-39.9759
2.665600083768368,18659.20058637857,8.21620479414463,171.01178636440926,28.963272,1,0,1,0.5444
2.665600083768368,18659.20058637857,8.216204791819866,171.01178635696047,29.072746,1,0,1,0.6539
2.666000083088875,18662.000581622124,8.216178910933793,171.0117837552153,28.989885,1,0,1,0.571
2.6677001044154167,18673.90073090792,8.216068816109862,171.01177249774935,31.52526,1,0,0,3.1064
2.669700093567372,18687.9006549716,8.215939370347694,171.01175962060375,29.067432,1,0,1,0.6486
2.669800095260144,18688.600666821003,8.215932895169527,171.0117589676092,29.07885,1,0,1,0.66
2.671000100672245,18697.000704705715,8.2158552644638,171.01175133613964,26.221727,1,0,0,-2.1971
2.6715000718832016,18700.50050318241,8.215823474575476,171.01174993246448,-1.0697261,0,0,0,-29.4886
2.672300085425377,18706.10059797764,8.21577155161583,171.0117442341667,6.029594,0,0,0,-22.3893
2.672700084745884,18708.900593221188,8.215745190879629,171.01174007109773,28.905085,1,0,1,0.4862
2.6728000938892365,18709.60065722465,8.215738720261497,171.01173941725963,28.935352,1,0,1,0.5165
2.673500090837478,18714.50063586235,8.215693437840104,171.0117348360892,29.228783,1,0,1,0.8099
2.674500100314617,18721.50070220232,8.215628776418612,171.01172829145122,29.68499,1,0,1,1.2661
2.674600102007389,18722.200714051723,8.215621856272842,171.01172616034657,51.442654,0,0,0,23.0238
2.674600102007389,18722.200714051723,8.215622320274978,171.01172766238076,29.360025,1,0,1,0.9412
2.6751000806689262,18725.700564682484,8.21559001748652,171.01172442173592,29.145779,1,0,1,0.7269
2.675600081682205,18729.20057177544,8.21555772324029,171.01172117601888,29.018404,1,0,1,0.5995
2.676600091159344,18736.20063811541,8.215493599708275,171.01171607625898,8.346427,0,0,0,-20.0724
2.677200101315975,18740.400709211823,8.215454460897234,171.01171078334409,28.803442,1,0,1,0.3846
2.679600089788437,18757.20062851906,8.21529962600949,171.01169511467978,29.553099,1,0,1,1.1342
2.681500069797039,18770.50048857928,8.215177878090945,171.0116828829797,29.038414,1,0,1,0.6195
2.6825000792741776,18777.500554919243,8.215113876814337,171.01167640667518,29.41399,1,0,1,0.9951
2.6830000802874565,18781.0005620122,8.21508190914201,171.01167320469492,29.086185,1,0,1,0.6673
2.683100089430809,18781.700626015663,8.215074967904025,171.0116707845265,55.188213,0,0,0,26.7693
2.683100089430809,18781.700626015663,8.215075512828344,171.01167255127723,29.212486,1,0,1,0.7936
2.6834000945091248,18783.80066156388,8.215056335857254,171.01167061240054,29.282228,1,0,1,0.8634
2.6839001029729843,18787.30072081089,8.215024662797811,171.01166828254426,16.148153,1,0,0,-12.2707
2.6846000999212265,18792.200699448586,8.214979698708895,171.01166292855993,28.533176,1,0,1,0.1143
2.6846000999212265,18792.200699448586,8.214979688886174,171.01166289705884,28.996164,1,0,1,0.5773
2.6846000999212265,18792.200699448586,8.214979696710738,171.01166292215194,28.627357,1,0,1,0.2085
2.6847001016139984,18792.90071129799,8.214973517293895,171.01166294097877,18.875767,1,0,0,-9.5431
2.6875001043081284,18812.5007301569,8.214794758830752,171.01164424239346,28.530348,1,0,1,0.1115
2.687700100243092,18813.90070170164,8.214781883852572,171.0116425164039,34.959446,1,0,0,6.5406
2.688100099563598,18816.70069694519,8.214756545873675,171.0116403857398,28.388565,1,0,1,-0.0303
2.688600070774555,18820.200495421886,8.2147247085506,171.01163715382046,28.533144,1,0,1,0.1143
2.690500095486641,18833.500668406487,8.214603812146086,171.01162491535305,28.375626,1,0,1,-0.0432
2.6910001039505005,18837.000727653503,8.214571047530839,171.01161855713977,74.44062,0,0,0,46.0217
2.692400082945824,18846.80058062077,8.214483014959185,171.01161265467448,28.391,1,0,1,-0.0279
2.692400082945824,18846.80058062077,8.214483011594211,171.0116126438861,28.549562,1,0,1,0.1307
2.692500084638596,18847.50059247017,8.214476658217084,171.01161200572776,28.439556,1,0,1,0.0207
2.692900083959102,18850.30058771372,8.214451226520792,171.01160938719053,28.962446,1,0,1,0.5436
2.6933000907301903,18853.10063511133,8.214425842271396,171.01160691315638,27.3501,1,0,0,-1.0688
2.694800101220608,18863.60070854425,8.21433054286485,171.011597220446,27.301163,1,0,0,-1.1177
2.694800101220608,18863.60070854425,8.214331121101512,171.01159909484215,-0.25715232,0,0,0,-28.676
2.695700079202652,18869.900554418564,8.21427284486342,171.0115896859074,52.459015,0,0,0,24.0401
2.6968000903725624,18877.600632607937,8.214203465861507,171.01158416458824,28.88945,1,0,1,0.4706
2.6968000903725624,18877.600632607937,8.214203467705227,171.01158417049805,28.802591,1,0,1,0.3837
2.697600096464157,18883.2006752491,8.21415317469299,171.0115806851538,3.7948816,0,0,0,-24.624
2.6980001032352448,18886.00072264672,8.214127481148932,171.01157717369065,17.271965,0,0,0,-11.1469
2.7006000950932503,18904.200665652752,8.21396269688129,171.0115616486105,-2.8510826,0,0,0,-31.27
2.701500102877617,18910.50072014332,8.21390475226795,171.01155361389027,29.043354,1,0,1,0.6245
2.7023000717163086,18916.10050201416,8.213853827791317,171.0115483823142,29.237577,1,0,1,0.8187
2.704400099813938,18930.800698697567,8.213720089804736,171.01153464355858,29.506248,1,0,1,1.0874
2.704800106585026,18933.60074609518,8.21369363170135,171.01152887276896,75.876625,0,0,0,47.4578
2.7052000761032104,18936.40053272248,8.213669129010114,171.0115294363293,29.103563,1,0,1,0.6847
2.706000082194805,18942.00057536364,8.213618515977316,171.011525403982,11.363859,0,0,0,-17.055
2.707700103521347,18953.90072464943,8.213509746766995,171.01151305346437,29.078928,1,0,1,0.6601
2.707800105214119,18954.60073649884,8.213502532690347,171.01150969183723,68.857346,0,0,0,40.4385
2.708300106227398,18958.100743591785,8.213471464044087,171.01150908954884,29.466753,1,0,1,1.0479
2.7094000801444054,18965.80056101084,8.213401270895677,171.0115018666332,29.45988,1,0,1,1.041
2.7099000811576843,18969.30056810379,8.213369357745636,171.01149859674615,29.232878,1,0,1,0.814
2.7102000936865807,18971.400655806065,8.213350203360365,171.01149662516795,29.230286,1,0,1,0.8114
2.711300104856491,18979.10073399544,8.21327994683632,171.0114893748693,29.492886,1,0,1,1.074
2.7115001007914543,18980.50070554018,8.213267178173615,171.01148808484885,29.119045,1,0,1,0.7002
2.711700104176998,18981.900729238987,8.21325440292394,171.0114867769318,29.006424,1,0,1,0.5876
2.712000072002411,18984.00050401688,8.213235233782957,171.01148479384483,29.14961,1,0,1,0.7307
2.7126000821590424,18988.200575113297,8.213196895722884,171.01148086566246,28.859722,1,0,1,0.4408
2.713500089943409,18994.500629603863,8.213139353193094,171.01147491498187,29.261814,1,0,1,0.8429
2.7139000967144966,18997.30067700148,8.21311378238587,171.01147230417675,28.934668,1,0,1,0.5158
2.7150001004338264,19005.000703036785,8.213043061430279,171.0114638919383,46.144917,0,0,0,17.726
2.7150001004338264,19005.000703036785,8.21304342773146,171.01146507813186,28.703949,1,0,1,0.2851
2.715700075030327,19009.900525212288,8.212998638525244,171.0114604683287,28.722826,1,0,1,0.304
2.7161000818014145,19012.7005726099,8.212973763423289,171.01146018268153,-5.7984705,0,0,0,-34.2173
2.718300104141236,19028.100728988647,8.212832159784064,171.0114433357609,28.981318,1,0,1,0.5624
2.719200074672699,19034.400522708893,8.212775284561573,171.01143996811237,-7.7015057,0,0,0,-36.1204
2.7197000831365585,19037.90058195591,8.212742469728783,171.0114341761808,28.793528,1,0,1,0.3747
2.720500096678734,19043.500676751137,8.212691185699468,171.01142889508463,28.61094,1,0,1,0.1921
2.721700102090836,19051.90071463585,8.212614229351328,171.01142095814174,28.663666,1,0,1,0.2448
2.721700102090836,19051.90071463585,8.212614421050697,171.01142157862432,19.540424,1,0,0,-8.8784
2.7248001024127007,19073.600716888905,8.212415307848426,171.011400509656,28.826782,1,0,1,0.4079
2.725500077009201,19078.500539064407,8.212369515901553,171.011393136562,69.60397,0,0,0,41.1851
2.7268000841140747,19087.600588798523,8.212286893967434,171.01138735829164,29.21143,1,0,1,0.7926
2.7284001037478447,19098.80072623492,8.212184128270453,171.0113768711512,29.640081,1,0,1,1.2212
2.729000076651573,19103.00053656101,8.212145591921788,171.01137296248586,29.607996,1,0,1,1.1891
2.7296000868082047,19107.20060765744,8.212107061291546,171.01136909481983,29.058924,1,0,1,0.6401
2.729700081050396,19107.90056735277,8.212100633120352,171.01136842921272,29.285786,1,0,1,0.8669
2.72990008443594,19109.30059105158,8.212087789516108,171.01136714281532,29.087038,1,0,1,0.6682
2.7308000922203064,19115.600645542145,8.212029980717567,171.0113613285285,28.69745,1,0,1,0.2786
2.7346000969409943,19142.20067858696,8.211785843677113,171.0113368174214,28.907787,1,0,1,0.4889
2.735500104725361,19148.50073307753,8.211728030138106,171.0113310737306,28.629007,1,0,1,0.2101
2.7357000708580017,19149.90049600601,8.211715181132352,171.01132978614905,28.764645,1,0,1,0.3458
2.735900074243545,19151.30051970482,8.21170233532384,171.0113285165696,28.642738,1,0,1,0.2239
2.739000104367733,19173.00073057413,8.211503159295104,171.01130865498823,28.301903,1,0,1,-0.117
2.739600084722042,19177.20059305429,8.211464650681213,171.01130491387778,28.395428,1,0,1,-0.0234
2.7403000816702843,19182.10057169199,8.211418658230974,171.0112970955604,79.38018,0,0,0,50.9613
2.7423001006245613,19196.10070437193,8.211291395313502,171.01128814039387,28.67643,1,0,1,0.2576
2.743600085377693,19205.20059764385,8.21120774118969,171.01127924332965,41.130325,0,0,0,12.7115
2.743700087070465,19205.900609493256,8.211201682681791,171.01127977763045,24.170477,1,0,0,-4.2484
2.7454001009464264,19217.800706624985,8.211091963376207,171.01126702000627,56.946564,0,0,0,28.5277
2.7454001009464264,19217.800706624985,8.211092555493924,171.0112689385243,28.737906,1,0,1,0.319
2.74560010433197,19219.20073032379,8.211079727241916,171.01126769087142,28.858152,1,0,1,0.4393
2.7470000833272934,19229.000583291054,8.210989959933388,171.011259006876,28.843933,1,0,1,0.4251
2.747600093483925,19233.20065438748,8.21095148655628,171.0112552615363,29.092167,1,0,1,0.6733
2.748100094497204,19236.700661480427,8.210919432139596,171.0112521495015,29.114208,1,0,1,0.6953
2.749300077557564,19245.100542902943,8.210843391326383,171.0112475151672,-12.732735,0,0,0,-41.1516
2.7503000870347023,19252.10060924292,8.210778413079295,171.01123839402723,29.430908,1,0,1,1.012
2.7504000812768936,19252.80056893825,8.210772441174095,171.01123918102402,8.651081,0,0,0,-19.7678
2.750500082969665,19253.50058078766,8.210765606649655,171.01123717533386,28.926933,1,0,1,0.5081
2.750500082969665,19253.50058078766,8.210765603621462,171.01123716562748,29.069597,1,0,1,0.6507
2.7509000971913338,19256.300680339336,8.21074022241619,171.0112354775938,17.005287,0,0,0,-11.4136
2.75180009752512,19262.60068267584,8.210682297186857,171.01122899889893,29.085188,1,0,1,0.6663
2.7519001066684723,19263.300746679302,8.210675696041887,171.01122774400855,38.275967,1,0,0,9.8571
2.75230010598898,19266.10074192285,8.210650255445318,171.01122583393675,29.290442,1,0,1,0.8716
2.7529000714421272,19270.30050009489,8.210611818769378,171.01122205373753,29.16094,1,0,1,0.7421
2.7535000815987587,19274.50057119131,8.210573375172045,171.01121824168322,29.360842,1,0,1,0.942
2.754400096833706,19280.80067783594,8.210515720493614,171.01121252281052,29.409313,1,0,1,0.9904
2.756200075149536,19293.40052604676,8.210400383786306,171.0112008542122,31.912878,1,0,0,3.494
2.756300076842308,19294.10053789616,8.210394042907364,171.01120041858394,28.88513,1,0,1,0.4663
2.756500072777272,19295.5005094409,8.210381244979716,171.01119916543212,28.433344,1,0,1,0.0145
2.757000081241131,19299.00056868792,8.210349206367193,171.01119588623084,29.377722,1,0,1,0.9588
2.7572000846266747,19300.400592386723,8.210336085370502,171.0111935800614,44.347015,0,0,0,15.9281
2.7596000730991364,19317.200511693954,8.210183332242815,171.01118083369343,5.286869,0,0,0,-23.132
2.760100081562996,19320.70057094097,8.210150786907557,171.0111758851818,29.025255,1,0,1,0.6064
2.7611000910401344,19327.70063728094,8.210086848692109,171.01116967427777,22.030561,1,0,0,-6.3883
2.762200102210045,19335.40071547032,8.21001622203314,171.0111618197606,28.999735,1,0,1,0.5809
2.762200102210045,19335.40071547032,8.210016225729227,171.01116183160832,28.8256,1,0,1,0.4067
2.7628000751137733,19339.600525796413,8.209977785393761,171.01115777932262,29.08447,1,0,1,0.6656
2.7628000751137733,19339.600525796413,8.209977783996122,171.01115777484253,29.150318,1,0,1,0.7314
2.7635000869631767,19344.50060874224,8.209931918521038,171.01114972824735,78.14864,0,0,0,49.7298
2.763600081205368,19345.200568437576,8.20992654048163,171.0111523786611,29.272034,1,0,1,0.8532
2.763800084590912,19346.600592136383,8.209913265847796,171.01114952129407,51.4612,0,0,0,23.0423
2.764000087976456,19348.00061583519,8.209900922904078,171.01114968005496,29.298643,1,0,1,0.8798
2.764600098133087,19352.20068693161,8.209862504170122,171.0111456376387,29.21784,1,0,1,0.799
2.7655001059174538,19358.500741422176,8.209804600351585,171.01113863714284,42.809998,0,0,0,14.3911
2.7655001059174538,19358.500741422176,8.209804892593816,171.0111395834719,28.896261,1,0,1,0.4774
2.7683000937104225,19378.10065597296,8.209625737905567,171.01112068308782,28.864225,1,0,1,0.4454
2.769300103187561,19385.100722312927,8.209561795665968,171.01111395552164,28.711496,1,0,1,0.2926
2.770000085234642,19390.00059664249,8.209517047417501,171.0111092441144,28.75264,1,0,1,0.3338
2.770600087940693,19394.20061558485,8.209478704699325,171.01110522924168,28.53354,1,0,1,0.1147
2.771100081503392,19397.70057052374,8.209446110413445,171.01109978716772,59.25068,0,0,0,30.8318
2.771300092339516,19399.10064637661,8.209433969857123,171.01110051616828,28.829578,1,0,1,0.4107
2.771800093352794,19402.600653469563,8.209402028652438,171.01109717337224,28.784899,1,0,1,0.366
2.772800102829933,19409.60071980953,8.209338890311285,171.01109286229976,-5.9621506,0,0,0,-34.381
2.7730000764131546,19411.00053489208,8.209326170219969,171.01109169117052,-8.322895,0,0,0,-36.7418
2.773700088262558,19415.900617837902,8.20928070568072,171.01108453500356,28.48583,1,0,1,0.067
2.7742000818252563,19419.400572776794,8.2092487893193,171.01108121715544,28.530243,1,0,1,0.1114
2.7758001014590263,19430.600710213184,8.209146689377926,171.01107065259777,28.660006,1,0,1,0.2411
2.776100106537342,19432.700745761395,8.20912653026873,171.0110653740456,77.31241,0,0,0,48.8935
2.7775000855326653,19442.500598728657,8.209038232385872,171.0110594170142,30.352392,1,0,0,1.9335
2.777900092303753,19445.30064612627,8.209012764185916,171.01105693251895,28.631317,1,0,1,0.2124
2.7782000973820686,19447.40068167448,8.20899362538061,171.01105494579477,29.211597,1,0,1,0.7927
2.77830009162426,19448.10064136982,8.208987259921367,171.0110543270986,28.77667,1,0,1,0.3578
2.778400093317032,19448.800653219223,8.208980884153299,171.01105367671997,28.812288,1,0,1,0.3934
2.778800092637539,19451.60064846277,8.2089553811565,171.01105107290195,29.04496,1,0,1,0.6261
2.781500093638897,19470.50065547228,8.208783465812209,171.01103387021084,29.268747,1,0,1,0.8499
2.7829001024365425,19480.3007170558,8.20869493523804,171.01102662372412,8.038272,0,0,0,-20.3806
2.7837000712752342,19485.90049892664,8.208643652538736,171.0110202719903,28.798721,1,0,1,0.3798
2.7842000871896744,19489.40061032772,8.208612780038553,171.01102014636945,-14.626822,0,0,0,-43.0457
2.784800097346306,19493.60068142414,8.208573956429895,171.01101426608753,17.626507,1,0,0,-10.7924
2.785100094974041,19495.700664818287,8.208554647446917,171.01101166746483,28.777472,1,0,1,0.3586
2.7868000715971,19507.60050117969,8.208446513863636,171.01100124927044,29.122948,1,0,1,0.7041
2.7868000715971,19507.60050117969,8.20844651362723,171.0110012485131,29.13408,1,0,1,0.7152
2.7878000885248184,19514.60061967373,8.208382877663276,171.0109951730262,28.873722,1,0,1,0.4548
2.7889000922441483,19522.30064570904,8.208312834689975,171.0109884819399,28.897076,1,0,1,0.5928
2.7893001064658165,19525.100745260715,8.208287352182307,171.01098604929004,28.933,1,0,1,0.6287
2.789600104093552,19527.20072865486,8.208268241390602,171.01098423962554,28.752024,1,0,1,0.4477
2.7897001057863235,19527.900740504265,8.208261865572696,171.01098362169998,28.909061,1,0,1,0.6048
2.79020007699728,19531.40053898096,8.208229119850465,171.0109777386543,70.777534,0,0,0,42.4733
2.790300078690052,19532.100550830364,8.208223597299584,171.0109798909137,30.207773,1,0,0,1.9035
2.7916000932455063,19541.200652718544,8.208140719127721,171.01097211823247,28.465857,1,0,1,0.1616
2.7924000918865204,19546.800643205643,8.208089641771286,171.010967214706,29.136457,1,0,1,0.8322
2.7927001044154167,19548.90073090792,8.208070480192088,171.0109653792244,29.32546,1,0,1,1.0212
2.7929001078009605,19550.300754606724,8.2080577089483,171.01096417236857,29.200161,1,0,1,0.8959
2.793000102043152,19551.000714302063,8.208051327719526,171.0109635838625,28.91726,1,0,1,0.613
