Ph_Index1,Ph_Index2,GPS_Seconds,Latitude,Longitude,Along_Track_Dist,WGS84_Ellipsoid_Height,labels,Geoid_Corrected_Ortho_Height
2966359,2966359,1328287617.30966,37.0027210715279,15.267910264331,15954105.567749,39.392826,1,-0.3375
2966360,2966360,1328287617.30976,37.0027147259288,15.267909505595,15954106.2751875,39.37339,1,-0.357
2966361,2966361,1328287617.30986,37.0027083835545,15.2679087418892,15954106.9822407,39.429577,1,-0.3008
2966362,2966362,1328287617.30986,37.0027083803446,15.2679087492587,15954106.9826288,39.317726,1,-0.4126
2966363,2966363,1328287617.30986,37.0027084008771,15.2679087021196,15954106.9806852,40.033165,0,0.3028
2966364,2966364,1328287617.30986,37.0027083799519,15.2679087501603,15954106.9826288,39.304043,1,-0.4263
2966365,2966365,1328287617.30986,37.0027083853896,15.2679087376761,15954106.9822388,39.49352,1,-0.2368
2966366,2966366,1328287617.30996,37.0027020367415,15.2679079885153,15954107.6900692,39.327415,1,-0.4029
2966367,2966367,1328287617.31006,37.002695691577,15.2679072314888,15954108.3971271,39.279152,1,-0.4512
2966368,2966368,1328287617.31006,37.0026956961117,15.2679072210778,15954108.3967371,39.43716,1,-0.2932
2966369,2966369,1328287617.31016,37.0026893937697,15.2679063706114,15954109.1002912,40.80902,0,1.0787
2966370,2966370,1328287617.31016,37.0026893512687,15.2679064657197,15954109.1041832,39.36375,1,-0.3666
2966371,2966371,1328287617.31026,37.0026830312897,15.2679056511082,15954109.8092928,40.186375,0,0.456
2966372,2966372,1328287617.31026,37.002683014162,15.2679056904309,15954109.8108501,39.589565,1,-0.1408
2966373,2966373,1328287617.31026,37.0026830039181,15.2679057139494,15954109.8116312,39.232624,1,-0.4977
2966374,2966374,1328287617.31036,37.0026779282476,15.2679020673569,15954110.4037447,83.053375,0,43.323
2966375,2966375,1328287617.31036,37.002676661588,15.267904950758,15954110.5190763,39.27328,1,-0.4571
2966376,2966376,1328287617.31036,37.0026766752039,15.2679049194977,15954110.5175218,39.747723,0,0.0174
2966377,2966377,1328287617.31046,37.0026703375162,15.2679041457436,15954111.2245779,39.947136,0,0.2168
2966378,2966378,1328287617.31046,37.0026703170062,15.2679041928318,15954111.22614,39.23247,1,-0.4979
2966379,2966379,1328287617.31046,37.0026703149537,15.2679041975441,15954111.2265291,39.16095,0,-0.5694
2966380,2966380,1328287617.31056,37.0026639804086,15.2679034166617,15954111.9328127,39.466988,1,-0.2634
2966381,2966381,1328287617.31056,37.0026639955878,15.2679033818122,15954111.9316397,39.995903,0,0.2655
2966382,2966382,1328287617.31066,37.0026576357603,15.2679026636199,15954112.6402674,39.352364,1,-0.378
2966383,2966383,1328287617.31076,37.0026513023525,15.2679018802726,15954113.3465528,39.692677,0,-0.0377
2966384,2966384,1328287617.31086,37.0026449526152,15.2679011344758,15954114.0544004,39.46151,1,-0.2688
2966385,2966385,1328287617.31086,37.0026448098272,15.267901459835,15954114.067296,34.521694,0,-5.2087
2966386,2966386,1328287617.31086,37.002644947322,15.2679011466284,15954114.0547933,39.27707,1,-0.4533
2966387,2966387,1328287617.31096,37.0026385652117,15.2679004752075,15954114.7653837,37.915512,3,-1.8148
2966388,2966388,1328287617.31096,37.002638583869,15.2679004323721,15954114.7638178,38.56563,0,-1.1647
2966389,2966389,1328287617.31096,37.0026386179358,15.267900354158,15954114.7606897,39.752697,0,0.0223
2966390,2966390,1328287617.31096,37.0026386094171,15.2679003737162,15954114.7614736,39.45586,1,-0.2745
2966391,2966391,1328287617.31096,37.0026386048513,15.2679003841988,15954114.7618646,39.296764,1,-0.4336
2966392,2966392,1328287617.31096,37.0026385783931,15.2679004449442,15954114.7642107,38.374825,0,-1.3555
2966393,2966393,1328287617.31106,37.0026322655967,15.2678996165249,15954115.4680143,39.39605,1,-0.3343
2966394,2966394,1328287617.31106,37.0026322286483,15.2678997013551,15954115.4710977,38.10857,3,-1.6218
2966395,2966395,1328287617.31116,37.0026258682725,15.2678989778245,15954116.1800718,37.533005,3,-2.1974
2966396,2966396,1328287617.31116,37.0026258823174,15.2678989455787,15954116.1789149,38.022404,3,-1.708
2966397,2966397,1328287617.31116,37.0026259185583,15.2678988623725,15954116.1754446,39.285236,1,-0.4451
2966398,2966398,1328287617.31116,37.0026259166222,15.2678988668177,15954116.17583,39.21777,1,-0.5126
2966399,2966399,1328287617.31126,37.0026195749595,15.2678981026296,15954116.8828749,39.259407,1,-0.471
2966400,2966400,1328287617.31126,37.002619534767,15.2678981949086,15954116.8863475,37.858875,3,-1.8715
2966401,2966401,1328287617.31136,37.0026131994635,15.2678974161346,15954117.593008,38.120296,3,-1.6101
2966402,2966402,1328287617.31136,37.0026132387889,15.2678973258463,15954117.5891485,39.490612,1,-0.2397
2966403,2966403,1328287617.31136,37.0026132190214,15.2678973712311,15954117.5910782,38.801804,0,-0.9286
2966404,2966404,1328287617.31146,37.0026068520789,15.2678966651031,15954118.3004415,37.959076,3,-1.7713
2966405,2966405,1328287617.31146,37.0026068488545,15.267896672506,15954118.3008272,37.846718,3,-1.8836
2966406,2966406,1328287617.31146,37.0026068921506,15.2678965731009,15954118.2969651,39.355404,1,-0.375
2966407,2966407,1328287617.31146,37.0026068896409,15.2678965788629,15954118.2969658,39.267952,1,-0.4624
2966408,2966408,1328287617.31146,37.0026068464998,15.2678966779123,15954118.3008277,37.764668,3,-1.9657
2966409,2966409,1328287617.31146,37.0026069026845,15.2678965489156,15954118.2958068,39.722466,0,-0.0079
2966410,2966410,1328287617.31146,37.0026068853467,15.2678965887222,15954118.2973518,39.118317,0,-0.612
2966411,2966411,1328287617.31156,37.002600506816,15.2678959091962,15954119.0078752,37.87025,3,-1.8601
2966412,2966412,1328287617.31156,37.0026005036652,15.2678959164302,15954119.0082614,37.76046,3,-1.9699
2966413,2966413,1328287617.31166,37.0025942078686,15.2678950492213,15954119.7110574,39.361008,1,-0.3694
2966414,2966414,1328287617.31166,37.0025942047221,15.2678950564456,15954119.7114436,39.251366,1,-0.479
2966415,2966415,1328287617.31166,37.0025942011233,15.2678950647081,15954119.7114446,39.12596,0,-0.6044
2966416,2966416,1328287617.31166,37.0025942114644,15.2678950409654,15954119.7106707,39.48631,1,-0.244
2966417,2966417,1328287617.31166,37.0025942083652,15.2678950480813,15954119.7110574,39.37831,1,-0.352
2966418,2966418,1328287617.31176,37.0025878621636,15.2678942942937,15954120.4184906,39.254128,1,-0.4762
2966419,2966419,1328287617.31176,37.0025878596234,15.2678943001259,15954120.4184916,39.16561,0,-0.5647
2966420,2966420,1328287617.31176,37.0025878649146,15.2678942879774,15954120.4181039,39.34999,1,-0.3804
2966421,2966421,1328287617.31176,37.0025878188878,15.2678943936534,15954120.4223587,37.74613,3,-1.9842
2966422,2966422,1328287617.31176,37.0025878606918,15.2678942976729,15954120.4184911,39.20284,1,-0.5275
2966423,2966423,1328287617.31186,37.0025815212112,15.267893528423,15954121.1255371,39.31173,1,-0.4186
2966424,2966424,1328287617.31186,37.0025815292583,15.2678935099471,15954121.1247632,39.59214,1,-0.1382
2966425,2966425,1328287617.31196,37.0025751824512,15.2678927574781,15954121.8321983,39.44474,1,-0.2856
2966426,2966426,1328287617.31196,37.0025751804766,15.2678927620118,15954121.8325851,39.37593,1,-0.3544
2966427,2966427,1328287617.31196,37.0025751820015,15.2678927585108,15954121.8321988,39.429066,1,-0.3013
2966428,2966428,1328287617.31196,37.002575181195,15.2678927603624,15954121.8321988,39.400963,1,-0.3294
2966429,2966429,1328287617.31206,37.0025688326892,15.2678920117443,15954122.5400221,39.193512,1,-0.5368
2966430,2966430,1328287617.31206,37.0025688351608,15.2678920060695,15954122.5396354,39.279636,1,-0.4507
2966431,2966431,1328287617.31206,37.0025688367541,15.2678920024113,15954122.5396344,39.33516,1,-0.3952
2966432,2966432,1328287617.31206,37.0025688355483,15.2678920051798,15954122.5396349,39.29314,1,-0.4372
2966433,2966433,1328287617.31206,37.0025687831251,15.2678921255426,15954122.5446698,37.46638,3,-2.264
2966434,2966434,1328287617.31216,37.0025624608472,15.2678913166475,15954123.2497842,38.172153,3,-1.5582
2966435,2966435,1328287617.31216,37.002562458216,15.2678913226887,15954123.2501704,38.080463,3,-1.6499
2966436,2966436,1328287617.31216,37.0025625006869,15.2678912251759,15954123.2462947,39.56043,1,-0.1699
2966437,2966437,1328287617.31216,37.0025624974668,15.267891232569,15954123.2466819,39.44822,1,-0.2821
2966438,2966438,1328287617.31216,37.0025624916102,15.2678912460158,15954123.24707,39.244137,1,-0.4862
2966439,2966439,1328287617.31226,37.0025561572273,15.2678904648456,15954123.953346,39.527515,1,-0.2028
2966440,2966440,1328287617.31226,37.0025560990597,15.2678905983982,15954123.9587743,37.500572,3,-2.2298
2966441,2966441,1328287617.31226,37.0025561543397,15.2678904714757,15954123.9537332,39.42689,1,-0.3035
2966442,2966442,1328287617.31226,37.002556154075,15.2678904720833,15954123.9537332,39.417667,1,-0.3127
2966443,2966443,1328287617.31226,37.0025561531811,15.2678904741358,15954123.9537341,39.386517,1,-0.3438
2966444,2966444,1328287617.31236,37.002549808693,15.2678897160903,15954124.6611707,39.317314,1,-0.413
2966445,2966445,1328287617.31236,37.0025498171711,15.2678896966245,15954124.6603953,39.61275,0,-0.1176
2966446,2966446,1328287617.31236,37.0025498109472,15.2678897109148,15954124.6607844,39.395866,1,-0.3345
2966447,2966447,1328287617.31236,37.0025498112894,15.267889710129,15954124.6607844,39.40779,1,-0.3226
2966448,2966448,1328287617.31236,37.0025498116921,15.2678897092044,15954124.6607844,39.421825,1,-0.3085
2966449,2966449,1328287617.31236,37.0025497550953,15.2678898391509,15954124.6658284,37.44961,3,-2.2807
2966450,2966450,1328287617.31246,37.0025434167059,15.2678890670176,15954125.3728807,37.59261,3,-2.1377
2966451,2966451,1328287617.31246,37.002543467235,15.2678889510023,15954125.368222,39.35339,1,-0.377
2966452,2966452,1328287617.31246,37.002543405042,15.2678890937982,15954125.3736589,37.18616,3,-2.5442
2966453,2966453,1328287617.31246,37.0025434701676,15.267888944269,15954125.3678348,39.45558,1,-0.2748
2966454,2966454,1328287617.31246,37.0025434681752,15.2678889488435,15954125.368222,39.38615,1,-0.3442
2966455,2966455,1328287617.31246,37.0025434682113,15.2678889487608,15954125.368222,39.38741,1,-0.3429
2966456,2966456,1328287617.31246,37.0025434335133,15.2678890284278,15954125.3713271,38.178295,3,-1.5521
2966457,2966457,1328287617.31256,37.002537124579,15.2678881885703,15954126.0752751,39.347534,1,-0.3828
2966458,2966458,1328287617.31256,37.0025371042256,15.2678882353022,15954126.0772168,38.63828,0,-1.0921
2966459,2966459,1328287617.31256,37.0025371240643,15.2678881897521,15954126.0752751,39.329597,1,-0.4008
2966460,2966460,1328287617.31256,37.0025371250186,15.2678881875609,15954126.0752751,39.362854,1,-0.3675
2966461,2966461,1328287617.31266,37.0025307469031,15.2678875064412,15954126.7858245,38.1213,3,-1.6091
2966462,2966462,1328287617.31266,37.0025307837644,15.2678874218067,15954126.7823283,39.405807,1,-0.3246
2966463,2966463,1328287617.31266,37.0025307797578,15.267887431006,15954126.7827174,39.26619,1,-0.4642
2966464,2966464,1328287617.31266,37.0025307785098,15.2678874338714,15954126.7827184,39.2227,1,-0.5077
2966465,2966465,1328287617.31276,37.0025244386523,15.2678866647978,15954127.4897716,39.314415,1,-0.4159
2966466,2966466,1328287617.31276,37.0025243917202,15.2678867725554,15954127.4940488,37.678967,3,-2.0514
2966467,2966467,1328287617.31276,37.0025244408249,15.2678866598094,15954127.4893844,39.390125,1,-0.3402
2966468,2966468,1328287617.31276,37.002524436784,15.2678866690874,15954127.4897725,39.249313,1,-0.481
2966469,2966469,1328287617.31276,37.0025244412128,15.2678866589187,15954127.4893834,39.403645,1,-0.3267
2966470,2966470,1328287617.31276,37.002524441486,15.2678866582916,15954127.4893834,39.413162,1,-0.3172
2966471,2966471,1328287617.31276,37.0025224646622,15.2678911601256,15954127.6694181,-28.937891,0,-68.6682
2966472,2966472,1328287617.31286,37.0025180995194,15.2678858939389,15954128.1964395,39.43161,1,-0.2987
2966473,2966473,1328287617.31286,37.0025180939762,15.2678859066663,15954128.1972148,39.238445,1,-0.4919
2966474,2966474,1328287617.31286,37.0025180228255,15.2678860700311,15954128.2034423,36.75904,3,-2.9713
2966475,2966475,1328287617.31286,37.0025180977028,15.2678858981099,15954128.1968267,39.368305,1,-0.3621
2966476,2966476,1328287617.31286,37.002518052324,15.2678860023012,15954128.2007186,37.786983,3,-1.9434
2966477,2966477,1328287617.31286,37.0025180992375,15.2678858945861,15954128.1964404,39.421787,1,-0.3086
2966478,2966478,1328287617.31286,37.0025180591312,15.2678859866717,15954128.2003276,38.024193,3,-1.7062
2966479,2966479,1328287617.31296,37.002511758752,15.2678851267022,15954128.9034955,39.49221,1,-0.2381
2966480,2966480,1328287617.31296,37.0025117523612,15.2678851413756,15954128.9042718,39.26951,1,-0.4608
2966481,2966481,1328287617.31296,37.0025117609297,15.267885121702,15954128.9034936,39.568096,1,-0.1623
2966482,2966482,1328287617.31296,37.0025117577244,15.2678851290615,15954128.9034965,39.4564,1,-0.274
2966483,2966483,1328287617.31296,37.0025117173918,15.267885221667,15954128.9073875,38.05092,3,-1.6794
2966484,2966484,1328287617.31296,37.0025117593657,15.267885125293,15954128.9034955,39.513596,1,-0.2168
2966485,2966485,1328287617.31306,37.0025053575391,15.2678845003959,15954129.6160075,37.413998,3,-2.3164
2966486,2966486,1328287617.31306,37.0025053515441,15.2678845141606,15954129.6163985,37.20509,3,-2.5253
2966487,2966487,1328287617.31306,37.0025053623307,15.267884489394,15954129.6156165,37.580975,3,-2.1494
2966488,2966488,1328287617.31306,37.0025054141059,15.2678843705154,15954129.6109435,39.38521,1,-0.3451
2966489,2966489,1328287617.31306,37.0025053635393,15.2678844866191,15954129.6156156,37.623093,3,-2.1073
2966490,2966490,1328287617.31316,37.0024990697218,15.2678836090112,15954130.3183896,39.35384,1,-0.3765
2966491,2966491,1328287617.31316,37.0024990263196,15.2678837086655,15954130.3222863,37.841377,3,-1.889
2966492,2966492,1328287617.31316,37.0024990713796,15.2678836052049,15954130.3180034,39.411606,1,-0.3188
2966493,2966493,1328287617.31316,37.002499066047,15.2678836174489,15954130.3183934,39.22578,1,-0.5046
2966494,2966494,1328287617.31316,37.0024990731791,15.2678836010731,15954130.3180015,39.474316,1,-0.256
2966495,2966495,1328287617.31316,37.0024990708092,15.2678836065146,15954130.3180034,39.391727,1,-0.3386
2966496,2966496,1328287617.31316,37.0024990702938,15.2678836076981,15954130.3180043,39.373768,1,-0.3566
2966497,2966497,1328287617.31326,37.0024927179431,15.2678828666122,15954131.0262324,39.03261,0,-0.6977
2966498,2966498,1328287617.31326,37.0024926777579,15.26788295888,15954131.029742,37.632256,3,-2.0981
2966499,2966499,1328287617.31326,37.0024927275284,15.2678828446038,15954131.0254504,39.366634,1,-0.3637
2966500,2966500,1328287617.31336,37.0024863397627,15.2678821846673,15954131.7364184,37.792248,3,-1.9381
2966501,2966501,1328287617.31336,37.0024863867287,15.2678820768299,15954131.7325122,39.428905,1,-0.3015
2966502,2966502,1328287617.31336,37.0024863852146,15.2678820803065,15954131.7325141,39.37614,1,-0.3542
2966503,2966503,1328287617.31346,37.0024800439741,15.2678813133697,15954132.4395778,39.424084,1,-0.3063
2966504,2966504,1328287617.31346,37.0024800469867,15.2678813064523,15954132.4391887,39.529068,1,-0.2013
2966505,2966505,1328287617.31346,37.0024800433801,15.2678813147335,15954132.4395778,39.403385,1,-0.327
2966506,2966506,1328287617.31346,37.0024799727942,15.2678814768045,15954132.4458243,36.94362,3,-2.7867
2966507,2966507,1328287617.31346,37.0024800059375,15.2678814007046,15954132.4430892,38.09859,3,-1.6318
2966508,2966508,1328287617.31346,37.0024799690472,15.2678814854077,15954132.4462154,36.813046,3,-2.9173
2966509,2966509,1328287617.31346,37.0024800419605,15.2678813179931,15954132.4395816,39.353912,1,-0.3764
2966510,2966510,1328287617.31356,37.0024736284058,15.2678807169122,15954133.1532828,36.883022,3,-2.8473
2966511,2966511,1328287617.31356,37.0024736336642,15.2678807048384,15954133.1528899,37.06627,3,-2.6641
2966512,2966512,1328287617.31356,37.0024736998164,15.267880552947,15954133.1466472,39.371536,1,-0.3588
2966513,2966513,1328287617.31366,37.0024672936387,15.2678799370195,15954133.859574,37.12608,3,-2.6043
2966514,2966514,1328287617.31366,37.0024673065769,15.2678799073123,15954133.8584029,37.57695,3,-2.1534
2966515,2966515,1328287617.31366,37.0024673564096,15.2678797928916,15954133.8541019,39.313522,1,-0.4168
2966516,2966516,1328287617.31376,37.0024610144494,15.2678790270291,15954134.5611713,39.340294,1,-0.3901
2966517,2966517,1328287617.31376,37.0024609614375,15.2678791487498,15954134.5658633,37.492928,3,-2.2374
2966518,2966518,1328287617.31376,37.0024610169297,15.2678790213341,15954134.5607822,39.426727,1,-0.3036
2966519,2966519,1328287617.31376,37.0024610160008,15.267879023467,15954134.5611693,39.394356,1,-0.336
2966520,2966520,1328287617.31386,37.0024545964382,15.2678784353994,15954135.2742466,36.72096,0,-3.0094
2966521,2966521,1328287617.31386,37.0024546152223,15.267878392269,15954135.2727052,37.375553,3,-2.3548
2966522,2966522,1328287617.31386,37.0024546660201,15.2678782756318,15954135.268081,39.145767,0,-0.5846
2966523,2966523,1328287617.31386,37.0024546698049,15.2678782669414,15954135.2676957,39.277664,1,-0.4527
2966524,2966524,1328287617.31386,37.0024546712998,15.2678782635091,15954135.2676957,39.329758,1,-0.4006
2966525,2966525,1328287617.31386,37.0024546749443,15.267878255141,15954135.2673103,39.45676,1,-0.2736
2966526,2966526,1328287617.31396,37.0024483269101,15.2678775073638,15954135.9747412,39.20926,1,-0.5211
2966527,2966527,1328287617.31396,37.0024482839038,15.2678776061111,15954135.9785967,37.71056,3,-2.0198
2966528,2966528,1328287617.31396,37.0024482631605,15.2678776537402,15954135.9805244,36.98769,3,-2.7427
2966529,2966529,1328287617.31396,37.002448332027,15.2678774956148,15954135.9743556,39.387573,1,-0.3428
2966530,2966530,1328287617.31396,37.0024482675802,15.267877643592,15954135.9801388,37.14171,3,-2.5886
2966531,2966531,1328287617.31396,37.0024482653136,15.2678776487965,15954135.9805242,37.06272,3,-2.6676
2966532,2966532,1328287617.31396,37.0024483296823,15.2678775009984,15954135.9747411,39.305866,1,-0.4245
2966533,2966533,1328287617.31396,37.0024482548269,15.267877672875,15954135.9812954,36.69728,0,-3.0331
2966534,2966534,1328287617.31396,37.002448327449,15.2678775061264,15954135.9747412,39.22804,1,-0.5023
2966535,2966535,1328287617.31396,37.0024477023138,15.2678789291697,15954136.0318036,17.62146,0,-22.1089
2966536,2966536,1328287617.31406,37.0024419163665,15.26787689832,15954136.688344,36.85111,3,-2.8792
2966537,2966537,1328287617.31406,37.0024419877407,15.2678767344362,15954136.6817864,39.33839,1,-0.392
2966538,2966538,1328287617.31406,37.0024419176837,15.2678768952956,15954136.6879585,36.89701,3,-2.8333
2966539,2966539,1328287617.31406,37.0024419462135,15.2678768297878,15954136.6856437,37.891228,3,-1.8391
2966540,2966540,1328287617.31406,37.0024419876131,15.2678767347291,15954136.6817864,39.333942,1,-0.3964
2966541,2966541,1328287617.31406,37.0024419887538,15.26787673211,15954136.6817863,39.373695,1,-0.3567
2966542,2966542,1328287617.31416,37.0024355732241,15.2678761342789,15954137.3953928,36.843746,3,-2.8866
2966543,2966543,1328287617.31416,37.0024355828831,15.2678761121005,15954137.3946208,37.18035,3,-2.55
2966544,2966544,1328287617.31416,37.0024356436578,15.2678759725539,15954137.3888322,39.29826,1,-0.4321
2966545,2966545,1328287617.31416,37.0024356474652,15.2678759638117,15954137.3888315,39.430943,1,-0.2994
2966546,2966546,1328287617.31416,37.0024356495201,15.2678759590933,15954137.388446,39.502552,1,-0.2278
2966547,2966547,1328287617.31416,37.0024355931715,15.267876088477,15954137.3934635,37.538887,3,-2.1915
2966548,2966548,1328287617.31416,37.0024356408416,15.2678759790203,15954137.389218,39.20012,1,-0.5302
2966549,2966549,1328287617.31416,37.0024355694126,15.2678761430306,15954137.3957788,36.71092,0,-3.0194
2966550,2966550,1328287617.31426,37.00242925096,15.2678753220531,15954138.1008967,37.566063,3,-2.1643
2966551,2966551,1328287617.31426,37.0024293014574,15.2678752061042,15954138.096263,39.32583,1,-0.4045
2966552,2966552,1328287617.31426,37.0024293010152,15.2678752071195,15954138.096263,39.31042,1,-0.4199
2966553,2966553,1328287617.31426,37.0024293031337,15.2678752022551,15954138.0958775,39.384247,1,-0.3461
2966554,2966554,1328287617.31426,37.002429304684,15.2678751986954,15954138.095877,39.438274,1,-0.2921
2966555,2966555,1328287617.31426,37.0024293035851,15.2678752012187,15954138.0958773,39.39998,1,-0.3304
2966556,2966556,1328287617.31426,37.0024292288517,15.2678753728168,15954138.1028276,36.79562,3,-2.9347
2966557,2966557,1328287617.31426,37.0024292294047,15.2678753715469,15954138.1028274,36.81489,3,-2.9155
2966558,2966558,1328287617.31426,37.0024293011599,15.2678752067872,15954138.096263,39.315464,1,-0.4149
2966559,2966559,1328287617.31436,37.0024228819635,15.2678746168772,15954138.8102633,36.662052,0,-3.0683
2966560,2966560,1328287617.31436,37.002422958252,15.2678744417081,15954138.8033091,39.32061,1,-0.4097
2966561,2966561,1328287617.31436,37.0024228807067,15.2678746197631,15954138.8102635,36.618256,0,-3.1121
2966562,2966562,1328287617.31446,37.0024166113722,15.2678736854864,15954139.5111276,39.18971,1,-0.5406
2966563,2966563,1328287617.31446,37.0024165534818,15.2678738184113,15954139.516153,37.172295,3,-2.5581
2966564,2966564,1328287617.31446,37.0024165475344,15.2678738320675,15954139.5169254,36.965034,3,-2.7653
2966565,2966565,1328287617.31446,37.0024166144061,15.26787367852,15954139.5107409,39.295437,1,-0.4349
2966566,2966566,1328287617.31446,37.00241654217,15.2678738443851,15954139.5173121,36.778088,3,-2.9523
2966567,2966567,1328287617.31446,37.0024165450546,15.2678738377615,15954139.5169264,36.878616,3,-2.8517
2966568,2966568,1328287617.31456,37.0024102690934,15.2678729184289,15954140.2181741,39.221638,1,-0.5087
2966569,2966569,1328287617.31456,37.0024101995817,15.2678730780387,15954140.2243625,36.79923,3,-2.9311
2966570,2966570,1328287617.31456,37.0024102705536,15.2678729150763,15954140.2181731,39.272522,1,-0.4578
2966571,2966571,1328287617.31456,37.0024102089396,15.2678730565515,15954140.2235886,37.12534,3,-2.605
2966572,2966572,1328287617.31456,37.0024102728314,15.267872909846,15954140.2177869,39.351902,1,-0.3785
2966573,2966573,1328287617.31476,37.0023975843713,15.2678713838442,15954141.6322681,39.287777,1,-0.4426
2966574,2966574,1328287617.31476,37.0023975753874,15.2678714044728,15954141.6334277,38.974693,0,-0.7557
2966575,2966575,1328287617.31476,37.00239752117,15.2678715289651,15954141.6380745,37.085262,3,-2.6451
2966576,2966576,1328287617.31476,37.0023975851764,15.2678713819955,15954141.6322671,39.315834,1,-0.4145
2966577,2966577,1328287617.31476,37.0023975181575,15.2678715358822,15954141.6384612,36.98028,3,-2.7501
2966578,2966578,1328287617.31486,37.0023912392608,15.267870622424,15954142.3397022,39.229294,1,-0.5011
2966579,2966579,1328287617.31486,37.0023911621441,15.2678707994976,15954142.3470603,36.541832,0,-3.1885
2966580,2966580,1328287617.31486,37.0023912471663,15.2678706042717,15954142.3393131,39.50479,1,-0.2256
2966581,2966581,1328287617.31486,37.002391242628,15.2678706146923,15954142.3397003,39.346638,1,-0.3837
2966582,2966582,1328287617.31486,37.0023911695647,15.2678707824584,15954142.3462854,36.800438,3,-2.9299
2966583,2966583,1328287617.31486,37.0023912418422,15.2678706164967,15954142.3397013,39.319252,1,-0.4111
2966584,2966584,1328287617.31486,37.0023912434131,15.2678706128897,15954142.3393146,39.373997,1,-0.3564
2966585,2966585,1328287617.31486,37.0023911584515,15.2678708079764,15954142.3470617,36.413147,0,-3.3172
2966586,2966586,1328287617.31486,37.0023912374267,15.2678706266354,15954142.3400885,39.16538,0,-0.565
2966587,2966587,1328287617.31496,37.0023848987625,15.2678698501081,15954143.0467502,39.33456,1,-0.3958
2966588,2966588,1328287617.31496,37.0023848960216,15.2678698564018,15954143.0471369,39.23904,1,-0.4913
2966589,2966589,1328287617.31506,37.0023784817447,15.2678692531817,15954143.7607771,36.77631,3,-2.954
2966590,2966590,1328287617.31506,37.0023785549173,15.2678690851635,15954143.7541853,39.326336,1,-0.404
2966591,2966591,1328287617.31506,37.0023784819694,15.2678692526656,15954143.7607771,36.78414,3,-2.9462
2966592,2966592,1328287617.31506,37.0023785500673,15.2678690963,15954143.7545734,39.15732,0,-0.573
2966593,2966593,1328287617.31506,37.0023785501885,15.2678690960218,15954143.7545734,39.16154,0,-0.5688
2966594,2966594,1328287617.31506,37.002378549692,15.2678690971618,15954143.7545734,39.144238,0,-0.5861
2966595,2966595,1328287617.31506,37.0023785544778,15.2678690861727,15954143.7541853,39.31102,1,-0.4193
2966596,2966596,1328287617.31506,37.0023785520974,15.2678690916384,15954143.7545715,39.228065,1,-0.5023
2966597,2966597,1328287617.31516,37.0023721396539,15.2678684861716,15954144.4678303,36.799553,3,-2.9308
2966598,2966598,1328287617.31516,37.002372210751,15.2678683229185,15954144.4616219,39.27726,1,-0.4531
2966599,2966599,1328287617.31516,37.0023722111748,15.2678683219453,15954144.4616209,39.292027,1,-0.4383
2966600,2966600,1328287617.31516,37.0023721361702,15.2678684941706,15954144.4682175,36.67815,0,-3.0522
2966601,2966601,1328287617.31516,37.0023722098055,15.2678683250896,15954144.4616219,39.24431,1,-0.486
2966602,2966602,1328287617.31516,37.0023722072398,15.267868330981,15954144.4620091,39.154892,0,-0.5755
2966603,2966603,1328287617.31516,37.0023721512511,15.267868459542,15954144.4670521,37.203712,3,-2.5266
2966604,2966604,1328287617.31516,37.0023722108047,15.2678683227953,15954144.4616219,39.27913,1,-0.4512
2966605,2966605,1328287617.31516,37.0023722114771,15.2678683212513,15954144.4616209,39.30256,1,-0.4278
2966606,2966606,1328287617.31516,37.0023722132395,15.2678683172045,15954144.4612347,39.36398,1,-0.3664
2966607,2966607,1328287617.31526,37.002365812675,15.267867681846,15954145.1737181,37.385788,3,-2.3446
2966608,2966608,1328287617.31526,37.002365793835,15.2678677251066,15954145.1756569,36.72922,3,-3.0011
2966609,2966609,1328287617.31526,37.0023657912119,15.2678677311298,15954145.1756578,36.637806,0,-3.0926
2966610,2966610,1328287617.31526,37.0023658651615,15.2678675613264,15954145.1690584,39.214928,1,-0.5154
2966611,2966611,1328287617.31536,37.0023595161811,15.2678668048968,15954145.876885,39.070896,0,-0.6595
2966612,2966612,1328287617.31536,37.0023595236134,15.2678667878306,15954145.8761087,39.329914,1,-0.4004
2966613,2966613,1328287617.31536,37.002359463344,15.2678669262219,15954145.8815456,37.229534,3,-2.5008
2966614,2966614,1328287617.31536,37.0023595236852,15.2678667876658,15954145.8761087,39.332413,1,-0.3979
2966615,2966615,1328287617.31536,37.0023595257756,15.2678667828658,15954145.8761068,39.405266,1,-0.3251
2966616,2966616,1328287617.31536,37.0023595238417,15.2678667873065,15954145.8761087,39.337868,1,-0.3925
2966617,2966617,1328287617.31546,37.0023531768842,15.2678660281692,15954146.5835491,39.235054,1,-0.4953
2966618,2966618,1328287617.31546,37.0023531768397,15.2678660282713,15954146.5835491,39.23351,1,-0.4968
2966619,2966619,1328287617.31546,37.0023531836208,15.2678660127006,15954146.5831591,39.469826,1,-0.2605
2966620,2966620,1328287617.31546,37.0023531730642,15.2678660369408,15954146.5839373,39.10193,0,-0.6284
2966621,2966621,1328287617.31546,37.0023531823585,15.2678660155991,15954146.58316,39.425835,1,-0.3045
2966622,2966622,1328287617.31546,37.0023531806554,15.2678660195098,15954146.5835472,39.36648,1,-0.3639
2966623,2966623,1328287617.31546,37.0023531775456,15.2678660266506,15954146.5835482,39.258106,1,-0.4723
2966624,2966624,1328287617.31546,37.002353175797,15.2678660306656,15954146.5839354,39.19717,1,-0.5332
2966625,2966625,1328287617.31556,37.002346834199,15.2678652588663,15954147.2909876,39.28492,1,-0.4454
2966626,2966626,1328287617.31556,37.0023468358188,15.2678652551469,15954147.2906004,39.34137,1,-0.389
2966627,2966627,1328287617.31556,37.0023468369416,15.2678652525686,15954147.2905994,39.3805,1,-0.3499
2966628,2966628,1328287617.31566,37.0023404151084,15.2678646646437,15954148.0050427,36.67597,0,-3.0544
2966629,2966629,1328287617.31566,37.0023404206419,15.2678646519374,15954148.0046526,36.868813,3,-2.8615
2966630,2966630,1328287617.31566,37.0023404896531,15.2678644934719,15954147.9984289,39.273857,1,-0.4565
2966631,2966631,1328287617.31566,37.0023404225186,15.2678646476281,15954148.0042664,36.934216,3,-2.7961
2966632,2966632,1328287617.31566,37.0023404923485,15.2678644872827,15954147.9980408,39.367794,1,-0.3626
2966633,2966633,1328287617.31566,37.0023404214456,15.2678646500919,15954148.0046526,36.896824,3,-2.8335
2966634,2966634,1328287617.31566,37.0023404917854,15.2678644885757,15954147.9980417,39.348167,1,-0.3822
2966635,2966635,1328287617.31566,37.0023404948022,15.2678644816483,15954147.9976536,39.45331,1,-0.277
2966636,2966636,1328287617.31566,37.0023404911119,15.2678644901222,15954147.9980417,39.3247,1,-0.4057
2966637,2966637,1328287617.31566,37.0023404871151,15.2678644992997,15954147.9984308,39.18541,1,-0.5449
2966638,2966638,1328287617.31576,37.002334150126,15.2678637184661,15954148.7050959,39.408794,1,-0.3216
2966639,2966639,1328287617.31576,37.0023341476683,15.2678637241097,15954148.705484,39.323143,1,-0.4072
2966640,2966640,1328287617.31576,37.0023340807226,15.2678638778327,15954148.7117086,36.990074,3,-2.7403
2966641,2966641,1328287617.31576,37.0023341487626,15.2678637215968,15954148.7054831,39.361282,1,-0.3691
2966642,2966642,1328287617.31576,37.002334147336,15.2678637248725,15954148.705484,39.311565,1,-0.4188
2966643,2966643,1328287617.31586,37.0023277292183,15.2678631276645,15954149.4195448,36.744713,3,-2.9856
2966644,2966644,1328287617.31586,37.0023277294071,15.267863127231,15954149.4195448,36.751293,3,-2.9791
2966645,2966645,1328287617.31586,37.0023277988565,15.2678629677584,15954149.4133144,39.171623,0,-0.5587
2966646,2966646,1328287617.31586,37.0023277328928,15.267863119227,15954149.4191567,36.87277,3,-2.8576
2966647,2966647,1328287617.31586,37.0023277985182,15.2678629685352,15954149.4133144,39.159832,0,-0.5705
2966648,2966648,1328287617.31586,37.0023278065445,15.267862950105,15954149.4125362,39.439552,1,-0.2908
2966649,2966649,1328287617.31586,37.0023278023606,15.2678629597121,15954149.4129253,39.293743,1,-0.4366
2966650,2966650,1328287617.31586,37.0023277349692,15.2678631144591,15954149.4191547,36.945133,3,-2.7852
2966651,2966651,1328287617.31586,37.0023277136797,15.2678631633449,15954149.4211012,36.20319,0,-3.5272
2966652,2966652,1328287617.31596,37.0023213865718,15.2678623567683,15954150.1266056,36.81234,3,-2.918
2966653,2966653,1328287617.31596,37.0023214622839,15.2678621829146,15954150.1199804,39.450935,1,-0.2794
2966654,2966654,1328287617.31596,37.0023214579243,15.2678621929254,15954150.1203705,39.299,1,-0.4314
2966655,2966655,1328287617.31596,37.0023213881314,15.2678623531871,15954150.1266047,36.86669,3,-2.8637
2966656,2966656,1328287617.31596,37.0023214607762,15.2678621863767,15954150.1199833,39.398388,1,-0.332
2966657,2966657,1328287617.31596,37.0023214561813,15.2678621969278,15954150.1203724,39.238255,1,-0.4921
2966658,2966658,1328287617.31596,37.0023213854342,15.2678623593806,15954150.1269918,36.772694,3,-2.9577
2966659,2966659,1328287617.31596,37.002321388305,15.2678623527884,15954150.1266027,36.872746,3,-2.8576
2966660,2966660,1328287617.31596,37.0023214599122,15.2678621883606,15954150.1199833,39.36828,1,-0.3621
2966661,2966661,1328287617.31596,37.0023214550606,15.267862199501,15954150.1207596,39.1992,1,-0.5312
2966662,2966662,1328287617.31606,37.0023151139995,15.2678614245673,15954150.8278147,39.326508,1,-0.4039
2966663,2966663,1328287617.31606,37.0023151138562,15.2678614248963,15954150.8278147,39.321514,1,-0.4088
2966664,2966664,1328287617.31606,37.0023150437275,15.2678615859297,15954150.8340517,36.877495,3,-2.8529
2966665,2966665,1328287617.31606,37.0023151170807,15.267861417492,15954150.8274256,39.433887,1,-0.2965
2966666,2966666,1328287617.31606,37.002315113695,15.2678614252665,15954150.8278147,39.315895,1,-0.4145
2966667,2966667,1328287617.31616,37.0023087714508,15.2678606526446,15954151.5348726,39.406513,1,-0.3238
2966668,2966668,1328287617.31626,37.0023024142646,15.2678599139209,15954152.2434908,38.981064,0,-0.7493
2966669,2966669,1328287617.31626,37.0023023538451,15.2678600526603,15954152.2489534,36.8754,3,-2.855
2966670,2966670,1328287617.31626,37.0023024253951,15.2678598883624,15954152.2423216,39.368965,1,-0.3614
2966671,2966671,1328287617.31626,37.0023024258354,15.2678598873513,15954152.2423216,39.38431,1,-0.346
2966672,2966672,1328287617.31626,37.002302363147,15.2678600313006,15954152.2481733,37.19958,3,-2.5308
2966673,2966673,1328287617.31626,37.0023024261414,15.2678598866488,15954152.2423216,39.394974,1,-0.3354
2966674,2966674,1328287617.31626,37.0023023471086,15.2678600681292,15954152.2497316,36.64063,0,-3.0897
2966675,2966675,1328287617.31636,37.0022960129032,15.2678592762152,15954152.9560152,37.02086,3,-2.7095
2966676,2966676,1328287617.31636,37.0022960814975,15.2678591187038,15954152.9497705,39.411423,1,-0.3189
2966677,2966677,1328287617.31646,37.0022897272941,15.2678583722815,15954153.6580034,39.09963,0,-0.6307
2966678,2966678,1328287617.31646,37.0022897346725,15.2678583553386,15954153.6576086,39.356773,1,-0.3736
2966679,2966679,1328287617.31646,37.0022896646609,15.2678585161049,15954153.663859,36.916805,3,-2.8136
2966680,2966680,1328287617.31646,37.0022897362148,15.267858351797,15954153.6572214,39.410522,1,-0.3198
2966681,2966681,1328287617.31646,37.0022896675334,15.2678585095087,15954153.6634718,37.01692,3,-2.7134
2966682,2966682,1328287617.31646,37.0022897361565,15.267858351931,15954153.6572214,39.40849,1,-0.3219
2966683,2966683,1328287617.31646,37.0022891848201,15.2678596080817,15954153.7076021,20.336636,0,-19.3937
2966684,2966684,1328287617.31646,37.0022891839103,15.267859610171,15954153.7076021,20.304928,0,-19.4254
2966685,2966685,1328287617.31656,37.0022833185179,15.2678577507375,15954154.3713175,36.890953,3,-2.8394
2966686,2966686,1328287617.31656,37.0022833898704,15.2678575868916,15954154.3646761,39.37766,1,-0.3527
2966687,2966687,1328287617.31656,37.0022833883055,15.2678575904851,15954154.3650614,39.32312,1,-0.4072
2966688,2966688,1328287617.31656,37.0022833872908,15.2678575928151,15954154.3650633,39.287758,1,-0.4426
2966689,2966689,1328287617.31656,37.0022833905808,15.2678575852603,15954154.3646742,39.402416,1,-0.3279
2966690,2966690,1328287617.31656,37.0022833930368,15.2678575796206,15954154.3646704,39.48801,1,-0.2423
2966691,2966691,1328287617.31666,37.0022770418668,15.2678568253516,15954155.072518,39.29213,1,-0.4382
2966692,2966692,1328287617.31666,37.0022770417233,15.2678568256813,15954155.072518,39.287125,1,-0.4432
2966693,2966693,1328287617.31666,37.0022770468863,15.2678568138255,15954155.0721251,39.467064,1,-0.2633
2966694,2966694,1328287617.31676,37.0022706261198,15.2678562187353,15954155.7855981,36.853592,3,-2.8768
2966695,2966695,1328287617.31676,37.0022706251198,15.2678562210317,15954155.7859835,36.81874,3,-2.9116
2966696,2966696,1328287617.31676,37.0022706936803,15.2678560635962,15954155.7794305,39.208153,1,-0.5222
2966697,2966697,1328287617.31676,37.0022706896784,15.2678560727858,15954155.779816,39.068684,0,-0.6617
2966698,2966698,1328287617.31676,37.0022706965166,15.2678560570833,15954155.7794304,39.307,1,-0.4234
2966699,2966699,1328287617.31686,37.0022643520497,15.2678552865096,15954156.4868602,39.35541,1,-0.3749
2966700,2966700,1328287617.31686,37.0022643542043,15.267855281562,15954156.4864747,39.4305,1,-0.2999
2966701,2966701,1328287617.31686,37.0022642738687,15.2678554660369,15954156.4938025,36.630707,0,-3.0997
2966702,2966702,1328287617.31686,37.0022643507505,15.2678552894931,15954156.4868603,39.31013,1,-0.4202
2966703,2966703,1328287617.31686,37.0022642734643,15.2678554669656,15954156.4938026,36.61661,0,-3.1137
2966704,2966704,1328287617.31686,37.002264354988,15.2678552797623,15954156.4864746,39.457813,1,-0.2725
2966705,2966705,1328287617.31696,37.0022579296058,15.2678546945276,15954157.2012355,36.69174,0,-3.0386
2966706,2966706,1328287617.31696,37.0022580019282,15.2678545284529,15954157.1946756,39.21227,1,-0.5181
2966707,2966707,1328287617.31706,37.0022516616675,15.2678537472771,15954157.9017195,39.41843,1,-0.3119
2966708,2966708,1328287617.31706,37.0022516594294,15.2678537524163,15954157.9021053,39.34043,1,-0.3899
2966709,2966709,1328287617.31706,37.0022515878721,15.2678539167346,15954157.9082829,36.846558,3,-2.8838
2966710,2966710,1328287617.31706,37.0022516578432,15.2678537560587,15954157.9021053,39.28515,1,-0.4452
2966711,2966711,1328287617.31706,37.0022516600135,15.2678537510751,15954157.9017197,39.360786,1,-0.3696
2966712,2966712,1328287617.31706,37.0022515889092,15.2678539143531,15954157.9082827,36.882698,3,-2.8477
2966713,2966713,1328287617.31706,37.0022516559779,15.2678537603421,15954157.9021057,39.22014,1,-0.5102
2966714,2966714,1328287617.31706,37.0022516580697,15.2678537555386,15954157.9021053,39.29304,1,-0.4373
2966715,2966715,1328287617.31706,37.0022516552914,15.2678537619186,15954157.902491,39.196213,1,-0.5341
2966716,2966716,1328287617.31716,37.0022453138862,15.2678529828876,15954158.6095349,39.368248,1,-0.3621
2966717,2966717,1328287617.31716,37.0022453160596,15.2678529778967,15954158.6091494,39.443996,1,-0.2864
2966718,2966718,1328287617.31716,37.0022453021693,15.2678530097933,15954158.6106936,38.959896,0,-0.7705
2966719,2966719,1328287617.31716,37.0022453167918,15.2678529762154,15954158.6091491,39.469513,1,-0.2608
2966720,2966720,1328287617.31716,37.002245246891,15.26785313673,15954158.6157152,37.033367,3,-2.697
2966721,2966721,1328287617.31716,37.0022453117932,15.2678529876936,15954158.6095354,39.295307,1,-0.4351
2966722,2966722,1328287617.31726,37.0022388980766,15.2678523810806,15954159.3231498,36.85417,3,-2.8762
2966723,2966723,1328287617.31726,37.0022389698955,15.2678522161608,15954159.3169653,39.357178,1,-0.3732
2966724,2966724,1328287617.31726,37.0022388978474,15.2678523816069,15954159.3235351,36.846184,3,-2.8842
2966725,2966725,1328287617.31726,37.0022389688952,15.2678522184579,15954159.3169657,39.322315,1,-0.408
2966726,2966726,1328287617.31726,37.0022389733566,15.267852208213,15954159.316579,39.477802,1,-0.2526
2966727,2966727,1328287617.31726,37.0022389041489,15.2678523671368,15954159.3227631,37.0658,3,-2.6646
2966728,2966728,1328287617.31726,37.0022389693107,15.2678522175037,15954159.3169653,39.336796,1,-0.3936
2966729,2966729,1328287617.31726,37.0022389703225,15.2678522151803,15954159.3169653,39.37206,1,-0.3583
2966730,2966730,1328287617.31736,37.0022325533148,15.2678516087689,15954160.0309683,36.92109,3,-2.8093
2966731,2966731,1328287617.31736,37.002232625827,15.2678514422565,15954160.0243947,39.448265,1,-0.2821
2966732,2966732,1328287617.31736,37.0022325512531,15.2678516135031,15954160.0309693,36.849236,3,-2.8811
2966733,2966733,1328287617.31736,37.0022326238488,15.2678514467992,15954160.0243956,39.37932,1,-0.351
2966734,2966734,1328287617.31736,37.0022325541776,15.2678516067876,15954160.0305826,36.95116,3,-2.7792
2966735,2966735,1328287617.31736,37.0022326214395,15.2678514523318,15954160.0247814,39.29535,1,-0.435
2966736,2966736,1328287617.31746,37.0022262768832,15.2678506790416,15954160.7322113,39.37555,1,-0.3548
2966737,2966737,1328287617.31746,37.0022262747638,15.2678506839084,15954160.7322122,39.301685,1,-0.4287
2966738,2966738,1328287617.31746,37.0022262768962,15.2678506790116,15954160.7322113,39.376003,1,-0.3544
2966739,2966739,1328287617.31746,37.0022262746173,15.2678506842448,15954160.7322122,39.296577,1,-0.4338
2966740,2966740,1328287617.31746,37.00222627795,15.2678506765918,15954160.7318255,39.41273,1,-0.3176
2966741,2966741,1328287617.31746,37.0022262813889,15.2678506686949,15954160.7318246,39.53258,1,-0.1978
2966742,2966742,1328287617.31756,37.0022199285604,15.2678499138872,15954161.4400284,39.330708,1,-0.3997
2966743,2966743,1328287617.31756,37.0022199276311,15.2678499160211,15954161.4400288,39.29832,1,-0.432
2966744,2966744,1328287617.31756,37.0022199278423,15.2678499155361,15954161.4400288,39.305683,1,-0.4247
2966745,2966745,1328287617.31756,37.0022199310627,15.2678499081409,15954161.4396421,39.41792,1,-0.3124
2966746,2966746,1328287617.31756,37.0022198604701,15.2678500702461,15954161.4462215,36.95763,3,-2.7727
2966747,2966747,1328287617.31766,37.0022135838294,15.2678491376776,15954162.1474587,39.45035,1,-0.28
2966748,2966748,1328287617.31766,37.002213579915,15.2678491466664,15954162.1478454,39.313927,1,-0.4164
2966749,2966749,1328287617.31766,37.0022135102771,15.2678493065795,15954162.1540424,36.88691,3,-2.8434
2966750,2966750,1328287617.31766,37.002213513755,15.267849298593,15954162.1536557,37.00812,3,-2.7222
2966751,2966751,1328287617.31766,37.0022135852554,15.2678491344029,15954162.1474578,39.500053,1,-0.2303
2966752,2966752,1328287617.31766,37.0022135803802,15.267849145598,15954162.1478454,39.330143,1,-0.4002
2966753,2966753,1328287617.31776,37.0022071637369,15.2678485385692,15954162.8618633,36.88403,3,-2.8463
2966754,2966754,1328287617.31776,37.0022072293059,15.2678483879994,15954162.8556654,39.169247,0,-0.5611
2966755,2966755,1328287617.31776,37.0022072367675,15.267848370865,15954162.854891,39.429295,1,-0.3011
2966756,2966756,1328287617.31776,37.0022071647087,15.2678485363377,15954162.861478,36.9179,3,-2.8125
2966757,2966757,1328287617.31776,37.0022071674026,15.2678485301516,15954162.8614766,37.011787,3,-2.7186
2966758,2966758,1328287617.31786,37.002200888035,15.2678476050668,15954163.5630948,39.389553,1,-0.3408
2966759,2966759,1328287617.31786,37.0022008892615,15.2678476022502,15954163.5627085,39.4323,1,-0.2981
2966760,2966760,1328287617.31786,37.0022008872299,15.2678476069153,15954163.5630948,39.361496,1,-0.3689
2966761,2966761,1328287617.31796,37.0021945391822,15.2678468390018,15954164.2709138,39.352303,1,-0.3781
2966762,2966762,1328287617.31796,37.0021945385946,15.2678468403513,15954164.2709138,39.33182,1,-0.3985
2966763,2966763,1328287617.31796,37.0021944678541,15.2678470027974,15954164.2771212,36.86636,3,-2.864
2966764,2966764,1328287617.31796,37.0021945340536,15.267846850779,15954164.2713019,39.17356,0,-0.5568
2966765,2966765,1328287617.31806,37.0021881306128,15.2678462095186,15954164.9841668,37.240593,3,-2.4898
2966766,2966766,1328287617.31806,37.0021881903025,15.2678460724487,15954164.9787327,39.32092,1,-0.4094
2966767,2966767,1328287617.31806,37.0021881908627,15.2678460711622,15954164.9787327,39.340443,1,-0.3899
2966768,2966768,1328287617.31816,37.0021818423361,15.2678453032411,15954165.6865536,39.328274,1,-0.4021
2966769,2966769,1328287617.31816,37.0021818349076,15.2678453202998,15954165.6873299,39.06937,0,-0.661
2966770,2966770,1328287617.31816,37.0021818454815,15.267845296018,15954165.6861664,39.437897,1,-0.2925
2966771,2966771,1328287617.31816,37.0021818434466,15.267845300691,15954165.6865536,39.366974,1,-0.3634
2966772,2966772,1328287617.31826,37.0021754938883,15.2678445345746,15954166.3943745,39.325874,1,-0.4045
2966773,2966773,1328287617.31826,37.0021754912343,15.2678445406693,15954166.3947617,39.233376,1,-0.497
2966774,2966774,1328287617.31826,37.0021754261571,15.2678446901115,15954166.4005896,36.96527,3,-2.7651
2966775,2966775,1328287617.31836,37.0021691442484,15.2678437680742,15954167.1021973,39.28906,1,-0.4413
2966776,2966776,1328287617.31836,37.0021691480257,15.2678437593999,15954167.1018092,39.42071,1,-0.3096
2966777,2966777,1328287617.31836,37.002169146878,15.2678437620356,15954167.1021954,39.38071,1,-0.3496
2966778,2966778,1328287617.31836,37.0021690757812,15.2678439253015,15954167.1084162,36.9028,3,-2.8276
2966779,2966779,1328287617.31836,37.0021690687912,15.2678439413534,15954167.1091925,36.659184,0,-3.0712
2966780,2966780,1328287617.31846,37.0021627964737,15.2678429967119,15954167.8100201,39.3245,1,-0.4059
2966781,2966781,1328287617.31846,37.0021627985833,15.2678429918674,15954167.8100182,39.398026,1,-0.3323
2966782,2966782,1328287617.31846,37.0021627978406,15.2678429935731,15954167.8100192,39.37214,1,-0.3582
2966783,2966783,1328287617.31846,37.0021627927957,15.267843005158,15954167.8104083,39.196312,1,-0.534
2966784,2966784,1328287617.31856,37.0021564452227,15.2678422327473,15954168.5182311,39.24613,1,-0.4842
2966785,2966785,1328287617.31856,37.0021563781908,15.2678423866795,15954168.5244557,36.909885,3,-2.8205
2966786,2966786,1328287617.31856,37.0021564499881,15.267842221804,15954168.517841,39.41222,1,-0.3181
2966787,2966787,1328287617.31856,37.0021564393023,15.2678422463428,15954168.5186211,39.039795,0,-0.6906
2966788,2966788,1328287617.31856,37.0021564519771,15.2678422172365,15954168.5174538,39.481544,1,-0.2488
2966789,2966789,1328287617.31856,37.0021564486792,15.2678422248097,15954168.5178429,39.366604,1,-0.3638
2966790,2966790,1328287617.31856,37.0021564484411,15.2678422253565,15954168.5178429,39.358307,1,-0.3721
2966791,2966791,1328287617.31856,37.0021564460298,15.2678422308939,15954168.5182301,39.27426,1,-0.4561
2966792,2966792,1328287617.31866,37.0021500972353,15.2678414629831,15954169.2260558,39.256,1,-0.4744
2966793,2966793,1328287617.31866,37.0021500329159,15.2678416106867,15954169.2318951,37.014286,3,-2.7161
2966794,2966794,1328287617.31876,37.0021437542413,15.2678406788656,15954169.9334895,39.480442,1,-0.2499
2966795,2966795,1328287617.31876,37.0021437503858,15.2678406877192,15954169.9338786,39.34607,1,-0.3843
2966796,2966796,1328287617.31876,37.0021437529012,15.2678406819429,15954169.9334914,39.43374,1,-0.2966
2966797,2966797,1328287617.31876,37.002143751749,15.2678406845888,15954169.9334923,39.39358,1,-0.3368
2966798,2966798,1328287617.31886,37.0021374001323,15.267839917379,15954170.6417062,39.35815,1,-0.3722
2966799,2966799,1328287617.31886,37.0021374014509,15.2678399143511,15954170.6417052,39.404106,1,-0.3263
2966800,2966800,1328287617.31886,37.0021373969481,15.2678399246914,15954170.6420952,39.24717,1,-0.4832
2966801,2966801,1328287617.31886,37.0021373989765,15.2678399200333,15954170.6420924,39.317863,1,-0.4125
2966802,2966802,1328287617.31886,37.0021373972324,15.2678399240384,15954170.6420952,39.25708,1,-0.4733
2966803,2966803,1328287617.31886,37.0021373982657,15.2678399216657,15954170.6420933,39.29309,1,-0.4373
2966804,2966804,1328287617.31886,37.0021373896544,15.2678399414407,15954170.6428725,38.99296,0,-0.7374
2966805,2966805,1328287617.31886,37.0021373979377,15.2678399224188,15954170.6420933,39.281662,1,-0.4487
2966806,2966806,1328287617.31886,37.0021374022248,15.2678399125738,15954170.6417033,39.43108,1,-0.2993
2966807,2966807,1328287617.31896,37.0021310450403,15.2678391598246,15954171.35031,39.1764,0,-0.554
2966808,2966808,1328287617.31896,37.0021310483385,15.2678391522505,15954171.3499209,39.29135,1,-0.439
2966809,2966809,1328287617.31896,37.0021310519418,15.2678391439759,15954171.3495318,39.41694,1,-0.3134
2966810,2966810,1328287617.31896,37.0021310509765,15.2678391461927,15954171.349919,39.383293,1,-0.3471
2966811,2966811,1328287617.31896,37.0021309809797,15.267839306935,15954171.3561579,36.943687,3,-2.7867
2966812,2966812,1328287617.31896,37.0021310494724,15.2678391496468,15954171.349919,39.33087,1,-0.3995
2966813,2966813,1328287617.31906,37.0021246978868,15.2678383834207,15954172.0581385,39.279217,1,-0.4511
2966814,2966814,1328287617.31906,37.0021246971917,15.2678383850169,15954172.0581385,39.254993,1,-0.4754
2966815,2966815,1328287617.31906,37.0021246258176,15.2678385489224,15954172.0647685,36.767376,0,-2.963
2966816,2966816,1328287617.31906,37.0021246967367,15.2678383860618,15954172.0581385,39.239132,1,-0.4912
2966817,2966817,1328287617.31906,37.0021246991298,15.2678383805661,15954172.0581366,39.32254,1,-0.4078
2966818,2966818,1328287617.31906,37.0021246992178,15.2678383803641,15954172.0581366,39.325607,1,-0.4048
2966819,2966819,1328287617.31906,37.0021247015539,15.2678383749994,15954172.0577475,39.40703,1,-0.3233
2966820,2966820,1328287617.31906,37.0021246988106,15.2678383812993,15954172.0581366,39.311413,1,-0.4189
2966821,2966821,1328287617.31906,37.0021246483067,15.2678384972778,15954172.0624301,37.551193,0,-2.1792
2966822,2966822,1328287617.31906,37.0021246952728,15.2678383894234,15954172.0581404,39.188114,1,-0.5422
2966823,2966823,1328287617.31916,37.0021182769434,15.2678377758443,15954172.7726027,36.818207,3,-2.9122
2966824,2966824,1328287617.31916,37.0021183504821,15.2678376069674,15954172.7659671,39.381275,1,-0.3491
2966825,2966825,1328287617.31916,37.0021183448946,15.2678376197987,15954172.7663581,39.18653,1,-0.5438
2966826,2966826,1328287617.31926,37.0021119947286,15.2678368513419,15954173.4745757,39.167458,0,-0.5629
2966827,2966827,1328287617.31926,37.0021120005969,15.2678368378656,15954173.4737994,39.37199,1,-0.3584
2966828,2966828,1328287617.31926,37.0021120008473,15.2678368372906,15954173.4737975,39.380714,1,-0.3496
2966829,2966829,1328287617.31926,37.0021119305759,15.2678369986647,15954173.4804331,36.93152,3,-2.7988
2966830,2966830,1328287617.31926,37.0021119990076,15.2678368415154,15954173.4741847,39.316593,1,-0.4138
2966831,2966831,1328287617.31936,37.002105652851,15.2678360609242,15954174.1816298,39.47844,1,-0.2519
2966832,2966832,1328287617.31936,37.0021056038639,15.2678361734202,15954174.1863143,37.771072,0,-1.9593
2966833,2966833,1328287617.31936,37.002105648162,15.2678360716922,15954174.1820208,39.315014,1,-0.4153
2966834,2966834,1328287617.31936,37.0021056385105,15.2678360938563,15954174.1831881,38.978626,0,-0.7517
2966835,2966835,1328287617.31936,37.0021056505434,15.2678360662233,15954174.1820189,39.398014,1,-0.3323
2966836,2966836,1328287617.31936,37.0021056502473,15.2678360669032,15954174.1820189,39.387695,1,-0.3427
2966837,2966837,1328287617.31936,37.0021056513321,15.2678360644122,15954174.182017,39.425503,1,-0.3049
2966838,2966838,1328287617.31936,37.0021055769992,15.2678362351135,15954174.1886603,36.834747,3,-2.8956
2966839,2966839,1328287617.31946,37.0020992989814,15.2678352973995,15954174.8902384,39.379765,1,-0.3506
2966840,2966840,1328287617.31946,37.0020992997468,15.2678352956419,15954174.8902384,39.40644,1,-0.3239
2966841,2966841,1328287617.31946,37.0020992585607,15.2678353902238,15954174.8937594,37.97096,0,-1.7594
2966842,2966842,1328287617.31946,37.0020993006482,15.2678352935721,15954174.8898513,39.437855,1,-0.2925
2966843,2966843,1328287617.31946,37.0020992064965,15.2678355097866,15954174.8984515,36.156338,0,-3.574
2966844,2966844,1328287617.31956,37.0020929494171,15.2678345231677,15954175.5972203,39.441982,1,-0.2884
2966845,2966845,1328287617.31956,37.0020929455181,15.2678345321215,15954175.5976057,39.306087,1,-0.4243
2966846,2966846,1328287617.31956,37.0020929452943,15.2678345326354,15954175.5976057,39.29829,1,-0.4321
2966847,2966847,1328287617.31956,37.0020928786785,15.2678346856155,15954175.6037723,36.97649,3,-2.7539
2966848,2966848,1328287617.31956,37.0020928746037,15.2678346949732,15954175.6041577,36.834465,3,-2.8959
2966849,2966849,1328287617.31956,37.0020929461008,15.2678345307835,15954175.5976057,39.326397,1,-0.404
2966850,2966850,1328287617.31956,37.0020929495631,15.2678345228323,15954175.5972203,39.44707,1,-0.2833
2966851,2966851,1328287617.31966,37.0020865243583,15.2678339195276,15954176.3123591,36.911987,3,-2.8184
2966852,2966852,1328287617.31966,37.0020865961794,15.2678337545933,15954176.3058037,39.41522,1,-0.3151
2966853,2966853,1328287617.31966,37.0020865950761,15.2678337571271,15954176.3058038,39.376762,1,-0.3536
2966854,2966854,1328287617.31966,37.0020865935689,15.2678337605882,15954176.3058039,39.32423,1,-0.4061
2966855,2966855,1328287617.31976,37.0020802339637,15.2678330082601,15954177.0147738,39.051147,0,-0.6792
2966856,2966856,1328287617.31976,37.0020802375008,15.2678330001376,15954177.0147733,39.174423,0,-0.5559
2966857,2966857,1328287617.31976,37.0020802413381,15.2678329913252,15954177.0143874,39.30817,1,-0.4222
2966858,2966858,1328287617.31976,37.0020802353175,15.2678330051514,15954177.0147735,39.098328,0,-0.632
2966859,2966859,1328287617.31976,37.0020802399197,15.2678329945826,15954177.0143878,39.25873,1,-0.4716
2966860,2966860,1328287617.31986,37.0020738951197,15.2678322098725,15954177.7218141,39.47737,1,-0.253
2966861,2966861,1328287617.31986,37.0020736739186,15.2678327153856,15954177.742272,31.803333,0,-7.927
2966862,2966862,1328287617.31986,37.0020738893557,15.2678322231094,15954177.7225856,39.276474,1,-0.4539
2966863,2966863,1328287617.31986,37.0020738900038,15.2678322216209,15954177.7225856,39.299065,1,-0.4313
2966864,2966864,1328287617.31986,37.0020738924027,15.2678322161119,15954177.7222001,39.382675,1,-0.3477
2966865,2966865,1328287617.31996,37.0020674697426,15.26783160724,15954178.436963,36.929367,3,-2.801
2966866,2966866,1328287617.31996,37.0020675378294,15.2678314508804,15954178.4307837,39.30246,1,-0.4279
2966867,2966867,1328287617.31996,37.0020675393524,15.267831447383,15954178.4303981,39.35554,1,-0.3748
2966868,2966868,1328287617.31996,37.0020674714487,15.267831603322,15954178.4365775,36.98883,3,-2.7415
2966869,2966869,1328287617.31996,37.0020674694907,15.2678316078185,15954178.436963,36.92059,3,-2.8098
2966870,2966870,1328287617.32006,37.0020611892664,15.2678306711633,15954179.1385957,39.44062,1,-0.2897
2966871,2966871,1328287617.32006,37.0020611163012,15.2678308387262,15954179.1451649,36.89749,3,-2.8329
2966872,2966872,1328287617.32006,37.0020611797627,15.2678306929885,15954179.1393687,39.109375,0,-0.621
2966873,2966873,1328287617.32006,37.0020611913818,15.2678306663054,15954179.138595,39.51435,1,-0.216
2966874,2966874,1328287617.32006,37.0020611796313,15.26783069329,15954179.1393689,39.104797,0,-0.6256
2966875,2966875,1328287617.32006,37.0020611841044,15.2678306830177,15954179.1389824,39.260704,1,-0.4697
2966876,2966876,1328287617.32006,37.0020611884145,15.2678306731196,15954179.138596,39.410927,1,-0.3194
2966877,2966877,1328287617.32016,37.0020547588805,15.2678300786618,15954179.8541383,36.735905,0,-2.9945
2966878,2966878,1328287617.32016,37.0020547639264,15.2678300670739,15954179.8537516,36.911777,3,-2.8186
2966879,2966879,1328287617.32016,37.0020548349292,15.2678299040173,15954179.8471793,39.386513,1,-0.3438
2966880,2966880,1328287617.32016,37.0020548331277,15.2678299081543,15954179.8471803,39.323723,1,-0.4066
2966881,2966881,1328287617.32016,37.002054833177,15.2678299080412,15954179.8471803,39.325443,1,-0.4049
2966882,2966882,1328287617.32026,37.0020484165768,15.267829283186,15954180.5615663,37.110294,3,-2.6201
2966883,2966883,1328287617.32026,37.0020484823535,15.2678291321308,15954180.5553779,39.40288,1,-0.3275
2966884,2966884,1328287617.32026,37.0020484828295,15.2678291310376,15954180.5553779,39.419476,1,-0.3109
2966885,2966885,1328287617.32036,37.0020421307623,15.2678283572824,15954181.2635759,39.46274,1,-0.2676
2966886,2966886,1328287617.32036,37.0020421256619,15.2678283689953,15954181.2643484,39.284973,1,-0.4454
2966887,2966887,1328287617.32046,37.0020357725915,15.2678275968369,15954181.9725484,39.302544,1,-0.4278
2966888,2966888,1328287617.32046,37.0020357682487,15.2678276068102,15954181.9729356,39.151176,0,-0.5792
2966889,2966889,1328287617.32046,37.0020357721035,15.2678275979576,15954181.9725484,39.285534,1,-0.4448
2966890,2966890,1328287617.32046,37.0020357737397,15.2678275942001,15954181.9725474,39.342564,1,-0.3878
2966891,2966891,1328287617.32046,37.0020357721276,15.2678275979022,15954181.9725484,39.286373,1,-0.444
2966892,2966892,1328287617.32056,37.0020294202507,15.2678268268686,15954182.6807479,39.288906,1,-0.4415
2966893,2966893,1328287617.32056,37.0020293500573,15.2678269880678,15954182.6873321,36.842358,3,-2.888
2966894,2966894,1328287617.32056,37.0020290814589,15.2678275999676,15954182.711739,27.551876,0,-12.1785
2966895,2966895,1328287617.32056,37.0020293480937,15.2678269925773,15954182.6873335,36.77392,0,-2.9564
2966896,2966896,1328287617.32056,37.0020294203458,15.2678268266503,15954182.6807479,39.292217,1,-0.4381
2966897,2966897,1328287617.32056,37.0020294239059,15.2678268184745,15954182.680746,39.4163,1,-0.3141
2966898,2966898,1328287617.32056,37.0020293516145,15.2678269844917,15954182.6869473,36.896633,3,-2.8337
2966899,2966899,1328287617.32056,37.0020293478108,15.2678269932269,15954182.6873335,36.764057,0,-2.9663
2966900,2966900,1328287617.32056,37.0020294226059,15.26782682146,15954182.6807469,39.37099,1,-0.3594
2966901,2966901,1328287617.32066,37.0020229867651,15.267826237953,15954183.3966969,36.522457,0,-3.2079
2966902,2966902,1328287617.32066,37.0020230689657,15.2678260491789,15954183.3889464,39.387516,1,-0.3428
2966903,2966903,1328287617.32066,37.0020230619542,15.2678260652809,15954183.3897208,39.14313,0,-0.5872
2966904,2966904,1328287617.32066,37.0020229930019,15.2678262236301,15954183.3959235,36.739838,0,-2.9905
2966905,2966905,1328287617.32066,37.0020230582291,15.2678260738357,15954183.390108,39.013294,0,-0.7171
2966906,2966906,1328287617.32076,37.0020166396293,15.2678254523002,15954184.1045121,36.742218,0,-2.9881
2966907,2966907,1328287617.32076,37.0020161440737,15.2678265804752,15954184.1494988,19.61258,0,-20.1178
2966908,2966908,1328287617.32076,37.0020166394708,15.2678254526644,15954184.1045121,36.736694,0,-2.9937
2966909,2966909,1328287617.32076,37.0020166406886,15.2678254498677,15954184.1045112,36.779137,3,-2.9512
2966910,2966910,1328287617.32076,37.0020167139245,15.2678252816809,15954184.0975341,39.331738,1,-0.3986
2966911,2966911,1328287617.32086,37.0020102834893,15.2678246843068,15954184.8131045,36.690773,0,-3.0396
2966912,2966912,1328287617.32086,37.0020103570373,15.2678245154029,15954184.806507,39.254257,1,-0.4761
2966913,2966913,1328287617.32086,37.0020103569812,15.2678245155319,15954184.806507,39.2523,1,-0.4781
2966914,2966914,1328287617.32086,37.0020103598898,15.2678245088521,15954184.8061198,39.35368,1,-0.3767
2966915,2966915,1328287617.32086,37.0020103580718,15.2678245130273,15954184.8065061,39.290314,1,-0.44
2966916,2966916,1328287617.32086,37.0020103288549,15.2678245801241,15954184.8088368,38.271973,0,-1.4584
2966917,2966917,1328287617.32096,37.0020039904861,15.2678237705835,15954185.5162581,38.849655,0,-0.8807
2966918,2966918,1328287617.32096,37.0020039409067,15.2678238844434,15954185.5205306,37.121582,3,-2.6088
2966919,2966919,1328287617.32096,37.0020040016479,15.2678237449502,15954185.5150937,39.238693,1,-0.4917
2966920,2966920,1328287617.32096,37.0020040068261,15.2678237330583,15954185.5147056,39.419178,1,-0.3112
2966921,2966921,1328287617.32096,37.0020034660488,15.2678249650898,15954185.5640077,20.71328,0,-19.0171
2966922,2966922,1328287617.32096,37.0020040029497,15.2678237419604,15954185.5150937,39.28407,1,-0.4463
2966923,2966923,1328287617.32096,37.0020040052938,15.2678237365772,15954185.5147065,39.365772,1,-0.3646
2966924,2966924,1328287617.32106,37.0019976543141,15.2678229529671,15954186.2229051,39.546722,1,-0.1836
2966925,2966925,1328287617.32106,37.0019976524255,15.2678229573043,15954186.2232913,39.480896,1,-0.2495
2966926,2966926,1328287617.32106,37.0019976473223,15.2678229690238,15954186.2236814,39.303024,1,-0.4273
2966927,2966927,1328287617.32106,37.0019975784042,15.2678231272957,15954186.2298955,36.900906,3,-2.8295
2966928,2966928,1328287617.32116,37.0019912297782,15.2678223398239,15954186.9380969,37.140774,3,-2.5896
2966929,2966929,1328287617.32116,37.001991291907,15.2678221971435,15954186.93227,39.30626,1,-0.4241
2966930,2966930,1328287617.32116,37.0019912932134,15.2678221941433,15954186.932269,39.351795,1,-0.3786
2966931,2966931,1328287617.32116,37.0019912260755,15.2678223483273,15954186.9381007,37.01172,3,-2.7186
2966932,2966932,1328287617.32126,37.0019849343806,15.26782142936,15954187.6412467,39.245888,1,-0.4845
2966933,2966933,1328287617.32126,37.0019849378813,15.2678214213208,15954187.6408586,39.367905,1,-0.3625
2966934,2966934,1328287617.32126,37.0019848644771,15.2678215898956,15954187.6474685,36.80941,3,-2.9209
2966935,2966935,1328287617.32136,37.0019785822489,15.2678206507211,15954188.3494491,39.350594,1,-0.3798
2966936,2966936,1328287617.32136,37.0019785806919,15.2678206542967,15954188.34945,39.296326,1,-0.434
2966937,2966937,1328287617.32136,37.0019785803147,15.267820655163,15954188.3498353,39.28318,1,-0.4472
2966938,2966938,1328287617.32136,37.0019785816671,15.2678206520571,15954188.3494491,39.33032,1,-0.4
2966939,2966939,1328287617.32136,37.0019785795086,15.2678206570142,15954188.3498363,39.25508,1,-0.4753
2966940,2966940,1328287617.32146,37.0019722241966,15.2678198826269,15954189.0584277,39.292095,1,-0.4383
2966941,2966941,1328287617.32146,37.0019722235736,15.2678198840576,15954189.0584287,39.270382,1,-0.46
2966942,2966942,1328287617.32146,37.0019722236373,15.2678198839114,15954189.0584277,39.2726,1,-0.4578
2966943,2966943,1328287617.32146,37.0019722240562,15.2678198829493,15954189.0584277,39.2872,1,-0.4432
2966944,2966944,1328287617.32146,37.001972224095,15.2678198828602,15954189.0584277,39.288555,1,-0.4418
2966945,2966945,1328287617.32156,37.0019658696669,15.2678191056761,15954189.7670192,39.366596,1,-0.3638
2966946,2966946,1328287617.32156,37.0019658691455,15.2678191068736,15954189.7670192,39.348423,1,-0.3819
2966947,2966947,1328287617.32156,37.0019657972098,15.2678192720768,15954189.7736386,36.841103,3,-2.8893
2966948,2966948,1328287617.32156,37.0019658717024,15.2678191010014,15954189.766632,39.437546,1,-0.2928
2966949,2966949,1328287617.32166,37.0019595133393,15.2678183320821,15954190.4756125,39.38874,1,-0.3416
2966950,2966950,1328287617.32166,37.0019595145514,15.2678183292983,15954190.4756106,39.430992,1,-0.2994
2966951,2966951,1328287617.32166,37.0019595102595,15.267818339155,15954190.4760007,39.281395,1,-0.449
2966952,2966952,1328287617.32166,37.0019595120189,15.2678183351143,15954190.4759988,39.34272,1,-0.3876
2966953,2966953,1328287617.32176,37.0019530822535,15.2678177293969,15954191.1912202,36.81556,3,-2.9148
2966954,2966954,1328287617.32176,37.0019531526517,15.2678175677239,15954191.1849813,39.269306,1,-0.4611
2966955,2966955,1328287617.32176,37.0019531509045,15.2678175717365,15954191.1849822,39.208405,1,-0.522
2966956,2966956,1328287617.32176,37.0019530853661,15.2678177222485,15954191.1912173,36.924053,3,-2.8063
2966957,2966957,1328287617.32176,37.001953155375,15.2678175614696,15954191.1845922,39.364227,1,-0.3661
2966958,2966958,1328287617.32176,37.0019531551953,15.2678175618825,15954191.1845931,39.35796,1,-0.3724
2966959,2966959,1328287617.32176,37.0019531543191,15.2678175638947,15954191.1845931,39.327423,1,-0.4029
2966960,2966960,1328287617.32186,37.0019467943378,15.2678167971326,15954191.8939637,39.243065,1,-0.4873
2966961,2966961,1328287617.32186,37.001946798585,15.2678167873787,15954191.8935727,39.3911,1,-0.3393
2966962,2966962,1328287617.32186,37.0019467945563,15.2678167966307,15954191.8939637,39.250683,1,-0.4797
2966963,2966963,1328287617.32186,37.0019467974226,15.2678167900481,15954191.8935746,39.35059,1,-0.3798
2966964,2966964,1328287617.32186,37.0019467973627,15.2678167901858,15954191.8935746,39.3485,1,-0.3819
2966965,2966965,1328287617.32186,37.0019467236163,15.2678169595482,15954191.9002065,36.77805,3,-2.9523
2966966,2966966,1328287617.32186,37.0019467262016,15.267816953611,15954191.9002046,36.86816,3,-2.8622
2966967,2966967,1328287617.32186,37.0019468016365,15.2678167803706,15954191.8931836,39.497467,1,-0.2329
2966968,2966968,1328287617.32196,37.0019404362,15.2678160253499,15954192.6029481,39.23351,1,-0.4968
2966969,2966969,1328287617.32196,37.0019404415209,15.2678160131302,15954192.6021699,39.418972,1,-0.3114
2966970,2966970,1328287617.32196,37.0019404375249,15.2678160223073,15954192.6025609,39.27969,1,-0.4507
2966971,2966971,1328287617.32196,37.0019403687094,15.2678161803458,15954192.6088037,36.881104,3,-2.8493
2966972,2966972,1328287617.32196,37.0019404398826,15.2678160168926,15954192.602559,39.361866,1,-0.3685
2966973,2966973,1328287617.32196,37.0019404405078,15.2678160154569,15954192.6025571,39.38366,1,-0.3467
2966974,2966974,1328287617.32206,37.0019340785509,15.2678152516534,15954193.3119306,39.251606,1,-0.4788
2966975,2966975,1328287617.32206,37.0019340814398,15.2678152450189,15954193.3115434,39.3523,1,-0.3781
2966976,2966976,1328287617.32206,37.0019340762535,15.2678152569296,15954193.3119344,39.171528,0,-0.5588
2966977,2966977,1328287617.32206,37.0019340111236,15.2678154065042,15954193.3177899,36.9014,3,-2.829
2966978,2966978,1328287617.32206,37.0019340817029,15.2678152444147,15954193.3115415,39.36147,1,-0.3689
2966979,2966979,1328287617.32206,37.0019340799304,15.2678152484853,15954193.3115453,39.29969,1,-0.4307
2966980,2966980,1328287617.32216,37.0019277234348,15.2678144713435,15954194.0205277,39.368687,1,-0.3617
2966981,2966981,1328287617.32216,37.0019276524126,15.2678146344505,15954194.0267819,36.893173,3,-2.8372
2966982,2966982,1328287617.32216,37.0019277220167,15.2678144746002,15954194.0205297,39.319256,1,-0.4111
2966983,2966983,1328287617.32216,37.0019276516217,15.2678146362668,15954194.0267819,36.86561,3,-2.8647
2966984,2966984,1328287617.32216,37.0019277265538,15.2678144641805,15954194.0201386,39.477398,1,-0.253
2966985,2966985,1328287617.32216,37.001927723463,15.2678144712786,15954194.0205277,39.36967,1,-0.3607
2966986,2966986,1328287617.32216,37.0019277196821,15.2678144799619,15954194.0209188,39.23788,1,-0.4925
2966987,2966987,1328287617.32226,37.0019213615496,15.2678137057784,15954194.729905,39.260593,1,-0.4698
2966988,2966988,1328287617.32226,37.0019213533338,15.2678137246465,15954194.7302999,38.974228,0,-0.7561
2966989,2966989,1328287617.32236,37.0019149318754,15.2678130949117,15954195.4442959,36.80311,3,-2.9272
2966990,2966990,1328287617.32236,37.0019150062774,15.2678129240425,15954195.4377449,39.396427,1,-0.3339
2966991,2966991,1328287617.32236,37.0019150041159,15.2678129290064,15954195.4377449,39.32109,1,-0.4093
2966992,2966992,1328287617.32236,37.0019149360379,15.2678130853521,15954195.4439105,36.948196,3,-2.7822
2966993,2966993,1328287617.32236,37.0019150033242,15.2678129308245,15954195.4377449,39.293495,1,-0.4369
2966994,2966994,1328287617.32236,37.0019149297366,15.2678130998235,15954195.4446812,36.72856,3,-3.0018
2966995,2966995,1328287617.32236,37.0019149144089,15.2678131350248,15954195.4458373,36.1943,0,-3.5361
2966996,2966996,1328287617.32246,37.0019085738244,15.2678123189259,15954196.1532649,36.850414,3,-2.8799
2966997,2966997,1328287617.32246,37.0019086374295,15.267812172852,15954196.1474816,39.06741,0,-0.6629
2966998,2966998,1328287617.32246,37.0019086459691,15.2678121532402,15954196.1467104,39.365063,1,-0.3653
2966999,2966999,1328287617.32246,37.0019086461329,15.2678121528641,15954196.1467104,39.37077,1,-0.3596
2967000,2967000,1328287617.32246,37.0019085737449,15.2678123191085,15954196.1532649,36.84764,3,-2.8827
2967001,2967001,1328287617.32246,37.0019086449414,15.2678121556004,15954196.1470958,39.329243,1,-0.4011
2967002,2967002,1328287617.32246,37.0019085670651,15.267812334449,15954196.1540358,36.614815,0,-3.1155
2967003,2967003,1328287617.32246,37.0019085825274,15.2678122989388,15954196.1524937,37.153763,3,-2.5766
2967004,2967004,1328287617.32246,37.0019086423056,15.2678121616538,15954196.1470959,39.23737,1,-0.493
2967005,2967005,1328287617.32246,37.0019086404968,15.2678121658078,15954196.1474814,39.17432,0,-0.556
2967006,2967006,1328287617.32256,37.0019022833641,15.2678113868984,15954196.8560614,39.264626,1,-0.4657
2967007,2967007,1328287617.32256,37.0019022850172,15.2678113831018,15954196.8560613,39.32225,1,-0.4081
2967008,2967008,1328287617.32266,37.0018958510899,15.2678107797383,15954197.5719734,36.746883,3,-2.9835
2967009,2967009,1328287617.32266,37.0018959255388,15.2678106087606,15954197.5650266,39.341854,1,-0.3885
2967010,2967010,1328287617.32266,37.0018959220124,15.2678106168592,15954197.5654123,39.218937,1,-0.5114
2967011,2967011,1328287617.32266,37.001895930486,15.2678105973991,15954197.5646403,39.51429,1,-0.2161
2967012,2967012,1328287617.32276,37.0018895686599,15.2678098299184,15954198.2739912,39.430153,1,-0.3002
2967013,2967013,1328287617.32276,37.0018895651278,15.26780983803,15954198.2743772,39.30704,1,-0.4233
2967014,2967014,1328287617.32276,37.0018894977579,15.2678099927505,15954198.2805558,36.958813,3,-2.7715
2967015,2967015,1328287617.32276,37.0018895641614,15.2678098402494,15954198.2743774,39.273357,1,-0.457
2967016,2967016,1328287617.32276,37.0018895581209,15.267809854122,15954198.2751494,39.06281,0,-0.6675
2967017,2967017,1328287617.32276,37.001889495856,15.2678099971183,15954198.280556,36.89252,3,-2.8378
2967018,2967018,1328287617.32286,37.0018832045638,15.267809064532,15954198.9837277,39.311123,1,-0.4192
2967019,2967019,1328287617.32286,37.0018832079935,15.2678090566554,15954198.9833417,39.430668,1,-0.2997
2967020,2967020,1328287617.32286,37.0018831267757,15.2678092431788,15954198.9906824,36.59976,0,-3.1306
2967021,2967021,1328287617.32286,37.001883207791,15.2678090571203,15954198.9833417,39.42361,1,-0.3067
2967022,2967022,1328287617.32286,37.0018832046301,15.2678090643796,15954198.9837277,39.313435,1,-0.4169
2967023,2967023,1328287617.32296,37.001876775121,15.2678084483888,15954199.6992634,36.925636,3,-2.8047
2967024,2967024,1328287617.32296,37.0018768452729,15.2678082872787,15954199.6926926,39.370846,1,-0.3595
2967025,2967025,1328287617.32296,37.001876846401,15.2678082846879,15954199.6926921,39.410168,1,-0.3202
2967026,2967026,1328287617.32296,37.0018768387305,15.2678083023039,15954199.693465,39.142803,0,-0.5876
2967027,2967027,1328287617.32296,37.0018768474024,15.267808282388,15954199.6926921,39.445072,1,-0.2853
2967028,2967028,1328287617.32306,37.0018704048329,15.2678076955564,15954200.4093917,36.613365,0,-3.117
2967029,2967029,1328287617.32306,37.0018704828218,15.2678075164477,15954200.4020441,39.33174,1,-0.3986
2967030,2967030,1328287617.32306,37.00187041231,15.2678076783844,15954200.4086183,36.87399,3,-2.8564
2967031,2967031,1328287617.32306,37.0018704771342,15.2678075295098,15954200.4028166,39.133495,0,-0.5969
2967032,2967032,1328287617.32316,37.0018637396415,15.2678076094604,15954201.1462195,26.173399,0,-13.557
2967033,2967033,1328287617.32316,37.0018641228797,15.2678067367228,15954201.1113937,39.42453,1,-0.3058
2967034,2967034,1328287617.32316,37.0018641164184,15.2678067515619,15954201.1117819,39.19931,1,-0.531
2967035,2967035,1328287617.32326,37.0018577494462,15.2678059894311,15954201.8219054,39.025475,0,-0.7049
2967036,2967036,1328287617.32326,37.0018577570951,15.2678059718649,15954201.821132,39.29208,1,-0.4383
2967037,2967037,1328287617.32336,37.0018513231642,15.267805364957,15954202.5370687,36.762794,3,-2.9676
2967038,2967038,1328287617.32336,37.0018513218997,15.267805367861,15954202.5370696,36.71872,3,-3.0116
2967039,2967039,1328287617.32336,37.0018514004641,15.2678051874302,15954202.5300959,39.45717,1,-0.2732
2967040,2967040,1328287617.32336,37.001851395926,15.2678051978522,15954202.5304835,39.29899,1,-0.4314
2967041,2967041,1328287617.32336,37.0018513991806,15.2678051903777,15954202.5300968,39.41243,1,-0.3179
2967042,2967042,1328287617.32336,37.0018513959701,15.267805197751,15954202.5304835,39.300526,1,-0.4298
2967043,2967043,1328287617.32336,37.0018513982113,15.2678051926038,15954202.5300973,39.378647,1,-0.3517
2967044,2967044,1328287617.32336,37.0018513971335,15.2678051950792,15954202.5300978,39.341076,1,-0.3893
2967045,2967045,1328287617.32336,37.0018509456621,15.267806224523,15954202.5715426,23.711576,0,-16.0188
2967046,2967046,1328287617.32336,37.0018513321366,15.2678053443509,15954202.5362938,37.07554,3,-2.6548
2967047,2967047,1328287617.32346,37.0018449622148,15.2678045872967,15954203.246424,36.82198,3,-2.9084
2967048,2967048,1328287617.32346,37.0018450335876,15.2678044233819,15954203.239836,39.30976,1,-0.4206
2967049,2967049,1328287617.32346,37.0018449621253,15.2678045875022,15954203.246424,36.81886,3,-2.9115
2967050,2967050,1328287617.32346,37.0018450387282,15.2678044115759,15954203.2394479,39.48894,1,-0.2414
2967051,2967051,1328287617.32346,37.0018449661852,15.2678045781784,15954203.2460363,36.960373,3,-2.77
2967052,2967052,1328287617.32346,37.0018450301925,15.2678044311789,15954203.2402232,39.19142,1,-0.5389
2967053,2967053,1328287617.32346,37.0018449591615,15.2678045943089,15954203.2464254,36.715553,3,-3.0148
2967054,2967054,1328287617.32346,37.0018449565572,15.2678046002899,15954203.2468126,36.62478,3,-3.1056
2967055,2967055,1328287617.32356,37.0018385947828,15.2678038236698,15954203.9561666,36.666847,3,-3.0635
2967056,2967056,1328287617.32366,37.0018322381655,15.2678030343477,15954204.6651347,36.90037,3,-2.83
2967057,2967057,1328287617.32366,37.0018323076843,15.2678028746904,15954204.6589263,39.323536,1,-0.4068
2967058,2967058,1328287617.32366,37.001832307265,15.2678028756534,15954204.6589263,39.308918,1,-0.4214
2967059,2967059,1328287617.32366,37.0018323081229,15.2678028736831,15954204.6589263,39.33882,1,-0.3915
2967060,2967060,1328287617.32366,37.0018322370665,15.2678030368718,15954204.6651357,36.862064,3,-2.8683
2967061,2967061,1328287617.32376,37.0018258689792,15.26780227303,15954205.3752654,36.707546,3,-3.0228
2967062,2967062,1328287617.32376,37.0018259523615,15.2678020815334,15954205.3675044,39.61394,0,-0.1164
2967063,2967063,1328287617.32376,37.0018258675453,15.267802276323,15954205.3752664,36.657566,3,-3.0728
2967064,2967064,1328287617.32376,37.0018259297672,15.2678021334238,15954205.3698314,38.826385,0,-0.904
2967065,2967065,1328287617.32386,37.0018195120709,15.2678014872358,15954206.0842355,36.88839,3,-2.842
2967066,2967066,1328287617.32386,37.0018195846717,15.2678013205,15954206.0776322,39.418987,1,-0.3114
2967067,2967067,1328287617.32386,37.0018195809301,15.267801329093,15954206.0780213,39.288567,1,-0.4418
2967068,2967068,1328287617.32386,37.0018195030114,15.267801508042,15954206.0850118,36.57261,3,-3.1577
2967069,2967069,1328287617.32386,37.0018195808656,15.267801329241,15954206.0780213,39.28632,1,-0.444
2967070,2967070,1328287617.32386,37.0018195807052,15.2678013296095,15954206.0780213,39.280727,1,-0.4496
2967071,2967071,1328287617.32386,37.0018195852898,15.2678013190804,15954206.0776322,39.440533,1,-0.2898
2967072,2967072,1328287617.32386,37.0018195819036,15.2678013268574,15954206.0776351,39.3225,1,-0.4079
2967073,2967073,1328287617.32396,37.0018132220059,15.2678005424737,15954206.7869857,39.477123,1,-0.2532
2967074,2967074,1328287617.32396,37.0018131482343,15.2678007118986,15954206.7935927,36.905712,3,-2.8246
2967075,2967075,1328287617.32396,37.0018131455998,15.2678007179491,15954206.7939799,36.813885,3,-2.9165
2967076,2967076,1328287617.32396,37.0018132199614,15.2678005471692,15954206.7873729,39.405857,1,-0.3245
2967077,2967077,1328287617.32406,37.0018067811337,15.2677999431855,15954207.5037244,36.82119,3,-2.9092
2967078,2967078,1328287617.32406,37.0018068538633,15.2677997761535,15954207.4971154,39.356285,1,-0.3741
2967079,2967079,1328287617.32416,37.0018004118714,15.2677991785622,15954208.2138579,36.673294,3,-3.0571
2967080,2967080,1328287617.32416,37.0018004893606,15.2677990005989,15954208.2068561,39.3743,1,-0.3561
2967081,2967081,1328287617.32416,37.0018002445059,15.2677995580001,15954208.229028,30.910866,0,-8.8195
2967082,2967082,1328287617.32426,37.0017941198196,15.2677982380311,15954208.9169896,39.195656,1,-0.5347
2967083,2967083,1328287617.32426,37.0017940477741,15.2677984034921,15954208.9236043,36.684402,3,-3.046
2967084,2967084,1328287617.32426,37.001794051225,15.2677983955667,15954208.9232162,36.80469,3,-2.9257
2967085,2967085,1328287617.32426,37.001794048335,15.2677984022041,15954208.923219,36.703953,3,-3.0264
2967086,2967086,1328287617.32426,37.001794122676,15.2677982314709,15954208.9166015,39.295223,1,-0.4351
2967087,2967087,1328287617.32436,37.0017877585527,15.2677974532858,15954209.626345,39.350563,1,-0.3798
2967088,2967088,1328287617.32436,37.0017876825173,15.2677976279103,15954209.6333535,36.700233,3,-3.0301
2967089,2967089,1328287617.32446,37.001781393515,15.2677966763162,15954210.3360885,39.386166,1,-0.3442
2967090,2967090,1328287617.32446,37.0017813168414,15.2677968524067,15954210.3431008,36.713585,3,-3.0168
2967091,2967091,1328287617.32446,37.0017813104442,15.2677968670987,15954210.3434918,36.4906,0,-3.2398
2967092,2967092,1328287617.32446,37.0017813679841,15.2677967349513,15954210.3384259,38.496243,0,-1.2341
2967093,2967093,1328287617.32456,37.0017750236467,15.2677959072595,15954211.0462239,39.298637,1,-0.4317
2967094,2967094,1328287617.32456,37.0017750266434,15.2677959003772,15954211.0458348,39.403088,1,-0.3273
2967095,2967095,1328287617.32466,37.0017686602038,15.26779512485,15954211.7559655,39.414234,1,-0.3161
2967096,2967096,1328287617.32466,37.0017686574391,15.2677951311997,15954211.7559693,39.317863,1,-0.4125
2967097,2967097,1328287617.32466,37.00176866196,15.2677951208168,15954211.7555802,39.47545,1,-0.2549
2967098,2967098,1328287617.32466,37.0017686618449,15.267795121081,15954211.7555802,39.471436,1,-0.2589
2967099,2967099,1328287617.32476,37.0017622921935,15.2677943520377,15954212.4661019,39.382893,1,-0.3475
2967100,2967100,1328287617.32476,37.0017622951763,15.2677943451872,15954212.4657128,39.486866,1,-0.2435
2967101,2967101,1328287617.32476,37.0017622917088,15.2677943531507,15954212.4661019,39.366,1,-0.3644
2967102,2967102,1328287617.32476,37.0017622002589,15.2677945631773,15954212.4742978,36.17836,0,-3.552
2967103,2967103,1328287617.32476,37.0017622103326,15.2677945400417,15954212.4735158,36.529495,3,-3.2009
2967104,2967104,1328287617.32476,37.001762291551,15.2677943535131,15954212.4661019,39.3605,1,-0.3699
2967105,2967105,1328287617.32486,37.001755918599,15.2677935934491,15954213.1766294,39.136158,0,-0.5942
2967106,2967106,1328287617.32486,37.0017559225674,15.2677935843351,15954213.1762403,39.274483,1,-0.4559
2967107,2967107,1328287617.32486,37.0017558565623,15.2677937359244,15954213.1820977,36.973763,3,-2.7566
2967108,2967108,1328287617.32486,37.0017559212697,15.2677935873154,15954213.1762403,39.229248,1,-0.5011
2967109,2967109,1328287617.32496,37.0017494717158,15.2677929999854,15954213.893802,36.38024,0,-3.3501
2967110,2967110,1328287617.32496,37.001749557371,15.2677928032668,15954213.8859895,39.365906,1,-0.3645
2967111,2967111,1328287617.32496,37.0017495588323,15.2677927999108,15954213.8856023,39.41684,1,-0.3135
2967112,2967112,1328287617.32496,37.001749555927,15.2677928065831,15954213.8859914,39.315575,1,-0.4148
2967113,2967113,1328287617.32506,37.0017431883861,15.2677920299988,15954214.5961278,39.337677,1,-0.3927
2967114,2967114,1328287617.32506,37.001743186772,15.2677920337057,15954214.5961297,39.281414,1,-0.4489
2967115,2967115,1328287617.32506,37.0017431082837,15.2677922139647,15954214.6031678,36.545563,3,-3.1848
2967116,2967116,1328287617.32506,37.0017431894332,15.2677920275938,15954214.5961278,39.374176,1,-0.3562
2967117,2967117,1328287617.32506,37.0017431819372,15.2677920448095,15954214.5965226,39.11289,0,-0.6175
2967118,2967118,1328287617.32506,37.0017431837176,15.2677920407206,15954214.5965207,39.174946,0,-0.5554
2967119,2967119,1328287617.32506,37.0017431861279,15.2677920351849,15954214.5961297,39.258965,1,-0.4714
2967120,2967120,1328287617.32506,37.0017427941127,15.2677929280958,15954214.6320794,25.701584,0,-14.0288
2967121,2967121,1328287617.32506,37.0017431873192,15.2677920324488,15954214.5961297,39.30049,1,-0.4299
2967122,2967122,1328287617.32516,37.0017368223915,15.2677912489601,15954215.3058789,39.426125,1,-0.3042
2967123,2967123,1328287617.32516,37.0017368212662,15.2677912515445,15954215.3062661,39.386898,1,-0.3435
2967124,2967124,1328287617.32516,37.0017368213511,15.2677912513495,15954215.3058808,39.38986,1,-0.3405
2967125,2967125,1328287617.32516,37.0017368168549,15.2677912616756,15954215.3066571,39.233135,1,-0.4972
2967126,2967126,1328287617.32516,37.0017368154811,15.2677912648306,15954215.306659,39.18525,1,-0.5451
2967127,2967127,1328287617.32516,37.0017367373277,15.2677914443205,15954215.3136991,36.46107,3,-3.2693
2967128,2967128,1328287617.32526,37.0017304540316,15.267790472279,15954216.0153602,39.44707,1,-0.2833
2967129,2967129,1328287617.32526,37.0017304508741,15.2677904795306,15954216.0157456,39.337013,1,-0.3933
2967130,2967130,1328287617.32526,37.0017304503893,15.2677904806441,15954216.0157456,39.32011,1,-0.4102
2967131,2967131,1328287617.32526,37.0017303654342,15.2677906757551,15954216.0234557,36.358845,0,-3.3715
2967132,2967132,1328287617.32536,37.0017240007809,15.2677898875277,15954216.7331913,36.552135,3,-3.1782
2967133,2967133,1328287617.32536,37.0017240800164,15.2677897055524,15954216.725863,39.314037,1,-0.4163
2967134,2967134,1328287617.32536,37.0017240834319,15.2677896977083,15954216.7254773,39.43309,1,-0.2973
2967135,2967135,1328287617.32536,37.001724079986,15.2677897056222,15954216.725863,39.31298,1,-0.4174
2967136,2967136,1328287617.32536,37.00172407501,15.2677897170505,15954216.7262489,39.13953,0,-0.5908
2967137,2967137,1328287617.32536,37.0017240723431,15.2677897231753,15954216.7266344,39.04657,0,-0.6838
2967138,2967138,1328287617.32536,37.0017240785822,15.2677897088462,15954216.7262485,39.264046,1,-0.4663
2967139,2967139,1328287617.32546,37.0017177045428,15.2677889458562,15954217.4367517,39.07656,0,-0.6538
2967140,2967140,1328287617.32546,37.0017177131668,15.2677889260498,15954217.4359797,39.37717,1,-0.3532
2967141,2967141,1328287617.32546,37.0017177111738,15.2677889306271,15954217.43598,39.3077,1,-0.4227
2967142,2967142,1328287617.32546,37.0017177105479,15.2677889320644,15954217.4359802,39.285885,1,-0.4445
2967143,2967143,1328287617.32556,37.001711338117,15.267788162173,15954218.1464831,39.200146,1,-0.5302
2967144,2967144,1328287617.32556,37.0017113417284,15.267788153879,15954218.1464824,39.326027,1,-0.4043
2967145,2967145,1328287617.32556,37.0017113423112,15.2677881525406,15954218.1464821,39.34634,1,-0.384
2967146,2967146,1328287617.32556,37.0017112618275,15.2677883373826,15954218.1534327,36.540928,3,-3.1894
2967147,2967147,1328287617.32556,37.0017113411273,15.2677881552595,15954218.1464824,39.305077,1,-0.4253
2967148,2967148,1328287617.32566,37.0017049718576,15.2677873771938,15954218.8565992,39.342163,1,-0.3882
2967149,2967149,1328287617.32566,37.0017048924519,15.2677875595601,15954218.8639387,36.57432,3,-3.156
2967150,2967150,1328287617.32566,37.001704894585,15.2677875546611,15954218.8635529,36.648674,3,-3.0817
2967151,2967151,1328287617.32566,37.0017049710865,15.2677873789647,15954218.8565995,39.315285,1,-0.4151
2967152,2967152,1328287617.32566,37.001704888517,15.2677875685973,15954218.8643252,36.43716,3,-3.2932
2967153,2967153,1328287617.32576,37.0016986812544,15.2677867239366,15954219.5570964,36.169437,0,-3.5609
2967154,2967154,1328287617.32576,37.0016986824681,15.2677867211493,15954219.5570964,36.211742,0,-3.5186
2967155,2967155,1328287617.32576,37.0016987716496,15.267786516329,15954219.5489796,39.320385,1,-0.41
2967156,2967156,1328287617.32576,37.0016987721346,15.2677865152152,15954219.5489796,39.33729,1,-0.3931
2967157,2967157,1328287617.32576,37.0016987601125,15.2677865428259,15954219.5497535,38.918232,0,-0.8121
2967158,2967158,1328287617.32576,37.0016987726887,15.2677865139425,15954219.5489796,39.356606,1,-0.3738
2967159,2967159,1328287617.32586,37.0016923013668,15.2677859486856,15954220.2683719,36.246006,3,-3.4844
2967160,2967160,1328287617.32586,37.0016923896836,15.2677857458515,15954220.2606367,39.324505,1,-0.4059
2967161,2967161,1328287617.32586,37.0016923861151,15.2677857540472,15954220.2606381,39.200115,1,-0.5302
2967162,2967162,1328287617.32586,37.0016923889237,15.2677857475966,15954220.2606372,39.298016,1,-0.4323
2967163,2967163,1328287617.32596,37.0016859242498,15.2677851661409,15954220.9796466,36.43209,3,-3.2983
2967164,2967164,1328287617.32596,37.0016860057841,15.2677849788838,15954220.9722952,39.27417,1,-0.4562
2967165,2967165,1328287617.32596,37.0016860089156,15.2677849716917,15954220.9719089,39.383327,1,-0.347
2967166,2967166,1328287617.32606,37.0016796236976,15.2677842068241,15954221.6839532,39.299927,1,-0.4304
2967167,2967167,1328287617.32606,37.0016796246514,15.2677842046336,15954221.6835674,39.333176,1,-0.3972
2967168,2967168,1328287617.32606,37.0016795358992,15.2677844084675,15954221.691696,36.2395,3,-3.4909
2967169,2967169,1328287617.32606,37.0016796206901,15.2677842137313,15954221.6839541,39.195095,1,-0.5353
2967170,2967170,1328287617.32606,37.001679539075,15.2677844011739,15954221.6913093,36.350197,3,-3.3802
2967171,2967171,1328287617.32616,37.0016732428386,15.2677834310195,15954222.3952249,39.381317,1,-0.349
2967172,2967172,1328287617.32616,37.0016732413329,15.2677834344776,15954222.3956116,39.32883,1,-0.4015
2967173,2967173,1328287617.32616,37.0016732378452,15.2677834424877,15954222.3956131,39.207256,1,-0.5231
2967174,2967174,1328287617.32626,37.0016668579389,15.2677826635723,15954223.1072701,39.33464,1,-0.3957
2967175,2967175,1328287617.32626,37.0016668592517,15.2677826605572,15954223.1068844,39.3804,1,-0.35
2967176,2967176,1328287617.32626,37.0016668579039,15.2677826636525,15954223.1072701,39.333424,1,-0.3969
2967177,2967177,1328287617.32626,37.0016668583717,15.2677826625781,15954223.1072696,39.349728,1,-0.3806
2967178,2967178,1328287617.32626,37.0016667669693,15.2677828724988,15954223.1154088,36.163673,3,-3.5667
2967179,2967179,1328287617.32636,37.0016603885339,15.2677820915841,15954223.8266848,36.321903,3,-3.4085
2967180,2967180,1328287617.32636,37.0016604660516,15.2677819135523,15954223.8197049,39.02397,0,-0.7064
2967181,2967181,1328287617.32636,37.0016604745045,15.2677818941388,15954223.8189305,39.31862,1,-0.4117
2967182,2967182,1328287617.32646,37.0016540844172,15.2677811344682,15954224.5313653,39.14969,0,-0.5807
2967183,2967183,1328287617.32646,37.0016540898912,15.2677811218962,15954224.5305909,39.3405,1,-0.3899
2967184,2967184,1328287617.32646,37.0016540907322,15.2677811199647,15954224.5305899,39.369812,1,-0.3605
2967185,2967185,1328287617.32656,37.0016477068272,15.26778034748,15954225.2426366,39.395847,1,-0.3345
2967186,2967186,1328287617.32656,37.0016477017907,15.2677803590471,15954225.2430257,39.22029,1,-0.5101
2967187,2967187,1328287617.32666,37.0016413157251,15.267779590613,15954225.9550732,39.18357,1,-0.5468
2967188,2967188,1328287617.32666,37.0016413089366,15.2677796062037,15954225.9554633,38.946945,0,-0.7834
2967189,2967189,1328287617.32666,37.0016413216825,15.2677795769308,15954225.9542989,39.39123,1,-0.3391
2967190,2967190,1328287617.32666,37.0016413197458,15.2677795813786,15954225.954686,39.323727,1,-0.4066
2967191,2967191,1328287617.32676,37.0016348381976,15.2677790313263,15954226.6752833,35.97124,3,-3.7591
2967192,2967192,1328287617.32676,37.0016349353192,15.2677788082712,15954226.6663474,39.356647,1,-0.3737
2967193,2967193,1328287617.32676,37.0016349365887,15.2677788053556,15954226.6663464,39.400898,1,-0.3295
2967194,2967194,1328287617.32676,37.00163493476,15.2677788095556,15954226.6663483,39.337154,1,-0.3932
2967195,2967195,1328287617.32676,37.0016348332215,15.2677790402865,15954226.6756705,35.83345,0,-3.8969
2967196,2967196,1328287617.32676,37.0016349396474,15.267778798331,15954226.6659592,39.507515,1,-0.2228
2967197,2967197,1328287617.32676,37.0016349334395,15.2677788125882,15954226.6667346,39.291126,1,-0.4392
2967198,2967198,1328287617.32676,37.0016349386892,15.2677788005316,15954226.6659592,39.474113,1,-0.2562
2967199,2967199,1328287617.32676,37.0016349288016,15.2677788232399,15954226.6671227,39.12946,0,-0.6009
2967200,2967200,1328287617.32676,37.001634935923,15.2677788068846,15954226.6663474,39.377693,1,-0.3527
2967201,2967201,1328287617.32686,37.0016285521054,15.2677780314727,15954227.378395,39.44429,1,-0.2861
2967202,2967202,1328287617.32686,37.0016285511006,15.2677780337803,15954227.3783959,39.409264,1,-0.3211
2967203,2967203,1328287617.32686,37.0016284555342,15.2677782532635,15954227.3869494,36.07807,3,-3.6523
2967204,2967204,1328287617.32686,37.0016285442235,15.2677780495746,15954227.3787869,39.169548,0,-0.5608
2967205,2967205,1328287617.32686,37.0016285480964,15.2677780406798,15954227.3783988,39.304546,1,-0.4258
2967206,2967206,1328287617.32696,37.0016220586594,15.2677775067684,15954228.10017,35.704414,0,-4.0259
2967207,2967207,1328287617.32696,37.0016221646091,15.2677772659069,15954228.0904483,39.361874,1,-0.3685
2967208,2967208,1328287617.32696,37.0016221603348,15.2677772757235,15954228.0908374,39.212883,1,-0.5175
2967209,2967209,1328287617.32696,37.0016221627867,15.2677772700924,15954228.0904492,39.298347,1,-0.432
2967210,2967210,1328287617.32696,37.0016220713594,15.2677774800693,15954228.0990037,36.111435,3,-3.6189
2967211,2967211,1328287617.32696,37.0016221642406,15.2677772667532,15954228.0904483,39.34903,1,-0.3813
2967212,2967212,1328287617.32696,37.0016221613764,15.2677772733313,15954228.0904511,39.249187,1,-0.4812
2967213,2967213,1328287617.32696,37.0016220735566,15.2677774750232,15954228.0986165,36.188023,3,-3.5423
2967214,2967214,1328287617.32696,37.0016221611537,15.2677772738426,15954228.0908364,39.24143,1,-0.4889
2967215,2967215,1328287617.32696,37.0016221638006,15.2677772677638,15954228.0904483,39.33369,1,-0.3967
2967216,2967216,1328287617.32706,37.0016157736545,15.2677765050837,15954228.8028888,39.204403,1,-0.526
2967217,2967217,1328287617.32706,37.0016157781312,15.2677764948022,15954228.8024997,39.36045,1,-0.3699
2967218,2967218,1328287617.32706,37.001615770257,15.2677765128867,15954228.8032779,39.085976,0,-0.6444
2967219,2967219,1328287617.32706,37.0016157677549,15.2677765186331,15954228.8032798,38.998756,0,-0.7316
2967220,2967220,1328287617.32716,37.0016093885154,15.2677757300079,15954229.5149411,39.26191,1,-0.4684
2967221,2967221,1328287617.32716,37.0016093855251,15.2677757368756,15954229.514944,39.157677,0,-0.5727
2967222,2967222,1328287617.32716,37.0016093861291,15.2677757354884,15954229.514943,39.17873,1,-0.5516
2967223,2967223,1328287617.32716,37.0016093907732,15.2677757248226,15954229.5145539,39.34061,1,-0.3897
2967224,2967224,1328287617.32716,37.0016092935331,15.2677759481493,15954229.523508,35.95108,3,-3.7793
2967225,2967225,1328287617.32716,37.0016093866332,15.2677757343307,15954229.514943,39.1963,1,-0.5341
2967226,2967226,1328287617.32716,37.0016093896273,15.2677757274543,15954229.5145549,39.300667,1,-0.4297
2967227,2967227,1328287617.32716,37.0016093878662,15.267775731499,15954229.5149421,39.23928,1,-0.4911
2967228,2967228,1328287617.32716,37.0016093910083,15.2677757242825,15954229.5145539,39.34881,1,-0.3815
2967229,2967229,1328287617.32726,37.0016029121375,15.2677751681845,15954230.2351769,36.084923,3,-3.6454
2967230,2967230,1328287617.32726,37.0016030021782,15.2677749613922,15954230.2269973,39.223503,1,-0.5069
2967231,2967231,1328287617.32726,37.001603002721,15.2677749601456,15954230.2266101,39.242424,1,-0.4879
2967232,2967232,1328287617.32726,37.001602912911,15.2677751664078,15954230.2347907,36.111885,3,-3.6185
2967233,2967233,1328287617.32726,37.0016029161036,15.2677751590756,15954230.2347878,36.22317,3,-3.5072
2967234,2967234,1328287617.32726,37.001602907232,15.2677751794507,15954230.235567,35.91393,3,-3.8164
2967235,2967235,1328287617.32736,37.0015965198052,15.2677744078459,15954230.9476279,35.916027,3,-3.8143
2967236,2967236,1328287617.32736,37.0015966177228,15.2677741829635,15954230.9386643,39.329174,1,-0.4012
2967237,2967237,1328287617.32736,37.0015965207138,15.2677744057593,15954230.947627,35.9477,3,-3.7827
2967238,2967238,1328287617.32736,37.0015966129647,15.2677741938911,15954230.9390544,39.16332,0,-0.567
2967239,2967239,1328287617.32736,37.0015966186913,15.2677741807392,15954230.9386634,39.362934,1,-0.3674
2967240,2967240,1328287617.32736,37.0015966192519,15.2677741794518,15954230.9386634,39.382473,1,-0.3479
2967241,2967241,1328287617.32746,37.0015899829192,15.2677739736733,15954231.673334,30.791794,0,-8.9386
2967242,2967242,1328287617.32746,37.0015902318137,15.267773406987,15954231.6507186,39.396244,1,-0.3341
2967243,2967243,1328287617.32746,37.0015902249803,15.2677734226809,15954231.6514968,39.15805,0,-0.5723
2967244,2967244,1328287617.32746,37.0015902336079,15.2677734028662,15954231.6507186,39.458786,1,-0.2716
2967245,2967245,1328287617.32756,37.0015838354349,15.2677726541726,15954232.363943,39.110374,0,-0.62
2967246,2967246,1328287617.32756,37.0015837382704,15.2677728748569,15954232.372528,35.75915,3,-3.9712
2967247,2967247,1328287617.32756,37.0015838420245,15.2677726390386,15954232.3631648,39.340073,1,-0.3903
2967248,2967248,1328287617.32756,37.0015838408762,15.2677726416759,15954232.3631667,39.300045,1,-0.4303
2967249,2967249,1328287617.32756,37.0015838416294,15.2677726399461,15954232.3631648,39.326298,1,-0.4041
2967250,2967250,1328287617.32756,37.0015838461864,15.2677726294804,15954232.3627757,39.48514,1,-0.2452
2967251,2967251,1328287617.32766,37.0015774573069,15.2677718585634,15954233.07522,39.47262,1,-0.2577
2967252,2967252,1328287617.32766,37.0015774546233,15.2677718647265,15954233.0752238,39.379078,1,-0.3513
2967253,2967253,1328287617.32766,37.0015774546032,15.2677718647727,15954233.0752238,39.378376,1,-0.352
2967254,2967254,1328287617.32766,37.00157745177,15.2677718712796,15954233.0756129,39.279617,1,-0.4507
2967255,2967255,1328287617.32766,37.0015773667129,15.2677720666255,15954233.0834197,36.31476,3,-3.4156
2967256,2967256,1328287617.32776,37.0015710648344,15.2677710950224,15954233.78767,39.34672,1,-0.3836
2967257,2967257,1328287617.32776,37.0015710611136,15.2677711035677,15954233.788061,39.217026,1,-0.5133
2967258,2967258,1328287617.32776,37.0015710575581,15.2677711117333,15954233.788452,39.093094,0,-0.6373
2967259,2967259,1328287617.32776,37.0015710666843,15.2677710907738,15954233.78767,39.411205,1,-0.3192
2967260,2967260,1328287617.32776,37.0015710630521,15.2677710991156,15954233.7880591,39.2846,1,-0.4458
2967261,2967261,1328287617.32786,37.0015646783721,15.2677703168059,15954234.5001162,39.44213,1,-0.2882
2967262,2967262,1328287617.32786,37.0015646746682,15.2677703253123,15954234.50012,39.313026,1,-0.4173
2967263,2967263,1328287617.32796,37.0015582859058,15.2677695515099,15954235.212572,39.339993,1,-0.3904
2967264,2967264,1328287617.32796,37.0015582868635,15.2677695493104,15954235.212572,39.373375,1,-0.357
2967265,2967265,1328287617.32806,37.0015518123057,15.2677689715218,15954235.9317933,36.423767,3,-3.3066
2967266,2967266,1328287617.32806,37.0015518879086,15.2677687978896,15954235.924855,39.059067,0,-0.6713
2967267,2967267,1328287617.32816,37.0015454074762,15.2677682328938,15954236.6457654,35.91394,3,-3.8164
2967268,2967268,1328287617.32816,37.0015454044341,15.267768237412,15954236.6461508,35.84357,3,-3.8868
2967269,2967269,1328287617.32816,37.0015453983575,15.2677682513679,15954236.6465367,35.631756,3,-4.0986
2967270,2967270,1328287617.32816,37.0015454100205,15.2677682270505,15954236.6453798,36.00263,3,-3.7277
2967271,2967271,1328287617.32816,37.001545501892,15.2677680160554,15954236.6372808,39.205,1,-0.5254
2967272,2967272,1328287617.32826,37.0015390120338,15.2677674693817,15954237.3585815,35.778515,3,-3.9518
2967273,2967273,1328287617.32826,37.001539014358,15.2677674640438,15954237.3585812,35.859528,3,-3.8708
2967274,2967274,1328287617.32826,37.0015391136405,15.267767238497,15954237.3493209,39.28456,1,-0.4458
2967275,2967275,1328287617.32836,37.0015326263326,15.2677666898834,15954238.0706261,35.88956,3,-3.8408
2967276,2967276,1328287617.32836,37.0015327256614,15.267766461762,15954238.0617465,39.35187,1,-0.3785
2967277,2967277,1328287617.32836,37.001532632627,15.2677666754274,15954238.0702397,36.108963,3,-3.6214
2967278,2967278,1328287617.32836,37.0015327268547,15.2677664590214,15954238.0617462,39.393467,1,-0.3369
2967279,2967279,1328287617.32836,37.0015327226076,15.2677664687755,15954238.0621322,39.245422,1,-0.4849
2967280,2967280,1328287617.32836,37.0015327287933,15.2677664545693,15954238.0613605,39.461037,1,-0.2693
2967281,2967281,1328287617.32846,37.0015262256945,15.2677659366019,15954238.7842146,35.595848,3,-4.1345
2967282,2967282,1328287617.32846,37.0015263322834,15.2677656942754,15954238.7745584,39.275555,1,-0.4548
2967283,2967283,1328287617.32846,37.0015263273928,15.2677657055073,15954238.7749447,39.105083,0,-0.6253
2967284,2967284,1328287617.32846,37.001526331378,15.2677656963547,15954238.7745584,39.243996,1,-0.4864
2967285,2967285,1328287617.32846,37.0015263335351,15.2677656914007,15954238.7745579,39.319187,1,-0.4112
2967286,2967286,1328287617.32856,37.0015199428202,15.2677649169528,15954239.4869839,39.347004,1,-0.3834
2967287,2967287,1328287617.32856,37.0015198461913,15.2677651388731,15954239.4958726,35.97881,3,-3.7515
2967288,2967288,1328287617.32856,37.0015199376439,15.2677649288407,15954239.4873711,39.166576,0,-0.5638
2967289,2967289,1328287617.32856,37.0015199465734,15.267764908333,15954239.4865977,39.477833,1,-0.2525
2967290,2967290,1328287617.32866,37.0015134566171,15.2677643609643,15954240.2083026,36.05762,3,-3.6727
2967291,2967291,1328287617.32866,37.0015135512683,15.2677641435863,15954240.1997958,39.356876,1,-0.3735
2967292,2967292,1328287617.32866,37.0015135491286,15.2677641485002,15954240.1997963,39.282295,1,-0.4481
2967293,2967293,1328287617.32866,37.0015134490988,15.2677643757626,15954240.2090756,35.831223,3,-3.8991
2967294,2967294,1328287617.32866,37.0015135494838,15.2677641476846,15954240.1997963,39.294674,1,-0.4357
2967295,2967295,1328287617.32866,37.0015134534729,15.2677643681853,15954240.2086888,35.948025,3,-3.7823
2967296,2967296,1328287617.32866,37.0015130661859,15.267765250232,15954240.2438756,22.555403,0,-17.175
2967297,2967297,1328287617.32866,37.0015135516401,15.2677641427324,15954240.1997958,39.36984,1,-0.3605
2967298,2967298,1328287617.32866,37.0015126560481,15.2677661822902,15954240.2809983,8.401997,0,-31.3284
2967299,2967299,1328287617.32876,37.0015071571027,15.2677633753856,15954240.9126083,39.286797,1,-0.4436
2967300,2967300,1328287617.32876,37.001507158901,15.2677633712557,15954240.9122225,39.34948,1,-0.3809
2967301,2967301,1328287617.32886,37.00150076009,15.2677626105886,15954241.6258079,39.161755,0,-0.5686
2967302,2967302,1328287617.32896,37.0014942703907,15.2677620599658,15954242.3471423,35.78621,3,-3.9441
2967303,2967303,1328287617.32896,37.0014943686121,15.2677618368576,15954242.3382355,39.174232,0,-0.5561
2967304,2967304,1328287617.32896,37.0014942752777,15.2677620512105,15954242.3467556,35.920887,3,-3.8095
2967305,2967305,1328287617.32896,37.0014943133899,15.2677619636815,15954242.3432699,37.24936,0,-2.481
2967306,2967306,1328287617.32896,37.001494365454,15.2677618441105,15954242.3386222,39.06415,0,-0.6662
2967307,2967307,1328287617.32896,37.00149427548,15.267762050746,15954242.3467551,35.927937,3,-3.8024
2967308,2967308,1328287617.32896,37.0014943603494,15.2677618558338,15954242.3390099,38.88622,0,-0.8441
2967309,2967309,1328287617.32896,37.0014943710478,15.2677618312637,15954242.3382341,39.259132,1,-0.4712
2967310,2967310,1328287617.32906,37.0014879823052,15.267761048124,15954243.0506607,39.411083,1,-0.3193
2967311,2967311,1328287617.32906,37.0014879794927,15.2677610545834,15954243.0506626,39.313046,1,-0.4173
2967312,2967312,1328287617.32906,37.0014879783638,15.2677610571759,15954243.0510484,39.273697,1,-0.4567
2967313,2967313,1328287617.32906,37.0014879777276,15.267761058637,15954243.0510484,39.251522,1,-0.4788
2967314,2967314,1328287617.32906,37.0014879765435,15.2677610613564,15954243.0510489,39.210247,1,-0.5201
2967315,2967315,1328287617.32906,37.0014879803556,15.2677610526015,15954243.0506617,39.343124,1,-0.3872
2967316,2967316,1328287617.32906,37.0014879800777,15.2677610532397,15954243.0506617,39.33344,1,-0.3969
2967317,2967317,1328287617.32916,37.0014814799762,15.2677605225602,15954243.7735525,35.650276,3,-4.0801
2967318,2967318,1328287617.32916,37.0014815862659,15.2677602809226,15954243.7638622,39.319534,1,-0.4108
2967319,2967319,1328287617.32916,37.0014815852601,15.2677602832326,15954243.7638622,39.284473,1,-0.4459
2967320,2967320,1328287617.32916,37.0014815854173,15.2677602828714,15954243.7638622,39.289955,1,-0.4404
2967321,2967321,1328287617.32926,37.0014751888616,15.2677595160411,15954244.4770638,39.19117,1,-0.5392
2967322,2967322,1328287617.32926,37.0014751945678,15.2677595029361,15954244.4762894,39.39007,1,-0.3403
2967323,2967323,1328287617.32936,37.001468794618,15.26775874309,15954245.1898791,39.183666,1,-0.5467
2967324,2967324,1328287617.32936,37.0014687965117,15.267758738741,15954245.1898791,39.249672,1,-0.4807
2967325,2967325,1328287617.32936,37.0014686963589,15.267758966284,15954245.1988054,35.794334,3,-3.936
2967326,2967326,1328287617.32936,37.0014687971735,15.2677587372212,15954245.1894928,39.27274,1,-0.4576
2967327,2967327,1328287617.32946,37.0014623093064,15.2677581784798,15954245.9112364,36.012432,3,-3.7179
2967328,2967328,1328287617.32946,37.001462405281,15.2677579580646,15954245.9023081,39.35779,1,-0.3726
2967329,2967329,1328287617.32946,37.0014624038497,15.2677579613517,15954245.9023091,39.3079,1,-0.4225
2967330,2967330,1328287617.32946,37.0014623006006,15.2677581960053,15954245.9120127,35.74464,3,-3.9857
2967331,2967331,1328287617.32946,37.001462398363,15.2677579739525,15954245.9030834,39.116653,0,-0.6137
2967332,2967332,1328287617.32946,37.001462401934,15.2677579657514,15954245.9026953,39.241123,1,-0.4892
2967333,2967333,1328287617.32946,37.0014622997424,15.2677581979763,15954245.9120127,35.714725,3,-4.0156
2967334,2967334,1328287617.32956,37.0014560108118,15.2677571840245,15954246.6155096,39.36355,1,-0.3668
2967335,2967335,1328287617.32956,37.0014560163997,15.2677571711912,15954246.6147352,39.558327,1,-0.172
2967336,2967336,1328287617.32956,37.0014560076308,15.2677571913299,15954246.6155125,39.25267,1,-0.4777
2967337,2967337,1328287617.32956,37.0014560091618,15.2677571878138,15954246.6155115,39.306034,1,-0.4243
2967338,2967338,1328287617.32956,37.0014559041939,15.2677574264145,15954246.6252209,35.68287,3,-4.0475
2967339,2967339,1328287617.32956,37.001456010039,15.2677571857993,15954246.6155106,39.336613,1,-0.3937
2967340,2967340,1328287617.32956,37.0014560097871,15.2677571863776,15954246.6155106,39.32783,1,-0.4025
2967341,2967341,1328287617.32966,37.0014496116804,15.2677564198947,15954247.3287169,39.21724,1,-0.5131
2967342,2967342,1328287617.32966,37.0014496117294,15.2677564197821,15954247.3287169,39.21895,1,-0.5114
2967343,2967343,1328287617.32966,37.0014496110907,15.2677564212491,15954247.3287178,39.196682,1,-0.5337
2967344,2967344,1328287617.32966,37.0014496135274,15.2677564156528,15954247.3287159,39.28162,1,-0.4487
2967345,2967345,1328287617.32976,37.0014432195116,15.2677556389825,15954248.041535,39.323986,1,-0.4064
2967346,2967346,1328287617.32976,37.0014431210935,15.2677558650087,15954248.0504795,35.893463,3,-3.8369
2967347,2967347,1328287617.32976,37.0014431238412,15.2677558586983,15954248.0500923,35.98924,3,-3.7411
2967348,2967348,1328287617.32976,37.0014432173761,15.2677556438869,15954248.0419213,39.24955,1,-0.4808
2967349,2967349,1328287617.32976,37.0014431211764,15.2677558648184,15954248.0504795,35.89635,3,-3.834
2967350,2967350,1328287617.32986,37.001436809027,15.2677548993472,15954248.7559086,38.802578,0,-0.9278
2967351,2967351,1328287617.32986,37.001436824645,15.267754863479,15954248.7547394,39.34697,1,-0.3834
2967352,2967352,1328287617.32986,37.0014366861257,15.2677551791324,15954248.7671906,34.55433,0,-5.176
2967353,2967353,1328287617.32986,37.001436825044,15.2677548625629,15954248.7543532,39.360874,1,-0.3695
2967354,2967354,1328287617.32986,37.0014367264084,15.2677550890881,15954248.7636887,35.922775,3,-3.8076
2967355,2967355,1328287617.32986,37.0014368254673,15.2677548615907,15954248.7543532,39.37563,1,-0.3547
2967356,2967356,1328287617.32986,37.0014368177203,15.2677548793823,15954248.7551314,39.105595,0,-0.6248
2967357,2967357,1328287617.32996,37.00143033269,15.2677543101648,15954249.4765116,35.99598,3,-3.7344
2967358,2967358,1328287617.32996,37.0014304193165,15.2677541112197,15954249.4687248,39.015476,0,-0.7149
2967359,2967359,1328287617.32996,37.001430426207,15.2677540953951,15954249.4679476,39.255657,1,-0.4747
2967360,2967360,1328287617.32996,37.0014304281952,15.2677540908289,15954249.4679457,39.32496,1,-0.4054
2967361,2967361,1328287617.32996,37.0014303273106,15.2677543200507,15954249.4769007,35.844135,3,-3.8862
2967362,2967362,1328287617.32996,37.0014303312765,15.2677543134109,15954249.4765125,35.94671,3,-3.7836
2967363,2967363,1328287617.32996,37.0014303270397,15.2677543206729,15954249.4769007,35.834694,3,-3.8957
2967364,2967364,1328287617.32996,37.0014304287869,15.26775408947,15954249.4675604,39.345585,1,-0.3848
2967365,2967365,1328287617.33006,37.0014240305154,15.2677533202261,15954250.1811558,39.270187,1,-0.4602
2967366,2967366,1328287617.33006,37.0014240264171,15.2677533296381,15954250.1815458,39.127335,0,-0.603
2967367,2967367,1328287617.33006,37.0014240332863,15.2677533138626,15954250.1807686,39.366768,1,-0.3636
2967368,2967368,1328287617.33006,37.0014240296257,15.2677533222693,15954250.1811567,39.239174,1,-0.4912
2967369,2967369,1328287617.33006,37.0014240301951,15.2677533209616,15954250.1811567,39.25902,1,-0.4713
2967370,2967370,1328287617.33016,37.0014175368829,15.2677527692134,15954250.9029413,35.880863,3,-3.8495
2967371,2967371,1328287617.33016,37.0014176340117,15.2677525461495,15954250.8943659,39.26643,1,-0.4639
2967372,2967372,1328287617.33026,37.0014110474286,15.2677522053683,15954251.6247336,32.682793,0,-7.0476
2967373,2967373,1328287617.33026,37.0014111251787,15.2677520268094,15954251.6177145,35.392883,3,-4.3375
2967374,2967374,1328287617.33026,37.00141123605,15.2677517746536,15954251.607577,39.22179,1,-0.5086
2967375,2967375,1328287617.33036,37.001404733981,15.2677512390164,15954252.3305384,35.59387,3,-4.1365
2967376,2967376,1328287617.33036,37.0014048363003,15.267751006501,15954252.321179,39.124683,0,-0.6057
2967377,2967377,1328287617.33036,37.0014048369341,15.2677510050455,15954252.3211771,39.146774,0,-0.5836
2967378,2967378,1328287617.33036,37.0014048415288,15.2677509944933,15954252.3207861,39.30693,1,-0.4234
2967379,2967379,1328287617.33036,37.0014048421163,15.2677509931443,15954252.3207861,39.327404,1,-0.403
2967380,2967380,1328287617.33046,37.0013984504183,15.2677502080473,15954253.0332247,39.487488,1,-0.2429
2967381,2967381,1328287617.33046,37.0013984455382,15.2677502192549,15954253.0339991,39.317383,1,-0.413
2967382,2967382,1328287617.33046,37.0013984414093,15.2677502287371,15954253.0340048,39.173466,0,-0.5569
2967383,2967383,1328287617.33046,37.001398445276,15.267750219857,15954253.034001,39.308247,1,-0.4221
2967384,2967384,1328287617.33046,37.0013984449292,15.2677502206536,15954253.034001,39.296154,1,-0.4342
2967385,2967385,1328287617.33056,37.0013920468425,15.2677494517812,15954253.7472178,39.209995,1,-0.5204
2967386,2967386,1328287617.33056,37.0013920480138,15.267749449091,15954253.7472159,39.250824,1,-0.4795
2967387,2967387,1328287617.33056,37.0013920517799,15.2677494404421,15954253.7468268,39.382095,1,-0.3483
2967388,2967388,1328287617.33056,37.0013920496313,15.2677494453765,15954253.7468287,39.307205,1,-0.4232
2967389,2967389,1328287617.33056,37.0013920499629,15.2677494446149,15954253.7468287,39.318764,1,-0.4116
2967390,2967390,1328287617.33056,37.0013920465544,15.2677494524427,15954253.7472178,39.199955,1,-0.5304
2967391,2967391,1328287617.33066,37.0013856509139,15.2677486725958,15954254.4604326,39.2751,1,-0.4553
2967392,2967392,1328287617.33066,37.0013856537738,15.2677486660278,15954254.4600435,39.37479,1,-0.3556
2967393,2967393,1328287617.33066,37.0013855592252,15.2677488831641,15954254.46864,36.07918,3,-3.6512
2967394,2967394,1328287617.33076,37.0013792522277,15.267747899001,15954255.1736513,39.253593,1,-0.4768
2967395,2967395,1328287617.33076,37.001379250834,15.2677479022016,15954255.1740385,39.205013,1,-0.5253
2967396,2967396,1328287617.33076,37.0013791960238,15.2677480280764,15954255.1791216,37.294537,0,-2.4358
2967397,2967397,1328287617.33076,37.001379251393,15.2677479009179,15954255.1740385,39.2245,1,-0.5059
2967398,2967398,1328287617.33086,37.0013728602228,15.2677471091604,15954255.8859823,39.476765,1,-0.2536
2967399,2967399,1328287617.33086,37.0013728601087,15.2677471094226,15954255.8859823,39.472786,1,-0.2576
2967400,2967400,1328287617.33086,37.0013728603457,15.2677471088783,15954255.8859823,39.48105,1,-0.2493
2967401,2967401,1328287617.33086,37.0013728545719,15.267747122138,15954255.8863677,39.279797,1,-0.4506
2967402,2967402,1328287617.33086,37.0013728517484,15.2677471286224,15954255.8867531,39.181377,1,-0.549
2967403,2967403,1328287617.33086,37.0013728564919,15.2677471177287,15954255.8863677,39.346718,1,-0.3836
2967404,2967404,1328287617.33096,37.0013664556433,15.2677463476311,15954256.5999476,39.26857,1,-0.4618
2967405,2967405,1328287617.33096,37.0013664438235,15.2677463747757,15954256.6011044,38.85658,0,-0.8738
2967406,2967406,1328287617.33096,37.0013664594271,15.2677463389414,15954256.599562,39.40046,1,-0.3299
2967407,2967407,1328287617.33096,37.0013663629229,15.2677465605678,15954256.6084315,36.0367,3,-3.6937
2967408,2967408,1328287617.33096,37.0013664566891,15.2677463452293,15954256.5999475,39.305023,1,-0.4253
2967409,2967409,1328287617.33106,37.0013600576491,15.2677455702515,15954257.3131417,39.29915,1,-0.4312
2967410,2967410,1328287617.33106,37.0013600576308,15.2677455702935,15954257.3131417,39.29851,1,-0.4318
2967411,2967411,1328287617.33106,37.0013600604954,15.2677455637148,15954257.3131415,39.39836,1,-0.332
2967412,2967412,1328287617.33116,37.0013536585383,15.2677447947152,15954258.0267217,39.29995,1,-0.4304
2967413,2967413,1328287617.33116,37.0013536500755,15.2677448141502,15954258.0274937,39.00497,0,-0.7254
2967414,2967414,1328287617.33116,37.0013536614003,15.2677447881425,15954258.0263357,39.399708,1,-0.3307
2967415,2967415,1328287617.33116,37.001353662849,15.2677447848155,15954258.0263357,39.450203,1,-0.2802
2967416,2967416,1328287617.33116,37.0013536610163,15.2677447890244,15954258.0267213,39.386322,1,-0.344
2967417,2967417,1328287617.33126,37.0013472602995,15.2677440164604,15954258.7403012,39.340195,1,-0.3902
2967418,2967418,1328287617.33126,37.0013472564855,15.2677440252195,15954258.7406874,39.207253,1,-0.5231
2967419,2967419,1328287617.33126,37.0013471638898,15.2677442378688,15954258.7487989,35.979744,3,-3.7506
2967420,2967420,1328287617.33126,37.0013471221056,15.2677443313595,15954258.752661,34.55898,0,-5.1714
2967421,2967421,1328287617.33136,37.0013407575867,15.2677434749551,15954259.4631558,35.78353,3,-3.9468
2967422,2967422,1328287617.33136,37.0013407260058,15.2677435474816,15954259.4658614,34.68275,0,-5.0476
2967423,2967423,1328287617.33136,37.0013408595139,15.2677432433442,15954259.4538813,39.30063,1,-0.4297
2967424,2967424,1328287617.33136,37.0013408581534,15.2677432464687,15954259.4538818,39.25321,1,-0.4771
2967425,2967425,1328287617.33136,37.0013408581395,15.2677432465006,15954259.4538818,39.252724,1,-0.4776
2967426,2967426,1328287617.33136,37.0013408601478,15.2677432418886,15954259.4538813,39.322723,1,-0.4076
2967427,2967427,1328287617.33136,37.0013408617397,15.2677432382325,15954259.4534955,39.378212,1,-0.3521
2967428,2967428,1328287617.33146,37.0013344618669,15.2677424623152,15954260.1670752,39.37933,1,-0.351
2967429,2967429,1328287617.33146,37.0013344593373,15.2677424681245,15954260.1674614,39.29116,1,-0.4392
2967430,2967430,1328287617.33146,37.0013344648102,15.2677424555559,15954260.1670747,39.481922,1,-0.2484
2967431,2967431,1328287617.33156,37.0013280615419,15.267741686737,15954260.8810411,39.373463,1,-0.3569
2967432,2967432,1328287617.33156,37.0013280592064,15.2677416921005,15954260.881042,39.292057,1,-0.4383
2967433,2967433,1328287617.33156,37.0013279465874,15.2677419482646,15954260.8914857,35.402298,3,-4.3281
2967434,2967434,1328287617.33166,37.0013216627862,15.2677409068611,15954261.5942355,39.430977,1,-0.2994
2967435,2967435,1328287617.33166,37.0013216593759,15.2677409146929,15954261.5946222,39.312107,1,-0.4183
2967436,2967436,1328287617.33166,37.0013216613587,15.2677409101394,15954261.5946217,39.381218,1,-0.3491
2967437,2967437,1328287617.33166,37.0013215620799,15.2677411381349,15954261.6035242,35.920784,3,-3.8096
2967438,2967438,1328287617.33166,37.0013215605329,15.2677411416878,15954261.6035247,35.866863,3,-3.8635
2967439,2967439,1328287617.33166,37.0013216619318,15.2677409088232,15954261.5946212,39.401196,1,-0.3292
2967440,2967440,1328287617.33166,37.0013216586363,15.2677409163914,15954261.5946226,39.286327,1,-0.444
2967441,2967441,1328287617.33166,37.001321658271,15.2677409172304,15954261.5950079,39.273594,1,-0.4568
2967442,2967442,1328287617.33176,37.0013152576499,15.26774014095,15954262.3085885,39.27468,1,-0.4557
2967443,2967443,1328287617.33176,37.0013152629318,15.2677401288202,15954262.3082013,39.458782,1,-0.2716
2967444,2967444,1328287617.33186,37.001308857701,15.2677393647496,15954263.0221706,39.274445,1,-0.4559
2967445,2967445,1328287617.33186,37.0013088620001,15.2677393548769,15954263.0217829,39.424286,1,-0.3061
2967446,2967446,1328287617.33186,37.0013088587761,15.2677393622806,15954263.0221701,39.311916,1,-0.4184
2967447,2967447,1328287617.33196,37.0013023612965,15.2677388070773,15954263.7446676,35.953835,3,-3.7765
2967448,2967448,1328287617.33196,37.0013024576405,15.2677385858227,15954263.7357526,39.31196,1,-0.4184
2967449,2967449,1328287617.33196,37.001302456466,15.26773858852,15954263.7357536,39.271023,1,-0.4593
2967450,2967450,1328287617.33196,37.001302454344,15.267738593393,15954263.7361389,39.19706,1,-0.5333
2967451,2967451,1328287617.33206,37.0012959540533,15.2677380415055,15954264.4586425,35.784973,3,-3.9454
2967452,2967452,1328287617.33206,37.0012959570666,15.2677380370537,15954264.4586425,35.85434,3,-3.876
2967453,2967453,1328287617.33206,37.0012958191927,15.267738348745,15954264.4710536,31.120008,0,-8.6104
2967454,2967454,1328287617.33206,37.0012960499027,15.2677378238556,15954264.45011,39.090187,0,-0.6402
2967455,2967455,1328287617.33206,37.0012960498871,15.2677378238913,15954264.45011,39.089645,0,-0.6407
2967456,2967456,1328287617.33216,37.0012896582023,15.2677370220865,15954265.1629157,39.46887,1,-0.2615
2967457,2967457,1328287617.33216,37.0012896523879,15.2677370354392,15954265.1636901,39.266205,1,-0.4642
2967458,2967458,1328287617.33216,37.0012896058994,15.2677371422001,15954265.1675735,37.645824,0,-2.0845
2967459,2967459,1328287617.33216,37.0012896481373,15.2677370452008,15954265.1640783,39.11805,0,-0.6123
2967460,2967460,1328287617.33216,37.0012896560549,15.2677370270181,15954265.163302,39.39402,1,-0.3363
2967461,2967461,1328287617.33216,37.0012895697606,15.2677372251927,15954265.1710639,36.386192,0,-3.3442
2967462,2967462,1328287617.33226,37.0012832532497,15.2677362523979,15954265.8772722,39.360508,1,-0.3699
2967463,2967463,1328287617.33226,37.0012832505147,15.2677362586788,15954265.8772731,39.265175,1,-0.4652
2967464,2967464,1328287617.33226,37.0012832540521,15.2677362505551,15954265.8768859,39.388474,1,-0.3419
2967465,2967465,1328287617.33226,37.001283250124,15.2677362595761,15954265.8772741,39.251556,1,-0.4788
2967466,2967466,1328287617.33226,37.0012831562235,15.2677364752178,15954265.8858161,35.97862,3,-3.7517
2967467,2967467,1328287617.33226,37.0012832497846,15.2677362603554,15954265.8772741,39.23973,1,-0.4906
2967468,2967468,1328287617.33226,37.0012832455766,15.267736270019,15954265.8776632,39.09306,0,-0.6373
2967469,2967469,1328287617.33236,37.0012767679506,15.2677356665702,15954266.5986247,36.459656,0,-3.2707
2967470,2967470,1328287617.33236,37.0012768465948,15.2677354859647,15954266.5912462,39.20083,1,-0.5295
2967471,2967471,1328287617.33236,37.0012768508843,15.2677354761139,15954266.5908571,39.35034,1,-0.38
2967472,2967472,1328287617.33236,37.0012767464901,15.2677357133859,15954266.6005664,35.747307,3,-3.9831
2967473,2967473,1328287617.33236,37.001276848234,15.2677354822003,15954266.5912443,39.257965,1,-0.4724
2967474,2967474,1328287617.33236,37.0012768501079,15.267735477897,15954266.5908571,39.32328,1,-0.4071
2967475,2967475,1328287617.33246,37.0012704429867,15.2677347141934,15954267.3052182,39.12202,0,-0.6083
2967476,2967476,1328287617.33246,37.0012703586043,15.2677349079762,15954267.3129907,36.180847,3,-3.5495
2967477,2967477,1328287617.33246,37.0012704478399,15.267734703048,15954267.3048292,39.29118,1,-0.4392
2967478,2967478,1328287617.33246,37.0012704496103,15.2677346989824,15954267.3048272,39.35289,1,-0.3775
2967479,2967479,1328287617.33246,37.001270352843,15.267734921207,15954267.3133807,35.980034,3,-3.7503
2967480,2967480,1328287617.33246,37.0012703427148,15.267734941998,15954267.3145433,35.662678,3,-4.0677
2967481,2967481,1328287617.33246,37.001270345311,15.2677349360358,15954267.314157,35.75317,3,-3.9772
2967482,2967482,1328287617.33246,37.0012704402212,15.2677347205443,15954267.3056054,39.02563,0,-0.7047
2967483,2967483,1328287617.33256,37.0012639387291,15.2677341681445,15954268.0285211,35.611794,3,-4.1186
2967484,2967484,1328287617.33256,37.0012639309816,15.2677341859366,15954268.0292983,35.34175,3,-4.3886
2967485,2967485,1328287617.33256,37.0012639462433,15.2677341533566,15954268.0277458,35.838036,3,-3.8923
2967486,2967486,1328287617.33256,37.0012639346337,15.2677341775496,15954268.0289102,35.469048,3,-4.2613
2967487,2967487,1328287617.33256,37.0012640470537,15.2677339218477,15954268.0187993,39.351807,1,-0.3786
2967488,2967488,1328287617.33256,37.0012640472893,15.2677339213066,15954268.0184141,39.36002,1,-0.3703
2967489,2967489,1328287617.33256,37.0012640453936,15.2677339256601,15954268.0188012,39.293945,1,-0.4364
2967490,2967490,1328287617.33256,37.001264044745,15.2677339271496,15954268.0188012,39.271336,1,-0.459
2967491,2967491,1328287617.33266,37.0012576410321,15.2677331520342,15954268.7327752,39.237686,1,-0.4927
2967492,2967492,1328287617.33266,37.0012576429737,15.2677331475753,15954268.7327733,39.30536,1,-0.425
2967493,2967493,1328287617.33276,37.0012512423037,15.2677323648416,15954269.4463592,39.385403,1,-0.345
2967494,2967494,1328287617.33276,37.0012511351101,15.2677326085404,15954269.4560905,35.68482,3,-4.0455
2967495,2967495,1328287617.33286,37.0012448326523,15.2677316021095,15954270.1611104,39.15993,0,-0.5704
2967496,2967496,1328287617.33286,37.0012448365985,15.2677315930471,15954270.1607213,39.297478,1,-0.4329
2967497,2967497,1328287617.33286,37.0012448383076,15.2677315891223,15954270.1603341,39.357048,1,-0.3733
2967498,2967498,1328287617.33286,37.0012448395058,15.2677315863706,15954270.1603332,39.39881,1,-0.3315
2967499,2967499,1328287617.33286,37.0012448399438,15.2677315853649,15954270.1603332,39.414074,1,-0.3163
2967500,2967500,1328287617.33286,37.0012448379069,15.2677315900426,15954270.1603351,39.34308,1,-0.3873
2967501,2967501,1328287617.33286,37.0012448415769,15.2677315816144,15954270.1603322,39.471,1,-0.2594
2967502,2967502,1328287617.33296,37.0012383290577,15.2677310520275,15954270.8840509,35.703175,3,-4.0272
2967503,2967503,1328287617.33296,37.0012384357509,15.2677308094792,15954270.87431,39.3863,1,-0.3441
2967504,2967504,1328287617.33296,37.0012384362679,15.267730808292,15954270.87431,39.40432,1,-0.326
2967505,2967505,1328287617.33296,37.0012383316441,15.2677310460879,15954270.8836637,35.793324,3,-3.937
2967506,2967506,1328287617.33296,37.0012383252089,15.2677310608661,15954270.88444,35.569023,3,-4.1613
2967507,2967507,1328287617.33296,37.0012384233488,15.2677308379599,15954270.8754783,38.954025,0,-0.7763
2967508,2967508,1328287617.33296,37.0012384385862,15.2677308029681,15954270.8743072,39.485123,1,-0.2452
2967509,2967509,1328287617.33306,37.0012319070142,15.2677303165223,15954271.5995937,35.060562,0,-4.6698
2967510,2967510,1328287617.33306,37.0012320302755,15.2677300359265,15954271.5886741,39.321163,1,-0.4092
2967511,2967511,1328287617.33306,37.0012320130905,15.2677300753912,15954271.5902343,38.72218,0,-1.0082
2967512,2967512,1328287617.33306,37.001231928094,15.2677302681135,15954271.5980296,35.795296,3,-3.9351
2967513,2967513,1328287617.33306,37.001232028088,15.26773004095,15954271.588676,39.244915,1,-0.4854
2967514,2967514,1328287617.33306,37.0012320281747,15.2677300407511,15954271.588676,39.247936,1,-0.4824
2967515,2967515,1328287617.33316,37.0012256260979,15.2677292587878,15954272.3026538,39.308495,1,-0.4219
2967516,2967516,1328287617.33316,37.0012255204346,15.26772949897,15954272.3124042,35.661278,3,-4.0691
2967517,2967517,1328287617.33316,37.0012256263224,15.2677292582722,15954272.3026519,39.316322,1,-0.414
2967518,2967518,1328287617.33316,37.0012256301284,15.2677292495318,15954272.3022628,39.44898,1,-0.2814
2967519,2967519,1328287617.33316,37.0012255356173,15.2677294665718,15954272.3108459,36.154808,3,-3.5756
2967520,2967520,1328287617.33316,37.0012256223357,15.2677292674274,15954272.3030429,39.177364,0,-0.553
2967521,2967521,1328287617.33326,37.0012191235315,15.2677287069933,15954273.0256114,35.873653,3,-3.8567
2967522,2967522,1328287617.33326,37.001219221371,15.2677284823103,15954273.0166335,39.28383,1,-0.4465
2967523,2967523,1328287617.33326,37.0012192225987,15.2677284794909,15954273.0166316,39.326622,1,-0.4037
2967524,2967524,1328287617.33326,37.0012192247581,15.2677284745321,15954273.0166297,39.401886,1,-0.3285
2967525,2967525,1328287617.33326,37.001219107668,15.2677287409547,15954273.0271697,35.3564,3,-4.374
2967526,2967526,1328287617.33326,37.0012191108614,15.2677287336213,15954273.0267806,35.4677,3,-4.2627
2967527,2967527,1328287617.33336,37.0012128179494,15.2677277022419,15954273.7306152,39.3117,1,-0.4187
2967528,2967528,1328287617.33336,37.0012128136135,15.267727712199,15954273.7310043,39.160572,0,-0.5698
2967529,2967529,1328287617.33346,37.001206412804,15.2677269255443,15954274.444984,39.28643,1,-0.4439
2967530,2967530,1328287617.33346,37.0012064145469,15.2677269215419,15954274.4449802,39.34718,1,-0.3832
2967531,2967531,1328287617.33356,37.0011999043661,15.2677263830012,15954275.1687351,35.703445,3,-4.0269
2967532,2967532,1328287617.33356,37.0011999228708,15.2677263429745,15954275.1667877,36.31276,3,-3.4176
2967533,2967533,1328287617.33356,37.0012000128684,15.2677261363015,15954275.1585765,39.44959,1,-0.2808
2967534,2967534,1328287617.33366,37.001193600798,15.2677253741939,15954275.8725398,39.198814,1,-0.5315
2967535,2967535,1328287617.33366,37.0011936070318,15.2677253598786,15954275.8721543,39.41609,1,-0.3143
2967536,2967536,1328287617.33366,37.0011936048165,15.2677253649658,15954275.8725397,39.338875,1,-0.3915
2967537,2967537,1328287617.33376,37.0011871989186,15.267724588271,15954276.5865017,39.30761,1,-0.4227
2967538,2967538,1328287617.33376,37.001187199088,15.2677245878821,15954276.5865017,39.31351,1,-0.4168
2967539,2967539,1328287617.33376,37.0011872026836,15.267724579625,15954276.5861161,39.438835,1,-0.2915
2967540,2967540,1328287617.33376,37.0011871976587,15.2677245911644,15954276.586887,39.263695,1,-0.4667
2967541,2967541,1328287617.33376,37.001187197937,15.2677245905252,15954276.586887,39.273396,1,-0.457
2967542,2967542,1328287617.33386,37.0011806794315,15.267724074009,15954277.3112659,35.29293,3,-4.4374
2967543,2967543,1328287617.33386,37.0011807950715,15.26772381092,15954277.3008488,39.28783,1,-0.4425
2967544,2967544,1328287617.33386,37.0011807893449,15.2677238240707,15954277.3012348,39.08823,0,-0.6421
2967545,2967545,1328287617.33386,37.0011806662425,15.2677241042963,15954277.3124233,34.833237,0,-4.8971
2967546,2967546,1328287617.33386,37.0011806795385,15.2677240737633,15954277.3112659,35.296658,3,-4.4337
2967547,2967547,1328287617.33386,37.0011807864867,15.2677238306342,15954277.3016205,38.988613,0,-0.7417
2967548,2967548,1328287617.33386,37.0011807971317,15.267723806189,15954277.3004633,39.35964,1,-0.3707
2967549,2967549,1328287617.33386,37.0011807967184,15.267723807138,15954277.3004633,39.345234,1,-0.3851
2967550,2967550,1328287617.33386,37.0011807960337,15.2677238087105,15954277.3004633,39.321365,1,-0.409
2967551,2967551,1328287617.33396,37.0011743921597,15.2677230285575,15954278.0148102,39.340355,1,-0.39
2967552,2967552,1328287617.33396,37.0011743937647,15.2677230248717,15954278.0144247,39.396297,1,-0.3341
2967553,2967553,1328287617.33396,37.001174389851,15.2677230338592,15954278.0148104,39.259888,1,-0.4705
2967554,2967554,1328287617.33396,37.0011743856445,15.267723043519,15954278.0151967,39.113274,0,-0.6171
2967555,2967555,1328287617.33396,37.001174390392,15.2677230326168,15954278.0148104,39.278744,1,-0.4516
2967556,2967556,1328287617.33396,37.0011743935156,15.2677230254436,15954278.0144247,39.38762,1,-0.3427
2967557,2967557,1328287617.33406,37.0011679901841,15.2677222411873,15954278.7283856,39.465122,1,-0.2652
2967558,2967558,1328287617.33406,37.0011679890538,15.2677222437829,15954278.7287711,39.425724,1,-0.3046
2967559,2967559,1328287617.33406,37.0011678834498,15.2677224838237,15954278.7384263,35.78064,3,-3.9497
2967560,2967560,1328287617.33406,37.0011679900605,15.2677222414712,15954278.7287708,39.46081,1,-0.2695
2967561,2967561,1328287617.33416,37.0011614817628,15.2677216977149,15954279.4520067,35.886047,3,-3.8443
2967562,2967562,1328287617.33416,37.0011615096611,15.2677216336493,15954279.4496873,36.85842,0,-2.8719
2967563,2967563,1328287617.33416,37.0011615826671,15.2677214659989,15954279.443118,39.402985,1,-0.3274
2967564,2967564,1328287617.33416,37.0011614755306,15.2677217095584,15954279.4527784,35.70449,3,-4.0259
2967565,2967565,1328287617.33426,37.0011551751073,15.2677206903717,15954280.1574656,39.345493,1,-0.3849
2967566,2967566,1328287617.33436,37.0011487695473,15.2677199096215,15954280.8718124,39.363743,1,-0.3666
2967567,2967567,1328287617.33436,37.0011487655175,15.2677199188754,15954280.8721992,39.22329,1,-0.5071
2967568,2967568,1328287617.33436,37.0011487701802,15.2677199081679,15954280.8718124,39.385807,1,-0.3446
2967569,2967569,1328287617.33436,37.0011487630061,15.2677199246425,15954280.8722001,39.135757,0,-0.5946
2967570,2967570,1328287617.33436,37.0011487630887,15.2677199244528,15954280.8722001,39.138638,0,-0.5917
2967571,2967571,1328287617.33436,37.0011487670183,15.267719915429,15954280.8718129,39.2756,1,-0.4548
2967572,2967572,1328287617.33436,37.0011487677775,15.2677199136855,15954280.8718129,39.30206,1,-0.4283
2967573,2967573,1328287617.33446,37.0011422622182,15.267719359739,15954281.5950619,35.87414,3,-3.8562
2967574,2967574,1328287617.33446,37.0011423601355,15.2677191348839,15954281.5861603,39.286953,1,-0.4434
2967575,2967575,1328287617.33446,37.0011423625415,15.2677191293587,15954281.5861593,39.37081,1,-0.3595
2967576,2967576,1328287617.33446,37.0011423624713,15.2677191295199,15954281.5861593,39.368366,1,-0.362
2967577,2967577,1328287617.33456,37.0011359564847,15.2677183510158,15954282.3005077,39.350243,1,-0.3801
2967578,2967578,1328287617.33456,37.0011359597781,15.2677183434529,15954282.3001209,39.46503,1,-0.2653
2967579,2967579,1328287617.33456,37.0011359575449,15.2677183485811,15954282.3005072,39.387196,1,-0.3432
2967580,2967580,1328287617.33456,37.0011359537909,15.2677183572017,15954282.3005086,39.256355,1,-0.474
2967581,2967581,1328287617.33456,37.0011359554521,15.2677183533871,15954282.3005081,39.31425,1,-0.4161
2967582,2967582,1328287617.33466,37.0011295484689,15.2677175743519,15954283.014856,39.3004,1,-0.43
2967583,2967583,1328287617.33466,37.0011295437487,15.2677175851912,15954283.0152432,39.135883,0,-0.5945
2967584,2967584,1328287617.33466,37.0011295417161,15.2677175898588,15954283.0156299,39.065037,0,-0.6653
2967585,2967585,1328287617.33466,37.0011295486672,15.2677175738966,15954283.014855,39.30731,1,-0.423
2967586,2967586,1328287617.33466,37.0011295489895,15.2677175731565,15954283.014855,39.318542,1,-0.4118
2967587,2967587,1328287617.33466,37.0011294431098,15.2677178138271,15954283.0245401,35.663887,3,-4.0665
2967588,2967588,1328287617.33476,37.0011231449628,15.2677167868274,15954283.7292019,39.413364,1,-0.317
2967589,2967589,1328287617.33476,37.0011231439502,15.2677167891528,15954283.7292029,39.37807,1,-0.3523
2967590,2967590,1328287617.33476,37.0011230398275,15.267717025788,15954283.7385059,35.784664,3,-3.9457
2967591,2967591,1328287617.33476,37.0011231423703,15.2677167927808,15954283.7292029,39.323006,1,-0.4074
2967592,2967592,1328287617.33476,37.0011231437605,15.2677167895884,15954283.7292029,39.37146,1,-0.3589
2967593,2967593,1328287617.33476,37.0011231413449,15.2677167951354,15954283.7292038,39.287266,1,-0.4431
2967594,2967594,1328287617.33476,37.0011231411633,15.2677167955525,15954283.7292038,39.280937,1,-0.4494
2967595,2967595,1328287617.33486,37.0011167347293,15.2677160142532,15954284.4435536,39.297386,1,-0.433
2967596,2967596,1328287617.33486,37.0011166281206,15.2677162565967,15954284.4532477,35.617336,3,-4.113
2967597,2967597,1328287617.33486,37.0011164590982,15.2677166422644,15954284.4687611,29.761942,0,-9.9684
2967598,2967598,1328287617.33486,37.0011167362018,15.2677160108718,15954284.4435516,39.348705,1,-0.3817
2967599,2967599,1328287617.33486,37.0011167342824,15.2677160152795,15954284.4439388,39.281807,1,-0.4486
2967600,2967600,1328287617.33486,37.0011166223446,15.2677162698605,15954284.454022,35.41602,3,-4.3143
2967601,2967601,1328287617.33486,37.0011167299014,15.2677160253398,15954284.444326,39.129112,0,-0.6012
2967602,2967602,1328287617.33486,37.0011167342331,15.2677160153927,15954284.4439388,39.28009,1,-0.4503
2967603,2967603,1328287617.33486,37.0011167336621,15.2677160167038,15954284.4439388,39.26019,1,-0.4702
2967604,2967604,1328287617.33496,37.0011102169175,15.2677154857569,15954285.1683756,35.472992,3,-4.2574
2967605,2967605,1328287617.33506,37.0011039216311,15.2677144507153,15954285.8726364,39.338425,1,-0.3919
2967606,2967606,1328287617.33506,37.0011039118312,15.2677144732193,15954285.8734137,38.99686,0,-0.7335
2967607,2967607,1328287617.33506,37.0011039236727,15.2677144460269,15954285.8722492,39.409584,1,-0.3208
2967608,2967608,1328287617.33506,37.0011039217746,15.2677144503857,15954285.8726364,39.343426,1,-0.3869
2967609,2967609,1328287617.33506,37.0011039179785,15.2677144591028,15954285.8726383,39.21112,1,-0.5192
2967610,2967610,1328287617.33506,37.0011038118655,15.2677147003069,15954285.8823439,35.54836,3,-4.182
2967611,2967611,1328287617.33506,37.0011039231322,15.2677144472682,15954285.8722502,39.390743,1,-0.3396
2967612,2967612,1328287617.33516,37.0010975138198,15.2677136711239,15954286.5869871,39.32283,1,-0.4075
2967613,2967613,1328287617.33516,37.0010975129946,15.2677136730186,15954286.5869881,39.29407,1,-0.4363
2967614,2967614,1328287617.33516,37.0010975156241,15.2677136669805,15954286.5869852,39.38572,1,-0.3446
2967615,2967615,1328287617.33516,37.0010975115467,15.2677136763436,15954286.5873743,39.243607,1,-0.4868
2967616,2967616,1328287617.33526,37.0010911064957,15.2677128899417,15954287.3013378,39.32934,1,-0.401
2967617,2967617,1328287617.33526,37.0010911088631,15.2677128845055,15954287.3013359,39.41185,1,-0.3185
2967618,2967618,1328287617.33526,37.0010909983717,15.2677131357625,15954287.3114401,35.596508,3,-4.1339
2967619,2967619,1328287617.33526,37.0010911045463,15.2677128944183,15954287.301725,39.261395,1,-0.469
2967620,2967620,1328287617.33536,37.0010846973962,15.2677121123715,15954288.0160767,39.27898,1,-0.4514
2967621,2967621,1328287617.33536,37.001084699083,15.2677121084981,15954288.0160757,39.337772,1,-0.3926
2967622,2967622,1328287617.33536,37.001084590914,15.2677123544215,15954288.0257975,35.60338,3,-4.127
2967623,2967623,1328287617.33536,37.0010845891655,15.2677123584367,15954288.0257984,35.542435,3,-4.1879
2967624,2967624,1328287617.33546,37.0010781866294,15.2677115653355,15954288.7397658,35.725754,3,-4.0046
2967625,2967625,1328287617.33556,37.0010717768479,15.2677107884204,15954289.4545122,35.661354,3,-4.069
2967626,2967626,1328287617.33556,37.0010718850393,15.2677105424469,15954289.44478,39.39651,1,-0.3338
2967627,2967627,1328287617.33556,37.0010718840242,15.2677105447777,15954289.44478,39.361134,1,-0.3692
2967628,2967628,1328287617.33556,37.0010718875144,15.2677105367631,15954289.4443918,39.48278,1,-0.2476
2967629,2967629,1328287617.33556,37.0010718812537,15.2677105511398,15954289.4451691,39.264572,1,-0.4658
2967630,2967630,1328287617.33556,37.0010718825242,15.2677105482222,15954289.4451681,39.308853,1,-0.4215
2967631,2967631,1328287617.33556,37.0010717700227,15.2677108040931,15954289.4552895,35.423477,3,-4.3069
2967632,2967632,1328287617.33566,37.0010653652304,15.267710015276,15954290.1696449,35.53767,3,-4.1927
2967633,2967633,1328287617.33566,37.0010654752537,15.2677097650967,15954290.1595226,39.336666,1,-0.3937
2967634,2967634,1328287617.33566,37.0010653665403,15.2677100122683,15954290.1692587,35.583324,3,-4.147
2967635,2967635,1328287617.33566,37.0010654748368,15.2677097660539,15954290.1595226,39.32214,1,-0.4082
2967636,2967636,1328287617.33576,37.0010589537224,15.2677092414419,15954290.8843952,35.422405,3,-4.308
2967637,2967637,1328287617.33576,37.0010590714197,15.2677089736413,15954290.8734871,39.488857,1,-0.2415
2967638,2967638,1328287617.33576,37.0010590638101,15.2677089911152,15954290.8742663,39.22364,1,-0.5067
2967639,2967639,1328287617.33576,37.0010589576989,15.2677092323106,15954290.8840052,35.561,3,-4.1694
2967640,2967640,1328287617.33576,37.0010590676153,15.2677089823773,15954290.8738762,39.356262,1,-0.3741
2967641,2967641,1328287617.33576,37.0010590701471,15.2677089765635,15954290.8738733,39.444504,1,-0.2859
2967642,2967642,1328287617.33586,37.0010526615562,15.2677081956,15954291.5882307,39.4354,1,-0.295
2967643,2967643,1328287617.33586,37.0010526587796,15.2677082019758,15954291.5886198,39.338627,1,-0.3917
2967644,2967644,1328287617.33586,37.0010526600526,15.2677081990527,15954291.5886198,39.38299,1,-0.3474
2967645,2967645,1328287617.33596,37.0010461536784,15.2677076422029,15954292.3119455,35.97025,3,-3.7601
2967646,2967646,1328287617.33596,37.0010462508074,15.2677074191666,15954292.3033625,39.35548,1,-0.3749
2967647,2967647,1328287617.33606,37.0010397488779,15.2677068540011,15954293.0263086,36.068665,3,-3.6617
2967648,2967648,1328287617.33606,37.0010398404647,15.2677066436917,15954293.018109,39.260727,1,-0.4696
2967649,2967649,1328287617.33606,37.0010398386919,15.2677066477627,15954293.0181128,39.198936,1,-0.5314
2967650,2967650,1328287617.33606,37.0010398421594,15.2677066398002,15954293.0177237,39.319794,1,-0.4106
2967651,2967651,1328287617.33606,37.0010398437625,15.267706636119,15954293.0177199,39.375668,1,-0.3547
2967652,2967652,1328287617.33606,37.0010398452874,15.2677066326173,15954293.0173346,39.428814,1,-0.3015
2967653,2967653,1328287617.33616,37.0010334325418,15.2677058599396,15954293.7324701,39.287785,1,-0.4426
2967654,2967654,1328287617.33616,37.0010334327562,15.2677058594475,15954293.7324701,39.295254,1,-0.4351
2967655,2967655,1328287617.33616,37.001033328302,15.2677060968353,15954293.7418409,35.690395,3,-4.04
2967656,2967656,1328287617.33616,37.0010333649945,15.267706015047,15954293.7387148,36.93357,0,-2.7968
2967657,2967657,1328287617.33616,37.0010334373622,15.2677058488707,15954293.7320791,39.455788,1,-0.2746
2967658,2967658,1328287617.33616,37.0010333376429,15.2677060778541,15954293.7410589,35.98029,3,-3.7501
2967659,2967659,1328287617.33626,37.0010269216277,15.267705309811,15954294.4565912,35.765064,3,-3.9653
2967660,2967660,1328287617.33626,37.0010269543029,15.2677052372478,15954294.4534689,36.86822,0,-2.8621
2967661,2967661,1328287617.33626,37.0010270250889,15.2677050747039,15954294.4468294,39.335304,1,-0.3951
2967662,2967662,1328287617.33636,37.0010205178168,15.2677045182818,15954295.1705671,35.90785,3,-3.8225
2967663,2967663,1328287617.33636,37.001020617262,15.2677042899292,15954295.1615759,39.373775,1,-0.3566
2967664,2967664,1328287617.33636,37.0010205970134,15.2677043364254,15954295.163529,38.668056,0,-1.0623
2967665,2967665,1328287617.33636,37.0010205208442,15.2677045113301,15954295.17018,36.01336,3,-3.717
2967666,2967666,1328287617.33636,37.0010206144894,15.2677042962957,15954295.161965,39.27714,1,-0.4532
2967667,2967667,1328287617.33646,37.0010141056491,15.2677037406191,15954295.8849144,35.83445,3,-3.8959
2967668,2967668,1328287617.33646,37.0010142081697,15.2677035052051,15954295.8752794,39.40756,1,-0.3228
2967669,2967669,1328287617.33646,37.0010142116963,15.2677034971072,15954295.8752794,39.530468,1,-0.1999
2967670,2967670,1328287617.33646,37.0010142090758,15.2677035031244,15954295.8752794,39.43914,1,-0.2912
2967671,2967671,1328287617.33646,37.0010142089291,15.2677035034613,15954295.8752794,39.434025,1,-0.2963
2967672,2967672,1328287617.33646,37.0010142076048,15.2677035065022,15954295.8756647,39.38787,1,-0.3425
2967673,2967673,1328287617.33666,37.0010013870331,15.2677019486276,15954297.30512,39.27911,1,-0.4512
2967674,2967674,1328287617.33666,37.0010013876069,15.26770194731,15954297.30512,39.299107,1,-0.4313
2967675,2967675,1328287617.33666,37.001001299989,15.2677021485021,15954297.3128364,36.245415,3,-3.4849
2967676,2967676,1328287617.33666,37.001001392325,15.2677019364761,15954297.3043488,39.463547,1,-0.2668
2967677,2967677,1328287617.33676,37.0009948924935,15.2677013614431,15954298.0275673,36.310345,3,-3.42
2967678,2967678,1328287617.33676,37.0009949802506,15.2677011599317,15954298.0194613,39.368885,1,-0.3615
2967679,2967679,1328287617.33686,37.000988570879,15.2677003768176,15954298.7341882,39.371883,1,-0.3585
2967680,2967680,1328287617.33686,37.0009885720333,15.2677003741671,15954298.7341879,39.412113,1,-0.3182
2967681,2967681,1328287617.33696,37.0009821593141,15.2676995983829,15954299.4489156,39.30181,1,-0.4285
2967682,2967682,1328287617.33706,37.0009756668333,15.2676990053992,15954300.1713737,36.414913,3,-3.3154
2967683,2967683,1328287617.33706,37.0009757524499,15.2676988088048,15954300.1636413,39.398827,1,-0.3315
2967684,2967684,1328287617.33706,37.0009757553777,15.2676988020819,15954300.1632551,39.50087,1,-0.2295
2967685,2967685,1328287617.33706,37.0009756674816,15.2676990039107,15954300.1713732,36.437504,3,-3.2929
2967686,2967686,1328287617.33716,37.0009693405967,15.2676980349591,15954300.8783692,39.258553,1,-0.4718
2967687,2967687,1328287617.33716,37.0009692663652,15.2676982054107,15954300.8853315,36.671432,3,-3.0589
2967688,2967688,1328287617.33716,37.0009692490428,15.2676982451865,15954300.8868788,36.067715,3,-3.6626
2967689,2967689,1328287617.33716,37.0009693301526,15.2676980589411,15954300.8795293,38.894554,0,-0.8358
2967690,2967690,1328287617.33726,37.0009628387172,15.2676974628771,15954301.6016101,36.050312,3,-3.68
2967691,2967691,1328287617.33726,37.0009629323709,15.2676972478287,15954301.5930956,39.314327,1,-0.416
2967692,2967692,1328287617.33726,37.000962928968,15.2676972556424,15954301.5934824,39.195732,1,-0.5346
2967693,2967693,1328287617.33726,37.0009628337654,15.2676974742475,15954301.6019977,35.877735,3,-3.8526
2967694,2967694,1328287617.33736,37.0009565195567,15.2676964709049,15954302.3082093,39.213142,1,-0.5172
2967695,2967695,1328287617.33736,37.0009565187651,15.2676964727227,15954302.3082098,39.185555,1,-0.5448
2967696,2967696,1328287617.33736,37.0009565245609,15.2676964594143,15954302.3078221,39.38755,1,-0.3428
2967697,2967697,1328287617.33736,37.0009565234405,15.267696461987,15954302.3078226,39.3485,1,-0.3819
2967698,2967698,1328287617.33736,37.0009564978688,15.2676965207048,15954302.3101457,38.45728,0,-1.2731
2967699,2967699,1328287617.33736,37.0009565218951,15.2676964655355,15954302.307823,39.294643,1,-0.4357
2967700,2967700,1328287617.33736,37.0009558984766,15.2676978846904,15954302.3647421,17.745707,0,-21.9847
2967701,2967701,1328287617.33746,37.0009501172148,15.2676956719225,15954303.0221623,39.446503,1,-0.2839
2967702,2967702,1328287617.33746,37.0009500196208,15.2676958960174,15954303.031073,36.045174,3,-3.6852
2967703,2967703,1328287617.33756,37.0009437060557,15.267694890561,15954303.7368907,39.4086,1,-0.3218
2967704,2967704,1328287617.33756,37.0009436195563,15.2676950891798,15954303.7450284,36.393948,3,-3.3364
2967705,2967705,1328287617.33756,37.0009437020932,15.2676948996596,15954303.7372779,39.2705,1,-0.4599
2967706,2967706,1328287617.33756,37.0009437018854,15.2676949001367,15954303.7372779,39.263256,1,-0.4671
2967707,2967707,1328287617.33756,37.000943703471,15.267694896496,15954303.7372769,39.318516,1,-0.4118
2967708,2967708,1328287617.33766,37.0009372927606,15.2676941114857,15954304.4520043,39.332188,1,-0.3982
2967709,2967709,1328287617.33766,37.0009372084964,15.2676943049716,15954304.4597605,36.395443,3,-3.3349
2967710,2967710,1328287617.33766,37.0009372899492,15.2676941179411,15954304.4523915,39.234207,1,-0.4962
2967711,2967711,1328287617.33766,37.0009372890307,15.2676941200502,15954304.4523915,39.202194,1,-0.5282
2967712,2967712,1328287617.33776,37.0009308880545,15.2676933146969,15954305.1663436,39.524376,1,-0.206
2967713,2967713,1328287617.33776,37.0009308017096,15.26769351296,15954305.1744898,36.51512,3,-3.2152
2967714,2967714,1328287617.33776,37.0009308856746,15.2676933201617,15954305.1667307,39.441433,1,-0.2889
2967715,2967715,1328287617.33776,37.0009307933618,15.267693532128,15954305.1748808,36.22419,3,-3.5062
2967716,2967716,1328287617.33776,37.0009308817072,15.2676933292716,15954305.1671189,39.30316,1,-0.4272
2967717,2967717,1328287617.33786,37.0009243904939,15.2676927308235,15954305.8892239,36.482887,3,-3.2475
2967718,2967718,1328287617.33786,37.0009244744685,15.2676925380039,15954305.8814601,39.409523,1,-0.3208
2967719,2967719,1328287617.33786,37.0009244728366,15.2676925417508,15954305.8818463,39.352654,1,-0.3777
2967720,2967720,1328287617.33796,37.000917977941,15.2676919514701,15954306.6043433,36.406387,3,-3.324
2967721,2967721,1328287617.33796,37.0009180606057,15.2676917616587,15954306.5965756,39.28737,1,-0.443
2967722,2967722,1328287617.33796,37.0009180632922,15.26769175549,15954306.5965747,39.380997,1,-0.3494
2967723,2967723,1328287617.33796,37.0009180628958,15.2676917564001,15954306.5965747,39.367184,1,-0.3632
2967724,2967724,1328287617.33796,37.0009179789622,15.2676919491253,15954306.603957,36.44198,3,-3.2884
2967725,2967725,1328287617.33806,37.0009116536724,15.2676909714318,15954307.311304,39.375664,1,-0.3547
2967726,2967726,1328287617.33806,37.0009115723778,15.2676911580968,15954307.3186883,36.54244,3,-3.1879
2967727,2967727,1328287617.33806,37.000911648661,15.2676909829389,15954307.311694,39.201008,1,-0.5294
2967728,2967728,1328287617.33806,37.0009116455969,15.2676909899745,15954307.3120803,39.09422,0,-0.6361
2967729,2967729,1328287617.33816,37.0009051608452,15.2676903758464,15954308.0334233,36.505875,3,-3.2245
2967730,2967730,1328287617.33816,37.0009052287571,15.2676902199106,15954308.0272025,38.87269,0,-0.8577
2967731,2967731,1328287617.33816,37.0009051590061,15.2676903800694,15954308.0338105,36.44178,3,-3.2886
2967732,2967732,1328287617.33816,37.0009052399484,15.2676901942137,15954308.0264233,39.262722,1,-0.4676
2967733,2967733,1328287617.33816,37.0009051545781,15.2676903902367,15954308.0341996,36.28746,3,-3.4429
2967734,2967734,1328287617.33816,37.0009052412412,15.2676901912453,15954308.0264214,39.307777,1,-0.4226
2967735,2967735,1328287617.33826,37.0008988312156,15.2676894052687,15954308.7411526,39.32576,1,-0.4046
2967736,2967736,1328287617.33826,37.0008988303608,15.2676894072314,15954308.7411536,39.29597,1,-0.4344
2967737,2967737,1328287617.33826,37.0008988218373,15.2676894268026,15954308.7419308,38.998917,0,-0.7314
2967738,2967738,1328287617.33836,37.0008924188164,15.2676886244825,15954309.4558838,39.26296,1,-0.4674
2967739,2967739,1328287617.33846,37.0008860145063,15.2676878248698,15954310.1702269,39.483902,1,-0.2465
2967740,2967740,1328287617.33846,37.0008860128717,15.267687828623,15954310.1706141,39.426937,1,-0.3034
2967741,2967741,1328287617.33846,37.0008860102172,15.267687834718,15954310.170616,39.334423,1,-0.3959
2967742,2967742,1328287617.33846,37.0008860021953,15.2676878531374,15954310.1713942,39.05485,0,-0.6755
2967743,2967743,1328287617.33846,37.0008860137766,15.2676878265453,15954310.1702279,39.45847,1,-0.2719
2967744,2967744,1328287617.33856,37.0008795955084,15.2676870587364,15954310.8861245,39.194695,1,-0.5357
2967745,2967745,1328287617.33856,37.0008793938909,15.2676875192069,15954310.9044388,32.203804,0,-7.5266
2967746,2967746,1328287617.33856,37.0008795923461,15.2676870659976,15954310.8861273,39.084484,0,-0.6459
2967747,2967747,1328287617.33856,37.0008795210208,15.2676872297691,15954310.8927506,36.598732,3,-3.1316
2967748,2967748,1328287617.33856,37.0008795962088,15.2676870571282,15954310.8857392,39.219105,1,-0.5113
2967749,2967749,1328287617.33856,37.0008795129684,15.2676872482583,15954310.8935298,36.3181,3,-3.4123
2967750,2967750,1328287617.33856,37.0008795873805,15.2676870773991,15954310.8865183,38.91143,0,-0.8189
2967751,2967751,1328287617.33856,37.0008795955057,15.2676870587428,15954310.8861245,39.1946,1,-0.5358
2967752,2967752,1328287617.33856,37.0008795282923,15.2676872130727,15954310.8919724,36.85215,3,-2.8782
2967753,2967753,1328287617.33866,37.0008731754042,15.2676862949045,15954311.6016387,38.868565,0,-0.8618
2967754,2967754,1328287617.33866,37.000873111554,15.267686441512,15954311.6074866,36.64333,3,-3.087
2967755,2967755,1328287617.33866,37.0008731929903,15.2676862545248,15954311.6000804,39.481453,1,-0.2489
2967756,2967756,1328287617.33866,37.0008731120028,15.2676864404814,15954311.6074866,36.65897,3,-3.0714
2967757,2967757,1328287617.33866,37.0008731931861,15.2676862540753,15954311.6000804,39.488277,1,-0.2421
2967758,2967758,1328287617.33866,37.0008731897341,15.2676862620014,15954311.6004675,39.367973,1,-0.3624
2967759,2967759,1328287617.33866,37.0008731895588,15.2676862624039,15954311.6004675,39.361866,1,-0.3685
2967760,2967760,1328287617.33866,37.000873186702,15.2676862689634,15954311.6008566,39.262302,1,-0.4681
2967761,2967761,1328287617.33866,37.0008731095985,15.267686446002,15954311.6074885,36.575176,3,-3.1552
2967762,2967762,1328287617.33876,37.0008667757139,15.2676854839682,15954312.3155936,39.255405,1,-0.475
2967763,2967763,1328287617.33876,37.0008667774257,15.2676854800378,15954312.3155898,39.315063,1,-0.4153
2967764,2967764,1328287617.33876,37.0008667788247,15.2676854768255,15954312.3152045,39.36382,1,-0.3665
2967765,2967765,1328287617.33886,37.0008603704237,15.2676846856652,15954313.0299357,39.448517,1,-0.2818
2967766,2967766,1328287617.33896,37.0008539549529,15.2676839105199,15954313.7450656,39.28816,1,-0.4422
2967767,2967767,1328287617.33896,37.0008538895785,15.2676840606256,15954313.7513083,37.009823,3,-2.7205
2967768,2967768,1328287617.33896,37.0008538800907,15.2676840824105,15954313.7520922,36.679165,3,-3.0512
2967769,2967769,1328287617.33896,37.0008539543676,15.2676839118639,15954313.7454508,39.267757,1,-0.4626
2967770,2967770,1328287617.33906,37.000847547552,15.2676831166346,15954314.4598006,39.41027,1,-0.3201
2967771,2967771,1328287617.33906,37.0008474533745,15.2676833328743,15954314.4683951,36.12814,3,-3.6022
2967772,2967772,1328287617.33906,37.0008475445152,15.2676831236075,15954314.4601878,39.304436,1,-0.4259
2967773,2967773,1328287617.33906,37.0008475344251,15.2676831467752,15954314.4609717,38.95279,0,-0.7776
2967774,2967774,1328287617.33906,37.0008474719765,15.2676832901625,15954314.4668292,36.77643,3,-2.9539
2967775,2967775,1328287617.33916,37.0008411334746,15.2676823378753,15954315.1749285,39.30084,1,-0.4295
2967776,2967776,1328287617.33916,37.0008411369875,15.2676823298093,15954315.1745394,39.423264,1,-0.3071
2967777,2967777,1328287617.33916,37.0008411344191,15.2676823357066,15954315.1749285,39.333755,1,-0.3966
2967778,2967778,1328287617.33926,37.0008346522818,15.267681712873,15954315.895359,36.855602,3,-2.8748
2967779,2967779,1328287617.33926,37.0008346430351,15.2676817341041,15954315.8965151,36.53335,3,-3.197
2967780,2967780,1328287617.33926,37.0008345195164,15.2676820152441,15954315.9076914,32.264347,0,-7.466
2967781,2967781,1328287617.33926,37.0008346428812,15.2676817344574,15954315.8965151,36.52799,3,-3.2024
2967782,2967782,1328287617.33936,37.0008303137595,15.267676207598,15954316.4219415,108.51205,0,68.7817
2967783,2967783,1328287617.33936,37.0008282393178,15.2676809311695,15954316.6104688,36.786945,3,-2.9434
2967784,2967784,1328287617.33936,37.0008283095128,15.2676807699973,15954316.6042992,39.233257,1,-0.4971
2967785,2967785,1328287617.33936,37.0008283189852,15.2676807482481,15954316.6035279,39.563374,1,-0.167
2967786,2967786,1328287617.33936,37.0008283122943,15.2676807636109,15954316.6039137,39.330193,1,-0.4002
2967787,2967787,1328287617.33936,37.000828313051,15.2676807618734,15954316.6039136,39.356564,1,-0.3738
2967788,2967788,1328287617.33946,37.0008218955994,15.2676799902913,15954317.3194055,39.132343,0,-0.598
2967789,2967789,1328287617.33946,37.0008218990591,15.2676799823477,15954317.3190197,39.252914,1,-0.4774
2967790,2967790,1328287617.33956,37.0008154201849,15.2676793539297,15954318.0403011,36.855553,3,-2.8748
2967791,2967791,1328287617.33956,37.0008154862084,15.2676792023365,15954318.0341256,39.15648,0,-0.5739
2967792,2967792,1328287617.33956,37.0008154145521,15.2676793668629,15954318.0406874,36.65925,3,-3.0711
2967793,2967793,1328287617.33956,37.0008154175136,15.2676793600632,15954318.0403018,36.76246,3,-2.9679
2967794,2967794,1328287617.33956,37.0008154891404,15.2676791956042,15954318.0337401,39.25866,1,-0.4717
2967795,2967795,1328287617.33956,37.0008154913925,15.2676791904333,15954318.0337396,39.337147,1,-0.3932
2967796,2967796,1328287617.33956,37.0008154784583,15.2676792201309,15954318.0348976,38.886387,0,-0.844
2967797,2967797,1328287617.33966,37.00080907685,15.2676784095162,15954318.7488451,39.248974,1,-0.4814
2967798,2967798,1328287617.33966,37.0008090104901,15.2676785618814,15954318.755024,36.93633,3,-2.794
2967799,2967799,1328287617.33966,37.0008090061695,15.2676785718019,15954318.7554102,36.785755,3,-2.9446
2967800,2967800,1328287617.33966,37.0008090056246,15.2676785730529,15954318.7554102,36.766766,3,-2.9636
2967801,2967801,1328287617.33976,37.0008026717845,15.2676776089879,15954319.4631779,39.458324,1,-0.272
2967802,2967802,1328287617.33976,37.0008026683429,15.2676776168899,15954319.4635639,39.338387,1,-0.392
2967803,2967803,1328287617.33976,37.0008025995673,15.2676777748013,15954319.4697469,36.94156,3,-2.7888
2967804,2967804,1328287617.33976,37.0008026626843,15.2676776298823,15954319.4639509,39.141182,0,-0.5892
2967805,2967805,1328287617.33986,37.0007961807037,15.2676770057981,15954320.1856273,36.670498,3,-3.0599
2967806,2967806,1328287617.33986,37.0007962463649,15.2676768550382,15954320.1794422,38.95878,0,-0.7716
2967807,2967807,1328287617.33986,37.0007961878846,15.2676769893106,15954320.1848548,36.92075,3,-2.8096
2967808,2967808,1328287617.33986,37.000796183644,15.2676769990472,15954320.185241,36.772964,3,-2.9574
2967809,2967809,1328287617.33986,37.0007962594197,15.2676768250639,15954320.1782825,39.41374,1,-0.3166
2967810,2967810,1328287617.33996,37.0007897758603,15.2676762044561,15954320.8999627,36.888382,3,-2.842
2967811,2967811,1328287617.33996,37.0007898453474,15.267676044912,15954320.8933881,39.309994,1,-0.4204
2967812,2967812,1328287617.34006,37.0007833688511,15.2676754079455,15954321.6142981,37.031036,3,-2.6993
2967813,2967813,1328287617.34006,37.0007833267721,15.2676755020919,15954321.6181677,35.600258,0,-4.1301
2967814,2967814,1328287617.34006,37.0007833676879,15.2676754106161,15954321.6146839,36.9905,3,-2.7399
2967815,2967815,1328287617.34006,37.000783434479,15.2676752572628,15954321.6084922,39.31815,1,-0.4122
2967816,2967816,1328287617.34006,37.0007834384186,15.2676752482174,15954321.6081055,39.455444,1,-0.2749
2967817,2967817,1328287617.34016,37.0007769512161,15.2676746380082,15954322.3297947,36.77025,3,-2.9601
2967818,2967818,1328287617.34016,37.0007770302873,15.26767445646,15954322.3228243,39.52585,1,-0.2045
2967819,2967819,1328287617.34016,37.0007769521898,15.2676746357726,15954322.3297942,36.804184,3,-2.9262
2967820,2967820,1328287617.34016,37.0007770161348,15.2676744889542,15954322.3239863,39.032642,0,-0.6977
2967821,2967821,1328287617.34026,37.0007706114763,15.2676736867851,15954323.0383165,39.257423,1,-0.4729
2967822,2967822,1328287617.34026,37.0007706153387,15.267673677917,15954323.0379298,39.392025,1,-0.3383
2967823,2967823,1328287617.34026,37.0007706105986,15.2676736888003,15954323.038317,39.226833,1,-0.5035
2967824,2967824,1328287617.34026,37.0007705476661,15.2676738332935,15954323.0441277,37.033665,3,-2.6967
2967825,2967825,1328287617.34026,37.0007706106509,15.2676736886802,15954323.038317,39.228657,1,-0.5017
2967826,2967826,1328287617.34036,37.0007641311799,15.26767305816,15954323.7596247,36.846222,3,-2.8841
2967827,2967827,1328287617.34046,37.0007577846201,15.2676721223623,15954324.468529,39.09554,0,-0.6348
2967828,2967828,1328287617.34046,37.0007577234661,15.2676722627712,15954324.4743445,36.96436,3,-2.766
2967829,2967829,1328287617.34046,37.0007577891742,15.2676721119061,15954324.4681409,39.254246,1,-0.4761
2967830,2967830,1328287617.34046,37.0007577868301,15.2676721172882,15954324.4685281,39.172554,0,-0.5578
2967831,2967831,1328287617.34056,37.0007513779227,15.2676713291552,15954325.1832478,39.182274,1,-0.5481
2967832,2967832,1328287617.34056,37.0007513128372,15.2676714785905,15954325.1890681,36.91409,3,-2.8163
2967833,2967833,1328287617.34066,37.0007449663207,15.2676705424878,15954325.8979686,39.16435,0,-0.566
2967834,2967834,1328287617.34066,37.0007449704047,15.2676705331111,15954325.8975804,39.306675,1,-0.4237
2967835,2967835,1328287617.34066,37.0007449700931,15.2676705338266,15954325.8979667,39.295815,1,-0.4345
2967836,2967836,1328287617.34076,37.0007385556369,15.2676697536194,15954326.6130746,39.178,1,-0.5524
2967837,2967837,1328287617.34076,37.0007385590291,15.267669745831,15954326.6126874,39.296215,1,-0.4341
2967838,2967838,1328287617.34076,37.000738479786,15.2676699277704,15954326.620065,36.534668,3,-3.1957
2967839,2967839,1328287617.34076,37.0007385467727,15.2676697739712,15954326.6138509,38.869095,0,-0.8613
2967840,2967840,1328287617.34086,37.0007321493175,15.2676689546443,15954327.3274062,39.34324,1,-0.3871
2967841,2967841,1328287617.34086,37.0007320927204,15.2676690845889,15954327.332845,37.370884,3,-2.3595
2967842,2967842,1328287617.34086,37.0007321474436,15.2676689589466,15954327.3277934,39.277935,1,-0.4524
2967843,2967843,1328287617.34096,37.0007257374381,15.2676681706663,15954328.0425141,39.280815,1,-0.4495
2967844,2967844,1328287617.34106,37.0007193297576,15.267667372354,15954328.7572329,39.430603,1,-0.2998
2967845,2967845,1328287617.34106,37.0007193230337,15.2676673877916,15954328.7576239,39.196285,1,-0.5341
2967846,2967846,1328287617.34116,37.0007129161376,15.2676665899235,15954329.4723437,39.339325,1,-0.391
2967847,2967847,1328287617.34116,37.0007129186122,15.2676665842421,15954329.4719546,39.42556,1,-0.3048
2967848,2967848,1328287617.34116,37.0007129118675,15.2676665997276,15954329.4727319,39.190514,1,-0.5398
2967849,2967849,1328287617.34116,37.0007129091662,15.2676666059295,15954329.47312,39.09638,0,-0.634
2967850,2967850,1328287617.34116,37.0007129154452,15.2676665915134,15954329.4723437,39.315193,1,-0.4152
2967851,2967851,1328287617.34116,37.0007128537669,15.2676667331229,15954329.4781792,37.16578,3,-2.5646
2967852,2967852,1328287617.34126,37.0007064198519,15.2676659972296,15954330.194855,36.36636,0,-3.364
2967853,2967853,1328287617.34126,37.0007065045758,15.2676658027092,15954330.1874516,39.318882,1,-0.4115
2967854,2967854,1328287617.34126,37.0007065037836,15.267665804528,15954330.1874526,39.291275,1,-0.4391
2967855,2967855,1328287617.34126,37.0007064389545,15.2676659533712,15954330.1932948,37.032063,3,-2.6983
2967856,2967856,1328287617.34126,37.0007064381755,15.2676659551598,15954330.1932957,37.004913,3,-2.7254
2967857,2967857,1328287617.34126,37.0007065050229,15.2676658016826,15954330.1874516,39.33446,1,-0.3959
2967858,2967858,1328287617.34126,37.0007064393851,15.2676659523825,15954330.1932938,37.04707,3,-2.6833
2967859,2967859,1328287617.34126,37.0007064914008,15.267665832958,15954330.1886208,38.85975,0,-0.8706
2967860,2967860,1328287617.34136,37.0007000917246,15.2676650184032,15954330.9025634,39.25253,1,-0.4778
2967861,2967861,1328287617.34136,37.0007000240338,15.2676651738162,15954330.9084113,36.893597,3,-2.8368
2967862,2967862,1328287617.34136,37.0007000301544,15.2676651597638,15954330.9080203,37.10689,3,-2.6235
2967863,2967863,1328287617.34136,37.0007000643035,15.2676650813601,15954330.9049027,38.29694,0,-1.4334
2967864,2967864,1328287617.34136,37.0007000891361,15.2676650243463,15954330.9025653,39.162323,0,-0.568
2967865,2967865,1328287617.34136,37.0007000289967,15.2676651624218,15954330.9080212,37.066547,3,-2.6638
2967866,2967866,1328287617.34136,37.0007000934466,15.2676650144497,15954330.9021762,39.31254,1,-0.4178
2967867,2967867,1328287617.34146,37.0006936860199,15.2676642176445,15954331.6168969,39.43415,1,-0.2962
2967868,2967868,1328287617.34146,37.0006936045098,15.2676644047849,15954331.6243031,36.593643,0,-3.1367
2967869,2967869,1328287617.34146,37.0006936835375,15.2676642233439,15954331.6168988,39.347645,1,-0.3827
2967870,2967870,1328287617.34146,37.0006936818694,15.2676642271735,15954331.617286,39.289516,1,-0.4408
2967871,2967871,1328287617.34146,37.0006936823415,15.2676642260898,15954331.6172841,39.305965,1,-0.4244
2967872,2967872,1328287617.34146,37.0006936078993,15.2676643970029,15954331.6239159,36.71176,0,-3.0186
2967873,2967873,1328287617.34156,37.0006872703742,15.2676634419819,15954332.3320134,39.234898,1,-0.4955
2967874,2967874,1328287617.34156,37.0006872083043,15.2676635844888,15954332.3378632,37.071857,3,-2.6585
2967875,2967875,1328287617.34156,37.0006872668797,15.267663450005,15954332.3324025,39.11312,0,-0.6172
2967876,2967876,1328287617.34156,37.0006872633326,15.2676634581487,15954332.3327916,38.98951,0,-0.7408
2967877,2967877,1328287617.34156,37.0006872687764,15.2676634456503,15954332.3324006,39.17922,1,-0.5511
2967878,2967878,1328287617.34156,37.0006872051354,15.2676635917644,15954332.3382504,36.961426,3,-2.7689
2967879,2967879,1328287617.34156,37.0006872708381,15.2676634409167,15954332.3320134,39.251064,1,-0.4793
2967880,2967880,1328287617.34156,37.0006872110249,15.2676635782426,15954332.3374741,37.166664,3,-2.5637
2967881,2967881,1328287617.34166,37.0006808645386,15.267662641454,15954333.0467332,39.40955,1,-0.3208
2967882,2967882,1328287617.34166,37.0006808548464,15.2676626637064,15954333.0475171,39.071793,0,-0.6586
2967883,2967883,1328287617.34166,37.0006808633529,15.2676626441762,15954333.0467351,39.36823,1,-0.3621
2967884,2967884,1328287617.34166,37.0006807937637,15.2676628039462,15954333.0529797,36.94316,3,-2.7872
2967885,2967885,1328287617.34166,37.0006808005745,15.2676627883095,15954333.0525868,37.180504,3,-2.5499
2967886,2967886,1328287617.34166,37.0006808618264,15.267662647681,15954333.046737,39.315033,1,-0.4153
2967887,2967887,1328287617.34166,37.0006808616698,15.2676626480405,15954333.046737,39.309578,1,-0.4208
2967888,2967888,1328287617.34176,37.0006743895965,15.2676619995627,15954333.7673199,37.174614,3,-2.5557
2967889,2967889,1328287617.34176,37.0006743937513,15.2676619900239,15954333.7669289,37.3194,3,-2.411
2967890,2967890,1328287617.34176,37.000674441046,15.2676618814401,15954333.7626317,38.967545,0,-0.7628
2967891,2967891,1328287617.34186,37.0006680405696,15.2676610685653,15954334.476579,39.326183,1,-0.4042
2967892,2967892,1328287617.34186,37.0006679760096,15.2676612167881,15954334.4824384,37.076378,3,-2.654
2967893,2967893,1328287617.34186,37.0006680425513,15.2676610640156,15954334.4765752,39.39524,1,-0.3351
2967894,2967894,1328287617.34186,37.0006680378068,15.2676610749084,15954334.4769662,39.229904,1,-0.5005
2967895,2967895,1328287617.34196,37.0006615660179,15.2676604257478,15954335.1975568,37.10191,3,-2.6284
2967896,2967896,1328287617.34196,37.0006616301794,15.2676602784406,15954335.1916936,39.337822,1,-0.3925
2967897,2967897,1328287617.34196,37.0006616275052,15.2676602845802,15954335.1916974,39.24463,1,-0.4857
2967898,2967898,1328287617.34196,37.0006616330913,15.2676602717552,15954335.1913045,39.439293,1,-0.2911
2967899,2967899,1328287617.34196,37.0006616214283,15.267660298532,15954335.1924756,39.03286,0,-0.6975
2967900,2967900,1328287617.34206,37.0006552190163,15.2676594876222,15954335.9058029,39.356445,1,-0.3739
2967901,2967901,1328287617.34206,37.0006552087489,15.2676595111947,15954335.9065736,38.99865,0,-0.7317
2967902,2967902,1328287617.34206,37.0006552196959,15.2676594860617,15954335.9058029,39.38013,1,-0.3502
2967903,2967903,1328287617.34216,37.0006488089988,15.2676586989501,15954336.6205152,39.34448,1,-0.3859
2967904,2967904,1328287617.34216,37.0006487462341,15.2676588430495,15954336.6262988,37.157253,3,-2.5731
2967905,2967905,1328287617.34216,37.0006488080039,15.2676587012343,15954336.6205153,39.309807,1,-0.4206
2967906,2967906,1328287617.34226,37.0006423997818,15.2676579061383,15954337.3352269,39.39191,1,-0.3384
2967907,2967907,1328287617.34226,37.0006423308008,15.2676580645091,15954337.3417847,36.988068,3,-2.7423
2967908,2967908,1328287617.34236,37.0006359352292,15.2676572403848,15954338.0549556,37.50914,3,-2.2212
2967909,2967909,1328287617.34236,37.0006359833853,15.2676571298254,15954338.0507096,39.187275,1,-0.5431
2967910,2967910,1328287617.34236,37.0006359870252,15.2676571214687,15954338.0503236,39.31412,1,-0.4162
2967911,2967911,1328287617.34246,37.0006295740577,15.2676563373054,15954338.7654201,39.22702,1,-0.5033
2967912,2967912,1328287617.34246,37.0006295139821,15.2676564752298,15954338.7708267,37.13352,3,-2.5968
2967913,2967913,1328287617.34246,37.0006295768788,15.2676563308287,15954338.7654196,39.32533,1,-0.405
2967914,2967914,1328287617.34246,37.0006295778349,15.2676563286335,15954338.7650341,39.358646,1,-0.3717
2967915,2967915,1328287617.34246,37.0006295758568,15.2676563331749,15954338.7654198,39.289715,1,-0.4406
2967916,2967916,1328287617.34256,37.0006231635322,15.2676555475647,15954339.4805161,39.222973,1,-0.5074
2967917,2967917,1328287617.34256,37.0006231668256,15.2676555400035,15954339.4801298,39.337738,1,-0.3926
2967918,2967918,1328287617.34256,37.0006231074929,15.2676556762219,15954339.4855393,37.27013,3,-2.4602
2967919,2967919,1328287617.34256,37.0006231723416,15.2676555273396,15954339.4797434,39.52996,1,-0.2004
2967920,2967920,1328287617.34256,37.0006231063806,15.2676556787754,15954339.4855393,37.231373,3,-2.499
2967921,2967921,1328287617.34266,37.0006167001341,15.2676548792457,15954340.200251,37.374313,3,-2.356
2967922,2967922,1328287617.34266,37.0006167557306,15.2676547516055,15954340.1952251,39.311718,1,-0.4186
2967923,2967923,1328287617.34276,37.0006103036743,15.2676540572898,15954340.913803,37.85607,0,-1.8743
2967924,2967924,1328287617.34276,37.0006102866237,15.2676540964349,15954340.9153498,37.2619,3,-2.4685
2967925,2967925,1328287617.34276,37.0006103396346,15.2676539747313,15954340.910323,39.1092,0,-0.6212
2967926,2967926,1328287617.34276,37.0006103415616,15.2676539703072,15954340.9103221,39.17635,0,-0.554
2967927,2967927,1328287617.34276,37.0006103479889,15.2676539555512,15954340.9095491,39.400326,1,-0.33
2967928,2967928,1328287617.34276,37.0006102850911,15.2676540999535,15954340.9153503,37.208496,3,-2.5219
2967929,2967929,1328287617.34286,37.0006038808391,15.2676532959357,15954341.6296757,37.416416,3,-2.3139
2967930,2967930,1328287617.34286,37.0006038804893,15.2676532967389,15954341.6296757,37.404224,3,-2.3261
2967931,2967931,1328287617.34296,37.0005975172129,15.2676523987043,15954342.3405141,39.037647,0,-0.6927
2967932,2967932,1328287617.34296,37.0005974766392,15.2676524918539,15954342.3439997,37.62376,3,-2.1066
2967933,2967933,1328287617.34296,37.0005975210314,15.2676523899376,15954342.3401273,39.17071,0,-0.5596
2967934,2967934,1328287617.34296,37.0005974547753,15.2676525420491,15954342.3459362,36.861862,0,-2.8685
2967935,2967935,1328287617.34296,37.000597525963,15.2676523786156,15954342.3397392,39.342567,1,-0.3878
2967936,2967936,1328287617.34296,37.0005974809618,15.2676524819298,15954342.3436125,37.77439,0,-1.956
2967937,2967937,1328287617.34296,37.0005975128642,15.2676524086879,15954342.3409013,38.88611,0,-0.8442
2967938,2967938,1328287617.34306,37.0005910546698,15.2676517286288,15954343.059873,37.20942,3,-2.5209
2967939,2967939,1328287617.34306,37.0005910583878,15.2676517200931,15954343.0594858,37.338978,3,-2.3914
2967940,2967940,1328287617.34306,37.0005911159485,15.267651587945,15954343.054449,39.344814,1,-0.3855
2967941,2967941,1328287617.34306,37.0005911154327,15.2676515891293,15954343.0544494,39.32684,1,-0.4035
2967942,2967942,1328287617.34316,37.0005847053424,15.267650798701,15954343.7691582,39.32389,1,-0.4065
2967943,2967943,1328287617.34316,37.0005847039695,15.2676508018528,15954343.7695445,39.27605,1,-0.4543
2967944,2967944,1328287617.34316,37.000584645479,15.2676509361351,15954343.7745856,37.23782,3,-2.4925
2967945,2967945,1328287617.34316,37.0005847107083,15.2676507863819,15954343.7687701,39.51088,1,-0.2195
2967946,2967946,1328287617.34326,37.000578237514,15.2676501409022,15954344.4892958,37.306297,3,-2.4241
2967947,2967947,1328287617.34326,37.0005782983553,15.2676500012233,15954344.4838666,39.42644,1,-0.3039
2967948,2967948,1328287617.34326,37.0005782990721,15.2676499995776,15954344.4838656,39.451424,1,-0.2789
2967949,2967949,1328287617.34326,37.0005783026485,15.2676499913671,15954344.4834784,39.57605,1,-0.1543
2967950,2967950,1328287617.34326,37.000578234923,15.2676501468504,15954344.4896821,37.21601,3,-2.5143
2967951,2967951,1328287617.34326,37.0005782335934,15.2676501499029,15954344.489683,37.169678,3,-2.5607
2967952,2967952,1328287617.34336,37.0005718413251,15.2676493187151,15954345.2028445,37.78242,0,-1.9479
2967953,2967953,1328287617.34336,37.0005718827499,15.2676492236127,15954345.1993502,39.225952,1,-0.5044
2967954,2967954,1328287617.34336,37.0005718874045,15.2676492129266,15954345.1989621,39.388153,1,-0.3422
2967955,2967955,1328287617.34336,37.0005718871748,15.267649213454,15954345.1989621,39.38015,1,-0.3502
2967956,2967956,1328287617.34346,37.0005654755914,15.2676484266977,15954345.9136723,39.31701,1,-0.4133
2967957,2967957,1328287617.34346,37.0005654263594,15.2676485397233,15954345.9183291,37.601425,3,-2.1289
2967958,2967958,1328287617.34346,37.0005654184841,15.2676485578033,15954345.9191054,37.326992,3,-2.4034
2967959,2967959,1328287617.34346,37.0005654227328,15.2676485480491,15954345.9187182,37.475048,3,-2.2553
2967960,2967960,1328287617.34346,37.0005654795129,15.2676484176948,15954345.9132851,39.453663,1,-0.2767
2967961,2967961,1328287617.34356,37.0005594585749,15.2676467416035,15954346.5930375,52.893497,0,13.1631
2967962,2967962,1328287617.34356,37.0005590112529,15.267647761149,15954346.6334313,37.41264,3,-2.3177
2967963,2967963,1328287617.34356,37.0005590014022,15.2676477837638,15954346.6345948,37.069374,3,-2.661
2967964,2967964,1328287617.34356,37.0005590340293,15.2676477088597,15954346.6314887,38.206326,0,-1.524
2967965,2967965,1328287617.34356,37.0005590118284,15.2676477598276,15954346.6334304,37.432697,3,-2.2977
2967966,2967966,1328287617.34356,37.000559013893,15.2676477550878,15954346.6334294,37.504642,3,-2.2257
2967967,2967967,1328287617.34356,37.0005590655306,15.26764763654,15954346.6287678,39.304047,1,-0.4263
2967968,2967968,1328287617.34366,37.0005526594735,15.2676468396018,15954347.3430909,39.39436,1,-0.336
2967969,2967969,1328287617.34366,37.0005526541215,15.2676468518887,15954347.3434809,39.207863,1,-0.5225
2967970,2967970,1328287617.34376,37.0005461875418,15.2676461916923,15954348.0636319,37.21939,3,-2.511
2967971,2967971,1328287617.34376,37.0005461971695,15.2676461695892,15954348.0628537,37.55489,3,-2.1755
2967972,2967972,1328287617.34376,37.0005462468092,15.2676460556289,15954348.0581893,39.284668,1,-0.4457
2967973,2967973,1328287617.34376,37.0005461606814,15.2676462533571,15954348.0659665,36.283394,0,-3.447
2967974,2967974,1328287617.34376,37.0005461825952,15.2676462030484,15954348.0640219,37.04702,3,-2.6833
2967975,2967975,1328287617.34376,37.0005461999261,15.2676461632607,15954348.0624665,37.650948,3,-2.0794
2967976,2967976,1328287617.34376,37.0005462452344,15.2676460592441,15954348.0581912,39.229794,1,-0.5006
2967977,2967977,1328287617.34376,37.0005461825727,15.2676462031,15954348.0640219,37.046238,3,-2.6841
2967978,2967978,1328287617.34386,37.0005397814924,15.2676453972669,15954348.7779607,37.27053,3,-2.4598
2967979,2967979,1328287617.34396,37.000533434532,15.2676444626875,15954349.4872235,39.44408,1,-0.2863
2967980,2967980,1328287617.34396,37.0005334347394,15.2676444622114,15954349.4872235,39.45131,1,-0.279
2967981,2967981,1328287617.34406,37.0005269691253,15.2676438001561,15954350.2069977,37.486897,3,-2.2435
2967982,2967982,1328287617.34406,37.0005270181724,15.2676436875571,15954350.2023267,39.19602,1,-0.5343
2967983,2967983,1328287617.34406,37.0005270212075,15.2676436805893,15954350.2023247,39.30178,1,-0.4286
2967984,2967984,1328287617.34406,37.000527018805,15.2676436861048,15954350.2023267,39.218063,1,-0.5123
2967985,2967985,1328287617.34416,37.0005223761026,15.2676388738186,15954350.7565383,100.273735,0,60.5434
2967986,2967986,1328287617.34416,37.0005206147158,15.2676428829375,15954350.9166487,39.394222,1,-0.3361
2967987,2967987,1328287617.34416,37.0005206126151,15.2676428877601,15954350.9170369,39.321022,1,-0.4093
2967988,2967988,1328287617.34426,37.0005141519438,15.267642214628,15954351.6364278,37.522064,3,-2.2083
2967989,2967989,1328287617.34426,37.0005142066514,15.2676420890347,15954351.6313618,39.428425,1,-0.3019
2967990,2967990,1328287617.34426,37.0005142073334,15.2676420874691,15954351.6313618,39.45219,1,-0.2782
2967991,2967991,1328287617.34426,37.0005142037925,15.2676420955978,15954351.6317509,39.328808,1,-0.4016
2967992,2967992,1328287617.34436,37.0005077909476,15.2676413128148,15954352.3468541,39.192913,1,-0.5374
2967993,2967993,1328287617.34436,37.0005077956418,15.2676413020382,15954352.3464631,39.35649,1,-0.3739
2967994,2967994,1328287617.34436,37.0005077928968,15.26764130834,15954352.346465,39.260838,1,-0.4695
2967995,2967995,1328287617.34446,37.0005013885564,15.267640506184,15954353.0607899,39.417713,1,-0.3126
2967996,2967996,1328287617.34446,37.000501382078,15.2676405210566,15954353.0615681,39.191963,1,-0.5384
2967997,2967997,1328287617.34456,37.0004949206723,15.2676398500629,15954353.7809724,37.35667,3,-2.3737
2967998,2967998,1328287617.34456,37.0004949747864,15.2676397258332,15954353.7758988,39.242336,1,-0.488
2967999,2967999,1328287617.34456,37.0004949178772,15.2676398564795,15954353.7813615,37.259274,3,-2.4711
2968000,2968000,1328287617.34456,37.0004949752,15.2676397248838,15954353.7758969,39.25675,1,-0.4736
2968001,2968001,1328287617.34456,37.0004949822534,15.2676397086912,15954353.775504,39.502533,1,-0.2278
2968002,2968002,1328287617.34466,37.0004885720954,15.267638920212,15954354.4902219,39.449284,1,-0.2811
2968003,2968003,1328287617.34466,37.0004885674082,15.2676389309723,15954354.4906129,39.285957,1,-0.4444
2968004,2968004,1328287617.34466,37.0004885133051,15.2676390551765,15954354.4956902,37.400673,3,-2.3297
2968005,2968005,1328287617.34476,37.0004821632449,15.2676381289009,15954355.2049397,39.437786,1,-0.2926
2968006,2968006,1328287617.34476,37.0004821598704,15.2676381366477,15954355.2053307,39.320198,1,-0.4102
2968007,2968007,1328287617.34476,37.0004821592565,15.2676381380568,15954355.2053307,39.29881,1,-0.4315
2968008,2968008,1328287617.34486,37.000475751063,15.2676373452605,15954355.9189458,39.30855,1,-0.4218
2968009,2968009,1328287617.34496,37.0004693403241,15.2676365586423,15954356.6340333,39.22341,1,-0.5069
2968010,2968010,1328287617.34496,37.0004692897478,15.2676366747486,15954356.63866,37.46104,3,-2.2693
2968011,2968011,1328287617.34496,37.0004693436255,15.2676365510633,15954356.6336478,39.33845,1,-0.3919
2968012,2968012,1328287617.34496,37.0004693403474,15.2676365585886,15954356.6340333,39.224224,1,-0.5061
2968013,2968013,1328287617.34496,37.0004692907437,15.2676366724625,15954356.6386599,37.49574,3,-2.2346
2968014,2968014,1328287617.34496,37.0004693431545,15.2676365521446,15954356.6336478,39.32204,1,-0.4083
2968015,2968015,1328287617.34506,37.0004628788523,15.2676358886775,15954357.3533641,37.366413,3,-2.3639
2968016,2968016,1328287617.34506,37.0004628722138,15.2676359039172,15954357.3541355,37.13509,3,-2.5953
2968017,2968017,1328287617.34506,37.000462934567,15.2676357607754,15954357.3483492,39.307835,1,-0.4225
2968018,2968018,1328287617.34506,37.0004629378434,15.2676357532538,15954357.3479637,39.422005,1,-0.3084
2968019,2968019,1328287617.34506,37.0004628807762,15.2676358842609,15954357.353364,37.433453,3,-2.2969
2968020,2968020,1328287617.34516,37.0004564793331,15.2676350789945,15954358.0672957,37.63083,0,-2.0995
2968021,2968021,1328287617.34516,37.0004564659578,15.2676351096995,15954358.0684537,37.16476,3,-2.5656
2968022,2968022,1328287617.34516,37.0004565254777,15.2676349730623,15954358.0630504,39.23877,1,-0.4916
2968023,2968023,1328287617.34526,37.0004501219114,15.2676341705604,15954358.7773641,39.391262,1,-0.3391
2968024,2968024,1328287617.34526,37.0004501091602,15.2676341998325,15954358.7785226,38.946938,0,-0.7834
2968025,2968025,1328287617.34526,37.0004500679279,15.2676342944877,15954358.782384,37.51017,0,-2.2202
2968026,2968026,1328287617.34526,37.0004501188441,15.2676341776017,15954358.7777501,39.28438,1,-0.446
2968027,2968027,1328287617.34526,37.0004501192415,15.2676341766896,15954358.7777499,39.298225,1,-0.4321
2968028,2968028,1328287617.34526,37.000450069895,15.2676342899717,15954358.7819985,37.57872,0,-2.1516
2968029,2968029,1328287617.34536,37.0004437082067,15.2676333892288,15954359.4924504,39.219498,1,-0.5109
2968030,2968030,1328287617.34536,37.0004436537263,15.2676335142963,15954359.4974729,37.3211,3,-2.4093
2968031,2968031,1328287617.34536,37.0004437122187,15.2676333800187,15954359.4920639,39.3593,1,-0.3711
2968032,2968032,1328287617.34536,37.0004437147902,15.2676333741154,15954359.4920634,39.448906,1,-0.2815
2968033,2968033,1328287617.34536,37.0004437096379,15.2676333859431,15954359.4924501,39.26937,1,-0.461
2968034,2968034,1328287617.34546,37.0004373048058,15.2676325867654,15954360.2067629,39.369198,1,-0.3612
2968035,2968035,1328287617.34546,37.0004373064698,15.2676325829453,15954360.2067629,39.42718,1,-0.3032
2968036,2968036,1328287617.34546,37.0004372978945,15.267632602631,15954360.2075359,39.128372,0,-0.602
2968037,2968037,1328287617.34546,37.0004373052964,15.267632585639,15954360.2067629,39.386295,1,-0.3441
2968038,2968038,1328287617.34556,37.0004308372072,15.2676319318938,15954360.9268767,37.27752,3,-2.4528
2968039,2968039,1328287617.34556,37.0004308421606,15.2676319205228,15954360.92649,37.450123,3,-2.2802
2968040,2968040,1328287617.34556,37.000430894315,15.2676318007957,15954360.9214627,39.267464,1,-0.4629
2968041,2968041,1328287617.34556,37.0004308304742,15.2676319473504,15954360.9272643,37.042904,3,-2.6875
2968042,2968042,1328287617.34556,37.0004308714891,15.2676318531953,15954360.9237825,38.472088,0,-1.2583
2968043,2968043,1328287617.34566,37.000424490349,15.2676310000712,15954361.6357743,39.38864,1,-0.3417
2968044,2968044,1328287617.34566,37.0004244899633,15.2676310009566,15954361.6357747,39.375202,1,-0.3552
2968045,2968045,1328287617.34566,37.0004244908737,15.2676309988667,15954361.6357743,39.406925,1,-0.3234
2968046,2968046,1328287617.34576,37.0004179216109,15.2676304776848,15954362.3659378,37.07946,3,-2.6509
2968047,2968047,1328287617.34576,37.0004179292587,15.2676304601285,15954362.3651634,37.345947,3,-2.3844
2968048,2968048,1328287617.34576,37.0004179865948,15.2676303285073,15954362.3601295,39.343822,1,-0.3865
2968049,2968049,1328287617.34576,37.0004179733843,15.2676303588335,15954362.3612911,38.883503,0,-0.8469
2968050,2968050,1328287617.34576,37.0004179884054,15.267630324351,15954362.3597432,39.406914,1,-0.3234
2968051,2968051,1328287617.34586,37.0004115804794,15.2676295397825,15954363.0744458,39.165276,0,-0.5651
2968052,2968052,1328287617.34586,37.0004115854758,15.2676295283125,15954363.0740582,39.33938,1,-0.391
2968053,2968053,1328287617.34586,37.0004115867645,15.2676295253543,15954363.0736724,39.38428,1,-0.3461
2968054,2968054,1328287617.34586,37.0004115231507,15.2676296713862,15954363.0794827,37.16766,3,-2.5627
2968055,2968055,1328287617.34586,37.0004115858068,15.2676295275528,15954363.0740577,39.35091,1,-0.3794
2968056,2968056,1328287617.34596,37.0004051308776,15.2676288511294,15954363.7926384,37.46668,0,-2.2637
2968057,2968057,1328287617.34596,37.0004051857366,15.2676287251954,15954363.7876002,39.378235,1,-0.3521
2968058,2968058,1328287617.34596,37.0004051855058,15.2676287257252,15954363.7879854,39.370193,1,-0.3602
2968059,2968059,1328287617.34596,37.0004051832675,15.2676287308634,15954363.7879864,39.292202,1,-0.4382
2968060,2968060,1328287617.34596,37.0004051835413,15.2676287302351,15954363.7879864,39.30174,1,-0.4286
2968061,2968061,1328287617.34596,37.000405182608,15.2676287323774,15954363.7879874,39.269222,1,-0.4611
2968062,2968062,1328287617.34596,37.0004051808367,15.2676287364437,15954363.7883726,39.207497,1,-0.5229
2968063,2968063,1328287617.34606,37.0003987184656,15.2676280773529,15954364.5077311,37.059174,3,-2.6712
2968064,2968064,1328287617.34606,37.0003987843735,15.2676279260555,15954364.5019137,39.355724,1,-0.3746
2968065,2968065,1328287617.34606,37.0003987816183,15.2676279323803,15954364.5019146,39.259716,1,-0.4706
2968066,2968066,1328287617.34606,37.0003987804347,15.2676279350974,15954364.5019156,39.218475,1,-0.5119
2968067,2968067,1328287617.34606,37.0003987262145,15.2676280595647,15954364.5069567,37.32918,3,-2.4012
2968068,2968068,1328287617.34616,37.000392321184,15.2676272690968,15954365.221274,37.174072,3,-2.5563
2968069,2968069,1328287617.34616,37.0003923859287,15.2676271204702,15954365.2154537,39.430088,1,-0.3003
2968070,2968070,1328287617.34616,37.0003923819718,15.2676271295535,15954365.2158419,39.29221,1,-0.4381
2968071,2968071,1328287617.34616,37.0003923868727,15.2676271183032,15954365.2154537,39.46298,1,-0.2674
2968072,2968072,1328287617.34616,37.0003923818365,15.267627129864,15954365.2158419,39.287495,1,-0.4429
2968073,2968073,1328287617.34626,37.0003857008624,15.2676269681698,15954365.9550024,29.583694,0,-10.1467
2968074,2968074,1328287617.34626,37.000385919728,15.2676264706816,15954365.9352042,37.13869,3,-2.5917
2968075,2968075,1328287617.34626,37.000385981631,15.2676263285787,15954365.9297682,39.29568,1,-0.4347
2968076,2968076,1328287617.34626,37.0003859830303,15.2676263253663,15954365.929382,39.34444,1,-0.3859
2968077,2968077,1328287617.34626,37.0003859810938,15.2676263298118,15954365.9297682,39.276962,1,-0.4534
2968078,2968078,1328287617.34626,37.0003859845232,15.2676263219394,15954365.9293801,39.39646,1,-0.3339
2968079,2968079,1328287617.34636,37.0003795838388,15.2676255220158,15954366.6433083,39.38311,1,-0.3472
2968080,2968080,1328287617.34636,37.0003795211076,15.2676256660195,15954366.6491333,37.197266,3,-2.5331
2968081,2968081,1328287617.34636,37.000379578547,15.2676255341634,15954366.6436964,39.198723,1,-0.5316
2968082,2968082,1328287617.34636,37.0003795195717,15.2676256695453,15954366.6491343,37.143745,3,-2.5866
2968083,2968083,1328287617.34636,37.0003795664811,15.2676255618615,15954366.6448618,38.77829,0,-0.9521
2968084,2968084,1328287617.34636,37.0003795171392,15.2676256751294,15954366.6491352,37.058987,3,-2.6714
2968085,2968085,1328287617.34636,37.0003795270164,15.2676256524555,15954366.648358,37.403156,0,-2.3272
2968086,2968086,1328287617.34646,37.0003731825926,15.2676247236485,15954367.3572356,39.345325,1,-0.385
2968087,2968087,1328287617.34646,37.0003731223726,15.2676248618872,15954367.3626763,37.246983,3,-2.4834
2968088,2968088,1328287617.34646,37.0003731820851,15.2676247248134,15954367.3572356,39.32764,1,-0.4027
2968089,2968089,1328287617.34646,37.0003731851033,15.2676247178849,15954367.3568484,39.43281,1,-0.2975
2968090,2968090,1328287617.34646,37.0003731805326,15.2676247283773,15954367.3572365,39.273544,1,-0.4568
2968091,2968091,1328287617.34656,37.0003667865719,15.2676239135563,15954368.0707737,39.484745,1,-0.2456
2968092,2968092,1328287617.34656,37.0003667766526,15.2676239363268,15954368.0715519,39.139107,0,-0.5913
2968093,2968093,1328287617.34656,37.0003667152008,15.2676240773929,15954368.0769964,36.997845,3,-2.7325
2968094,2968094,1328287617.34656,37.0003667771771,15.2676239351227,15954368.0715519,39.157383,0,-0.573
2968095,2968095,1328287617.34656,37.0003667790015,15.2676239309348,15954368.0711647,39.220955,1,-0.5094
2968096,2968096,1328287617.34656,37.000366718999,15.2676240686739,15954368.0769936,37.13019,3,-2.6002
2968097,2968097,1328287617.34666,37.0003603803112,15.2676231272461,15954368.785091,39.26245,1,-0.4679
2968098,2968098,1328287617.34666,37.0003603808879,15.2676231259222,15954368.7850891,39.282547,1,-0.4478
2968099,2968099,1328287617.34666,37.000360314138,15.26762327915,15954368.7909275,36.95668,3,-2.7737
2968100,2968100,1328287617.34666,37.0003603793587,15.2676231294325,15954368.785092,39.229263,1,-0.5011
2968101,2968101,1328287617.34666,37.0003603804249,15.267623126985,15954368.785091,39.266415,1,-0.4639
2968102,2968102,1328287617.34666,37.0003603822987,15.2676231226836,15954368.7847029,39.331707,1,-0.3987
2968103,2968103,1328287617.34676,37.0003539834932,15.2676223195388,15954369.4986302,39.364277,1,-0.3661
2968104,2968104,1328287617.34676,37.0003539834924,15.2676223195407,15954369.4986302,39.364246,1,-0.3661
2968105,2968105,1328287617.34676,37.0003539144105,15.2676224781213,15954369.5048577,36.957127,3,-2.7732
2968106,2968106,1328287617.34686,37.0003475628485,15.2676215668102,15954370.2141167,38.630943,0,-1.0994
2968107,2968107,1328287617.34686,37.000347582293,15.2676215221745,15954370.2125574,39.30848,1,-0.4219
2968108,2968108,1328287617.34686,37.0003475815456,15.2676215238903,15954370.2125584,39.282433,1,-0.4479
2968109,2968109,1328287617.34686,37.0003475187764,15.2676216679794,15954370.2183977,37.095276,3,-2.6351
2968110,2968110,1328287617.34686,37.0003475828461,15.2676215209049,15954370.2125574,39.327747,1,-0.4026
2968111,2968111,1328287617.34696,37.0003411185323,15.2676208687075,15954370.9319435,37.067852,3,-2.6625
2968112,2968112,1328287617.34696,37.0003411854514,15.2676207150923,15954370.9260966,39.399612,1,-0.3307
2968113,2968113,1328287617.34696,37.0003411816283,15.2676207238685,15954370.9264857,39.266396,1,-0.464
2968114,2968114,1328287617.34696,37.0003411109771,15.2676208860505,15954370.9327227,36.8046,3,-2.9258
2968115,2968115,1328287617.34696,37.000341117245,15.2676208716624,15954370.9323298,37.023003,3,-2.7074
2968116,2968116,1328287617.34696,37.0003411843466,15.2676207176286,15954370.9260975,39.361115,1,-0.3692
2968117,2968117,1328287617.34706,37.000334782117,15.2676199232064,15954371.6400286,39.25955,1,-0.4708
2968118,2968118,1328287617.34706,37.0003346812487,15.2676201547523,15954371.6493832,35.74486,0,-3.9855
2968119,2968119,1328287617.34716,37.0003283874881,15.2676191185569,15954372.3535696,39.31818,1,-0.4122
2968120,2968120,1328287617.34716,37.0003283236762,15.2676192650384,15954372.3590342,37.0947,3,-2.6357
2968121,2968121,1328287617.34716,37.0003283822278,15.2676191306322,15954372.3539606,39.134884,0,-0.5955
2968122,2968122,1328287617.34716,37.0003283840672,15.2676191264096,15954372.3535734,39.198982,1,-0.5314
2968123,2968123,1328287617.34716,37.0003283169837,15.2676192804013,15954372.3598124,36.861504,3,-2.8689
2968124,2968124,1328287617.34726,37.0003219875561,15.2676183194559,15954373.0671145,39.28672,1,-0.4436
2968125,2968125,1328287617.34726,37.0003219913115,15.2676183108353,15954373.0667235,39.417576,1,-0.3128
2968126,2968126,1328287617.34726,37.0003219240602,15.2676184652118,15954373.0729643,37.074253,3,-2.6561
2968127,2968127,1328287617.34726,37.0003219878705,15.2676183187342,15954373.0671126,39.297676,1,-0.4327
2968128,2968128,1328287617.34726,37.0003219875806,15.2676183193996,15954373.0671145,39.287575,1,-0.4428
2968129,2968129,1328287617.34726,37.0003219259175,15.2676184609484,15954373.0729643,37.13897,3,-2.5914
2968130,2968130,1328287617.34726,37.0003219800641,15.2676183366538,15954373.0678927,39.02567,0,-0.7047
2968131,2968131,1328287617.34736,37.0003155906043,15.2676175138176,15954373.7806536,39.354107,1,-0.3763
2968132,2968132,1328287617.34736,37.0003155923289,15.2676175098588,15954373.7806517,39.4142,1,-0.3162
2968133,2968133,1328287617.34736,37.0003155855741,15.2676175253645,15954373.7810446,39.178833,1,-0.5515
2968134,2968134,1328287617.34736,37.0003155880261,15.2676175197359,15954373.7810427,39.26427,1,-0.4661
2968135,2968135,1328287617.34736,37.000315522658,15.2676176697888,15954373.7869021,36.986576,3,-2.7438
2968136,2968136,1328287617.34746,37.0003091896212,15.2676167177407,15954374.4945856,39.27602,1,-0.4543
2968137,2968137,1328287617.34746,37.0003091219235,15.2676168731409,15954374.500836,36.917152,3,-2.8132
2968138,2968138,1328287617.34746,37.0003091904343,15.2676167158742,15954374.4945856,39.30435,1,-0.426
2968139,2968139,1328287617.34746,37.0003091927841,15.2676167104802,15954374.4941965,39.38623,1,-0.3441
2968140,2968140,1328287617.34746,37.000309189748,15.2676167174498,15954374.4945856,39.280437,1,-0.4499
2968141,2968141,1328287617.34746,37.000309188531,15.2676167202432,15954374.4945875,39.238033,1,-0.4923
2968142,2968142,1328287617.34746,37.0003091135794,15.2676168922949,15954374.5016161,36.62641,0,-3.1039
2968143,2968143,1328287617.34756,37.0003027238822,15.2676160683145,15954375.2143809,36.969776,3,-2.7606
2968144,2968144,1328287617.34756,37.0003027314061,15.2676160510436,15954375.2136027,37.231937,3,-2.4984
2968145,2968145,1328287617.34756,37.0003027887973,15.2676159193021,15954375.2085177,39.23168,1,-0.4987
2968146,2968146,1328287617.34756,37.0003027195524,15.2676160782536,15954375.2147719,36.81891,3,-2.9114
2968147,2968147,1328287617.34766,37.0002963946361,15.2676151080378,15954375.920916,39.38355,1,-0.3468
2968148,2968148,1328287617.34766,37.0002963215851,15.2676152757257,15954375.9274668,36.838158,3,-2.8922
2968149,2968149,1328287617.34766,37.0002963945574,15.2676151082186,15954375.920916,39.380806,1,-0.3496
2968150,2968150,1328287617.34766,37.0002963939798,15.2676151095444,15954375.920916,39.36068,1,-0.3697
2968151,2968151,1328287617.34776,37.0002899947636,15.2676143126664,15954376.6348351,39.295845,1,-0.4345
2968152,2968152,1328287617.34776,37.0002899921537,15.2676143186574,15954376.6348353,39.204906,1,-0.5255
2968153,2968153,1328287617.34776,37.0002899949583,15.2676143122194,15954376.6348351,39.30263,1,-0.4277
2968154,2968154,1328287617.34776,37.0002896619589,15.2676150716803,15954376.6649079,27.770927,0,-11.9594
2968155,2968155,1328287617.34776,37.0002899985971,15.2676143038666,15954376.6344496,39.42942,1,-0.3009
2968156,2968156,1328287617.34776,37.0002899980618,15.2676143050953,15954376.6344497,39.41077,1,-0.3196
2968157,2968157,1328287617.34786,37.0002836009482,15.2676135014062,15954377.3479821,39.44737,1,-0.283
2968158,2968158,1328287617.34786,37.0002835261824,15.2676136730294,15954377.3549253,36.842236,3,-2.8881
2968159,2968159,1328287617.34786,37.0002835923033,15.2676135212503,15954377.3487536,39.146145,0,-0.5842
2968160,2968160,1328287617.34786,37.000283597351,15.2676135096635,15954377.3483677,39.322025,1,-0.4083
2968161,2968161,1328287617.34796,37.0002772019077,15.2676127024673,15954378.0615137,39.411766,1,-0.3186
2968162,2968162,1328287617.34796,37.0002771383987,15.2676128482505,15954378.0673028,37.198864,3,-2.5315
2968163,2968163,1328287617.34796,37.0002772023508,15.2676127014502,15954378.0615135,39.427204,1,-0.3032
2968164,2968164,1328287617.34806,37.0002707990777,15.2676119125581,15954378.7758158,39.23905,1,-0.4913
2968165,2968165,1328287617.34806,37.0002708035905,15.267611902199,15954378.7754295,39.396297,1,-0.3341
2968166,2968166,1328287617.34806,37.000270796268,15.2676119190076,15954378.7758165,39.14115,0,-0.5892
2968167,2968167,1328287617.34806,37.0002708016976,15.2676119065442,15954378.77543,39.330338,1,-0.4
2968168,2968168,1328287617.34816,37.0002643380885,15.2676112564857,15954379.4951406,37.034775,3,-2.6956
2968169,2968169,1328287617.34816,37.0002644097173,15.2676110920646,15954379.4885729,39.530594,1,-0.1998
2968170,2968170,1328287617.34826,37.0002579370486,15.2676104631401,15954380.2090593,36.914272,3,-2.8161
2968171,2968171,1328287617.34826,37.0002580020068,15.2676103140313,15954380.2028752,39.17766,0,-0.5527
2968172,2968172,1328287617.34826,37.000257932534,15.2676104735032,15954380.209446,36.756966,3,-2.9734
2968173,2968173,1328287617.34826,37.0002579451071,15.2676104446422,15954380.2082863,37.19506,3,-2.5353
2968174,2968174,1328287617.34826,37.0002580063589,15.2676103040414,15954380.202489,39.329304,1,-0.4011
2968175,2968175,1328287617.34826,37.000258007419,15.2676103016079,15954380.2024885,39.36624,1,-0.3641
2968176,2968176,1328287617.34826,37.0002580058862,15.2676103051265,15954380.202489,39.31283,1,-0.4175
2968177,2968177,1328287617.34836,37.0002515381971,15.2676096651134,15954380.9225908,36.86493,3,-2.8654
2968178,2968178,1328287617.34836,37.0002515468192,15.2676096453216,15954380.9218174,37.165356,3,-2.565
2968179,2968179,1328287617.34836,37.0002516122209,15.2676094951954,15954380.9160157,39.44419,1,-0.2862
2968180,2968180,1328287617.34846,37.0002452124431,15.267608699641,15954381.6295438,39.35747,1,-0.3729
2968181,2968181,1328287617.34846,37.0002452109808,15.2676087029976,15954381.6295448,39.30652,1,-0.4238
2968182,2968182,1328287617.34856,37.000238742192,15.2676080662034,15954382.3496523,36.810093,3,-2.9203
2968183,2968183,1328287617.34856,37.0002388189437,15.2676078900245,15954382.3426838,39.4844,1,-0.246
2968184,2968184,1328287617.34856,37.0002387421319,15.2676080663413,15954382.3496523,36.808002,3,-2.9224
2968185,2968185,1328287617.34856,37.000238818333,15.2676078914262,15954382.3426838,39.463127,1,-0.2672
2968186,2968186,1328287617.34866,37.0002324147857,15.2676071075345,15954383.0569845,39.201626,1,-0.5287
2968187,2968187,1328287617.34866,37.0002323470346,15.2676072630527,15954383.0631824,36.840935,3,-2.8894
2968188,2968188,1328287617.34866,37.0002323468673,15.2676072634367,15954383.0631824,36.835106,3,-2.8953
2968189,2968189,1328287617.34866,37.000232420605,15.2676070941769,15954383.056211,39.40439,1,-0.326
2968190,2968190,1328287617.34866,37.0002323512738,15.2676072533221,15954383.0627947,36.98864,3,-2.7417
2968191,2968191,1328287617.34866,37.0002324085473,15.2676071218544,15954383.0573731,38.984257,0,-0.7461
2968192,2968192,1328287617.34866,37.0002324104019,15.2676071175973,15954383.0573721,39.048878,0,-0.6815
2968193,2968193,1328287617.34876,37.00022595532,15.2676064477414,15954383.7759367,37.05304,3,-2.6773
2968194,2968194,1328287617.34876,37.0002260231945,15.2676062919404,15954383.7697368,39.418026,1,-0.3123
2968195,2968195,1328287617.34876,37.0002260257517,15.2676062860704,15954383.7697349,39.50713,1,-0.2232
2968196,2968196,1328287617.34886,37.0002196228647,15.2676054990726,15954384.4836488,39.291607,1,-0.4388
2968197,2968197,1328287617.34886,37.0002195506075,15.2676056649335,15954384.4902416,36.77391,3,-2.9564
2968198,2968198,1328287617.34886,37.0002195559591,15.2676056526492,15954384.4898525,36.96038,3,-2.77
2968199,2968199,1328287617.34896,37.0002131573288,15.267604856244,15954385.2033821,36.88805,3,-2.8423
2968200,2968200,1328287617.34896,37.0002132280137,15.2676046939925,15954385.1967884,39.350956,1,-0.3794
2968201,2968201,1328287617.34896,37.0002132220905,15.2676047075887,15954385.1975618,39.144573,0,-0.5858
2968202,2968202,1328287617.34906,37.0002067596313,15.2676040580647,15954385.9169117,36.843086,3,-2.8873
2968203,2968203,1328287617.34906,37.0002066324513,15.2676043475281,15954385.9285551,32.447357,0,-7.283
2968204,2968204,1328287617.34906,37.000206830524,15.2676038953367,15954385.9103141,39.313232,1,-0.4171
2968205,2968205,1328287617.34916,37.0002003581983,15.2676032688306,15954386.6308284,36.66283,3,-3.0675
2968206,2968206,1328287617.34916,37.0002004372037,15.2676030874811,15954386.6234518,39.415646,1,-0.3147
2968207,2968207,1328287617.34926,37.0001940394024,15.2676022925923,15954387.3369775,39.32358,1,-0.4068
2968208,2968208,1328287617.34926,37.0001940401584,15.2676022908569,15954387.3369766,39.349922,1,-0.3804
2968209,2968209,1328287617.34926,37.000194037938,15.2676022959538,15954387.3373638,39.272552,1,-0.4578
2968210,2968210,1328287617.34926,37.0001940400032,15.2676022912132,15954387.3369775,39.344513,1,-0.3858
2968211,2968211,1328287617.34926,37.0001939586542,15.2676024779418,15954387.3443599,36.510044,3,-3.2203
2968212,2968212,1328287617.34936,37.0001876479411,15.2676014812212,15954388.0501123,39.480488,1,-0.2499
2968213,2968213,1328287617.34936,37.0001875601204,15.2676016828047,15954388.0582748,36.42052,0,-3.3098
2968214,2968214,1328287617.34936,37.0001875671286,15.2676016667181,15954388.0574985,36.66471,3,-3.0656
2968215,2968215,1328287617.34936,37.0001876350936,15.2676015107115,15954388.0512786,39.032837,0,-0.6975
2968216,2968216,1328287617.34946,37.0001811787111,15.2676008487408,15954388.7702499,36.92253,3,-2.8078
2968217,2968217,1328287617.34946,37.000181172385,15.2676008632617,15954388.77064,36.70211,3,-3.0282
2968218,2968218,1328287617.34946,37.0001812375143,15.2676007137645,15954388.7648044,38.971428,0,-0.7589
2968219,2968219,1328287617.34946,37.0001812482389,15.2676006891474,15954388.7640253,39.345104,1,-0.3853
2968220,2968220,1328287617.34956,37.0001748508473,15.2675998898471,15954389.477551,39.318295,1,-0.4121
2968221,2968221,1328287617.34966,37.0001684564304,15.2675990864134,15954390.1906887,39.356773,1,-0.3736
2968222,2968222,1328287617.34966,37.0001684536005,15.2675990929091,15954390.1906925,39.25817,1,-0.4722
2968223,2968223,1328287617.34966,37.0001684565394,15.2675990861631,15954390.1906887,39.360573,1,-0.3698
2968224,2968224,1328287617.34976,37.000162060803,15.267598286149,15954390.9038292,39.347927,1,-0.3824
2968225,2968225,1328287617.34976,37.0001620613327,15.2675982849332,15954390.9038292,39.366383,1,-0.364
2968226,2968226,1328287617.34976,37.0001619820722,15.2675984668657,15954390.9112287,36.604702,3,-3.1257
2968227,2968227,1328287617.34976,37.0001620583241,15.2675982918391,15954390.9042173,39.261555,1,-0.4688
2968228,2968228,1328287617.34976,37.0001620621466,15.2675982830648,15954390.9038282,39.394745,1,-0.3356
2968229,2968229,1328287617.34976,37.0001620599652,15.267598288072,15954390.9038301,39.318737,1,-0.4116
2968230,2968230,1328287617.34976,37.0001620653587,15.267598275692,15954390.9034391,39.506664,1,-0.2237
2968231,2968231,1328287617.34986,37.000155592051,15.2675976564333,15954391.623983,36.752842,3,-2.9775
2968232,2968232,1328287617.34986,37.0001556625512,15.2675974946094,15954391.6173587,39.209286,1,-0.5211
2968233,2968233,1328287617.34986,37.0001556590667,15.2675975026075,15954391.6177478,39.08788,0,-0.6425
2968234,2968234,1328287617.34996,37.000149274561,15.2675966776062,15954392.3301054,39.456245,1,-0.2741
2968235,2968235,1328287617.34996,37.0001491906529,15.2675968702058,15954392.3379045,36.53263,3,-3.1977
2968236,2968236,1328287617.34996,37.0001491931636,15.2675968644429,15954392.3375154,36.62011,3,-3.1102
2968237,2968237,1328287617.34996,37.0001492741503,15.2675966785488,15954392.3301054,39.441936,1,-0.2884
2968238,2968238,1328287617.35006,37.0001428788038,15.2675958788318,15954393.0432478,39.427425,1,-0.3029
2968239,2968239,1328287617.35006,37.0001427897826,15.2675960831673,15954393.0514398,36.32566,0,-3.4047
2968240,2968240,1328287617.35006,37.0001427958267,15.267596069294,15954393.0510488,36.536255,3,-3.1941
2968241,2968241,1328287617.35016,37.0001364059935,15.2675952573252,15954393.763804,36.7087,3,-3.0217
2968242,2968242,1328287617.35016,37.0001364820906,15.2675950826552,15954393.7567773,39.360153,1,-0.3702
2968243,2968243,1328287617.35016,37.0001364804525,15.2675950864153,15954393.7571645,39.303074,1,-0.4273
2968244,2968244,1328287617.35016,37.0001364765064,15.2675950954731,15954393.7571683,39.16558,0,-0.5648
2968245,2968245,1328287617.35016,37.0001364125408,15.2675952422967,15954393.7630239,36.93683,3,-2.7935
2968246,2968246,1328287617.35026,37.0001300044887,15.2675944725535,15954394.4777284,36.469326,3,-3.261
2968247,2968247,1328287617.35026,37.0001300037818,15.267594474176,15954394.4777284,36.444695,3,-3.2857
2968248,2968248,1328287617.35036,37.0001236113225,15.2675936690517,15954395.1908727,36.515347,3,-3.215
2968249,2968249,1328287617.35036,37.0001236939389,15.2675934794186,15954395.1830602,39.39394,1,-0.3364
2968250,2968250,1328287617.35036,37.0001236919297,15.2675934840303,15954395.1834474,39.323936,1,-0.4064
2968251,2968251,1328287617.35036,37.0001236875733,15.2675934940298,15954395.1838384,39.172146,0,-0.5582
2968252,2968252,1328287617.35046,37.0001172212807,15.2675928632417,15954395.9028537,36.601093,3,-3.1293
2968253,2968253,1328287617.35046,37.0001173013486,15.2675926794588,15954395.8955328,39.39089,1,-0.3395
2968254,2968254,1328287617.35046,37.0001172985824,15.2675926858081,15954395.8955328,39.294506,1,-0.4359
2968255,2968255,1328287617.35056,37.0001106108134,15.267592554413,15954396.6356507,29.136759,0,-10.5936
2968256,2968256,1328287617.35056,37.0001108986718,15.2675918986162,15954396.6094356,39.095245,0,-0.6351
2968257,2968257,1328287617.35056,37.0001109045015,15.2675918852352,15954396.6086648,39.298367,1,-0.432
2968258,2968258,1328287617.35056,37.0001109041351,15.2675918860761,15954396.6086648,39.285603,1,-0.4448
2968259,2968259,1328287617.35056,37.0001109056753,15.2675918825408,15954396.6086647,39.339268,1,-0.3911
2968260,2968260,1328287617.35056,37.0001109067435,15.2675918800888,15954396.6086646,39.376488,1,-0.3539
2968261,2968261,1328287617.35066,37.0001045187051,15.2675910683715,15954397.3210243,39.55255,1,-0.1778
2968262,2968262,1328287617.35066,37.0001044341385,15.2675912624797,15954397.3287386,36.606014,3,-3.1243
2968263,2968263,1328287617.35066,37.000104430071,15.2675912718158,15954397.3291242,36.46429,3,-3.2661
2968264,2968264,1328287617.35066,37.000104432962,15.2675912651801,15954397.329124,36.56502,3,-3.1653
2968265,2968265,1328287617.35066,37.0001045092869,15.2675910899894,15954397.322181,39.224396,1,-0.506
2968266,2968266,1328287617.35066,37.0001045054019,15.2675910989066,15954397.3225667,39.08903,0,-0.6413
2968267,2968267,1328287617.35076,37.0000980381863,15.2675904670422,15954398.0422577,36.534405,3,-3.196
2968268,2968268,1328287617.35076,37.0000981176664,15.2675902846098,15954398.0349254,39.30371,1,-0.4266
2968269,2968269,1328287617.35076,37.0000980423793,15.2675904574179,15954398.0418717,36.6805,3,-3.0499
2968270,2968270,1328287617.35076,37.0000981075497,15.2675903078307,15954398.0360827,38.95122,0,-0.7791
2968271,2968271,1328287617.35086,37.0000917261489,15.2675894794186,15954398.7480537,39.381485,1,-0.3489
2968272,2968272,1328287617.35086,37.0000917239358,15.2675894844983,15954398.7480542,39.304375,1,-0.426
2968273,2968273,1328287617.35086,37.0000916337584,15.2675896914841,15954398.7561628,36.16235,0,-3.568
2968274,2968274,1328287617.35086,37.0000917277936,15.2675894756435,15954398.7476682,39.438793,1,-0.2916
2968275,2968275,1328287617.35086,37.0000917282188,15.2675894746674,15954398.7476682,39.45361,1,-0.2767
2968276,2968276,1328287617.35096,37.0000853350038,15.2675886738003,15954399.4607958,39.46711,1,-0.2632
2968277,2968277,1328287617.35096,37.0000853250904,15.2675886965548,15954399.4615685,39.1217,0,-0.6087
2968278,2968278,1328287617.35096,37.0000852557921,15.2675888556161,15954399.4681353,36.70716,3,-3.0232
2968279,2968279,1328287617.35096,37.0000852480212,15.2675888734529,15954399.4685225,36.436398,3,-3.294
2968280,2968280,1328287617.35096,37.0000853316634,15.2675886814677,15954399.4611815,39.35072,1,-0.3796
2968281,2968281,1328287617.35096,37.0000853350146,15.2675886737756,15954399.4607955,39.467484,1,-0.2629
2968282,2968282,1328287617.35106,37.0000788625138,15.2675880530186,15954400.181266,36.74653,3,-2.9838
2968283,2968283,1328287617.35106,37.0000788624443,15.2675880531782,15954400.181266,36.744106,3,-2.9863
2968284,2968284,1328287617.35106,37.0000788637075,15.2675880502788,15954400.1808802,36.78812,3,-2.9422
2968285,2968285,1328287617.35116,37.0000724687733,15.2675872542215,15954400.8940107,36.731483,3,-2.9989
2968286,2968286,1328287617.35116,37.0000725407822,15.2675870889393,15954400.8878218,39.24046,1,-0.4899
2968287,2968287,1328287617.35116,37.00007254548,15.2675870781563,15954400.8870498,39.40415,1,-0.3262
2968288,2968288,1328287617.35126,37.0000661538552,15.2675862772455,15954401.6001751,39.424507,1,-0.3059
2968289,2968289,1328287617.35126,37.0000661494316,15.2675862873989,15954401.6005622,39.27038,1,-0.46
2968290,2968290,1328287617.35126,37.0000661503417,15.2675862853099,15954401.6005618,39.30209,1,-0.4283
2968291,2968291,1328287617.35126,37.0000660696536,15.2675864705132,15954401.6079132,36.490707,3,-3.2397
2968292,2968292,1328287617.35126,37.000066151396,15.2675862828901,15954401.6001765,39.33882,1,-0.3915
2968293,2968293,1328287617.35136,37.0000597570194,15.2675854864284,15954402.313687,39.291393,1,-0.439
2968294,2968294,1328287617.35136,37.0000596834035,15.2675856553987,15954402.3202688,36.726425,3,-3.0039
2968295,2968295,1328287617.35136,37.0000597542247,15.2675854928431,15954402.3136884,39.194016,1,-0.5363
2968296,2968296,1328287617.35136,37.0000596754373,15.2675856736832,15954402.3210427,36.448864,3,-3.2815
2968297,2968297,1328287617.35136,37.0000596724808,15.2675856804695,15954402.3210441,36.345848,3,-3.3845
2968298,2968298,1328287617.35146,37.0000533668289,15.2675846808004,15954403.0264255,39.384712,1,-0.3456
2968299,2968299,1328287617.35146,37.0000531590527,15.2675851552399,15954403.0450179,32.18092,0,-7.5494
2968300,2968300,1328287617.35146,37.0000533620221,15.2675846918332,15954403.0268132,39.217236,1,-0.5131
2968301,2968301,1328287617.35146,37.0000533664292,15.2675846817178,15954403.0264255,39.37079,1,-0.3596
2968302,2968302,1328287617.35146,37.0000533637204,15.2675846879353,15954403.0264269,39.276405,1,-0.454
2968303,2968303,1328287617.35156,37.0000469722389,15.2675838857149,15954403.7395507,39.319653,1,-0.4107
2968304,2968304,1328287617.35156,37.0000469679908,15.2675838954654,15954403.7399384,39.17164,0,-0.5587
2968305,2968305,1328287617.35166,37.0000405792402,15.2675830874238,15954404.4522893,39.30495,1,-0.4254
2968306,2968306,1328287617.35166,37.0000405817453,15.2675830816739,15954404.4522883,39.39224,1,-0.3381
2968307,2968307,1328287617.35166,37.0000405801336,15.2675830853731,15954404.4522883,39.336082,1,-0.3943
2968308,2968308,1328287617.35166,37.0000404980138,15.2675832738611,15954404.4600417,36.474823,3,-3.2555
2968309,2968309,1328287617.35176,37.0000341857292,15.2675822907584,15954405.1654145,39.267323,1,-0.463
2968310,2968310,1328287617.35176,37.000034101107,15.2675824849897,15954405.1731726,36.31888,3,-3.4115
2968311,2968311,1328287617.35176,37.0000341885288,15.2675822843326,15954405.1654126,39.364864,1,-0.3655
2968312,2968312,1328287617.35176,37.0000341062316,15.2675824732273,15954405.1727845,36.497433,3,-3.2329
2968313,2968313,1328287617.35176,37.0000341144094,15.2675824544572,15954405.1720082,36.782364,3,-2.948
2968314,2968314,1328287617.35186,37.0000277967548,15.267581484133,15954405.8781497,39.38268,1,-0.3477
2968315,2968315,1328287617.35186,37.000027794274,15.267581489827,15954405.8785368,39.296246,1,-0.4341
2968316,2968316,1328287617.35186,37.0000277135065,15.2675816752102,15954405.8859116,36.482113,3,-3.2482
2968317,2968317,1328287617.35196,37.0000213272521,15.267580862796,15954406.5982634,36.687183,3,-3.0432
2968318,2968318,1328287617.35196,37.0000214047162,15.2675806849953,15954406.591273,39.386215,1,-0.3441
2968319,2968319,1328287617.35196,37.0000213256837,15.2675808663959,15954406.5982653,36.632538,3,-3.0978
2968320,2968320,1328287617.35206,37.0000150085733,15.2675798957356,15954407.3044011,39.24169,1,-0.4887
2968321,2968321,1328287617.35216,37.0000085412066,15.267579270413,15954408.0241343,36.610516,3,-3.1198
2968322,2968322,1328287617.35226,37.0000022274714,15.2675782929288,15954408.7298752,39.327187,1,-0.4032
2968323,2968323,1328287617.35226,37.0000022267662,15.2675782945474,15954408.7298762,39.302616,1,-0.4277
2968324,2968324,1328287617.35226,37.000002224167,15.2675783005131,15954408.7302634,39.212055,1,-0.5183
2968325,2968325,1328287617.35226,37.0000022232501,15.2675783026178,15954408.7302643,39.180107,1,-0.5503
2968326,2968326,1328287617.35236,36.9999958262487,15.2675775167159,15954409.4437777,38.99056,0,-0.7398
2968327,2968327,1328287617.35236,36.9999958340941,15.2675774987087,15954409.4430005,39.263912,1,-0.4664
2968328,2968328,1328287617.35246,36.999989441208,15.2675767038284,15954410.1561247,39.21273,1,-0.5176
2968329,2968329,1328287617.35246,36.9999894404373,15.2675767055974,15954410.1561266,39.18588,1,-0.5445
2968330,2968330,1328287617.35246,36.9999894448622,15.2675766954413,15954410.1557366,39.34005,1,-0.3903
2968331,2968331,1328287617.35256,36.9999829768171,15.2675760735386,15954410.875487,36.665157,3,-3.0652
2968332,2968332,1328287617.35256,36.9999830543804,15.2675758955122,15954410.8684746,39.367634,1,-0.3627
2968333,2968333,1328287617.35256,36.999983052745,15.2675758992658,15954410.8684765,39.310654,1,-0.4197
2968334,2968334,1328287617.35256,36.9999829753413,15.267576076926,15954410.8754889,36.613735,3,-3.1166
2968335,2968335,1328287617.35256,36.9999830532102,15.2675758981982,15954410.8684756,39.32686,1,-0.4035
2968336,2968336,1328287617.35266,36.9999765847302,15.2675752777653,15954411.5882317,36.63182,3,-3.0985
2968337,2968337,1328287617.35266,36.9999766640726,15.2675750956557,15954411.5812136,39.396286,1,-0.3341
2968338,2968338,1328287617.35266,36.9999766650037,15.2675750935188,15954411.5812136,39.428726,1,-0.3016
2968339,2968339,1328287617.35266,36.9999766611612,15.2675751023383,15954411.5816027,39.29484,1,-0.4355
2968340,2968340,1328287617.35266,36.9999765793168,15.2675752901904,15954411.589009,36.443207,3,-3.2872
2968341,2968341,1328287617.35266,36.9999766628416,15.2675750984812,15954411.5812146,39.353394,1,-0.377
2968342,2968342,1328287617.35266,36.9999765833098,15.2675752810255,15954411.5886189,36.582333,3,-3.148
2968343,2968343,1328287617.35276,36.9999702720063,15.2675743026146,15954412.2939555,39.325497,1,-0.4049
2968344,2968344,1328287617.35276,36.9999702717702,15.2675743031566,15954412.2939555,39.31727,1,-0.4131
2968345,2968345,1328287617.35286,36.9999637938505,15.2675737053404,15954413.0148894,36.28337,3,-3.447
2968346,2968346,1328287617.35286,36.9999638850185,15.267573496089,15954413.0063063,39.45986,1,-0.2705
2968347,2968347,1328287617.35296,36.99995749008,15.267572708291,15954413.7194392,39.31224,1,-0.4181
2968348,2968348,1328287617.35296,36.9999574890095,15.267572710748,15954413.7198264,39.274944,1,-0.4554
2968349,2968349,1328287617.35296,36.9999574868085,15.2675727157997,15954413.7198283,39.198257,1,-0.5321
2968350,2968350,1328287617.35296,36.9999574055357,15.2675729023388,15954413.727244,36.366543,3,-3.3638
2968351,2968351,1328287617.35306,36.9999510996107,15.2675719084117,15954414.4325644,39.348564,1,-0.3818
2968352,2968352,1328287617.35306,36.9999510967415,15.267571914997,15954414.4325682,39.2486,1,-0.4818
2968353,2968353,1328287617.35316,36.9999447107904,15.2675711075352,15954415.144921,39.40423,1,-0.3261
2968354,2968354,1328287617.35316,36.9999447063255,15.2675711177832,15954415.145312,39.24866,1,-0.4817
2968355,2968355,1328287617.35316,36.9999447109317,15.267571107211,15954415.1449191,39.40915,1,-0.3212
2968356,2968356,1328287617.35316,36.9999447066006,15.2675711171517,15954415.1453101,39.258247,1,-0.4721
2968357,2968357,1328287617.35316,36.9999446156147,15.267571325984,15954415.1535193,36.088108,3,-3.6423
2968358,2968358,1328287617.35326,36.9999382396772,15.2675704958653,15954415.8643747,36.590054,3,-3.1403
2968359,2968359,1328287617.35326,36.9999382337659,15.2675705094331,15954415.86476,36.38409,3,-3.3463
2968360,2968360,1328287617.35326,36.9999383171926,15.2675703179514,15954415.8570544,39.290844,1,-0.4395
2968361,2968361,1328287617.35326,36.9999383176766,15.2675703168405,15954415.8570544,39.30771,1,-0.4226
2968362,2968362,1328287617.35326,36.9999382376692,15.2675705004742,15954415.8643747,36.52009,3,-3.2103
2968363,2968363,1328287617.35336,36.9999319275671,15.2675695222002,15954416.5697854,39.275433,1,-0.4549
2968364,2968364,1328287617.35336,36.9999317289358,15.2675699756329,15954416.587903,32.39038,0,-7.34
2968365,2968365,1328287617.35336,36.9999319264308,15.2675695248081,15954416.5697855,39.235844,1,-0.4945
2968366,2968366,1328287617.35336,36.9999319306249,15.2675695151819,15954416.5694,39.381973,1,-0.3484
2968367,2968367,1328287617.35336,36.9999319255287,15.2675695268787,15954416.5701708,39.204414,1,-0.5259
2968368,2968368,1328287617.35346,36.9999253013624,15.2675692626974,15954417.3041136,31.116726,0,-8.6136
2968369,2968369,1328287617.35346,36.9999254584967,15.2675689069762,15954417.2898434,36.520287,3,-3.2101
2968370,2968370,1328287617.35346,36.9999255409055,15.2675687178315,15954417.2821299,39.391567,1,-0.3388
2968371,2968371,1328287617.35346,36.9999255391869,15.2675687217761,15954417.2825155,39.331688,1,-0.3987
2968372,2968372,1328287617.35356,36.9999190734931,15.2675680992936,15954418.001805,36.6893,3,-3.0411
2968373,2968373,1328287617.35356,36.9999188922399,15.2675685103718,15954418.0183977,30.445396,0,-9.285
2968374,2968374,1328287617.35356,36.9999191505663,15.2675679223954,15954417.9948591,39.37468,1,-0.3557
2968375,2968375,1328287617.35356,36.9999190721662,15.267568102339,15954418.0021905,36.64307,3,-3.0873
2968376,2968376,1328287617.35356,36.9999190683559,15.2675681110844,15954418.002191,36.51031,3,-3.22
2968377,2968377,1328287617.35356,36.9999191538842,15.26756791478,15954417.9944734,39.490284,1,-0.2401
2968378,2968378,1328287617.35356,36.9999185199906,15.2675693573568,15954418.0523564,17.582518,0,-22.1478
2968379,2968379,1328287617.35366,36.9999127581781,15.2675671321556,15954418.7079732,39.281532,1,-0.4488
2968380,2968380,1328287617.35366,36.9999127599477,15.2675671280941,15954418.7075874,39.343185,1,-0.3872
2968381,2968381,1328287617.35386,36.9998999074253,15.2675657092006,15954420.1396131,36.71558,3,-3.0148
2968382,2968382,1328287617.35386,36.9998999814475,15.2675655393058,15954420.132657,39.294655,1,-0.4357
2968383,2968383,1328287617.35386,36.9998999828961,15.267565535981,15954420.1326565,39.345127,1,-0.3852
2968384,2968384,1328287617.35396,36.9998935975971,15.2675647309629,15954420.8449964,39.484444,1,-0.2459
2968385,2968385,1328287617.35396,36.999893438464,15.2675650937355,15954420.8593039,33.975605,0,-5.7548
2968386,2968386,1328287617.35396,36.9998935896342,15.2675647492392,15954420.8457693,39.207,1,-0.5234
2968387,2968387,1328287617.35396,36.9998935187872,15.267564911846,15954420.8519572,36.73856,0,-2.9918
2968388,2968388,1328287617.35396,36.9998935924937,15.2675647426762,15954420.8453831,39.30663,1,-0.4237
2968389,2968389,1328287617.35406,36.9998872017211,15.267563950722,15954421.5581097,39.250427,1,-0.4799
2968390,2968390,1328287617.35416,36.9998807327433,15.2675633387659,15954422.2778043,36.464607,3,-3.2658
2968391,2968391,1328287617.35416,36.999880733943,15.2675633360124,15954422.2778038,36.50641,3,-3.2239
2968392,2968392,1328287617.35416,36.9998807292505,15.2675633467825,15954422.278191,36.342915,3,-3.3874
2968393,2968393,1328287617.35416,36.99988081481,15.2675631504084,15954422.2704491,39.323963,1,-0.4064
2968394,2968394,1328287617.35426,36.9998743432159,15.2675625472653,15954422.9905338,36.40904,3,-3.3213
2968395,2968395,1328287617.35426,36.9998744246223,15.2675623604236,15954422.9831752,39.245384,1,-0.485
2968396,2968396,1328287617.35426,36.9998744233081,15.2675623634399,15954422.9831757,39.199593,1,-0.5308
2968397,2968397,1328287617.35426,36.9998744279224,15.2675623528492,15954422.9827885,39.360367,1,-0.37
2968398,2968398,1328287617.35436,36.9998679584702,15.2675617429932,15954423.7024903,36.54847,3,-3.1819
2968399,2968399,1328287617.35436,36.9998680400443,15.2675615557668,15954423.6951279,39.39066,1,-0.3397
2968400,2968400,1328287617.35436,36.9998680343503,15.2675615688355,15954423.6959013,39.19227,1,-0.5381
2968401,2968401,1328287617.35446,36.9998616530024,15.2675607549704,15954424.4074659,39.4785,1,-0.2519
2968402,2968402,1328287617.35446,36.9998616492223,15.2675607636463,15954424.4078531,39.346798,1,-0.3836
2968403,2968403,1328287617.35446,36.9998616513435,15.2675607587778,15954424.4078521,39.420704,1,-0.3097
2968404,2968404,1328287617.35446,36.9998616449685,15.2675607734095,15954424.4082412,39.198586,1,-0.5318
2968405,2968405,1328287617.35446,36.9998615676476,15.2675609508737,15954424.4152202,36.504593,3,-3.2258
2968406,2968406,1328287617.35456,36.9998552593264,15.2675599722139,15954425.1205777,39.297302,1,-0.4331
2968407,2968407,1328287617.35456,36.9998552600972,15.2675599704448,15954425.1205777,39.324158,1,-0.4062
2968408,2968408,1328287617.35456,36.9998552506733,15.2675599920742,15954425.121354,38.99581,0,-0.7345
2968409,2968409,1328287617.35466,36.9998488675676,15.267559185569,15954425.8333053,39.17818,1,-0.5522
2968410,2968410,1328287617.35466,36.999848850815,15.2675592240187,15954425.8348579,38.59449,0,-1.1359
2968411,2968411,1328287617.35476,36.999842414538,15.2675585400634,15954426.551855,36.919582,0,-2.8108
2968412,2968412,1328287617.35476,36.9998424808819,15.2675583877941,15954426.5456437,39.231113,1,-0.4992
2968413,2968413,1328287617.35476,36.999842398158,15.267558577658,15954426.5534076,36.348873,3,-3.3815
2968414,2968414,1328287617.35476,36.9998424826393,15.2675583837606,15954426.5456418,39.292343,1,-0.438
2968415,2968415,1328287617.35476,36.9998424003182,15.2675585727002,15954426.5530214,36.424137,3,-3.3062
2968416,2968416,1328287617.35476,36.9998424013106,15.2675585704224,15954426.5530204,36.458714,3,-3.2716
2968417,2968417,1328287617.35486,36.999836100549,15.2675575782567,15954427.2575921,39.46754,1,-0.2628
2968418,2968418,1328287617.35486,36.9998360949559,15.2675575910937,15954427.2579822,39.272667,1,-0.4577
2968419,2968419,1328287617.35486,36.9998360926767,15.2675575963248,15954427.2579831,39.193256,1,-0.5371
2968420,2968420,1328287617.35496,36.9998297093222,15.2675567919361,15954427.9703197,39.35291,1,-0.3774
2968421,2968421,1328287617.35496,36.999829629478,15.2675569751904,15954427.9773187,36.571,3,-3.1594
2968422,2968422,1328287617.35496,36.9998297083662,15.2675567941304,15954427.9703206,39.3196,1,-0.4108
2968423,2968423,1328287617.35496,36.9998297114811,15.2675567869813,15954427.9699325,39.428123,1,-0.3022
2968424,2968424,1328287617.35506,36.9998233240046,15.2675559925715,15954428.6822719,39.43951,1,-0.2908
2968425,2968425,1328287617.35506,36.9998233205594,15.2675560004786,15954428.68266,39.319477,1,-0.4109
2968426,2968426,1328287617.35506,36.999823322684,15.2675559956026,15954428.6822738,39.393497,1,-0.3369
2968427,2968427,1328287617.35516,36.9998169349921,15.2675552022069,15954429.3949985,39.39275,1,-0.3376
2968428,2968428,1328287617.35516,36.9998168467432,15.2675554047505,15954429.4027833,36.318012,3,-3.4123
2968429,2968429,1328287617.35516,36.9998169368902,15.2675551978505,15954429.3946113,39.45888,1,-0.2715
2968430,2968430,1328287617.35516,36.9998169351654,15.2675552018093,15954429.3949985,39.398785,1,-0.3316
2968431,2968431,1328287617.35516,36.9998168565063,15.2675553823428,15954429.4020042,36.658176,3,-3.0722
2968432,2968432,1328287617.35526,36.9998105441702,15.2675544165166,15954430.1077289,39.278328,1,-0.452
2968433,2968433,1328287617.35526,36.9998105494188,15.2675544044702,15954430.1069526,39.4612,1,-0.2692
2968434,2968434,1328287617.35526,36.9998105465276,15.2675544111059,15954430.1073407,39.360466,1,-0.3699
2968435,2968435,1328287617.35526,36.9998105397497,15.2675544266621,15954430.108118,39.124313,0,-0.606
2968436,2968436,1328287617.35536,36.9998041540823,15.2675536296641,15954430.8200721,39.184895,1,-0.5455
2968437,2968437,1328287617.35536,36.9998040780613,15.2675538041424,15954430.8270835,36.536205,3,-3.1942
2968438,2968438,1328287617.35536,36.9998041464885,15.2675536470929,15954430.8208493,38.920315,0,-0.81
2968439,2968439,1328287617.35536,36.9998041566594,15.2675536237494,15954430.8200702,39.274685,1,-0.4557
2968440,2968440,1328287617.35536,36.999803746088,15.2675545586651,15954430.8574628,25.076704,0,-14.6537
2968441,2968441,1328287617.35536,36.9998040778378,15.2675538046553,15954430.8270835,36.52842,3,-3.2019
2968442,2968442,1328287617.35536,36.9998041613431,15.2675536129995,15954430.8192939,39.437874,1,-0.2925
2968443,2968443,1328287617.35536,36.999804159084,15.2675536181845,15954430.8196811,39.35916,1,-0.3712
2968444,2968444,1328287617.35546,36.999797773201,15.2675528222055,15954431.5320234,39.407658,1,-0.3227
2968445,2968445,1328287617.35556,36.9997913853974,15.2675520311601,15954432.2443666,39.38468,1,-0.3457
2968446,2968446,1328287617.35556,36.9997913728873,15.2675520598724,15954432.2455358,38.94881,0,-0.7815
2968447,2968447,1328287617.35556,36.999791303291,15.2675522196046,15954432.2517766,36.523968,3,-3.2064
2968448,2968448,1328287617.35556,36.9997913822647,15.2675520383501,15954432.2447538,39.275536,1,-0.4548
2968449,2968449,1328287617.35566,36.9997849138919,15.2675514327478,15954432.9641256,36.44087,3,-3.2895
2968450,2968450,1328287617.35566,36.9997849182481,15.2675514227497,15954432.9637346,36.592648,3,-3.1377
2968451,2968451,1328287617.35566,36.9997849129037,15.2675514350158,15954432.9645108,36.406437,3,-3.3239
2968452,2968452,1328287617.35566,36.9997850004543,15.2675512340764,15954432.9563226,39.456837,1,-0.2735
2968453,2968453,1328287617.35576,36.9997785653932,15.2675505525477,15954433.6729612,37.778282,0,-1.9521
2968454,2968454,1328287617.35576,36.9997786110179,15.2675504478334,15954433.6690549,39.36792,1,-0.3624
2968455,2968455,1328287617.35586,36.9997719867436,15.2675501986338,15954434.4028806,31.12806,0,-8.6023
2968456,2968456,1328287617.35586,36.9997721443131,15.26754983946,15954434.3884324,36.58236,3,-3.148
2968457,2968457,1328287617.35586,36.9997721369342,15.2675498563955,15954434.3892125,36.325268,3,-3.4051
2968458,2968458,1328287617.35586,36.9997721510411,15.2675498240185,15954434.3880395,36.816772,0,-2.9136
2968459,2968459,1328287617.35586,36.9997722219246,15.2675496613326,15954434.3814038,39.28646,1,-0.4439
2968460,2968460,1328287617.35596,36.9997658388413,15.2675488615687,15954435.0933599,39.409924,1,-0.3204
2968461,2968461,1328287617.35596,36.9997657521542,15.2675490605256,15954435.1011762,36.389614,3,-3.3407
2968462,2968462,1328287617.35596,36.9997658381968,15.2675488630481,15954435.0933599,39.387466,1,-0.3429
2968463,2968463,1328287617.35596,36.9997657445625,15.2675490779495,15954435.1019544,36.12511,3,-3.6052
2968464,2968464,1328287617.35596,36.9997657486223,15.2675490686316,15954435.1015653,36.26656,3,-3.4638
2968465,2968465,1328287617.35596,36.9997657443748,15.2675490783801,15954435.1019563,36.118572,3,-3.6118
2968466,2968466,1328287617.35606,36.9997593635388,15.2675482739901,15954435.8135289,36.31588,3,-3.4145
2968467,2968467,1328287617.35606,36.9997594479141,15.2675480803396,15954435.8060979,39.255634,1,-0.4747
2968468,2968468,1328287617.35616,36.9997530658447,15.2675472791534,15954436.5170429,39.407894,1,-0.3225
2968469,2968469,1328287617.35616,36.9997530618952,15.2675472882178,15954436.5174283,39.27029,1,-0.4601
2968470,2968470,1328287617.35616,36.9997530670872,15.2675472763017,15954436.5170429,39.451187,1,-0.2792
2968471,2968471,1328287617.35616,36.9997530655834,15.267547279753,15954436.5170429,39.398792,1,-0.3316
2968472,2968472,1328287617.35616,36.9997530607939,15.2675472907454,15954436.5174284,39.23192,1,-0.4984
2968473,2968473,1328287617.35626,36.9997465903158,15.267546695463,15954437.2374731,36.26396,3,-3.4664
2968474,2968474,1328287617.35626,36.9997466796981,15.2675464903212,15954437.2293746,39.37817,1,-0.3522
2968475,2968475,1328287617.35626,36.9997465817074,15.2675467152202,15954437.2382445,35.96403,3,-3.7663
2968476,2968476,1328287617.35636,36.9997402902077,15.267545707397,15954437.9417058,39.2607,1,-0.4697
2968477,2968477,1328287617.35636,36.9997402135363,15.2675458833657,15954437.9486512,36.58936,3,-3.141
2968478,2968478,1328287617.35636,36.9997402948636,15.2675456967113,15954437.94132,39.422916,1,-0.3074
2968479,2968479,1328287617.35636,36.9997402858938,15.2675457172978,15954437.9420916,39.110397,0,-0.62
2968480,2968480,1328287617.35656,36.9997275167509,15.2675441281791,15954439.3663665,39.238285,1,-0.4921
2968481,2968481,1328287617.35656,36.9997275237478,15.2675441121205,15954439.3655945,39.482067,1,-0.2483
2968482,2968482,1328287617.35656,36.9997275140569,15.2675441343622,15954439.3663672,39.14442,0,-0.5859
2968483,2968483,1328287617.35656,36.9997275230167,15.2675441137984,15954439.3655947,39.456596,1,-0.2738
2968484,2968484,1328287617.35666,36.9997211334946,15.2675433325595,15954440.0783099,39.32497,1,-0.4054
2968485,2968485,1328287617.35666,36.999721121732,15.2675433595558,15954440.0794686,38.915142,0,-0.8152
2968486,2968486,1328287617.35666,36.9997210503394,15.2675435234085,15954440.0856532,36.427727,3,-3.3026
2968487,2968487,1328287617.35666,36.9997210475365,15.2675435298415,15954440.0860389,36.33007,3,-3.4003
2968488,2968488,1328287617.35666,36.9997211389762,15.2675433199788,15954440.0775379,39.515953,1,-0.2144
2968489,2968489,1328287617.35666,36.9997211281953,15.267543344722,15954440.0786966,39.14033,0,-0.59
2968490,2968490,1328287617.35676,36.9997147500364,15.2675425379429,15954440.790253,39.40031,1,-0.33
2968491,2968491,1328287617.35676,36.9997147503093,15.2675425373164,15954440.790253,39.40982,1,-0.3205
2968492,2968492,1328287617.35676,36.9997147475213,15.2675425437152,15954440.7902535,39.31268,1,-0.4177
2968493,2968493,1328287617.35676,36.9997147536881,15.2675425295618,15954440.7898663,39.527542,1,-0.2028
2968494,2968494,1328287617.35676,36.9997146556883,15.2675427544804,15954440.7987593,36.11309,3,-3.6173
2968495,2968495,1328287617.35686,36.999708364675,15.2675417505359,15954441.5021967,39.371906,1,-0.3585
2968496,2968496,1328287617.35686,36.9997083579685,15.2675417659279,15954441.5029696,39.13824,0,-0.5921
2968497,2968497,1328287617.35686,36.9997083647234,15.2675417504249,15954441.5021967,39.37359,1,-0.3568
2968498,2968498,1328287617.35686,36.9997083561543,15.2675417700917,15954441.5029706,39.07503,0,-0.6553
2968499,2968499,1328287617.35696,36.9997032388032,15.2675380953988,15954442.0995873,82.89852,0,43.1682
2968500,2968500,1328287617.35696,36.9997018766186,15.2675411970629,15954442.2238148,35.794353,3,-3.936
2968501,2968501,1328287617.35696,36.9997019756671,15.2675409697379,15954442.2145265,39.24534,1,-0.485
2968502,2968502,1328287617.35696,36.9997019787276,15.2675409627137,15954442.2145256,39.35197,1,-0.3784
2968503,2968503,1328287617.35696,36.9997019800807,15.2675409596083,15954442.2141398,39.399113,1,-0.3312
2968504,2968504,1328287617.35706,36.9996955933238,15.2675401741865,15954442.9264687,39.346733,1,-0.3836
2968505,2968505,1328287617.35706,36.9996955041511,15.2675403788453,15954442.9346012,36.239838,3,-3.4905
2968506,2968506,1328287617.35706,36.9996955952083,15.2675401698613,15954442.9264678,39.41239,1,-0.318
2968507,2968507,1328287617.35706,36.9996953391928,15.2675407525049,15954442.9497026,30.563778,0,-9.1666
2968508,2968508,1328287617.35706,36.9996955886693,15.267540184869,15954442.9268564,39.184563,1,-0.5458
2968509,2968509,1328287617.35706,36.9996955928999,15.2675401751592,15954442.9264687,39.331966,1,-0.3984
2968510,2968510,1328287617.35716,36.9996892108349,15.2675393841142,15954443.6384114,39.37254,1,-0.3578
2968511,2968511,1328287617.35726,36.9996826966293,15.2675388898171,15954444.3619846,34.90692,0,-4.8234
2968512,2968512,1328287617.35726,36.999682734776,15.2675388047343,15954444.3584961,36.200348,3,-3.53
2968513,2968513,1328287617.35726,36.9996828228881,15.2675386025101,15954444.3507417,39.27029,1,-0.4601
2968514,2968514,1328287617.35726,36.999682740474,15.2675387916569,15954444.3581079,36.398876,3,-3.3315
2968515,2968515,1328287617.35736,36.9996764406447,15.2675378083607,15954445.0622982,39.36258,1,-0.3678
2968516,2968516,1328287617.35736,36.9996764451377,15.267537798049,15954445.06191,39.519123,1,-0.2112
2968517,2968517,1328287617.35736,36.9996763572146,15.2675379998392,15954445.0700544,36.45577,3,-3.2746
2968518,2968518,1328287617.35736,36.9996764379251,15.2675378146026,15954445.0626854,39.267822,1,-0.4625
2968519,2968519,1328287617.35746,36.999670055684,15.2675370209932,15954445.7746271,39.35605,1,-0.3743
2968520,2968520,1328287617.35746,36.9996700555407,15.2675370213222,15954445.7746271,39.351055,1,-0.3793
2968521,2968521,1328287617.35746,36.9996700560398,15.2675370201767,15954445.7746271,39.368443,1,-0.3619
2968522,2968522,1328287617.35746,36.9996700489787,15.2675370363825,15954445.7750162,39.122425,0,-0.6079
2968523,2968523,1328287617.35746,36.9996700482595,15.2675370380331,15954445.7750162,39.097366,0,-0.633
2968524,2968524,1328287617.35756,36.99966556591,15.2675319215831,15954446.3142141,104.84208,0,65.1117
2968525,2968525,1328287617.35756,36.9996636728213,15.2675362293569,15954446.4861845,39.418484,1,-0.3119
2968526,2968526,1328287617.35756,36.99966358299,15.2675364355262,15954446.4943384,36.288647,3,-3.4417
2968527,2968527,1328287617.35756,36.9996636599945,15.2675362587954,15954446.4873489,38.97158,0,-0.7588
2968528,2968528,1328287617.35766,36.9996572879784,15.2675354428121,15954447.1985143,39.40782,1,-0.3225
2968529,2968529,1328287617.35766,36.9996572882478,15.2675354421939,15954447.1981281,39.41721,1,-0.3131
2968530,2968530,1328287617.35766,36.9996571980967,15.2675356490967,15954447.2066711,36.276234,3,-3.4541
2968531,2968531,1328287617.35766,36.9996572780644,15.2675354655654,15954447.1992916,39.06241,0,-0.6679
2968532,2968532,1328287617.35766,36.9996572867537,15.2675354456228,15954447.1985153,39.365154,1,-0.3652
2968533,2968533,1328287617.35766,36.9996572386364,15.2675355560554,15954447.2027887,37.688686,0,-2.0417
2968534,2968534,1328287617.35766,36.9996572020616,15.2675356399971,15954447.2062839,36.41437,3,-3.316
2968535,2968535,1328287617.35776,36.9996508314599,15.2675348213149,15954447.9166807,36.895817,0,-2.8345
2968536,2968536,1328287617.35776,36.9996509057768,15.2675346507527,15954447.9100717,39.48511,1,-0.2452
2968537,2968537,1328287617.35776,36.9996509044991,15.2675346536851,15954447.9100727,39.440598,1,-0.2898
2968538,2968538,1328287617.35776,36.9996508958078,15.2675346736323,15954447.9108499,39.13778,0,-0.5926
2968539,2968539,1328287617.35776,36.9996508170246,15.267534854445,15954447.9182333,36.39287,3,-3.3375
2968540,2968540,1328287617.35776,36.9996508953327,15.2675346747227,15954447.9112362,39.121223,0,-0.6091
2968541,2968541,1328287617.35786,36.9996445168411,15.2675338746967,15954448.6224063,39.32372,1,-0.4066
2968542,2968542,1328287617.35786,36.9996445200162,15.2675338674096,15954448.6224035,39.434345,1,-0.296
2968543,2968543,1328287617.35786,36.9996444353376,15.2675340617527,15954448.6297945,36.48403,3,-3.2463
2968544,2968544,1328287617.35786,36.9996445139307,15.2675338813762,15954448.6227935,39.222317,1,-0.508
2968545,2968545,1328287617.35786,36.9996445101151,15.2675338901333,15954448.6231826,39.089375,0,-0.641
2968546,2968546,1328287617.35786,36.9996444286191,15.2675340771721,15954448.6305708,36.24995,3,-3.4804
2968547,2968547,1328287617.35786,36.9996445177062,15.2675338727114,15954448.6224054,39.35386,1,-0.3765
2968548,2968548,1328287617.35796,36.9996381366774,15.2675330790572,15954449.3339637,39.46392,1,-0.2664
2968549,2968549,1328287617.35796,36.9996381303914,15.2675330934838,15954449.3347391,39.24491,1,-0.4854
2968550,2968550,1328287617.35796,36.9996381357966,15.2675330810787,15954449.334349,39.43323,1,-0.2971
2968551,2968551,1328287617.35806,36.9996317474345,15.2675323048041,15954450.0466865,39.283783,1,-0.4466
2968552,2968552,1328287617.35806,36.9996317536605,15.267532290515,15954450.0459093,39.500706,1,-0.2297
2968553,2968553,1328287617.35806,36.9996317444983,15.2675323115429,15954450.0466884,39.18148,1,-0.5489
2968554,2968554,1328287617.35806,36.9996317512214,15.267532296113,15954450.0462965,39.41572,1,-0.3146
2968555,2968555,1328287617.35816,36.9996253640558,15.267531517642,15954450.7582468,39.30398,1,-0.4264
2968556,2968556,1328287617.35816,36.9996252746679,15.2675317227926,15954450.7664264,36.189594,3,-3.5408
2968557,2968557,1328287617.35816,36.9996252839664,15.2675317014519,15954450.7656454,36.513565,3,-3.2168
2968558,2968558,1328287617.35816,36.9996253519806,15.2675315453554,15954450.759415,38.883266,0,-0.8471
2968559,2968559,1328287617.35826,36.9996187729158,15.2675312053876,15954451.4892858,32.117214,0,-7.6131
2968560,2968560,1328287617.35826,36.9996189812538,15.2675307297068,15954451.4701952,39.34031,1,-0.39
2968561,2968561,1328287617.35826,36.9996189783024,15.2675307364804,15954451.4705833,39.23748,1,-0.4929
2968562,2968562,1328287617.35836,36.9996125081273,15.2675301519218,15954452.1903318,36.192547,3,-3.5378
2968563,2968563,1328287617.35836,36.9996125990204,15.2675299433172,15954452.1817583,39.359375,1,-0.371
2968564,2968564,1328287617.35836,36.9996125089534,15.2675301500259,15954452.1899465,36.221333,3,-3.509
2968565,2968565,1328287617.35846,36.9996061350142,15.2675293428516,15954452.9011186,36.558605,3,-3.1718
2968566,2968566,1328287617.35846,36.9996062172862,15.267529154033,15954452.8937067,39.425064,1,-0.3053
2968567,2968567,1328287617.35846,36.9996062144841,15.267529160464,15954452.8937105,39.327435,1,-0.4029
2968568,2968568,1328287617.35846,36.9996062138608,15.2675291618944,15954452.8940958,39.305717,1,-0.4246
2968569,2968569,1328287617.35856,36.9995998319082,15.267528373663,15954453.6056608,39.359913,1,-0.3704
2968570,2968570,1328287617.35856,36.9995998310956,15.2675283755279,15954453.6056608,39.3316,1,-0.3988
2968571,2968571,1328287617.35856,36.9995998310555,15.26752837562,15954453.6056608,39.330204,1,-0.4002
2968572,2968572,1328287617.35856,36.9995997105323,15.2675286497602,15954453.6165899,35.16668,0,-4.5637
2968573,2968573,1328287617.35856,36.9995998330227,15.2675283711052,15954453.6056589,39.398743,1,-0.3316
2968574,2968574,1328287617.35856,36.9995998365158,15.2675283630883,15954453.6052698,39.520447,1,-0.2099
2968575,2968575,1328287617.35866,36.9995933615862,15.2675277887957,15954454.3254255,36.33135,3,-3.399
2968576,2968576,1328287617.35876,36.9995870606034,15.2675268135388,15954455.0295728,39.23207,1,-0.4983
2968577,2968577,1328287617.35876,36.9995870421162,15.2675268559676,15954455.0315221,38.58796,0,-1.1424
2968578,2968578,1328287617.35876,36.9995869762258,15.2675270071893,15954455.0373853,36.292255,3,-3.4381
2968579,2968579,1328287617.35876,36.9995869686031,15.2675270246838,15954455.0381654,36.026672,3,-3.7037
2968580,2968580,1328287617.35876,36.9995870631921,15.2675268075975,15954455.029569,39.322266,1,-0.4081
2968581,2968581,1328287617.35886,36.999580601564,15.2675262038816,15954455.7485632,36.588963,3,-3.1414
2968582,2968582,1328287617.35886,36.9995806803668,15.2675260230257,15954455.7411398,39.334545,1,-0.3958
2968583,2968583,1328287617.35886,36.999580597122,15.2675262140763,15954455.7489542,36.434196,3,-3.2962
2968584,2968584,1328287617.35896,36.999574301981,15.2675252309547,15954456.4519793,39.466957,1,-0.2634
2968585,2968585,1328287617.35906,36.9995701591451,15.2675193510203,15954456.9599622,116.87483,0,77.1445
2968586,2968586,1328287617.35906,36.9995678270647,15.2675246588409,15954457.1720141,36.26314,3,-3.4672
2968587,2968587,1328287617.35906,36.9995678306806,15.2675246505423,15954457.1716284,36.389122,3,-3.3412
2968588,2968588,1328287617.35906,36.9995679141269,15.2675244590297,15954457.1639163,39.296486,1,-0.4339
2968589,2968589,1328287617.35916,36.999561284786,15.2675242369462,15954457.8982296,30.779907,0,-8.9505
2968590,2968590,1328287617.35916,36.9995614403228,15.2675238849165,15954457.8839551,36.127686,3,-3.6027
2968591,2968591,1328287617.35916,36.9995615335108,15.2675236710464,15954457.8758524,39.374462,1,-0.3559
2968592,2968592,1328287617.35926,36.9995550444982,15.2675231323904,15954458.5970535,35.672073,3,-4.0583
2968593,2968593,1328287617.35926,36.9995551346495,15.2675229254898,15954458.588947,38.813046,0,-0.9173
2968594,2968594,1328287617.35926,36.9995551443066,15.2675229033264,15954458.588175,39.149513,0,-0.5808
2968595,2968595,1328287617.35926,36.9995551469433,15.2675228972751,15954458.587789,39.241375,1,-0.489
2968596,2968596,1328287617.35936,36.9995487713145,15.2675220989526,15954459.298953,39.485725,1,-0.2446
2968597,2968597,1328287617.35936,36.9995487674773,15.2675221077591,15954459.299339,39.35203,1,-0.3783
2968598,2968598,1328287617.35936,36.9995487634503,15.2675221170012,15954459.2997253,39.211727,1,-0.5186
2968599,2968599,1328287617.35946,36.9995422948872,15.2675215325198,15954460.0190043,36.214478,3,-3.5159
2968600,2968600,1328287617.35956,36.9995360011056,15.2675205474622,15954460.7228255,39.303192,1,-0.4272
2968601,2968601,1328287617.35956,36.9995360058442,15.2675205365869,15954460.7224393,39.46829,1,-0.2621
2968602,2968602,1328287617.35956,36.9995359189642,15.2675207359794,15954460.7301716,36.44129,3,-3.2891
2968603,2968603,1328287617.35966,36.9995296145761,15.267519775818,15954461.4347629,39.156857,0,-0.5735
2968604,2968604,1328287617.35966,36.9995295277331,15.2675199751254,15954461.4428849,36.131145,3,-3.5992
2968605,2968605,1328287617.35966,36.9995296177213,15.2675197685996,15954461.4347615,39.266438,1,-0.4639
2968606,2968606,1328287617.35966,36.9995296215301,15.2675197598584,15954461.4343753,39.39914,1,-0.3312
2968607,2968607,1328287617.35966,36.9995296180446,15.2675197678578,15954461.4343762,39.2777,1,-0.4527
2968608,2968608,1328287617.35976,36.9995231319926,15.2675192251743,15954462.155601,35.66031,3,-4.07
2968609,2968609,1328287617.35976,36.9995232369407,15.2675189843153,15954462.1463117,39.31682,1,-0.4135
2968610,2968610,1328287617.35976,36.9995230495384,15.2675194119427,15954462.1633401,32.823162,0,-6.9072
2968611,2968611,1328287617.35976,36.9995231250178,15.2675192387151,15954462.1563739,35.45295,0,-4.2774
2968612,2968612,1328287617.35976,36.9995232366158,15.2675189850609,15954462.1463117,39.3055,1,-0.4249
2968613,2968613,1328287617.35976,36.9995232381198,15.2675189816093,15954462.145926,39.3579,1,-0.3725
2968614,2968614,1328287617.35976,36.9995232389032,15.2675189798113,15954462.1459255,39.385197,1,-0.3452
2968615,2968615,1328287617.35986,36.9995164357939,15.267519157937,15954462.8958096,24.82459,0,-14.9058
2968616,2968616,1328287617.35986,36.9995168503836,15.2675182138417,15954462.8582492,39.16239,0,-0.568
2968617,2968617,1328287617.35986,36.9995167578743,15.2675184261533,15954462.8667674,35.939262,3,-3.7911
2968618,2968618,1328287617.35986,36.999516853388,15.2675182069466,15954462.8578629,39.267067,1,-0.4633
2968619,2968619,1328287617.35986,36.9995168546799,15.2675182039816,15954462.857862,39.31208,1,-0.4183
2968620,2968620,1328287617.35986,36.9995167606298,15.2675184198294,15954462.8663811,36.035267,3,-3.6951
2968621,2968621,1328287617.35986,36.9995168536062,15.2675182064458,15954462.8578624,39.27467,1,-0.4557
2968622,2968622,1328287617.35986,36.9995168558722,15.2675182012454,15954462.8578615,39.35362,1,-0.3767
2968623,2968623,1328287617.35986,36.9995168572573,15.2675181980663,15954462.8574757,39.401882,1,-0.3285
2968624,2968624,1328287617.35996,36.9995104766629,15.2675174144619,15954463.569026,39.45167,1,-0.2787
2968625,2968625,1328287617.35996,36.999510477533,15.2675174124651,15954463.569026,39.481987,1,-0.2484
2968626,2968626,1328287617.35996,36.9995104752318,15.2675174177463,15954463.5694127,39.401814,1,-0.3285
2968627,2968627,1328287617.35996,36.9995103120323,15.2675177898271,15954463.5841345,33.751408,0,-5.979
2968628,2968628,1328287617.36006,36.9995040930963,15.2675166382323,15954464.2809639,39.39441,1,-0.3359
2968629,2968629,1328287617.36006,36.9995040837077,15.2675166597794,15954464.2817392,39.067303,0,-0.6631
2968630,2968630,1328287617.36006,36.9995040760762,15.2675166772937,15954464.2825136,38.801414,0,-0.9289
2968631,2968631,1328287617.36016,36.9994976125156,15.2675160852058,15954465.0014352,35.953594,3,-3.7768
2968632,2968632,1328287617.36016,36.9994976223989,15.2675160625232,15954465.000659,36.297943,3,-3.4324
2968633,2968633,1328287617.36016,36.9994977054481,15.2675158719234,15954464.9929037,39.191467,1,-0.5389
2968634,2968634,1328287617.36016,36.9994976102195,15.2675160904753,15954465.0018224,35.8736,3,-3.8568
2968635,2968635,1328287617.36026,36.9994913282037,15.2675150822905,15954465.7044534,39.347565,1,-0.3828
2968636,2968636,1328287617.36026,36.9994913304072,15.2675150772335,15954465.7040662,39.424335,1,-0.306
2968637,2968637,1328287617.36036,36.9994849520174,15.2675142930809,15954466.4152326,39.50397,1,-0.2264
2968638,2968638,1328287617.36036,36.9994849457063,15.2675143075651,15954466.416007,39.284084,1,-0.4463
2968639,2968639,1328287617.36036,36.9994849223439,15.2675143611823,15954466.4179506,38.47011,0,-1.2602
2968640,2968640,1328287617.36036,36.9994848565044,15.2675145122855,15954466.42416,36.17619,3,-3.5542
2968641,2968641,1328287617.36036,36.9994848620681,15.2675144995167,15954466.4233846,36.370037,3,-3.3603
2968642,2968642,1328287617.36046,36.9994784778127,15.2675137316767,15954467.1353321,36.208786,3,-3.5216
2968643,2968643,1328287617.36046,36.9994785657008,15.2675135299715,15954467.1271763,39.27091,1,-0.4594
2968644,2968644,1328287617.36046,36.9994785699795,15.2675135201518,15954467.1267881,39.419983,1,-0.3104
2968645,2968645,1328287617.36046,36.999478569758,15.2675135206601,15954467.1271734,39.412266,1,-0.3181
2968646,2968646,1328287617.36046,36.9994785675048,15.2675135258313,15954467.1271753,39.33376,1,-0.3966
2968647,2968647,1328287617.36056,36.9994721837915,15.2675127527031,15954467.839117,39.254295,1,-0.4761
2968648,2968648,1328287617.36056,36.999472092874,15.2675129613605,15954467.8472795,36.086628,3,-3.6437
2968649,2968649,1328287617.36056,36.9994721868113,15.2675127457726,15954467.8387289,39.359505,1,-0.3709
2968650,2968650,1328287617.36066,36.9994658023553,15.267511974901,15954468.5506735,39.250828,1,-0.4795
2968651,2968651,1328287617.36066,36.9994658074462,15.2675119632172,15954468.5502834,39.4282,1,-0.3022
2968652,2968652,1328287617.36076,36.9994594255061,15.2675111871238,15954469.2618398,39.403862,1,-0.3265
2968653,2968653,1328287617.36086,36.9994530407523,15.2675104180393,15954469.9734001,39.27821,1,-0.4521
2968654,2968654,1328287617.36086,36.9994529401139,15.2675106490062,15954469.9827394,35.771854,3,-3.9585
2968655,2968655,1328287617.36086,36.9994530444262,15.2675104096077,15954469.9733963,39.40621,1,-0.3241
2968656,2968656,1328287617.36086,36.9994530422779,15.2675104145379,15954469.9733982,39.331364,1,-0.399
2968657,2968657,1328287617.36096,36.9994464216224,15.2675101824699,15954470.7067651,31.054674,0,-8.6757
2968658,2968658,1328287617.36096,36.9994466566245,15.2675096480694,15954470.6853475,39.17111,0,-0.5592
2968659,2968659,1328287617.36096,36.99944666341,15.2675096324966,15954470.6849556,39.40752,1,-0.3228
2968660,2968660,1328287617.36096,36.9994466640737,15.2675096309735,15954470.6845693,39.430645,1,-0.2997
2968661,2968661,1328287617.36106,36.9994401875377,15.2675090736326,15954471.4050874,36.10071,3,-3.6296
2968662,2968662,1328287617.36106,36.9994402816719,15.2675088575932,15954471.3965168,39.38045,1,-0.3499
2968663,2968663,1328287617.36106,36.9994402777066,15.2675088666936,15954471.3965206,39.2423,1,-0.4881
2968664,2968664,1328287617.36106,36.9994401793714,15.2675090923744,15954471.4054813,35.81619,3,-3.9142
2968665,2968665,1328287617.36106,36.9994402751622,15.267508872533,15954471.3969087,39.153645,0,-0.5767
2968666,2968666,1328287617.36106,36.9994402807068,15.267508859808,15954471.3965177,39.34683,1,-0.3835
2968667,2968667,1328287617.36116,36.9994338110595,15.2675082872081,15954472.115879,36.253696,3,-3.4767
2968668,2968668,1328287617.36126,36.9994275157994,15.2675073149366,15954472.8196449,39.23324,1,-0.4971
2968669,2968669,1328287617.36126,36.9994274987415,15.2675073540848,15954472.8212051,38.63892,0,-1.0914
2968670,2968670,1328287617.36126,36.9994273995894,15.2675075791737,15954472.8301754,35.22,0,-4.5104
2968671,2968671,1328287617.36126,36.9994275148026,15.2675073172244,15954472.8196468,39.198505,1,-0.5319
2968672,2968672,1328287617.36126,36.9994274215628,15.2675075312111,15954472.8282261,35.94993,3,-3.7804
2968673,2968673,1328287617.36126,36.9994275188322,15.2675073079764,15954472.8192558,39.3389,1,-0.3915
2968674,2968674,1328287617.36136,36.9994211442829,15.2675065182244,15954473.5304279,39.55277,1,-0.1776
2968675,2968675,1328287617.36136,36.9994211290172,15.2675065532593,15954473.5316009,39.020897,0,-0.7095
2968676,2968676,1328287617.36156,36.9994083789439,15.2675049776385,15954474.9535656,39.405334,1,-0.325
2968677,2968677,1328287617.36156,36.9994083797476,15.267504975794,15954474.9535656,39.43334,1,-0.297
2968678,2968678,1328287617.36156,36.9994083765401,15.2675049831554,15954474.9539547,39.321583,1,-0.4088
2968679,2968679,1328287617.36156,36.9994083809077,15.2675049731317,15954474.9535637,39.473755,1,-0.2566
2968680,2968680,1328287617.36166,36.9994019033077,15.2675044215273,15954475.6737346,36.08794,3,-3.6424
2968681,2968681,1328287617.36166,36.9994019961071,15.2675042085516,15954475.6651363,39.321175,1,-0.4092
2968682,2968682,1328287617.36166,36.9994019919989,15.2675042179798,15954475.6655273,39.178043,1,-0.5523
2968683,2968683,1328287617.36176,36.9993956165466,15.2675034323218,15954476.37575,39.350605,1,-0.3798
2968684,2968684,1328287617.36176,36.9993956152394,15.2675034353219,15954476.3761352,39.305058,1,-0.4253
2968685,2968685,1328287617.36186,36.9993892308149,15.2675026709725,15954477.087682,39.159527,0,-0.5708
2968686,2968686,1328287617.36186,36.9993891463737,15.2675028647657,15954477.0953934,36.217506,3,-3.5129
2968687,2968687,1328287617.36186,36.999389226754,15.2675026802921,15954477.0880675,39.018044,0,-0.7123
2968688,2968688,1328287617.36186,36.9993892312256,15.2675026700299,15954477.087682,39.17384,0,-0.5565
2968689,2968689,1328287617.36186,36.9993892391277,15.2675026518945,15954477.0869108,39.449158,1,-0.2812
2968690,2968690,1328287617.36196,36.9993828577667,15.2675018810599,15954477.7984571,39.407383,1,-0.323
2968691,2968691,1328287617.36196,36.9993828574474,15.2675018817928,15954477.7984571,39.396255,1,-0.3341
2968692,2968692,1328287617.36196,36.9993828557427,15.267501885705,15954477.7988425,39.336864,1,-0.3935
2968693,2968693,1328287617.36196,36.999382856152,15.2675018847658,15954477.7984573,39.351124,1,-0.3792
2968694,2968694,1328287617.36206,36.9993764671234,15.2675011320735,15954478.5107758,39.039246,0,-0.6911
2968695,2968695,1328287617.36206,36.9993764773544,15.2675011085934,15954478.5100036,39.395702,1,-0.3347
2968696,2968696,1328287617.36206,36.9993764773812,15.2675011085317,15954478.5100036,39.39664,1,-0.3337
2968697,2968697,1328287617.36216,36.9993700991665,15.2675003315661,15954479.2211642,39.4586,1,-0.2718
2968698,2968698,1328287617.36216,36.9993699925724,15.2675005762005,15954479.2308185,35.74474,3,-3.9856
2968699,2968699,1328287617.36216,36.999370097282,15.267500335891,15954479.2211645,39.39294,1,-0.3374
2968700,2968700,1328287617.36216,36.9993699980024,15.2675005637386,15954479.2304323,35.933926,3,-3.7964
2968701,2968701,1328287617.36226,36.9993637134338,15.2674995723977,15954479.9330976,39.255722,1,-0.4746
2968702,2968702,1328287617.36226,36.9993637164069,15.2674995655743,15954479.9327114,39.35931,1,-0.371
2968703,2968703,1328287617.36236,36.9993573381944,15.26749878969,15954480.6438725,39.415573,1,-0.3148
2968704,2968704,1328287617.36236,36.9993572422922,15.2674990097862,15954480.6527631,36.07423,3,-3.6561
2968705,2968705,1328287617.36246,36.9993508546562,15.2674982583676,15954481.3647034,35.7662,3,-3.9642
2968706,2968706,1328287617.36246,36.9993508622881,15.2674982408523,15954481.36393,36.032104,3,-3.6983
2968707,2968707,1328287617.36256,36.9993445789896,15.2674972482225,15954482.0665829,39.389614,1,-0.3407
2968708,2968708,1328287617.36256,36.99934458075,15.2674972441823,15954482.066582,39.45095,1,-0.2794
2968709,2968709,1328287617.36266,36.9993382002239,15.2674964752308,15954482.777745,39.41815,1,-0.3122
2968710,2968710,1328287617.36266,36.9993382028292,15.2674964692516,15954482.7773583,39.508923,1,-0.2214
2968711,2968711,1328287617.36266,36.9993382029189,15.2674964690457,15954482.7773578,39.51205,1,-0.2183
2968712,2968712,1328287617.36266,36.9993381980713,15.2674964801711,15954482.7781312,39.34315,1,-0.3872
2968713,2968713,1328287617.36266,36.9993381979518,15.2674964804454,15954482.7781312,39.33899,1,-0.3914
2968714,2968714,1328287617.36276,36.9993318177776,15.2674957112254,15954483.4892952,39.31569,1,-0.4147
2968715,2968715,1328287617.36276,36.9993317205829,15.267495934288,15954483.4982045,35.929314,3,-3.801
2968716,2968716,1328287617.36286,36.9993254379416,15.2674949417679,15954484.2008455,39.301434,1,-0.4289
2968717,2968717,1328287617.36296,36.9993190576759,15.2674941715374,15954484.9120099,39.302624,1,-0.4277
2968718,2968718,1328287617.36296,36.9993190593917,15.2674941675998,15954484.9120099,39.3624,1,-0.368
2968719,2968719,1328287617.36296,36.9993190567882,15.2674941735747,15954484.9120109,39.271694,1,-0.4587
2968720,2968720,1328287617.36296,36.9993190608353,15.2674941642867,15954484.9116228,39.412697,1,-0.3177
2968721,2968721,1328287617.36296,36.999318962419,15.2674943901528,15954484.9205425,35.98376,3,-3.7466
2968722,2968722,1328287617.36296,36.9993190560989,15.2674941751567,15954484.9120119,39.247677,1,-0.4827
2968723,2968723,1328287617.36306,36.9993126334934,15.2674935072256,15954485.6274431,37.704777,0,-2.0256
2968724,2968724,1328287617.36316,36.9993062045001,15.2674928521933,15954486.3432701,35.969788,3,-3.7606
2968725,2968725,1328287617.36316,36.9993061874039,15.2674928889626,15954486.3448226,35.409786,0,-4.3206
2968726,2968726,1328287617.36316,36.9993062111817,15.267492836859,15954486.3424947,36.202583,3,-3.5278
2968727,2968727,1328287617.36316,36.9993063036563,15.2674926246292,15954486.3343408,39.424503,1,-0.3059
2968728,2968728,1328287617.36326,36.9992999219861,15.2674918615244,15954487.045512,39.335682,1,-0.3947
2968729,2968729,1328287617.36326,36.9992996579531,15.2674924625486,15954487.0695903,30.207771,0,-9.5226
2968730,2968730,1328287617.36326,36.999299917732,15.2674918712875,15954487.0458991,39.187466,1,-0.5429
2968731,2968731,1328287617.36326,36.9992998246047,15.2674920850153,15954487.0544441,35.942802,3,-3.7876
2968732,2968732,1328287617.36336,36.9992935441922,15.2674910900565,15954487.7566793,39.379322,1,-0.351
2968733,2968733,1328287617.36336,36.99929354455,15.2674910892356,15954487.7566793,39.391785,1,-0.3386
2968734,2968734,1328287617.36336,36.9992935433663,15.2674910919521,15954487.7566802,39.35054,1,-0.3798
2968735,2968735,1328287617.36346,36.9992871612186,15.2674903310083,15954488.4682376,39.239918,1,-0.4904
2968736,2968736,1328287617.36346,36.9992871624372,15.2674903282116,15954488.4682367,39.282375,1,-0.448
2968737,2968737,1328287617.36346,36.9992870573366,15.2674905694184,15954488.4775712,35.620544,3,-4.1098
2968738,2968738,1328287617.36346,36.9992871601418,15.2674903334795,15954488.4682386,39.202404,1,-0.528
2968739,2968739,1328287617.36346,36.999287065791,15.2674905500154,15954488.4771783,35.915108,3,-3.8153
2968740,2968740,1328287617.36346,36.9992871685436,15.2674903141973,15954488.4678476,39.49513,1,-0.2352
2968741,2968741,1328287617.36356,36.9992807827499,15.2674895621523,15954489.1794097,39.25493,1,-0.4754
2968742,2968742,1328287617.36356,36.9992807869663,15.2674895524755,15954489.1790206,39.401836,1,-0.3285
2968743,2968743,1328287617.36356,36.9992806912229,15.2674897722074,15954489.1879651,36.06602,3,-3.6643
2968744,2968744,1328287617.36356,36.9992806882011,15.2674897791425,15954489.187969,35.96074,3,-3.7696
2968745,2968745,1328287617.36366,36.9992744069039,15.2674887878067,15954489.8905809,39.35881,1,-0.3715
2968746,2968746,1328287617.36366,36.9992743114245,15.2674890069327,15954489.8991449,36.032192,3,-3.6982
2968747,2968747,1328287617.36376,36.9992680281475,15.2674880252604,15954490.6013734,39.29257,1,-0.4378
2968748,2968748,1328287617.36376,36.9992680254664,15.2674880314134,15954490.6017606,39.199154,1,-0.5312
2968749,2968749,1328287617.36376,36.9992680286569,15.2674880240913,15954490.6013734,39.310314,1,-0.42
2968750,2968750,1328287617.36376,36.9992679297583,15.2674882510643,15954490.6103294,35.86457,3,-3.8658
2968751,2968751,1328287617.36376,36.999267931056,15.2674882480863,15954490.6103284,35.909782,3,-3.8206
2968752,2968752,1328287617.36386,36.9992615241476,15.2674875436181,15954491.3242328,34.962112,0,-4.7682
2968753,2968753,1328287617.36396,36.9992551697778,15.2674867263282,15954492.0330837,35.738106,3,-3.9923
2968754,2968754,1328287617.36396,36.9992552757153,15.2674864832007,15954492.023339,39.429096,1,-0.3013
2968755,2968755,1328287617.36396,36.9992552703622,15.267486495486,15954492.0241153,39.24259,1,-0.4878
2968756,2968756,1328287617.36406,36.9992487930135,15.2674859561965,15954492.7438819,35.80021,3,-3.9301
2968757,2968757,1328287617.36406,36.9992488938739,15.2674857247209,15954492.7349079,39.31431,1,-0.416
2968758,2968758,1328287617.36406,36.9992488953048,15.267485721437,15954492.7349059,39.364162,1,-0.3662
2968759,2968759,1328287617.36406,36.9992488933016,15.2674857260342,15954492.7349079,39.29437,1,-0.436
2968760,2968760,1328287617.36416,36.999242516387,15.2674849567708,15954493.4460876,39.34886,1,-0.3815
2968761,2968761,1328287617.36416,36.9992425132951,15.2674849638667,15954493.4460914,39.241135,1,-0.4892
2968762,2968762,1328287617.36416,36.9992425155537,15.2674849586831,15954493.4460895,39.319828,1,-0.4105
2968763,2968763,1328287617.36416,36.9992425154309,15.2674849589649,15954493.4460895,39.315548,1,-0.4148
2968764,2968764,1328287617.36426,36.9992361325941,15.2674842038149,15954494.1576641,39.161354,0,-0.569
2968765,2968765,1328287617.36426,36.9992361444537,15.267484176597,15954494.1564929,39.57456,1,-0.1558
2968766,2968766,1328287617.36426,36.9992360378167,15.2674844213301,15954494.1662547,35.85919,3,-3.8712
2968767,2968767,1328287617.36426,36.9992358363044,15.2674848788696,15954494.1846015,28.909565,0,-10.8208
2968768,2968768,1328287617.36426,36.9992361429007,15.2674841801611,15954494.1564968,39.52045,1,-0.2099
2968769,2968769,1328287617.36426,36.9992360447334,15.2674844054562,15954494.1654746,36.100178,3,-3.6302
2968770,2968770,1328287617.36426,36.9992361382655,15.2674841907991,15954494.1568878,39.35895,1,-0.3714
2968771,2968771,1328287617.36426,36.9992361383056,15.267484190707,15954494.1568878,39.360348,1,-0.37
2968772,2968772,1328287617.36436,36.9992297614571,15.2674834200394,15954494.8680694,39.445583,1,-0.2848
2968773,2968773,1328287617.36436,36.9992296627609,15.2674836465481,15954494.877053,36.00689,3,-3.7235
2968774,2968774,1328287617.36446,36.9992232648,15.2674829246814,15954495.5898139,35.356785,0,-4.3736
2968775,2968775,1328287617.36446,36.9992232795181,15.2674828933699,15954495.5886409,35.83393,3,-3.8964
2968776,2968776,1328287617.36446,36.9992233836638,15.2674826543543,15954495.5792568,39.462498,1,-0.2679
2968777,2968777,1328287617.36446,36.9992232829701,15.2674828854475,15954495.5882499,35.954205,3,-3.7762
2968778,2968778,1328287617.36456,36.9992170017366,15.2674819008086,15954496.2898937,39.302315,1,-0.428
2968779,2968779,1328287617.36456,36.9992170066584,15.267481889513,15954496.2891231,39.473797,1,-0.2566
2968780,2968780,1328287617.36456,36.9992169999641,15.2674819048767,15954496.2898937,39.24056,1,-0.4898
2968781,2968781,1328287617.36476,36.9992039903755,15.2674809540941,15954497.7349753,30.484715,0,-9.2456
2968782,2968782,1328287617.36476,36.9992042475531,15.2674803688016,15954497.711831,39.373795,1,-0.3566
2968783,2968783,1328287617.36486,36.9991978718145,15.2674796004632,15954498.4226069,39.453392,1,-0.277
2968784,2968784,1328287617.36486,36.9991978572108,15.2674796339789,15954498.4237651,38.94458,0,-0.7858
2968785,2968785,1328287617.36486,36.9991978697429,15.2674796052177,15954498.4226074,39.381214,1,-0.3491
2968786,2968786,1328287617.36486,36.9991978688472,15.2674796072732,15954498.4229929,39.35001,1,-0.3803
2968787,2968787,1328287617.36486,36.9991978697919,15.2674796051051,15954498.4226074,39.382923,1,-0.3474
2968788,2968788,1328287617.36496,36.9991914891864,15.2674788484483,15954499.1341552,39.290787,1,-0.4396
2968789,2968789,1328287617.36496,36.9991913935155,15.2674790680144,15954499.1426508,35.957493,3,-3.7729
2968790,2968790,1328287617.36496,36.9991914832567,15.2674788620571,15954499.1345417,39.08419,0,-0.6462
2968791,2968791,1328287617.36496,36.9991914922976,15.267478841308,15954499.1337692,39.39919,1,-0.3312
2968792,2968792,1328287617.36496,36.9991914946937,15.267478835809,15954499.1333837,39.48267,1,-0.2477
2968793,2968793,1328287617.36496,36.9991914890071,15.2674788488597,15954499.1341552,39.284542,1,-0.4458
2968794,2968794,1328287617.36506,36.9991851126389,15.2674780829885,15954499.8449325,39.33791,1,-0.3924
2968795,2968795,1328287617.36516,36.9991787340387,15.2674773227482,15954500.5560963,39.31141,1,-0.4189
2968796,2968796,1328287617.36526,36.9991722537069,15.2674767964905,15954501.2765424,35.738373,3,-3.992
2968797,2968797,1328287617.36536,36.9991659784403,15.2674758001101,15954501.9780404,39.30802,1,-0.4223
2968798,2968798,1328287617.36536,36.999165983908,15.2674757875617,15954501.9776532,39.49852,1,-0.2318
2968799,2968799,1328287617.36536,36.9991659801478,15.2674757961914,15954501.9780399,39.36751,1,-0.3628
2968800,2968800,1328287617.36536,36.9991659815404,15.2674757929954,15954501.9780394,39.41603,1,-0.3143
2968801,2968801,1328287617.36546,36.999159601222,15.2674750382143,15954502.6892068,39.323517,1,-0.4068
2968802,2968802,1328287617.36546,36.9991596033761,15.2674750332707,15954502.6888205,39.398567,1,-0.3318
2968803,2968803,1328287617.36556,36.9991531235711,15.2674745073154,15954503.4092838,35.837807,3,-3.8926
2968804,2968804,1328287617.36556,36.999152958866,15.2674748803834,15954503.4243886,30.170572,0,-9.5598
2968805,2968805,1328287617.36556,36.999153217527,15.2674742916846,15954503.4007618,39.111355,0,-0.619
2968806,2968806,1328287617.36566,36.9991468492153,15.2674735103501,15954504.1107699,39.4332,1,-0.2972
2968807,2968807,1328287617.36566,36.9991468460575,15.2674735175974,15954504.1111562,39.323177,1,-0.4072
2968808,2968808,1328287617.36566,36.9991468430633,15.2674735244691,15954504.1115434,39.218857,1,-0.5115
2968809,2968809,1328287617.36576,36.9991404148074,15.2674728973468,15954504.8269851,35.91261,3,-3.8177
2968810,2968810,1328287617.36576,36.9991405158381,15.2674726654789,15954504.8176791,39.432667,1,-0.2977
2968811,2968811,1328287617.36576,36.9991405133222,15.2674726712529,15954504.8180663,39.34501,1,-0.3853
2968812,2968812,1328287617.36586,36.9991341341632,15.2674719147687,15954505.5288503,39.384106,1,-0.3463
2968813,2968813,1328287617.36586,36.9991341358556,15.2674719108845,15954505.5288493,39.443073,1,-0.2873
2968814,2968814,1328287617.36596,36.9991276379279,15.2674714272991,15954506.2508876,35.344788,0,-4.3856
2968815,2968815,1328287617.36596,36.9991277515506,15.2674711689989,15954506.2404096,39.267918,1,-0.4624
2968816,2968816,1328287617.36596,36.9991277570624,15.267471156349,15954506.2400195,39.45996,1,-0.2704
2968817,2968817,1328287617.36606,36.9991212652831,15.2674706593182,15954506.961292,35.571533,3,-4.1588
2968818,2968818,1328287617.36606,36.9991212790146,15.2674706278039,15954506.9601256,36.04996,3,-3.6804
2968819,2968819,1328287617.36606,36.9991213739187,15.2674704099966,15954506.9515807,39.35656,1,-0.3738
2968820,2968820,1328287617.36616,36.999114891029,15.2674698930548,15954507.6720816,35.77604,3,-3.9543
2968821,2968821,1328287617.36616,36.9991149954084,15.2674696535011,15954507.6623704,39.41277,1,-0.3176
2968822,2968822,1328287617.36616,36.9991148935694,15.2674698872245,15954507.6716945,35.864548,3,-3.8658
2968823,2968823,1328287617.36616,36.9991148900869,15.267469895217,15954507.6720826,35.743214,3,-3.9871
2968824,2968824,1328287617.36626,36.9991086132569,15.2674689058517,15954508.3739344,39.340298,1,-0.3901
2968825,2968825,1328287617.36626,36.9991086175193,15.2674688960693,15954508.3735453,39.488808,1,-0.2416
2968826,2968826,1328287617.36626,36.9991086108795,15.2674689113078,15954508.3743216,39.257465,1,-0.4729
2968827,2968827,1328287617.36636,36.9991021332485,15.2674683809806,15954509.0940606,35.889652,3,-3.8407
2968828,2968828,1328287617.36636,36.9991022317784,15.2674681548517,15954509.0851132,39.32258,1,-0.4078
2968829,2968829,1328287617.36636,36.9991021319591,15.2674683839398,15954509.0944468,35.84473,3,-3.8856
2968830,2968830,1328287617.36636,36.9991022367289,15.2674681434902,15954509.0847241,39.495064,1,-0.2353
2968831,2968831,1328287617.36646,36.999095749102,15.2674676388837,15954509.8056361,35.744045,3,-3.9863
2968832,2968832,1328287617.36646,36.9990957505918,15.2674676354644,15954509.8056342,35.795956,3,-3.9344
2968833,2968833,1328287617.36656,36.9990894775613,15.2674666411305,15954510.5070893,39.48687,1,-0.2435
2968834,2968834,1328287617.36666,36.9990830957437,15.2674658946549,15954511.2182776,39.418804,1,-0.3116
2968835,2968835,1328287617.36666,36.9990829968123,15.2674661217058,15954511.2276236,35.971886,3,-3.7585
2968836,2968836,1328287617.36676,36.9990767025542,15.2674651747587,15954511.9306342,38.952732,0,-0.7776
2968837,2968837,1328287617.36676,36.9990767159625,15.2674651439861,15954511.929464,39.4199,1,-0.3105
2968838,2968838,1328287617.36676,36.9990767153589,15.2674651453715,15954511.929465,39.398865,1,-0.3315
2968839,2968839,1328287617.36676,36.9990767124031,15.2674651521551,15954511.9298541,39.29588,1,-0.4345
2968840,2968840,1328287617.36676,36.9990766123209,15.2674653818473,15954511.9392058,35.80887,3,-3.9215
2968841,2968841,1328287617.36676,36.9990767152452,15.2674651456325,15954511.9298503,39.394905,1,-0.3355
2968842,2968842,1328287617.36686,36.9990703285012,15.2674644114225,15954512.6414334,39.15161,0,-0.5787
2968843,2968843,1328287617.36686,36.9990703253754,15.2674644185962,15954512.6418225,39.042706,0,-0.6877
2968844,2968844,1328287617.36696,36.9990636374267,15.2674643712061,15954513.381107,28.374521,0,-11.3558
2968845,2968845,1328287617.36696,36.9990638436082,15.267463902945,15954513.3619935,35.48688,3,-4.2435
2968846,2968846,1328287617.36696,36.9990639544438,15.267463648573,15954513.3522355,39.34856,1,-0.3818
2968847,2968847,1328287617.36706,36.9990575779081,15.2674628964734,15954514.0630433,39.391136,1,-0.3392
2968848,2968848,1328287617.36716,36.9990511010545,15.2674623704934,15954514.7828404,36.00296,3,-3.7274
2968849,2968849,1328287617.36716,36.999051197318,15.2674621495649,15954514.774244,39.356922,1,-0.3734
2968850,2968850,1328287617.36716,36.9990511966276,15.2674621511493,15954514.7742459,39.33287,1,-0.3975
2968851,2968851,1328287617.36716,36.9990511872749,15.2674621726142,15954514.775026,39.007008,0,-0.7234
2968852,2968852,1328287617.36726,36.9990447164394,15.2674616332937,15954515.494436,35.82674,3,-3.9036
2968853,2968853,1328287617.36726,36.9990448160596,15.2674614046613,15954515.4854466,39.297657,1,-0.4327
2968854,2968854,1328287617.36726,36.9990448151644,15.2674614067156,15954515.4854466,39.26647,1,-0.4639
2968855,2968855,1328287617.36736,36.9990383295776,15.267460901545,15954516.2055814,35.57296,3,-4.1574
2968856,2968856,1328287617.36736,36.9990384431068,15.2674606409904,15954516.1951783,39.528492,1,-0.2019
2968857,2968857,1328287617.36746,36.9990320570573,15.267459908019,15954516.9067304,39.298775,1,-0.4316
2968858,2968858,1328287617.36746,36.9990319560549,15.2674601398242,15954516.9159824,35.779697,3,-3.9507
2968859,2968859,1328287617.36746,36.9990320553111,15.2674599120268,15954516.9071158,39.237934,1,-0.4924
2968860,2968860,1328287617.36746,36.9990320562938,15.2674599097713,15954516.9067305,39.272175,1,-0.4582
2968861,2968861,1328287617.36746,36.9990320570537,15.2674599080274,15954516.9067304,39.29865,1,-0.4317
2968862,2968862,1328287617.36756,36.9990256779311,15.2674591596238,15954517.6178982,39.308525,1,-0.4218
2968863,2968863,1328287617.36756,36.9990256787473,15.2674591577506,15954517.617898,39.336964,1,-0.3934
2968864,2968864,1328287617.36766,36.9990193026079,15.2674584029634,15954518.3286808,39.44903,1,-0.2813
2968865,2968865,1328287617.36766,36.9990191973895,15.267458644445,15954518.3379429,35.78306,3,-3.9473
2968866,2968866,1328287617.36776,36.9990128073941,15.2674579194528,15954519.0502749,35.44627,3,-4.2841
2968867,2968867,1328287617.36776,36.9990128151344,15.2674579041549,15954519.0495034,35.680305,3,-4.0501
2968868,2968868,1328287617.36786,36.9990065397841,15.2674569189722,15954519.7510219,39.300537,1,-0.4298
2968869,2968869,1328287617.36796,36.9990001597375,15.2674561745296,15954520.4621947,39.27126,1,-0.4591
2968870,2968870,1328287617.36796,36.9990000610856,15.2674564009412,15954520.4710839,35.834076,3,-3.8963
2968871,2968871,1328287617.36806,36.9989937812636,15.2674554292252,15954521.1733678,39.26193,1,-0.4684
2968872,2968872,1328287617.36806,36.9989937826128,15.2674554261286,15954521.1729825,39.30894,1,-0.4214
2968873,2968873,1328287617.36806,36.9989936719994,15.2674556799925,15954521.1830366,35.454998,3,-4.2754
2968874,2968874,1328287617.36816,36.9989873087398,15.2674548979306,15954521.8926695,36.007153,3,-3.7232
2968875,2968875,1328287617.36816,36.9989873798482,15.2674547347327,15954521.8860925,38.48468,0,-1.2457
2968876,2968876,1328287617.36826,36.9989810248293,15.2674539342079,15954522.5949476,39.322243,1,-0.4081
2968877,2968877,1328287617.36826,36.9989810273682,15.267453928381,15954522.5949467,39.4107,1,-0.3197
2968878,2968878,1328287617.36826,36.9989810198536,15.2674539456275,15954522.5957211,39.14888,0,-0.5815
2968879,2968879,1328287617.36826,36.9989809176436,15.2674541802055,15954522.6050113,35.587727,3,-4.1426
2968880,2968880,1328287617.36836,36.9989746453454,15.2674531902803,15954523.3061259,39.305687,1,-0.4247
2968881,2968881,1328287617.36846,36.9989681638533,15.2674526809139,15954524.0266064,35.733303,3,-3.9971
2968882,2968882,1328287617.36846,36.9989682607596,15.2674524585079,15954524.0176943,39.10967,0,-0.6207
2968883,2968883,1328287617.36856,36.9989617835718,15.2674519397068,15954524.7377928,35.68555,3,-4.0448
2968884,2968884,1328287617.36856,36.9989618896005,15.2674516963639,15954524.7281006,39.379757,1,-0.3506
2968885,2968885,1328287617.36866,36.9989554088517,15.2674511861775,15954525.4482096,35.82987,3,-3.9005
2968886,2968886,1328287617.36866,36.9989555082326,15.2674509580916,15954525.439286,39.292458,1,-0.4379
2968887,2968887,1328287617.36866,36.9989555061406,15.267450962893,15954525.439287,39.219566,1,-0.5108
2968888,2968888,1328287617.36876,36.9989491341312,15.2674502035814,15954526.1496971,39.45664,1,-0.2737
2968889,2968889,1328287617.36876,36.9989491276426,15.2674502184731,15954526.1504725,39.230568,1,-0.4998
2968890,2968890,1328287617.36876,36.9989491268111,15.2674502203814,15954526.1504734,39.201595,1,-0.5288
2968891,2968891,1328287617.36876,36.9989491302213,15.2674502125549,15954526.1500853,39.32041,1,-0.4099
2968892,2968892,1328287617.36876,36.9989491301796,15.2674502126506,15954526.1500853,39.31896,1,-0.4114
2968893,2968893,1328287617.36886,36.9989426454477,15.2674497124822,15954526.8705948,35.62691,3,-4.1034
2968894,2968894,1328287617.36886,36.9989427462621,15.2674494811058,15954526.8616617,39.13945,0,-0.5909
2968895,2968895,1328287617.36886,36.9989427470945,15.2674494791954,15954526.8616608,39.16845,0,-0.5619
2968896,2968896,1328287617.36896,36.998936373439,15.2674487245333,15954527.5720766,39.3448,1,-0.3856
2968897,2968897,1328287617.36896,36.9989363684712,15.2674487359348,15954527.5724657,39.171715,0,-0.5586
2968898,2968898,1328287617.36896,36.9989363597565,15.2674487559356,15954527.573243,38.86808,0,-0.8623
2968899,2968899,1328287617.36906,36.9989298864594,15.267448230391,15954528.2929876,35.571075,3,-4.1593
2968900,2968900,1328287617.36916,36.9989236155602,15.2674472407573,15954528.9940765,39.324272,1,-0.4061
2968901,2968901,1328287617.36926,36.9989185457035,15.2674435197276,15954529.5858324,84.56591,0,44.8356
2968902,2968902,1328287617.36926,36.9989171379145,15.2674467260504,15954529.7138393,35.872417,3,-3.8579
2968903,2968903,1328287617.36926,36.9989172392414,15.267446493497,15954529.7048862,39.402813,1,-0.3275
2968904,2968904,1328287617.36926,36.9989172330923,15.2674465076097,15954529.7052773,39.188564,1,-0.5418
2968905,2968905,1328287617.36936,36.998910859275,15.2674457550331,15954530.4157026,39.352604,1,-0.3778
2968906,2968906,1328287617.36936,36.9989108471953,15.267445782757,15954530.416869,38.931725,0,-0.7986
2968907,2968907,1328287617.36936,36.9989107560402,15.2674459919656,15954530.4250448,35.755733,3,-3.9746
2968908,2968908,1328287617.36936,36.9989108593287,15.2674457549099,15954530.4157026,39.354473,1,-0.3759
2968909,2968909,1328287617.36936,36.998910856496,15.2674457614112,15954530.4160898,39.255775,1,-0.4746
2968910,2968910,1328287617.36946,36.9989043741454,15.2674452583505,15954531.1366413,35.636677,3,-4.0937
2968911,2968911,1328287617.36946,36.9989044790458,15.267445017595,15954531.1269043,39.291576,1,-0.4388
2968912,2968912,1328287617.36946,36.9989044780309,15.2674450199245,15954531.1269062,39.256214,1,-0.4741
2968913,2968913,1328287617.36956,36.9988979955567,15.2674445175675,15954531.8474644,35.631157,3,-4.0992
2968914,2968914,1328287617.36956,36.9988980990911,15.2674442799471,15954531.8381088,39.23846,1,-0.4919
2968915,2968915,1328287617.36956,36.9988981034571,15.2674442699266,15954531.8377207,39.390583,1,-0.3398
2968916,2968916,1328287617.36956,36.9988981023949,15.2674442723645,15954531.8377207,39.353573,1,-0.3768
2968917,2968917,1328287617.36966,36.9988916250115,15.2674437587417,15954532.5575111,35.904236,0,-3.8261
2968918,2968918,1328287617.36966,36.9988917130321,15.2674435567264,15954532.5497101,38.97102,0,-0.7593
2968919,2968919,1328287617.36966,36.9988917176618,15.2674435461009,15954532.549321,39.132328,0,-0.598
2968920,2968920,1328287617.36966,36.9988916206647,15.2674437687178,15954532.5579021,35.75279,3,-3.9776
2968921,2968921,1328287617.36966,36.9988917250332,15.2674435291828,15954532.5485409,39.38916,1,-0.3412
2968922,2968922,1328287617.36976,36.9988852284757,15.2674430575147,15954533.2702873,35.305775,3,-4.4246
2968923,2968923,1328287617.36976,36.9988853402633,15.2674428034186,15954533.260144,39.164986,0,-0.5654
2968924,2968924,1328287617.36976,36.9988852388777,15.2674430361079,15954533.26912,35.632545,3,-4.0978
2968925,2968925,1328287617.36976,36.9988853450023,15.2674427925422,15954533.259753,39.3301,1,-0.4003
2968926,2968926,1328287617.36986,36.9988788635714,15.2674422890366,15954533.9799507,35.736465,3,-3.9939
2968927,2968927,1328287617.36986,36.9988788636848,15.2674422887762,15954533.9799507,35.740417,3,-3.9899
2968928,2968928,1328287617.36986,36.9988788680517,15.2674422787538,15954533.9795597,35.892567,0,-3.8378
2968929,2968929,1328287617.36986,36.9988789666901,15.2674420523693,15954533.9705799,39.329292,1,-0.4011
2968930,2968930,1328287617.36996,36.9988725854229,15.2674413193883,15954534.6817997,39.223892,1,-0.5065
2968931,2968931,1328287617.37006,36.99886621607,15.2674405617615,15954535.3918522,39.498867,1,-0.2315
2968932,2968932,1328287617.37006,36.9988662126582,15.2674405695919,15954535.391856,39.379997,1,-0.3504
2968933,2968933,1328287617.37006,36.998866215612,15.2674405628127,15954535.3918541,39.48291,1,-0.2474
2968934,2968934,1328287617.37006,36.9988662058451,15.2674405852287,15954535.3926361,39.142616,0,-0.5877
2968935,2968935,1328287617.37006,36.9988661002364,15.2674408276113,15954535.4024036,35.46303,3,-4.2673
2968936,2968936,1328287617.37016,36.9988598363985,15.2674398257598,15954536.1020026,39.448215,1,-0.2821
2968937,2968937,1328287617.37026,36.9988533471019,15.2674393419314,15954536.8228197,35.574028,3,-4.1563
2968938,2968938,1328287617.37026,36.9988534516005,15.2674391020962,15954536.8135684,39.214935,1,-0.5154
2968939,2968939,1328287617.37036,36.9988470743076,15.2674383661894,15954537.524365,39.17531,0,-0.555
2968940,2968940,1328287617.37036,36.998846975814,15.2674385922428,15954537.5332354,35.74362,3,-3.9867
2968941,2968941,1328287617.37036,36.9988470789156,15.2674383556137,15954537.5235941,39.335857,1,-0.3945
2968942,2968942,1328287617.37036,36.9988469684299,15.2674386091901,15954537.5336214,35.48635,3,-4.244
2968943,2968943,1328287617.37036,36.998847081229,15.267438350304,15954537.5235939,39.416462,1,-0.3139
2968944,2968944,1328287617.37046,36.998840596589,15.2674378565848,15954538.2440382,35.701298,3,-4.0291
2968945,2968945,1328287617.37046,36.9988407018898,15.2674376149078,15954538.2343915,39.370155,1,-0.3602
2968946,2968946,1328287617.37056,36.9988343198896,15.2674368860128,15954538.9455765,39.229538,1,-0.5008
2968947,2968947,1328287617.37056,36.9988343244727,15.2674368754942,15954538.9451905,39.389217,1,-0.3411
2968948,2968948,1328287617.37056,36.9988343159772,15.2674368949923,15954538.9459627,39.09322,0,-0.6371
2968949,2968949,1328287617.37066,36.9988278367861,15.2674363895528,15954539.6660341,35.56471,3,-4.1656
2968950,2968950,1328287617.37066,36.9988279456295,15.2674361397447,15954539.6563767,39.357,1,-0.3734
2968951,2968951,1328287617.37066,36.9988279438607,15.2674361438044,15954539.6563772,39.29537,1,-0.435
2968952,2968952,1328287617.37066,36.9988279459044,15.2674361391136,15954539.6563767,39.36658,1,-0.3638
2968953,2968953,1328287617.37066,36.9988279394478,15.2674361539325,15954539.6567632,39.141617,0,-0.5887
2968954,2968954,1328287617.37076,36.998821456527,15.2674356574417,15954540.3772269,35.481567,3,-4.2488
2968955,2968955,1328287617.37086,36.9988151912844,15.2674346617396,15954541.0779816,39.404213,1,-0.3261
2968956,2968956,1328287617.37086,36.9988151885765,15.2674346679546,15954541.0779825,39.309864,1,-0.4205
2968957,2968957,1328287617.37086,36.9988151900768,15.2674346645112,15954541.077982,39.362137,1,-0.3682
2968958,2968958,1328287617.37086,36.9988151905984,15.2674346633142,15954541.077982,39.38031,1,-0.35
2968959,2968959,1328287617.37106,36.9988024302648,15.267433200585,15954542.4999824,39.212555,1,-0.5178
2968960,2968960,1328287617.37106,36.9988023299414,15.2674334308399,15954542.5088859,35.717113,3,-4.0132
2968961,2968961,1328287617.37106,36.9988024361322,15.2674331871187,15954542.4995948,39.416985,1,-0.3134
2968962,2968962,1328287617.37116,36.9987959406865,15.2674327184347,15954543.220861,35.34988,3,-4.3805
2968963,2968963,1328287617.37116,36.9987960565843,15.2674324549009,15954543.2104045,39.352314,1,-0.378
2968964,2968964,1328287617.37116,36.9987959454289,15.2674327100169,15954543.2204743,35.479465,3,-4.2509
2968965,2968965,1328287617.37116,36.998796062069,15.2674324423128,15954543.2100168,39.54341,1,-0.1869
2968966,2968966,1328287617.37116,36.9987960605771,15.267432445737,15954543.2100178,39.491432,1,-0.2389
2968967,2968967,1328287617.37126,36.998789673554,15.2674317310502,15954543.9216033,39.16475,0,-0.5656
2968968,2968968,1328287617.37126,36.9987896768509,15.2674317234833,15954543.9212166,39.279617,1,-0.4507
2968969,2968969,1328287617.37126,36.9987895902855,15.2674319221624,15954543.9293519,36.263527,0,-3.4668
2968970,2968970,1328287617.37126,36.998789678963,15.267431718636,15954543.9212156,39.353207,1,-0.3772
2968971,2968971,1328287617.37126,36.9987896734544,15.2674317312789,15954543.9216033,39.161278,0,-0.5691
2968972,2968972,1328287617.37136,36.9987831895067,15.2674312394188,15954544.642109,35.45601,3,-4.2743
2968973,2968973,1328287617.37136,36.9987833037943,15.2674309771134,15954544.6316424,39.437992,1,-0.2924
2968974,2968974,1328287617.37146,36.9987769232699,15.2674302482514,15954545.3428441,39.334625,1,-0.3957
2968975,2968975,1328287617.37146,36.9987769275286,15.2674302384771,15954545.3424559,39.483006,1,-0.2474
2968976,2968976,1328287617.37146,36.9987769230283,15.2674302488059,15954545.3428441,39.326206,1,-0.4042
2968977,2968977,1328287617.37156,36.9987704287378,15.2674297812428,15954546.0641414,35.260017,3,-4.4703
2968978,2968978,1328287617.37156,36.998770438097,15.2674297622289,15954546.063366,35.550457,3,-4.1799
2968979,2968979,1328287617.37166,36.9987641687488,15.2674287789306,15954546.7640963,39.317577,1,-0.4128
2968980,2968980,1328287617.37166,36.9987640613317,15.2674290254682,15954546.77419,35.57497,3,-4.1554
2968981,2968981,1328287617.37166,36.9987641708073,15.267428774206,15954546.7640963,39.389297,1,-0.3411
2968982,2968982,1328287617.37176,36.9987576799285,15.2674282997121,15954547.4850207,35.436356,3,-4.294
2968983,2968983,1328287617.37176,36.9987576751019,15.2674283083229,15954547.4857951,35.30384,3,-4.4265
2968984,2968984,1328287617.37176,36.9987577906177,15.267428045664,15954547.4749204,39.29297,1,-0.4374
2968985,2968985,1328287617.37176,36.9987577930329,15.2674280401209,15954547.4749184,39.377117,1,-0.3532
2968986,2968986,1328287617.37186,36.9987514150525,15.2674273045748,15954548.1857434,39.38934,1,-0.341
2968987,2968987,1328287617.37186,36.9987512979298,15.267427570922,15954548.1962386,35.344223,3,-4.3861
2968988,2968988,1328287617.37196,36.998745030925,15.2674265857815,15954548.8969622,39.152752,0,-0.5776
2968989,2968989,1328287617.37196,36.9987450392655,15.2674265666389,15954548.896184,39.443348,1,-0.287
2968990,2968990,1328287617.37206,36.998738548452,15.2674260930576,15954549.6175185,35.488102,3,-4.2423
2968991,2968991,1328287617.37206,36.9987385465725,15.2674260973714,15954549.6175195,35.422615,3,-4.3077
2968992,2968992,1328287617.37206,36.998738659809,15.2674258374759,15954549.6074019,39.367985,1,-0.3624
2968993,2968993,1328287617.37216,36.9987322827277,15.2674251054998,15954550.3178492,39.34075,1,-0.3896
2968994,2968994,1328287617.37216,36.9987322875826,15.267425094357,15954550.3174582,39.509907,1,-0.2205
2968995,2968995,1328287617.37216,36.9987319471004,15.2674258708842,15954550.3486014,27.718193,0,-12.0122
2968996,2968996,1328287617.37216,36.9987321705577,15.2674253629478,15954550.3279715,35.43254,3,-4.2978
2968997,2968997,1328287617.37226,36.9987259051634,15.2674243726867,15954551.0286866,39.328293,1,-0.4021
2968998,2968998,1328287617.37226,36.9987259061609,15.2674243703971,15954551.0286856,39.36305,1,-0.3673
2968999,2968999,1328287617.37236,36.9987194176146,15.2674238926477,15954551.7496548,35.482265,3,-4.2481
2969000,2969000,1328287617.37236,36.9987195313427,15.2674236316229,15954551.7391349,39.444767,1,-0.2856
2969001,2969001,1328287617.37236,36.9987195283842,15.2674236384132,15954551.739523,39.341686,1,-0.3887
2969002,2969002,1328287617.37236,36.9987195267715,15.2674236421145,15954551.7395249,39.285496,1,-0.4449
2969003,2969003,1328287617.37236,36.9987195299194,15.2674236348896,15954551.7391358,39.395176,1,-0.3352
2969004,2969004,1328287617.37256,36.9987067722794,15.2674221767235,15954553.1608277,39.27526,1,-0.4551
2969005,2969005,1328287617.37256,36.9987066679529,15.2674224161707,15954553.1705762,35.640327,3,-4.09
2969006,2969006,1328287617.37256,36.9987067747928,15.2674221709549,15954553.1608239,39.36283,1,-0.3675
2969007,2969007,1328287617.37266,36.9987003922082,15.2674214510121,15954553.8720628,39.16948,0,-0.5609
2969008,2969008,1328287617.37266,36.998700288357,15.2674216893689,15954553.8814317,35.551105,3,-4.1793
2969009,2969009,1328287617.37266,36.9987003965598,15.2674214410245,15954553.8716718,39.3211,1,-0.4093
2969010,2969010,1328287617.37266,36.998700282119,15.2674217012194,15954553.8818246,35.36941,3,-4.3609
2969011,2969011,1328287617.37276,36.9986939024983,15.2674209748038,15954554.5930692,35.277843,3,-4.4525
2969012,2969012,1328287617.37276,36.998694022922,15.2674207008768,15954554.5821343,39.437984,1,-0.2924
2969013,2969013,1328287617.37276,36.9986940218438,15.2674207033513,15954554.5821362,39.40042,1,-0.3299
2969014,2969014,1328287617.37286,36.9986876428421,15.267419975841,15954555.2929936,39.32894,1,-0.4014
2969015,2969015,1328287617.37286,36.9986875341903,15.2674202252165,15954555.302765,35.543304,3,-4.1871
2969016,2969016,1328287617.37306,36.998674766421,15.2674187909375,15954556.7246473,35.09375,3,-4.6366
2969017,2969017,1328287617.37306,36.9986748800153,15.2674185326841,15954556.7142407,39.015945,0,-0.7144
2969018,2969018,1328287617.37306,36.9986748904237,15.2674185087947,15954556.7134697,39.378597,1,-0.3518
2969019,2969019,1328287617.37306,36.9986747921603,15.2674187343278,15954556.7223348,35.954906,0,-3.7755
2969020,2969020,1328287617.37316,36.9986685151291,15.2674177737349,15954557.4238989,39.431892,1,-0.2985
2969021,2969021,1328287617.37316,36.99866851266,15.2674177794018,15954557.4242844,39.345867,1,-0.3845
2969022,2969022,1328287617.37316,36.9986685098579,15.2674177858332,15954557.4242846,39.248238,1,-0.4821
2969023,2969023,1328287617.37326,36.9986621344772,15.2674170512841,15954558.1351006,39.29709,1,-0.4333
2969024,2969024,1328287617.37326,36.9986620227803,15.2674173076502,15954558.1451326,35.40535,3,-4.325
2969025,2969025,1328287617.37336,36.9986554651314,15.2674169868195,15954558.8721695,29.17348,0,-10.5569
2969026,2969026,1328287617.37346,36.9986493822518,15.2674155864729,15954559.5559674,39.33945,1,-0.3909
2969027,2969027,1328287617.37346,36.9986492785652,15.2674158244545,15954559.5656226,35.726803,3,-4.0036
2969028,2969028,1328287617.37346,36.9986493816572,15.2674155878375,15954559.5559676,39.318733,1,-0.4116
2969029,2969029,1328287617.37346,36.99864938271,15.2674155854212,15954559.5559674,39.355415,1,-0.3749
2969030,2969030,1328287617.37346,36.9986493767681,15.2674155990591,15954559.5567391,39.148388,0,-0.582
2969031,2969031,1328287617.37356,36.9986430085979,15.2674148488804,15954560.2664023,39.444153,1,-0.2862
2969032,2969032,1328287617.37366,36.9986366275716,15.2674141307992,15954560.9776125,39.25745,1,-0.4729
2969033,2969033,1328287617.37366,36.998636631502,15.2674141217781,15954560.9772263,39.394394,1,-0.336
2969034,2969034,1328287617.37366,36.9986366319517,15.2674141207459,15954560.9772258,39.41006,1,-0.3203
2969035,2969035,1328287617.37366,36.9986365153247,15.2674143859625,15954560.9876657,35.38219,3,-4.3482
2969036,2969036,1328287617.37366,36.9986366317186,15.267414121281,15954560.9772263,39.40194,1,-0.3284
2969037,2969037,1328287617.37366,36.9986366246424,15.2674141375224,15954560.977614,39.155388,0,-0.575
2969038,2969038,1328287617.37376,36.9986302568439,15.267413391667,15954561.687666,39.395046,1,-0.3353
2969039,2969039,1328287617.37376,36.998630256253,15.267413393023,15954561.687666,39.37446,1,-0.3559
2969040,2969040,1328287617.37376,36.9986301445987,15.2674136492934,15954561.6977244,35.4842,3,-4.2462
2969041,2969041,1328287617.37376,36.9986301180129,15.2674137078466,15954561.7000451,34.593548,0,-5.1368
2969042,2969042,1328287617.37376,36.9986302567448,15.2674133918943,15954561.687666,39.391594,1,-0.3388
2969043,2969043,1328287617.37386,36.9986238763563,15.2674126706498,15954562.3984948,39.257385,1,-0.473
2969044,2969044,1328287617.37386,36.9986237572208,15.2674129416246,15954562.4093318,35.142113,3,-4.5882
2969045,2969045,1328287617.37386,36.9986238688574,15.2674126878614,15954562.3992687,38.99611,0,-0.7342
2969046,2969046,1328287617.37386,36.9986238775829,15.2674126678344,15954562.3984943,39.300125,1,-0.4302
2969047,2969047,1328287617.37386,36.9986238807539,15.2674126605563,15954562.3981076,39.410606,1,-0.3198
2969048,2969048,1328287617.37386,36.9986238783876,15.2674126659874,15954562.3984938,39.328163,1,-0.4022
2969049,2969049,1328287617.37386,36.9986237690914,15.2674129168457,15954562.4081712,35.52006,3,-4.2103
2969050,2969050,1328287617.37386,36.9986238813237,15.2674126592484,15954562.3981076,39.43046,1,-0.2999
2969051,2969051,1328287617.37386,36.9986237618095,15.2674129310925,15954562.4089446,35.301994,3,-4.4284
2969052,2969052,1328287617.37396,36.9986174951368,15.2674119516027,15954563.1097117,39.09282,0,-0.6375
2969053,2969053,1328287617.37406,36.9986110051596,15.2674114799987,15954563.8306184,35.173157,3,-4.5572
2969054,2969054,1328287617.37406,36.9986111171886,15.267411225334,15954563.8201595,39.04083,0,-0.6895
2969055,2969055,1328287617.37406,36.9986111237321,15.267411210315,15954563.8197709,39.268818,1,-0.4615
2969056,2969056,1328287617.37406,36.9986111252251,15.2674112068884,15954563.8197704,39.320835,1,-0.4095
2969057,2969057,1328287617.37406,36.9986111266137,15.2674112037012,15954563.8193846,39.36922,1,-0.3611
2969058,2969058,1328287617.37406,36.9986110403278,15.2674114017466,15954563.8271332,36.36284,0,-3.3675
2969059,2969059,1328287617.37406,36.9986110160485,15.2674114574731,15954563.8294578,35.5169,3,-4.2135
2969060,2969060,1328287617.37406,36.9986111130179,15.2674112349066,15954563.8205471,38.89551,0,-0.8348
2969061,2969061,1328287617.37416,36.9986046371504,15.2674107336684,15954564.540298,35.430416,3,-4.2999
2969062,2969062,1328287617.37416,36.9986047509896,15.2674104723815,15954564.5298324,39.39681,1,-0.3335
2969063,2969063,1328287617.37416,36.9986046304064,15.2674107466805,15954564.5410715,35.23109,3,-4.4993
2969064,2969064,1328287617.37426,36.9985983698043,15.2674097541061,15954565.241056,39.229248,1,-0.5011
2969065,2969065,1328287617.37426,36.9985983706022,15.2674097522748,15954565.241056,39.25705,1,-0.4733
2969066,2969066,1328287617.37426,36.9985982517422,15.2674100226189,15954565.2519145,35.15137,3,-4.579
2969067,2969067,1328287617.37436,36.998591996648,15.2674090176789,15954565.9515071,39.340054,1,-0.3903
2969068,2969068,1328287617.37436,36.9985918820451,15.2674092782524,15954565.9615989,35.382698,3,-4.3477
2969069,2969069,1328287617.37436,36.9985918795868,15.2674092838948,15954565.9619861,35.297047,3,-4.4333
2969070,2969070,1328287617.37436,36.9985919958482,15.2674090195147,15954565.9515081,39.312183,1,-0.4182
2969071,2969071,1328287617.37436,36.9985919872695,15.2674090392048,15954565.9522844,39.013283,0,-0.7171
2969072,2969072,1328287617.37446,36.9985856145534,15.2674083020404,15954566.6623531,39.13805,0,-0.5923
2969073,2969073,1328287617.37446,36.9985856225982,15.2674082835757,15954566.6615768,39.418346,1,-0.312
2969074,2969074,1328287617.37446,36.9985856184999,15.2674082929822,15954566.661964,39.275555,1,-0.4548
2969075,2969075,1328287617.37446,36.9985856190286,15.2674082917687,15954566.661964,39.293976,1,-0.4364
2969076,2969076,1328287617.37456,36.9985792399305,15.2674075695223,15954567.3728109,39.195007,1,-0.5354
2969077,2969077,1328287617.37456,36.9985792432505,15.2674075619019,15954567.3724237,39.310688,1,-0.4197
2969078,2969078,1328287617.37476,36.9985664921909,15.2674061018239,15954568.7937332,39.357327,1,-0.373
2969079,2969079,1328287617.37486,36.9985600068934,15.2674056241201,15954569.5139289,35.554077,3,-4.1763
2969080,2969080,1328287617.37486,36.9985601122649,15.267405382266,15954569.5045877,39.22545,1,-0.5049
2969081,2969081,1328287617.37486,36.998560114076,15.2674053781091,15954569.5042014,39.28855,1,-0.4418
2969082,2969082,1328287617.37496,36.9985536277936,15.2674049029221,15954570.2247901,35.44964,3,-4.2807
2969083,2969083,1328287617.37496,36.9985537330608,15.267404661307,15954570.2154451,39.11738,0,-0.613
2969084,2969084,1328287617.37496,36.9985537374451,15.2674046512437,15954570.215056,39.270138,1,-0.4602
2969085,2969085,1328287617.37506,36.9985473633403,15.2674039211217,15954570.9251438,39.3053,1,-0.4251
2969086,2969086,1328287617.37506,36.9985473650462,15.2674039172064,15954570.9251418,39.36474,1,-0.3656
2969087,2969087,1328287617.37516,36.9985409862282,15.2674031958621,15954571.6360059,39.267456,1,-0.4629
2969088,2969088,1328287617.37516,36.9985408687909,15.2674034629446,15954571.6465269,35.211334,3,-4.519
2969089,2969089,1328287617.37516,36.9985409908294,15.2674031853012,15954571.6356159,39.427773,1,-0.3026
2969090,2969090,1328287617.37516,36.9985409880561,15.2674031916664,15954571.6356197,39.331146,1,-0.3992
2969091,2969091,1328287617.37526,36.9985346095721,15.2674024675117,15954572.3464847,39.277283,1,-0.4531
2969092,2969092,1328287617.37526,36.9985345056341,15.267402706077,15954572.3558422,35.655853,3,-4.0745
2969093,2969093,1328287617.37526,36.9985345034455,15.2674027111006,15954572.3562312,35.579597,3,-4.1508
2969094,2969094,1328287617.37526,36.9985344990509,15.2674027211873,15954572.3566203,35.42648,3,-4.3039
2969095,2969095,1328287617.37526,36.998534485953,15.2674027487835,15954572.3577896,35.00577,3,-4.7246
2969096,2969096,1328287617.37536,36.9985282365677,15.2674017333103,15954573.0569644,39.379925,1,-0.3504
2969097,2969097,1328287617.37546,36.9985218631483,15.2674010002995,15954573.7670608,39.4668,1,-0.2636
2969098,2969098,1328287617.37546,36.9985218603035,15.2674010068292,15954573.7674499,39.36768,1,-0.3627
2969099,2969099,1328287617.37546,36.998521742646,15.2674012744185,15954573.777988,35.30388,3,-4.4265
2969100,2969100,1328287617.37546,36.9985217384096,15.2674012841423,15954573.778379,35.156273,3,-4.5741
2969101,2969101,1328287617.37546,36.9985218582933,15.2674010114431,15954573.7674499,39.297638,1,-0.4327
2969102,2969102,1328287617.37546,36.9985218619766,15.2674010029889,15954573.7670608,39.425972,1,-0.3044
2969103,2969103,1328287617.37546,36.9985218578035,15.2674010125672,15954573.7674518,39.280575,1,-0.4498
2969104,2969104,1328287617.37556,36.9985154842246,15.267400280157,15954574.4779392,39.36059,1,-0.3698
2969105,2969105,1328287617.37556,36.9985154822603,15.2674002846656,15954574.4779411,39.29215,1,-0.4382
2969106,2969106,1328287617.37556,36.9985154862926,15.2674002754105,15954574.4779354,39.432644,1,-0.2977
2969107,2969107,1328287617.37566,36.9985091100932,15.2673995515347,15954575.1884303,39.38696,1,-0.3434
2969108,2969108,1328287617.37566,36.9985091074278,15.2673995576526,15954575.1884323,39.29409,1,-0.4363
2969109,2969109,1328287617.37576,36.9985027339068,15.2673988255674,15954575.8989253,39.373547,1,-0.3568
2969110,2969110,1328287617.37576,36.9985027380162,15.2673988161352,15954575.8985343,39.516727,1,-0.2136
2969111,2969111,1328287617.37576,36.9985027313586,15.2673988314163,15954575.8989292,39.28476,1,-0.4456
2969112,2969112,1328287617.37586,36.9984962372625,15.2673983736634,15954576.6195341,35.199974,3,-4.5304
2969113,2969113,1328287617.37586,36.99849635686,15.2673981016195,15954576.6087428,39.33137,1,-0.399
2969114,2969114,1328287617.37596,36.998489979218,15.2673973794368,15954577.3191938,39.264687,1,-0.4657
2969115,2969115,1328287617.37596,36.9984899816811,15.2673973737833,15954577.3191934,39.35051,1,-0.3798
2969116,2969116,1328287617.37596,36.9984899844037,15.267397367534,15954577.318808,39.445374,1,-0.285
2969117,2969117,1328287617.37596,36.998489970504,15.2673973994379,15954577.3199649,38.961075,0,-0.7693
2969118,2969118,1328287617.37606,36.9984836069927,15.2673966450374,15954578.0296456,39.38547,1,-0.3449
2969119,2969119,1328287617.37606,36.9984836017333,15.2673966571093,15954578.0300316,39.202225,1,-0.5281
2969120,2969120,1328287617.37606,36.9984834773635,15.2673969401081,15954578.04122,34.904545,3,-4.8258
2969121,2969121,1328287617.37606,36.9984834886418,15.2673969142211,15954578.040448,35.297504,3,-4.4329
2969122,2969122,1328287617.37616,36.9984771072663,15.2673961987483,15954578.7512941,35.131317,3,-4.599
2969123,2969123,1328287617.37616,36.9984772303668,15.2673959186624,15954578.7401001,39.384777,1,-0.3456
2969124,2969124,1328287617.37626,36.9984708496404,15.2673952064862,15954579.4509424,39.173748,0,-0.5566
2969125,2969125,1328287617.37626,36.9984690873022,15.2673992195209,15954579.6112327,-21.766232,0,-61.4966
2969126,2969126,1328287617.37636,36.9984644766641,15.2673944744373,15954580.1614005,39.264618,1,-0.4657
2969127,2969127,1328287617.37646,36.9984579733399,15.2673940393125,15954580.8834583,34.848274,3,-4.8821
2969128,2969128,1328287617.37646,36.9984581045547,15.2673937406003,15954580.8714739,39.384457,1,-0.3459
2969129,2969129,1328287617.37656,36.9984511936081,15.267394233896,15954581.630674,20.871336,0,-18.859
2969130,2969130,1328287617.37656,36.9984516048396,15.2673932973897,15954581.5931541,35.092632,3,-4.6377
2969131,2969131,1328287617.37666,36.9984452350646,15.2673925585866,15954582.3032362,35.29136,3,-4.439
2969132,2969132,1328287617.37666,36.9984452161919,15.2673926019057,15954582.3047854,34.63379,0,-5.0966
2969133,2969133,1328287617.37676,36.9984389761088,15.2673915680748,15954583.0028679,39.31443,1,-0.4159
2969134,2969134,1328287617.37676,36.9984388517089,15.2673918511463,15954583.0144827,35.01569,3,-4.7147
2969135,2969135,1328287617.37686,36.9984324775834,15.2673911227061,15954583.7245714,35.06042,3,-4.6699
2969136,2969136,1328287617.37686,36.9984325941902,15.267390857522,15954583.714111,39.08763,0,-0.6427
2969137,2969137,1328287617.37686,36.9984326043336,15.2673908342396,15954583.7133352,39.44105,1,-0.2893
2969138,2969138,1328287617.37686,36.9984324748079,15.2673911290769,15954583.7249581,34.963715,3,-4.7666
2969139,2969139,1328287617.37686,36.9984325945408,15.2673908567172,15954583.714111,39.09985,0,-0.6305
2969140,2969140,1328287617.37696,36.9984261062226,15.2673903881028,15954584.4346611,35.200283,3,-4.5301
2969141,2969141,1328287617.37696,36.9984262289722,15.2673901088183,15954584.4238063,39.44153,1,-0.2888
2969142,2969142,1328287617.37696,36.9984262265474,15.2673901143843,15954584.4238083,39.35704,1,-0.3733
2969143,2969143,1328287617.37706,36.9984197290692,15.2673896715519,15954585.1455289,35.070927,3,-4.6594
2969144,2969144,1328287617.37706,36.9984198538228,15.2673893876671,15954585.133896,39.382,1,-0.3484
2969145,2969145,1328287617.37706,36.9984198585747,15.2673893767599,15954585.1335079,39.547565,1,-0.1828
2969146,2969146,1328287617.37706,36.9984198502314,15.2673893959105,15954585.1342842,39.256866,1,-0.4735
2969147,2969147,1328287617.37706,36.9984198555457,15.2673893837124,15954585.1338951,39.44203,1,-0.2883
2969148,2969148,1328287617.37706,36.9984198519576,15.2673893919484,15954585.1342823,39.317013,1,-0.4133
2969149,2969149,1328287617.37716,36.9984133621985,15.2673889292852,15954585.85485,35.331768,3,-4.3986
2969150,2969150,1328287617.37716,36.9984134813767,15.2673886581974,15954585.844372,39.44858,1,-0.2818
2969151,2969151,1328287617.37716,36.9984133682316,15.2673889179041,15954585.8544618,35.50633,3,-4.224
2969152,2969152,1328287617.37726,36.9984071044067,15.2673879369944,15954586.5548517,39.38947,1,-0.3409
2969153,2969153,1328287617.37726,36.9984070959731,15.2673879563525,15954586.555627,39.09562,0,-0.6347
2969154,2969154,1328287617.37726,36.9984071011616,15.2673879444429,15954586.5552389,39.276405,1,-0.454
2969155,2969155,1328287617.37726,36.9984069750032,15.2673882315534,15954586.5664989,34.916378,3,-4.814
2969156,2969156,1328287617.37726,36.9984069705318,15.2673882418168,15954586.5668861,34.760586,3,-4.9698
2969157,2969157,1328287617.37736,36.9984007351548,15.2673871982433,15954587.264558,39.59811,1,-0.1322
2969158,2969158,1328287617.37736,36.9984007346122,15.2673871994888,15954587.264558,39.579205,1,-0.1512
2969159,2969159,1328287617.37736,36.9984007289188,15.2673872125571,15954587.2653333,39.380836,1,-0.3495
2969160,2969160,1328287617.37746,36.9983943514477,15.2673864928359,15954587.9758197,39.301945,1,-0.4284
2969161,2969161,1328287617.37746,36.9983943547965,15.2673864851493,15954587.9754316,39.41862,1,-0.3117
2969162,2969162,1328287617.37746,36.9983942291411,15.267386771106,15954587.9870884,35.076122,3,-4.6542
2969163,2969163,1328287617.37756,36.998387976019,15.2673857662983,15954588.6863071,39.326164,1,-0.4042
2969164,2969164,1328287617.37766,36.9983814873235,15.267385302194,15954589.4069149,35.36964,3,-4.3607
2969165,2969165,1328287617.37766,36.9983816006968,15.267385041961,15954589.3967983,39.31986,1,-0.4105
2969166,2969166,1328287617.37776,36.9983752234434,15.2673843244973,15954590.1072923,39.212036,1,-0.5183
2969167,2969167,1328287617.37776,36.9983752277141,15.2673843146944,15954590.1069042,39.36084,1,-0.3695
2969168,2969168,1328287617.37786,36.9983688361465,15.267383627947,15954590.8189584,38.78625,0,-0.9441
2969169,2969169,1328287617.37786,36.9983688518138,15.2673835919848,15954590.817402,39.332138,1,-0.3982
2969170,2969170,1328287617.37786,36.9983688533869,15.267383588374,15954590.8174011,39.38695,1,-0.3434
2969171,2969171,1328287617.37786,36.9983688505003,15.2673835949998,15954590.8177883,39.286373,1,-0.444
2969172,2969172,1328287617.37806,36.9983560999959,15.2673821470356,15954592.2384063,39.2708,1,-0.4596
2969173,2969173,1328287617.37806,36.9983560957755,15.2673821567229,15954592.2387954,39.123756,0,-0.6066
2969174,2969174,1328287617.37816,36.998349499394,15.2673819380582,15954592.9691974,31.445244,0,-8.2851
2969175,2969175,1328287617.37816,36.9983497199768,15.2673814342027,15954592.9493038,39.095276,0,-0.6351
2969176,2969176,1328287617.37826,36.9983433331957,15.2673807370241,15954593.6609813,38.68306,0,-1.0473
2969177,2969177,1328287617.37826,36.9983433538007,15.2673806897276,15954593.659032,39.400993,1,-0.3294
2969178,2969178,1328287617.37826,36.9983433436565,15.2673807130124,15954593.6598121,39.047543,0,-0.6828
2969179,2969179,1328287617.37826,36.9983432218588,15.2673809901186,15954593.6711284,34.83944,3,-4.8909
2969180,2969180,1328287617.37836,36.9983369736579,15.2673799774409,15954594.3699352,39.21899,1,-0.5114
2969181,2969181,1328287617.37836,36.9983369734183,15.2673799779908,15954594.3699352,39.21064,1,-0.5197
2969182,2969182,1328287617.37846,36.9983305977406,15.2673792555799,15954595.0804531,39.183147,1,-0.5472
2969183,2969183,1328287617.37846,36.9983305999975,15.2673792503995,15954595.0800659,39.261784,1,-0.4686
2969184,2969184,1328287617.37846,36.9983306044503,15.2673792401785,15954595.0796749,39.41693,1,-0.3134
2969185,2969185,1328287617.37856,36.9983238925077,15.2673792848183,15954595.8206836,27.743307,0,-11.9871
2969186,2969186,1328287617.37856,36.9983242240201,15.2673785287981,15954595.7905876,39.222782,1,-0.5076
2969187,2969187,1328287617.37876,36.9983114761307,15.2673770764438,15954597.2102437,39.285618,1,-0.4447
2969188,2969188,1328287617.37876,36.9983113478032,15.2673773685411,15954597.2221961,34.84999,3,-4.8804
2969189,2969189,1328287617.37886,36.9983047877912,15.2673770672492,15954597.9492669,28.431246,0,-11.2991
2969190,2969190,1328287617.37886,36.998304961253,15.2673766715494,15954597.9334499,34.439472,0,-5.2909
2969191,2969191,1328287617.37886,36.9983049667808,15.2673766588608,15954597.9330641,34.632076,3,-5.0983
2969192,2969192,1328287617.37886,36.9983049732119,15.2673766440987,15954597.9322927,34.856155,3,-4.8742
2969193,2969193,1328287617.37886,36.9983051062692,15.2673763411443,15954597.9203336,39.45658,1,-0.2738
2969194,2969194,1328287617.37896,36.9982986024103,15.2673759110631,15954598.6423904,34.993336,3,-4.737
2969195,2969195,1328287617.37896,36.99829859815,15.2673759208424,15954598.6427764,34.844894,3,-4.8855
2969196,2969196,1328287617.37896,36.9982987310157,15.2673756183268,15954598.6308112,39.438652,1,-0.2917
2969197,2969197,1328287617.37896,36.9982987285233,15.2673756240479,15954598.6308116,39.35181,1,-0.3785
2969198,2969198,1328287617.37906,36.9982922264602,15.2673751899469,15954599.3528761,34.950115,3,-4.7802
2969199,2969199,1328287617.37906,36.998292349253,15.2673749105525,15954599.3416771,39.19291,1,-0.5374
2969200,2969200,1328287617.37916,36.9982858538374,15.2673744612909,15954600.062978,35.021824,3,-4.7085
2969201,2969201,1328287617.37916,36.9982858571027,15.2673744537956,15954600.0625917,35.135593,3,-4.5948
2969202,2969202,1328287617.37916,36.9982859784339,15.2673741777557,15954600.0517728,39.32746,1,-0.4029
2969203,2969203,1328287617.37926,36.9982796053894,15.2673734524491,15954600.7618713,39.35038,1,-0.38
2969204,2969204,1328287617.37926,36.9982794722102,15.2673737556857,15954600.77424,34.745697,3,-4.9847
2969205,2969205,1328287617.37926,36.9982794797456,15.2673737383886,15954600.7734675,35.00825,3,-4.7221
2969206,2969206,1328287617.37926,36.9982796064871,15.2673734499293,15954600.7618708,39.38863,1,-0.3417
2969207,2969207,1328287617.37936,36.9982731011575,15.267373023609,15954601.4839606,34.870125,3,-4.8602
2969208,2969208,1328287617.37936,36.9982730960793,15.2673730352658,15954601.4847331,34.693184,3,-5.0372
2969209,2969209,1328287617.37936,36.998273228282,15.26737273427,15954601.4723577,39.263847,1,-0.4665
2969210,2969210,1328287617.37946,36.9982668443902,15.2673720317499,15954602.1836199,38.939953,0,-0.7904
2969211,2969211,1328287617.37946,36.9982667263391,15.267372300262,15954602.1944551,34.862366,3,-4.868
2969212,2969212,1328287617.37956,36.9982604820588,15.2673712775326,15954602.8929495,39.39941,1,-0.3309
2969213,2969213,1328287617.37956,36.9982604753489,15.2673712929349,15954602.893723,39.165615,0,-0.5647
2969214,2969214,1328287617.37956,36.9982604797253,15.2673712828891,15954602.8933358,39.3181,1,-0.4123
2969215,2969215,1328287617.37966,36.998254107433,15.2673705539024,15954603.6034426,39.39644,1,-0.3339
2969216,2969216,1328287617.37976,36.998247729955,15.2673698391813,15954604.3139391,39.260044,1,-0.4703
2969217,2969217,1328287617.37976,36.9982476082685,15.2673701160401,15954604.3251781,35.055782,3,-4.6746
2969218,2969218,1328287617.37986,36.998241350902,15.2673691258573,15954605.024826,39.100925,0,-0.6294
2969219,2969219,1328287617.37986,36.9982412251633,15.2673694120182,15954605.0360717,34.755474,3,-4.9749
2969220,2969220,1328287617.37986,36.9982413577377,15.2673691101662,15954605.0240507,39.339104,1,-0.3913
2969221,2969221,1328287617.37986,36.9982409944558,15.2673699391305,15954605.0570135,26.752617,0,-12.9777
2969222,2969222,1328287617.37986,36.9982413562747,15.2673691135245,15954605.0240516,39.288128,1,-0.4422
2969223,2969223,1328287617.37986,36.9982413557271,15.2673691147814,15954605.0244379,39.269047,1,-0.4613
2969224,2969224,1328287617.37996,36.9982349855267,15.2673683812024,15954605.7341642,39.41745,1,-0.3129
2969225,2969225,1328287617.37996,36.9982349851604,15.2673683820432,15954605.7341642,39.40469,1,-0.3257
2969226,2969226,1328287617.37996,36.9982348472241,15.2673686962038,15954605.7469663,34.634235,3,-5.0961
2969227,2969227,1328287617.37996,36.9982348547549,15.2673686789171,15954605.746191,34.89663,3,-4.8337
2969228,2969228,1328287617.37996,36.9982349812354,15.2673683910528,15954605.7345523,39.267933,1,-0.4624
2969229,2969229,1328287617.37996,36.9982349814367,15.2673683905909,15954605.7345523,39.274944,1,-0.4554
2969230,2969230,1328287617.38006,36.9982286089918,15.2673676622257,15954606.4446687,39.344223,1,-0.3861
2969231,2969231,1328287617.38006,36.9982286072283,15.2673676662737,15954606.445055,39.28278,1,-0.4476
2969232,2969232,1328287617.38006,36.9982284732511,15.2673679713468,15954606.4570894,34.65027,3,-5.0801
2969233,2969233,1328287617.38016,36.998222231541,15.2673669454089,15954607.1551761,39.23818,1,-0.4922
2969234,2969234,1328287617.38026,36.9982158490317,15.2673662402579,15954607.8664617,38.954975,0,-0.7754
2969235,2969235,1328287617.38026,36.9982158447943,15.2673662499847,15954607.8668508,38.80733,0,-0.923
2969236,2969236,1328287617.38036,36.9982093589973,15.2673657840875,15954608.5870876,34.89385,3,-4.8365
2969237,2969237,1328287617.38036,36.998209353024,15.2673657977992,15954608.5878629,34.685722,3,-5.0446
2969238,2969238,1328287617.38036,36.9982093633968,15.2673657739885,15954608.5866985,35.047142,3,-4.6832
2969239,2969239,1328287617.38036,36.9982094858445,15.2673654953793,15954608.5758094,39.277935,1,-0.4524
2969240,2969240,1328287617.38056,36.9981967352679,15.2673640521584,15954609.9964571,39.21033,1,-0.52
2969241,2969241,1328287617.38056,36.9981967410114,15.2673640389742,15954609.9960661,39.410454,1,-0.3199
2969242,2969242,1328287617.38066,36.998190367818,15.2673633149015,15954610.7062025,39.415257,1,-0.3151
2969243,2969243,1328287617.38066,36.9981903628996,15.2673633261916,15954610.7065916,39.243885,1,-0.4865
2969244,2969244,1328287617.38066,36.9981902270152,15.2673636356463,15954610.7190523,34.544907,3,-5.1855
2969245,2969245,1328287617.38066,36.9981903667745,15.267363317297,15954610.7062034,39.378895,1,-0.3515
2969246,2969246,1328287617.38076,36.9981839915253,15.2673625956887,15954611.416727,39.344315,1,-0.386
2969247,2969247,1328287617.38086,36.998177614161,15.2673618789651,15954612.1272564,39.235203,1,-0.4952
2969248,2969248,1328287617.38086,36.9981776189976,15.2673618678626,15954612.1268663,39.40373,1,-0.3266
2969249,2969249,1328287617.38086,36.9981776130633,15.2673618814848,15954612.1272573,39.196957,1,-0.5334
2969250,2969250,1328287617.38086,36.9981774950323,15.2673621499583,15954612.1381702,35.12004,3,-4.6103
2969251,2969251,1328287617.38086,36.9981776105767,15.2673618871928,15954612.1276454,39.110317,0,-0.62
2969252,2969252,1328287617.38086,36.9981774810202,15.2673621821229,15954612.1393404,34.631817,3,-5.0985
2969253,2969253,1328287617.38096,36.9981712430993,15.2673611455112,15954612.8373956,39.37796,1,-0.3524
2969254,2969254,1328287617.38096,36.9981712415166,15.2673611491444,15954612.8373975,39.322815,1,-0.4075
2969255,2969255,1328287617.38096,36.9981712406162,15.2673611512113,15954612.8373994,39.29144,1,-0.4389
2969256,2969256,1328287617.38096,36.9981712309141,15.2673611734826,15954612.8385667,38.95339,0,-0.777
2969257,2969257,1328287617.38106,36.9981648678811,15.2673604239084,15954613.5479307,39.34198,1,-0.3884
2969258,2969258,1328287617.38106,36.9981648698964,15.2673604192821,15954613.5475435,39.4122,1,-0.3182
2969259,2969259,1328287617.38106,36.998164859748,15.267360442578,15954613.5483255,39.058598,0,-0.6718
2969260,2969260,1328287617.38116,36.9981584939717,15.2673596993185,15954614.2580823,39.3508,1,-0.3796
2969261,2969261,1328287617.38126,36.9981521088012,15.2673590028804,15954614.969407,38.933353,0,-0.797
2969262,2969262,1328287617.38126,36.9981519893201,15.2673592746844,15954614.9803438,34.805904,3,-4.9245
2969263,2969263,1328287617.38136,36.9981457444691,15.2673582563281,15954615.6787824,39.2743,1,-0.4561
2969264,2969264,1328287617.38146,36.9981393725562,15.2673575270032,15954616.3880892,39.352833,1,-0.3775
2969265,2969265,1328287617.38156,36.9981329965499,15.2673568072559,15954617.0985871,39.285473,1,-0.4449
2969266,2969266,1328287617.38156,36.9981329928741,15.2673568156937,15954617.0989726,39.1574,0,-0.573
2969267,2969267,1328287617.38156,36.9981329893411,15.2673568238038,15954617.0993581,39.034298,0,-0.6961
2969268,2969268,1328287617.38156,36.9981329961134,15.2673568082579,15954617.0985871,39.270264,1,-0.4601
2969269,2969269,1328287617.38156,36.9981329956634,15.2673568092909,15954617.0985871,39.254585,1,-0.4758
2969270,2969270,1328287617.38166,36.9981266217751,15.2673560846787,15954617.8087014,39.260277,1,-0.4701
2969271,2969271,1328287617.38166,36.9981266240997,15.2673560793425,15954617.8087012,39.34127,1,-0.3891
2969272,2969272,1328287617.38166,36.9981266222426,15.2673560836056,15954617.8087014,39.27656,1,-0.4538
2969273,2969273,1328287617.38176,36.9981202487011,15.2673553559022,15954618.5192026,39.32669,1,-0.4037
2969274,2969274,1328287617.38176,36.9981202468115,15.2673553602399,15954618.5192029,39.260853,1,-0.4695
2969275,2969275,1328287617.38186,36.9981138749381,15.2673546332727,15954619.2293209,39.302185,1,-0.4282
2969276,2969276,1328287617.38186,36.9981137447804,15.2673549295885,15954619.2412907,34.80272,3,-4.9276
2969277,2969277,1328287617.38186,36.9981138773979,15.2673546276261,15954619.2293204,39.387894,1,-0.3425
2969278,2969278,1328287617.38196,36.9981086630519,15.2673512633971,15954619.8339795,79.4731,0,39.7427
2969279,2969279,1328287617.38196,36.9981073649773,15.2673542185218,15954619.9521889,34.60013,3,-5.1302
2969280,2969280,1328287617.38206,36.998101062761,15.2673533317983,15954620.6557469,37.06456,0,-2.6658
2969281,2969281,1328287617.38206,36.9981011242094,15.26735319074,15954620.6503348,39.205627,1,-0.5247
2969282,2969282,1328287617.38206,36.9981009913218,15.2673534933237,15954620.6623172,34.611034,3,-5.1193
2969283,2969283,1328287617.38206,36.9981009866817,15.2673535039752,15954620.6627039,34.44936,3,-5.281
2969284,2969284,1328287617.38216,36.9980946202783,15.2673527621064,15954621.3724469,34.71226,3,-5.0181
2969285,2969285,1328287617.38216,36.9980947550735,15.2673524551432,15954621.3600716,39.37332,1,-0.357
2969286,2969286,1328287617.38216,36.9980947598866,15.2673524440945,15954621.3596849,39.541027,1,-0.1893
2969287,2969287,1328287617.38216,36.9980947488186,15.2673524695016,15954621.3604592,39.15538,0,-0.575
2969288,2969288,1328287617.38226,36.9980882380905,15.2673520564443,15954622.0833534,34.424496,3,-5.3059
2969289,2969289,1328287617.38226,36.9980882422992,15.2673520467829,15954622.0829662,34.571144,3,-5.1592
2969290,2969290,1328287617.38226,36.9980883805395,15.2673517319106,15954622.0701985,39.352245,1,-0.3781
2969291,2969291,1328287617.38226,36.9980883831869,15.2673517258333,15954622.070197,39.444492,1,-0.2859
2969292,2969292,1328287617.38236,36.9980820059037,15.2673510088806,15954622.780712,39.32695,1,-0.4034
2969293,2969293,1328287617.38236,36.9980820050137,15.2673510109236,15954622.7807125,39.29594,1,-0.4344
2969294,2969294,1328287617.38246,36.9980756344871,15.2673502784251,15954623.4908418,39.413166,1,-0.3172
2969295,2969295,1328287617.38246,36.9980756277263,15.267350293945,15954623.4912304,39.177597,0,-0.5528
2969296,2969296,1328287617.38256,36.9980692561993,15.2673495637035,15954624.2013625,39.259315,1,-0.471
2969297,2969297,1328287617.38256,36.9980692583657,15.2673495587304,15954624.2013621,39.3348,1,-0.3956
2969298,2969298,1328287617.38256,36.9980692614953,15.2673495515461,15954624.2009749,39.443848,1,-0.2865
2969299,2969299,1328287617.38256,36.9980692523678,15.2673495724989,15954624.2017507,39.125816,0,-0.6045
2969300,2969300,1328287617.38256,36.9980692582562,15.2673495589819,15954624.2013621,39.330982,1,-0.3994
2969301,2969301,1328287617.38256,36.9980692466972,15.2673495855162,15954624.2025241,38.92823,0,-0.8021
2969302,2969302,1328287617.38266,36.9980628871762,15.2673488276707,15954624.9114961,39.427643,1,-0.3027
2969303,2969303,1328287617.38276,36.9980565112382,15.267348109752,15954625.6216363,39.321316,1,-0.409
2969304,2969304,1328287617.38276,36.9980564443361,15.2673482633316,15954625.6278419,36.990215,0,-2.7401
2969305,2969305,1328287617.38286,36.9980501347874,15.2673473906709,15954626.3321637,39.2296,1,-0.5008
2969306,2969306,1328287617.38286,36.9980499952863,15.2673477084411,15954626.3449706,34.40455,3,-5.3258
2969307,2969307,1328287617.38286,36.9980501350357,15.267347390101,15954626.3321637,39.23825,1,-0.4921
2969308,2969308,1328287617.38286,36.998050138162,15.2673473829243,15954626.3321609,39.347183,1,-0.3832
2969309,2969309,1328287617.38296,36.9980437634547,15.2673466574966,15954627.0423049,39.34871,1,-0.3816
2969310,2969310,1328287617.38296,36.9980436266085,15.2673469691727,15954627.0547313,34.616165,3,-5.1142
2969311,2969311,1328287617.38296,36.9980437655037,15.2673466527928,15954627.042303,39.420105,1,-0.3103
2969312,2969312,1328287617.38296,36.9980437636749,15.2673466569911,15954627.0423049,39.35638,1,-0.374
2969313,2969313,1328287617.38296,36.9980436411812,15.2673469357198,15954627.0535659,35.123924,0,-4.6064
2969314,2969314,1328287617.38306,36.9980373882114,15.2673459355279,15954627.7528371,39.29788,1,-0.4325
2969315,2969315,1328287617.38306,36.9980373888413,15.2673459340819,15954627.7528361,39.319828,1,-0.4105
2969316,2969316,1328287617.38306,36.9980373869108,15.2673459385137,15954627.7528371,39.25256,1,-0.4778
2969317,2969317,1328287617.38306,36.9980373829216,15.2673459476712,15954627.7532252,39.113564,0,-0.6168
2969318,2969318,1328287617.38316,36.9980306868887,15.2673459571101,15954628.4929179,27.956032,0,-11.7743
2969319,2969319,1328287617.38316,36.9980310168094,15.2673452046774,15954628.462984,39.380314,1,-0.35
2969320,2969320,1328287617.38316,36.9980310154967,15.2673452076907,15954628.462985,39.33458,1,-0.3958
2969321,2969321,1328287617.38326,36.9980246413923,15.2673444829759,15954629.1731357,39.32229,1,-0.4081
2969322,2969322,1328287617.38326,36.9980246401447,15.2673444858401,15954629.1735219,39.278816,1,-0.4515
2969323,2969323,1328287617.38326,36.9980246385676,15.2673444894603,15954629.1735229,39.22387,1,-0.5065
2969324,2969324,1328287617.38336,36.9980182716978,15.2673437503541,15954629.8832864,39.430016,1,-0.3003
2969325,2969325,1328287617.38336,36.9980181301307,15.26734407287,15954629.8961295,34.532967,3,-5.1974
2969326,2969326,1328287617.38336,36.9980182749158,15.267343742967,15954629.8828992,39.54214,1,-0.1882
2969327,2969327,1328287617.38336,36.998018265202,15.267343765266,15954629.8836784,39.20368,1,-0.5267
2969328,2969328,1328287617.38346,36.9980117425517,15.2673433789406,15954630.6074638,34.05008,0,-5.6803
2969329,2969329,1328287617.38346,36.9980119006811,15.2673430184031,15954630.5930576,39.524223,1,-0.2061
2969330,2969330,1328287617.38346,36.9980118976536,15.2673430253531,15954630.5934457,39.418736,1,-0.3116
2969331,2969331,1328287617.38356,36.9980055181793,15.2673423127376,15954631.3043813,39.217724,1,-0.5126
2969332,2969332,1328287617.38356,36.9980055154859,15.2673423189206,15954631.3043851,39.123875,0,-0.6065
2969333,2969333,1328287617.38366,36.9979991511605,15.2673415760218,15954632.01377,39.384007,1,-0.3464
2969334,2969334,1328287617.38366,36.9979991460179,15.2673415878272,15954632.0145463,39.20482,1,-0.5255
2969335,2969335,1328287617.38366,36.9979991497037,15.2673415793661,15954632.0141563,39.333244,1,-0.3971
2969336,2969336,1328287617.38366,36.9979991460911,15.2673415876591,15954632.0145463,39.20737,1,-0.523
2969337,2969337,1328287617.38376,36.9979927747969,15.2673408560929,15954632.7243241,39.290367,1,-0.44
2969338,2969338,1328287617.38376,36.997992771975,15.2673408625711,15954632.7247132,39.19204,1,-0.5383
2969339,2969339,1328287617.38376,36.9979927784129,15.2673408477921,15954632.723935,39.41636,1,-0.314
2969340,2969340,1328287617.38376,36.9979927774935,15.2673408499026,15954632.7243222,39.384327,1,-0.346
2969341,2969341,1328287617.38386,36.9979862619443,15.2673404469337,15954633.4473657,34.476112,3,-5.2542
2969342,2969342,1328287617.38386,36.9979864014321,15.2673401291879,15954633.434493,39.300728,1,-0.4296
2969343,2969343,1328287617.38386,36.9979864047378,15.2673401215994,15954633.4344892,39.41591,1,-0.3144
2969344,2969344,1328287617.38396,36.9979798893915,15.267339718069,15954634.1575441,34.514286,3,-5.2161
2969345,2969345,1328287617.38396,36.9979800283963,15.2673394014316,15954634.145049,39.32207,1,-0.4083
2969346,2969346,1328287617.38396,36.9979798831257,15.2673397324531,15954634.157937,34.29596,3,-5.4344
2969347,2969347,1328287617.38396,36.9979800273714,15.2673394037844,15954634.1450509,39.286358,1,-0.444
2969348,2969348,1328287617.38396,36.9979800285463,15.2673394010871,15954634.145049,39.3273,1,-0.4031
2969349,2969349,1328287617.38396,36.9979800282124,15.2673394018538,15954634.1450509,39.315662,1,-0.4147
2969350,2969350,1328287617.38406,36.9979736533147,15.2673386782713,15954634.8552274,39.27167,1,-0.4587
2969351,2969351,1328287617.38406,36.997973520348,15.2673389810481,15954634.8673352,34.674267,3,-5.0561
2969352,2969352,1328287617.38416,36.997967279097,15.2673379530234,15954635.5657949,39.25092,1,-0.4794
2969353,2969353,1328287617.38416,36.9979672829333,15.2673379442165,15954635.5654039,39.38459,1,-0.3458
2969354,2969354,1328287617.38426,36.9979607710088,15.2673375325199,15954636.2881002,34.600834,3,-5.1295
2969355,2969355,1328287617.38436,36.9979545339573,15.2673364944593,15954636.9849926,39.32538,1,-0.405
2969356,2969356,1328287617.38436,36.9979545336081,15.2673364952611,15954636.985378,39.313206,1,-0.4172
2969357,2969357,1328287617.38436,36.99795453213,15.2673364986543,15954636.985378,39.261703,1,-0.4687
2969358,2969358,1328287617.38436,36.9979543931331,15.267336815276,15954636.9980997,34.45418,3,-5.2762
2969359,2969359,1328287617.38446,36.9979481597114,15.2673357689393,15954637.6955152,39.30237,1,-0.428
2969360,2969360,1328287617.38446,36.9979480214669,15.2673360838343,15954637.7082433,34.52106,3,-5.2093
2969361,2969361,1328287617.38446,36.9979481569047,15.2673357753825,15954637.6959007,39.20457,1,-0.5258
2969362,2969362,1328287617.38446,36.9979480245354,15.2673360767901,15954637.7078578,34.627975,3,-5.1024
2969363,2969363,1328287617.38446,36.9979480191953,15.2673360890492,15954637.7082435,34.44191,3,-5.2884
2969364,2969364,1328287617.38456,36.9979417840026,15.2673350466573,15954638.4060395,39.227985,1,-0.5024
2969365,2969365,1328287617.38456,36.9979417834721,15.2673350478751,15954638.4060398,39.2095,1,-0.5209
2969366,2969366,1328287617.38456,36.9979417831231,15.2673350486764,15954638.4060398,39.19734,1,-0.533
2969367,2969367,1328287617.38456,36.9979417855497,15.2673350431056,15954638.405654,39.28189,1,-0.4485
2969368,2969368,1328287617.38466,36.9979354132535,15.267334312865,15954639.1157945,39.326035,1,-0.4043
2969369,2969369,1328287617.38466,36.9979354142584,15.2673343105581,15954639.1157942,39.361046,1,-0.3693
2969370,2969370,1328287617.38476,36.9979290389727,15.2673335893406,15954639.8263228,39.26756,1,-0.4628
2969371,2969371,1328287617.38476,36.9979288996852,15.2673339066318,15954639.8390706,34.4499,3,-5.2805
2969372,2969372,1328287617.38476,36.9979289052882,15.2673338937692,15954639.8382986,34.64513,3,-5.0852
2969373,2969373,1328287617.38486,36.9979226681365,15.2673328554876,15954640.5364662,39.36184,1,-0.3685
2969374,2969374,1328287617.38486,36.9979226650563,15.2673328625589,15954640.5364671,39.25451,1,-0.4758
2969375,2969375,1328287617.38496,36.9979162919368,15.2673321338112,15954641.2469984,39.268887,1,-0.4615
2969376,2969376,1328287617.38506,36.997909918811,15.2673314049376,15954641.9571467,39.282707,1,-0.4477
2969377,2969377,1328287617.38506,36.9979099223268,15.2673313968664,15954641.9567605,39.405212,1,-0.3251
2969378,2969378,1328287617.38506,36.9979099164871,15.2673314102724,15954641.9571476,39.201736,1,-0.5286
2969379,2969379,1328287617.38506,36.9979099178695,15.2673314070989,15954641.9571472,39.249905,1,-0.4805
2969380,2969380,1328287617.38516,36.9979035433104,15.2673306813714,15954642.6676836,39.213463,1,-0.5169
2969381,2969381,1328287617.38516,36.997903543868,15.2673306800915,15954642.6672979,39.23289,1,-0.4975
2969382,2969382,1328287617.38526,36.9978971048995,15.2673300997912,15954643.3836461,36.98496,0,-2.7454
2969383,2969383,1328287617.38526,36.9978970313235,15.2673302662318,15954643.3902307,34.456936,3,-5.2734
2969384,2969384,1328287617.38526,36.9978971747074,15.2673299395336,15954643.3774481,39.417343,1,-0.313
2969385,2969385,1328287617.38536,36.9978908007879,15.2673292143259,15954644.0876031,39.369503,1,-0.3609
2969386,2969386,1328287617.38536,36.9978908025255,15.2673292103369,15954644.0876027,39.430046,1,-0.3003
2969387,2969387,1328287617.38546,36.9978844190076,15.2673285047194,15954644.7985354,39.08057,0,-0.6498
2969388,2969388,1328287617.38546,36.997884425061,15.2673284908226,15954644.7981463,39.291496,1,-0.4389
2969389,2969389,1328287617.38546,36.9978844318116,15.2673284753252,15954644.7973719,39.526714,1,-0.2036
2969390,2969390,1328287617.38556,36.9978780531095,15.267327758492,15954645.5083046,39.344772,1,-0.3856
2969391,2969391,1328287617.38556,36.9978780560743,15.2673277516856,15954645.5079184,39.44808,1,-0.2823
2969392,2969392,1328287617.38556,36.9978779138455,15.267328075734,15954645.5211058,34.52791,3,-5.2024
2969393,2969393,1328287617.38566,36.9978716752319,15.2673270396016,15954646.218855,39.19131,1,-0.539
2969394,2969394,1328287617.38566,36.99787153519,15.2673273586302,15954646.2316618,34.347336,3,-5.383
2969395,2969395,1328287617.38566,36.997871532997,15.2673273636646,15954646.232049,34.270927,3,-5.4594
2969396,2969396,1328287617.38566,36.997871679474,15.2673270298632,15954646.2184668,39.33912,1,-0.3912
2969397,2969397,1328287617.38576,36.9978652579427,15.2673262374395,15954646.9347792,39.348003,1,-0.3824
2969398,2969398,1328287617.38576,36.9978652607812,15.267326230923,15954646.934392,39.44691,1,-0.2834
2969399,2969399,1328287617.38576,36.9978652512978,15.2673262526941,15954646.9351693,39.116474,0,-0.6139
2969400,2969400,1328287617.38576,36.9978651234373,15.2673265437564,15954646.9468184,34.696964,3,-5.0334
2969401,2969401,1328287617.38576,36.9978652614449,15.2673262293995,15954646.934392,39.470036,1,-0.2603
2969402,2969402,1328287617.38586,36.9978588864599,15.2673255147103,15954647.6445609,39.308445,1,-0.4219
2969403,2969403,1328287617.38586,36.9978587426125,15.2673258424745,15954647.6577693,34.331886,3,-5.3985
2969404,2969404,1328287617.38586,36.9978588826261,15.2673255235116,15954647.644949,39.174862,0,-0.5555
2969405,2969405,1328287617.38586,36.9978588915005,15.2673255031385,15954647.6441718,39.48408,1,-0.2463
2969406,2969406,1328287617.38586,36.9978585623299,15.267326253883,15954647.6740885,28.085796,0,-11.6446
2969407,2969407,1328287617.38596,36.997852375262,15.2673251100898,15954648.3675585,34.43604,3,-5.2943
2969408,2969408,1328287617.38596,36.9978523566454,15.2673251528281,15954648.369114,33.78736,0,-5.943
2969409,2969409,1328287617.38596,36.9978525112332,15.2673248004063,15954648.3551198,39.138165,0,-0.5922
2969410,2969410,1328287617.38596,36.9978525094773,15.2673248044375,15954648.3551217,39.07698,0,-0.6534
2969411,2969411,1328287617.38606,36.9978461479991,15.267324058395,15954649.0641299,39.385513,1,-0.3448
2969412,2969412,1328287617.38606,36.9978456990779,15.2673250815888,15954649.1049681,23.85029,0,-15.8801
2969413,2969413,1328287617.38606,36.9978461434734,15.2673240687848,15954649.064519,39.22782,1,-0.5025
2969414,2969414,1328287617.38616,36.9978397777012,15.267323332418,15954649.7743044,39.38654,1,-0.3438
2969415,2969415,1328287617.38616,36.9978397758334,15.267323336706,15954649.7743063,39.321457,1,-0.4089
2969416,2969416,1328287617.38616,36.997839777038,15.2673233339405,15954649.7743044,39.36343,1,-0.3669
2969417,2969417,1328287617.38616,36.9978397742943,15.2673233402393,15954649.7743073,39.26783,1,-0.4625
2969418,2969418,1328287617.38626,36.9978334058622,15.2673226097901,15954650.4840985,39.33371,1,-0.3966
2969419,2969419,1328287617.38636,36.9978268869332,15.2673222221797,15954651.2075243,34.19119,3,-5.5392
2969420,2969420,1328287617.38636,36.9978270325151,15.2673218904301,15954651.1942807,39.228203,1,-0.5022
2969421,2969421,1328287617.38636,36.9978270291939,15.2673218980546,15954651.1946698,39.11248,0,-0.6179
2969422,2969422,1328287617.38646,36.9978205162334,15.2673214965416,15954651.9177161,34.17784,3,-5.5525
2969423,2969423,1328287617.38656,36.9978141535137,15.2673207523763,15954652.6267462,34.4425,3,-5.2879
2969424,2969424,1328287617.38656,36.9978141508622,15.2673207584635,15954652.6271334,34.35011,3,-5.3802
2969425,2969425,1328287617.38666,36.9978077787075,15.267320035745,15954653.3369456,34.286007,3,-5.4444
2969426,2969426,1328287617.38666,36.9978079248371,15.267319702736,15954653.3236819,39.342117,1,-0.3882
2969427,2969427,1328287617.38666,36.9978079257293,15.2673197006877,15954653.32368,39.373207,1,-0.3572
2969428,2969428,1328287617.38676,36.9978015583215,15.2673189668513,15954654.0334845,39.474533,1,-0.2558
2969429,2969429,1328287617.38676,36.9978015559606,15.2673189722714,15954654.0334864,39.39227,1,-0.3381
2969430,2969430,1328287617.38676,36.9978015552747,15.2673189738461,15954654.0334864,39.36837,1,-0.362
2969431,2969431,1328287617.38676,36.9978015529983,15.2673189790721,15954654.0338755,39.28905,1,-0.4413
2969432,2969432,1328287617.38676,36.9978015482519,15.2673189899686,15954654.0342665,39.12367,0,-0.6067
2969433,2969433,1328287617.38686,36.9977951839078,15.2673182511607,15954654.7436858,39.298733,1,-0.4316
2969434,2969434,1328287617.38686,36.9977951872042,15.2673182435931,15954654.7432967,39.41359,1,-0.3168
2969435,2969435,1328287617.38686,36.9977950400898,15.2673185788644,15954654.7565775,34.32316,3,-5.4072
2969436,2969436,1328287617.38686,36.9977951867948,15.2673182445329,15954654.7432967,39.399326,1,-0.331
2969437,2969437,1328287617.38696,36.9977888140677,15.2673175224508,15954655.4534998,39.315468,1,-0.4149
2969438,2969438,1328287617.38696,36.9977888026821,15.2673175485894,15954655.454669,38.918747,0,-0.8116
2969439,2969439,1328287617.38696,36.9977886523688,15.2673178912055,15954655.4683466,33.716843,0,-6.0135
2969440,2969440,1328287617.38696,36.9977886763171,15.2673178362258,15954655.4660044,34.551304,3,-5.1791
2969441,2969441,1328287617.38706,36.9977824444473,15.2673167975741,15954656.1633177,39.273846,1,-0.4565
2969442,2969442,1328287617.38706,36.997782444104,15.2673167983621,15954656.1633177,39.261883,1,-0.4685
2969443,2969443,1328287617.38706,36.9977822899649,15.267317149762,15954656.1773921,33.92667,0,-5.8037
2969444,2969444,1328287617.38706,36.997782445771,15.2673167945353,15954656.1633158,39.319965,1,-0.4104
2969445,2969445,1328287617.38706,36.9977824445913,15.2673167972434,15954656.1633177,39.278862,1,-0.4515
2969446,2969446,1328287617.38716,36.9977759330442,15.267316390731,15954656.885263,34.396397,3,-5.334
2969447,2969447,1328287617.38726,36.9977697063413,15.2673153351466,15954657.5823145,39.365513,1,-0.3648
2969448,2969448,1328287617.38726,36.9977695645863,15.2673156581167,15954657.595042,34.461807,3,-5.2686
2969449,2969449,1328287617.38726,36.9977697085962,15.2673153299697,15954657.5819291,39.444084,1,-0.2863
2969450,2969450,1328287617.38726,36.9977695668135,15.2673156530035,15954657.5946564,34.539413,3,-5.1909
2969451,2969451,1328287617.38726,36.9977697108875,15.2673153247094,15954657.5815435,39.523926,1,-0.2064
2969452,2969452,1328287617.38726,36.9977697054347,15.2673153372278,15954657.5823146,39.333923,1,-0.3964
2969453,2969453,1328287617.38736,36.9977633337894,15.2673146116742,15954658.2920887,39.28852,1,-0.4418
2969454,2969454,1328287617.38736,36.9977633358772,15.267314606881,15954658.2920885,39.36127,1,-0.3691
2969455,2969455,1328287617.38736,36.9977631932369,15.2673149318841,15954658.3052078,34.426716,3,-5.3036
2969456,2969456,1328287617.38746,36.9977569613366,15.267313887712,15954659.0022503,39.215267,1,-0.5151
2969457,2969457,1328287617.38746,36.9977568289857,15.2673141890937,15954659.0146037,34.639233,3,-5.0911
2969458,2969458,1328287617.38756,36.9977505955294,15.2673131482248,15954659.7120267,39.373894,1,-0.3565
2969459,2969459,1328287617.38776,36.9977378561307,15.2673116862928,15954661.1315864,39.421013,1,-0.3093
2969460,2969460,1328287617.38776,36.9977378524155,15.2673116948223,15954661.1319731,39.291557,1,-0.4388
2969461,2969461,1328287617.38776,36.9977378585623,15.2673116807104,15954661.1315859,39.50574,1,-0.2246
2969462,2969462,1328287617.38776,36.9977377076202,15.2673120247755,15954661.14512,34.281895,3,-5.4485
2969463,2969463,1328287617.38776,36.9977378570925,15.2673116840848,15954661.1315859,39.454525,1,-0.2758
2969464,2969464,1328287617.38786,36.9977314841337,15.2673109601758,15954661.8417552,39.36513,1,-0.3652
2969465,2969465,1328287617.38786,36.997731485962,15.2673109559784,15954661.8417543,39.428837,1,-0.3015
2969466,2969466,1328287617.38786,36.9977313465389,15.2673112735988,15954661.8541354,34.606365,3,-5.124
2969467,2969467,1328287617.38786,36.9977314804482,15.267310968637,15954661.842142,39.236713,1,-0.4936
2969468,2969468,1328287617.38796,36.9977249738194,15.267310548849,15954662.5643128,34.525772,3,-5.2046
2969469,2969469,1328287617.38796,36.997725117598,15.2673102212285,15954662.551153,39.50002,1,-0.2303
2969470,2969470,1328287617.38796,36.9977251070649,15.2673102454105,15954662.5523132,39.132996,0,-0.5974
2969471,2969471,1328287617.38806,36.9977187353715,15.2673095180065,15954663.2624863,39.08866,0,-0.6417
2969472,2969472,1328287617.38806,36.99771860186,15.2673098220564,15954663.2744926,34.472164,3,-5.2582
2969473,2969473,1328287617.38806,36.9977187396615,15.2673095081575,15954663.2620991,39.238144,1,-0.4922
2969474,2969474,1328287617.38816,36.9977122305873,15.2673090933834,15954663.9846743,34.44302,3,-5.2873
2969475,2969475,1328287617.38826,36.9977058552828,15.2673083736571,15954664.6948598,34.273964,3,-5.4564
2969476,2969476,1328287617.38826,36.997705997357,15.2673080499477,15954664.6820663,39.18883,1,-0.5415
2969477,2969477,1328287617.38826,36.9977060014095,15.2673080406439,15954664.6816782,39.33004,1,-0.4003
2969478,2969478,1328287617.38826,36.9977059994438,15.2673080451567,15954664.6816791,39.261547,1,-0.4688
2969479,2969479,1328287617.38826,36.9977060024211,15.2673080383213,15954664.6816772,39.36529,1,-0.3651
2969480,2969480,1328287617.38826,36.9977059945203,15.2673080564601,15954664.6824525,39.089993,0,-0.6404
2969481,2969481,1328287617.38836,36.9976996285968,15.2673073171691,15954665.3918594,39.215347,1,-0.515
2969482,2969482,1328287617.38836,36.9976996254539,15.2673073243847,15954665.3922466,39.10583,0,-0.6245
2969483,2969483,1328287617.38836,36.9976996310653,15.2673073115018,15954665.3914722,39.30136,1,-0.429
2969484,2969484,1328287617.38846,36.9976932683292,15.2673065622835,15954666.1008771,39.571507,1,-0.1589
2969485,2969485,1328287617.38846,36.997693125118,15.2673068886048,15954666.113685,34.61701,3,-5.1133
2969486,2969486,1328287617.38846,36.9976931180042,15.2673069049369,15954666.1144613,34.36913,3,-5.3612
2969487,2969487,1328287617.38846,36.9976926827375,15.2673078968328,15954666.1540454,19.30941,0,-20.4209
2969488,2969488,1328287617.38856,36.9976867577049,15.2673061497977,15954666.8234876,34.724857,3,-5.0055
2969489,2969489,1328287617.38866,36.9976805204322,15.2673051120557,15954667.5212492,39.365555,1,-0.3648
2969490,2969490,1328287617.38866,36.997680511975,15.2673051314721,15954667.5220264,39.070866,0,-0.6595
2969491,2969491,1328287617.38866,36.997680478562,15.2673052081829,15954667.5251335,37.906597,0,-1.8238
2969492,2969492,1328287617.38866,36.9976805128188,15.2673051295349,15954667.5220254,39.100266,0,-0.6301
2969493,2969493,1328287617.38876,36.9976740093086,15.2673047000465,15954668.244263,34.502968,3,-5.2274
2969494,2969494,1328287617.38876,36.9976740088915,15.267304701004,15954668.244264,34.488438,3,-5.2419
2969495,2969495,1328287617.38876,36.9976738813225,15.2673049914149,15954668.2559236,30.078985,0,-9.6514
2969496,2969496,1328287617.38876,36.9976741516961,15.2673043756145,15954668.2310499,39.428776,1,-0.3016
2969497,2969497,1328287617.38876,36.9976740121751,15.2673046934654,15954668.2438758,34.60285,3,-5.1275
2969498,2969498,1328287617.38886,36.9976676929093,15.2673038478606,15954668.949407,36.321907,0,-3.4085
2969499,2969499,1328287617.38886,36.9976677814232,15.267303644646,15954668.9412406,39.40616,1,-0.3242
2969500,2969500,1328287617.38886,36.9976674143301,15.2673044825011,15954668.9746851,26.686195,0,-13.0442
2969501,2969501,1328287617.38886,36.997667627516,15.2673039955262,15954668.9552406,34.078945,3,-5.6514
2969502,2969502,1328287617.38886,36.9976677712315,15.2673036680448,15954668.9420198,39.05103,0,-0.6793
2969503,2969503,1328287617.38896,36.9976612054283,15.2673033808794,15954669.6697238,32.284744,0,-7.4456
2969504,2969504,1328287617.38896,36.9976612675382,15.2673032382843,15954669.6642755,34.44895,3,-5.2814
2969505,2969505,1328287617.38896,36.9976614041107,15.2673029272015,15954669.6518234,39.172142,0,-0.5582
2969506,2969506,1328287617.38896,36.9976614098745,15.2673029139685,15954669.6514333,39.372982,1,-0.3574
2969507,2969507,1328287617.38906,36.9976550345804,15.2673021915347,15954670.3616336,39.210155,1,-0.5202
2969508,2969508,1328287617.38906,36.9976550371393,15.2673021856599,15954670.3616308,39.29932,1,-0.431
2969509,2969509,1328287617.38906,36.9976550399173,15.2673021792819,15954670.3612426,39.396122,1,-0.3342
2969510,2969510,1328287617.38926,36.9976421458783,15.2673010602029,15954671.7948974,34.1103,3,-5.6201
2969511,2969511,1328287617.38926,36.9976422949693,15.2673007203774,15954671.7816442,39.26971,1,-0.4606
2969512,2969512,1328287617.38936,36.9976359229917,15.2672999892306,15954672.491464,39.225224,1,-0.5051
2969513,2969513,1328287617.38936,36.9976359234751,15.2672999881208,15954672.491464,39.24207,1,-0.4883
2969514,2969514,1328287617.38936,36.997635924145,15.2672999865827,15954672.4914621,39.26541,1,-0.4649
2969515,2969515,1328287617.38946,36.9976295511387,15.2672992574203,15954673.201671,39.18608,1,-0.5443
2969516,2969516,1328287617.38946,36.997629558058,15.2672992415344,15954673.2012781,39.42718,1,-0.3032
2969517,2969517,1328287617.38956,36.9976231748496,15.267298535412,15954673.9122709,38.99339,0,-0.737
2969518,2969518,1328287617.38956,36.9976231839239,15.2672985145787,15954673.9114908,39.30958,1,-0.4208
2969519,2969519,1328287617.38956,36.9976231775846,15.2672985291328,15954673.9118837,39.088688,0,-0.6417
2969520,2969520,1328287617.38966,36.9976168094175,15.2672977880891,15954674.6217054,39.180077,1,-0.5503
2969521,2969521,1328287617.38966,36.9976168091683,15.2672977886614,15954674.6217054,39.17139,0,-0.559
2969522,2969522,1328287617.38976,36.997610296992,15.2672973753856,15954675.3448137,34.281525,3,-5.4488
2969523,2969523,1328287617.38976,36.9976104431531,15.2672970422839,15954675.331529,39.33886,1,-0.3915
2969524,2969524,1328287617.38976,36.997610304625,15.267297357861,15954675.3440336,34.547497,3,-5.1829
2969525,2969525,1328287617.38976,36.9976104437131,15.2672970409981,15954675.331529,39.35837,1,-0.372
2969526,2969526,1328287617.38976,36.9976104368941,15.2672970566538,15954675.3319219,39.12076,0,-0.6096
2969527,2969527,1328287617.38976,36.997610436472,15.2672970576228,15954675.3319238,39.106056,0,-0.6243
2969528,2969528,1328287617.38976,36.997610442407,15.2672970439969,15954675.3315309,39.31286,1,-0.4175
2969529,2969529,1328287617.38986,36.9976039246489,15.2672966431379,15954676.0550397,34.22962,3,-5.5007
2969530,2969530,1328287617.38986,36.9976040701425,15.2672963115679,15954676.0417493,39.263706,1,-0.4667
2969531,2969531,1328287617.38986,36.99760407126,15.2672963090024,15954676.0417474,39.302643,1,-0.4277
2969532,2969532,1328287617.38986,36.9976040722857,15.2672963066475,15954676.0413602,39.338383,1,-0.392
2969533,2969533,1328287617.38996,36.9975975552149,15.2672959036398,15954676.7639388,34.28261,3,-5.4477
2969534,2969534,1328287617.38996,36.9975975569878,15.2672958995696,15954676.7639388,34.344383,3,-5.386
2969535,2969535,1328287617.38996,36.9975977036958,15.2672955652111,15954676.7504484,39.420784,1,-0.3096
2969536,2969536,1328287617.38996,36.9975975597069,15.2672958933268,15954676.7635534,34.439133,3,-5.2912
2969537,2969537,1328287617.39006,36.9975911949437,15.2672951428627,15954677.4729655,34.653725,3,-5.0766
2969538,2969538,1328287617.39006,36.9975913247717,15.2672948472584,15954677.4613962,39.141945,0,-0.5884
2969539,2969539,1328287617.39006,36.9975913306065,15.2672948338622,15954677.4606251,39.34526,1,-0.3851
2969540,2969540,1328287617.39006,36.9975913315048,15.2672948318,15954677.4606251,39.37656,1,-0.3538
2969541,2969541,1328287617.39006,36.9975913309618,15.2672948330465,15954677.4606251,39.35764,1,-0.3727
2969542,2969542,1328287617.39016,36.9975848260868,15.2672944013826,15954678.1831495,34.72691,3,-5.0034
2969543,2969543,1328287617.39016,36.9975849578386,15.267294101361,15954678.1711887,39.28216,1,-0.4482
2969544,2969544,1328287617.39016,36.9975849604778,15.2672940953018,15954678.1708029,39.374126,1,-0.3562
2969545,2969545,1328287617.39016,36.9975849568824,15.2672941035563,15954678.1711887,39.248844,1,-0.4815
2969546,2969546,1328287617.39016,36.9975849517126,15.2672941154257,15954678.1715747,39.068703,0,-0.6617
2969547,2969547,1328287617.39026,36.9975785880371,15.2672933616294,15954678.8809825,39.3237,1,-0.4067
2969548,2969548,1328287617.39026,36.9975785855048,15.2672933674433,15954678.8813682,39.235462,1,-0.4949
2969549,2969549,1328287617.39026,36.9975785877146,15.2672933623697,15954678.8809825,39.312466,1,-0.4179
2969550,2969550,1328287617.39036,36.9975722180744,15.2672926287114,15954679.5907782,39.26168,1,-0.4687
2969551,2969551,1328287617.39036,36.9975722184141,15.2672926279314,15954679.5907779,39.27352,1,-0.4568
2969552,2969552,1328287617.39036,36.9975722189656,15.2672926266651,15954679.5907779,39.29274,1,-0.4376
2969553,2969553,1328287617.39036,36.9975722202763,15.267292623656,15954679.5907777,39.33841,1,-0.3919
2969554,2969554,1328287617.39036,36.9975722205197,15.2672926230971,15954679.5907775,39.34689,1,-0.3835
2969555,2969555,1328287617.39046,36.9975658374202,15.2672919130415,15954680.3017336,38.927692,0,-0.8027
2969556,2969556,1328287617.39056,36.9975594681821,15.2672911707263,15954681.0119169,38.992863,0,-0.7375
2969557,2969557,1328287617.39056,36.9975594758179,15.267291153195,15954681.011144,39.258938,1,-0.4714
2969558,2969558,1328287617.39056,36.9975593299881,15.2672914855408,15954681.0242899,34.21311,3,-5.5172
2969559,2969559,1328287617.39056,36.9975594785641,15.26729114689,15954681.0107578,39.35463,1,-0.3757
2969560,2969560,1328287617.39056,36.9975594763994,15.26729115186,15954681.011144,39.279198,1,-0.4512
2969561,2969561,1328287617.39056,36.9975594673782,15.267291172572,15954681.0119174,38.96485,0,-0.7655
2969562,2969562,1328287617.39056,36.9975593425836,15.2672914566224,15954681.0231298,34.652008,3,-5.0784
2969563,2969563,1328287617.39056,36.9975594756391,15.2672911536057,15954681.011144,39.252705,1,-0.4777
2969564,2969564,1328287617.39066,36.99755310386,15.2672904166838,15954681.7213295,39.23074,1,-0.4996
2969565,2969565,1328287617.39066,36.9975531023203,15.2672904202189,15954681.72133,39.177086,0,-0.5533
2969566,2969566,1328287617.39066,36.997552966947,15.2672907285579,15954681.7337082,34.49562,3,-5.2347
2969567,2969567,1328287617.39066,36.9975531058886,15.2672904120263,15954681.7209433,39.301426,1,-0.4289
2969568,2969568,1328287617.39066,36.9975531044697,15.267290415284,15954681.7213295,39.251984,1,-0.4784
2969569,2969569,1328287617.39076,36.9975467312001,15.2672896813392,15954682.431517,39.17951,1,-0.5508
2969570,2969570,1328287617.39076,36.9975466092861,15.267289958777,15954682.4427403,34.967033,3,-4.7633
2969571,2969571,1328287617.39076,36.9975467314159,15.2672896808439,15954682.431517,39.187027,1,-0.5433
2969572,2969572,1328287617.39076,36.9975465975962,15.2672899856164,15954682.4435156,34.559692,3,-5.1707
2969573,2969573,1328287617.39076,36.9975467372936,15.2672896673489,15954682.4311293,39.39184,1,-0.3385
2969574,2969574,1328287617.39076,36.9975467350466,15.2672896725079,15954682.4311302,39.31354,1,-0.4168
2969575,2969575,1328287617.39096,36.9975339928191,15.2672881933633,15954683.8515084,39.323265,1,-0.4071
2969576,2969576,1328287617.39106,36.9975276131415,15.2672874727655,15954684.5620907,39.031994,0,-0.6984
2969577,2969577,1328287617.39106,36.9975274800368,15.267287775898,15954684.5744932,34.42956,3,-5.3008
2969578,2969578,1328287617.39106,36.9975274227554,15.2672879074125,15954684.5795334,32.433575,0,-7.2968
2969579,2969579,1328287617.39106,36.9975274912357,15.267287750186,15954684.5733317,34.819794,3,-4.9106
2969580,2969580,1328287617.39106,36.9975276195045,15.2672874581564,15954684.5617016,39.253716,1,-0.4766
2969581,2969581,1328287617.39106,36.9975276217916,15.2672874529055,15954684.5613154,39.33341,1,-0.3969
2969582,2969582,1328287617.39106,36.9975276194186,15.2672874583538,15954684.5617016,39.25072,1,-0.4796
2969583,2969583,1328287617.39116,36.9975211087222,15.2672870356348,15954685.2846926,34.431263,3,-5.2991
2969584,2969584,1328287617.39116,36.9975212486473,15.2672867168428,15954685.2718943,39.271355,1,-0.459
2969585,2969585,1328287617.39116,36.9975212477366,15.2672867189336,15954685.2718952,39.23962,1,-0.4907
2969586,2969586,1328287617.39126,36.9975148787887,15.2672859727664,15954685.9817045,39.32539,1,-0.405
2969587,2969587,1328287617.39126,36.9975148780237,15.267285974523,15954685.9817045,39.29873,1,-0.4316
2969588,2969588,1328287617.39126,36.9975148746403,15.267285982291,15954685.9820917,39.180836,1,-0.5495
2969589,2969589,1328287617.39126,36.9975148766963,15.2672859775705,15954685.9820917,39.252476,1,-0.4779
2969590,2969590,1328287617.39136,36.997508507541,15.2672852314051,15954686.691901,39.332638,1,-0.3977
2969591,2969591,1328287617.39136,36.9975085056171,15.2672852358224,15954686.6919029,39.2656,1,-0.4648
2969592,2969592,1328287617.39136,36.9975085009542,15.267285246528,15954686.6926764,39.10312,0,-0.6272
2969593,2969593,1328287617.39136,36.9975085090656,15.2672852279047,15954686.6919001,39.385765,1,-0.3446
2969594,2969594,1328287617.39136,36.9975085093944,15.2672852271497,15954686.6919001,39.39722,1,-0.3331
2969595,2969595,1328287617.39146,36.997501976627,15.2672848536832,15954687.4164742,33.81355,0,-5.9168
2969596,2969596,1328287617.39146,36.997501997252,15.2672848063292,15954687.4145315,34.532234,3,-5.1981
2969597,2969597,1328287617.39146,36.9975018070508,15.2672852405544,15954687.4320114,27.940247,0,-11.7901
2969598,2969598,1328287617.39156,36.9974956191242,15.2672840798018,15954688.1255158,34.303085,3,-5.4273
2969599,2969599,1328287617.39156,36.9974957628901,15.2672837521892,15954688.1123026,39.27703,1,-0.4533
2969600,2969600,1328287617.39166,36.9974893930032,15.2672830062521,15954688.8225048,39.336758,1,-0.3936
2969601,2969601,1328287617.39176,36.997484215634,15.267279546522,15954689.4237908,80.59595,0,40.8656
2969602,2969602,1328287617.39176,36.9974830180333,15.2672822714925,15954689.5327137,39.221115,1,-0.5092
2969603,2969603,1328287617.39176,36.9974830200755,15.2672822668036,15954689.5327109,39.292274,1,-0.4381
2969604,2969604,1328287617.39176,36.99748286976,15.2672826094546,15954689.5463284,34.090103,0,-5.6403
2969605,2969605,1328287617.39186,36.9974766450404,15.2672815316958,15954690.2433069,39.17614,0,-0.5542
2969606,2969606,1328287617.39186,36.9974765041376,15.2672818527363,15954690.256152,34.301952,3,-5.4284
2969607,2969607,1328287617.39186,36.9974765020927,15.2672818574312,15954690.2561548,34.230698,3,-5.4997
2969608,2969608,1328287617.39186,36.9974766482918,15.2672815242308,15954690.2429188,39.289436,1,-0.4409
2969609,2969609,1328287617.39196,36.9974702774655,15.2672807789578,15954690.9531267,39.321766,1,-0.4086
2969610,2969610,1328287617.39196,36.9974701205912,15.2672811366687,15954690.9671505,33.89104,0,-5.8393
2969611,2969611,1328287617.39196,36.9974701288864,15.2672811176231,15954690.9663714,34.18009,3,-5.5503
2969612,2969612,1328287617.39196,36.9974702747298,15.2672807852389,15954690.9531286,39.22644,1,-0.5039
2969613,2969613,1328287617.39196,36.9974702769486,15.2672807801446,15954690.9531267,39.303757,1,-0.4266
2969614,2969614,1328287617.39206,36.9974639062784,15.2672800340064,15954691.6633385,39.34337,1,-0.387
2969615,2969615,1328287617.39206,36.9974639078891,15.2672800303085,15954691.6629513,39.39949,1,-0.3309
2969616,2969616,1328287617.39216,36.997457533504,15.2672792921888,15954692.3735541,39.31152,1,-0.4188
2969617,2969617,1328287617.39216,36.9974573905586,15.2672796179203,15954692.386421,34.366146,3,-5.3642
2969618,2969618,1328287617.39226,36.9974511621134,15.2672785466783,15954693.0837706,39.329796,1,-0.4006
2969619,2969619,1328287617.39226,36.9974510281781,15.2672788517235,15954693.0958632,34.69838,3,-5.032
2969620,2969620,1328287617.39226,36.9974510233433,15.2672788628241,15954693.0962542,34.529907,3,-5.2005
2969621,2969621,1328287617.39226,36.9974511620672,15.2672785467844,15954693.0837706,39.328186,1,-0.4022
2969622,2969622,1328287617.39226,36.9974510207252,15.2672788688351,15954693.0966414,34.43868,3,-5.2917
2969623,2969623,1328287617.39226,36.9974511615407,15.2672785479932,15954693.0837706,39.30984,1,-0.4205
2969624,2969624,1328287617.39226,36.9974511641005,15.2672785421161,15954693.0833815,39.399036,1,-0.3313
2969625,2969625,1328287617.39236,36.9974447911594,15.267277799646,15954693.7939871,39.36521,1,-0.3651
2969626,2969626,1328287617.39236,36.9974447872971,15.2672778085137,15954693.7943762,39.230625,1,-0.4997
2969627,2969627,1328287617.39236,36.9974447887508,15.2672778051761,15954693.793989,39.28128,1,-0.4491
2969628,2969628,1328287617.39236,36.9974446548794,15.2672781100749,15954693.8060873,34.65209,3,-5.0783
2969629,2969629,1328287617.39236,36.9974447887686,15.2672778051352,15954693.793989,39.281902,1,-0.4485
2969630,2969630,1328287617.39246,36.9974384218015,15.2672770507161,15954694.5038202,39.425114,1,-0.3052
2969631,2969631,1328287617.39256,36.9974320468,15.2672763119248,15954695.2144335,39.32343,1,-0.4069
2969632,2969632,1328287617.39256,36.9974320487345,15.2672763074832,15954695.2140463,39.39084,1,-0.3395
2969633,2969633,1328287617.39266,36.9974255349196,15.267275884406,15954695.9371699,34.489765,3,-5.2406
2969634,2969634,1328287617.39276,36.9974193013386,15.2672748221359,15954696.6341246,39.286907,1,-0.4435
2969635,2969635,1328287617.39276,36.9974193021056,15.2672748203748,15954696.6341246,39.313637,1,-0.4167
2969636,2969636,1328287617.39276,36.9974193027222,15.2672748189591,15954696.6341246,39.33512,1,-0.3952
2969637,2969637,1328287617.39276,36.9974191620431,15.2672751394898,15954696.6468429,34.4687,3,-5.2617
2969638,2969638,1328287617.39276,36.99741930202,15.2672748205713,15954696.6341246,39.310654,1,-0.4197
2969639,2969639,1328287617.39276,36.9974193000968,15.267274824987,15954696.63451,39.243637,1,-0.4867
2969640,2969640,1328287617.39276,36.9974192986068,15.2672748284081,15954696.63451,39.191715,1,-0.5386
2969641,2969641,1328287617.39286,36.997412926481,15.2672740814046,15954697.3447008,39.19637,1,-0.534
2969642,2969642,1328287617.39286,36.997412932939,15.267274066577,15954697.3443151,39.421406,1,-0.309
2969643,2969643,1328287617.39286,36.9974129314115,15.2672740700841,15954697.3443152,39.368176,1,-0.3622
2969644,2969644,1328287617.39286,36.9974129294155,15.267274074667,15954697.3443153,39.298626,1,-0.4317
2969645,2969645,1328287617.39286,36.9974127888456,15.2672743949475,15954697.3574255,34.436005,3,-5.2944
2969646,2969646,1328287617.39296,36.9974065582896,15.2672733225317,15954698.0545066,39.373302,1,-0.3571
2969647,2969647,1328287617.39296,36.9974061380493,15.2672742800006,15954698.0930868,24.836658,0,-14.8937
2969648,2969648,1328287617.39296,36.9974065539915,15.2672733324003,15954698.0552779,39.22353,1,-0.5068
2969649,2969649,1328287617.39296,36.997406553167,15.2672733342933,15954698.055278,39.1948,1,-0.5356
2969650,2969650,1328287617.39296,36.997406558519,15.267273322005,15954698.0545066,39.381298,1,-0.3491
2969651,2969651,1328287617.39296,36.9974064243995,15.2672736274757,15954698.0668521,34.743443,3,-4.9869
2969652,2969652,1328287617.39306,36.9974001854995,15.267272578252,15954698.7650845,39.325943,1,-0.4044
2969653,2969653,1328287617.39306,36.997400187169,15.2672725744185,15954698.7646989,39.38412,1,-0.3462
2969654,2969654,1328287617.39306,36.9974001819568,15.2672725863858,15954698.7654705,39.202496,1,-0.5279
2969655,2969655,1328287617.39306,36.9974001822534,15.2672725857049,15954698.7654705,39.21283,1,-0.5175
2969656,2969656,1328287617.39306,36.997400178875,15.2672725934616,15954698.7654709,39.095108,0,-0.6353
2969657,2969657,1328287617.39306,36.9974001859453,15.2672725772282,15954698.7650845,39.34148,1,-0.3889
2969658,2969658,1328287617.39316,36.9973934951711,15.2672725552624,15954699.5042431,28.32024,0,-11.4101
2969659,2969659,1328287617.39316,36.9973938170582,15.267271821143,15954699.4748921,39.465366,1,-0.265
2969660,2969660,1328287617.39316,36.9973938135919,15.2672718291016,15954699.4752781,39.344578,1,-0.3858
2969661,2969661,1328287617.39316,36.997393652757,15.2672721959118,15954699.4899535,33.7758,0,-5.9546
2969662,2969662,1328287617.39316,36.9973937566301,15.2672719598864,15954699.480299,37.35969,0,-2.3707
2969663,2969663,1328287617.39316,36.9973938166223,15.2672718221438,15954699.4748921,39.450176,1,-0.2802
2969664,2969664,1328287617.39316,36.9973938056761,15.2672718472765,15954699.4760503,39.068745,0,-0.6616
2969665,2969665,1328287617.39316,36.9973938146177,15.2672718267465,15954699.4752779,39.38032,1,-0.35
2969666,2969666,1328287617.39326,36.997387439685,15.2672710839854,15954700.185858,39.295727,1,-0.4346
2969667,2969667,1328287617.39326,36.9973874411503,15.2672710806211,15954700.1854722,39.346786,1,-0.3836
2969668,2969668,1328287617.39326,36.9973874398293,15.2672710836542,15954700.185858,39.30075,1,-0.4296
2969669,2969669,1328287617.39336,36.9973805898554,15.2672714236301,15954700.9393539,22.772097,0,-16.9583
2969670,2969670,1328287617.39336,36.9973809241496,15.2672706610222,15954700.9091973,34.349552,3,-5.3808
2969671,2969671,1328287617.39336,36.9973810669579,15.2672703356002,15954700.8960538,39.290188,1,-0.4402
2969672,2969672,1328287617.39336,36.9973809256218,15.2672706576419,15954700.908812,34.400856,3,-5.3295
2969673,2969673,1328287617.39346,36.9973746918394,15.2672695921416,15954701.6066365,39.203556,1,-0.5268
2969674,2969674,1328287617.39346,36.9973745507104,15.267269913708,15954701.6194014,34.321438,3,-5.4089
2969675,2969675,1328287617.39346,36.9973745552281,15.2672699033354,15954701.6190142,34.478863,3,-5.2515
2969676,2969676,1328287617.39346,36.9973746977933,15.2672695784713,15954701.6062493,39.411026,1,-0.3193
2969677,2969677,1328287617.39346,36.9973745590271,15.2672698946129,15954701.618628,34.61124,3,-5.1191
2969678,2969678,1328287617.39346,36.9973746988081,15.2672695761413,15954701.6062488,39.44639,1,-0.284
2969679,2969679,1328287617.39356,36.9973681899803,15.2672691366461,15954702.3288302,34.73844,3,-4.9919
2969680,2969680,1328287617.39356,36.997368307557,15.2672688691554,15954702.317995,38.799866,0,-0.9305
2969681,2969681,1328287617.39356,36.99736832359,15.2672688323433,15954702.3168325,39.35855,1,-0.3718
2969682,2969682,1328287617.39356,36.9973683115676,15.267268859947,15954702.3176083,38.939617,0,-0.7907
2969683,2969683,1328287617.39366,36.997361935803,15.2672681214168,15954703.0281949,38.768837,0,-0.9615
2969684,2969684,1328287617.39376,36.9973554414094,15.2672676476344,15954703.7496299,34.56846,3,-5.1619
2969685,2969685,1328287617.39376,36.9973554747744,15.2672675734953,15954703.7469163,35.695442,0,-4.0349
2969686,2969686,1328287617.39386,36.9973492091275,15.2672665786867,15954704.447432,39.399567,1,-0.3308
2969687,2969687,1328287617.39396,36.99734283414,15.2672658320519,15954705.1580214,39.329063,1,-0.4013
2969688,2969688,1328287617.39396,36.9973428333294,15.267265833913,15954705.1580224,39.300816,1,-0.4295
2969689,2969689,1328287617.39406,36.9973364573099,15.267265089062,15954705.8686146,39.19674,1,-0.5336
2969690,2969690,1328287617.39406,36.9973364612178,15.2672650800894,15954705.8682265,39.332912,1,-0.3974
2969691,2969691,1328287617.39406,36.9973364505409,15.2672651046039,15954705.86939,38.960865,0,-0.7695
2969692,2969692,1328287617.39416,36.9973299510271,15.2672646379504,15954706.5912385,34.62465,3,-5.1057
2969693,2969693,1328287617.39426,36.9973235751518,15.2672638915869,15954707.3018403,34.53044,3,-5.1999
2969694,2969694,1328287617.39426,36.9973237152544,15.2672635723742,15954707.2894091,39.376823,1,-0.3535
2969695,2969695,1328287617.39436,36.997317342807,15.2672628175436,15954707.9996171,39.404533,1,-0.3258
2969696,2969696,1328287617.39436,36.9973173425142,15.267262818216,15954707.9996171,39.39433,1,-0.336
2969697,2969697,1328287617.39436,36.997317202138,15.2672631380573,15954708.0124402,34.53841,3,-5.1919
2969698,2969698,1328287617.39436,36.9973173428726,15.2672628173931,15954707.9996171,39.40682,1,-0.3235
2969699,2969699,1328287617.39436,36.9973173440232,15.2672628147513,15954707.9996161,39.44691,1,-0.2834
2969700,2969700,1328287617.39446,36.9973109666963,15.2672620728179,15954708.7102151,39.273983,1,-0.4564
2969701,2969701,1328287617.39446,36.9973109670495,15.267262072007,15954708.7102141,39.28629,1,-0.4441
2969702,2969702,1328287617.39446,36.9973109712512,15.2672620623596,15954708.709826,39.4327,1,-0.2977
2969703,2969703,1328287617.39446,36.9973109662424,15.26726207386,15954708.7102151,39.258167,1,-0.4722
2969704,2969704,1328287617.39456,36.9973044642656,15.2672616127653,15954709.4324832,34.812916,3,-4.9174
2969705,2969705,1328287617.39456,36.9973045948939,15.2672613153049,15954709.4208111,39.329163,1,-0.4012
2969706,2969706,1328287617.39456,36.9973045960092,15.2672613127443,15954709.4204249,39.368023,1,-0.3623
2969707,2969707,1328287617.39456,36.9973045986735,15.267261306627,15954709.420422,39.460865,1,-0.2695
2969708,2969708,1328287617.39456,36.9973045934871,15.2672613185349,15954709.4208121,39.28014,1,-0.4502
2969709,2969709,1328287617.39466,36.9972982226727,15.2672605581481,15954710.1310229,39.372276,1,-0.3581
2969710,2969710,1328287617.39466,36.9972981862875,15.2672606416899,15954710.1345238,38.104393,0,-1.626
2969711,2969711,1328287617.39466,36.9972982207244,15.2672605626214,15954710.1314101,39.304386,1,-0.426
2969712,2969712,1328287617.39476,36.9972918446538,15.2672598136942,15954710.8420128,39.215923,1,-0.5144
2969713,2969713,1328287617.39476,36.9972918441432,15.2672598148665,15954710.8420128,39.19813,1,-0.5322
2969714,2969714,1328287617.39476,36.9972917168622,15.2672601046418,15954710.8536944,34.798523,3,-4.9318
2969715,2969715,1328287617.39476,36.9972917021203,15.26726013849,15954710.8548646,34.28482,3,-5.4455
2969716,2969716,1328287617.39476,36.9972918484457,15.2672598049877,15954710.8416228,39.34806,1,-0.3823
2969717,2969717,1328287617.39486,36.9972853390959,15.2672593589965,15954711.564692,34.653545,3,-5.0768
2969718,2969718,1328287617.39486,36.997285475346,15.2672590486274,15954711.5522265,39.365696,1,-0.3647
2969719,2969719,1328287617.39486,36.9972854753408,15.2672590486393,15954711.5522265,39.365517,1,-0.3648
2969720,2969720,1328287617.39496,36.9972791040577,15.2672582874931,15954712.2624411,39.449062,1,-0.2813
2969721,2969721,1328287617.39496,36.9972791011347,15.2672582942046,15954712.2628302,39.347202,1,-0.3832
2969722,2969722,1328287617.39506,36.9972727267226,15.2672575396252,15954712.9734368,39.324333,1,-0.406
2969723,2969723,1328287617.39506,36.9972727290994,15.2672575341677,15954712.9730477,39.407158,1,-0.3232
2969724,2969724,1328287617.39516,36.9972663536218,15.2672567814141,15954713.683659,39.349804,1,-0.3806
2969725,2969725,1328287617.39516,36.997266220006,15.2672570857355,15954713.6957554,34.729443,3,-5.0009
2969726,2969726,1328287617.39516,36.9972663509432,15.2672567875643,15954713.6840462,39.256466,1,-0.4739
2969727,2969727,1328287617.39526,36.997259982321,15.2672560184466,15954714.3942647,39.440666,1,-0.2897
2969728,2969728,1328287617.39526,36.9972599572602,15.2672560759877,15954714.3962216,38.56739,0,-1.163
2969729,2969729,1328287617.39536,36.9972536096027,15.2672552581078,15954715.1044869,39.484818,1,-0.2455
2969730,2969730,1328287617.39536,36.9972536040592,15.2672552708361,15954715.1048798,39.29165,1,-0.4387
2969731,2969731,1328287617.39536,36.9972536064051,15.2672552654496,15954715.1048779,39.373398,1,-0.357
2969732,2969732,1328287617.39536,36.9972532955372,15.267255974285,15954715.1330075,28.6121,0,-11.1183
2969733,2969733,1328287617.39536,36.9972536038527,15.2672552713101,15954715.1048798,39.284454,1,-0.4459
2969734,2969734,1328287617.39536,36.997253605178,15.2672552682672,15954715.1048779,39.330635,1,-0.3997
2969735,2969735,1328287617.39546,36.9972472319812,15.267254508398,15954715.8154912,39.36082,1,-0.3695
2969736,2969736,1328287617.39546,36.9972472299453,15.2672545130725,15954715.8154931,39.28988,1,-0.4405
2969737,2969737,1328287617.39546,36.9972472312578,15.2672545100589,15954715.8154931,39.335613,1,-0.3947
2969738,2969738,1328287617.39546,36.9972472326163,15.2672545069396,15954715.8154912,39.382957,1,-0.3474
2969739,2969739,1328287617.39546,36.9972472291253,15.2672545149553,15954715.8158803,39.261303,1,-0.4691
2969740,2969740,1328287617.39556,36.9972408603571,15.2672537441171,15954716.5251157,39.450962,1,-0.2794
2969741,2969741,1328287617.39556,36.9972408580779,15.2672537493504,15954716.5251157,39.37154,1,-0.3588
2969742,2969742,1328287617.39556,36.9972408535499,15.2672537597469,15954716.525501,39.213757,1,-0.5166
2969743,2969743,1328287617.39566,36.9972344854137,15.2672529869922,15954717.2356996,39.425766,1,-0.3046
2969744,2969744,1328287617.39566,36.9972344828407,15.2672529928998,15954717.236085,39.33611,1,-0.3942
2969745,2969745,1328287617.39566,36.9972344765372,15.2672530073732,15954717.2364707,39.11645,0,-0.6139
2969746,2969746,1328287617.39566,36.9972343363905,15.267253326691,15954717.2491942,34.268497,3,-5.4619
2969747,2969747,1328287617.39566,36.9972344808247,15.2672529975289,15954717.2360851,39.265854,1,-0.4645
2969748,2969748,1328287617.39566,36.9972343407917,15.2672533165857,15954717.2488086,34.421864,3,-5.3085
2969749,2969749,1328287617.39566,36.9972344761868,15.2672530081777,15954717.2364707,39.104244,0,-0.6261
2969750,2969750,1328287617.39576,36.9972281070101,15.2672522371753,15954717.9466697,39.282764,1,-0.4476
2969751,2969751,1328287617.39576,36.9972281073337,15.2672522364323,15954717.9466696,39.29404,1,-0.4363
2969752,2969752,1328287617.39576,36.9972279730065,15.2672525423886,15954717.9590137,34.648872,3,-5.0815
2969753,2969753,1328287617.39576,36.9972281081776,15.2672522344947,15954717.9466696,39.323444,1,-0.4069
2969754,2969754,1328287617.39586,36.997221596674,15.2672517871771,15954718.6696053,34.580826,3,-5.1495
2969755,2969755,1328287617.39586,36.9972217335401,15.2672514753914,15954718.6572545,39.31447,1,-0.4159
2969756,2969756,1328287617.39586,36.9972217345296,15.2672514731192,15954718.6572542,39.34895,1,-0.3814
2969757,2969757,1328287617.39586,36.9972217274733,15.2672514893211,15954718.6576407,39.10306,0,-0.6273
2969758,2969758,1328287617.39586,36.997221734696,15.2672514727371,15954718.6572542,39.354748,1,-0.3756
2969759,2969759,1328287617.39596,36.997215358404,15.2672507190852,15954719.3678401,39.257824,1,-0.4725
2969760,2969760,1328287617.39596,36.9972153598985,15.2672507156536,15954719.3678398,39.309906,1,-0.4205
2969761,2969761,1328287617.39596,36.9972153621111,15.2672507105734,15954719.3674541,39.387005,1,-0.3434
2969762,2969762,1328287617.39596,36.9972153487783,15.2672507411865,15954719.3689981,38.9224,0,-0.808
2969763,2969763,1328287617.39596,36.9972152087744,15.2672510601772,15954719.3817413,34.07942,0,-5.6509
2969764,2969764,1328287617.39596,36.997215358771,15.2672507182426,15954719.3678401,39.27061,1,-0.4597
2969765,2969765,1328287617.39606,36.997208853766,15.267250252424,15954720.0904026,34.79318,3,-4.9372
2969766,2969766,1328287617.39606,36.9972089873578,15.2672499481557,15954720.0784254,39.412727,1,-0.3176
2969767,2969767,1328287617.39606,36.9972089754102,15.2672499755883,15954720.0795841,38.99639,0,-0.734
2969768,2969768,1328287617.39616,36.9972026095018,15.2672491945098,15954720.789398,39.300076,1,-0.4303
2969769,2969769,1328287617.39616,36.9972024561209,15.2672495442154,15954720.8033135,33.990948,0,-5.7394
2969770,2969770,1328287617.39626,36.9971962356501,15.2672484310209,15954721.4999845,39.329826,1,-0.4005
2969771,2969771,1328287617.39626,36.9971962402775,15.2672484203961,15954721.4995973,39.491074,1,-0.2393
2969772,2969772,1328287617.39626,36.99719623443,15.2672484338223,15954721.499985,39.28731,1,-0.443
2969773,2969773,1328287617.39626,36.9971962287971,15.2672484467558,15954721.5003722,39.091026,0,-0.6393
2969774,2969774,1328287617.39626,36.997196108021,15.2672487215989,15954721.5115874,34.918053,3,-4.8123
2969775,2969775,1328287617.39636,36.9971897265151,15.2672479750338,15954722.2229545,34.68396,3,-5.0464
2969776,2969776,1328287617.39636,36.9971897159276,15.2672479993435,15954722.2237294,34.31502,3,-5.4153
2969777,2969777,1328287617.39636,36.9971897173698,15.267247996032,15954722.2237289,34.36528,3,-5.3651
2969778,2969778,1328287617.39636,36.997189848176,15.2672476981591,15954722.2117336,38.887764,0,-0.8426
2969779,2969779,1328287617.39636,36.9971898602127,15.267247670522,15954722.210573,39.307205,1,-0.4232
2969780,2969780,1328287617.39646,36.9971834831015,15.2672469132131,15954722.9215482,39.229153,1,-0.5012
2969781,2969781,1328287617.39646,36.9971834871281,15.2672469039676,15954722.921161,39.36947,1,-0.3609
2969782,2969782,1328287617.39656,36.9971771123084,15.2672461430369,15954723.6317504,39.341087,1,-0.3893
2969783,2969783,1328287617.39656,36.9971771126509,15.2672461422506,15954723.6317499,39.35302,1,-0.3773
2969784,2969784,1328287617.39666,36.9971707365289,15.267245381358,15954724.342726,39.315292,1,-0.4151
2969785,2969785,1328287617.39666,36.9971707370646,15.2672453801279,15954724.3427255,39.33396,1,-0.3964
2969786,2969786,1328287617.39666,36.9971707323806,15.2672453908827,15954724.3431132,39.170742,0,-0.5596
2969787,2969787,1328287617.39676,36.9971643630005,15.2672446138511,15954725.0533154,39.370895,1,-0.3595
2969788,2969788,1328287617.39676,36.9971642272972,15.2672449229689,15954725.0657237,34.677753,3,-5.0526
2969789,2969789,1328287617.39686,36.9971578501195,15.2672441631801,15954725.7767079,34.609154,3,-5.1212
2969790,2969790,1328287617.39686,36.9971579849735,15.267243856012,15954725.7642939,39.27271,1,-0.4576
2969791,2969791,1328287617.39686,36.997157839606,15.2672441873198,15954725.7774852,34.242798,3,-5.4876
2969792,2969792,1328287617.39686,36.9971579836939,15.2672438589502,15954725.7642949,39.228115,1,-0.5022
2969793,2969793,1328287617.39686,36.9971578336418,15.2672442010142,15954725.7782595,34.03496,0,-5.6954
2969794,2969794,1328287617.39686,36.9971578525439,15.2672441576134,15954725.7763217,34.693638,3,-5.0367
2969795,2969795,1328287617.39686,36.9971578530215,15.2672441565168,15954725.7763207,34.71028,3,-5.0201
2969796,2969796,1328287617.39686,36.9971579838391,15.267243858617,15954725.7642949,39.233173,1,-0.4972
2969797,2969797,1328287617.39686,36.9971578455501,15.2672441736717,15954725.7770961,34.44993,3,-5.2804
2969798,2969798,1328287617.39686,36.9971579868244,15.2672438517624,15954725.764293,39.3372,1,-0.3932
2969799,2969799,1328287617.39686,36.9971578565111,15.2672441485044,15954725.7759335,34.831882,3,-4.8985
2969800,2969800,1328287617.39696,36.9971514747479,15.2672434031718,15954726.4873088,34.540268,3,-5.1901
2969801,2969801,1328287617.39696,36.9971514754369,15.2672434015896,15954726.4873088,34.56428,3,-5.1661
2969802,2969802,1328287617.39696,36.9971516154573,15.2672430825591,15954726.4745,39.407864,1,-0.3225
2969803,2969803,1328287617.39706,36.9971473593156,15.26723749332,15954726.9924939,112.65101,0,72.9207
2969804,2969804,1328287617.39706,36.9971452355211,15.2672423277764,15954727.1858666,39.249126,1,-0.4812
2969805,2969805,1328287617.39706,36.9971452409884,15.267242315223,15954727.1854775,39.439644,1,-0.2907
2969806,2969806,1328287617.39706,36.997145232066,15.2672423357095,15954727.1862548,39.12873,0,-0.6016
2969807,2969807,1328287617.39706,36.9971452348031,15.267242329425,15954727.1858676,39.224106,1,-0.5063
2969808,2969808,1328287617.39716,36.9971388647654,15.2672415512479,15954727.8960726,39.41331,1,-0.317
2969809,2969809,1328287617.39716,36.9971388652406,15.2672415501567,15954727.8960726,39.429874,1,-0.3005
2969810,2969810,1328287617.39716,36.9971388603701,15.2672415613397,15954727.8964608,39.26015,1,-0.4702
2969811,2969811,1328287617.39726,36.9971324878617,15.2672407881673,15954728.607055,39.366295,1,-0.3641
2969812,2969812,1328287617.39726,36.9971324832804,15.2672407986863,15954728.6074441,39.20665,1,-0.5237
2969813,2969813,1328287617.39726,36.9971324861809,15.2672407920266,15954728.6074422,39.307724,1,-0.4226
2969814,2969814,1328287617.39726,36.9971324914069,15.2672407800271,15954728.6066668,39.489834,1,-0.2405
2969815,2969815,1328287617.39736,36.9971261002402,15.2672400490261,15954729.3192027,38.948837,0,-0.7815
2969816,2969816,1328287617.39736,36.997126108544,15.2672400299597,15954729.3184254,39.238197,1,-0.4922
2969817,2969817,1328287617.39746,36.9971197421944,15.2672392436006,15954730.0282452,39.53195,1,-0.1984
2969818,2969818,1328287617.39746,36.9971197349759,15.2672392601749,15954730.0290225,39.28041,1,-0.4499
2969819,2969819,1328287617.39746,36.9971197300749,15.267239271428,15954730.0294125,39.109627,0,-0.6207
2969820,2969820,1328287617.39746,36.9971195937497,15.2672395819747,15954730.0418647,34.3948,3,-5.3356
2969821,2969821,1328287617.39756,36.9971132113463,15.2672388272122,15954730.7532456,34.19841,0,-5.5319
2969822,2969822,1328287617.39756,36.9971133572524,15.2672384946668,15954730.7400067,39.247105,1,-0.4833
2969823,2969823,1328287617.39756,36.9971133621518,15.2672384834175,15954730.7396167,39.41783,1,-0.3125
2969824,2969824,1328287617.39756,36.9971133598662,15.2672384886653,15954730.7396186,39.33819,1,-0.3922
2969825,2969825,1328287617.39756,36.9971133577444,15.2672384935372,15954730.7400058,39.26425,1,-0.4661
2969826,2969826,1328287617.39766,36.9971069820139,15.2672377250746,15954731.4506076,39.270374,1,-0.46
2969827,2969827,1328287617.39766,36.9971069788856,15.2672377322573,15954731.4509957,39.161366,0,-0.569
2969828,2969828,1328287617.39766,36.9971068344741,15.2672380613711,15954731.4642403,34.16475,0,-5.5656
2969829,2969829,1328287617.39766,36.9971069879503,15.267237711444,15954731.4502166,39.477238,1,-0.2531
2969830,2969830,1328287617.39776,36.9971006090785,15.2672369495182,15954732.1615899,39.377,1,-0.3534
2969831,2969831,1328287617.39776,36.9971004681136,15.2672372707184,15954732.1740668,34.50049,3,-5.2299
2969832,2969832,1328287617.39776,36.9971005549404,15.2672370738241,15954732.1662715,37.490463,0,-2.2399
2969833,2969833,1328287617.39776,36.9971006076575,15.2672369527811,15954732.1615927,39.32748,1,-0.4029
2969834,2969834,1328287617.39786,36.997094235128,15.2672361756159,15954732.8721917,39.451363,1,-0.279
2969835,2969835,1328287617.39786,36.997093859843,15.2672370323679,15954732.9061234,26.445225,0,-13.2851
2969836,2969836,1328287617.39786,36.9970942307811,15.2672361855967,15954732.8725808,39.29989,1,-0.4305
2969837,2969837,1328287617.39786,36.9970942333463,15.2672361797067,15954732.8721936,39.38928,1,-0.3411
2969838,2969838,1328287617.39786,36.9970942335021,15.267236179349,15954732.8721936,39.394707,1,-0.3357
2969839,2969839,1328287617.39786,36.9970942342213,15.2672361776977,15954732.8721917,39.41977,1,-0.3106
2969840,2969840,1328287617.39786,36.9970942300428,15.267236187292,15954732.8725827,39.27416,1,-0.4562
2969841,2969841,1328287617.39796,36.9970878551427,15.2672354148916,15954733.5835698,39.318558,1,-0.4118
2969842,2969842,1328287617.39806,36.9970814771049,15.2672346513126,15954734.2945645,39.223648,1,-0.5067
2969843,2969843,1328287617.39806,36.99708133123,15.2672349837867,15954734.3078377,34.176033,0,-5.5543
2969844,2969844,1328287617.39806,36.9970813493728,15.2672349421292,15954734.3062737,34.80825,3,-4.9221
2969845,2969845,1328287617.39806,36.9970814743508,15.2672346576363,15954734.2945664,39.127674,0,-0.6027
2969846,2969846,1328287617.39816,36.9970749732419,15.2672341711949,15954735.0168889,34.816048,3,-4.9143
2969847,2969847,1328287617.39826,36.997071268992,15.2672273165192,15954735.4848531,127.18606,0,87.4557
2969848,2969848,1328287617.39826,36.997068724338,15.2672331099221,15954735.716552,39.2248,1,-0.5056
2969849,2969849,1328287617.39826,36.9970687279154,15.2672331017082,15954735.716161,39.34946,1,-0.3809
2969850,2969850,1328287617.39826,36.9970687283601,15.2672331006869,15954735.716161,39.36496,1,-0.3654
2969851,2969851,1328287617.39826,36.997068599258,15.2672333946493,15954735.7278855,34.901817,3,-4.8285
2969852,2969852,1328287617.39836,36.9970623521497,15.2672323285709,15954736.4267686,39.376316,1,-0.354
2969853,2969853,1328287617.39836,36.997062215808,15.2672326391561,15954736.4392808,34.660896,3,-5.0695
2969854,2969854,1328287617.39836,36.9970623464629,15.2672323416283,15954736.4275468,39.17815,1,-0.5522
2969855,2969855,1328287617.39846,36.997055840829,15.2672318633628,15954737.1494308,34.72075,3,-5.0096
2969856,2969856,1328287617.39846,36.9970559731864,15.2672315619259,15954737.1374796,39.297333,1,-0.433
2969857,2969857,1328287617.39846,36.9970559727615,15.2672315629015,15954737.1374797,39.282524,1,-0.4478
2969858,2969858,1328287617.39846,36.9970559736108,15.2672315609514,15954737.1374796,39.31212,1,-0.4182
2969859,2969859,1328287617.39846,36.9970559753384,15.2672315569848,15954737.1370941,39.372322,1,-0.358
2969860,2969860,1328287617.39846,36.9970559709375,15.2672315670897,15954737.1374797,39.218964,1,-0.5114
2969861,2969861,1328287617.39846,36.9970559675021,15.2672315749777,15954737.1378652,39.09925,0,-0.6311
2969862,2969862,1328287617.39856,36.9970495942772,15.2672307946385,15954737.8484505,39.22102,1,-0.5093
2969863,2969863,1328287617.39856,36.9970495971257,15.2672307880982,15954737.8484503,39.320282,1,-0.4101
2969864,2969864,1328287617.39856,36.9970495969577,15.267230788484,15954737.8484503,39.314426,1,-0.4159
2969865,2969865,1328287617.39856,36.9970495970042,15.2672307883771,15954737.8484503,39.316048,1,-0.4143
2969866,2969866,1328287617.39866,36.9970432187029,15.2672300190087,15954738.5594211,39.264122,1,-0.4662
2969867,2969867,1328287617.39876,36.9970368423112,15.2672292445695,15954739.2703917,39.281956,1,-0.4484
2969868,2969868,1328287617.39876,36.9970368440354,15.2672292406106,15954739.2703915,39.342037,1,-0.3883
2969869,2969869,1328287617.39876,36.9970368372766,15.2672292561295,15954739.2707779,39.106514,0,-0.6238
2969870,2969870,1328287617.39886,36.9970304654039,15.2672284706275,15954739.9813623,39.28504,1,-0.4453
2969871,2969871,1328287617.39886,36.9970304675893,15.2672284656096,15954739.9813619,39.3612,1,-0.3692
2969872,2969872,1328287617.39886,36.9970304681076,15.2672284644197,15954739.9813619,39.379257,1,-0.3511
2969873,2969873,1328287617.39886,36.9970304664915,15.2672284681304,15954739.9813621,39.32294,1,-0.4074
2969874,2969874,1328287617.39886,36.9970304593665,15.26722848449,15954739.9821346,39.074657,0,-0.6557
2969875,2969875,1328287617.39896,36.9970240902878,15.2672276918856,15954740.692332,39.35378,1,-0.3766
2969876,2969876,1328287617.39906,36.9970175649758,15.2672272548514,15954741.4168384,34.227547,0,-5.5028
2969877,2969877,1328287617.39906,36.9970177161186,15.2672269102812,15954741.4033024,39.45875,1,-0.2716
2969878,2969878,1328287617.39906,36.9970177104206,15.2672269233645,15954741.4036896,39.260193,1,-0.4702
2969879,2969879,1328287617.39916,36.9970113339179,15.2672261464297,15954742.11466,39.287098,1,-0.4433
2969880,2969880,1328287617.39916,36.997011198727,15.2672264543727,15954742.1270411,34.61177,3,-5.1186
2969881,2969881,1328287617.39916,36.9970113352229,15.2672261434333,15954742.1146595,39.332573,1,-0.3978
2969882,2969882,1328287617.39916,36.9970113332611,15.2672261479378,15954742.1146605,39.26421,1,-0.4661
2969883,2969883,1328287617.39916,36.997011336529,15.2672261404344,15954742.1146595,39.378086,1,-0.3523
2969884,2969884,1328287617.39926,36.9970049557784,15.2672253725645,15954742.8260171,39.26022,1,-0.4701
2969885,2969885,1328287617.39926,36.9970049575075,15.2672253685943,15954742.8256314,39.320477,1,-0.4099
2969886,2969886,1328287617.39926,36.9970047231979,15.2672259041228,15954742.8469231,31.19117,0,-8.5392
2969887,2969887,1328287617.39926,36.9970049560747,15.2672253718841,15954742.8260171,39.270546,1,-0.4598
2969888,2969888,1328287617.39926,36.9970049603689,15.2672253620243,15954742.82563,39.420185,1,-0.3102
2969889,2969889,1328287617.39936,36.9969985813217,15.2672245895539,15954743.5366018,39.36494,1,-0.3654
2969890,2969890,1328287617.39936,36.9969984255489,15.2672249447547,15954743.5509322,33.972393,0,-5.758
2969891,2969891,1328287617.39936,36.9969984384187,15.2672249152045,15954743.5497701,34.420868,3,-5.3095
2969892,2969892,1328287617.39936,36.996998584038,15.267224583317,15954743.5366008,39.459595,1,-0.2708
2969893,2969893,1328287617.39946,36.996992203807,15.2672238151731,15954744.2479594,39.333252,1,-0.3971
2969894,2969894,1328287617.39946,36.9969922000979,15.2672238236895,15954744.248347,39.204002,1,-0.5264
2969895,2969895,1328287617.39946,36.9969922049006,15.267223812662,15954744.2475736,39.371365,1,-0.359
2969896,2969896,1328287617.39946,36.9969920743151,15.2672241100305,15954744.2595851,34.856514,3,-4.8738
2969897,2969897,1328287617.39946,36.9969922025776,15.2672238179958,15954744.2479599,39.290413,1,-0.4399
2969898,2969898,1328287617.39956,36.9969858262217,15.2672230356689,15954744.9589312,39.368614,1,-0.3617
2969899,2969899,1328287617.39956,36.9969856841417,15.2672233594298,15954744.9721119,34.453217,3,-5.2771
2969900,2969900,1328287617.39956,36.99698582438,15.2672230398977,15954744.9593174,39.304436,1,-0.4259
2969901,2969901,1328287617.39966,36.9969793107346,15.2672225719397,15954745.6827023,34.604343,3,-5.126
2969902,2969902,1328287617.39966,36.9969794464941,15.2672222626916,15954745.6702893,39.299488,1,-0.4309
2969903,2969903,1328287617.39976,36.9969730672685,15.2672214878714,15954746.3816483,39.25115,1,-0.4792
2969904,2969904,1328287617.39976,36.9969730701841,15.267221481177,15954746.3812611,39.352745,1,-0.3776
2969905,2969905,1328287617.39976,36.9969730706842,15.2672214800286,15954746.3812611,39.370174,1,-0.3602
2969906,2969906,1328287617.39986,36.9969666949618,15.2672206964747,15954747.0922329,39.4472,1,-0.2832
2969907,2969907,1328287617.39986,36.9969666601316,15.2672207764479,15954747.0953391,38.233475,0,-1.4969
2969908,2969908,1328287617.39986,36.9969666886996,15.2672207108533,15954747.0930073,39.228985,1,-0.5014
2969909,2969909,1328287617.39986,36.9969666937827,15.267220699182,15954747.0926182,39.406116,1,-0.3242
2969910,2969910,1328287617.39986,36.9969666921523,15.2672207029255,15954747.0926192,39.3493,1,-0.3811
2969911,2969911,1328287617.39986,36.9969666880973,15.2672207122361,15954747.0930083,39.207996,1,-0.5224
2969912,2969912,1328287617.39986,36.9969665483575,15.2672210306236,15954747.1058218,34.37414,3,-5.3562
2969913,2969913,1328287617.39996,36.9969603133181,15.2672199258264,15954747.8039792,39.32119,1,-0.4092
2969914,2969914,1328287617.39996,36.9969603152188,15.2672199214622,15954747.8035929,39.387424,1,-0.3429
2969915,2969915,1328287617.39996,36.996960178351,15.2672202332552,15954747.816026,34.653652,3,-5.0767
2969916,2969916,1328287617.39996,36.9969603118227,15.2672199292599,15954747.8039801,39.26908,1,-0.4613
2969917,2969917,1328287617.40006,36.9969539298167,15.2672191610519,15954748.5157292,39.10063,0,-0.6297
2969918,2969918,1328287617.40006,36.9969539278481,15.267219165572,15954748.5157311,39.03203,0,-0.6983
2969919,2969919,1328287617.40006,36.9969539412946,15.2672191346975,15954748.5145648,39.500603,1,-0.2298
2969920,2969920,1328287617.40016,36.9969475623541,15.2672183564626,15954749.2259238,39.475403,1,-0.255
2969921,2969921,1328287617.40016,36.9969474215997,15.2672186771793,15954749.2387583,34.60619,3,-5.1242
2969922,2969922,1328287617.40016,36.9969475571951,15.267218368308,15954749.2263138,39.295628,1,-0.4347
2969923,2969923,1328287617.40026,36.9969411827965,15.267217583552,15954749.9372885,39.365772,1,-0.3646
2969924,2969924,1328287617.40026,36.9969411816392,15.2672175862092,15954749.9372895,39.325443,1,-0.4049
2969925,2969925,1328287617.40026,36.9969410417724,15.2672179048878,15954749.9501297,34.48716,3,-5.2432
2969926,2969926,1328287617.40026,36.9969410415527,15.2672179053923,15954749.9501297,34.479504,3,-5.2509
2969927,2969927,1328287617.40026,36.9969411817602,15.2672175859313,15954749.9372895,39.329662,1,-0.4007
2969928,2969928,1328287617.40036,36.9969347894003,15.2672168371294,15954750.6498196,38.843464,0,-0.8869
2969929,2969929,1328287617.40036,36.9969348064212,15.2672167980479,15954750.6482613,39.436592,1,-0.2938
2969930,2969930,1328287617.40046,36.9969284234195,15.2672160270696,15954751.3600142,39.279823,1,-0.4505
2969931,2969931,1328287617.40046,36.9969284215728,15.2672160313099,15954751.3600161,39.21547,1,-0.5149
2969932,2969932,1328287617.40046,36.9969284217684,15.2672160308607,15954751.3600152,39.222286,1,-0.5081
2969933,2969933,1328287617.40066,36.9969156711827,15.2672144514379,15954752.7819655,39.455975,1,-0.2744
2969934,2969934,1328287617.40066,36.9969155176276,15.2672148015454,15954752.7960017,34.140694,0,-5.5897
2969935,2969935,1328287617.40066,36.9969156640236,15.2672144678757,15954752.7827437,39.2065,1,-0.5239
2969936,2969936,1328287617.40066,36.9969156680503,15.2672144586302,15954752.7823546,39.34682,1,-0.3835
2969937,2969937,1328287617.40066,36.996915527878,15.2672147780098,15954752.7952197,34.497887,3,-5.2325
2969938,2969938,1328287617.40076,36.9969092923485,15.2672136688257,15954753.4933283,39.454407,1,-0.276
2969939,2969939,1328287617.40076,36.9969092921126,15.2672136693673,15954753.4933283,39.446186,1,-0.2842
2969940,2969940,1328287617.40076,36.9969092909199,15.2672136721059,15954753.4933302,39.40462,1,-0.3257
2969941,2969941,1328287617.40086,36.9969029077713,15.2672128987128,15954754.205086,39.25604,1,-0.4743
2969942,2969942,1328287617.40086,36.9969027698759,15.2672132128641,15954754.2179625,34.48645,3,-5.2439
2969943,2969943,1328287617.40086,36.9969029131888,15.2672128862738,15954754.204695,39.44482,1,-0.2855
2969944,2969944,1328287617.40086,36.9969027740668,15.2672132032415,15954754.2175734,34.63249,3,-5.0979
2969945,2969945,1328287617.40096,36.9968965296848,15.26721211301,15954754.9164507,39.287186,1,-0.4432
2969946,2969946,1328287617.40096,36.996896521622,15.2672121315228,15954754.9172308,39.00622,0,-0.7241
2969947,2969947,1328287617.40096,36.9968963742527,15.2672124674268,15954754.9305117,33.906494,0,-5.8239
2969948,2969948,1328287617.40096,36.9968965338174,15.2672121035211,15954754.9160597,39.431194,1,-0.2992
2969949,2969949,1328287617.40106,36.9968901493336,15.2672113318213,15954755.6278193,39.242744,1,-0.4876
2969950,2969950,1328287617.40106,36.9968901524069,15.2672113247648,15954755.6278136,39.34984,1,-0.3805
2969951,2969951,1328287617.40106,36.9968901529157,15.2672113235965,15954755.6278136,39.36757,1,-0.3628
2969952,2969952,1328287617.40106,36.9968901516099,15.2672113265946,15954755.6278155,39.322067,1,-0.4083
2969953,2969953,1328287617.40116,36.9968837671189,15.2672105542262,15954756.3395789,39.1367,0,-0.5937
2969954,2969954,1328287617.40126,36.9968773929865,15.2672097572199,15954757.0496589,39.31811,1,-0.4122
2969955,2969955,1328287617.40126,36.9968773932609,15.26720975659,15954757.0496588,39.32767,1,-0.4027
2969956,2969956,1328287617.40126,36.9968773882686,15.2672097680526,15954757.0500444,39.153706,0,-0.5767
2969957,2969957,1328287617.40136,36.9968710057963,15.2672089896815,15954757.7617802,39.04535,0,-0.685
2969958,2969958,1328287617.40136,36.9968710147951,15.2672089690196,15954757.7610088,39.358932,1,-0.3714
2969959,2969959,1328287617.40136,36.9968710138499,15.2672089711898,15954757.7610089,39.325993,1,-0.4044
2969960,2969960,1328287617.40136,36.9968708758786,15.2672092855145,15954757.7737361,34.553757,3,-5.1766
2969961,2969961,1328287617.40136,36.9968710106832,15.2672089784609,15954757.7613944,39.21564,1,-0.5147
2969962,2969962,1328287617.40136,36.9968710141259,15.2672089705561,15954757.7610089,39.33561,1,-0.3947
2969963,2969963,1328287617.40146,36.9968646300032,15.267208195292,15954758.4731294,39.173073,0,-0.5573
2969964,2969964,1328287617.40146,36.9968646321299,15.2672081904091,15954758.4727438,39.24718,1,-0.4832
2969965,2969965,1328287617.40146,36.9968646333928,15.2672081875093,15954758.4727437,39.29119,1,-0.4392
2969966,2969966,1328287617.40156,36.9968581228249,15.2672077017235,15954759.196061,34.72827,3,-5.0021
2969967,2969967,1328287617.40156,36.9968581145605,15.267207720699,15954759.1968333,34.44028,3,-5.2901
2969968,2969968,1328287617.40156,36.9968582575359,15.2672073948848,15954759.1837069,39.386898,1,-0.3435
2969969,2969969,1328287617.40156,36.9968582406529,15.2672074336494,15954759.1852511,38.798576,0,-0.9318
2969970,2969970,1328287617.40166,36.9968518699955,15.2672066261065,15954759.8958274,39.111927,0,-0.6184
2969971,2969971,1328287617.40166,36.9968518695831,15.2672066270534,15954759.8958274,39.097553,0,-0.6328
2969972,2969972,1328287617.40166,36.9968518785663,15.2672066064274,15954759.8950547,39.41059,1,-0.3198
2969973,2969973,1328287617.40176,36.9968454933214,15.2672058293992,15954760.6071748,39.252064,1,-0.4783
2969974,2969974,1328287617.40176,36.9968454945067,15.2672058266777,15954760.6071743,39.29337,1,-0.437
2969975,2969975,1328287617.40176,36.996845500433,15.2672058130705,15954760.6064023,39.499886,1,-0.2305
2969976,2969976,1328287617.40176,36.9968454492184,15.2672059306629,15954760.61104,37.715202,0,-2.0152
2969977,2969977,1328287617.40186,36.9968389809104,15.2672053435076,15954761.3305091,34.668026,3,-5.0623
2969978,2969978,1328287617.40186,36.9968391202417,15.267205026061,15954761.3181347,39.48766,1,-0.2427
2969979,2969979,1328287617.40186,36.9968389747427,15.2672053576691,15954761.331282,34.4531,3,-5.2773
2969980,2969980,1328287617.40186,36.9968391185527,15.2672050299392,15954761.3181352,39.428802,1,-0.3016
2969981,2969981,1328287617.40186,36.9968391164892,15.2672050346772,15954761.3185214,39.356895,1,-0.3735
2969982,2969982,1328287617.40196,36.996832734939,15.2672042501111,15954762.029869,39.30064,1,-0.4297
2969983,2969983,1328287617.40196,36.996832736197,15.2672042472227,15954762.0298685,39.34448,1,-0.3859
2969984,2969984,1328287617.40196,36.9968327346731,15.2672042507216,15954762.029869,39.291374,1,-0.439
2969985,2969985,1328287617.40206,36.9968263563078,15.2672034581679,15954762.7412156,39.349422,1,-0.3809
2969986,2969986,1328287617.40206,36.9968263503925,15.2672034717498,15954762.7419886,39.14329,0,-0.5871
2969987,2969987,1328287617.40206,36.9968262205133,15.2672037674933,15954762.7536015,34.653034,3,-5.0773
2969988,2969988,1328287617.40206,36.9968263586026,15.2672034528988,15954762.7412147,39.42939,1,-0.301
2969989,2969989,1328287617.40216,36.9968198444934,15.2672029711808,15954763.4649529,34.763,3,-4.9674
2969990,2969990,1328287617.40216,36.9968199752657,15.2672026733869,15954763.452948,39.284378,1,-0.446
2969991,2969991,1328287617.40216,36.9968198393007,15.2672029831034,15954763.4653405,34.582054,3,-5.1483
2969992,2969992,1328287617.40216,36.9968199791301,15.267202664514,15954763.4525603,39.419044,1,-0.3113
2969993,2969993,1328287617.40226,36.9968135952706,15.2672018832292,15954764.1642946,39.292263,1,-0.4381
2969994,2969994,1328287617.40226,36.9968135982194,15.2672018764585,15954764.1642927,39.395023,1,-0.3353
2969995,2969995,1328287617.40236,36.9968070787409,15.2672014034245,15954764.8884319,34.581284,3,-5.1491
2969996,2969996,1328287617.40236,36.9968072177881,15.2672010866315,15954764.8756384,39.391018,1,-0.3393
2969997,2969997,1328287617.40236,36.9968072150985,15.2672010928071,15954764.8760256,39.29729,1,-0.4331
2969998,2969998,1328287617.40236,36.9968072132386,15.2672010970776,15954764.8760265,39.232475,1,-0.4979
2969999,2969999,1328287617.40246,36.9968008366653,15.267200297723,15954765.5873713,39.36622,1,-0.3641
2970000,2970000,1328287617.40246,36.996800837552,15.2672002956872,15954765.5873703,39.397114,1,-0.3332
2970001,2970001,1328287617.40246,36.9968008352993,15.2672003008595,15954765.5873713,39.31862,1,-0.4117
2970002,2970002,1328287617.40246,36.9968008365207,15.2672002980551,15954765.5873713,39.36118,1,-0.3692
2970003,2970003,1328287617.40246,36.9968006912412,15.2672006291577,15954765.6005596,34.334267,3,-5.3961
2970004,2970004,1328287617.40256,36.9967944528853,15.2671995142482,15954766.2991041,39.252125,1,-0.4782
2970005,2970005,1328287617.40266,36.9967879105592,15.2671990916703,15954767.0255894,33.65211,0,-6.0782
2970006,2970006,1328287617.40266,36.9967880775698,15.2671987106726,15954767.010446,39.436287,1,-0.2941
2970007,2970007,1328287617.40266,36.9967878211843,15.2671992944123,15954767.0337433,30.573318,0,-9.157
2970008,2970008,1328287617.40266,36.996788070177,15.267198727647,15954767.0112223,39.17867,1,-0.5517
2970009,2970009,1328287617.40266,36.9967879332289,15.2671990396194,15954767.0236467,34.442085,3,-5.2883
2970010,2970010,1328287617.40266,36.9967879273624,15.2671990530893,15954767.0240368,34.237656,0,-5.4927
2970011,2970011,1328287617.40276,36.9967816971308,15.2671979181969,15954767.7217916,39.4452,1,-0.2852
2970012,2970012,1328287617.40276,36.9967815599475,15.2671982307092,15954767.734609,34.70042,3,-5.0299
2970013,2970013,1328287617.40276,36.9967816855094,15.2671979448804,15954767.722957,39.040226,0,-0.6901
2970014,2970014,1328287617.40296,36.996768933192,15.2671963382889,15954769.1456408,39.36621,1,-0.3641
2970015,2970015,1328287617.40296,36.9967689295638,15.2671963466194,15954769.1456446,39.239777,1,-0.4906
2970016,2970016,1328287617.40296,36.9967687924253,15.2671966590282,15954769.1580891,34.49656,3,-5.2338
2970017,2970017,1328287617.40296,36.9967689318673,15.2671963413304,15954769.1456427,39.32005,1,-0.4103
2970018,2970018,1328287617.40296,36.9967689340728,15.2671963362665,15954769.1452555,39.396904,1,-0.3335
2970019,2970019,1328287617.40296,36.9967689352324,15.2671963336041,15954769.1452545,39.437313,1,-0.293
2970020,2970020,1328287617.40306,36.9967625539296,15.2671955411312,15954769.8569855,39.425953,1,-0.3044
2970021,2970021,1328287617.40306,36.9967625477831,15.2671955552437,15954769.8573765,39.211765,1,-0.5186
2970022,2970022,1328287617.40306,36.9967624098111,15.2671958695662,15954769.8702139,34.4395,3,-5.2909
2970023,2970023,1328287617.40316,36.9967561632611,15.2671947695061,15954770.5694965,39.09149,0,-0.6389
2970024,2970024,1328287617.40316,36.9967561756947,15.2671947409579,15954770.5683302,39.52477,1,-0.2056
2970025,2970025,1328287617.40316,36.9967561689618,15.2671947564171,15954770.5691055,39.290142,1,-0.4402
2970026,2970026,1328287617.40316,36.9967561718139,15.2671947498687,15954770.5687183,39.38953,1,-0.3408
2970027,2970027,1328287617.40316,36.99675617492,15.2671947427368,15954770.5683302,39.497772,1,-0.2326
2970028,2970028,1328287617.40326,36.9967497866147,15.2671939650317,15954771.2808384,39.248917,1,-0.4814
2970029,2970029,1328287617.40326,36.996749642786,15.2671942928009,15954771.2936949,34.272556,3,-5.4578
2970030,2970030,1328287617.40336,36.9967434060016,15.2671931690135,15954771.9925703,39.27135,1,-0.459
2970031,2970031,1328287617.40336,36.996743404318,15.267193172879,15954771.9925722,39.212685,1,-0.5177
2970032,2970032,1328287617.40336,36.996743409182,15.2671931617111,15954771.9921822,39.38218,1,-0.3482
2970033,2970033,1328287617.40336,36.9967434061437,15.2671931686871,15954771.9925703,39.276306,1,-0.4541
2970034,2970034,1328287617.40346,36.996737025898,15.2671923711756,15954772.703916,39.314785,1,-0.4156
2970035,2970035,1328287617.40346,36.9967368863124,15.2671926892016,15954772.716781,34.48629,3,-5.2441
2970036,2970036,1328287617.40346,36.9967370238172,15.2671923759531,15954772.7043051,39.242275,1,-0.4881
2970037,2970037,1328287617.40356,36.99673064741,15.2671915758865,15954773.4152655,39.31834,1,-0.412
2970038,2970038,1328287617.40356,36.9967306453245,15.2671915806749,15954773.4156527,39.245667,1,-0.4847
2970039,2970039,1328287617.40356,36.9967305130855,15.2671918818326,15954773.4277433,34.673176,3,-5.0572
2970040,2970040,1328287617.40356,36.9967306477469,15.267191575113,15954773.4152636,39.33008,1,-0.4003
2970041,2970041,1328287617.40366,36.9967241330431,15.2671910825619,15954774.1390966,34.725193,3,-5.0052
2970042,2970042,1328287617.40366,36.9967242679444,15.2671907752918,15954774.1269945,39.390457,1,-0.3399
2970043,2970043,1328287617.40366,36.9967242690645,15.2671907727199,15954774.1269926,39.42949,1,-0.3009
2970044,2970044,1328287617.40376,36.9967178852136,15.2671899815516,15954774.8387312,39.351997,1,-0.3784
2970045,2970045,1328287617.40376,36.9967178840562,15.2671899842091,15954774.8387331,39.311665,1,-0.4187
2970046,2970046,1328287617.40376,36.9967178112641,15.2671901513419,15954774.8453707,36.775074,0,-2.9553
2970047,2970047,1328287617.40386,36.9967115041599,15.2671891833208,15954775.5504641,39.375187,1,-0.3552
2970048,2970048,1328287617.40386,36.9967113633009,15.2671895042694,15954775.5633558,34.502316,3,-5.228
2970049,2970049,1328287617.40386,36.9967115028912,15.2671891862339,15954775.550466,39.330975,1,-0.3994
2970050,2970050,1328287617.40396,36.996705118544,15.2671883949276,15954776.262586,39.24258,1,-0.4878
2970051,2970051,1328287617.40406,36.9966987332609,15.2671876026719,15954776.9737828,39.160282,0,-0.5701
2970052,2970052,1328287617.40416,36.9966918686122,15.2671879077793,15954777.7294694,22.415,0,-17.3154
2970053,2970053,1328287617.40416,36.9966923509318,15.2671868077675,15954777.685891,39.11542,0,-0.6149
2970054,2970054,1328287617.40416,36.9966923585451,15.2671867902872,15954777.6851198,39.380722,1,-0.3496
2970055,2970055,1328287617.40416,36.9966923606117,15.2671867855422,15954777.6847343,39.45274,1,-0.2776
2970056,2970056,1328287617.40426,36.9966858345525,15.2671863152449,15954778.4099594,34.471264,3,-5.2591
2970057,2970057,1328287617.40426,36.9966858252794,15.267186336536,15954778.4107312,34.148125,0,-5.5822
2970058,2970058,1328287617.40426,36.9966859694412,15.2671860080059,15954778.3976128,39.13608,0,-0.5943
2970059,2970059,1328287617.40436,36.9966794532828,15.2671855143493,15954779.1216862,34.502766,3,-5.2276
2970060,2970060,1328287617.40436,36.9966795943445,15.2671851929373,15954779.1085615,39.382698,1,-0.3477
2970061,2970061,1328287617.40436,36.9966795887792,15.2671852057154,15954779.109333,39.188763,1,-0.5416
2970062,2970062,1328287617.40436,36.9966795932474,15.2671851954564,15954779.108947,39.344467,1,-0.3859
2970063,2970063,1328287617.40436,36.9966795939812,15.2671851937716,15954779.1085615,39.370037,1,-0.3603
2970064,2970064,1328287617.40446,36.9966730670991,15.2671847241126,15954779.8337981,34.366165,3,-5.3642
2970065,2970065,1328287617.40446,36.9966732122703,15.2671843932655,15954779.820666,39.389297,1,-0.3411
2970066,2970066,1328287617.40446,36.9966732101793,15.2671843980666,15954779.8206665,39.316433,1,-0.4139
2970067,2970067,1328287617.40446,36.9966732088506,15.2671844011173,15954779.821052,39.27013,1,-0.4602
2970068,2970068,1328287617.40456,36.9966666614455,15.2671839779581,15954780.5478418,33.554214,0,-6.1761
2970069,2970069,1328287617.40456,36.9966668266616,15.2671836010881,15954780.5327708,39.275856,1,-0.4545
2970070,2970070,1328287617.40466,36.9966604451417,15.2671827989052,15954781.2444884,39.308,1,-0.4224
2970071,2970071,1328287617.40476,36.9966540606716,15.267182002881,15954781.9565909,39.240437,1,-0.4899
2970072,2970072,1328287617.40486,36.9966476876026,15.2671811825358,15954782.6675331,39.53759,1,-0.1928
2970073,2970073,1328287617.40486,36.9966475477513,15.267181498699,15954782.6803043,34.735497,3,-4.9949
2970074,2970074,1328287617.40486,36.9966475384805,15.2671815199847,15954782.6810786,34.412437,3,-5.3179
2970075,2970075,1328287617.40496,36.9966411554543,15.267180719425,15954783.3931868,34.401333,3,-5.329
2970076,2970076,1328287617.40496,36.9966412962477,15.2671803986316,15954783.380408,39.27191,1,-0.4584
2970077,2970077,1328287617.40496,36.9966411552293,15.2671807199416,15954783.3931868,34.393494,3,-5.3369
2970078,2970078,1328287617.40496,36.9966412962627,15.267180398597,15954783.380408,39.272438,1,-0.4579
2970079,2970079,1328287617.40506,36.996634918141,15.267179588475,15954784.0917346,39.40215,1,-0.3282
2970080,2970080,1328287617.40506,36.9966347744561,15.2671799159068,15954784.1049072,34.430813,3,-5.2995
2970081,2970081,1328287617.40506,36.9966347756283,15.2671799132155,15954784.1049068,34.47166,3,-5.2587
2970082,2970082,1328287617.40516,36.9966285331291,15.2671787912676,15954784.8038356,39.327938,1,-0.4024
2970083,2970083,1328287617.40516,36.9966285325135,15.2671787926809,15954784.8038366,39.306488,1,-0.4239
2970084,2970084,1328287617.40516,36.9966283418455,15.2671792279851,15954784.8212793,32.697933,0,-7.0324
2970085,2970085,1328287617.40526,36.9966217751095,15.2671788426437,15954785.5500638,26.363014,0,-13.3673
2970086,2970086,1328287617.40526,36.996622143516,15.2671780017225,15954785.5163228,39.12956,0,-0.6008
2970087,2970087,1328287617.40526,36.9966207864844,15.2671810927722,15954785.6400506,-7.8020806,0,-47.5324
2970088,2970088,1328287617.40536,36.9966157593027,15.2671772014877,15954786.2284219,39.089203,0,-0.6412
2970089,2970089,1328287617.40546,36.9966093817528,15.2671763853623,15954786.9401309,39.28404,1,-0.4463
2970090,2970090,1328287617.40546,36.9966093822462,15.2671763842293,15954786.9401309,39.301235,1,-0.4291
2970091,2970091,1328287617.40546,36.9966093811384,15.2671763867729,15954786.9401319,39.26263,1,-0.4677
2970092,2970092,1328287617.40556,36.9966028493864,15.267175921636,15954787.6654384,34.122616,3,-5.6077
2970093,2970093,1328287617.40566,36.9965964815647,15.2671750843054,15954788.3759887,34.62924,3,-5.1011
2970094,2970094,1328287617.40566,36.9965966179654,15.2671747736006,15954788.3639381,39.346737,1,-0.3836
2970095,2970095,1328287617.40586,36.9965837823841,15.2671736908629,15954789.7910211,34.298347,3,-5.432
2970096,2970096,1328287617.40586,36.9965839264634,15.2671733625253,15954789.7777946,39.283447,1,-0.4469
2970097,2970097,1328287617.40586,36.996583784983,15.267173684896,15954789.7906339,34.38891,3,-5.3414
2970098,2970098,1328287617.40586,36.9965839293001,15.2671733560124,15954789.7774074,39.382298,1,-0.3481
2970099,2970099,1328287617.40596,36.9965773952596,15.2671728682378,15954790.5035064,34.35954,3,-5.3708
2970100,2970100,1328287617.40606,36.9965710056195,15.267172048502,15954791.2163779,34.369198,3,-5.3612
2970101,2970101,1328287617.40606,36.9965711491303,15.267171721471,15954791.2031381,39.334484,1,-0.3959
2970102,2970102,1328287617.40606,36.9965710080756,15.2671720428626,15954791.2159898,34.45479,3,-5.2756
2970103,2970103,1328287617.40606,36.9965711513434,15.2671717163897,15954791.2031362,39.411606,1,-0.3188
2970104,2970104,1328287617.40606,36.9965706770859,15.2671727978745,15954791.2463653,22.992079,0,-16.7383
2970105,2970105,1328287617.40606,36.9965710008796,15.2671720593847,15954791.216767,34.204025,3,-5.5263
2970106,2970106,1328287617.40606,36.9965711473974,15.2671717254498,15954791.2035243,39.274097,1,-0.4563
2970107,2970107,1328287617.40606,36.9965711451146,15.267171730691,15954791.2035272,39.19455,1,-0.5358
2970108,2970108,1328287617.40616,36.9965647557294,15.2671709121094,15954791.9163921,39.182804,1,-0.5476
2970109,2970109,1328287617.40626,36.9965583729545,15.2671700800989,15954792.6284797,39.371067,1,-0.3593
2970110,2970110,1328287617.40636,36.9965518385952,15.2671695907952,15954793.3546035,34.348663,3,-5.3817
2970111,2970111,1328287617.40636,36.9965519797037,15.2671692692825,15954793.3417327,39.230225,1,-0.5001
2970112,2970112,1328287617.40646,36.99654558981,15.2671684502171,15954794.0545947,39.209087,1,-0.5213
2970113,2970113,1328287617.40646,36.9965455958847,15.26716843627,15954794.0542018,39.420773,1,-0.3096
2970114,2970114,1328287617.40656,36.9965390484304,15.2671679759579,15954794.7811267,33.947426,0,-5.7829
2970115,2970115,1328287617.40656,36.9965392006323,15.2671676289766,15954794.7674567,39.215557,1,-0.5148
2970116,2970116,1328287617.40656,36.9965390634769,15.2671679414118,15954794.7799518,34.471752,3,-5.2586
2970117,2970117,1328287617.40656,36.9965392023624,15.2671676250044,15954794.7674548,39.275845,1,-0.4545
2970118,2970118,1328287617.40666,36.9965328145637,15.2671668000758,15954795.4799277,39.332966,1,-0.3974
2970119,2970119,1328287617.40666,36.99653281467,15.2671667998317,15954795.4799277,39.336674,1,-0.3937
2970120,2970120,1328287617.40666,36.9965326600808,15.2671671522932,15954795.4939925,33.985355,3,-5.745
2970121,2970121,1328287617.40666,36.9965328168519,15.2671667948223,15954795.4799258,39.412704,1,-0.3177
2970122,2970122,1328287617.40666,36.9965326785753,15.2671671098308,15954795.4924285,34.629833,3,-5.1005
2970123,2970123,1328287617.40666,36.9965328156991,15.2671667974689,15954795.4799258,39.372536,1,-0.3578
2970124,2970124,1328287617.40676,36.9965264264687,15.267165975315,15954796.1927879,39.382305,1,-0.3481
2970125,2970125,1328287617.40676,36.9965264215343,15.2671659866442,15954796.1931808,39.210354,1,-0.52
2970126,2970126,1328287617.40686,36.9965200331426,15.2671651619044,15954796.9052308,39.254192,1,-0.4762
2970127,2970127,1328287617.40686,36.9965198851239,15.2671654992784,15954796.9183344,34.131847,3,-5.5985
2970128,2970128,1328287617.40686,36.9965200341453,15.2671651596023,15954796.9048454,39.28913,1,-0.4412
2970129,2970129,1328287617.40686,36.9965200321714,15.2671651641341,15954796.9052308,39.22035,1,-0.51
2970130,2970130,1328287617.40686,36.99652003526,15.267165157043,15954796.9048454,39.327976,1,-0.4024
2970131,2970131,1328287617.40686,36.9965200327084,15.2671651629012,15954796.9052308,39.239063,1,-0.4913
2970132,2970132,1328287617.40686,36.99652003413,15.2671651596373,15954796.9048454,39.2886,1,-0.4418
2970133,2970133,1328287617.40706,36.9965072583685,15.2671635112737,15954798.3301786,39.348003,1,-0.3824
2970134,2970134,1328287617.40716,36.9965008651328,15.2671626986709,15954799.043421,39.194584,1,-0.5358
2970135,2970135,1328287617.40716,36.9965008666606,15.2671626951633,15954799.0434208,39.24782,1,-0.4825
2970136,2970136,1328287617.40716,36.9965007263665,15.2671630147997,15954799.0561587,34.394665,3,-5.3357
2970137,2970137,1328287617.40716,36.9965008681782,15.267162691679,15954799.0430352,39.300705,1,-0.4297
2970138,2970138,1328287617.40726,36.9964943112711,15.2671622496112,15954799.771337,33.514923,0,-6.2154
2970139,2970139,1328287617.40726,36.9964943315944,15.2671622029507,15954799.769406,34.223125,3,-5.5072
2970140,2970140,1328287617.40736,36.9964880871664,15.2671610479388,15954800.4691281,39.257126,1,-0.4732
2970141,2970141,1328287617.40746,36.9964816977683,15.2671602205445,15954801.1819789,39.31033,1,-0.42
2970142,2970142,1328287617.40746,36.9964815427983,15.2671605738728,15954801.1962821,33.945774,3,-5.7846
2970143,2970143,1328287617.40746,36.9964816968895,15.2671602225621,15954801.1819794,39.279705,1,-0.4507
2970144,2970144,1328287617.40746,36.9964815465085,15.2671605653547,15954801.1958959,34.07506,3,-5.6553
2970145,2970145,1328287617.40746,36.9964816907289,15.2671602367064,15954801.1827514,39.065025,0,-0.6653
2970146,2970146,1328287617.40756,36.9964753096612,15.2671593920605,15954801.8948271,39.37739,1,-0.353
2970147,2970147,1328287617.40756,36.9964753067088,15.2671593988389,15954801.894828,39.27451,1,-0.4558
2970148,2970148,1328287617.40756,36.9964751562934,15.2671597417094,15954801.9087517,34.068672,3,-5.6617
2970149,2970149,1328287617.40766,36.9964689170957,15.2671585756963,15954802.6076762,39.257915,1,-0.4724
2970150,2970150,1328287617.40766,36.9964689148157,15.2671585809307,15954802.6080625,39.178467,1,-0.5519
2970151,2970151,1328287617.40766,36.9964689165557,15.2671585769359,15954802.608062,39.2391,1,-0.4913
2970152,2970152,1328287617.40776,36.9964625206963,15.2671577654102,15954803.3212955,39.03995,0,-0.6904
2970153,2970153,1328287617.40786,36.9964561341327,15.2671569321369,15954804.0341389,39.16661,0,-0.5637
2970154,2970154,1328287617.40786,36.9964561400767,15.2671569184902,15954804.033365,39.37374,1,-0.3566
2970155,2970155,1328287617.40796,36.9964497414659,15.2671561124806,15954804.7469828,39.082405,0,-0.648
2970156,2970156,1328287617.40796,36.996449745344,15.2671561035769,15954804.7469809,39.217545,1,-0.5128
2970157,2970157,1328287617.40806,36.9964433562363,15.2671552753641,15954805.4598219,39.25911,1,-0.4712
2970158,2970158,1328287617.40806,36.9964433596405,15.2671552675485,15954805.4594347,39.377735,1,-0.3526
2970159,2970159,1328287617.40806,36.9964433546806,15.2671552789358,15954805.4598229,39.2049,1,-0.5255
2970160,2970160,1328287617.40816,36.9964369671893,15.2671544466364,15954806.172661,39.30448,1,-0.4259
2970161,2970161,1328287617.40826,36.9964304231534,15.2671539709073,15954806.8994753,33.986298,3,-5.7441
2970162,2970162,1328287617.40826,36.9964305799429,15.2671536134096,15954806.885113,39.414223,1,-0.3161
2970163,2970163,1328287617.40826,36.9964305744456,15.2671536260304,15954806.8855021,39.222664,1,-0.5077
2970164,2970164,1328287617.40826,36.9964304306399,15.2671539537196,15954806.898699,34.247173,3,-5.4832
2970165,2970165,1328287617.40836,36.9964241871429,15.2671527925773,15954807.5983364,39.33201,1,-0.3983
2970166,2970166,1328287617.40846,36.9964177912818,15.2671519784275,15954808.311948,39.144627,0,-0.5857
2970167,2970167,1328287617.40846,36.9964177992902,15.2671519600414,15954808.3111717,39.423695,1,-0.3067
2970168,2970168,1328287617.40846,36.9964177983515,15.2671519621964,15954808.3111717,39.390987,1,-0.3394
2970169,2970169,1328287617.40846,36.9964177951292,15.2671519695943,15954808.3115599,39.278698,1,-0.4517
2970170,2970170,1328287617.40846,36.9964175640071,15.2671524977461,15954808.3325445,31.260544,0,-8.4698
2970171,2970171,1328287617.40856,36.9964114066985,15.2671511380503,15954809.0243933,39.35168,1,-0.3787
2970172,2970172,1328287617.40856,36.9964114018041,15.267151149287,15954809.0247824,39.18113,1,-0.5492
2970173,2970173,1328287617.40856,36.9964114005818,15.2671511520931,15954809.0247833,39.138535,0,-0.5918
2970174,2970174,1328287617.40866,36.9964048827029,15.2671506149468,15954809.7492868,34.737736,0,-4.9926
2970175,2970175,1328287617.40866,36.9964050137412,15.267150316573,15954809.7376139,39.26831,1,-0.462
2970176,2970176,1328287617.40876,36.9963981781812,15.2671505035141,15954810.490925,23.87009,0,-15.8603
2970177,2970177,1328287617.40876,36.9963986223542,15.2671494911752,15954810.4504482,39.240974,1,-0.4894
2970178,2970178,1328287617.40876,36.9963984623098,15.2671498561409,15954810.465235,33.699642,0,-6.0307
2970179,2970179,1328287617.40876,36.9963986212977,15.267149493601,15954810.4508335,39.20416,1,-0.5262
2970180,2970180,1328287617.40886,36.9963920806677,15.2671490080647,15954811.1772959,34.01314,3,-5.7172
2970181,2970181,1328287617.40886,36.9963922344594,15.2671486574551,15954811.1632778,39.336582,1,-0.3938
2970182,2970182,1328287617.40886,36.9963922300998,15.2671486674638,15954811.1636679,39.18467,1,-0.5457
2970183,2970183,1328287617.40896,36.9963858463334,15.2671478239707,15954811.8761055,39.425327,1,-0.305
2970184,2970184,1328287617.40896,36.9963858310243,15.2671478591174,15954811.8776629,38.89186,0,-0.8385
2970185,2970185,1328287617.40896,36.9963856940862,15.2671481710333,15954811.8901302,34.15571,3,-5.5746
2970186,2970186,1328287617.40896,36.9963858448557,15.2671478273631,15954811.8764937,39.373837,1,-0.3565
2970187,2970187,1328287617.40906,36.996379448478,15.267147012538,15954812.5897142,39.176167,0,-0.5542
2970188,2970188,1328287617.40906,36.9963794502476,15.2671470084754,15954812.5897114,39.23783,1,-0.4925
2970189,2970189,1328287617.40906,36.9963792894483,15.267147375171,15954812.6041376,33.670208,0,-6.0602
2970190,2970190,1328287617.40906,36.9963794485219,15.2671470124373,15954812.5897142,39.177696,0,-0.5527
2970191,2970191,1328287617.40906,36.9963794533295,15.2671470014,15954812.5893232,39.345226,1,-0.3851
2970192,2970192,1328287617.40916,36.9963730641259,15.2671461721394,15954813.3021509,39.365433,1,-0.3649
2970193,2970193,1328287617.40916,36.9963730611256,15.2671461790275,15954813.30254,39.26088,1,-0.4695
2970194,2970194,1328287617.40916,36.9963730587601,15.2671461844581,15954813.3029291,39.17845,1,-0.5519
2970195,2970195,1328287617.40926,36.9963666711006,15.2671453490783,15954814.0153696,39.286655,1,-0.4437
2970196,2970196,1328287617.40926,36.9963666724758,15.267145345921,15954814.0153677,39.334576,1,-0.3958
2970197,2970197,1328287617.40926,36.9963666717715,15.267145347538,15954814.0153677,39.310036,1,-0.4203
2970198,2970198,1328287617.40926,36.99636667017,15.2671453512148,15954814.0157549,39.254227,1,-0.4761
2970199,2970199,1328287617.40926,36.9963666706544,15.2671453501027,15954814.0153696,39.271107,1,-0.4593
2970200,2970200,1328287617.40926,36.9963666735034,15.267145343562,15954814.0153658,39.370384,1,-0.36
2970201,2970201,1328287617.40936,36.9963601299924,15.267144863261,15954814.7422487,34.084328,3,-5.646
2970202,2970202,1328287617.40936,36.9963601425228,15.267144834494,15954814.7410776,34.520966,0,-5.2094
2970203,2970203,1328287617.40946,36.9963538791935,15.2671437133381,15954815.4425776,38.96097,0,-0.7694
2970204,2970204,1328287617.40946,36.9963535745828,15.2671444077205,15954815.4703123,28.41773,0,-11.3126
2970205,2970205,1328287617.40946,36.9963538831286,15.267143704304,15954815.4421866,39.098095,0,-0.6323
2970206,2970206,1328287617.40946,36.9963538880253,15.2671436930624,15954815.4417955,39.268726,1,-0.4616
2970207,2970207,1328287617.40946,36.9963536644346,15.2671442039086,15954815.4621107,31.513073,0,-8.2173
2970208,2970208,1328287617.40956,36.9963474986409,15.2671428609095,15954816.1546213,39.319458,1,-0.4109
2970209,2970209,1328287617.40956,36.9963473434019,15.2671432148348,15954816.1686918,33.94561,3,-5.7847
2970210,2970210,1328287617.40966,36.9963411055427,15.267142036905,15954816.8671223,39.24387,1,-0.4865
2970211,2970211,1328287617.40966,36.9963411084315,15.267142030273,15954816.866737,39.344536,1,-0.3858
2970212,2970212,1328287617.40976,36.9963347163984,15.2671412060728,15954817.5799519,39.271233,1,-0.4591
2970213,2970213,1328287617.40976,36.9963347244236,15.2671411901165,15954817.5791809,39.515224,1,-0.2151
2970214,2970214,1328287617.40976,36.9963347184876,15.2671412012765,15954817.5799518,39.344032,1,-0.3863
2970215,2970215,1328287617.40986,36.9963283218606,15.2671403851095,15954818.2935504,39.14446,0,-0.5859
2970216,2970216,1328287617.40986,36.9963281684145,15.2671407349155,15954818.3074376,33.833103,3,-5.8973
2970217,2970217,1328287617.40986,36.9963281745809,15.267140720759,15954818.3066664,34.047977,3,-5.6824
2970218,2970218,1328287617.40996,36.9963219362857,15.2671395433762,15954819.0059894,39.330578,1,-0.3998
2970219,2970219,1328287617.41006,36.9963153852399,15.2671390788692,15954819.733486,33.78683,3,-5.9435
2970220,2970220,1328287617.41006,36.9963154960249,15.2671388270039,15954819.7234462,37.611603,0,-2.1188
2970221,2970221,1328287617.41006,36.9963155468183,15.2671387103957,15954819.7188123,39.38156,1,-0.3488
2970222,2970222,1328287617.41016,36.9963091537785,15.2671378854436,15954820.4320189,39.3085,1,-0.4219
2970223,2970223,1328287617.41016,36.9963090006112,15.2671382346064,15954820.4459275,34.006866,3,-5.7235
2970224,2970224,1328287617.41016,36.9963091561663,15.2671378799619,15954820.4320184,39.391705,1,-0.3387
2970225,2970225,1328287617.41016,36.9963091461026,15.2671379030655,15954820.4327913,39.04102,0,-0.6893
2970226,2970226,1328287617.41016,36.9963089801396,15.2671382816036,15954820.4478592,33.293514,0,-6.4368
2970227,2970227,1328287617.41026,36.9963027578993,15.2671370714669,15954821.1456107,39.070503,0,-0.6599
2970228,2970228,1328287617.41036,36.9962962090293,15.2671366014734,15954821.8731235,33.603718,0,-6.1266
2970229,2970229,1328287617.41046,36.9962899845795,15.2671353914963,15954822.570855,39.370644,1,-0.3597
2970230,2970230,1328287617.41046,36.9962899815799,15.2671353983825,15954822.5712412,39.26612,1,-0.4642
2970231,2970231,1328287617.41046,36.9962899807896,15.267135400197,15954822.5712417,39.23858,1,-0.4918
2970232,2970232,1328287617.41046,36.9962899818918,15.2671353976664,15954822.5712412,39.27699,1,-0.4534
2970233,2970233,1328287617.41056,36.9962834327559,15.2671349280066,15954823.2987651,33.801388,3,-5.929
2970234,2970234,1328287617.41056,36.9962835914218,15.2671345662247,15954823.2844394,39.29461,1,-0.4357
2970235,2970235,1328287617.41056,36.996283593937,15.2671345604507,15954823.2840532,39.382248,1,-0.3481
2970236,2970236,1328287617.41056,36.9962834377138,15.2671349166247,15954823.2983769,33.97415,3,-5.7562
2970237,2970237,1328287617.41056,36.9962835994074,15.2671345503596,15954823.2836655,39.537216,1,-0.1931
2970238,2970238,1328287617.41066,36.9962770535746,15.2671340728363,15954824.0108083,34.179317,3,-5.551
2970239,2970239,1328287617.41066,36.9962771995437,15.2671337402034,15954823.9972519,39.2301,1,-0.5003
2970240,2970240,1328287617.41066,36.9962771991753,15.2671337410491,15954823.9976381,39.217266,1,-0.5131
2970241,2970241,1328287617.41076,36.9962706650765,15.2671332366328,15954824.7236231,34.265846,3,-5.4645
2970242,2970242,1328287617.41076,36.9962708103625,15.267132905569,15954824.7104467,39.29282,1,-0.4375
2970243,2970243,1328287617.41076,36.9962707432285,15.2671330596876,15954824.7162617,36.953472,0,-2.7769
2970244,2970244,1328287617.41076,36.9962708080034,15.2671329109849,15954824.7104477,39.210613,1,-0.5197
2970245,2970245,1328287617.41076,36.9962708100891,15.2671329061968,15954824.7104467,39.283295,1,-0.4471
2970246,2970246,1328287617.41096,36.9962580289586,15.2671312406778,15954826.1364468,39.345406,1,-0.385
2970247,2970247,1328287617.41096,36.9962580238209,15.2671312524723,15954826.136835,39.166378,0,-0.564
2970248,2970248,1328287617.41096,36.9962578411634,15.2671316693268,15954826.1535166,32.837166,0,-6.8932
2970249,2970249,1328287617.41096,36.9962580300259,15.2671312382276,15954826.1364459,39.3826,1,-0.3478
2970250,2970250,1328287617.41096,36.9962580271419,15.2671312448482,15954826.1364478,39.282104,1,-0.4483
2970251,2970251,1328287617.41106,36.9962516389516,15.2671304076648,15954826.8496359,39.37917,1,-0.3512
2970252,2970252,1328287617.41116,36.9962450857222,15.2671299468163,15954827.5771979,33.76078,3,-5.9696
2970253,2970253,1328287617.41116,36.9962452447671,15.267129584171,15954827.562827,39.267178,1,-0.4632
2970254,2970254,1328287617.41116,36.996245247456,15.267129577998,15954827.5624407,39.360878,1,-0.3695
2970255,2970255,1328287617.41116,36.9962452484129,15.2671295758014,15954827.5624398,39.39422,1,-0.3361
2970256,2970256,1328287617.41126,36.9962388570654,15.2671287480435,15954828.2756289,39.34766,1,-0.3827
2970257,2970257,1328287617.41126,36.9962388528788,15.2671287576546,15954828.2760171,39.20177,1,-0.5286
2970258,2970258,1328287617.41126,36.9962388521413,15.2671287593477,15954828.2760171,39.17607,0,-0.5543
2970259,2970259,1328287617.41126,36.996238632786,15.2671292604438,15954828.2958354,31.568113,0,-8.1622
2970260,2970260,1328287617.41126,36.9962388577232,15.2671287465336,15954828.275628,39.37058,1,-0.3598
2970261,2970261,1328287617.41136,36.9962324610896,15.26712792855,15954828.9892043,39.17269,0,-0.5577
2970262,2970262,1328287617.41146,36.9962259125908,15.2671274566861,15954829.7163962,33.718227,3,-6.0121
2970263,2970263,1328287617.41146,36.9962260758373,15.2671270843983,15954829.7016142,39.371025,1,-0.3593
2970264,2970264,1328287617.41156,36.9962196841776,15.2671262549255,15954830.4147996,39.345654,1,-0.3847
2970265,2970265,1328287617.41156,36.9962196817183,15.2671262605712,15954830.4151868,39.259956,1,-0.4704
2970266,2970266,1328287617.41156,36.9962196836954,15.2671262560323,15954830.4147996,39.328854,1,-0.4015
2970267,2970267,1328287617.41166,36.9962132934075,15.2671254233897,15954831.1279811,39.35079,1,-0.3796
2970268,2970268,1328287617.41166,36.9962132893439,15.2671254327184,15954831.1283711,39.209187,1,-0.5212
2970269,2970269,1328287617.41166,36.9962132901226,15.2671254309308,15954831.1283702,39.23632,1,-0.494
2970270,2970270,1328287617.41166,36.9962126948639,15.2671267875522,15954831.182494,18.63677,0,-21.0936
2970271,2970271,1328287617.41176,36.9962069020863,15.267124590799,15954831.8411635,39.369343,1,-0.361
2970272,2970272,1328287617.41176,36.9962068988323,15.267124598269,15954831.8411654,39.255955,1,-0.4744
2970273,2970273,1328287617.41176,36.996206907594,15.2671245806227,15954831.8403882,39.525608,1,-0.2048
2970274,2970274,1328287617.41176,36.9962067603549,15.2671249136929,15954831.854019,34.46627,0,-5.2641
2970275,2970275,1328287617.41186,36.996200512163,15.2671237596189,15954832.5539588,39.36963,1,-0.3607
2970276,2970276,1328287617.41186,36.9962005141885,15.2671237549691,15954832.5539578,39.44021,1,-0.2901
2970277,2970277,1328287617.41186,36.9962003410529,15.2671241499539,15954832.5695504,33.442837,0,-6.2875
2970278,2970278,1328287617.41186,36.9962000389826,15.2671248384551,15954832.5972232,22.988333,0,-16.742
2970279,2970279,1328287617.41196,36.9961935710031,15.2671241816907,15954833.3170603,20.336882,0,-19.3935
2970280,2970280,1328287617.41196,36.9961941228201,15.2671229248066,15954833.2667521,39.422638,1,-0.3077
2970281,2970281,1328287617.41216,36.9961813310733,15.2671212852341,15954834.6938933,39.07126,0,-0.6591
2970282,2970282,1328287617.41216,36.9961813383822,15.267121268456,15954834.6934985,39.325943,1,-0.4044
2970283,2970283,1328287617.41226,36.9961747930415,15.2671207893722,15954835.4203547,33.97637,3,-5.754
2970284,2970284,1328287617.41226,36.9961749460144,15.2671204406773,15954835.406679,39.271145,1,-0.4592
2970285,2970285,1328287617.41226,36.9961747719158,15.2671208378682,15954835.4223059,33.240234,0,-6.4901
2970286,2970286,1328287617.41236,36.9961683950557,15.2671199745392,15954836.1343192,33.72489,3,-6.0055
2970287,2970287,1328287617.41236,36.9961685588833,15.2671196009276,15954836.1190814,39.3979,1,-0.3325
2970288,2970288,1328287617.41246,36.9961621692506,15.267118766827,15954836.8313328,39.43884,1,-0.2915
2970289,2970289,1328287617.41246,36.9961620026621,15.2671191467754,15954836.8467455,33.669632,3,-6.0607
2970290,2970290,1328287617.41246,36.9961621677843,15.2671187701931,15954836.8317181,39.387745,1,-0.3426
2970291,2970291,1328287617.41246,36.9961620123665,15.2671191244981,15954836.8455896,34.00779,3,-5.7226
2970292,2970292,1328287617.41256,36.9961557709893,15.2671179527576,15954837.5452853,39.175724,0,-0.5546
2970293,2970293,1328287617.41256,36.9961556157611,15.2671183066264,15954837.5591641,33.80238,3,-5.928
2970294,2970294,1328287617.41256,36.9961557766803,15.2671179396935,15954837.5445145,39.37403,1,-0.3563
2970295,2970295,1328287617.41256,36.9961557726745,15.2671179488891,15954837.5448999,39.234447,1,-0.4959
2970296,2970296,1328287617.41266,36.9961492342247,15.2671174565525,15954838.2715796,34.087772,3,-5.6426
2970297,2970297,1328287617.41266,36.9961493847021,15.2671171135906,15954838.2576939,39.29557,1,-0.4348
2970298,2970298,1328287617.41266,36.9961493908383,15.2671171019715,15954838.2573082,39.473736,1,-0.2566
2970299,2970299,1328287617.41266,36.9961493882887,15.2671171053573,15954838.2573083,39.420547,1,-0.3098
2970300,2970300,1328287617.41266,36.9961493886914,15.2671171044328,15954838.2573083,39.434578,1,-0.2958
2970301,2970301,1328287617.41266,36.9961492300727,15.2671174660837,15954838.2719652,33.943092,3,-5.7873
2970302,2970302,1328287617.41276,36.9961429920138,15.2671162868974,15954838.9708714,39.224384,1,-0.506
2970303,2970303,1328287617.41276,36.9961429946261,15.2671162809008,15954838.9708709,39.31541,1,-0.4149
2970304,2970304,1328287617.41276,36.9961429941372,15.2671162820232,15954838.9708709,39.298374,1,-0.432
2970305,2970305,1328287617.41286,36.9961366036961,15.2671154479617,15954839.684046,39.337444,1,-0.3929
2970306,2970306,1328287617.41286,36.9961366025153,15.2671154506721,15954839.6840462,39.296303,1,-0.4341
2970307,2970307,1328287617.41286,36.9961365993848,15.2671154578585,15954839.684432,39.187218,1,-0.5431
2970308,2970308,1328287617.41296,36.9961302171656,15.2671146098098,15954840.3964474,39.442665,1,-0.2877
2970309,2970309,1328287617.41296,36.9961302107269,15.2671146221229,15954840.3972189,39.25396,1,-0.4764
2970310,2970310,1328287617.41306,36.9961238177013,15.2671137965333,15954841.1103908,39.167164,0,-0.5632
2970311,2970311,1328287617.41306,36.996123823025,15.2671137843126,15954841.1100041,39.35267,1,-0.3777
2970312,2970312,1328287617.41306,36.9961238220277,15.2671137866019,15954841.1100041,39.31792,1,-0.4124
2970313,2970313,1328287617.41306,36.9961238251994,15.2671137793211,15954841.1096179,39.42844,1,-0.3019
2970314,2970314,1328287617.41316,36.9961174319431,15.2671129543906,15954841.8231732,39.332195,1,-0.3982
2970315,2970315,1328287617.41316,36.9961172637801,15.2671133379451,15954841.8382556,33.50816,3,-6.2222
2970316,2970316,1328287617.41316,36.9961174363011,15.2671129468538,15954841.8224012,39.4484,1,-0.282
2970317,2970317,1328287617.41326,36.9961110396155,15.2671121297768,15954842.5363409,39.233677,1,-0.4967
2970318,2970318,1328287617.41326,36.9961108807946,15.2671124918856,15954842.550657,33.73517,3,-5.9952
2970319,2970319,1328287617.41326,36.9961108871924,15.2671124771993,15954842.549884,33.9581,3,-5.7723
2970320,2970320,1328287617.41336,36.9961045299436,15.2671115723672,15954843.2599599,35.07792,0,-4.6524
2970321,2970321,1328287617.41336,36.9961046511565,15.2671112941219,15954843.2491195,39.301617,1,-0.4287
2970322,2970322,1328287617.41336,36.9961046492678,15.2671112984575,15954843.2491204,39.2358,1,-0.4946
2970323,2970323,1328287617.41336,36.9961046468437,15.2671113040221,15954843.2495067,39.151333,0,-0.579
2970324,2970324,1328287617.41346,36.9960982670828,15.2671104510266,15954843.9615104,39.485126,1,-0.2452
2970325,2970325,1328287617.41346,36.9960980735772,15.2671108902848,15954843.9789397,32.813683,0,-6.9167
2970326,2970326,1328287617.41346,36.996098259039,15.2671104670239,15954843.9622838,39.24049,1,-0.4899
2970327,2970327,1328287617.41346,36.9960980983222,15.2671108334826,15954843.9770014,33.675926,3,-6.0544
2970328,2970328,1328287617.41356,36.9960918644302,15.2671096504326,15954844.6754496,39.024555,0,-0.7058
2970329,2970329,1328287617.41366,36.9960854808229,15.2671088041459,15954845.3878352,39.256634,1,-0.4737
2970330,2970330,1328287617.41376,36.9960790927938,15.2671079681973,15954846.1006066,39.332882,1,-0.3975
2970331,2970331,1328287617.41386,36.9960725476926,15.2671074905343,15954846.8277375,33.96976,3,-5.7606
2970332,2970332,1328287617.41386,36.9960726749558,15.2671072008719,15954846.8160941,38.36861,0,-1.3617
2970333,2970333,1328287617.41396,36.9960663058192,15.2671063219605,15954847.5273101,39.099483,0,-0.6309
2970334,2970334,1328287617.41396,36.9960662375534,15.2671064786625,15954847.5335233,36.720753,0,-3.0096
2970335,2970335,1328287617.41396,36.9960663146829,15.2671063016141,15954847.5265328,39.40834,1,-0.322
2970336,2970336,1328287617.41396,36.9960661493384,15.26710667869,15954847.5416772,33.682545,3,-6.0478
2970337,2970337,1328287617.41396,36.9960663115326,15.2671063088456,15954847.52692,39.298565,1,-0.4318
2970338,2970338,1328287617.41406,36.9960597772872,15.2671058066849,15954848.2528989,34.30993,3,-5.4204
2970339,2970339,1328287617.41406,36.9960599147785,15.2671054935461,15954848.2404649,39.06517,0,-0.6652
2970340,2970340,1328287617.41406,36.9960599182504,15.2671054855764,15954848.2400767,39.186153,1,-0.5442
2970341,2970341,1328287617.41406,36.9960599196737,15.2671054823092,15954848.2400767,39.23575,1,-0.4946
2970342,2970342,1328287617.41416,36.9960535347005,15.2671046401934,15954848.9524552,39.41087,1,-0.3195
2970343,2970343,1328287617.41416,36.9960535222211,15.2671046688393,15954848.9536206,38.976025,0,-0.7543
2970344,2970344,1328287617.41416,36.996053532917,15.2671046442873,15954848.9524562,39.348724,1,-0.3816
2970345,2970345,1328287617.41416,36.9960535297898,15.2671046514656,15954848.9528443,39.239758,1,-0.4906
2970346,2970346,1328287617.41426,36.9960471372588,15.2671038269338,15954849.6659982,39.14949,0,-0.5809
2970347,2970347,1328287617.41426,36.996047139705,15.2671038213185,15954849.6659953,39.23473,1,-0.4956
2970348,2970348,1328287617.41426,36.9960469860305,15.2671041716034,15954849.6799971,33.91559,3,-5.8148
2970349,2970349,1328287617.41426,36.9960471255995,15.2671038536971,15954849.6671636,38.74322,0,-0.9871
2970350,2970350,1328287617.41426,36.9960469768778,15.2671041926129,15954849.6807753,33.59666,3,-6.1337
2970351,2970351,1328287617.41426,36.9960471426559,15.2671038145449,15954849.6656081,39.337555,1,-0.3928
2970352,2970352,1328287617.41426,36.9960471373099,15.2671038268165,15954849.6659982,39.151268,0,-0.5791
2970353,2970353,1328287617.41436,36.9960406006917,15.2671033308065,15954850.3923804,34.07383,3,-5.6565
2970354,2970354,1328287617.41436,36.9960407540712,15.2671029811999,15954850.3783719,39.38269,1,-0.3477
2970355,2970355,1328287617.41446,36.9960343592116,15.2671021625129,15954851.0919129,39.207024,1,-0.5233
2970356,2970356,1328287617.41446,36.9960342017484,15.2671025214924,15954851.1063163,33.755875,3,-5.9745
2970357,2970357,1328287617.41446,36.9960343575542,15.2671021663174,15954851.0919139,39.149273,0,-0.5811
2970358,2970358,1328287617.41446,36.9960343604485,15.2671021596737,15954851.091912,39.250126,1,-0.4802
2970359,2970359,1328287617.41456,36.9960279768902,15.2671013177761,15954851.8042848,39.43039,1,-0.3
2970360,2970360,1328287617.41456,36.9960279651269,15.2671013423108,15954851.8050658,39.056152,0,-0.6742
2970361,2970361,1328287617.41456,36.9960279726706,15.267101324995,15954851.8046729,39.319008,1,-0.4114
2970362,2970362,1328287617.41476,36.9960151841928,15.2670996884372,15954853.2313649,38.966473,0,-0.7639
2970363,2970363,1328287617.41476,36.9960151919792,15.267099670564,15954853.2305848,39.237793,1,-0.4926
2970364,2970364,1328287617.41476,36.9960149848872,15.2671001434592,15954853.2493054,32.057343,0,-7.673
2970365,2970365,1328287617.41486,36.9960088007127,15.2670988447407,15954853.9437329,39.178146,1,-0.5522
2970366,2970366,1328287617.41486,36.9960088015165,15.2670988428957,15954853.9433476,39.206154,1,-0.5242
2970367,2970367,1328287617.41486,36.9960088098151,15.2670988263142,15954853.9425694,39.459663,1,-0.2707
2970368,2970368,1328287617.41486,36.9960088033836,15.26709883861,15954853.9433457,39.271214,1,-0.4591
2970369,2970369,1328287617.41496,36.9960024133088,15.2670980103522,15954854.6561067,39.25066,1,-0.4797
2970370,2970370,1328287617.41496,36.9960022481323,15.2670983870318,15954854.6713292,33.530754,3,-6.1996
2970371,2970371,1328287617.41496,36.9960024168951,15.2670980021202,15954854.6561028,39.37562,1,-0.3547
2970372,2970372,1328287617.41506,36.9959958774546,15.2670975145593,15954855.3825318,34.183605,3,-5.5468
2970373,2970373,1328287617.41506,36.9959960234903,15.2670971818166,15954855.3692548,39.236546,1,-0.4938
2970374,2970374,1328287617.41516,36.9959896319522,15.2670963552383,15954856.082401,39.193146,1,-0.5372
2970375,2970375,1328287617.41516,36.9959896413895,15.2670963360432,15954856.0812337,39.486332,1,-0.244
2970376,2970376,1328287617.41516,36.9959894890832,15.2670966807113,15954856.0952966,34.250553,3,-5.4798
2970377,2970377,1328287617.41526,36.9959830943426,15.2670958641207,15954856.8088414,34.059795,3,-5.6706
2970378,2970378,1328287617.41536,36.9959766696693,15.2670951187289,15954857.5241197,32.79256,0,-6.9378
2970379,2970379,1328287617.41536,36.9959768585739,15.2670946875886,15954857.5067733,39.33925,1,-0.3911
2970380,2970380,1328287617.41536,36.9959768589763,15.2670946866651,15954857.5067733,39.35327,1,-0.3771
2970381,2970381,1328287617.41546,36.9959704435047,15.2670939183447,15954858.2218485,38.434788,0,-1.2956
2970382,2970382,1328287617.41556,36.9959640769391,15.2670930381223,15954858.9326789,39.21767,1,-0.5127
2970383,2970383,1328287617.41556,36.9959639271417,15.2670933794948,15954858.9465701,34.033672,3,-5.6967
2970384,2970384,1328287617.41556,36.9959640628024,15.2670930705712,15954858.9342219,38.72508,0,-1.0053
2970385,2970385,1328287617.41556,36.9959640780127,15.267093035658,15954858.9326789,39.25508,1,-0.4753
2970386,2970386,1328287617.41556,36.9959639257892,15.2670933825992,15954858.9465703,33.986546,3,-5.7438
2970387,2970387,1328287617.41566,36.9959576920092,15.2670922004174,15954859.6454353,39.35784,1,-0.3725
2970388,2970388,1328287617.41566,36.9959576766787,15.2670922356065,15954859.646594,38.82365,0,-0.9067
2970389,2970389,1328287617.41566,36.9959576910757,15.2670922025601,15954859.6454353,39.325314,1,-0.405
2970390,2970390,1328287617.41576,36.9959513056307,15.267091368878,15954860.3578047,39.40902,1,-0.3213
2970391,2970391,1328287617.41586,36.9959449137381,15.2670905454436,15954861.0709431,39.336452,1,-0.3939
2970392,2970392,1328287617.41586,36.9959449105792,15.2670905526943,15954861.0713293,39.226383,1,-0.504
2970393,2970393,1328287617.41586,36.9959447673078,15.2670908790846,15954861.0840833,34.26979,3,-5.4606
2970394,2970394,1328287617.41586,36.9959449101777,15.2670905536159,15954861.0713293,39.212395,1,-0.518
2970395,2970395,1328287617.41596,36.9959385256512,15.2670897161314,15954861.7836935,39.35788,1,-0.3725
2970396,2970396,1328287617.41596,36.9959385266046,15.2670897139431,15954861.7836935,39.3911,1,-0.3393
2970397,2970397,1328287617.41596,36.9959383684847,15.2670900744149,15954861.7980005,33.91712,3,-5.8132
2970398,2970398,1328287617.41606,36.9959321321418,15.2670888996656,15954862.4968302,39.187344,1,-0.543
2970399,2970399,1328287617.41606,36.9959321333798,15.2670888968241,15954862.4968297,39.23048,1,-0.4999
2970400,2970400,1328287617.41606,36.9959321333497,15.2670888968932,15954862.4968297,39.22943,1,-0.5009
2970401,2970401,1328287617.41606,36.9959321355117,15.2670888919307,15954862.4964434,39.304764,1,-0.4256
2970402,2970402,1328287617.41616,36.9959257450632,15.2670880688474,15954863.2095777,39.237816,1,-0.4925
2970403,2970403,1328287617.41616,36.9959257495586,15.267088058529,15954863.2091905,39.394455,1,-0.3359
2970404,2970404,1328287617.41626,36.9959191894985,15.2670876227086,15954863.9374282,33.449997,3,-6.2804
2970405,2970405,1328287617.41626,36.9959193604351,15.2670872328214,15954863.9219367,39.370556,1,-0.3598
2970406,2970406,1328287617.41626,36.9959191992649,15.2670876002917,15954863.9366528,33.7903,3,-5.9401
2970407,2970407,1328287617.41626,36.9959193521616,15.2670872518118,15954863.9227115,39.082268,0,-0.6481
2970408,2970408,1328287617.41646,36.995906404458,15.2670859881699,15954865.3637072,33.15593,0,-6.5744
2970409,2970409,1328287617.41646,36.9959065640019,15.2670856244342,15954865.3493611,38.679516,0,-1.0508
2970410,2970410,1328287617.41646,36.9959065804164,15.267085586758,15954865.3478114,39.25147,1,-0.4789
2970411,2970411,1328287617.41646,36.9959065803588,15.2670855868903,15954865.3478114,39.249462,1,-0.4809
2970412,2970412,1328287617.41656,36.9959000272281,15.2670851364639,15954866.0756785,33.536808,3,-6.1936
2970413,2970413,1328287617.41656,36.9959001962361,15.2670847510064,15954866.0601651,39.39016,1,-0.3402
2970414,2970414,1328287617.41656,36.9959000319804,15.2670851255559,15954866.0752904,33.7024,3,-6.028
2970415,2970415,1328287617.41656,36.9959001917379,15.2670847613311,15954866.0605533,39.233425,1,-0.4969
2970416,2970416,1328287617.41666,36.9958936470487,15.2670842919793,15954866.7876517,33.811592,3,-5.9188
2970417,2970417,1328287617.41666,36.9958938074287,15.2670839263265,15954866.772905,39.364304,1,-0.3661
2970418,2970418,1328287617.41666,36.995893807535,15.2670839260824,15954866.772905,39.368008,1,-0.3624
2970419,2970419,1328287617.41666,36.9958938021498,15.2670839384431,15954866.7732941,39.180363,1,-0.55
2970420,2970420,1328287617.41666,36.9958938031584,15.267083936128,15954866.7732941,39.215508,1,-0.5149
2970421,2970421,1328287617.41666,36.9958938016051,15.2670839396933,15954866.7736804,39.161385,0,-0.569
2970422,2970422,1328287617.41676,36.9958874171824,15.2670831054086,15954867.4860312,39.284943,1,-0.4454
2970423,2970423,1328287617.41676,36.9958874183351,15.2670831027628,15954867.4856459,39.325108,1,-0.4053
2970424,2970424,1328287617.41676,36.9958874193488,15.2670831004359,15954867.485645,39.36043,1,-0.3699
2970425,2970425,1328287617.41676,36.9958872592035,15.267083465549,15954867.5003983,33.815903,3,-5.9145
2970426,2970426,1328287617.41676,36.9958874246266,15.2670830907889,15954867.4852568,39.50868,1,-0.2217
2970427,2970427,1328287617.41686,36.9958810233324,15.2670823001532,15954868.1991631,38.9771,0,-0.7533
2970428,2970428,1328287617.41686,36.9958807381145,15.2670829498756,15954868.2251899,29.110142,0,-10.6202
2970429,2970429,1328287617.41686,36.9958808936877,15.2670825952577,15954868.210818,34.49535,3,-5.235
2970430,2970430,1328287617.41686,36.9958808615725,15.2670826689712,15954868.2139241,33.376316,3,-6.354
2970431,2970431,1328287617.41696,36.9958746452062,15.2670814523596,15954868.9107367,39.313183,1,-0.4172
2970432,2970432,1328287617.41696,36.995874490405,15.2670818052045,15954868.9251153,33.954872,3,-5.7755
2970433,2970433,1328287617.41696,36.9958744902357,15.2670818055931,15954868.9251153,33.94897,3,-5.7814
2970434,2970434,1328287617.41696,36.9958746460676,15.2670814503824,15954868.9107367,39.343197,1,-0.3872
2970435,2970435,1328287617.41696,36.9958744729963,15.2670818451623,15954868.9266707,33.348274,3,-6.3821
2970436,2970436,1328287617.41696,36.9958746442323,15.2670814545948,15954868.911122,39.27925,1,-0.4511
2970437,2970437,1328287617.41696,36.9958746462336,15.2670814500013,15954868.9107358,39.348984,1,-0.3814
2970438,2970438,1328287617.41706,36.9958682565366,15.26708062925,15954869.6234738,39.278378,1,-0.452
2970439,2970439,1328287617.41716,36.9958618539181,15.2670798386495,15954870.3377635,38.75397,0,-0.9764
2970440,2970440,1328287617.41716,36.9958618689808,15.2670798040764,15954870.336209,39.278824,1,-0.4515
2970441,2970441,1328287617.41716,36.9958618674364,15.2670798076213,15954870.3365952,39.22501,1,-0.5053
2970442,2970442,1328287617.41716,36.9958618677371,15.267079806931,15954870.3365952,39.23549,1,-0.4949
2970443,2970443,1328287617.41726,36.9958553445196,15.26707929117,15954871.0614001,34.54093,0,-5.1894
2970444,2970444,1328287617.41726,36.995855479085,15.2670789847741,15954871.0493314,39.19413,1,-0.5362
2970445,2970445,1328287617.41726,36.9958554809749,15.2670789804362,15954871.0489451,39.259983,1,-0.4704
2970446,2970446,1328287617.41736,36.9958490943138,15.2670781542177,15954871.7616774,39.28435,1,-0.446
2970447,2970447,1328287617.41736,36.9958490930861,15.2670781570357,15954871.7616784,39.24157,1,-0.4888
2970448,2970448,1328287617.41736,36.9958490940746,15.2670781547667,15954871.7616784,39.276016,1,-0.4543
2970449,2970449,1328287617.41736,36.9958490989487,15.2670781460464,15954871.7612883,39.4102,1,-0.3202
2970450,2970450,1328287617.41736,36.9958489597391,15.2670784606343,15954871.7737538,34.63083,0,-5.0995
2970451,2970451,1328287617.41736,36.9958490936758,15.2670781556821,15954871.7616784,39.26212,1,-0.4682
2970452,2970452,1328287617.41746,36.9958427065558,15.2670773310332,15954872.4740254,39.266804,1,-0.4636
2970453,2970453,1328287617.41746,36.9958427011829,15.2670773433654,15954872.4748008,39.079586,0,-0.6508
2970454,2970454,1328287617.41746,36.9958427057877,15.2670773327962,15954872.4744107,39.24004,1,-0.4903
2970455,2970455,1328287617.41746,36.995842709161,15.2670773250537,15954872.4740226,39.35758,1,-0.3728
2970456,2970456,1328287617.41746,36.9958427062461,15.2670773317441,15954872.4744107,39.256012,1,-0.4743
2970457,2970457,1328287617.41756,36.9958363179895,15.2670765102283,15954873.1867616,39.217346,1,-0.513
2970458,2970458,1328287617.41756,36.9958361664832,15.2670768555053,15954873.2007939,33.973858,3,-5.7565
2970459,2970459,1328287617.41756,36.9958361629915,15.2670768635198,15954873.201183,33.852192,3,-5.8782
2970460,2970460,1328287617.41756,36.9958363151684,15.2670765167035,15954873.1871487,39.119045,0,-0.6113
2970461,2970461,1328287617.41766,36.995829933817,15.2670756798705,15954873.8991029,39.317204,1,-0.4132
2970462,2970462,1328287617.41766,36.9958297809742,15.2670760282146,15954873.9131467,34.027145,3,-5.7032
2970463,2970463,1328287617.41766,36.9958299337839,15.2670756799466,15954873.8991029,39.316048,1,-0.4143
2970464,2970464,1328287617.41776,36.9958235426768,15.2670748660452,15954874.6122262,39.170444,0,-0.5599
2970465,2970465,1328287617.41776,36.9958233921567,15.2670752090571,15954874.6258885,33.961323,3,-5.769
2970466,2970466,1328287617.41786,36.9958171595247,15.2670740344329,15954875.3245694,39.29815,1,-0.4322
2970467,2970467,1328287617.41786,36.9958169952711,15.2670744089656,15954875.3394105,33.610497,3,-6.1199
2970468,2970468,1328287617.41796,36.9958106205704,15.26707355851,15954876.0509793,34.028763,3,-5.7016
2970469,2970469,1328287617.41796,36.995810771137,15.267073215393,15954876.0373036,39.239502,1,-0.4909
2970470,2970470,1328287617.41796,36.9958107768595,15.2670732047255,15954876.0365273,39.403244,1,-0.3271
2970471,2970471,1328287617.41796,36.9958107687706,15.2670732208243,15954876.0373055,39.157043,0,-0.5733
2970472,2970472,1328287617.41806,36.995804387253,15.2670723865786,15954876.7492596,39.33382,1,-0.3965
2970473,2970473,1328287617.41806,36.9958042283055,15.267072748931,15954876.763725,33.83106,3,-5.8993
2970474,2970474,1328287617.41806,36.9958043880433,15.2670723847649,15954876.7492596,39.36136,1,-0.369
2970475,2970475,1328287617.41806,36.9958042094443,15.2670727922214,15954876.7656762,33.17386,0,-6.5565
2970476,2970476,1328287617.41806,36.9958043906383,15.2670723812756,15954876.7492577,39.416126,1,-0.3142
2970477,2970477,1328287617.41806,36.9958043861866,15.2670723890263,15954876.7496468,39.296665,1,-0.4337
2970478,2970478,1328287617.41816,36.9957978439697,15.2670719215671,15954877.4752128,33.907993,3,-5.8224
2970479,2970479,1328287617.41816,36.9957980010437,15.267071563516,15954877.4609517,39.345467,1,-0.3849
2970480,2970480,1328287617.41816,36.9957979985111,15.267071569329,15954877.4613371,39.257217,1,-0.4731
2970481,2970481,1328287617.41816,36.995798005576,15.2670715555802,15954877.4605663,39.46774,1,-0.2626
2970482,2970482,1328287617.41836,36.9957852332066,15.2670699137016,15954878.8856402,39.442688,1,-0.2877
2970483,2970483,1328287617.41836,36.9957852276362,15.2670699240199,15954878.886026,39.284245,1,-0.4461
2970484,2970484,1328287617.41846,36.9957788448041,15.2670690952781,15954879.5983671,39.396442,1,-0.3339
2970485,2970485,1328287617.41846,36.9957788411653,15.267069101163,15954879.5987528,39.305305,1,-0.4251
2970486,2970486,1328287617.41856,36.9957724545686,15.2670682815013,15954880.311093,39.28465,1,-0.4457
2970487,2970487,1328287617.41856,36.995772454496,15.2670682816679,15954880.311093,39.28212,1,-0.4482
2970488,2970488,1328287617.41866,36.9957659980059,15.2670676230315,15954881.0300001,36.821873,0,-2.9085
2970489,2970489,1328287617.41866,36.9957660674895,15.2670674635537,15954881.0238169,39.242973,1,-0.4874
2970490,2970490,1328287617.41866,36.9957660665701,15.267067465664,15954881.0238169,39.210938,1,-0.5194
2970491,2970491,1328287617.41866,36.9957660686932,15.267067460791,15954881.0234312,39.284916,1,-0.4454
2970492,2970492,1328287617.41886,36.9957531678603,15.2670661173258,15954882.4600943,34.777386,0,-4.953
2970493,2970493,1328287617.41886,36.9957532966274,15.2670658242495,15954882.448489,39.228516,1,-0.5018
2970494,2970494,1328287617.41886,36.9957532944755,15.2670658291885,15954882.44849,39.153538,0,-0.5768
2970495,2970495,1328287617.41886,36.9957532987341,15.2670658194141,15954882.4481028,39.301926,1,-0.4284
2970496,2970496,1328287617.41886,36.9957533030592,15.2670658119541,15954882.4477166,39.416977,1,-0.3134
2970497,2970497,1328287617.41896,36.995746909062,15.267065009282,15954883.1608242,39.157017,0,-0.5733
2970498,2970498,1328287617.41896,36.9957468905566,15.267065051755,15954883.1627582,38.51221,0,-1.2181
2970499,2970499,1328287617.41896,36.9957469171858,15.2670649931032,15954883.1600507,39.40443,1,-0.3259
2970500,2970500,1328287617.41896,36.9957469197145,15.2670649872994,15954883.1600493,39.492542,1,-0.2378
2970501,2970501,1328287617.41896,36.995746917045,15.2670649934264,15954883.160436,39.399525,1,-0.3308
2970502,2970502,1328287617.41916,36.9957341476185,15.267063352312,15954884.5847133,39.44213,1,-0.2882
2970503,2970503,1328287617.41926,36.9957277608759,15.2670625373822,15954885.2974299,39.38607,1,-0.3443
2970504,2970504,1328287617.41926,36.9957277579141,15.2670625417132,15954885.2974318,39.318523,1,-0.4118
2970505,2970505,1328287617.41936,36.9957213739046,15.2670617211665,15954886.0097598,39.353207,1,-0.3772
2970506,2970506,1328287617.41936,36.9957213608969,15.2670617510211,15954886.0109232,38.899967,0,-0.8304
2970507,2970507,1328287617.41936,36.9957212296925,15.2670620496883,15954886.0229453,34.363914,3,-5.3664
2970508,2970508,1328287617.41946,36.9957148378833,15.2670612477045,15954886.7360562,34.12231,3,-5.608
2970509,2970509,1328287617.41946,36.9957149889624,15.2670609034227,15954886.7220877,39.350872,1,-0.3795
2970510,2970510,1328287617.41946,36.9957149853464,15.2670609117221,15954886.7224759,39.224873,1,-0.5055
2970511,2970511,1328287617.41946,36.9957149860308,15.2670609101511,15954886.7224749,39.248726,1,-0.4816
2970512,2970512,1328287617.41956,36.9957086066594,15.2670600827574,15954887.4340285,39.400284,1,-0.3301
2970513,2970513,1328287617.41956,36.9957086016081,15.267060091884,15954887.4348019,39.25993,1,-0.4704
2970514,2970514,1328287617.41956,36.9957086061418,15.2670600839454,15954887.4340294,39.382248,1,-0.3481
2970515,2970515,1328287617.41966,36.9957020639806,15.2670596234514,15954888.1607274,33.963917,3,-5.7664
2970516,2970516,1328287617.41966,36.9957022192879,15.2670592694669,15954888.1467417,39.3398,1,-0.3906
2970517,2970517,1328287617.41966,36.9957022200082,15.2670592678137,15954888.1467417,39.3649,1,-0.3655
2970518,2970518,1328287617.41966,36.9957022198965,15.2670592680699,15954888.1467417,39.36101,1,-0.3693
2970519,2970519,1328287617.41966,36.9957022231548,15.2670592630585,15954888.1463555,39.43889,1,-0.2915
2970520,2970520,1328287617.41976,36.9956958366994,15.2670584508141,15954888.8586825,39.370045,1,-0.3603
2970521,2970521,1328287617.41976,36.9956956718425,15.2670588242488,15954888.8738364,33.697063,3,-6.0333
2970522,2970522,1328287617.41986,36.9956894463086,15.2670576458233,15954889.5713967,39.19506,1,-0.5353
2970523,2970523,1328287617.41986,36.9956894536481,15.2670576314449,15954889.5710066,39.41515,1,-0.3152
2970524,2970524,1328287617.41996,36.9956829010504,15.2670571969668,15954890.2985047,33.61917,3,-6.1112
2970525,2970525,1328287617.41996,36.9956830647609,15.2670568236978,15954890.2833346,39.287857,1,-0.4425
2970526,2970526,1328287617.42006,36.9956763047983,15.2670568658466,15954891.0299138,26.261738,0,-13.4686
2970527,2970527,1328287617.42006,36.9956765334562,15.2670563435163,15954891.009281,34.193436,3,-5.5369
2970528,2970528,1328287617.42006,36.9956766803702,15.267056008798,15954890.9956587,39.27686,1,-0.4535
2970529,2970529,1328287617.42016,36.9956702957323,15.2670551951727,15954891.7079838,39.25248,1,-0.4779
2970530,2970530,1328287617.42026,36.9956639142571,15.2670543796107,15954892.4199227,39.267212,1,-0.4631
2970531,2970531,1328287617.42036,36.9956573904357,15.2670538866955,15954893.1447257,34.386,3,-5.3444
2970532,2970532,1328287617.42036,36.9956575334287,15.2670535609783,15954893.1318587,39.332798,1,-0.3976
2970533,2970533,1328287617.42036,36.9956575312389,15.267053566004,15954893.1318606,39.2565,1,-0.4739
2970534,2970534,1328287617.42036,36.9956574138392,15.2670538354487,15954893.1423892,35.16582,0,-4.5645
2970535,2970535,1328287617.42046,36.9956511483561,15.2670527505071,15954893.8437994,39.27878,1,-0.4516
2970536,2970536,1328287617.42056,36.9956447653667,15.2670519359853,15954894.5561236,39.292458,1,-0.4379
2970537,2970537,1328287617.42056,36.9956447642397,15.2670519385721,15954894.5561255,39.25319,1,-0.4772
2970538,2970538,1328287617.42056,36.9956447697076,15.2670519284893,15954894.5557345,39.408062,1,-0.3223
2970539,2970539,1328287617.42076,36.9956319985676,15.2670503110401,15954895.9803885,39.27642,1,-0.4539
2970540,2970540,1328287617.42076,36.9956318595113,15.2670506277198,15954895.9928931,34.466797,3,-5.2636
2970541,2970541,1328287617.42086,36.9956272161693,15.2670458550144,15954896.5465544,94.61642,0,54.8861
2970542,2970542,1328287617.42086,36.99562555855,15.2670496273256,15954896.6974085,37.321278,0,-2.4091
2970543,2970543,1328287617.42086,36.9956256090526,15.2670495114179,15954896.6927203,39.08099,0,-0.6494
2970544,2970544,1328287617.42096,36.995619078368,15.2670490385269,15954897.4174583,33.933388,3,-5.797
2970545,2970545,1328287617.42096,36.9956190963646,15.2670489972233,15954897.4159167,34.56046,3,-5.1699
2970546,2970546,1328287617.42096,36.9956192347325,15.2670486821246,15954897.4031989,39.346096,1,-0.3843
2970547,2970547,1328287617.42096,36.9956190807667,15.2670490330218,15954897.4174582,34.016968,3,-5.7134
2970548,2970548,1328287617.42096,36.9956192401696,15.2670486721126,15954897.4028135,39.499897,1,-0.2305
2970549,2970549,1328287617.42106,36.9956128543598,15.2670478678027,15954898.1151331,39.390373,1,-0.34
2970550,2970550,1328287617.42106,36.9956128477367,15.2670478805366,15954898.1155189,39.195248,1,-0.5351
2970551,2970551,1328287617.42106,36.9956128549028,15.2670478665566,15954898.115133,39.40929,1,-0.3211
2970552,2970552,1328287617.42116,36.9956064645514,15.2670470709672,15954898.8278369,39.172104,0,-0.5583
2970553,2970553,1328287617.42116,36.9956064718784,15.267047056618,15954898.8270658,39.391754,1,-0.3386
2970554,2970554,1328287617.42116,36.9956064667167,15.2670470659977,15954898.8274514,39.24755,1,-0.4828
2970555,2970555,1328287617.42116,36.9956064722147,15.2670470558462,15954898.8270656,39.403473,1,-0.3269
2970556,2970556,1328287617.42126,36.9956000896387,15.2670462456481,15954899.5389971,39.396458,1,-0.3339
2970557,2970557,1328287617.42126,36.9956000909937,15.2670462425381,15954899.5389966,39.443672,1,-0.2867
2970558,2970558,1328287617.42136,36.9955937067256,15.2670454369982,15954900.2509272,39.37257,1,-0.3578
2970559,2970559,1328287617.42136,36.9955937040832,15.2670454405959,15954900.2513127,39.316154,1,-0.4142
2970560,2970560,1328287617.42136,36.9955937061966,15.2670454382121,15954900.2509272,39.35414,1,-0.3762
2970561,2970561,1328287617.42136,36.9955937047,15.2670454391804,15954900.2513127,39.337643,1,-0.3927
2970562,2970562,1328287617.42146,36.9955870731991,15.267045199368,15954900.9856526,30.682482,0,-9.0479
2970563,2970563,1328287617.42146,36.9955873223163,15.2670446300954,15954900.9632413,39.327053,1,-0.4033
2970564,2970564,1328287617.42156,36.9955809419307,15.267043819676,15954901.6747834,39.345257,1,-0.3851
2970565,2970565,1328287617.42156,36.995580948317,15.2670438050191,15954901.6743967,39.56778,1,-0.1626
2970566,2970566,1328287617.42156,36.995580940472,15.2670438205572,15954901.6751692,39.330082,1,-0.4003
2970567,2970567,1328287617.42176,36.9955680260524,15.267042547324,15954903.1125662,34.104084,3,-5.6263
2970568,2970568,1328287617.42176,36.9955681786497,15.2670422020387,15954903.0986354,39.349873,1,-0.3805
2970569,2970569,1328287617.42186,36.9955616460292,15.2670417359897,15954903.8241126,34.154884,3,-5.5755
2970570,2970570,1328287617.42186,36.9955617806999,15.2670414293808,15954903.8121082,38.811687,0,-0.9187
2970571,2970571,1328287617.42186,36.9955617913938,15.2670414048378,15954903.8109476,39.184307,1,-0.5461
2970572,2970572,1328287617.42186,36.9955617969748,15.2670413944957,15954903.8105604,39.34312,1,-0.3872
2970573,2970573,1328287617.42196,36.9955552708557,15.2670409143296,15954904.5352699,34.369385,3,-5.361
2970574,2970574,1328287617.42196,36.9955554122411,15.2670405923106,15954904.5224864,39.26016,1,-0.4702
2970575,2970575,1328287617.42206,36.9955490359006,15.2670397766048,15954905.2340214,39.393047,1,-0.3373
2970576,2970576,1328287617.42206,36.9955488830492,15.2670401224718,15954905.2479746,34.138405,3,-5.592
2970577,2970577,1328287617.42206,36.9955490344786,15.2670397798682,15954905.2340233,39.343502,1,-0.3869
2970578,2970578,1328287617.42206,36.995549034568,15.2670397796629,15954905.2340233,39.34662,1,-0.3837
2970579,2970579,1328287617.42206,36.9955490315654,15.2670397840874,15954905.2344086,39.277645,1,-0.4527
2970580,2970580,1328287617.42206,36.9955490325012,15.2670397819397,15954905.2344086,39.310253,1,-0.4201
2970581,2970581,1328287617.42206,36.9955490350811,15.2670397784855,15954905.2340223,39.364494,1,-0.3659
2970582,2970582,1328287617.42216,36.9955426494646,15.2670389799485,15954905.9463322,39.240154,1,-0.4902
2970583,2970583,1328287617.42216,36.9955426483846,15.2670389824273,15954905.9463331,39.202522,1,-0.5278
2970584,2970584,1328287617.42216,36.9955426538491,15.2670389723526,15954905.945945,39.357273,1,-0.3731
2970585,2970585,1328287617.42226,36.995536272718,15.2670381668062,15954906.6574833,39.348225,1,-0.3821
2970586,2970586,1328287617.42226,36.9955362678793,15.2670381754446,15954906.6578705,39.21528,1,-0.5151
2970587,2970587,1328287617.42226,36.995536122077,15.2670385075994,15954906.6714479,34.1706,3,-5.5598
2970588,2970588,1328287617.42226,36.9955362725647,15.267038167158,15954906.6574833,39.342884,1,-0.3875
2970589,2970589,1328287617.42236,36.9955298947721,15.2670373570739,15954907.3690178,39.41167,1,-0.3187
2970590,2970590,1328287617.42246,36.9955235128551,15.2670365549799,15954908.0809404,39.364487,1,-0.3659
2970591,2970591,1328287617.42246,36.9955235165759,15.2670365464406,15954908.0805523,39.494133,1,-0.2362
2970592,2970592,1328287617.42256,36.9955171329436,15.2670357491142,15954908.7924759,39.381775,1,-0.3486
2970593,2970593,1328287617.42256,36.9955171338063,15.2670357471341,15954908.7924759,39.41184,1,-0.3185
2970594,2970594,1328287617.42266,36.9955106020634,15.2670352856266,15954909.5180055,34.2046,3,-5.5258
2970595,2970595,1328287617.42266,36.9955106093211,15.26703526897,15954909.5172293,34.457485,3,-5.2729
2970596,2970596,1328287617.42276,36.9955043668266,15.2670341518695,15954910.2163221,39.216404,1,-0.514
2970597,2970597,1328287617.42276,36.9955043506901,15.2670341889033,15954910.2178776,38.654144,0,-1.0762
2970598,2970598,1328287617.42276,36.9955043669513,15.2670341515833,15954910.2163221,39.22075,1,-0.5096
2970599,2970599,1328287617.42276,36.995504375094,15.2670341353624,15954910.2155449,39.468822,1,-0.2615
2970600,2970600,1328287617.42286,36.9954979850977,15.2670333503902,15954910.9282448,39.18716,1,-0.5432
2970601,2970601,1328287617.42296,36.9954914659064,15.2670328673723,15954911.6522457,34.3321,3,-5.3983
2970602,2970602,1328287617.42296,36.9954916160968,15.2670325276164,15954911.6386167,39.494022,1,-0.2363
2970603,2970603,1328287617.42296,36.9954916078987,15.2670325439644,15954911.639394,39.244022,1,-0.4863
2970604,2970604,1328287617.42306,36.995485066889,15.2670321095687,15954912.3657343,33.65635,0,-6.074
2970605,2970605,1328287617.42316,36.9954788508595,15.2670309351272,15954913.0624658,39.315453,1,-0.4149
2970606,2970606,1328287617.42316,36.9954788485713,15.2670309403786,15954913.062853,39.235725,1,-0.4946
2970607,2970607,1328287617.42316,36.9954788498303,15.2670309374892,15954913.0624678,39.27959,1,-0.4508
2970608,2970608,1328287617.42316,36.9954786930976,15.2670312947258,15954913.0768892,33.854053,0,-5.8763
2970609,2970609,1328287617.42316,36.9954788539318,15.2670309305429,15954913.0620787,39.386852,1,-0.3435
2970610,2970610,1328287617.42316,36.9954788537835,15.2670309308832,15954913.0620787,39.381687,1,-0.3487
2970611,2970611,1328287617.42326,36.9954724678182,15.267030142371,15954913.7743933,39.185326,1,-0.545
2970612,2970612,1328287617.42336,36.9954659539121,15.2670296483452,15954914.498028,34.525448,3,-5.2049
2970613,2970613,1328287617.42336,36.9954660966767,15.2670293256331,15954914.4851534,39.42863,1,-0.3017
2970614,2970614,1328287617.42336,36.9954660891626,15.2670293404112,15954914.4859297,39.20246,1,-0.5279
2970615,2970615,1328287617.42336,36.9954660960187,15.267029327143,15954914.4851534,39.405704,1,-0.3247
2970616,2970616,1328287617.42346,36.9954597174547,15.267028525838,15954915.1966917,39.42047,1,-0.3099
2970617,2970617,1328287617.42346,36.9954595629403,15.2670288755159,15954915.2107469,34.107876,3,-5.6225
2970618,2970618,1328287617.42346,36.9954595662357,15.2670288679528,15954915.2103559,34.222702,3,-5.5077
2970619,2970619,1328287617.42356,36.9954533338938,15.2670277390035,15954915.9086229,39.224964,1,-0.5054
2970620,2970620,1328287617.42356,36.9954533378211,15.267027732457,15954915.9082338,39.326153,1,-0.4042
2970621,2970621,1328287617.42356,36.9954533406329,15.2670277260038,15954915.9078447,39.42413,1,-0.3062
2970622,2970622,1328287617.42356,36.9954533381083,15.2670277317979,15954915.9082338,39.336163,1,-0.3942
2970623,2970623,1328287617.42356,36.9954533333639,15.2670277402197,15954915.9086229,39.2065,1,-0.5239
2970624,2970624,1328287617.42366,36.9954469572719,15.267026934981,15954916.619776,39.296234,1,-0.4341
2970625,2970625,1328287617.42376,36.9954404267556,15.2670264823862,15954917.3443055,34.037735,3,-5.6926
2970626,2970626,1328287617.42376,36.9954404206008,15.2670264965112,15954917.344691,33.82328,0,-5.9071
2970627,2970627,1328287617.42376,36.9954405805877,15.2670261342753,15954917.3300479,39.326557,1,-0.4038
2970628,2970628,1328287617.42386,36.9954342052856,15.2670253312766,15954918.041192,39.399475,1,-0.3309
2970629,2970629,1328287617.42386,36.9954342015359,15.2670253374155,15954918.0415775,39.304474,1,-0.4259
2970630,2970630,1328287617.42396,36.9954278254172,15.267024535038,15954918.7527207,39.37389,1,-0.3565
2970631,2970631,1328287617.42396,36.9954278122061,15.2670245628908,15954918.754263,38.949215,0,-0.7811
2970632,2970632,1328287617.42396,36.995427824071,15.2670245381276,15954918.7531061,39.326984,1,-0.4034
2970633,2970633,1328287617.42406,36.9954220169661,15.2670224404527,15954919.4125344,59.077496,0,19.3471
2970634,2970634,1328287617.42406,36.9954214436774,15.2670237438118,15954919.4646336,39.27999,1,-0.4504
2970635,2970635,1328287617.42406,36.9954214467015,15.267023739338,15954919.4642484,39.349712,1,-0.3806
2970636,2970636,1328287617.42416,36.9954149204604,15.2670232781608,15954920.1892895,34.250797,3,-5.4796
2970637,2970637,1328287617.42416,36.9954150661552,15.2670229462594,15954920.1757752,39.291744,1,-0.4386
2970638,2970638,1328287617.42416,36.9954149090902,15.2670233042551,15954920.1900625,33.854618,3,-5.8757
2970639,2970639,1328287617.42416,36.9954150719434,15.2670229354422,15954920.175389,39.457775,1,-0.2726
2970640,2970640,1328287617.42426,36.9954086902321,15.267022148393,15954920.8869159,39.3179,1,-0.4125
2970641,2970641,1328287617.42426,36.9954086871087,15.2670221530947,15954920.8873019,39.24472,1,-0.4856
2970642,2970642,1328287617.42436,36.995402159053,15.2670217003289,15954921.6123564,34.035595,3,-5.6948
2970643,2970643,1328287617.42436,36.9954023060489,15.2670213654422,15954921.598828,39.121876,0,-0.6085
2970644,2970644,1328287617.42436,36.9954023110312,15.267021354008,15954921.5984413,39.29548,1,-0.4349
2970645,2970645,1328287617.42436,36.99540230813,15.2670213606661,15954921.5988275,39.19439,1,-0.536
2970646,2970646,1328287617.42436,36.9954023109578,15.2670213541763,15954921.5984413,39.292923,1,-0.4374
2970647,2970647,1328287617.42446,36.9953959384401,15.2670205525806,15954922.3091947,39.393272,1,-0.3371
2970648,2970648,1328287617.42446,36.9953959377882,15.2670205540766,15954922.3091952,39.370556,1,-0.3598
2970649,2970649,1328287617.42446,36.9953959347174,15.2670205586574,15954922.309581,39.29921,1,-0.4311
2970650,2970650,1328287617.42446,36.9953959371162,15.2670205556189,15954922.3095805,39.34714,1,-0.3832
2970651,2970651,1328287617.42446,36.9953959400171,15.2670205489615,15954922.3091943,39.44822,1,-0.2821
2970652,2970652,1328287617.42456,36.9953895539133,15.2670197722097,15954923.0211069,39.1739,0,-0.5565
2970653,2970653,1328287617.42456,36.9953895638592,15.2670197518508,15954923.020333,39.484806,1,-0.2456
2970654,2970654,1328287617.42466,36.9953830275036,15.267019318357,15954923.7461812,34.00505,3,-5.7253
2970655,2970655,1328287617.42466,36.995383037481,15.267019295459,15954923.745021,34.352707,3,-5.3777
2970656,2970656,1328287617.42466,36.9953831805724,15.2670189695336,15954923.7322447,39.302944,1,-0.4274
2970657,2970657,1328287617.42476,36.995376807015,15.2670181707226,15954924.4429962,39.383083,1,-0.3473
2970658,2970658,1328287617.42476,36.9953766527234,15.2670185198854,15954924.4569404,34.078236,3,-5.6521
2970659,2970659,1328287617.42476,36.9953768097689,15.2670181644025,15954924.442609,39.479042,1,-0.2513
2970660,2970660,1328287617.42486,36.9953704203522,15.2670173979589,15954925.155296,39.07217,0,-0.6582
2970661,2970661,1328287617.42486,36.9953704259485,15.2670173851154,15954925.1545216,39.26717,1,-0.4632
2970662,2970662,1328287617.42486,36.995370426268,15.2670173843824,15954925.1545216,39.2783,1,-0.4521
2970663,2970663,1328287617.42496,36.9953638123715,15.2670171340205,15954925.8873727,31.043913,0,-8.6864
2970664,2970664,1328287617.42496,36.9953640456046,15.2670166012227,15954925.8660476,39.13506,0,-0.5953
2970665,2970665,1328287617.42496,36.9953639062641,15.2670169185392,15954925.8788421,34.315514,3,-5.4148
2970666,2970666,1328287617.42496,36.9953640517613,15.2670165895599,15954925.8656594,39.31393,1,-0.4164
2970667,2970667,1328287617.42506,36.9953576752179,15.2670157978529,15954926.5767972,39.308525,1,-0.4218
2970668,2970668,1328287617.42506,36.9953575280155,15.2670161307456,15954926.5899884,34.25069,3,-5.4797
2970669,2970669,1328287617.42516,36.9953513010895,15.2670150015137,15954927.2875497,39.38154,1,-0.3488
2970670,2970670,1328287617.42516,36.9953512959131,15.2670150109267,15954927.2879378,39.236824,1,-0.4935
2970671,2970671,1328287617.42516,36.9953511488013,15.2670153460779,15954927.301521,34.14649,3,-5.5839
2970672,2970672,1328287617.42516,36.995351150968,15.2670153411053,15954927.3011348,34.22199,3,-5.5084
2970673,2970673,1328287617.42516,36.9953512972318,15.2670150079004,15954927.2879369,39.282772,1,-0.4476
2970674,2970674,1328287617.42526,36.9953449245231,15.2670142116814,15954927.9986894,39.363865,1,-0.3665
2970675,2970675,1328287617.42526,36.995344769623,15.2670145622397,15954928.0130546,34.037807,3,-5.6926
2970676,2970676,1328287617.42526,36.9953449277047,15.2670142043796,15954927.9983012,39.474728,1,-0.2556
2970677,2970677,1328287617.42526,36.9953447677388,15.2670145665638,15954928.0130565,33.972153,3,-5.7582
2970678,2970678,1328287617.42536,36.9953385525288,15.2670134122696,15954928.7094399,39.49977,1,-0.2306
2970679,2970679,1328287617.42536,36.995338545482,15.2670134259753,15954928.7102153,39.28988,1,-0.4405
2970680,2970680,1328287617.42546,36.9953321723009,15.2670126326691,15954929.4209668,39.343037,1,-0.3873
2970681,2970681,1328287617.42546,36.9953311773745,15.2670148962629,15954929.5115487,4.961013,0,-34.7693
2970682,2970682,1328287617.42556,36.9953256464056,15.2670121833543,15954930.1457211,34.1762,3,-5.5542
2970683,2970683,1328287617.42556,36.9953257877283,15.2670118614896,15954930.1328847,39.064827,0,-0.6655
2970684,2970684,1328287617.42586,36.9953065697297,15.2670092813097,15954932.2777821,39.452667,1,-0.2777
2970685,2970685,1328287617.42586,36.9953065663748,15.267009289009,15954932.2781712,39.33577,1,-0.3946
2970686,2970686,1328287617.42596,36.9953001996535,15.2670085126007,15954932.9881598,39.370213,1,-0.3601
2970687,2970687,1328287617.42596,36.9953002012482,15.2670085089411,15954932.9877707,39.425777,1,-0.3046
2970688,2970688,1328287617.42596,36.9953001991409,15.2670085137771,15954932.9881598,39.352352,1,-0.378
2970689,2970689,1328287617.42606,36.9952938345036,15.2670077335197,15954933.6977622,39.453575,1,-0.2768
2970690,2970690,1328287617.42616,36.9952874665111,15.2670069618906,15954934.4077556,39.432106,1,-0.2983
2970691,2970691,1328287617.42616,36.9952873120339,15.2670073114732,15954934.4218013,34.120796,3,-5.6096
2970692,2970692,1328287617.42616,36.9952874597812,15.2670069748685,15954934.4085338,39.233265,1,-0.4971
2970693,2970693,1328287617.42616,36.9952874656549,15.2670069638554,15954934.4077556,39.402275,1,-0.3281
2970694,2970694,1328287617.42626,36.9952811013912,15.2670061845915,15954935.1177489,39.505013,1,-0.2253
2970695,2970695,1328287617.42626,36.9952810868311,15.2670062155396,15954935.11892,39.03333,0,-0.697
2970696,2970696,1328287617.42636,36.99527457544,15.2670057723758,15954935.841809,34.039516,3,-5.6908
2970697,2970697,1328287617.42636,36.9952747307613,15.2670054208552,15954935.827748,39.380253,1,-0.3501
2970698,2970698,1328287617.42646,36.995268362243,15.267004653185,15954936.5377471,39.323456,1,-0.4069
2970699,2970699,1328287617.42646,36.9952681940944,15.2670050341437,15954936.5533721,33.53576,0,-6.1946
2970700,2970700,1328287617.42646,36.9952683620871,15.2670046535427,15954936.5377471,39.318024,1,-0.4123
2970701,2970701,1328287617.42656,36.9952618455692,15.2670042236163,15954937.2607607,34.139507,3,-5.5909
2970702,2970702,1328287617.42656,36.9952619933765,15.2670038868731,15954937.2472751,39.25408,1,-0.4763
2970703,2970703,1328287617.42656,36.995261992267,15.2670038894192,15954937.2472752,39.215424,1,-0.5149
2970704,2970704,1328287617.42656,36.9952619905651,15.2670038933251,15954937.2472752,39.15612,0,-0.5742
2970705,2970705,1328287617.42656,36.9952619986081,15.2670038773334,15954937.2465046,39.40072,1,-0.3296
2970706,2970706,1328287617.42656,36.9952619999073,15.2670038743517,15954937.2465046,39.44599,1,-0.2844
2970707,2970707,1328287617.42666,36.9952556299067,15.2670031118903,15954937.9568649,39.326485,1,-0.4039
2970708,2970708,1328287617.42666,36.9952554759158,15.2670034603585,15954937.9707429,34.03209,3,-5.6983
2970709,2970709,1328287617.42676,36.9952492570997,15.2670023542982,15954938.6672259,39.139393,0,-0.591
2970710,2970710,1328287617.42676,36.9952491073621,15.2670026954722,15954938.6807254,33.957542,3,-5.7728
2970711,2970711,1328287617.42686,36.9952429028948,15.2670015644208,15954939.3760441,39.45768,1,-0.2727
2970712,2970712,1328287617.42686,36.9952429013475,15.2670015679716,15954939.3760444,39.403767,1,-0.3266
2970713,2970713,1328287617.42686,36.9952428985653,15.2670015743566,15954939.3764299,39.306824,1,-0.4235
2970714,2970714,1328287617.42696,36.9952363487651,15.2670012222622,15954940.1026221,32.97745,0,-6.7529
2970715,2970715,1328287617.42696,36.9952365285877,15.2670008120437,15954940.0864061,39.207603,1,-0.5228
2970716,2970716,1328287617.42696,36.9952363447523,15.2670012314715,15954940.1030084,32.837627,0,-6.8927
2970717,2970717,1328287617.42706,36.9952301645167,15.2670000395197,15954940.7959958,39.27327,1,-0.4571
2970718,2970718,1328287617.42706,36.9952301684991,15.267000032847,15954940.7956098,39.37638,1,-0.354
2970719,2970719,1328287617.42716,36.9952238013643,15.2669992682259,15954941.5055865,39.33008,1,-0.4003
2970720,2970720,1328287617.42716,36.9952237958323,15.266999278455,15954941.5059732,39.17297,0,-0.5574
2970721,2970721,1328287617.42716,36.9952238023883,15.2669992658757,15954941.505586,39.36576,1,-0.3646
2970722,2970722,1328287617.42716,36.9952237989561,15.2669992712859,15954941.505587,39.28182,1,-0.4485
2970723,2970723,1328287617.42716,36.9952238032699,15.2669992638525,15954941.5052007,39.396477,1,-0.3339
2970724,2970724,1328287617.42726,36.995217436743,15.2669984987021,15954942.2151769,39.3662,1,-0.3642
2970725,2970725,1328287617.42726,36.9952174407332,15.2669984895447,15954942.2147902,39.505234,1,-0.2251
2970726,2970726,1328287617.42726,36.9952174362786,15.2669984997678,15954942.2151769,39.350018,1,-0.3803
2970727,2970727,1328287617.42726,36.9952174360336,15.2669985003301,15954942.2151774,39.34148,1,-0.3889
2970728,2970728,1328287617.42736,36.9952110574437,15.2669977635478,15954942.9263152,38.88838,0,-0.842
2970729,2970729,1328287617.42736,36.9952110682015,15.266997738859,15954942.9251555,39.26323,1,-0.4671
2970730,2970730,1328287617.42746,36.9952045544843,15.2669973084615,15954943.6482953,34.162727,3,-5.5676
2970731,2970731,1328287617.42746,36.9952046953435,15.2669969876605,15954943.6355208,39.035255,0,-0.6951
2970732,2970732,1328287617.42746,36.9952047012459,15.2669969741146,15954943.6351331,39.24092,1,-0.4894
2970733,2970733,1328287617.42746,36.9952047059718,15.2669969657353,15954943.6347464,39.369946,1,-0.3604
2970734,2970734,1328287617.42756,36.9951983434833,15.2669961938773,15954944.343953,39.465267,1,-0.2651
2970735,2970735,1328287617.42756,36.9951983402809,15.2669962012269,15954944.3443397,39.353676,1,-0.3767
2970736,2970736,1328287617.42766,36.9951919719613,15.2669954411251,15954945.0543207,39.276554,1,-0.4538
2970737,2970737,1328287617.42766,36.9951919731716,15.2669954408142,15954945.0543197,39.283073,1,-0.4473
2970738,2970738,1328287617.42766,36.9951919767068,15.266995432701,15954945.0539325,39.406258,1,-0.3241
2970739,2970739,1328287617.42776,36.9951854540225,15.2669950252312,15954945.7778715,33.981133,3,-5.7492
2970740,2970740,1328287617.42786,36.9951792364931,15.2669939256658,15954946.4739002,39.077286,0,-0.6531
2970741,2970741,1328287617.42806,36.9951665170601,15.26699238145,15954947.892321,39.349113,1,-0.3812
2970742,2970742,1328287617.42806,36.9951665158032,15.2669923843346,15954947.8923219,39.305317,1,-0.425
2970743,2970743,1328287617.42816,36.9951600124494,15.2669919357775,15954948.6147398,34.53491,0,-5.1954
2970744,2970744,1328287617.42816,36.9951601540765,15.2669916156779,15954948.6019195,39.398586,1,-0.3318
2970745,2970745,1328287617.42816,36.9951599818605,15.2669920059786,15954948.6174596,33.469044,0,-6.2613
2970746,2970746,1328287617.42816,36.9951601530121,15.2669916181207,15954948.6019195,39.361496,1,-0.3689
2970747,2970747,1328287617.42826,36.9951536295887,15.2669912164258,15954949.3259042,33.88721,3,-5.8431
2970748,2970748,1328287617.42826,36.9951537882011,15.2669908573446,15954949.3115219,39.342743,1,-0.3876
2970749,2970749,1328287617.42836,36.9951474222753,15.2669900976326,15954950.0211252,39.313698,1,-0.4167
2970750,2970750,1328287617.42836,36.9951474266067,15.2669900876921,15954950.020737,39.464622,1,-0.2657
2970751,2970751,1328287617.42836,36.9951474179669,15.2669901050539,15954950.0215133,39.199223,1,-0.5311
2970752,2970752,1328287617.42846,36.9951408912608,15.266989714945,15954950.7459043,33.56596,0,-6.1644
2970753,2970753,1328287617.42846,36.9951410592261,15.2669893343978,15954950.7303451,39.347412,1,-0.3829
2970754,2970754,1328287617.42846,36.9951410553103,15.2669893409178,15954950.7307323,39.24662,1,-0.4837
2970755,2970755,1328287617.42846,36.9951410600485,15.2669893325103,15954950.7303442,39.37607,1,-0.3543
2970756,2970756,1328287617.42856,36.9951345286405,15.2669889537978,15954951.4551328,33.57721,0,-6.1531
2970757,2970757,1328287617.42856,36.9951346977927,15.2669885705261,15954951.4399484,39.400024,1,-0.3303
2970758,2970758,1328287617.42856,36.9951345345656,15.2669889401997,15954951.4547418,33.78367,3,-5.9467
2970759,2970759,1328287617.42866,36.9951281793323,15.2669881605847,15954952.1631931,34.08106,0,-5.6493
2970760,2970760,1328287617.42866,36.9951283305747,15.2669878184155,15954952.1495594,39.279816,1,-0.4505
2970761,2970761,1328287617.42866,36.9951283315849,15.2669878160972,15954952.1495584,39.315014,1,-0.4153
2970762,2970762,1328287617.42876,36.9951219681052,15.2669870561755,15954952.8587831,39.320824,1,-0.4095
2970763,2970763,1328287617.42876,36.995121969595,15.2669870527564,15954952.8587822,39.372738,1,-0.3576
2970764,2970764,1328287617.42876,36.9951217897367,15.2669874605999,15954952.8751491,33.176853,0,-6.5535
2970765,2970765,1328287617.42886,36.9951156085478,15.2669862880134,15954953.5680059,39.459137,1,-0.2712
2970766,2970766,1328287617.42886,36.995115603211,15.2669863002614,15954953.5683969,39.273174,1,-0.4572
2970767,2970767,1328287617.42886,36.9951156069083,15.2669862917762,15954953.5680078,39.402008,1,-0.3284
2970768,2970768,1328287617.42886,36.9951154574363,15.2669866298834,15954953.581653,34.264927,0,-5.4654
2970769,2970769,1328287617.42886,36.9951156074668,15.2669862904944,15954953.5680078,39.421467,1,-0.3089
2970770,2970770,1328287617.42886,36.995115601277,15.2669863022336,15954953.5687841,39.241436,1,-0.4889
2970771,2970771,1328287617.42896,36.9951092412355,15.2669855384034,15954954.2776235,39.323112,1,-0.4072
2970772,2970772,1328287617.42896,36.9951088808477,15.2669863581001,15954954.3103937,26.872278,0,-12.8581
2970773,2970773,1328287617.42896,36.9951092377297,15.2669855439827,15954954.2780126,39.236607,1,-0.4938
2970774,2970774,1328287617.42896,36.9951090837604,15.2669858948785,15954954.2920545,33.907158,3,-5.8232
2970775,2970775,1328287617.42906,36.9951028779393,15.2669847803236,15954954.9872411,39.322987,1,-0.4074
2970776,2970776,1328287617.42906,36.9951028770901,15.2669847822726,15954954.9872411,39.293396,1,-0.437
2970777,2970777,1328287617.42906,36.9951028744852,15.2669847857842,15954954.9876283,39.23828,1,-0.4921
2970778,2970778,1328287617.42906,36.9951028799176,15.2669847757835,15954954.986852,39.39192,1,-0.3384
2970779,2970779,1328287617.42906,36.9951028769676,15.2669847825539,15954954.9872411,39.289124,1,-0.4412
2970780,2970780,1328287617.42906,36.9951028786197,15.2669847787622,15954954.9872392,39.346695,1,-0.3837
2970781,2970781,1328287617.42906,36.9951028799271,15.2669847757617,15954954.986852,39.39225,1,-0.3381
2970782,2970782,1328287617.42916,36.9950965104174,15.2669840302157,15954955.6968626,39.20728,1,-0.5231
2970783,2970783,1328287617.42916,36.995096344106,15.2669844094379,15954955.7120947,33.447754,0,-6.2826
2970784,2970784,1328287617.42926,36.9950901504273,15.2669832684884,15954956.4060968,39.278797,1,-0.4516
2970785,2970785,1328287617.42926,36.9950901519376,15.2669832650222,15954956.4057096,39.33143,1,-0.3989
2970786,2970786,1328287617.42926,36.9950899959578,15.2669836180671,15954956.4201616,33.967552,3,-5.7628
2970787,2970787,1328287617.42926,36.9950901478601,15.2669832719135,15954956.4061006,39.225,1,-0.5054
2970788,2970788,1328287617.42936,36.9950837933253,15.2669824982254,15954957.1140455,39.48514,1,-0.2452
2970789,2970789,1328287617.42936,36.995083790176,15.2669825054532,15954957.1144307,39.3754,1,-0.355
2970790,2970790,1328287617.42936,36.9950836239767,15.2669828819527,15954957.1294556,33.65542,3,-6.0749
2970791,2970791,1328287617.42936,36.9950837890565,15.2669825080225,15954957.1144307,39.33639,1,-0.394
2970792,2970792,1328287617.42936,36.9950837874487,15.2669825117124,15954957.1144307,39.28037,1,-0.45
2970793,2970793,1328287617.42946,36.995077421542,15.2669817600753,15954957.8240229,39.20938,1,-0.521
2970794,2970794,1328287617.42946,36.9950772705491,15.2669821041429,15954957.837899,33.983612,0,-5.7467
2970795,2970795,1328287617.42946,36.9950774212584,15.2669817607263,15954957.8244081,39.199497,1,-0.5309
2970796,2970796,1328287617.42956,36.9950710663993,15.2669809893791,15954958.5328444,39.438442,1,-0.2919
2970797,2970797,1328287617.42956,36.9950710652181,15.26698099209,15954958.5328445,39.39728,1,-0.3331
2970798,2970798,1328287617.42956,36.9950710618549,15.2669809998088,15954958.5332301,39.28009,1,-0.4503
2970799,2970799,1328287617.42956,36.9950710638772,15.2669809951675,15954958.5328446,39.35056,1,-0.3798
2970800,2970800,1328287617.42956,36.9950710642427,15.2669809943288,15954958.5328446,39.363293,1,-0.3671
2970801,2970801,1328287617.42966,36.9950646965826,15.2669802481313,15954959.2428233,39.223827,1,-0.5065
2970802,2970802,1328287617.42966,36.9950647010373,15.2669802403743,15954959.2424376,39.3434,1,-0.387
2970803,2970803,1328287617.42966,36.9950646921743,15.2669802582487,15954959.2432093,39.070213,0,-0.6601
2970804,2970804,1328287617.42966,36.9950647022989,15.2669802374788,15954959.2420523,39.38736,1,-0.343
2970805,2970805,1328287617.42966,36.9950647046652,15.2669802320481,15954959.2420518,39.469814,1,-0.2605
2970806,2970806,1328287617.42966,36.995063942039,15.2669819675095,15954959.3115069,13.109655,0,-26.6207
2970807,2970807,1328287617.42976,36.9950581983542,15.2669798022915,15954959.9643855,34.531025,0,-5.1993
2970808,2970808,1328287617.42976,36.995058337093,15.2669794888126,15954959.9516465,39.29416,1,-0.4362
2970809,2970809,1328287617.42986,36.9950519703491,15.2669787418989,15954960.661627,39.179493,1,-0.5509
2970810,2970810,1328287617.42996,36.9950454401079,15.2669783709029,15954961.3859093,33.364178,0,-6.3662
2970811,2970811,1328287617.43006,36.9950392516001,15.2669772259717,15954962.0792768,39.313423,1,-0.4169
2970812,2970812,1328287617.43006,36.9950392508177,15.2669772277673,15954962.0792772,39.286156,1,-0.4442
2970813,2970813,1328287617.43006,36.9950392539758,15.2669772205193,15954962.0792763,39.396206,1,-0.3342
2970814,2970814,1328287617.43006,36.9950392510501,15.2669772272339,15954962.0792768,39.29426,1,-0.4361
2970815,2970815,1328287617.43006,36.9950390787966,15.2669776176329,15954962.0951287,33.363255,0,-6.3671
2970816,2970816,1328287617.43006,36.9950392534326,15.266977221766,15954962.0792763,39.377274,1,-0.3531
2970817,2970817,1328287617.43016,36.9950328947695,15.2669764653724,15954962.7881023,39.432274,1,-0.2981
2970818,2970818,1328287617.43016,36.9950328465283,15.2669765736223,15954962.7923581,37.786922,0,-1.9434
2970819,2970819,1328287617.43026,36.9950263664483,15.266976089506,15954963.5124104,33.709496,3,-6.0209
2970820,2970820,1328287617.43026,36.9950265297109,15.2669757197401,15954963.4977028,39.327225,1,-0.4031
2970821,2970821,1328287617.43026,36.9950265308709,15.2669757170778,15954963.497317,39.367645,1,-0.3627
2970822,2970822,1328287617.43036,36.9950201673511,15.266974968566,15954964.2069165,39.31301,1,-0.4173
2970823,2970823,1328287617.43036,36.9950201693238,15.2669749640385,15954964.2065308,39.381752,1,-0.3486
2970824,2970824,1328287617.43036,36.995020122758,15.2669750684438,15954964.2107899,37.794777,0,-1.9356
2970825,2970825,1328287617.43046,36.9950137960448,15.2669742361023,15954964.916908,39.019573,0,-0.7108
2970826,2970826,1328287617.43046,36.9950138080158,15.2669742110948,15954964.9157464,39.40106,1,-0.3293
2970827,2970827,1328287617.43056,36.9950074433783,15.266973466429,15954965.6253512,39.301277,1,-0.4291
2970828,2970828,1328287617.43056,36.9950074452615,15.266973462107,15954965.624964,39.366898,1,-0.3635
2970829,2970829,1328287617.43056,36.9950074464164,15.2669734594563,15954965.624964,39.407143,1,-0.3232
2970830,2970830,1328287617.43066,36.9950010812635,15.2669727166024,15954966.3345692,39.2864,1,-0.444
2970831,2970831,1328287617.43066,36.9950010816603,15.2669727156917,15954966.3341839,39.30023,1,-0.4301
2970832,2970832,1328287617.43066,36.9950010825938,15.2669727135493,15954966.3341839,39.332756,1,-0.3976
2970833,2970833,1328287617.43076,36.9949947166173,15.2669719707399,15954967.043791,39.216038,1,-0.5143
2970834,2970834,1328287617.43096,36.9949819932901,15.2669704720906,15954968.4622385,39.20333,1,-0.527
2970835,2970835,1328287617.43126,36.9949627541337,15.2669685799421,15954970.6035444,33.82746,3,-5.9029
2970836,2970836,1328287617.43136,36.9949563684581,15.2669678883756,15954971.3147328,32.97243,0,-6.7579
2970837,2970837,1328287617.43136,36.9949565550235,15.2669674651186,15954971.2979929,39.40227,1,-0.3281
2970838,2970838,1328287617.43146,36.9949501953677,15.2669667143991,15954972.0068409,39.45148,1,-0.2789
2970839,2970839,1328287617.43146,36.9949501827051,15.2669667409945,15954972.0080092,39.04589,0,-0.6845
2970840,2970840,1328287617.43156,36.9949438322657,15.2669659744339,15954972.7160809,39.345173,1,-0.3852
2970841,2970841,1328287617.43156,36.9949438318599,15.2669659753652,15954972.7160809,39.331036,1,-0.3993
2970842,2970842,1328287617.43156,36.9949438379587,15.2669659613677,15954972.7156899,39.543556,1,-0.1868
2970843,2970843,1328287617.43156,36.994943833734,15.2669659710639,15954972.716079,39.39634,1,-0.334
2970844,2970844,1328287617.43156,36.9949438200724,15.2669659999522,15954972.7172482,38.955936,0,-0.7744
2970845,2970845,1328287617.43156,36.994943831626,15.2669659759021,15954972.7160809,39.322884,1,-0.4075
2970846,2970846,1328287617.43166,36.9949372927917,15.2669656325964,15954973.4413054,33.19491,0,-6.5354
2970847,2970847,1328287617.43166,36.9949374724171,15.266965225265,15954973.4249346,39.38294,1,-0.3474
2970848,2970848,1328287617.43176,36.9949309490246,15.266964844775,15954974.1489946,33.82381,3,-5.9065
2970849,2970849,1328287617.43176,36.994931102687,15.2669644945649,15954974.1349527,39.14278,0,-0.5876
2970850,2970850,1328287617.43176,36.9949311050673,15.2669644891018,15954974.1345656,39.225727,1,-0.5046
2970851,2970851,1328287617.43186,36.9949245766075,15.2669641255304,15954974.85903,33.41913,0,-6.3112
2970852,2970852,1328287617.43186,36.9949247436763,15.2669637445496,15954974.8438093,39.20528,1,-0.5251
2970853,2970853,1328287617.43186,36.9949247471471,15.2669637390505,15954974.8434221,39.29057,1,-0.4398
2970854,2970854,1328287617.43196,36.9949182195174,15.2669633716341,15954975.5675108,33.546413,0,-6.1839
2970855,2970855,1328287617.43196,36.9949183873332,15.266962991405,15954975.5522825,39.32295,1,-0.4074
2970856,2970856,1328287617.43196,36.9949183902235,15.2669629847713,15954975.5518953,39.423664,1,-0.3067
2970857,2970857,1328287617.43206,36.9949120265689,15.2669622487451,15954976.2611487,39.287117,1,-0.4432
2970858,2970858,1328287617.43206,36.9949120269324,15.2669622479108,15954976.2611487,39.299786,1,-0.4306
2970859,2970859,1328287617.43206,36.9949120295576,15.2669622418855,15954976.2611448,39.391266,1,-0.3391
2970860,2970860,1328287617.43216,36.9949056712901,15.2669614917188,15954976.9696238,39.473473,1,-0.2569
2970861,2970861,1328287617.43216,36.9949056604378,15.2669615141596,15954976.970793,39.130962,0,-0.5994
2970862,2970862,1328287617.43216,36.9949056543404,15.2669615281542,15954976.9711859,38.918484,0,-0.8119
2970863,2970863,1328287617.43226,36.9948993068473,15.2669607560519,15954977.6784727,39.34105,1,-0.3893
2970864,2970864,1328287617.43226,36.9948992988088,15.2669607720346,15954977.6792434,39.09659,0,-0.6338
2970865,2970865,1328287617.43226,36.9948993056104,15.2669607588908,15954977.6784727,39.297947,1,-0.4324
2970866,2970866,1328287617.43236,36.9948929461321,15.2669600124985,15954978.3873039,39.33417,1,-0.3962
2970867,2970867,1328287617.43246,36.9948865872729,15.2669592651707,15954979.0961361,39.39018,1,-0.3402
2970868,2970868,1328287617.43246,36.99488658419,15.2669592722466,15954979.0965216,39.282745,1,-0.4476
2970869,2970869,1328287617.43246,36.9948865794743,15.2669592806033,15954979.0969074,39.15407,0,-0.5763
2970870,2970870,1328287617.43246,36.9948865883877,15.2669592626123,15954979.0961358,39.42902,1,-0.3013
2970871,2970871,1328287617.43256,36.9948800751134,15.2669588652392,15954979.8188648,34.173687,3,-5.5567
2970872,2970872,1328287617.43256,36.9948802151273,15.2669585463482,15954979.8061268,39.017117,0,-0.7132
2970873,2970873,1328287617.43256,36.9948802272615,15.266958520965,15954979.8049693,39.4043,1,-0.3261
2970874,2970874,1328287617.43256,36.9948802262568,15.266958523271,15954979.8049695,39.36929,1,-0.3611
2970875,2970875,1328287617.43266,36.9948738664433,15.2669577790801,15954980.5141892,39.388653,1,-0.3417
2970876,2970876,1328287617.43266,36.9948738663188,15.2669577793657,15954980.5141892,39.384315,1,-0.346
2970877,2970877,1328287617.43266,36.9948738668915,15.2669577780513,15954980.5141892,39.40427,1,-0.3261
2970878,2970878,1328287617.43276,36.9948673564033,15.2669573752155,15954981.2365486,34.242752,3,-5.4876
2970879,2970879,1328287617.43276,36.9948675059625,15.2669570368816,15954981.2230251,39.383167,1,-0.3472
2970880,2970880,1328287617.43296,36.9948547816011,15.266955561638,15954982.6410873,39.24921,1,-0.4811
2970881,2970881,1328287617.43296,36.9948547864205,15.2669555505765,15954982.6407006,39.417156,1,-0.3132
2970882,2970882,1328287617.43296,36.9948547840393,15.2669555560418,15954982.6410863,39.334175,1,-0.3962
2970883,2970883,1328287617.43296,36.99485478252,15.2669555595289,15954982.6410868,39.28123,1,-0.4491
2970884,2970884,1328287617.43296,36.9948547853922,15.2669555529368,15954982.6407006,39.38132,1,-0.349
2970885,2970885,1328287617.43306,36.9948484243234,15.2669548134213,15954983.3499267,39.350964,1,-0.3794
2970886,2970886,1328287617.43306,36.9948484290727,15.2669548025206,15954983.3495395,39.516468,1,-0.2139
2970887,2970887,1328287617.43306,36.9948484226436,15.2669548172767,15954983.3499272,39.29243,1,-0.4379
2970888,2970888,1328287617.43306,36.9948482716932,15.2669551588061,15954983.3638575,34.103508,3,-5.6269
2970889,2970889,1328287617.43316,36.9948420544954,15.2669540919712,15954984.0595424,39.049706,0,-0.6807
2970890,2970890,1328287617.43316,36.9948419213964,15.2669543949954,15954984.0719311,34.447197,3,-5.2832
2970891,2970891,1328287617.43316,36.9948420654648,15.266954069261,15954984.058768,39.396305,1,-0.3341
2970892,2970892,1328287617.43326,36.9948357080906,15.266953322113,15954984.767225,39.492115,1,-0.2382
2970893,2970893,1328287617.43326,36.9948357061999,15.2669533264526,15954984.7676112,39.426228,1,-0.3041
2970894,2970894,1328287617.43326,36.9948357033296,15.2669533330406,15954984.7676122,39.326202,1,-0.4042
2970895,2970895,1328287617.43336,36.994829347854,15.2669525819465,15954985.4760706,39.48698,1,-0.2434
2970896,2970896,1328287617.43336,36.994829256878,15.2669527882903,15954985.4845955,36.35234,0,-3.378
2970897,2970897,1328287617.43336,36.9948293418747,15.2669525956704,15954985.476844,39.278614,1,-0.4517
2970898,2970898,1328287617.43336,36.9948293462485,15.2669525856314,15954985.4764559,39.43103,1,-0.2993
2970899,2970899,1328287617.43336,36.9948293365302,15.2669526054703,15954985.4772312,39.12803,0,-0.6023
2970900,2970900,1328287617.43336,36.9948293435135,15.2669525919088,15954985.4764569,39.335724,1,-0.3946
2970901,2970901,1328287617.43346,36.9948229823426,15.2669518542896,15954986.1856901,39.296906,1,-0.4335
2970902,2970902,1328287617.43356,36.9948166289617,15.2669511060415,15954986.8937666,39.429417,1,-0.3009
2970903,2970903,1328287617.43356,36.9948166299402,15.2669511037958,15954986.8937666,39.463512,1,-0.2668
2970904,2970904,1328287617.43356,36.9948166247019,15.2669511158188,15954986.8941548,39.28097,1,-0.4494
2970905,2970905,1328287617.43366,36.9948102670253,15.2669503709604,15954987.6030047,39.361866,1,-0.3685
2970906,2970906,1328287617.43366,36.9948102631275,15.2669503799067,15954987.6033928,39.22604,1,-0.5043
2970907,2970907,1328287617.43366,36.9948102685711,15.2669503674123,15954987.6026194,39.415737,1,-0.3146
2970908,2970908,1328287617.43366,36.9948102628599,15.2669503805209,15954987.6033938,39.216713,1,-0.5136
2970909,2970909,1328287617.43366,36.9948102639041,15.2669503781243,15954987.6030075,39.2531,1,-0.4773
2970910,2970910,1328287617.43366,36.9948102638561,15.2669503782345,15954987.6030075,39.251427,1,-0.4789
2970911,2970911,1328287617.43376,36.994803908761,15.2669496278287,15954988.3114712,39.421356,1,-0.309
2970912,2970912,1328287617.43376,36.9948039076157,15.2669496304574,15954988.3118574,39.381447,1,-0.3489
2970913,2970913,1328287617.43376,36.9948039015073,15.2669496420109,15954988.3122456,39.20424,1,-0.5261
2970914,2970914,1328287617.43376,36.9948039016184,15.2669496417558,15954988.3122456,39.20811,1,-0.5222
2970915,2970915,1328287617.43376,36.994803905315,15.2669496357381,15954988.3118593,39.301273,1,-0.4291
2970916,2970916,1328287617.43376,36.9948039069269,15.2669496320385,15954988.3118584,39.35744,1,-0.3729
2970917,2970917,1328287617.43386,36.9947973992509,15.2669492272809,15954989.0339272,34.280704,3,-5.4497
2970918,2970918,1328287617.43396,36.9947911900789,15.2669481453237,15954989.7291834,39.495796,1,-0.2346
2970919,2970919,1328287617.43396,36.9947911853111,15.2669481562672,15954989.7295735,39.329647,1,-0.4007
2970920,2970920,1328287617.43396,36.9947911855614,15.2669481556927,15954989.7295725,39.33837,1,-0.392
2970921,2970921,1328287617.43406,36.994784816497,15.2669474359673,15954990.4392102,39.054768,0,-0.6756
2970922,2970922,1328287617.43406,36.9947848224093,15.2669474248638,15954990.4388211,39.225143,1,-0.5052
2970923,2970923,1328287617.43406,36.9947848267565,15.2669474148859,15954990.438431,39.376633,1,-0.3537
2970924,2970924,1328287617.43406,36.9947848237469,15.2669474217937,15954990.4388201,39.271755,1,-0.4586
2970925,2970925,1328287617.43416,36.9947784653053,15.266946682783,15954991.1472971,39.288986,1,-0.4414
2970926,2970926,1328287617.43416,36.9947781959994,15.266947293513,15954991.1718161,30.01118,0,-9.7192
2970927,2970927,1328287617.43416,36.9947784707749,15.2669466702286,15954991.1469061,39.479595,1,-0.2508
2970928,2970928,1328287617.43416,36.9947784655359,15.2669466822537,15954991.1472971,39.297024,1,-0.4333
2970929,2970929,1328287617.43426,36.9947721079495,15.2669459393308,15954991.8557741,39.376484,1,-0.3539
2970930,2970930,1328287617.43426,36.9947721072666,15.2669459408983,15954991.8561604,39.352688,1,-0.3777
2970931,2970931,1328287617.43426,36.9947721061411,15.2669459434818,15954991.8561613,39.313465,1,-0.4169
2970932,2970932,1328287617.43436,36.994765743587,15.266945212289,15954992.5650322,39.21928,1,-0.5111
2970933,2970933,1328287617.43436,36.9947657406398,15.2669452165869,15954992.5654204,39.15223,0,-0.5781
2970934,2970934,1328287617.43436,36.9947654682426,15.2669458368826,15954992.5903532,29.731009,0,-9.9993
2970935,2970935,1328287617.43436,36.9947657477555,15.2669452027212,15954992.5650274,39.364544,1,-0.3658
2970936,2970936,1328287617.43436,36.9947657451679,15.2669452086606,15954992.5650313,39.27437,1,-0.456
2970937,2970937,1328287617.43436,36.9947655959407,15.2669455462458,15954992.5786659,34.14539,3,-5.585
2970938,2970938,1328287617.43436,36.9947657441591,15.266945210976,15954992.5650322,39.239212,1,-0.4911
2970939,2970939,1328287617.43436,36.9947657473614,15.2669452036257,15954992.5650294,39.35081,1,-0.3795
2970940,2970940,1328287617.43436,36.994765746637,15.2669452052886,15954992.5650294,39.32556,1,-0.4048
2970941,2970941,1328287617.43456,36.9947530262998,15.2669437329027,15954993.982774,39.30211,1,-0.4282
2970942,2970942,1328287617.43456,36.9947530247915,15.2669437363648,15954993.9827759,39.249546,1,-0.4808
2970943,2970943,1328287617.43456,36.9947528829718,15.2669440569493,15954993.9956448,34.37869,3,-5.3517
2970944,2970944,1328287617.43466,36.9947466652431,15.2669429992065,15954994.6916516,39.258892,1,-0.4715
2970945,2970945,1328287617.43466,36.9947466699538,15.266942988394,15954994.6912606,39.423054,1,-0.3073
2970946,2970946,1328287617.43466,36.9947465200993,15.2669433274218,15954994.7049172,34.272186,3,-5.4582
2970947,2970947,1328287617.43476,36.9947401625518,15.2669425859664,15954995.4134152,34.350975,3,-5.3794
2970948,2970948,1328287617.43476,36.9947403112118,15.2669422496794,15954995.3997547,39.460224,1,-0.2701
2970949,2970949,1328287617.43476,36.9947401132254,15.2669426991858,15954995.4180996,32.63203,0,-7.0983
2970950,2970950,1328287617.43476,36.9947402982135,15.2669422770476,15954995.4013092,39.042908,0,-0.6875
2970951,2970951,1328287617.43486,36.9947339487633,15.2669415197584,15954996.1090252,39.36802,1,-0.3623
2970952,2970952,1328287617.43486,36.9947339463902,15.2669415252055,15954996.109029,39.285316,1,-0.445
2970953,2970953,1328287617.43486,36.9947339488751,15.2669415195017,15954996.1090252,39.371914,1,-0.3584
2970954,2970954,1328287617.43486,36.9947337940877,15.2669418698538,15954996.1230881,34.04913,3,-5.6812
2970955,2970955,1328287617.43486,36.9947339507052,15.2669415153011,15954996.108638,39.435688,1,-0.2947
2970956,2970956,1328287617.43496,36.9947275842404,15.2669407948764,15954996.8183033,39.203377,1,-0.527
2970957,2970957,1328287617.43496,36.9947275866381,15.2669407893728,15954996.8179142,39.286934,1,-0.4434
2970958,2970958,1328287617.43496,36.9947274459445,15.2669411073761,15954996.8308098,34.455288,3,-5.2751
2970959,2970959,1328287617.43516,36.9947148677182,15.2669393169894,15954998.2348327,39.31283,1,-0.4175
2970960,2970960,1328287617.43516,36.9947147270385,15.2669396349623,15954998.2475559,34.481655,3,-5.2487
2970961,2970961,1328287617.43516,36.994714869927,15.2669393119194,15954998.2344473,39.389805,1,-0.3406
2970962,2970962,1328287617.43516,36.9947147251291,15.266939639345,15954998.2479413,34.415115,3,-5.3152
2970963,2970963,1328287617.43516,36.9947148644383,15.2669393245179,15954998.2352182,39.198532,1,-0.5318
2970964,2970964,1328287617.43526,36.9947085097918,15.266938577749,15954998.9432946,39.378017,1,-0.3523
2970965,2970965,1328287617.43526,36.9947085076397,15.2669385826888,15954998.9436801,39.303017,1,-0.4273
2970966,2970966,1328287617.43536,36.9947021515621,15.2669378394491,15954999.6521429,39.43274,1,-0.2976
2970967,2970967,1328287617.43546,36.9946957787242,15.266937132449,15955000.3621511,39.01421,0,-0.7161
2970968,2970968,1328287617.43546,36.9946957884296,15.2669371126386,15955000.3613788,39.316776,1,-0.4136
2970969,2970969,1328287617.43546,36.994695790178,15.2669371086253,15955000.3609931,39.37771,1,-0.3526
2970970,2970970,1328287617.43556,36.9946894296173,15.2669363761392,15955001.0698451,39.351604,1,-0.3788
2970971,2970971,1328287617.43556,36.9946892299269,15.2669368295664,15955001.0880033,32.463943,0,-7.2664
2970972,2970972,1328287617.43556,36.9946892755421,15.2669367248631,15955001.0841388,34.053577,0,-5.6768
2970973,2970973,1328287617.43566,36.9946829268304,15.2669359676837,15955001.7918405,34.407665,3,-5.3227
2970974,2970974,1328287617.43566,36.9946830674918,15.2669356497485,15955001.7790846,39.238243,1,-0.4921
2970975,2970975,1328287617.43566,36.9946830706655,15.2669356424638,15955001.7786984,39.348843,1,-0.3815
2970976,2970976,1328287617.43566,36.9946830701084,15.2669356437426,15955001.7786984,39.32943,1,-0.4009
2970977,2970977,1328287617.43576,36.9946765753803,15.2669352147162,15955002.4999289,34.699707,3,-5.0307
2970978,2970978,1328287617.43586,36.9946703481681,15.2669341794277,15955003.196411,39.28345,1,-0.4469
2970979,2970979,1328287617.43596,36.9946638532264,15.2669337512902,15955003.9176582,34.647175,3,-5.0832
2970980,2970980,1328287617.43596,36.9946638631125,15.2669337310648,15955003.9168834,34.95604,3,-4.7743
2970981,2970981,1328287617.43596,36.99466398808,15.2669334466834,15955003.9052705,39.275383,1,-0.455
2970982,2970982,1328287617.43606,36.9946576286001,15.2669327127291,15955004.6141304,39.289055,1,-0.4413
2970983,2970983,1328287617.43606,36.9946576279604,15.2669327141975,15955004.6141309,39.26676,1,-0.4636
2970984,2970984,1328287617.43616,36.9946511312181,15.2669322905583,15955005.3353952,34.568874,3,-5.1615
2970985,2970985,1328287617.43616,36.9946512669104,15.2669319840246,15955005.3229946,39.226326,1,-0.504
2970986,2970986,1328287617.43616,36.9946512610375,15.2669319950383,15955005.323768,39.057316,0,-0.673
2970987,2970987,1328287617.43616,36.9946512731388,15.266931969728,15955005.3226055,39.443382,1,-0.287
2970988,2970988,1328287617.43616,36.994651271571,15.2669319733267,15955005.3226074,39.388744,1,-0.3416
2970989,2970989,1328287617.43626,36.9946449098175,15.2669312472226,15955006.0314726,39.291435,1,-0.4389
2970990,2970990,1328287617.43626,36.9946447804439,15.26693154172,15955006.0434917,34.81852,3,-4.9118
2970991,2970991,1328287617.43636,36.9946385499844,15.2669305145867,15955006.7403406,39.294804,1,-0.4356
2970992,2970992,1328287617.43636,36.9946384178383,15.266930815449,15955006.7523665,34.725266,3,-5.0051
2970993,2970993,1328287617.43636,36.9946385504296,15.2669305135647,15955006.7403397,39.31032,1,-0.42
2970994,2970994,1328287617.43636,36.9946385494111,15.2669305159027,15955006.7403406,39.274826,1,-0.4555
2970995,2970995,1328287617.43636,36.9946385527603,15.2669305082151,15955006.7403387,39.39154,1,-0.3388
2970996,2970996,1328287617.43636,36.9946385450995,15.2669305233326,15955006.7407278,39.16023,0,-0.5701
2970997,2970997,1328287617.43646,36.9946320533347,15.2669300912208,15955007.4616303,34.60231,3,-5.128
2970998,2970998,1328287617.43646,36.9946321872059,15.2669297888647,15955007.4495968,39.19632,1,-0.534
2970999,2970999,1328287617.43646,36.994632190069,15.2669297822928,15955007.4492106,39.296097,1,-0.4343
2971000,2971000,1328287617.43646,36.9946321924232,15.2669297768889,15955007.4492086,39.37814,1,-0.3522
2971001,2971001,1328287617.43646,36.9946320538014,15.2669300901493,15955007.4616303,34.618576,3,-5.1118
2971002,2971002,1328287617.43646,36.994632185081,15.2669297912753,15955007.4495977,39.157925,0,-0.5724
2971003,2971003,1328287617.43656,36.9946258270328,15.2669290573069,15955008.1584696,39.18948,1,-0.5409
2971004,2971004,1328287617.43656,36.9946258283496,15.2669290542842,15955008.1580833,39.23537,1,-0.495
2971005,2971005,1328287617.43666,36.9946193492007,15.266928593496,15955008.8778366,35.118855,3,-4.6115
2971006,2971006,1328287617.43666,36.9946194694609,15.2669283199144,15955008.8669571,39.2742,1,-0.4562
2971007,2971007,1328287617.43666,36.9946194685097,15.2669283220978,15955008.8669581,39.24105,1,-0.4893
2971008,2971008,1328287617.43676,36.9946129690921,15.2669279054968,15955009.5886606,34.454807,3,-5.2756
2971009,2971009,1328287617.43676,36.9946131103566,15.2669275861677,15955009.5758328,39.306488,1,-0.4239
2971010,2971010,1328287617.43676,36.9946131129616,15.2669275801881,15955009.5754446,39.39727,1,-0.3331
2971011,2971011,1328287617.43696,36.9946003910345,15.2669261261503,15955010.9932112,39.269356,1,-0.461
2971012,2971012,1328287617.43696,36.9946003910932,15.2669261260157,15955010.9932102,39.271397,1,-0.459
2971013,2971013,1328287617.43696,36.994600392379,15.2669261230642,15955010.9932093,39.316208,1,-0.4142
2971014,2971014,1328287617.43706,36.994594035709,15.266925386349,15955011.7017063,39.403572,1,-0.3268
2971015,2971015,1328287617.43706,36.9945940345273,15.2669253890616,15955011.7017073,39.362385,1,-0.368
2971016,2971016,1328287617.43716,36.9945876759609,15.2669246545108,15955012.4102081,39.417892,1,-0.3125
2971017,2971017,1328287617.43716,36.9945876723301,15.266924662845,15955012.4105972,39.29136,1,-0.439
2971018,2971018,1328287617.43726,36.9945813155858,15.266923924199,15955013.1191,39.411625,1,-0.3187
2971019,2971019,1328287617.43726,36.9945813139955,15.2669239278493,15955013.1194862,39.356205,1,-0.3742
2971020,2971020,1328287617.43726,36.9945811841493,15.26692422344,15955013.1311802,34.86675,3,-4.8636
2971021,2971021,1328287617.43726,36.994581185653,15.2669242199883,15955013.130794,34.91915,3,-4.8112
2971022,2971022,1328287617.43726,36.9945811844262,15.2669242228043,15955013.1311802,34.8764,3,-4.854
2971023,2971023,1328287617.43726,36.9945813204969,15.2669239129256,15955013.118709,39.58278,1,-0.1476
2971024,2971024,1328287617.43736,36.9945749525516,15.2669232000704,15955013.828381,39.314014,1,-0.4163
2971025,2971025,1328287617.43736,36.994574825224,15.2669234898802,15955013.8396935,34.912323,3,-4.818
2971026,2971026,1328287617.43746,36.9945685903275,15.2669224718689,15955014.5372795,39.27904,1,-0.4513
2971027,2971027,1328287617.43746,36.9945685902679,15.2669224720058,15955014.5372795,39.276962,1,-0.4534
2971028,2971028,1328287617.43746,36.994568591605,15.2669224689365,15955014.5372776,39.323563,1,-0.4068
2971029,2971029,1328287617.43746,36.994568462065,15.2669227638257,15955014.548983,34.84476,3,-4.8856
2971030,2971030,1328287617.43746,36.9945685928372,15.266922466108,15955014.5368904,39.366505,1,-0.3639
2971031,2971031,1328287617.43756,36.9945622317929,15.2669217375459,15955015.2457909,39.341053,1,-0.3893
2971032,2971032,1328287617.43756,36.9945622306514,15.2669217401662,15955015.2461781,39.301273,1,-0.4291
2971033,2971033,1328287617.43756,36.9945622280494,15.2669217461391,15955015.2461819,39.210594,1,-0.5198
2971034,2971034,1328287617.43766,36.994555868953,15.266921015445,15955015.9550842,39.22149,1,-0.5089
2971035,2971035,1328287617.43766,36.9945558709108,15.2669210109507,15955015.9546951,39.289722,1,-0.4406
2971036,2971036,1328287617.43766,36.9945558738272,15.2669210042563,15955015.9546932,39.391357,1,-0.339
2971037,2971037,1328287617.43766,36.9945558711302,15.2669210104473,15955015.9546951,39.297363,1,-0.433
2971038,2971038,1328287617.43766,36.9945558739837,15.2669210038971,15955015.9546932,39.39681,1,-0.3335
2971039,2971039,1328287617.43766,36.9945558723305,15.266921007692,15955015.9546932,39.339195,1,-0.3912
2971040,2971040,1328287617.43776,36.9945495102503,15.2669202816099,15955016.6636032,39.280685,1,-0.4497
2971041,2971041,1328287617.43776,36.9945495155515,15.2669202694409,15955016.6632103,39.465435,1,-0.2649
2971042,2971042,1328287617.43776,36.9945493864209,15.2669205633928,15955016.6749348,35.00088,3,-4.7295
2971043,2971043,1328287617.43776,36.9945493848432,15.2669205670144,15955016.6749367,34.945896,3,-4.7845
2971044,2971044,1328287617.43776,36.9945495146408,15.2669202715314,15955016.6632122,39.433697,1,-0.2967
2971045,2971045,1328287617.43786,36.9945431470502,15.2669195579537,15955017.3719529,39.18733,1,-0.543
2971046,2971046,1328287617.43796,36.9945367831806,15.266918833582,15955018.0812028,39.105385,0,-0.625
2971047,2971047,1328287617.43796,36.9945366469492,15.2669191438355,15955018.0935391,34.393356,0,-5.337
2971048,2971048,1328287617.43806,36.9945304323461,15.2669180842456,15955018.7889124,39.408115,1,-0.3222
2971049,2971049,1328287617.43806,36.9945304254652,15.2669181000408,15955018.7896837,39.168312,0,-0.562
2971050,2971050,1328287617.43806,36.9945304216689,15.2669181062882,15955018.7900691,39.07167,0,-0.6587
2971051,2971051,1328287617.43806,36.9945304283166,15.2669180934954,15955018.7892981,39.267685,1,-0.4627
2971052,2971052,1328287617.43806,36.9945302887979,15.2669184088286,15955018.8020262,34.47674,0,-5.2536
2971053,2971053,1328287617.43816,36.9945239401252,15.2669176545458,15955019.5097425,34.856575,3,-4.8738
2971054,2971054,1328287617.43816,36.9945240550846,15.2669173906538,15955019.4993229,38.86294,0,-0.8674
2971055,2971055,1328287617.43816,36.9945240628534,15.2669173728203,15955019.4989367,39.13369,0,-0.5967
2971056,2971056,1328287617.43826,36.9945177099629,15.2669166282259,15955020.2070344,39.368362,1,-0.362
2971057,2971057,1328287617.43826,36.9945177124821,15.2669166224429,15955020.2066484,39.456158,1,-0.2742
2971058,2971058,1328287617.43836,36.9945112171444,15.2669161999063,15955020.9278803,34.799686,3,-4.9307
2971059,2971059,1328287617.43836,36.9945113518247,15.2669158932099,15955020.915519,39.45769,1,-0.2727
2971060,2971060,1328287617.43836,36.9945113501758,15.2669158969951,15955020.9155192,39.400227,1,-0.3301
2971061,2971061,1328287617.43836,36.9945113511656,15.2669158947229,15955020.915519,39.434723,1,-0.2956
2971062,2971062,1328287617.43846,36.9945049883976,15.2669151703265,15955021.6247776,39.36463,1,-0.3657
2971063,2971063,1328287617.43846,36.9945049904249,15.2669151656728,15955021.6243918,39.435284,1,-0.2951
2971064,2971064,1328287617.43846,36.9945049795809,15.2669151880985,15955021.6255505,39.093025,0,-0.6373
2971065,2971065,1328287617.43856,36.994498626918,15.2669144429563,15955022.3336527,39.341434,1,-0.3889
2971066,2971066,1328287617.43856,36.9944986276281,15.2669144413261,15955022.3336523,39.36618,1,-0.3642
2971067,2971067,1328287617.43856,36.9944985012632,15.2669147289358,15955022.3448675,34.99796,3,-4.7324
2971068,2971068,1328287617.43856,36.9944986271278,15.2669144424745,15955022.3336527,39.348747,1,-0.3816
2971069,2971069,1328287617.43856,36.9944986261973,15.2669144446105,15955022.3336527,39.31632,1,-0.414
2971070,2971070,1328287617.43876,36.9944859060019,15.2669129834459,15955023.7514069,39.37241,1,-0.3579
2971071,2971071,1328287617.43876,36.9944857913857,15.2669132440873,15955023.7618587,35.41362,3,-4.3167
2971072,2971072,1328287617.43886,36.9944795425849,15.2669122604278,15955024.4602888,39.287968,1,-0.4424
2971073,2971073,1328287617.43886,36.9944795373888,15.2669122698885,15955024.4610612,39.14254,0,-0.5878
2971074,2971074,1328287617.43886,36.9944795448354,15.2669122552616,15955024.4602878,39.366398,1,-0.364
2971075,2971075,1328287617.43886,36.9944795425102,15.2669122605992,15955024.4602888,39.285366,1,-0.445
2971076,2971076,1328287617.43896,36.9944731823685,15.2669115300154,15955025.1691711,39.317265,1,-0.4131
2971077,2971077,1328287617.43906,36.9944668217543,15.2669108004613,15955025.8780553,39.334946,1,-0.3954
2971078,2971078,1328287617.43916,36.9944604650921,15.2669100640569,15955026.5865562,39.45962,1,-0.2707
2971079,2971079,1328287617.43916,36.9944604642001,15.2669100661046,15955026.5865572,39.428535,1,-0.3018
2971080,2971080,1328287617.43916,36.9944604669764,15.2669100597312,15955026.5865552,39.52529,1,-0.2051
2971081,2971081,1328287617.43926,36.9944539866063,15.2669096024882,15955027.3063114,35.40968,3,-4.3207
2971082,2971082,1328287617.43926,36.9944541033349,15.2669093369941,15955027.2954462,39.442116,1,-0.2882
2971083,2971083,1328287617.43926,36.9944539770928,15.2669096243273,15955027.3070877,35.078125,3,-4.6522
2971084,2971084,1328287617.43926,36.9944541058251,15.2669093312775,15955027.2954443,39.528904,1,-0.2015
2971085,2971085,1328287617.43936,36.9944477381664,15.2669086176844,15955028.0047262,39.308125,1,-0.4222
2971086,2971086,1328287617.43936,36.9944476170205,15.2669088933199,15955028.0159853,35.121735,3,-4.6086
2971087,2971087,1328287617.43936,36.994447739734,15.266908614086,15955028.0047252,39.362755,1,-0.3676
2971088,2971088,1328287617.43946,36.9944410656,15.2669085942683,15955028.7419813,28.603483,0,-11.1269
2971089,2971089,1328287617.43946,36.9944413812231,15.2669078771234,15955028.7132318,39.496273,1,-0.2341
2971090,2971090,1328287617.43946,36.9944412590557,15.2669081551046,15955028.7244985,35.274273,3,-4.4561
2971091,2971091,1328287617.43946,36.9944413714242,15.266907899618,15955028.7143962,39.15477,0,-0.5756
2971092,2971092,1328287617.43946,36.9944413784829,15.266907883414,15955028.71362,39.400772,1,-0.3296
2971093,2971093,1328287617.43946,36.9944413791599,15.2669078818598,15955028.713619,39.424366,1,-0.306
2971094,2971094,1328287617.43956,36.9944350145587,15.2669071610702,15955029.4229038,39.31509,1,-0.4153
2971095,2971095,1328287617.43956,36.9944350165793,15.2669071564315,15955029.4225175,39.385513,1,-0.3448
2971096,2971096,1328287617.43966,36.9944286569461,15.2669064241371,15955030.1314161,39.451927,1,-0.2784
2971097,2971097,1328287617.43966,36.9944286526339,15.2669064340363,15955030.1318052,39.30164,1,-0.4287
2971098,2971098,1328287617.43966,36.9944285316093,15.2669067093956,15955030.1426952,35.119457,3,-4.6109
2971099,2971099,1328287617.43976,36.9944222917238,15.2669057068501,15955030.8407075,39.29311,1,-0.4372
2971100,2971100,1328287617.43976,36.994422294955,15.2669056994327,15955030.8403194,39.40572,1,-0.3246
2971101,2971101,1328287617.43976,36.9944222921903,15.2669057057793,15955030.8407075,39.30937,1,-0.421
2971102,2971102,1328287617.43976,36.9944222932532,15.2669057033392,15955030.8403213,39.346413,1,-0.3839
2971103,2971103,1328287617.43986,36.9944159270012,15.2669049860166,15955031.5500028,39.18739,1,-0.543
2971104,2971104,1328287617.43986,36.9944159303503,15.2669049783282,15955031.5496137,39.30411,1,-0.4262
2971105,2971105,1328287617.43986,36.9944159324918,15.2669049734123,15955031.5492275,39.378742,1,-0.3516
2971106,2971106,1328287617.43996,36.9944094505016,15.2669045191931,15955032.269428,35.22445,3,-4.5059
2971107,2971107,1328287617.43996,36.9944095709681,15.2669042451129,15955032.2581356,39.387196,1,-0.3432
2971108,2971108,1328287617.44006,36.9944030933523,15.2669037807227,15955032.9779537,35.38809,3,-4.3423
2971109,2971109,1328287617.44006,36.9944032113015,15.2669035124206,15955032.9670446,39.46311,1,-0.2672
2971110,2971110,1328287617.44006,36.9944030859505,15.2669037977146,15955032.9783466,35.130127,3,-4.6002
2971111,2971111,1328287617.44006,36.9944032081265,15.2669035197093,15955032.9674318,39.35246,1,-0.3779
2971112,2971112,1328287617.44016,36.9943968464871,15.2669027959782,15955033.6763494,39.296326,1,-0.434
2971113,2971113,1328287617.44016,36.994396847951,15.2669027926175,15955033.6759641,39.347347,1,-0.383
2971114,2971114,1328287617.44016,36.9943967318563,15.2669030566632,15955033.6868761,35.33695,3,-4.3934
2971115,2971115,1328287617.44036,36.9943849583818,15.2668994364636,15955035.0180795,68.217964,0,28.4876
2971116,2971116,1328287617.44036,36.9943839832696,15.2669016552555,15955035.107065,34.519,0,-5.2114
2971117,2971117,1328287617.44036,36.9943841235507,15.2669013381517,15955035.0941866,39.33668,1,-0.3937
2971118,2971118,1328287617.44036,36.9943841208573,15.2669013443348,15955035.0945756,39.242813,1,-0.4875
2971119,2971119,1328287617.44046,36.9943777634464,15.2669006058731,15955035.8031099,39.408756,1,-0.3216
2971120,2971120,1328287617.44046,36.9943777637736,15.2669006051221,15955035.8031099,39.42016,1,-0.3102
2971121,2971121,1328287617.44046,36.9943777584302,15.2669006173887,15955035.8035009,39.233932,1,-0.4964
2971122,2971122,1328287617.44056,36.9943714021969,15.266899876058,15955036.5120351,39.44388,1,-0.2865
2971123,2971123,1328287617.44056,36.994371279593,15.2669001550496,15955036.5229776,35.2066,3,-4.5238
2971124,2971124,1328287617.44056,36.9943714001464,15.2668998807654,15955036.512039,39.372414,1,-0.3579
2971125,2971125,1328287617.44066,36.9943650379958,15.2668991551309,15955037.2209699,39.346104,1,-0.3843
2971126,2971126,1328287617.44066,36.9943649198088,15.2668994239834,15955037.2319143,35.262753,3,-4.4676
2971127,2971127,1328287617.44066,36.9943650383485,15.2668991543211,15955037.2209699,39.358395,1,-0.372
2971128,2971128,1328287617.44076,36.9943598797284,15.2668956830343,15955037.8196434,81.0281,0,41.2977
2971129,2971129,1328287617.44076,36.9943586744133,15.266898427857,15955037.9294904,39.3415,1,-0.3889
2971130,2971130,1328287617.44076,36.9943585694852,15.2668986662717,15955037.9391268,35.72024,3,-4.0101
2971131,2971131,1328287617.44076,36.9943586734223,15.2668984301319,15955037.9294904,39.30696,1,-0.4234
2971132,2971132,1328287617.44086,36.9943523087585,15.2668977076155,15955038.6387624,39.232254,1,-0.4981
2971133,2971133,1328287617.44086,36.9943523123698,15.266897699325,15955038.6383769,39.358112,1,-0.3722
2971134,2971134,1328287617.44096,36.9943459449903,15.2668969828496,15955039.3480358,39.19189,1,-0.5385
2971135,2971135,1328287617.44096,36.9943459485799,15.2668969746089,15955039.3476501,39.316994,1,-0.4134
2971136,2971136,1328287617.44096,36.9943459512039,15.2668969685849,15955039.3472646,39.408447,1,-0.3219
2971137,2971137,1328287617.44106,36.9943395822369,15.266896255553,15955040.056926,39.190083,1,-0.5403
2971138,2971138,1328287617.44106,36.9943395864534,15.2668962458731,15955040.05654,39.337036,1,-0.3933
2971139,2971139,1328287617.44106,36.9943394715635,15.2668965071595,15955040.0669635,35.368572,3,-4.3618
2971140,2971140,1328287617.44106,36.9943395893824,15.266896239149,15955040.0565396,39.439117,1,-0.2912
2971141,2971141,1328287617.44106,36.9943394615986,15.2668965300358,15955040.0681212,35.021282,0,-4.7091
2971142,2971142,1328287617.44106,36.9943395852488,15.2668962486386,15955040.0569253,39.29505,1,-0.4353
2971143,2971143,1328287617.44106,36.9943386486793,15.2668983789891,15955040.1418631,6.9393377,0,-32.791
2971144,2971144,1328287617.44116,36.9943332128516,15.2668955430916,15955040.7665901,38.962975,0,-0.7674
2971145,2971145,1328287617.44126,36.9943268579704,15.2668947997683,15955041.4750965,39.206352,1,-0.524
2971146,2971146,1328287617.44126,36.9943268619767,15.266894790571,15955041.4747103,39.34598,1,-0.3844
2971147,2971147,1328287617.44126,36.9943268607235,15.2668947934479,15955041.4747107,39.302303,1,-0.4281
2971148,2971148,1328287617.44126,36.9943268576068,15.2668948006029,15955041.475097,39.193684,1,-0.5367
2971149,2971149,1328287617.44126,36.9943268638567,15.2668947862549,15955041.4747098,39.411503,1,-0.3189
2971150,2971150,1328287617.44136,36.9943204947461,15.2668940729099,15955042.1843775,39.19792,1,-0.5324
2971151,2971151,1328287617.44136,36.9943203847716,15.2668943229136,15955042.1940449,35.40076,3,-4.3296
2971152,2971152,1328287617.44146,36.9943141327639,15.2668933429719,15955042.893275,39.23613,1,-0.4942
2971153,2971153,1328287617.44146,36.9943141367585,15.2668933338013,15955042.8928879,39.375347,1,-0.355
2971154,2971154,1328287617.44146,36.9943141344161,15.266893339179,15955042.8928888,39.29371,1,-0.4366
2971155,2971155,1328287617.44146,36.9943141383797,15.2668933300795,15955042.8928874,39.43185,1,-0.2985
2971156,2971156,1328287617.44166,36.9943014084448,15.2668918809149,15955044.3114603,39.34341,1,-0.3869
2971157,2971157,1328287617.44166,36.9943014100643,15.2668918771968,15955044.3110745,39.399857,1,-0.3305
2971158,2971158,1328287617.44166,36.9943014079699,15.2668918820049,15955044.3114603,39.326862,1,-0.4035
2971159,2971159,1328287617.44166,36.9943014103533,15.2668918765332,15955044.311074,39.409927,1,-0.3204
2971160,2971160,1328287617.44176,36.9942950415482,15.2668911638207,15955045.0207513,39.18756,1,-0.5428
2971161,2971161,1328287617.44176,36.9942950464735,15.2668911525134,15955045.0203631,39.35922,1,-0.3711
2971162,2971162,1328287617.44186,36.9942885694726,15.2668906831848,15955045.7397359,35.4382,3,-4.2922
2971163,2971163,1328287617.44186,36.9942886831023,15.2668904247862,15955045.7292693,39.362785,1,-0.3676
2971164,2971164,1328287617.44186,36.9942886842516,15.2668904221477,15955045.7292693,39.40284,1,-0.3275
2971165,2971165,1328287617.44186,36.9942886814768,15.2668904285179,15955045.7296555,39.306133,1,-0.4242
2971166,2971166,1328287617.44186,36.9942886796251,15.2668904327689,15955045.7296565,39.241596,1,-0.4888
2971167,2971167,1328287617.44196,36.9942823165105,15.2668897041917,15955046.4389508,39.257645,1,-0.4727
2971168,2971168,1328287617.44196,36.9942823140977,15.2668897097309,15955046.4389527,39.173553,0,-0.5568
2971169,2971169,1328287617.44206,36.9942759550838,15.2668889714722,15955047.1478598,39.33609,1,-0.3943
2971170,2971170,1328287617.44206,36.9942759561365,15.2668889690553,15955047.1478598,39.372784,1,-0.3576
2971171,2971171,1328287617.44206,36.9942759605358,15.2668889589555,15955047.1474717,39.526108,1,-0.2043
2971172,2971172,1328287617.44216,36.9942695839155,15.2668882583757,15955047.8579333,39.114296,0,-0.6161
2971173,2971173,1328287617.44216,36.994269591096,15.2668882443583,15955047.8571589,39.32889,1,-0.4015
2971174,2971174,1328287617.44216,36.9942695834735,15.2668882593905,15955047.8579343,39.098892,0,-0.6315
2971175,2971175,1328287617.44226,36.9942632279807,15.2668875149616,15955048.5660737,39.355747,1,-0.3746
2971176,2971176,1328287617.44226,36.994263224143,15.2668875237719,15955048.5664618,39.221996,1,-0.5084
2971177,2971177,1328287617.44226,36.9942632294435,15.2668875116032,15955048.5660727,39.40673,1,-0.3236
2971178,2971178,1328287617.44236,36.9942568639326,15.2668867874197,15955049.2753775,39.353775,1,-0.3766
2971179,2971179,1328287617.44236,36.9942568587087,15.2668867994126,15955049.2757676,39.17171,0,-0.5586
2971180,2971180,1328287617.44246,36.9942503876919,15.2668863146886,15955049.9947951,35.480995,3,-4.2494
2971181,2971181,1328287617.44246,36.9942504971592,15.2668860658418,15955049.9850714,39.26054,1,-0.4698
2971182,2971182,1328287617.44256,36.9942441351798,15.2668853329591,15955050.6939929,39.33814,1,-0.3922
2971183,2971183,1328287617.44266,36.9942377719593,15.2668846049061,15955051.40292,39.343216,1,-0.3871
2971184,2971184,1328287617.44266,36.9942377692872,15.2668846110408,15955051.4033072,39.250084,1,-0.4803
2971185,2971185,1328287617.44266,36.9942377687253,15.2668846123306,15955051.4033082,39.230503,1,-0.4999
2971186,2971186,1328287617.44266,36.9942376610752,15.2668848570068,15955051.4130414,35.514282,3,-4.2161
2971187,2971187,1328287617.44276,36.9942314029971,15.2668838851525,15955052.1126225,39.2181,1,-0.5123
2971188,2971188,1328287617.44276,36.9942312957728,15.2668841288516,15955052.1223605,35.516716,3,-4.2136
2971189,2971189,1328287617.44276,36.9942314052243,15.2668838800393,15955052.1126206,39.295727,1,-0.4346
2971190,2971190,1328287617.44276,36.9942314078769,15.2668838739493,15955052.1122325,39.388176,1,-0.3422
2971191,2971191,1328287617.44276,36.9942312384372,15.2668842580159,15955052.1278098,33.554085,0,-6.1763
2971192,2971192,1328287617.44286,36.9942250401381,15.2668831533554,15955052.8219397,39.276505,1,-0.4539
2971193,2971193,1328287617.44286,36.9942250408644,15.2668831516879,15955052.8219388,39.30182,1,-0.4285
2971194,2971194,1328287617.44286,36.9942250412596,15.2668831507808,15955052.8219388,39.31559,1,-0.4148
2971195,2971195,1328287617.44286,36.9942250399514,15.2668831537841,15955052.8219397,39.269997,1,-0.4604
2971196,2971196,1328287617.44286,36.9942250414057,15.2668831504453,15955052.8219388,39.320683,1,-0.4097
2971197,2971197,1328287617.44286,36.9942250436287,15.2668831453418,15955052.8215516,39.39816,1,-0.3322
2971198,2971198,1328287617.44296,36.9942186783917,15.2668824186808,15955053.5308717,39.377563,1,-0.3528
2971199,2971199,1328287617.44296,36.9942185756501,15.2668826520898,15955053.5402291,35.8324,3,-3.898
2971200,2971200,1328287617.44296,36.9942186830457,15.2668824079962,15955053.5304806,39.539764,1,-0.1906
2971201,2971201,1328287617.44296,36.9942186770829,15.2668824216856,15955053.5308736,39.331947,1,-0.3984
2971202,2971202,1328287617.44296,36.9942186781205,15.2668824193034,15955053.5308717,39.36811,1,-0.3622
2971203,2971203,1328287617.44296,36.9942186771302,15.2668824215771,15955053.5308736,39.333595,1,-0.3968
2971204,2971204,1328287617.44306,36.9942123118161,15.266881694764,15955054.2405827,39.31423,1,-0.4161
2971205,2971205,1328287617.44306,36.9942123130966,15.2668816918244,15955054.2401955,39.358856,1,-0.3715
2971206,2971206,1328287617.44306,36.9942123100678,15.2668816987779,15955054.2405846,39.253296,1,-0.4771
2971207,2971207,1328287617.44306,36.9942123086033,15.2668817021401,15955054.2405865,39.202255,1,-0.5281
2971208,2971208,1328287617.44316,36.9942059504739,15.2668809584971,15955054.9495213,39.43724,1,-0.2931
2971209,2971209,1328287617.44316,36.9942059474094,15.2668809655325,15955054.9495232,39.330437,1,-0.3999
2971210,2971210,1328287617.44326,36.9941995831864,15.2668802378245,15955055.6588547,39.323967,1,-0.4064
2971211,2971211,1328287617.44326,36.99419958403,15.2668802358877,15955055.6588528,39.353367,1,-0.377
2971212,2971212,1328287617.44326,36.9941995824428,15.2668802395318,15955055.6588547,39.298046,1,-0.4323
2971213,2971213,1328287617.44336,36.9941932164953,15.2668795131502,15955056.3685754,39.268536,1,-0.4618
2971214,2971214,1328287617.44336,36.994193213281,15.2668795205297,15955056.3685792,39.15651,0,-0.5738
2971215,2971215,1328287617.44336,36.9941931533409,15.2668796556753,15955056.3740475,37.103085,0,-2.6273
2971216,2971216,1328287617.44336,36.9941932208036,15.266879503259,15955056.3681844,39.418694,1,-0.3117
2971217,2971217,1328287617.44336,36.9941932219139,15.2668795007098,15955056.3677972,39.45739,1,-0.273
2971218,2971218,1328287617.44336,36.9941932179729,15.2668795097576,15955056.3681882,39.320038,1,-0.4103
2971219,2971219,1328287617.44346,36.9941868570126,15.2668787761459,15955057.0771344,39.402267,1,-0.3281
2971220,2971220,1328287617.44346,36.9941868493054,15.2668787938406,15955057.0779164,39.133648,0,-0.5967
2971221,2971221,1328287617.44346,36.9941868408617,15.2668788107586,15955057.0786965,38.87502,0,-0.8553
2971222,2971222,1328287617.44346,36.9941868562708,15.266878777849,15955057.0771363,39.37641,1,-0.3539
2971223,2971223,1328287617.44356,36.9941804906645,15.2668780497911,15955057.7858579,39.369446,1,-0.3609
2971224,2971224,1328287617.44356,36.9941804922671,15.2668780461117,15955057.7858578,39.4253,1,-0.3051
2971225,2971225,1328287617.44356,36.9941803850627,15.2668782897702,15955057.7954934,35.72457,3,-4.0058
2971226,2971226,1328287617.44356,36.9941804847873,15.2668780632844,15955057.7862433,39.164608,0,-0.5658
2971227,2971227,1328287617.44356,36.9941804926027,15.2668780453413,15955057.7858578,39.437,1,-0.2934
2971228,2971228,1328287617.44356,36.9941804853638,15.2668780619609,15955057.7862433,39.1847,1,-0.5457
2971229,2971229,1328287617.44366,36.9941741284846,15.2668773136851,15955058.4951503,39.483444,1,-0.2469
2971230,2971230,1328287617.44366,36.9941741087125,15.2668773566117,15955058.4966929,38.829987,0,-0.9004
2971231,2971231,1328287617.44366,36.9941741225584,15.2668773272909,15955058.4955359,39.276897,1,-0.4535
2971232,2971232,1328287617.44366,36.9941741241853,15.2668773235559,15955058.4955359,39.3336,1,-0.3968
2971233,2971233,1328287617.44376,36.9941677601731,15.2668765912871,15955059.2044446,39.38786,1,-0.3425
2971234,2971234,1328287617.44376,36.9941677569548,15.266876598676,15955059.2048303,39.27569,1,-0.4547
2971235,2971235,1328287617.44376,36.9941677570366,15.2668765984881,15955059.2048303,39.27854,1,-0.4518
2971236,2971236,1328287617.44376,36.9941677545115,15.2668766042855,15955059.2052159,39.19053,1,-0.5398
2971237,2971237,1328287617.44386,36.994161390575,15.2668758714681,15955059.9145117,39.251575,1,-0.4788
2971238,2971238,1328287617.44386,36.9941613885643,15.2668758760844,15955059.9145121,39.1815,1,-0.5489
2971239,2971239,1328287617.44386,36.9941613883772,15.2668758765141,15955059.9145121,39.174973,0,-0.5554
2971240,2971240,1328287617.44386,36.9941613932871,15.2668758652416,15955059.9141259,39.3461,1,-0.3843
2971241,2971241,1328287617.44396,36.9941551070876,15.266874953569,15955060.616471,42.1207,0,2.3903
2971242,2971242,1328287617.44396,36.9941550190032,15.2668751533327,15955060.6241958,39.08634,0,-0.644
2971243,2971243,1328287617.44406,36.9941486617898,15.2668744067813,15955061.3331084,39.354424,1,-0.3759
2971244,2971244,1328287617.44406,36.9941486620628,15.2668744061544,15955061.3331084,39.363937,1,-0.3664
2971245,2971245,1328287617.44406,36.9941486588661,15.2668744134937,15955061.3331093,39.252525,1,-0.4778
2971246,2971246,1328287617.44406,36.994148661942,15.2668744064318,15955061.3331084,39.35973,1,-0.3706
2971247,2971247,1328287617.44416,36.9941422950239,15.2668736793026,15955062.0424094,39.329456,1,-0.4009
2971248,2971248,1328287617.44416,36.9941422983111,15.2668736717555,15955062.0420232,39.444027,1,-0.2863
2971249,2971249,1328287617.44416,36.9941422923016,15.2668736855528,15955062.0427961,39.234577,1,-0.4958
2971250,2971250,1328287617.44416,36.9941422978238,15.2668736728744,15955062.0424089,39.427044,1,-0.3033
2971251,2971251,1328287617.44426,36.9941359285784,15.2668729506919,15955062.7520985,39.319912,1,-0.4104
2971252,2971252,1328287617.44426,36.9941359862975,15.2668728181749,15955062.7466836,41.33161,0,1.6013
2971253,2971253,1328287617.44426,36.9941359295201,15.2668729485299,15955062.7520981,39.352734,1,-0.3776
2971254,2971254,1328287617.44436,36.9941295630997,15.2668722194597,15955063.4614029,39.34834,1,-0.382
2971255,2971255,1328287617.44436,36.9941295624196,15.2668722210214,15955063.4614033,39.32463,1,-0.4057
2971256,2971256,1328287617.44446,36.9941231955501,15.2668714925756,15955064.1710963,39.308884,1,-0.4215
2971257,2971257,1328287617.44446,36.9941231936892,15.2668714968481,15955064.1710968,39.244026,1,-0.4863
2971258,2971258,1328287617.44446,36.9941231975917,15.2668714878884,15955064.1707101,39.38004,1,-0.3503
2971259,2971259,1328287617.44456,36.9941168271628,15.2668707672026,15955064.8807916,39.24456,1,-0.4858
2971260,2971260,1328287617.44456,36.9941168307478,15.2668707589718,15955064.8804044,39.369507,1,-0.3609
2971261,2971261,1328287617.44456,36.9941168257723,15.2668707703952,15955064.8807921,39.196095,1,-0.5343
2971262,2971262,1328287617.44456,36.9941168272979,15.2668707668926,15955064.8807916,39.249264,1,-0.4811
2971263,2971263,1328287617.44466,36.9941104667846,15.2668700230244,15955065.589714,39.463722,1,-0.2666
2971264,2971264,1328287617.44466,36.9941104603024,15.266870037907,15955065.5901031,39.237797,1,-0.4926
2971265,2971265,1328287617.44466,36.9941104660568,15.2668700246955,15955065.589715,39.438354,1,-0.292
2971266,2971266,1328287617.44466,36.9941105465655,15.2668698398543,15955065.5823497,42.244358,0,2.514
2971267,2971267,1328287617.44476,36.9941040996477,15.2668692962286,15955066.2990293,39.41862,1,-0.3117
2971268,2971268,1328287617.44476,36.994104097908,15.2668693002228,15955066.2994156,39.357986,1,-0.3724
2971269,2971269,1328287617.44486,36.994097729181,15.2668685743638,15955067.0091181,39.29492,1,-0.4354
2971270,2971270,1328287617.44486,36.9940978101705,15.2668683884181,15955067.0017452,42.117687,0,2.3873
2971271,2971271,1328287617.44486,36.9940977282029,15.2668685766097,15955067.009119,39.26083,1,-0.4695
2971272,2971272,1328287617.44496,36.9940914602181,15.2668676190216,15955067.7098913,42.713398,0,2.983
2971273,2971273,1328287617.44496,36.9940913622441,15.2668678439632,15955067.7188205,39.298653,1,-0.4317
2971274,2971274,1328287617.44506,36.9940849932173,15.266867115637,15955068.4285278,39.267048,1,-0.4633
2971275,2971275,1328287617.44516,36.9940787351717,15.2668661343501,15955069.1281337,43.074917,0,3.3446
2971276,2971276,1328287617.44536,36.9940659837587,15.2668647130048,15955070.5487184,42.469196,0,2.7388
2971277,2971277,1328287617.44536,36.9940658945577,15.2668649178061,15955070.5568876,39.36021,1,-0.3701
2971278,2971278,1328287617.44536,36.9940658934272,15.2668649204018,15955070.5568886,39.32081,1,-0.4095
2971279,2971279,1328287617.44536,36.9940658974987,15.2668649110537,15955070.5565004,39.462715,1,-0.2676
2971280,2971280,1328287617.44536,36.9940659727388,15.2668647383061,15955070.5498838,42.08511,0,2.3548
2971281,2971281,1328287617.44536,36.9940659625609,15.2668647616741,15955070.5506639,41.730373,0,2.0
2971282,2971282,1328287617.44536,36.9940659743491,15.2668647346088,15955070.5498819,42.141235,0,2.4109
2971283,2971283,1328287617.44546,36.9940596212841,15.2668639701283,15955071.2580404,42.6508,0,2.9204
2971284,2971284,1328287617.44546,36.9940596132425,15.2668639885914,15955071.2588186,42.370518,0,2.6402
2971285,2971285,1328287617.44556,36.9940532407289,15.2668632683041,15955071.9689226,42.206745,0,2.4764
2971286,2971286,1328287617.44556,36.99405325091,15.2668632449286,15955071.9677581,42.561596,0,2.8312
2971287,2971287,1328287617.44556,36.9940531596389,15.2668634544837,15955071.9763221,39.38045,1,-0.3499
2971288,2971288,1328287617.44566,36.9940468888462,15.2668625001845,15955072.677082,42.766575,0,3.0362
2971289,2971289,1328287617.44566,36.9940467807275,15.2668627459539,15955072.6868238,39.03389,0,-0.6965
2971290,2971290,1328287617.44576,36.9940405633599,15.26686205096,15955073.3796053,39.32736,1,-0.403
2971291,2971291,1328287617.44576,36.9940406314744,15.2668618945689,15955073.3733682,41.701435,0,1.9711
2971292,2971292,1328287617.44586,36.9940342697089,15.2668611214298,15955074.0826883,42.27623,0,2.5459
2971293,2971293,1328287617.44586,36.9940342798031,15.2668610982535,15955074.0819063,42.628056,0,2.8977
2971294,2971294,1328287617.44596,36.9940279011724,15.2668603679289,15955074.7927904,42.553543,0,2.8232
2971295,2971295,1328287617.44596,36.994027904821,15.2668603595515,15955074.7923994,42.680714,0,2.9504
2971296,2971296,1328287617.44596,36.9940278127015,15.2668605710588,15955074.8009844,39.469955,1,-0.2604
2971297,2971297,1328287617.44596,36.9940278087135,15.2668605802153,15955074.8009882,39.330956,1,-0.3994
2971298,2971298,1328287617.44606,36.9940215418619,15.2668595904633,15955075.5017252,43.190254,0,3.4599
2971299,2971299,1328287617.44626,36.9940086775572,15.2668583685583,15955076.9332742,39.399887,1,-0.3305
2971300,2971300,1328287617.44626,36.9940086751294,15.2668583741326,15955076.9336633,39.31527,1,-0.4151
2971301,2971301,1328287617.44626,36.9940086717837,15.2668583818144,15955076.9340524,39.198658,1,-0.5317
2971302,2971302,1328287617.44626,36.9940086763309,15.2668583713739,15955076.9336614,39.357147,1,-0.3732
2971303,2971303,1328287617.44626,36.9940086733294,15.2668583782654,15955076.9336672,39.25253,1,-0.4778
2971304,2971304,1328287617.44636,36.994002400516,15.2668574005637,15955077.6341208,42.920277,0,3.1899
2971305,2971305,1328287617.44636,36.9940023721946,15.2668574655902,15955077.6368184,41.933155,0,2.2028
2971306,2971306,1328287617.44636,36.9940022857411,15.2668576616213,15955077.6445259,38.955547,0,-0.7748
2971307,2971307,1328287617.44636,36.9940022981185,15.2668576356702,15955077.6433698,39.351288,1,-0.3791
2971308,2971308,1328287617.44646,36.9939960270789,15.266856653584,15955078.3445842,43.08291,0,3.3526
2971309,2971309,1328287617.44646,36.9939960173749,15.2668566758643,15955078.3457408,42.744686,0,3.0143
2971310,2971310,1328287617.44646,36.9939959238542,15.26685689059,15955078.3542234,39.48509,1,-0.2453
2971311,2971311,1328287617.44646,36.9939959129594,15.2668569156046,15955078.3549947,39.10536,0,-0.625
2971312,2971312,1328287617.44656,36.9939896464261,15.2668559226871,15955079.0558199,42.998486,0,3.2681
2971313,2971313,1328287617.44656,36.9939896118819,15.2668560020015,15955079.0589063,41.794468,0,2.0641
2971314,2971314,1328287617.44656,36.9939895402027,15.2668561665785,15955079.0654645,39.296143,1,-0.4342
2971315,2971315,1328287617.44656,36.9939895423612,15.2668561616226,15955079.0650789,39.371376,1,-0.359
2971316,2971316,1328287617.44656,36.9939895408707,15.2668561650448,15955079.0654643,39.319427,1,-0.4109
2971317,2971317,1328287617.44656,36.9939895442743,15.2668561572301,15955079.0650786,39.438057,1,-0.2923
2971318,2971318,1328287617.44666,36.9939832641156,15.2668551951135,15955079.7670575,42.86066,0,3.1303
2971319,2971319,1328287617.44666,36.993983164875,15.2668554229726,15955079.7759352,39.4017,1,-0.3287
2971320,2971320,1328287617.44666,36.9939831623521,15.2668554287654,15955079.776321,39.313763,1,-0.4166
2971321,2971321,1328287617.44666,36.9939831625701,15.2668554282648,15955079.7763208,39.32136,1,-0.409
2971322,2971322,1328287617.44666,36.9939831610868,15.2668554316706,15955079.7763212,39.26966,1,-0.4607
2971323,2971323,1328287617.44666,36.9939831660842,15.2668554201963,15955079.775935,39.443844,1,-0.2865
2971324,2971324,1328287617.44666,36.9939831608629,15.2668554321845,15955079.7763212,39.26186,1,-0.4685
2971325,2971325,1328287617.44666,36.9939831618378,15.2668554299462,15955079.776321,39.295837,1,-0.4345
2971326,2971326,1328287617.44666,36.9939831623893,15.2668554286799,15955079.776321,39.31506,1,-0.4153
2971327,2971327,1328287617.44666,36.9939831363593,15.2668554859778,15955079.7786368,38.443466,0,-1.2869
2971328,2971328,1328287617.44666,36.9939831620819,15.2668554293857,15955079.776321,39.304348,1,-0.426
2971329,2971329,1328287617.44676,36.9939763142726,15.2668557671353,15955080.5296603,22.98953,0,-16.7408
2971330,2971330,1328287617.44676,36.9939767836092,15.2668546993953,15955080.4871794,39.205227,1,-0.5251
2971331,2971331,1328287617.44676,36.9939767892266,15.2668546864976,15955080.4864076,39.401016,1,-0.3293
2971332,2971332,1328287617.44676,36.9939767842987,15.266854697812,15955080.4871794,39.22926,1,-0.5011
2971333,2971333,1328287617.44676,36.9939767864079,15.2668546929693,15955080.4867936,39.302776,1,-0.4276
2971334,2971334,1328287617.44686,36.9939704021702,15.2668539688592,15955081.1984251,39.10637,0,-0.624
2971335,2971335,1328287617.44686,36.9939704347646,15.2668538940215,15955081.1953347,40.242424,0,0.5121
2971336,2971336,1328287617.44686,36.9939704099183,15.2668539510694,15955081.1976529,39.376427,1,-0.3539
2971337,2971337,1328287617.44686,36.9939703402371,15.2668541085918,15955081.2038351,36.983402,0,-2.747
2971338,2971338,1328287617.44686,36.9939704034108,15.2668539660108,15955081.1980396,39.14961,0,-0.5807
2971339,2971339,1328287617.44686,36.9939704123536,15.2668539454779,15955081.1972667,39.461304,1,-0.2691
2971340,2971340,1328287617.44696,36.9939640315302,15.2668532130493,15955081.9085134,39.38812,1,-0.3422
2971341,2971341,1328287617.44696,36.9939640322028,15.2668532115051,15955081.9085134,39.41156,1,-0.3188
2971342,2971342,1328287617.44696,36.9939640266671,15.2668532242153,15955081.9089006,39.21862,1,-0.5117
2971343,2971343,1328287617.44696,36.9939640380073,15.2668531981778,15955081.9077414,39.613873,0,-0.1165
2971344,2971344,1328287617.44696,36.9939639672298,15.2668533582177,15955081.9143122,37.182636,0,-2.5477
2971345,2971345,1328287617.44696,36.9939640266815,15.2668532241822,15955081.9089006,39.21912,1,-0.5112
2971346,2971346,1328287617.44696,36.9939640276086,15.2668532220535,15955081.9089001,39.251434,1,-0.4789
2971347,2971347,1328287617.44696,36.9939640298024,15.2668532170166,15955081.9085143,39.327896,1,-0.4025
2971348,2971348,1328287617.44706,36.9939576503452,15.2668524809738,15955082.6197623,39.306484,1,-0.4239
2971349,2971349,1328287617.44706,36.993957729022,15.266852300329,15955082.6124142,42.04871,0,2.3184
2971350,2971350,1328287617.44706,36.9939576516648,15.2668524779441,15955082.619377,39.352474,1,-0.3779
2971351,2971351,1328287617.44706,36.9939576493285,15.2668524833082,15955082.6197627,39.271046,1,-0.4593
2971352,2971352,1328287617.44706,36.9939576507581,15.2668524800258,15955082.6197623,39.320873,1,-0.4095
2971353,2971353,1328287617.44706,36.9939576520524,15.2668524770541,15955082.619377,39.365986,1,-0.3644
2971354,2971354,1328287617.44706,36.9939575815585,15.2668526364431,15955082.6259511,36.944633,0,-2.7857
2971355,2971355,1328287617.44716,36.9939512701756,15.2668517460909,15955083.3306273,39.26434,1,-0.466
2971356,2971356,1328287617.44716,36.9939512728808,15.2668517398797,15955083.330241,39.358627,1,-0.3717
2971357,2971357,1328287617.44716,36.993951267495,15.2668517522457,15955083.331014,39.17091,0,-0.5594
2971358,2971358,1328287617.44716,36.9939512667694,15.2668517539117,15955083.331014,39.14562,0,-0.5847
2971359,2971359,1328287617.44716,36.9939512748102,15.2668517354499,15955083.3302401,39.425873,1,-0.3045
2971360,2971360,1328287617.44726,36.9939448516762,15.2668510962728,15955084.0453642,37.92594,0,-1.8044
2971361,2971361,1328287617.44726,36.9939448894853,15.2668510119293,15955084.04188,39.208084,1,-0.5223
2971362,2971362,1328287617.44726,36.9939448900644,15.2668510105996,15955084.0418795,39.22827,1,-0.5021
2971363,2971363,1328287617.44726,36.9939448948635,15.2668509995807,15955084.0414923,39.39554,1,-0.3348
2971364,2971364,1328287617.44726,36.9939448945684,15.2668510002582,15955084.0414923,39.385254,1,-0.3451
2971365,2971365,1328287617.44726,36.9939448907845,15.2668510089463,15955084.0414942,39.25337,1,-0.477
2971366,2971366,1328287617.44726,36.9939448917707,15.2668510066819,15955084.0414937,39.287743,1,-0.4426
2971367,2971367,1328287617.44726,36.9939448900804,15.2668510105629,15955084.0418795,39.22883,1,-0.5015
2971368,2971368,1328287617.44736,36.9939386051084,15.2668500561549,15955084.7442253,42.512756,0,2.7824
2971369,2971369,1328287617.44736,36.9939385149194,15.2668502632328,15955084.7523607,39.369278,1,-0.3611
2971370,2971370,1328287617.44736,36.9939385159064,15.2668502609668,15955084.7523602,39.40368,1,-0.3267
2971371,2971371,1328287617.44736,36.9939384847386,15.2668503300616,15955084.7550724,38.353012,0,-1.3773
2971372,2971372,1328287617.44736,36.9939384490059,15.2668504121056,15955084.7585576,37.10757,0,-2.6228
2971373,2971373,1328287617.44736,36.9939385182657,15.2668502555497,15955084.7519739,39.485912,1,-0.2444
2971374,2971374,1328287617.44736,36.9939385184954,15.2668502550222,15955084.7519739,39.49392,1,-0.2364
2971375,2971375,1328287617.44736,36.9939385144842,15.2668502642321,15955084.7523607,39.35411,1,-0.3762
2971376,2971376,1328287617.44736,36.9939385111916,15.266850271792,15955084.7527479,39.23935,1,-0.491
2971377,2971377,1328287617.44746,36.9939321366917,15.266849522473,15955085.46323,39.40677,1,-0.3236
2971378,2971378,1328287617.44746,36.9939321315897,15.2668495341875,15955085.4636181,39.22894,1,-0.5014
2971379,2971379,1328287617.44746,36.9939321310459,15.266849535436,15955085.4636181,39.209988,1,-0.5204
2971380,2971380,1328287617.44746,36.9939321367639,15.2668495223073,15955085.46323,39.409283,1,-0.3211
2971381,2971381,1328287617.44756,36.9939257580184,15.2668487822667,15955086.1741017,39.43259,1,-0.2978
2971382,2971382,1328287617.44756,36.9939257544693,15.2668487904157,15955086.1744889,39.308887,1,-0.4215
2971383,2971383,1328287617.44756,36.9939257521588,15.2668487957207,15955086.1748751,39.22836,1,-0.502
2971384,2971384,1328287617.44756,36.9939257584293,15.2668487813232,15955086.1741017,39.446915,1,-0.2834
2971385,2971385,1328287617.44766,36.9939192911639,15.2668482415936,15955086.8931206,36.424393,0,-3.306
2971386,2971386,1328287617.44766,36.9939193744957,15.2668480527271,15955086.8857477,39.2932,1,-0.4372
2971387,2971387,1328287617.44766,36.9939193799803,15.2668480401341,15955086.8849743,39.484367,1,-0.246
2971388,2971388,1328287617.44766,36.9939193795821,15.2668480410485,15955086.8849743,39.470486,1,-0.2599
2971389,2971389,1328287617.44766,36.9939193784012,15.2668480437599,15955086.8853596,39.429325,1,-0.301
2971390,2971390,1328287617.44766,36.9939193743578,15.2668480530437,15955086.8857477,39.288395,1,-0.442
2971391,2971391,1328287617.44766,36.9939193759809,15.2668480493169,15955086.8853615,39.34497,1,-0.3854
2971392,2971392,1328287617.44776,36.9939129969934,15.2668473088984,15955087.5966214,39.367397,1,-0.363
2971393,2971393,1328287617.44776,36.9939129961045,15.2668473109392,15955087.5966223,39.33642,1,-0.3939
2971394,2971394,1328287617.44776,36.9939129571573,15.2668473978966,15955087.6001166,38.014603,0,-1.7158
2971395,2971395,1328287617.44776,36.9939129918683,15.2668473206659,15955087.5970105,39.188766,1,-0.5416
2971396,2971396,1328287617.44776,36.9939129847765,15.2668473344813,15955087.5973995,38.97725,0,-0.7531
2971397,2971397,1328287617.44776,36.9939129961565,15.2668473108199,15955087.5966223,39.33823,1,-0.3921
2971398,2971398,1328287617.44786,36.993906618277,15.2668465673929,15955088.3074988,39.402973,1,-0.3274
2971399,2971399,1328287617.44786,36.9939066220283,15.2668465587798,15955088.3071116,39.533722,1,-0.1966
2971400,2971400,1328287617.44786,36.9939066196715,15.2668465641911,15955088.3071135,39.451576,1,-0.2788
2971401,2971401,1328287617.44796,36.9939002361181,15.2668458333295,15955089.0187662,39.322186,1,-0.4082
2971402,2971402,1328287617.44796,36.9939002357126,15.2668458342605,15955089.0187662,39.308056,1,-0.4223
2971403,2971403,1328287617.44796,36.9939002368004,15.266845831763,15955089.0187653,39.345966,1,-0.3844
2971404,2971404,1328287617.44796,36.9939002373016,15.266845830612,15955089.0187653,39.363438,1,-0.3669
2971405,2971405,1328287617.44796,36.9939001597628,15.266846006178,15955089.0257595,36.696537,0,-3.0338
2971406,2971406,1328287617.44796,36.9939002340629,15.2668458380484,15955089.0187672,39.250553,1,-0.4798
2971407,2971407,1328287617.44796,36.9939002386888,15.2668458274269,15955089.0183781,39.41179,1,-0.3186
2971408,2971408,1328287617.44796,36.9939002379479,15.2668458291281,15955089.018379,39.385963,1,-0.3444
2971409,2971409,1328287617.44796,36.9939002349556,15.2668458359985,15955089.0187672,39.28167,1,-0.4487
2971410,2971410,1328287617.44806,36.9938938561969,15.2668450936676,15955089.7296484,39.322968,1,-0.4074
2971411,2971411,1328287617.44806,36.9938937902344,15.2668452426537,15955089.7358664,37.05955,0,-2.6708
2971412,2971412,1328287617.44806,36.9938939473927,15.2668448842764,15955089.7214821,42.50154,0,2.7712
2971413,2971413,1328287617.44806,36.9938938534163,15.2668451000519,15955089.7300356,39.22605,1,-0.5043
2971414,2971414,1328287617.44806,36.9938938597075,15.2668450856068,15955089.7292603,39.44533,1,-0.285
2971415,2971415,1328287617.44806,36.9938937961531,15.2668452290641,15955089.735091,37.265842,0,-2.4645
2971416,2971416,1328287617.44806,36.993893860388,15.2668450840444,15955089.7292593,39.469048,1,-0.2613
2971417,2971417,1328287617.44806,36.9938938530639,15.266845100861,15955089.7300366,39.21377,1,-0.5166
2971418,2971418,1328287617.44806,36.9938938567254,15.2668450924541,15955089.7296484,39.34139,1,-0.389
2971419,2971419,1328287617.44806,36.9938938579623,15.2668450896139,15955089.7296465,39.384502,1,-0.3459
2971420,2971420,1328287617.44806,36.9938938559836,15.2668450941572,15955089.7296484,39.315533,1,-0.4148
2971421,2971421,1328287617.44816,36.9938875829196,15.2668441086857,15955090.4311922,43.04427,0,3.3139
2971422,2971422,1328287617.44816,36.993887559895,15.2668441615515,15955090.4331387,42.24176,0,2.5114
2971423,2971423,1328287617.44816,36.993887435346,15.2668444450562,15955090.4444207,37.936348,0,-1.794
2971424,2971424,1328287617.44816,36.9938874766298,15.2668443527338,15955090.4409178,39.339603,1,-0.3908
2971425,2971425,1328287617.44816,36.9938874786538,15.2668443480866,15955090.4405306,39.41015,1,-0.3202
2971426,2971426,1328287617.44816,36.9938874774655,15.266844350815,15955090.4409169,39.368732,1,-0.3616
2971427,2971427,1328287617.44826,36.9938810982925,15.2668436085197,15955091.1518019,39.402557,1,-0.3278
2971428,2971428,1328287617.44826,36.9938810971288,15.2668436111916,15955091.1518038,39.361996,1,-0.3684
2971429,2971429,1328287617.44826,36.9938810209842,15.2668437835568,15955091.1588076,36.74369,0,-2.9867
2971430,2971430,1328287617.44826,36.9938810986961,15.2668436075931,15955091.1518019,39.416622,1,-0.3137
2971431,2971431,1328287617.44826,36.9938810933489,15.2668436198706,15955091.1521929,39.23025,1,-0.5001
2971432,2971432,1328287617.44836,36.9938747190776,15.2668428658661,15955091.8626917,39.43831,1,-0.292
2971433,2971433,1328287617.44836,36.9938747196101,15.2668428646435,15955091.8626908,39.45687,1,-0.2735
2971434,2971434,1328287617.44836,36.9938747156877,15.2668428736496,15955091.8630808,39.320156,1,-0.4102
2971435,2971435,1328287617.44836,36.9938747179787,15.2668428683891,15955091.8626936,39.40001,1,-0.3303
2971436,2971436,1328287617.44846,36.9938684287268,15.2668419187215,15955092.5657862,42.5747,0,2.8443
2971437,2971437,1328287617.44846,36.9938683367818,15.2668421298335,15955092.5739706,39.370014,1,-0.3603
2971438,2971438,1328287617.44846,36.9938683384814,15.2668421259312,15955092.5739678,39.429253,1,-0.3011
2971439,2971439,1328287617.44856,36.9938620585233,15.2668411544734,15955093.275893,42.931145,0,3.2008
2971440,2971440,1328287617.44856,36.9938620573255,15.2668411572236,15955093.275894,42.889393,0,3.159
2971441,2971441,1328287617.44856,36.9938618775275,15.2668415675852,15955093.2922676,36.65831,0,-3.072
2971442,2971442,1328287617.44856,36.9938619568004,15.2668413880365,15955093.2852486,39.385654,1,-0.3447
2971443,2971443,1328287617.44856,36.9938619615414,15.2668413771509,15955093.2848585,39.550896,1,-0.1795
2971444,2971444,1328287617.44856,36.9938619533,15.2668413960737,15955093.2856377,39.26365,1,-0.4667
2971445,2971445,1328287617.44856,36.9938619616959,15.2668413767961,15955093.2848576,39.556282,1,-0.1741
2971446,2971446,1328287617.44866,36.9938556608004,15.2668404529634,15955093.9887303,42.331623,0,2.6013
2971447,2971447,1328287617.44866,36.9938555793706,15.2668406399322,15955093.9961422,39.49344,1,-0.2369
2971448,2971448,1328287617.44876,36.9938493004965,15.2668396650902,15955094.6980618,43.03947,0,3.3091
2971449,2971449,1328287617.44876,36.9938491966906,15.2668399034363,15955094.7074269,39.421383,1,-0.309
2971450,2971450,1328287617.44876,36.9938491931704,15.2668399115191,15955094.707816,39.298687,1,-0.4317
2971451,2971451,1328287617.44876,36.9938491943663,15.2668399087732,15955094.707816,39.340366,1,-0.39
2971452,2971452,1328287617.44886,36.99384280259,15.2668391925446,15955095.4198864,38.95688,0,-0.7735
2971453,2971453,1328287617.44886,36.9938428164198,15.2668391632582,15955095.4187153,39.40324,1,-0.3271
2971454,2971454,1328287617.44886,36.993842806591,15.2668391858259,15955095.4194973,39.060665,0,-0.6697
2971455,2971455,1328287617.44896,36.9938365326168,15.2668381988466,15955096.1210221,42.783592,0,3.0532
2971456,2971456,1328287617.44906,36.9938301521664,15.2668374559051,15955096.8319233,42.798325,0,3.068
2971457,2971457,1328287617.44906,36.9938301521687,15.2668374558998,15955096.8319233,42.798405,0,3.068
2971458,2971458,1328287617.44906,36.9938301605261,15.2668374367106,15955096.8311432,43.0897,0,3.3593
2971459,2971459,1328287617.44906,36.9938300514702,15.2668376871119,15955096.8413018,39.28862,1,-0.4417
2971460,2971460,1328287617.44906,36.9938299810528,15.2668378463281,15955096.847556,36.869934,0,-2.8604
2971461,2971461,1328287617.44906,36.9938300561818,15.2668376762936,15955096.8409088,39.452843,1,-0.2775
2971462,2971462,1328287617.44906,36.9938301389557,15.2668374862381,15955096.8334816,42.33787,0,2.6075
2971463,2971463,1328287617.44906,36.9938300529547,15.2668376837033,15955096.8409146,39.340363,1,-0.39
2971464,2971464,1328287617.44916,36.9938237785016,15.2668366967767,15955097.5417103,43.05486,0,3.3245
2971465,2971465,1328287617.44916,36.9938237736096,15.2668367080092,15955097.5424809,42.88435,0,3.154
2971466,2971466,1328287617.44916,36.9938237752785,15.2668367041773,15955097.5420956,42.942516,0,3.2122
2971467,2971467,1328287617.44916,36.9938236088986,15.2668370837315,15955097.5571241,37.179115,0,-2.5512
2971468,2971468,1328287617.44916,36.9938236704819,15.2668369447991,15955097.5517292,39.289894,1,-0.4405
2971469,2971469,1328287617.44916,36.9938237513881,15.2668367590315,15955097.5444076,42.109833,0,2.3795
2971470,2971470,1328287617.44926,36.9938173887105,15.2668359744094,15955098.2537312,42.74977,0,3.0194
2971471,2971471,1328287617.44926,36.9938173893198,15.2668359730106,15955098.2537312,42.771004,0,3.0406
2971472,2971472,1328287617.44926,36.9938172446143,15.2668363027988,15955098.2668397,37.76305,0,-1.9673
2971473,2971473,1328287617.44926,36.9938173724332,15.2668360117835,15955098.2552734,42.182434,0,2.4521
2971474,2971474,1328287617.44926,36.9938173866585,15.2668359791211,15955098.2541166,42.678246,0,2.9479
2971475,2971475,1328287617.44926,36.993817367203,15.2668360237926,15955098.2556589,42.000137,0,2.2698
2971476,2971476,1328287617.44936,36.9938110148003,15.2668352128514,15955098.9645965,43.034122,0,3.3038
2971477,2971477,1328287617.44936,36.9938110161748,15.2668352096955,15955098.9642111,43.08203,0,3.3517
2971478,2971478,1328287617.44936,36.9938109116996,15.2668354495795,15955098.9738545,39.440613,1,-0.2897
2971479,2971479,1328287617.44936,36.9938108497054,15.2668355894558,15955098.9796405,37.31551,0,-2.4148
2971480,2971480,1328287617.44946,36.9938046428468,15.2668344509579,15955099.6746915,43.323112,0,3.5928
2971481,2971481,1328287617.44946,36.9938046264485,15.2668344886097,15955099.6762351,42.75156,0,3.0212
2971482,2971482,1328287617.44946,36.9938045252314,15.2668347210131,15955099.6854979,39.2237,1,-0.5067
2971483,2971483,1328287617.44956,36.9937982872155,15.2668336513325,15955100.3836278,44.181137,0,4.4508
2971484,2971484,1328287617.44966,36.993794153434,15.2668277891943,15955100.8905402,121.91336,0,82.183
2971485,2971485,1328287617.44966,36.9937918714576,15.266832984402,15955101.0983566,43.017406,0,3.287
2971486,2971486,1328287617.44966,36.9937917643488,15.2668332303336,15955101.1080154,39.284195,1,-0.4462
2971487,2971487,1328287617.44976,36.9937854940633,15.2668322314295,15955101.8092264,43.157684,0,3.4273
2971488,2971488,1328287617.44976,36.9937854750618,15.2668322750587,15955101.8107728,42.4954,0,2.765
2971489,2971489,1328287617.44976,36.9937853858659,15.2668324798609,15955101.8188909,39.38653,1,-0.3438
2971490,2971490,1328287617.44976,36.9937853879959,15.2668324749701,15955101.81889,39.460773,1,-0.2696
2971491,2971491,1328287617.44976,36.9937853870358,15.2668324771747,15955101.8188904,39.427307,1,-0.3031
2971492,2971492,1328287617.44976,36.9937853831264,15.2668324861508,15955101.8192767,39.29105,1,-0.4393
2971493,2971493,1328287617.44976,36.993785462834,15.266832303135,15955101.8119324,42.069206,0,2.3388
2971494,2971494,1328287617.44986,36.9937791011229,15.2668315137314,15955102.5212582,42.758587,0,3.0282
2971495,2971495,1328287617.44986,36.99377900385,15.2668317370792,15955102.5301531,39.3682,1,-0.3622
2971496,2971496,1328287617.44996,36.9937727501317,15.2668307017633,15955103.2298087,43.788345,0,4.058
2971497,2971497,1328287617.44996,36.9937726159222,15.2668310074536,15955103.2421898,39.146217,1,-0.5841
2971498,2971498,1328287617.45006,36.9937663285259,15.2668300511705,15955103.944938,42.364258,2,2.6339
2971499,2971499,1328287617.45006,36.9937663459195,15.2668300112331,15955103.9433898,42.9705,2,3.2401
2971500,2971500,1328287617.45006,36.9937662406624,15.2668302529137,15955103.9526824,39.30183,1,-0.4285
2971501,2971501,1328287617.45016,36.9937598545971,15.2668295181824,15955104.6647223,39.149395,1,-0.581
2971502,2971502,1328287617.45016,36.9937599316016,15.2668293413725,15955104.6573642,41.833336,2,2.103
2971503,2971503,1328287617.45026,36.9937535870491,15.2668285109127,15955105.3655265,43.130024,2,3.3997
2971504,2971504,1328287617.45026,36.9937536037948,15.2668284749306,15955105.3639778,43.678024,2,3.9477
2971505,2971505,1328287617.45026,36.9937535788495,15.2668285297399,15955105.3663019,42.84423,2,3.1139
2971506,2971506,1328287617.45026,36.9937535807966,15.2668285252691,15955105.3659156,42.912098,2,3.1817
2971507,2971507,1328287617.45026,36.9937534677598,15.2668287823452,15955105.3763779,39.007935,1,-0.7224
2971508,2971508,1328287617.45026,36.9937535588833,15.2668285755844,15955105.3682393,42.14832,2,2.418
2971509,2971509,1328287617.45026,36.9937535527599,15.2668285896442,15955105.3686274,41.934895,2,2.2045
2971510,2971510,1328287617.45036,36.9937471634703,15.2668278637918,15955106.0806693,41.64131,2,1.911
2971511,2971511,1328287617.45036,36.9937470919639,15.2668280279778,15955106.0872611,39.149002,1,-0.5814
2971512,2971512,1328287617.45036,36.9937471588107,15.2668278744908,15955106.0810574,41.478905,2,1.7485
2971513,2971513,1328287617.45046,36.9937408224038,15.2668270245141,15955106.7880601,43.06376,2,3.3334
2971514,2971514,1328287617.45056,36.9937343319085,15.2668265279377,15955107.5094184,39.27999,1,-0.4504
2971515,2971515,1328287617.45056,36.9937344002558,15.2668263710051,15955107.503208,41.662193,2,1.9318
2971516,2971516,1328287617.45066,36.9937279285871,15.2668258260382,15955108.2226342,38.605396,0,-1.125
2971517,2971517,1328287617.45076,36.9937216848387,15.2668247645749,15955108.9214791,43.390053,2,3.6597
2971518,2971518,1328287617.45076,36.993721530816,15.2668251157597,15955108.9354657,38.057358,0,-1.673
2971519,2971519,1328287617.45086,36.9937152722239,15.2668240902792,15955109.6358594,42.293343,2,2.563
2971520,2971520,1328287617.45096,36.9937088394147,15.2668234596653,15955110.3518036,40.527702,2,0.7973
2971521,2971521,1328287617.45096,36.9937088622392,15.2668234072577,15955110.3494729,41.323235,2,1.5929
2971522,2971522,1328287617.45106,36.9937025438379,15.2668225160291,15955111.0553006,43.511265,2,3.7809
2971523,2971523,1328287617.45106,36.9937024602293,15.266822705536,15955111.0626973,40.632805,2,0.9024
2971524,2971524,1328287617.45116,36.9936961823578,15.26682172086,15955111.764634,44.235138,2,4.5048
2971525,2971525,1328287617.45136,36.9936833853957,15.2668202968226,15955113.1906985,43.143986,2,3.4136
2971526,2971526,1328287617.45156,36.9936706155019,15.2668188115892,15955114.6136654,42.96652,2,3.2362
2971527,2971527,1328287617.45166,36.9936642318156,15.2668180655185,15955115.325343,42.923775,2,3.1934
2971528,2971528,1328287617.45166,36.9936641703383,15.2668182066775,15955115.3308095,40.781025,2,1.0507
2971529,2971529,1328287617.45176,36.993657791231,15.2668174497237,15955116.0421017,40.89917,2,1.1688
2971530,2971530,1328287617.45186,36.9936515108728,15.2668164681314,15955116.7444085,44.424717,2,4.6944
2971531,2971531,1328287617.45186,36.9936514957484,15.2668165028589,15955116.7455834,43.897564,2,4.1672
2971532,2971532,1328287617.45186,36.99365149778,15.266816498194,15955116.7455815,43.968372,2,4.238
2971533,2971533,1328287617.45186,36.9936515178986,15.2668164519994,15955116.7436284,44.669594,2,4.9392
2971534,2971534,1328287617.45196,36.9936451241329,15.2668157278057,15955117.4554581,44.2816,2,4.5512
2971535,2971535,1328287617.45196,36.9936451039177,15.2668157742221,15955117.4569994,43.577015,2,3.8467
2971536,2971536,1328287617.45196,36.9936451160308,15.266815746409,15955117.4558434,43.999207,2,4.2688
2971537,2971537,1328287617.45206,36.993638706209,15.2668150564212,15955118.1698027,43.085983,2,3.3556
2971538,2971538,1328287617.45206,36.9936387326067,15.2668149982768,15955118.1674896,43.97039,2,4.24
2971539,2971539,1328287617.45216,36.9936323614794,15.2668142215522,15955118.8779795,44.371212,2,4.6409
2971540,2971540,1328287617.45216,36.9936323594922,15.266814226115,15955118.8779797,44.30195,2,4.5716
2971541,2971541,1328287617.45226,36.9936259828347,15.266813461734,15955119.5892408,44.511,2,4.7806
2971542,2971542,1328287617.45236,36.9936196045795,15.2668127029657,15955120.3001175,44.632137,2,4.9018
2971543,2971543,1328287617.45256,36.9936068450095,15.266811186821,15955121.7226439,44.836582,2,5.1062
2971544,2971544,1328287617.45256,36.9936068252219,15.2668112322557,15955121.7245756,44.1469,2,4.4165
2971545,2971545,1328287617.45266,36.9936004481159,15.2668104675171,15955122.4354549,44.34364,2,4.6133
2971546,2971546,1328287617.45266,36.9936004401156,15.2668104858867,15955122.4362283,44.064796,2,4.3344
2971547,2971547,1328287617.45266,36.9936004553075,15.2668104510043,15955122.4346815,44.594296,2,4.8639
2971548,2971548,1328287617.45266,36.9936004435136,15.2668104780845,15955122.4358416,44.18323,2,4.4529
2971549,2971549,1328287617.45266,36.9936004124287,15.2668105469917,15955122.4385486,43.13545,2,3.4051
2971550,2971550,1328287617.45266,36.9936003720552,15.2668106396943,15955122.4424153,41.72826,2,1.9979
2971551,2971551,1328287617.45306,36.9935749217425,15.2668074464153,15955125.2809129,44.51115,2,4.7808
2971552,2971552,1328287617.45306,36.993574915652,15.2668074603999,15955125.2816868,44.29887,2,4.5685
2971553,2971553,1328287617.45316,36.993568565601,15.2668066318742,15955125.990243,45.44138,2,5.711
2971554,2971554,1328287617.45316,36.9935685327863,15.2668067072211,15955125.9929591,44.297646,2,4.5673
2971555,2971555,1328287617.45326,36.9935621755266,15.2668058949239,15955126.7022896,45.18928,2,5.4589
2971556,2971556,1328287617.45326,36.9935621538014,15.2668059448076,15955126.7042294,44.432068,2,4.7017
2971557,2971557,1328287617.45326,36.9935621636576,15.2668059221766,15955126.7034531,44.775597,2,5.0452
2971558,2971558,1328287617.45326,36.9935621580121,15.2668059351394,15955126.7038422,44.578827,2,4.8485
2971559,2971559,1328287617.45336,36.9935557696209,15.2668051940035,15955127.4158907,44.38572,2,4.6554
2971560,2971560,1328287617.45336,36.9935557751323,15.2668051813486,15955127.4155017,44.577816,2,4.8475
2971561,2971561,1328287617.45336,36.9935557550581,15.2668052274417,15955127.4170552,43.878143,2,4.1478
2971562,2971562,1328287617.45336,36.9935557693941,15.2668051945243,15955127.4158907,44.37781,2,4.6475
2971563,2971563,1328287617.45366,36.993536641349,15.2668028885659,15955129.5485526,45.027603,2,5.2972
2971564,2971564,1328287617.45376,36.993530204665,15.2668022545983,15955130.2648879,43.187645,2,3.4573
2971565,2971565,1328287617.45396,36.9935174901197,15.2668006284779,15955131.6835557,44.936405,2,5.206
2971566,2971566,1328287617.45446,36.9934855988427,15.2667967950343,15955135.2392035,45.70513,2,5.9748
2971567,2971567,1328287617.45456,36.9934792023279,15.2667960689527,15955135.9516726,45.22821,2,5.4979
2971568,2971568,1328287617.45486,36.9934600479845,15.2667938080537,15955138.0862495,45.023956,2,5.2936
2971569,2971569,1328287617.45486,36.9934600489401,15.2667938058595,15955138.0862494,45.057262,2,5.3269
2971570,2971570,1328287617.45496,36.993453662013,15.2667930566663,15955138.7979029,44.912487,2,5.1821
2971571,2971571,1328287617.45496,36.9934536923825,15.2667929869339,15955138.795203,45.97099,2,6.2406
2971572,2971572,1328287617.45496,36.9934536669254,15.2667930453868,15955138.7975171,45.083706,2,5.3533
2971573,2971573,1328287617.45496,36.9934536989101,15.2667929719456,15955138.7948171,46.198505,2,6.4681
2971574,2971574,1328287617.45496,36.9934536914144,15.2667929891568,15955138.7955884,45.93725,2,6.2069
2971575,2971575,1328287617.45506,36.9934472855541,15.2667922831707,15955139.5091702,45.131927,2,5.4016
2971576,2971576,1328287617.45516,36.9934409227209,15.2667914781257,15955140.2188942,45.82559,2,6.0952
2971577,2971577,1328287617.45536,36.9934281779554,15.2667899111138,15955141.6398844,46.54492,2,6.8146
2971578,2971578,1328287617.45546,36.9934217719586,15.266789204409,15955142.3538584,45.731743,2,6.0014
2971579,2971579,1328287617.45546,36.9934217609029,15.2667892297942,15955142.3546323,45.34641,2,5.6161
2971580,2971580,1328287617.45556,36.9934153909958,15.2667884399726,15955143.0651283,45.790195,2,6.0598
2971581,2971581,1328287617.45556,36.9934153923012,15.2667884369753,15955143.0651278,45.835693,2,6.1053
2971582,2971582,1328287617.45556,36.99341541128,15.2667883933972,15955143.0631942,46.49719,2,6.7668
2971583,2971583,1328287617.45596,36.9933898766858,15.2667853578848,15955145.9098238,46.346455,2,6.6161
2971584,2971584,1328287617.45606,36.9933834967422,15.2667845899069,15955146.621097,46.435123,2,6.7048
2971585,2971585,1328287617.45616,36.993377073493,15.2667839211344,15955147.3366379,45.0132,2,5.2828
2971586,2971586,1328287617.45626,36.9933707086157,15.2667831181043,15955148.0463623,45.62452,2,5.8942
2971587,2971587,1328287617.45646,36.9933579720228,15.2667815293745,15955149.4669737,46.571686,2,6.8413
2971588,2971588,1328287617.45646,36.9933579232936,15.2667816412636,15955149.4712509,44.87327,2,5.1429
2971589,2971589,1328287617.45646,36.9933579714476,15.2667815306952,15955149.4669737,46.551636,2,6.8213
2971590,2971590,1328287617.45676,36.9933387875634,15.2667793285075,15955151.6050915,45.19184,2,5.4615
2971591,2971591,1328287617.45676,36.9933388287293,15.266779233985,15955151.6012005,46.62664,2,6.8963
2971592,2971592,1328287617.45686,36.9933324213896,15.266778527158,15955152.315206,45.749386,2,6.019
2971593,2971593,1328287617.45686,36.9933323977087,15.2667785815326,15955152.3171562,44.924007,2,5.1936
2971594,2971594,1328287617.45686,36.9933324326354,15.266778501336,15955152.3140387,46.14135,2,6.411
2971595,2971595,1328287617.45696,36.9933260209532,15.266777804275,15955153.028438,45.111145,2,5.3808
2971596,2971596,1328287617.45696,36.9933260722721,15.2667776864399,15955153.0237622,46.89982,2,7.1695
2971597,2971597,1328287617.45716,36.9933132486627,15.2667762922784,15955154.4521822,44.8259,2,5.0955
2971598,2971598,1328287617.45716,36.9933132922168,15.2667761922722,15955154.4482817,46.34394,2,6.6136
2971599,2971599,1328287617.45726,36.993306882243,15.2667754906926,15955155.1623015,45.36822,2,5.6379
2971600,2971600,1328287617.45726,36.9933068689406,15.2667755212366,15955155.1634726,44.904583,2,5.1742
2971601,2971601,1328287617.45736,36.9933004900297,15.2667747481402,15955155.8747629,45.009758,2,5.2794
2971602,2971602,1328287617.45746,36.9932941096042,15.2667739783323,15955156.5860571,45.060326,2,5.33
2971603,2971603,1328287617.45756,36.9932877250252,15.2667732178753,15955157.2977442,44.964264,2,5.2339
2971604,2971604,1328287617.45756,36.9932877244423,15.2667732192138,15955157.2977442,44.943947,2,5.2136
2971605,2971605,1328287617.45756,36.9932877661198,15.2667731235165,15955157.2942213,46.39658,2,6.6662
2971606,2971606,1328287617.45766,36.9932813735335,15.2667723810973,15955158.0057745,46.021904,2,6.2915
2971607,2971607,1328287617.45766,36.9932813693288,15.2667723907519,15955158.0061599,45.875355,2,6.145
2971608,2971608,1328287617.45766,36.9932813514129,15.2667724318892,15955158.0077018,45.25091,2,5.5206
2971609,2971609,1328287617.45776,36.993275006173,15.2667715807418,15955158.7158868,46.522125,2,6.7918
2971610,2971610,1328287617.45796,36.9932621977764,15.2667701509705,15955160.1430564,44.91552,2,5.1852
2971611,2971611,1328287617.45796,36.9932621992476,15.2667701475924,15955160.1430559,44.966797,2,5.2364
2971612,2971612,1328287617.45806,36.9932558343637,15.2667693410293,15955160.853168,45.54725,2,5.8169
2971613,2971613,1328287617.45806,36.9932558551975,15.2667692931923,15955160.8512366,46.273388,2,6.543
2971614,2971614,1328287617.45816,36.9932494548066,15.2667685656926,15955161.5644378,45.64731,2,5.917
2971615,2971615,1328287617.45816,36.9932494393973,15.2667686010745,15955161.565598,45.11023,2,5.3799
2971616,2971616,1328287617.45826,36.9932430706026,15.2667678031595,15955162.2760954,45.550106,2,5.8197
2971617,2971617,1328287617.45826,36.9932430975541,15.2667677412752,15955162.2737751,46.489475,2,6.7591
2971618,2971618,1328287617.45826,36.9932430688768,15.266767807122,15955162.2760958,45.489956,2,5.7596
2971619,2971619,1328287617.45846,36.9932303104136,15.2667662587397,15955163.6986379,45.635567,2,5.9052
2971620,2971620,1328287617.45846,36.9932303312591,15.2667662108758,15955163.6970882,46.362118,2,6.6318
2971621,2971621,1328287617.45856,36.9932239271889,15.2667654957809,15955164.4102969,45.532677,2,5.8023
2971622,2971622,1328287617.45856,36.9932239316448,15.2667654855494,15955164.4099092,45.687984,2,5.9576
2971623,2971623,1328287617.45856,36.9932239494038,15.2667654447726,15955164.4083604,46.306953,2,6.5766
2971624,2971624,1328287617.45866,36.9932175776419,15.2667646530433,15955165.1192422,46.634426,2,6.9041
2971625,2971625,1328287617.45876,36.993211148298,15.2667639933805,15955165.8347797,44.952587,2,5.2222
2971626,2971626,1328287617.45886,36.9932047904468,15.2667631694148,15955166.544115,45.760185,2,6.0298
2971627,2971627,1328287617.45886,36.9932047943582,15.2667631604336,15955166.5441131,45.89651,2,6.1662
2971628,2971628,1328287617.45896,36.9931984265544,15.2667623591769,15955167.2542228,46.35481,2,6.6245
2971629,2971629,1328287617.45896,36.9931959208708,15.2667680656633,15955167.4820404,-40.299732,0,-80.0301
2971630,2971630,1328287617.45906,36.9931920273359,15.2667616299121,15955167.9674368,45.715725,2,5.9854
2971631,2971631,1328287617.45936,36.9931729224013,15.2667592284049,15955170.0981559,47.015144,2,7.2848
2971632,2971632,1328287617.45946,36.9931665336666,15.2667584745352,15955170.8105955,46.731327,2,7.001
2971633,2971633,1328287617.45966,36.9931537671176,15.2667569413461,15955172.2339306,46.536446,2,6.8061
2971634,2971634,1328287617.45966,36.9931537500552,15.2667569805235,15955172.2354879,45.94175,2,6.2114
2971635,2971635,1328287617.45976,36.9931473524534,15.2667562466445,15955172.9483299,45.34094,2,5.6106
2971636,2971636,1328287617.45986,36.9931409920065,15.2667554273355,15955173.6580505,46.032425,2,6.3021
2971637,2971637,1328287617.45986,36.9931409760544,15.2667554639635,15955173.6592235,45.47643,2,5.7461
2971638,2971638,1328287617.45996,36.9931346132549,15.2667546499418,15955174.3693332,46.083176,2,6.3528
2971639,2971639,1328287617.46006,36.9931282162506,15.2667539212414,15955175.0821857,45.395576,2,5.6652
2971640,2971640,1328287617.46006,36.9931282137142,15.2667539270654,15955175.0821876,45.30717,2,5.5768
2971641,2971641,1328287617.46056,36.9930963145026,15.2667500503106,15955178.6384928,45.316933,2,5.5866
2971642,2971642,1328287617.46056,36.9930963320319,15.2667500100614,15955178.6369503,45.9279,2,6.1975
2971643,2971643,1328287617.46056,36.9930963339712,15.2667500056084,15955178.6365648,45.995495,2,6.2651
2971644,2971644,1328287617.46066,36.9930899384854,15.266749265912,15955179.3493754,45.443043,2,5.7127
2971645,2971645,1328287617.46076,36.9930835532694,15.2667485025418,15955180.0614149,45.245583,2,5.5152
2971646,2971646,1328287617.46086,36.9930771791499,15.2667477136021,15955180.7722964,45.431908,2,5.7015
2971647,2971647,1328287617.46086,36.9930771756059,15.2667477217395,15955180.7722973,45.308384,2,5.578
2971648,2971648,1328287617.46096,36.9930708014503,15.2667469327947,15955181.4831785,45.49045,2,5.7601
2971649,2971649,1328287617.46106,36.9930644123044,15.2667461781842,15955182.1956054,45.14702,2,5.4167
2971650,2971650,1328287617.46116,36.9930580418033,15.2667453806802,15955182.9061,45.450382,2,5.72
2971651,2971651,1328287617.46126,36.9930516628871,15.2667446024181,15955183.6173679,45.457382,2,5.727
2971652,2971652,1328287617.46126,36.9930516630373,15.2667446020731,15955183.6173679,45.46262,2,5.7323
2971653,2971653,1328287617.46136,36.9930452848874,15.2667438219736,15955184.3286354,45.49324,2,5.7629
2971654,2971654,1328287617.46156,36.9930325314262,15.2667422573317,15955185.7507855,45.610943,2,5.8806
2971655,2971655,1328287617.46166,36.9930261470914,15.2667414889164,15955186.4624421,45.449738,2,5.7194
2971656,2971656,1328287617.46176,36.993019783822,15.2667406743628,15955187.1725451,45.986458,2,6.2561
2971657,2971657,1328287617.46176,36.9930197828986,15.2667406764832,15955187.1725461,45.954273,2,6.2239
2971658,2971658,1328287617.46186,36.9930133860502,15.2667399389651,15955187.885369,45.317444,2,5.5871
2971659,2971659,1328287617.46186,36.9930133933736,15.2667399221497,15955187.8849789,45.572693,2,5.8423
2971660,2971660,1328287617.46196,36.9930070109657,15.2667391514115,15955188.5966374,45.435974,2,5.7056
2971661,2971661,1328287617.46206,36.9930006329513,15.2667383728227,15955189.3075234,45.416046,2,5.6857
2971662,2971662,1328287617.46216,36.9929942536162,15.2667375949094,15955190.0191809,45.379982,2,5.6496
2971663,2971663,1328287617.46226,36.9929878781318,15.2667368080979,15955190.730066,45.474884,2,5.7445
2971664,2971664,1328287617.46226,36.9929878804576,15.2667368027574,15955190.7296788,45.55595,2,5.8256
2971665,2971665,1328287617.46236,36.9929815004889,15.2667360261884,15955191.4413382,45.4913,2,5.7609
2971666,2971666,1328287617.46246,36.9929751240189,15.2667352415337,15955192.1522242,45.54532,2,5.815
2971667,2971667,1328287617.46256,36.9929687383183,15.2667344757254,15955192.8642756,45.30745,2,5.5771
2971668,2971668,1328287617.46256,36.9929687436199,15.2667344635523,15955192.8638856,45.492233,2,5.7619
2971669,2971669,1328287617.46256,36.9929687322014,15.2667344897704,15955192.8646676,45.09425,2,5.3639
2971670,2971670,1328287617.46266,36.992962370508,15.2667336733885,15955193.5743872,45.62359,2,5.8932
2971671,2971671,1328287617.46276,36.9929559888022,15.2667329006134,15955194.2860514,45.485226,2,5.7549
2971672,2971672,1328287617.46286,36.9929496065243,15.2667321291085,15955194.9977195,45.3236,2,5.5932
2971673,2971673,1328287617.46286,36.9929496127139,15.2667321148964,15955194.9969413,45.539337,2,5.809
2971674,2971674,1328287617.46286,36.99294960928,15.2667321227809,15955194.9973304,45.41965,2,5.6893
2971675,2971675,1328287617.46296,36.9929432257362,15.2667313541415,15955195.7090003,45.210575,2,5.4802
2971676,2971676,1328287617.46316,36.9929304814353,15.2667297644264,15955197.1303927,45.576622,2,5.8463
2971677,2971677,1328287617.46326,36.9929241193809,15.2667289461632,15955197.8394249,46.108997,2,6.3786
2971678,2971678,1328287617.46336,36.9929177504133,15.2667281439108,15955198.5499149,46.39456,2,6.6642
2971679,2971679,1328287617.46366,36.9928985978204,15.2667258487796,15955200.6852406,45.53918,2,5.8088
2971680,2971680,1328287617.46386,36.9928858441295,15.2667242779029,15955202.1073752,45.563885,2,5.8335
2971681,2971681,1328287617.46406,36.9928731002803,15.2667226866399,15955203.5287343,45.88494,2,6.1546
2971682,2971682,1328287617.46416,36.9928667308603,15.2667218875279,15955204.2392197,46.094563,2,6.3642
2971683,2971683,1328287617.46426,36.9928603382171,15.2667211394234,15955204.9516421,45.524475,2,5.7941
2971684,2971684,1328287617.46436,36.992853955193,15.2667203692177,15955205.6632906,45.28626,2,5.5559
2971685,2971685,1328287617.46466,36.9928348455093,15.2667179680877,15955207.794746,45.92413,2,6.1938
2971686,2971686,1328287617.46476,36.9928284688753,15.2667171831664,15955208.5060049,45.895077,2,6.1647
2971687,2971687,1328287617.46486,36.9928220810994,15.2667164238211,15955209.2180439,45.474297,2,5.7439
2971688,2971688,1328287617.46486,36.9928220844663,15.2667164160904,15955209.218041,45.59165,2,5.8613
2971689,2971689,1328287617.46486,36.9928221016069,15.2667163767341,15955209.2161022,46.189075,2,6.4587
2971690,2971690,1328287617.46496,36.9928157430231,15.2667155526543,15955209.9258066,46.749275,2,7.0189
2971691,2971691,1328287617.46496,36.9928157156708,15.2667156154577,15955209.9281412,45.79593,2,6.0656
2971692,2971692,1328287617.46506,36.9928093299589,15.2667148490652,15955210.6401802,45.473446,2,5.7431
2971693,2971693,1328287617.46506,36.992809343636,15.2667148176613,15955210.6390119,45.950153,2,6.2198
2971694,2971694,1328287617.46506,36.992809333546,15.2667148408289,15955210.639792,45.598473,2,5.8681
2971695,2971695,1328287617.46516,36.9928029676085,15.2667140313287,15955211.3498874,45.928738,2,6.1984
2971696,2971696,1328287617.46596,36.9927517863731,15.2667078406221,15955217.0566345,45.393238,2,5.6629
2971697,2971697,1328287617.46606,36.9927454279063,15.2667070358521,15955217.7651137,45.528084,2,5.7977
2971698,2971698,1328287617.46616,36.992739079618,15.2667062101846,15955218.4732839,45.978905,2,6.2485
2971699,2971699,1328287617.46616,36.992739064576,15.2667062447219,15955218.4748259,45.454628,2,5.7243
2971700,2971700,1328287617.46646,36.9927199828598,15.2667038454898,15955220.603185,45.60285,2,5.8725
2971701,2971701,1328287617.46646,36.9927199874952,15.2667038348465,15955220.6027986,45.76442,2,6.0341
2971702,2971702,1328287617.46646,36.9927199806454,15.2667038505742,15955220.6031855,45.525673,2,5.7953
2971703,2971703,1328287617.46656,36.9927136119956,15.2667030693797,15955221.3136655,45.287575,2,5.5572
2971704,2971704,1328287617.46666,36.9927072538729,15.2667022640094,15955222.0226017,45.41359,2,5.6832
2971705,2971705,1328287617.46686,36.9926945538721,15.2667006205317,15955223.4396945,46.157753,2,6.4274
2971706,2971706,1328287617.46686,36.9926945332507,15.2667006678798,15955223.4416286,45.439,2,5.7086
2971707,2971707,1328287617.46686,36.9926945564773,15.2667006145499,15955223.4393078,46.248554,2,6.5182
2971708,2971708,1328287617.46686,36.9926945421478,15.2667006474514,15955223.4408546,45.749107,2,6.0187
2971709,2971709,1328287617.46696,36.9926881714676,15.2666998708779,15955224.1513334,45.429657,2,5.6993
2971710,2971710,1328287617.46696,36.9926882034026,15.2666997975529,15955224.1482378,46.54274,2,6.8124
2971711,2971711,1328287617.46706,36.9926818114119,15.2666990721855,15955224.860653,45.445103,2,5.7147
2971712,2971712,1328287617.46716,36.9926754589893,15.2666982536484,15955225.5691968,45.75737,2,6.027
2971713,2971713,1328287617.46736,36.9926627356424,15.2666966566758,15955226.988217,45.763687,2,6.0333
2971714,2971714,1328287617.46746,36.9926563677015,15.2666958736782,15955227.6986938,45.528896,2,5.7985
2971715,2971715,1328287617.46766,36.9926436439795,15.2666942819403,15955229.1177145,45.444702,2,5.7143
2971716,2971716,1328287617.46766,36.9926436425026,15.2666942853313,15955229.1177155,45.393227,2,5.6629
2971717,2971717,1328287617.46766,36.9926436365816,15.2666942989265,15955229.1184908,45.186848,2,5.4565
2971718,2971718,1328287617.46776,36.99263729211,15.2666934619157,15955229.8262535,45.764896,2,6.0345
2971719,2971719,1328287617.46786,36.992630922245,15.2666926831611,15955230.5367323,45.456337,2,5.726
2971720,2971720,1328287617.46786,36.9926309449138,15.2666926311118,15955230.5344006,46.246464,2,6.5161
2971721,2971721,1328287617.46796,36.9926245666345,15.2666918716236,15955231.2456575,45.643223,2,5.9129
2971722,2971722,1328287617.46796,36.992624565417,15.2666918744191,15955231.2456585,45.60079,2,5.8704
2971723,2971723,1328287617.46796,36.9926245611951,15.2666918841129,15955231.2460485,45.453632,2,5.7233
2971724,2971724,1328287617.46806,36.9926182015156,15.2666910818613,15955231.9553638,45.4974,2,5.767
2971725,2971725,1328287617.46806,36.9926182148745,15.2666910511881,15955231.9541956,45.963028,2,6.2327
2971726,2971726,1328287617.46806,36.9926181917116,15.2666911043721,15955231.9565292,45.155678,2,5.4253
2971727,2971727,1328287617.46806,36.9926182018857,15.2666910810115,15955231.9553638,45.5103,2,5.7799
2971728,2971728,1328287617.46816,36.9926118617996,15.2666902314156,15955232.663117,46.268856,2,6.5385
2971729,2971729,1328287617.46826,36.9926054913865,15.266689455979,15955233.3735996,45.90321,2,6.1729
2971730,2971730,1328287617.46826,36.992605478463,15.2666894856525,15955233.3747679,45.452755,2,5.7224
2971731,2971731,1328287617.46826,36.992605476631,15.2666894898588,15955233.3747707,45.3889,2,5.6585
2971732,2971732,1328287617.46826,36.9926054754906,15.2666894924775,15955233.3747717,45.349148,2,5.6188
2971733,2971733,1328287617.46856,36.9925864079315,15.2666870585625,15955235.5019346,45.86847,2,6.1381
2971734,2971734,1328287617.46856,36.9925864095718,15.2666870547963,15955235.5019327,45.925644,2,6.1953
2971735,2971735,1328287617.46866,36.9925800368905,15.2666862819755,15955236.2124201,45.510784,2,5.7804
2971736,2971736,1328287617.46866,36.9925800288579,15.266686300419,15955236.2132002,45.230804,2,5.5004
2971737,2971737,1328287617.46876,36.9925736681687,15.2666854999799,15955236.9225164,45.23341,2,5.5031
2971738,2971738,1328287617.46886,36.992567314296,15.2666846838017,15955237.6314417,45.4732,2,5.7428
2971739,2971739,1328287617.46896,36.9925609452589,15.2666839021834,15955238.340781,45.186615,2,5.4563
2971740,2971740,1328287617.46896,36.9925609827425,15.2666838161178,15955238.3373119,46.493137,2,6.7628
2971741,2971741,1328287617.46906,36.9925545973625,15.2666830720964,15955239.049318,45.63423,2,5.9039
2971742,2971742,1328287617.46916,36.992548240094,15.2666822657247,15955239.7582389,45.72206,2,5.9917
2971743,2971743,1328287617.46936,36.9925355100385,15.266680681414,15955241.1780067,45.456123,2,5.7258
2971744,2971744,1328287617.46936,36.9925355080311,15.2666806860231,15955241.1783925,45.386154,2,5.6558
2971745,2971745,1328287617.46946,36.9925291521351,15.2666798738839,15955241.8873094,45.555294,2,5.8249
2971746,2971746,1328287617.46956,36.9925227949386,15.2666790646161,15955242.5966113,45.679466,2,5.9491
2971747,2971747,1328287617.46966,36.992516431431,15.2666782697207,15955243.306299,45.584137,2,5.8538
2971748,2971748,1328287617.46966,36.9925164279686,15.2666782776709,15955243.3066858,45.46345,2,5.7331
2971749,2971749,1328287617.46966,36.9925164202706,15.2666782953462,15955243.3070739,45.19513,2,5.4648
2971750,2971750,1328287617.46976,36.9925100933743,15.2666774185611,15955244.0136645,46.34348,2,6.6131
2971751,2971751,1328287617.46986,36.9925037061636,15.2666766778419,15955244.725673,45.423233,2,5.6929
2971752,2971752,1328287617.47006,36.9924909846596,15.2666750790978,15955246.1442726,45.363705,2,5.6333
2971753,2971753,1328287617.47006,36.9924909856836,15.2666750767466,15955246.1442717,45.3994,2,5.669
2971754,2971754,1328287617.47016,36.9924846233249,15.2666742785632,15955246.853957,45.348156,2,5.6178
2971755,2971755,1328287617.47016,36.9924846235603,15.2666742780228,15955246.853956,45.35636,2,5.626
2971756,2971756,1328287617.47026,36.9924782635716,15.2666734742561,15955247.5632542,45.38887,2,5.6585
2971757,2971757,1328287617.47036,36.9924718984135,15.2666726822134,15955248.2733248,45.242447,2,5.5121
2971758,2971758,1328287617.47036,36.9924719110745,15.2666726531425,15955248.2721604,45.683765,2,5.9534
2971759,2971759,1328287617.47046,36.9924655401108,15.2666718742809,15955248.982621,45.336338,2,5.606
2971760,2971760,1328287617.47056,36.9924591730367,15.2666710863355,15955249.6926935,45.125954,2,5.3956
2971761,2971761,1328287617.47056,36.9924591764831,15.2666710784224,15955249.6923054,45.246082,2,5.5157
2971762,2971762,1328287617.47056,36.9924592426904,15.2666709264034,15955249.6864737,47.553852,0,7.8235
2971763,2971763,1328287617.47066,36.9924528338985,15.2666702340895,15955250.4000443,45.890907,2,6.1605
2971764,2971764,1328287617.47076,36.992446448385,15.2666694881651,15955251.1120604,45.04106,2,5.3107
2971765,2971765,1328287617.47076,36.9924464590567,15.2666694636619,15955251.110895,45.41304,2,5.6827
2971766,2971766,1328287617.47086,36.9924400969062,15.2666686639293,15955251.8205765,45.379353,2,5.649
2971767,2971767,1328287617.47096,36.9924337356715,15.2666678619256,15955252.5302571,45.379494,2,5.6491
2971768,2971768,1328287617.47116,36.9924210136852,15.2666662585851,15955253.9492377,45.36974,2,5.6394
2971769,2971769,1328287617.47136,36.9924082903216,15.2666646553928,15955255.3682154,45.353954,2,5.6236
2971770,2971770,1328287617.47136,36.992408250063,15.2666647478308,15955255.3721178,43.95066,0,4.2203
2971771,2971771,1328287617.47136,36.9924083006231,15.2666646317392,15955255.3674334,45.71304,2,5.9827
2971772,2971772,1328287617.47146,36.9924019387133,15.2666638303877,15955256.0771158,45.700825,2,5.9705
2971773,2971773,1328287617.47146,36.992401931565,15.2666638468009,15955256.077894,45.451656,2,5.7213
2971774,2971774,1328287617.47156,36.9923955622324,15.2666630623022,15955256.7879713,45.183266,2,5.4529
2971775,2971775,1328287617.47156,36.9923955657852,15.2666630541445,15955256.7875822,45.307106,2,5.5767
2971776,2971776,1328287617.47166,36.9923892158067,15.2666622227157,15955257.4960936,45.749058,2,6.0187
2971777,2971777,1328287617.47166,36.9923892150568,15.2666622244376,15955257.4964789,45.72292,2,5.9926
2971778,2971778,1328287617.47186,36.9923764831225,15.2666606411265,15955258.9156476,45.40396,2,5.6736
2971779,2971779,1328287617.47196,36.9923701351942,15.2666598066804,15955259.6237777,45.89298,2,6.1626
2971780,2971780,1328287617.47196,36.9923701198754,15.2666598418539,15955259.6253207,45.35901,2,5.6287
2971781,2971781,1328287617.47196,36.9923701561716,15.2666597585139,15955259.6218487,46.6242,2,6.8938
2971782,2971782,1328287617.47206,36.9923638078174,15.2666589248363,15955260.3303611,47.10147,2,7.3711
2971783,2971783,1328287617.47216,36.992357408541,15.2666582078686,15955261.0435051,45.806923,2,6.0766
2971784,2971784,1328287617.47216,36.9923574083885,15.2666582082187,15955261.0435051,45.80161,2,6.0713
2971785,2971785,1328287617.47226,36.9923510523015,15.2666573918667,15955261.7524025,46.015842,2,6.2855
2971786,2971786,1328287617.47226,36.9923510283734,15.2666574468083,15955261.7547204,45.181767,2,5.4514
2971787,2971787,1328287617.47246,36.9923383285184,15.2666557851539,15955263.1717369,46.049984,2,6.3196
2971788,2971788,1328287617.47256,36.992331939794,15.2666550430692,15955263.8837254,45.137104,2,5.4067
2971789,2971789,1328287617.47256,36.9923319718996,15.2666549693511,15955263.881015,46.256233,2,6.5259
2971790,2971790,1328287617.47256,36.9923319365633,15.2666550504873,15955263.8841116,45.02449,2,5.2941
2971791,2971791,1328287617.47266,36.9923256050051,15.2666541769114,15955264.591067,46.108017,2,6.3777
2971792,2971792,1328287617.47266,36.9923255960758,15.2666541974139,15955264.5918419,45.796764,2,6.0664
2971793,2971793,1328287617.47286,36.9923128500898,15.2666526398326,15955266.0131084,45.08676,2,5.3564
2971794,2971794,1328287617.47296,36.9923065087434,15.2666517880167,15955266.720834,45.840893,2,6.1105
2971795,2971795,1328287617.47306,36.9923001225713,15.2666510388805,15955267.4328234,45.036633,2,5.3063
2971796,2971796,1328287617.47316,36.9922937532086,15.2666502508992,15955268.1428759,44.82255,2,5.0922
2971797,2971797,1328287617.47316,36.992293764074,15.2666502259509,15955268.1420986,45.201298,2,5.4709
2971798,2971798,1328287617.47316,36.9922937556961,15.2666502451877,15955268.1428749,44.90926,2,5.1789
2971799,2971799,1328287617.47326,36.9922873987611,15.2666494307154,15955268.8521492,45.09967,2,5.3693
2971800,2971800,1328287617.47326,36.9922873964981,15.2666494359114,15955268.8521502,45.020786,2,5.2904
2971801,2971801,1328287617.47326,36.9922873967665,15.2666494352951,15955268.8521502,45.030144,2,5.2998
2971802,2971802,1328287617.47336,36.9922810261562,15.2666486542641,15955269.5625908,44.715244,2,4.9849
2971803,2971803,1328287617.47336,36.9922810407934,15.2666486206552,15955269.5614244,45.22547,2,5.4951
2971804,2971804,1328287617.47336,36.9922810352456,15.2666486333938,15955269.5618135,45.032085,2,5.3017
2971805,2971805,1328287617.47336,36.9922810545527,15.2666485890624,15955269.5598728,45.705093,2,5.9747
2971806,2971806,1328287617.47336,36.9922810383177,15.2666486263399,15955269.5614264,45.13917,2,5.4088
2971807,2971807,1328287617.47336,36.9922810349515,15.266648634069,15955269.5618145,45.02183,2,5.2915
2971808,2971808,1328287617.47346,36.9922746777232,15.2666478174585,15955270.2710869,45.244057,2,5.5137
2971809,2971809,1328287617.47346,36.9922746706827,15.2666478336244,15955270.2714779,44.99864,2,5.2683
2971810,2971810,1328287617.47356,36.9922683149549,15.2666470133062,15955270.9807484,45.277805,2,5.5474
2971811,2971811,1328287617.47366,36.992261968684,15.2666461710078,15955271.6888525,45.891365,2,6.161
2971812,2971812,1328287617.47376,36.9922555846391,15.2666454151736,15955272.4004604,45.19303,2,5.4627
2971813,2971813,1328287617.47376,36.9922556023513,15.2666453745043,15955272.3989021,45.810444,2,6.0801
2971814,2971814,1328287617.47386,36.9922492063506,15.2666446458495,15955273.1116793,44.700287,2,4.9699
2971815,2971815,1328287617.47396,36.9922428564653,15.266643811032,15955273.8205559,45.20267,2,5.4723
2971816,2971816,1328287617.47406,36.9922364901765,15.2666430135998,15955274.5306065,45.138386,2,5.408
2971817,2971817,1328287617.47406,36.9922364991597,15.2666429929734,15955274.5294411,45.451527,2,5.7212
2971818,2971818,1328287617.47416,36.9922301313885,15.2666421986622,15955275.2398769,45.340797,2,5.6104
2971819,2971819,1328287617.47416,36.9922301243951,15.2666422147199,15955275.2406551,45.09702,2,5.3667
2971820,2971820,1328287617.47416,36.9922301200729,15.2666422246441,15955275.2410461,44.946358,2,5.216
2971821,2971821,1328287617.47436,36.9922173901434,15.2666406222732,15955276.6607601,44.936626,2,5.2063
2971822,2971822,1328287617.47446,36.9922110327944,15.2666398031643,15955277.3700306,45.205463,2,5.4751
2971823,2971823,1328287617.47446,36.9922110249016,15.266639821287,15955277.3708107,44.930332,2,5.2
2971824,2971824,1328287617.47446,36.9922110284678,15.2666398130987,15955277.3704216,45.05464,2,5.3243
2971825,2971825,1328287617.47476,36.9921919244506,15.2666374295194,15955279.5005038,44.750233,2,5.0199
2971826,2971826,1328287617.47486,36.9921855945848,15.2666365461051,15955280.2070696,46.000095,2,6.2697
2971827,2971827,1328287617.47486,36.9921855774781,15.2666365853841,15955280.2086134,45.403778,2,5.6734
2971828,2971828,1328287617.47496,36.9921792017583,15.2666358046508,15955280.9194229,45.094273,2,5.3639
2971829,2971829,1328287617.47496,36.9921792134686,15.2666357777626,15955280.9186499,45.502476,2,5.7721
2971830,2971830,1328287617.47516,36.9921664656095,15.2666342117332,15955282.340267,44.960453,2,5.2301
2971831,2971831,1328287617.47516,36.992166467304,15.2666342078426,15955282.3398812,45.01952,2,5.2892
2971832,2971832,1328287617.47526,36.9921617357726,15.2666296875913,15955282.9014256,101.5138,0,61.7834
2971833,2971833,1328287617.47526,36.9921601103338,15.2666333877109,15955283.0491421,45.315952,2,5.5856
2971834,2971834,1328287617.47536,36.9921537386036,15.2666325988525,15955283.7599485,45.13727,2,5.4069
2971835,2971835,1328287617.47536,36.9921537334628,15.2666326106562,15955283.7603357,44.958073,2,5.2277
2971836,2971836,1328287617.47536,36.9921537359914,15.2666326048505,15955283.7599495,45.046215,2,5.3159
2971837,2971837,1328287617.47536,36.9921537384087,15.2666325993,15955283.7599485,45.13048,2,5.4001
2971838,2971838,1328287617.47546,36.9921473680806,15.2666318068993,15955284.4703686,45.007103,2,5.2767
2971839,2971839,1328287617.47546,36.992147379325,15.2666317810807,15955284.4692075,45.399075,2,5.6687
2971840,2971840,1328287617.47546,36.9921473667207,15.2666318100218,15955284.4703696,44.959698,2,5.2293
2971841,2971841,1328287617.47566,36.9921355733466,15.2666280664432,15955285.8051803,77.50443,0,37.7741
2971842,2971842,1328287617.47566,36.9921346385134,15.2666301956559,15955285.8900459,45.16654,2,5.4362
2971843,2971843,1328287617.47576,36.9921282676821,15.2666294034248,15955286.6008499,45.04542,2,5.3151
2971844,2971844,1328287617.47586,36.9921219075801,15.2666285862236,15955287.3104913,45.305096,2,5.5747
2971845,2971845,1328287617.47586,36.9921218933816,15.2666286188251,15955287.3116558,44.810146,2,5.0798
2971846,2971846,1328287617.47586,36.9921219030322,15.2666285966661,15955287.3108795,45.14656,2,5.4162
2971847,2971847,1328287617.47596,36.9921155310583,15.2666278063871,15955288.0212982,44.999245,2,5.2689
2971848,2971848,1328287617.47596,36.9921155328866,15.2666278021891,15955288.0212972,45.062977,2,5.3326
2971849,2971849,1328287617.47596,36.9921155337094,15.2666278003,15955288.0212963,45.091656,2,5.3613
2971850,2971850,1328287617.47626,36.9920964245579,15.2666254118679,15955290.1525467,44.92769,2,5.1973
2971851,2971851,1328287617.47626,36.9920964279201,15.2666254041478,15955290.1521585,45.044895,2,5.3145
2971852,2971852,1328287617.47646,36.992083686216,15.2666238153367,15955291.5733793,44.892254,2,5.1619
2971853,2971853,1328287617.47666,36.9920709514439,15.2666222137932,15955292.9938257,44.944473,2,5.2141
2971854,2971854,1328287617.47666,36.992070948028,15.2666222216364,15955292.9938295,44.825397,2,5.095
2971855,2971855,1328287617.47666,36.9920709548808,15.2666222059016,15955292.9934366,45.06428,2,5.3339
2971856,2971856,1328287617.47666,36.9920709503458,15.2666222163144,15955292.9938266,44.906197,2,5.1758
2971857,2971857,1328287617.47666,36.9920709459034,15.2666222265147,15955292.9942167,44.751335,2,5.021
2971858,2971858,1328287617.47676,36.9920645839359,15.2666214127655,15955293.7038553,44.977547,2,5.2472
2971859,2971859,1328287617.47676,36.9920645804942,15.2666214206681,15955293.7042444,44.85757,2,5.1272
2971860,2971860,1328287617.47686,36.9920582134474,15.2666206159227,15955294.414273,44.947384,2,5.217
2971861,2971861,1328287617.47686,36.9920582183298,15.2666206047122,15955294.413882,45.11758,2,5.3872
2971862,2971862,1328287617.47696,36.9920518388129,15.2666198282364,15955295.125468,44.78035,2,5.05
2971863,2971863,1328287617.47726,36.9920327366063,15.2666174131569,15955297.2559421,45.082287,2,5.3519
2971864,2971864,1328287617.47736,36.992026356841,15.266616635611,15955297.9668229,44.770206,2,5.0398
2971865,2971865,1328287617.47736,36.9920263591992,15.2666166301965,15955297.9664377,44.85241,2,5.1221
2971866,2971866,1328287617.47756,36.9920136168935,15.2666150347571,15955299.3876399,44.847973,2,5.1176
2971867,2971867,1328287617.47766,36.9920072429846,15.2666142427978,15955300.0984323,44.761894,2,5.0315
2971868,2971868,1328287617.47766,36.9920072457062,15.2666142365488,15955300.098432,44.856766,2,5.1264
2971869,2971869,1328287617.47766,36.992007265698,15.2666141906453,15955300.0965028,45.553677,2,5.8233
2971870,2971870,1328287617.47776,36.9920008852924,15.2666134132222,15955300.8080652,45.249355,2,5.519
2971871,2971871,1328287617.47786,36.9919944996533,15.266612647432,15955301.520014,44.770905,2,5.0405
2971872,2971872,1328287617.47786,36.9919944881304,15.2666126738899,15955301.5207875,44.369217,2,4.6389
2971873,2971873,1328287617.47796,36.9919881312618,15.266611841654,15955302.2300324,44.90207,2,5.1717
2971874,2971874,1328287617.47806,36.9919817585909,15.2666110453145,15955302.9408212,44.892494,2,5.1621
2971875,2971875,1328287617.47806,36.9919817541373,15.2666110555404,15955302.9412079,44.73724,2,5.0069
2971876,2971876,1328287617.47816,36.9919753845792,15.2666102516639,15955303.6519952,44.84468,2,5.1143
2971877,2971877,1328287617.47826,36.9919690165669,15.2666094438469,15955304.3623953,45.01457,2,5.2842
2971878,2971878,1328287617.47826,36.9919690224683,15.2666094302967,15955304.3616223,45.22029,2,5.4899
2971879,2971879,1328287617.47836,36.9919626410688,15.2666086528244,15955305.0731835,44.932137,2,5.2018
2971880,2971880,1328287617.47836,36.9919626481028,15.2666086366736,15955305.0724096,45.17734,2,5.447
2971881,2971881,1328287617.47846,36.9919562923238,15.2666077999788,15955305.7820315,45.791008,2,6.0606
2971882,2971882,1328287617.47846,36.9919562585382,15.266607877554,15955305.7847462,44.613247,2,4.8829
2971883,2971883,1328287617.47866,36.9919435187562,15.2666062677763,15955307.2059293,44.88302,2,5.1527
2971884,2971884,1328287617.47876,36.9919371403347,15.2666054818744,15955307.9171042,44.73381,2,5.0035
2971885,2971885,1328287617.47876,36.9919371512628,15.2666054567824,15955307.916326,45.114765,2,5.3844
2971886,2971886,1328287617.47876,36.9919371463921,15.266605467966,15955307.9167142,44.944973,2,5.2146
2971887,2971887,1328287617.47886,36.9919307779013,15.266604661159,15955308.6271119,45.117775,2,5.3874
2971888,2971888,1328287617.47896,36.9919243822509,15.2666039140098,15955309.3398404,44.38589,2,4.6555
2971889,2971889,1328287617.47896,36.9919244264142,15.2666038126066,15955309.3359542,45.925423,2,6.1951
2971890,2971890,1328287617.47906,36.991918022107,15.2666030849283,15955310.0498452,44.900814,2,5.1705
2971891,2971891,1328287617.47916,36.9919116579504,15.2666022646534,15955310.75985,45.284954,2,5.5546
2971892,2971892,1328287617.47916,36.9919116512534,15.2666022800303,15955310.760241,45.0515,2,5.3211
2971893,2971893,1328287617.47926,36.9919052629783,15.2666015124248,15955311.4725804,44.637146,2,4.9068
2971894,2971894,1328287617.47936,36.9918989136621,15.2666006572555,15955312.1810317,45.557,2,5.8266
2971895,2971895,1328287617.47936,36.9918988786453,15.2666007376574,15955312.1845326,44.336308,2,4.6059
2971896,2971896,1328287617.47946,36.9918925118259,15.2665999245649,15955312.8945422,44.622143,2,4.8918
2971897,2971897,1328287617.47956,36.9918861203836,15.266599165296,15955313.6072717,44.092052,2,4.3617
2971898,2971898,1328287617.47956,36.9918861562986,15.2665990828321,15955313.6037679,45.344048,2,5.6137
2971899,2971899,1328287617.47966,36.9918797561334,15.2665983431769,15955314.3172784,44.51924,2,4.7889
2971900,2971900,1328287617.47976,36.9918733779566,15.2665975526185,15955315.0284543,44.470367,2,4.74
2971901,2971901,1328287617.47976,36.9918734265885,15.2665974409556,15955315.0241628,46.16568,2,6.4353
2971902,2971902,1328287617.47976,36.9918733989294,15.2665975044634,15955315.026505,45.20148,2,5.4711
2971903,2971903,1328287617.47976,36.9918733786743,15.2665975509706,15955315.0284543,44.495388,2,4.765
2971904,2971904,1328287617.47976,36.9918733657188,15.2665975807175,15955315.0296235,44.04376,2,4.3134
2971905,2971905,1328287617.47986,36.9918670448509,15.2665966581561,15955315.7357259,46.002136,2,6.2718
2971906,2971906,1328287617.47996,36.9918606409218,15.2665959258913,15955316.4496312,45.07451,2,5.3442
2971907,2971907,1328287617.47996,36.9918606227674,15.2665959675753,15955316.4511952,44.441647,2,4.7113
2971908,2971908,1328287617.47996,36.9918606453024,15.266595915833,15955316.4492402,45.22722,2,5.4969
2971909,2971909,1328287617.47996,36.9918606539555,15.2665958959649,15955316.4484601,45.528866,2,5.7985
2971910,2971910,1328287617.47996,36.9918606229486,15.2665959671593,15955316.4511952,44.44796,2,4.7176
2971911,2971911,1328287617.48016,36.9918478665773,15.2665943877519,15955317.8735547,44.34999,2,4.6196
2971912,2971912,1328287617.48016,36.9918478588802,15.2665944054251,15955317.8743367,44.08167,2,4.3513
2971913,2971913,1328287617.48026,36.9918414834023,15.2665936087091,15955318.5848157,44.14392,2,4.4136
2971914,2971914,1328287617.48026,36.9918414840108,15.2665936073119,15955318.5848157,44.165134,2,4.4348
2971915,2971915,1328287617.48036,36.9918351134956,15.2665927966407,15955319.2952092,44.440804,2,4.7104
2971916,2971916,1328287617.48046,36.991828582567,15.2665923490982,15955320.0206481,39.202976,0,-0.5274
2971917,2971917,1328287617.48056,36.9918223521336,15.2665912184077,15955320.7183064,44.345737,2,4.6154
2971918,2971918,1328287617.48066,36.991815995873,15.2665903737318,15955321.4279224,45.147636,2,5.4173
2971919,2971919,1328287617.48066,36.9918159660957,15.2665904421026,15955321.4306263,44.109592,2,4.3792
2971920,2971920,1328287617.48076,36.9918095923189,15.2665896372182,15955322.1414012,44.310722,2,4.5804
2971921,2971921,1328287617.48076,36.9918095794097,15.2665896668586,15955322.1425608,43.860706,2,4.1303
2971922,2971922,1328287617.48086,36.9918032295255,15.2665888089884,15955322.8514017,44.871475,2,5.1411
2971923,2971923,1328287617.48096,36.9917968325245,15.2665880565722,15955323.564495,44.28281,2,4.5525
2971924,2971924,1328287617.48106,36.9917904423045,15.2665872881572,15955324.2768158,43.940487,2,4.2101
2971925,2971925,1328287617.48106,36.9917904472602,15.2665872767786,15955324.2764281,44.113243,2,4.3829
2971926,2971926,1328287617.48106,36.9917904702331,15.2665872240314,15955324.2744921,44.914078,2,5.1837
2971927,2971927,1328287617.48106,36.9917903100514,15.2665875893508,15955324.288814,39.365795,0,-0.3646
2971928,2971928,1328287617.48116,36.9917840667675,15.2665864855992,15955324.987974,44.120003,2,4.3896
2971929,2971929,1328287617.48116,36.991784063741,15.2665864925481,15955324.9883608,44.0145,2,4.2841
2971930,2971930,1328287617.48116,36.9917840624178,15.2665864955862,15955324.9883612,43.968372,2,4.238
2971931,2971931,1328287617.48126,36.9917776804999,15.2665857072485,15955325.7002929,43.935474,2,4.2051
2971932,2971932,1328287617.48126,36.9917776875486,15.2665856910641,15955325.6995186,44.181194,2,4.4508
2971933,2971933,1328287617.48126,36.991777685345,15.2665856961238,15955325.6999048,44.104378,2,4.374
2971934,2971934,1328287617.48126,36.9917776785226,15.2665857117885,15955325.7002939,43.866547,2,4.1362
2971935,2971935,1328287617.48126,36.9917775101969,15.2665860933386,15955325.7157902,38.07003,3,-1.6603
2971936,2971936,1328287617.48136,36.9917713075837,15.2665848978111,15955326.4110636,44.226433,2,4.4961
2971937,2971937,1328287617.48136,36.9917713043037,15.2665849053419,15955326.4114507,44.112095,2,4.3817
2971938,2971938,1328287617.48136,36.9917712935742,15.2665849299777,15955326.412227,43.73806,2,4.0077
2971939,2971939,1328287617.48146,36.9917647806174,15.2665844391813,15955327.1361812,39.192944,0,-0.5374
2971940,2971940,1328287617.48156,36.991758531426,15.2665833472687,15955327.8357042,43.781494,2,4.0511
2971941,2971941,1328287617.48166,36.9917521552813,15.2665825439472,15955328.546862,43.99025,2,4.2599
2971942,2971942,1328287617.48166,36.9917521476383,15.2665825614959,15955328.5476383,43.723812,2,3.9935
2971943,2971943,1328287617.48176,36.9917457810774,15.2665817357365,15955329.2580179,44.27683,2,4.5465
2971944,2971944,1328287617.48176,36.9917456382773,15.2665820611445,15955329.2708381,39.334473,1,-0.3959
2971945,2971945,1328287617.48176,36.991745637573,15.2665820627615,15955329.2708381,39.309925,1,-0.4204
2971946,2971946,1328287617.48186,36.9917392562644,15.2665812704296,15955329.982776,39.35903,1,-0.3713
2971947,2971947,1328287617.48186,36.9917391937005,15.2665814116115,15955329.9882187,37.21372,3,-2.5166
2971948,2971948,1328287617.48186,36.9917392570299,15.2665812686719,15955329.9823908,39.385715,1,-0.3446
2971949,2971949,1328287617.48186,36.9917392569536,15.2665812688472,15955329.982776,39.383057,1,-0.3473
2971950,2971950,1328287617.48186,36.9917392469129,15.2665812919011,15955329.9835552,39.033035,1,-0.6973
2971951,2971951,1328287617.48196,36.9917329956919,15.2665802029162,15955330.6834406,43.59156,2,3.8612
2971952,2971952,1328287617.48196,36.9917328701854,15.2665804886169,15955330.6947178,39.252064,1,-0.4783
2971953,2971953,1328287617.48206,36.9917266230687,15.2665793897741,15955331.3942083,43.963913,2,4.2336
2971954,2971954,1328287617.48206,36.9917264906135,15.266579691429,15955331.4062704,39.382183,1,-0.3482
2971955,2971955,1328287617.48206,36.9917264901558,15.26657969248,15955331.4062704,39.366226,1,-0.3641
2971956,2971956,1328287617.48216,36.9917201038257,15.2665789103751,15955332.1185974,39.271015,1,-0.4593
2971957,2971957,1328287617.48216,36.9917201061447,15.2665789050506,15955332.1182102,39.351856,1,-0.3785
2971958,2971958,1328287617.48216,36.9917201010769,15.2665789166864,15955332.1185993,39.175194,1,-0.5552
2971959,2971959,1328287617.48226,36.9917138530661,15.2665778190283,15955332.8184656,43.876423,2,4.1461
2971960,2971960,1328287617.48226,36.9917137228308,15.2665781155857,15955332.8301519,39.37208,1,-0.3583
2971961,2971961,1328287617.48236,36.9917072946374,15.2665774285649,15955333.5459903,37.84062,0,-1.8897
2971962,2971962,1328287617.48246,36.9917009571724,15.2665765331259,15955334.2540344,39.477264,1,-0.2531
2971963,2971963,1328287617.48246,36.9917009549747,15.2665765381719,15955334.2540363,39.400654,1,-0.3297
2971964,2971964,1328287617.48256,36.991694570188,15.2665757507843,15955334.965979,39.400513,1,-0.3298
2971965,2971965,1328287617.48256,36.9916945692432,15.2665757529536,15955334.965979,39.367577,1,-0.3628
2971966,2971966,1328287617.48256,36.9916945144631,15.2665758762626,15955334.9710487,37.493614,3,-2.2367
2971967,2971967,1328287617.48266,36.9916881290048,15.2665750899819,15955335.6833824,37.480427,3,-2.2499
2971968,2971968,1328287617.48266,36.9916881839901,15.2665749662018,15955335.6783088,39.361546,1,-0.3688
2971969,2971969,1328287617.48276,36.9916817099992,15.2665743802919,15955336.398455,36.308155,3,-3.4222
2971970,2971970,1328287617.48276,36.991681798579,15.266574179378,15955336.3902572,39.36038,1,-0.37
2971971,2971971,1328287617.48286,36.9916754115505,15.2665733958334,15955337.1025909,39.313217,1,-0.4171
2971972,2971972,1328287617.48286,36.9916753286093,15.2665735838005,15955337.1100162,36.45756,3,-3.2728
2971973,2971973,1328287617.48296,36.9916690293137,15.2665726031541,15955337.8145355,39.41033,1,-0.32
2971974,2971974,1328287617.48296,36.99166902762,15.2665726070429,15955337.8145393,39.351288,1,-0.3791
2971975,2971975,1328287617.48296,36.9916689025943,15.2665728916368,15955337.8258747,35.02857,3,-4.7018
2971976,2971976,1328287617.48306,36.9916626446004,15.2665718132635,15955338.5255434,39.46706,1,-0.207
2971977,2971977,1328287617.48306,36.9916626455731,15.2665718110302,15955338.5255434,39.50097,1,-0.1731
2971978,2971978,1328287617.48316,36.9916562556926,15.2665710327308,15955339.2378596,39.38563,1,-0.2884
2971979,2971979,1328287617.48316,36.9916562557916,15.2665710325034,15955339.2378596,39.389084,1,-0.285
2971980,2971980,1328287617.48316,36.9916561822111,15.2665711989776,15955339.2448003,36.85974,3,-2.8143
2971981,2971981,1328287617.48326,36.9916497374107,15.2665705463411,15955339.962135,34.84034,3,-4.8337
2971982,2971982,1328287617.48326,36.9916498674503,15.2665702502363,15955339.9501752,39.337837,1,-0.3362
2971983,2971983,1328287617.48336,36.991643780874,15.2665687842203,15955340.6350846,49.678856,0,10.0048
2971984,2971984,1328287617.48336,36.9916434776354,15.2665694755235,15955340.6628763,39.179314,1,-0.4948
2971985,2971985,1328287617.48336,36.9916434833886,15.2665694623141,15955340.6624901,39.379868,1,-0.2942
2971986,2971986,1328287617.48336,36.9916434794976,15.2665694712479,15955340.6624906,39.24423,1,-0.4298
2971987,2971987,1328287617.48336,36.991643484784,15.2665694591104,15955340.6621046,39.42851,1,-0.2456
2971988,2971988,1328287617.48346,36.9916370955908,15.2665686779327,15955341.3748049,39.36846,1,-0.3056
2971989,2971989,1328287617.48346,36.99163709421,15.2665686811031,15955341.3748054,39.320324,1,-0.3537
2971990,2971990,1328287617.48346,36.9916370952679,15.266568678674,15955341.3748052,39.357204,1,-0.3169
2971991,2971991,1328287617.48356,36.991630709593,15.266567888986,15955342.0867338,39.430256,1,-0.2438
2971992,2971992,1328287617.48356,36.9916305847378,15.2665681731864,15955342.0983252,35.11349,3,-4.5606
2971993,2971993,1328287617.48356,36.9916306073131,15.2665681213533,15955342.0960073,35.900463,3,-3.7736
2971994,2971994,1328287617.48356,36.9916307052093,15.2665678990508,15955342.08712,39.277443,1,-0.3966
2971995,2971995,1328287617.48356,36.9916307025969,15.266567905049,15955342.0875058,39.186375,1,-0.4877
2971996,2971996,1328287617.48356,36.991630706297,15.2665678965536,15955342.08712,39.315357,1,-0.3587
2971997,2971997,1328287617.48366,36.9916242254194,15.2665673225511,15955342.8079395,36.115788,3,-3.5583
2971998,2971998,1328287617.48386,36.9916115409416,15.2665655440263,15955344.2244486,39.30688,1,-0.3672
2971999,2971999,1328287617.48386,36.991611535588,15.2665655563181,15955344.2248363,39.120255,1,-0.5538
2972000,2972000,1328287617.48396,36.9916051494146,15.2665647660496,15955344.9371495,39.21779,1,-0.4563
2972001,2972001,1328287617.48396,36.9916051490463,15.2665647668953,15955344.9371495,39.20495,1,-0.4691
2972002,2972002,1328287617.48396,36.991605049844,15.2665649921953,15955344.9460558,35.782448,3,-3.8916
2972003,2972003,1328287617.48396,36.9916051341146,15.2665648011784,15955344.938312,38.684433,0,-0.9896
2972004,2972004,1328287617.48396,36.9916051512877,15.2665647617492,15955344.9367632,39.28308,1,-0.391
2972005,2972005,1328287617.48396,36.9916051523693,15.2665647592658,15955344.9367628,39.320786,1,-0.3533
2972006,2972006,1328287617.48406,36.9915987611781,15.2665639800886,15955345.6494636,39.253864,1,-0.4202
2972007,2972007,1328287617.48406,36.9915987634784,15.2665639748072,15955345.6490769,39.33405,1,-0.34
2972008,2972008,1328287617.48416,36.9915923733526,15.2665631927553,15955346.3617777,39.31473,1,-0.3593
2972009,2972009,1328287617.48416,36.9915923731234,15.2665631932813,15955346.3617787,39.306744,1,-0.3673
2972010,2972010,1328287617.48416,36.991592273086,15.2665634204982,15955346.3710789,35.855137,3,-3.8189
2972011,2972011,1328287617.48426,36.9915859854705,15.2665624051236,15955347.0740914,39.38409,1,-0.29
2972012,2972012,1328287617.48426,36.9915859845583,15.266562407218,15955347.0740923,39.35229,1,-0.3218
2972013,2972013,1328287617.48426,36.991585982578,15.2665624117647,15955347.0744786,39.28326,1,-0.3908
2972014,2972014,1328287617.48426,36.9915859813716,15.2665624145347,15955347.0744795,39.241203,1,-0.4329
2972015,2972015,1328287617.48426,36.9915859840118,15.2665624084728,15955347.0740923,39.33324,1,-0.3408
2972016,2972016,1328287617.48436,36.9915795980986,15.2665616181964,15955347.786406,39.448498,1,-0.2256
2972017,2972017,1328287617.48446,36.9915732030138,15.2665608462488,15955348.4994959,39.287678,1,-0.3864
2972018,2972018,1328287617.48446,36.9915732045367,15.2665608427521,15955348.499495,39.34077,1,-0.3333
2972019,2972019,1328287617.48446,36.991573054315,15.2665611827228,15955348.5130829,34.17543,3,-5.4986
2972020,2972020,1328287617.48446,36.9915732022942,15.266560847901,15955348.4994959,39.262596,1,-0.4115
2972021,2972021,1328287617.48456,36.9915668124615,15.2665600634693,15955349.2121987,39.29531,1,-0.3788
2972022,2972022,1328287617.48456,36.9915668130003,15.2665600622321,15955349.2121977,39.314095,1,-0.36
2972023,2972023,1328287617.48466,36.9915604239501,15.2665592755795,15955349.9245142,39.384525,1,-0.2895
2972024,2972024,1328287617.48466,36.9915604198583,15.2665592849743,15955349.9249024,39.241886,1,-0.4322
2972025,2972025,1328287617.48466,36.9915604217341,15.2665592806674,15955349.9249014,39.307274,1,-0.3668
2972026,2972026,1328287617.48466,36.9915604215948,15.2665592809872,15955349.9249014,39.302418,1,-0.3716
2972027,2972027,1328287617.48476,36.9915540295496,15.2665585007878,15955350.6376042,39.278873,1,-0.3952
2972028,2972028,1328287617.48486,36.9915476415155,15.2665577109569,15955351.3499207,39.405575,1,-0.2685
2972029,2972029,1328287617.48486,36.9915475026072,15.2665580274179,15955351.3623719,34.598965,3,-5.0751
2972030,2972030,1328287617.48486,36.9915476396164,15.2665577153172,15955351.3499216,39.33937,1,-0.3347
2972031,2972031,1328287617.48486,36.9915476262201,15.2665577460746,15955351.3514752,38.872383,0,-0.8017
2972032,2972032,1328287617.48496,36.9915412479764,15.2665569333441,15955352.0626273,39.35078,1,-0.3233
2972033,2972033,1328287617.48496,36.9915412501969,15.2665569282459,15955352.0626263,39.42819,1,-0.2459
2972034,2972034,1328287617.48496,36.9915412496136,15.2665569295852,15955352.0626263,39.407852,1,-0.2662
2972035,2972035,1328287617.48496,36.9915412463977,15.2665569369688,15955352.0630145,39.29575,1,-0.3783
2972036,2972036,1328287617.48496,36.9915412445636,15.2665569411799,15955352.0630154,39.23181,1,-0.4423
2972037,2972037,1328287617.48496,36.9915412468762,15.2665569358701,15955352.0630135,39.312428,1,-0.3616
2972038,2972038,1328287617.48506,36.9915348557678,15.2665561522568,15955352.7757201,39.352764,1,-0.3213
2972039,2972039,1328287617.48506,36.9915348578415,15.2665561474957,15955352.7753319,39.425053,1,-0.249
2972040,2972040,1328287617.48516,36.9915284647841,15.2665553679387,15955353.4884257,39.407825,1,-0.2662
2972041,2972041,1328287617.48516,36.9915284606242,15.2665553774895,15955353.4888157,39.262814,1,-0.4113
2972042,2972042,1328287617.48516,36.9915284588397,15.2665553815867,15955353.4888167,39.200607,1,-0.4735
2972043,2972043,1328287617.48516,36.9915284620922,15.2665553741191,15955353.4884276,39.313988,1,-0.3601
2972044,2972044,1328287617.48526,36.9915220673842,15.2665545979344,15955354.2015252,39.249588,1,-0.4245
2972045,2972045,1328287617.48536,36.9915156735678,15.2665538192866,15955354.9146218,39.226624,1,-0.4474
2972046,2972046,1328287617.48536,36.9915156782557,15.2665538085235,15955354.9142308,39.390038,1,-0.284
2972047,2972047,1328287617.48536,36.9915156751284,15.2665538157035,15955354.9142346,39.281025,1,-0.393
2972048,2972048,1328287617.48536,36.9915156715557,15.2665538239063,15955354.9146237,39.156483,1,-0.5176
2972049,2972049,1328287617.48546,36.991509146023,15.2665533447899,15955355.6398167,34.58797,3,-5.0861
2972050,2972050,1328287617.48556,36.9915027511237,15.2665525678005,15955356.3525395,34.547905,3,-5.1262
2972051,2972051,1328287617.48556,36.9915028902558,15.2665522508286,15955356.3400406,39.362286,1,-0.3118
2972052,2972052,1328287617.48556,36.9915028914834,15.2665522480102,15955356.3400406,39.40508,1,-0.269
2972053,2972053,1328287617.48556,36.9915028706704,15.2665522957957,15955356.3419918,38.67955,0,-0.9945
2972054,2972054,1328287617.48566,36.9914964940884,15.2665514763395,15955357.0531449,39.288303,1,-0.3858
2972055,2972055,1328287617.48566,36.9914964904612,15.2665514846673,15955357.053534,39.16186,1,-0.5122
2972056,2972056,1328287617.48576,36.9914903302326,15.2665505717876,15955357.7418923,39.226334,1,-0.4477
2972057,2972057,1328287617.48576,36.9914903326304,15.2665505662824,15955357.7415032,39.30992,1,-0.3641
2972058,2972058,1328287617.48576,36.9914903270324,15.2665505791351,15955357.7422814,39.114777,0,-0.5593
2972059,2972059,1328287617.48586,36.9914839132244,15.2665498181628,15955358.4562536,38.970257,0,-0.7038
2972060,2972060,1328287617.48586,36.9914837778543,15.2665501264999,15955358.4685857,34.28695,3,-5.3871
2972061,2972061,1328287617.48596,36.9914775093856,15.2665490340401,15955359.1704867,39.18145,1,-0.4926
2972062,2972062,1328287617.48596,36.9914775151119,15.2665490208928,15955359.1697158,39.38107,1,-0.293
2972063,2972063,1328287617.48596,36.9914775140887,15.266549023242,15955359.1701012,39.3454,1,-0.3287
2972064,2972064,1328287617.48596,36.9914775177094,15.266549014929,15955359.1697157,39.47162,1,-0.2024
2972065,2972065,1328287617.48606,36.9914711040762,15.2665482528795,15955359.8847197,39.35177,1,-0.3223
2972066,2972066,1328287617.48616,36.9914646835671,15.2665475062096,15955360.6001107,39.002476,0,-0.6716
2972067,2972067,1328287617.48616,36.991464692162,15.2665474864762,15955360.5993389,39.30209,1,-0.372
2972068,2972068,1328287617.48626,36.9914582835037,15.266546712198,15955361.3139576,39.37602,1,-0.298
2972069,2972069,1328287617.48626,36.9914581243804,15.2665470726002,15955361.3286318,33.900406,3,-5.7737
2972070,2972070,1328287617.48626,36.991458281571,15.2665467166354,15955361.3143434,39.308647,1,-0.3654
2972071,2972071,1328287617.48626,36.99145828409,15.2665467108519,15955361.3139576,39.396458,1,-0.2776
2972072,2972072,1328287617.48636,36.9914518703798,15.2665459477801,15955362.0289633,39.304253,1,-0.3698
2972073,2972073,1328287617.48636,36.9914518705272,15.2665459474418,15955362.0289633,39.30939,1,-0.3647
2972074,2972074,1328287617.48646,36.9914454624243,15.266545173419,15955362.7435829,39.38918,1,-0.2849
2972075,2972075,1328287617.48646,36.9914454547711,15.2665451909901,15955362.7443558,39.1224,1,-0.5517
2972076,2972076,1328287617.48646,36.9914454597274,15.2665451796109,15955362.7435834,39.29517,1,-0.3789
2972077,2972077,1328287617.48656,36.991438536379,15.2665455759958,15955363.505005,21.599606,0,-18.0745
2972078,2972078,1328287617.48656,36.9914390481709,15.2665444108317,15955363.4585902,39.297565,1,-0.3765
2972079,2972079,1328287617.48656,36.9914390459865,15.2665444158469,15955363.4585907,39.22142,1,-0.4526
2972080,2972080,1328287617.48666,36.9914326396181,15.2665436394025,15955364.1732108,39.347603,1,-0.3265
2972081,2972081,1328287617.48676,36.9914262281908,15.2665428695937,15955364.8878333,39.37346,1,-0.3006
2972082,2972082,1328287617.48676,36.991426225553,15.2665428756499,15955364.8882195,39.28151,1,-0.3926
2972083,2972083,1328287617.48676,36.9914262288098,15.2665428681726,15955364.8878328,39.39504,1,-0.279
2972084,2972084,1328287617.48676,36.9914262263978,15.2665428737102,15955364.888219,39.31096,1,-0.3631
2972085,2972085,1328287617.48686,36.9914198145028,15.2665421046201,15955365.6028425,39.329777,1,-0.3443
2972086,2972086,1328287617.48686,36.9914198146243,15.2665421043413,15955365.6028425,39.33401,1,-0.3401
2972087,2972087,1328287617.48696,36.9914134066762,15.2665413258416,15955366.3174645,39.49954,1,-0.1745
2972088,2972088,1328287617.48696,36.9914132596711,15.266541660883,15955366.3306433,34.410774,3,-5.2633
2972089,2972089,1328287617.48696,36.9914133998668,15.2665413414752,15955366.3178536,39.262173,1,-0.4119
2972090,2972090,1328287617.48696,36.9914134000148,15.2665413411356,15955366.3178536,39.26733,1,-0.4067
2972091,2972091,1328287617.48696,36.9914133947569,15.2665413532071,15955366.3186261,39.084045,0,-0.59
2972092,2972092,1328287617.48706,36.9914069859042,15.2665405764441,15955367.0332495,39.22702,1,-0.447
2972093,2972093,1328287617.48706,36.9914069891043,15.2665405690969,15955367.0328624,39.338573,1,-0.3355
2972094,2972094,1328287617.48706,36.9914069855046,15.2665405773616,15955367.0332495,39.21309,1,-0.461
2972095,2972095,1328287617.48716,36.9914005632411,15.2665398310555,15955367.7490384,38.89741,0,-0.7767
2972096,2972096,1328287617.48716,36.9914005675048,15.2665398212666,15955367.7486502,39.04604,0,-0.628
2972097,2972097,1328287617.48716,36.9914005753022,15.2665398033646,15955367.7478749,39.31785,1,-0.3562
2972098,2972098,1328287617.48716,36.9914005721426,15.2665398106185,15955367.7482621,39.20771,1,-0.4664
2972099,2972099,1328287617.48726,36.9913941589217,15.2665390432267,15955368.4632756,39.215935,1,-0.4581
2972100,2972100,1328287617.48726,36.9913941499146,15.2665390639059,15955368.4640519,38.90196,0,-0.7721
2972101,2972101,1328287617.48736,36.9913877533321,15.2665382579964,15955369.1775128,39.498722,1,-0.1753
2972102,2972102,1328287617.48736,36.9913877468568,15.2665382728629,15955369.1779029,39.273003,1,-0.4011
2972103,2972103,1328287617.48736,36.9913877457425,15.2665382754213,15955369.1779038,39.234158,1,-0.4399
2972104,2972104,1328287617.48746,36.9913813217375,15.2665375321606,15955369.8940846,38.883404,0,-0.7907
2972105,2972105,1328287617.48746,36.9913813306164,15.2665375117759,15955369.8933064,39.19291,1,-0.4812
2972106,2972106,1328287617.48746,36.9913813339981,15.2665375040119,15955369.8929183,39.31079,1,-0.3633
2972107,2972107,1328287617.48756,36.991374920561,15.2665367361865,15955370.6079365,39.336666,1,-0.3374
2972108,2972108,1328287617.48756,36.9913749165264,15.2665367454493,15955370.6083247,39.196026,1,-0.478
2972109,2972109,1328287617.48756,36.9913747467354,15.2665371303315,15955370.6238753,33.348724,3,-6.3253
2972110,2972110,1328287617.48766,36.9913683275287,15.2665363754563,15955371.3392913,33.181602,3,-6.4925
2972111,2972111,1328287617.48766,36.9913685063651,15.2665359698085,15955371.3229548,39.34419,1,-0.3299
2972112,2972112,1328287617.48786,36.9913556801746,15.2665344311455,15955372.7529952,39.459675,1,-0.2144
2972113,2972113,1328287617.48796,36.9913492616162,15.266533676254,15955373.4684092,39.305218,1,-0.3688
2972114,2972114,1328287617.48796,36.9913492585313,15.2665336833363,15955373.4687974,39.19768,1,-0.4764
2972115,2972115,1328287617.48806,36.9913428475169,15.2665329062438,15955374.1838176,39.380337,1,-0.2937
2972116,2972116,1328287617.48806,36.9913428428959,15.2665329168529,15955374.1842067,39.219257,1,-0.4548
2972117,2972117,1328287617.48806,36.9913428457933,15.2665329102009,15955374.1838195,39.320255,1,-0.3538
2972118,2972118,1328287617.48806,36.9913428435552,15.2665329153391,15955374.1842067,39.24224,1,-0.4318
2972119,2972119,1328287617.48816,36.9913364290459,15.2665321483231,15955374.8992354,39.277092,1,-0.397
2972120,2972120,1328287617.48826,36.9913300126637,15.2665313853584,15955375.6142661,39.25386,1,-0.4202
2972121,2972121,1328287617.48826,36.9913300127782,15.2665313850955,15955375.6142661,39.25785,1,-0.4162
2972122,2972122,1328287617.48826,36.9913300147944,15.2665313804667,15955375.6142623,39.328133,1,-0.3459
2972123,2972123,1328287617.48826,36.9913300071017,15.2665313981277,15955375.6150424,39.059982,0,-0.6141
2972124,2972124,1328287617.48836,36.9913235946738,15.2665306258442,15955376.3300692,39.181633,1,-0.4924
2972125,2972125,1328287617.48836,36.9913235960106,15.2665306227751,15955376.3296839,39.228233,1,-0.4458
2972126,2972126,1328287617.48836,36.9913235985575,15.2665306169279,15955376.3296801,39.317013,1,-0.3571
2972127,2972127,1328287617.48846,36.9913170098873,15.2665302440956,15955377.0607268,33.373516,3,-6.3005
2972128,2972128,1328287617.48846,36.9913171802618,15.266529857883,15955377.0451037,39.241016,1,-0.433
2972129,2972129,1328287617.48856,36.9913106094427,15.2665294461508,15955377.7742125,33.893192,3,-5.7809
2972130,2972130,1328287617.48856,36.9913105935281,15.2665294826876,15955377.7757746,33.33845,3,-6.3356
2972131,2972131,1328287617.48856,36.9913106134515,15.2665294369475,15955377.7742068,34.03293,3,-5.6411
2972132,2972132,1328287617.48866,36.9913043505262,15.2665283255408,15955378.4744227,39.316948,1,-0.3571
2972133,2972133,1328287617.48876,36.9912979350689,15.2665275593285,15955379.189815,39.359646,1,-0.3144
2972134,2972134,1328287617.48876,36.9912979330021,15.2665275640735,15955379.1898151,39.2876,1,-0.3865
2972135,2972135,1328287617.48876,36.9912979343245,15.2665275610375,15955379.189815,39.3337,1,-0.3404
2972136,2972136,1328287617.48876,36.9912977799554,15.2665279105017,15955379.204081,34.02415,3,-5.6499
2972137,2972137,1328287617.48886,36.9912913597651,15.2665271549526,15955379.9194814,33.908165,3,-5.7659
2972138,2972138,1328287617.48886,36.9912915196394,15.2665267928507,15955379.9052075,39.40959,1,-0.2645
2972139,2972139,1328287617.48886,36.9912915170797,15.2665267987272,15955379.9052077,39.320366,1,-0.3537
2972140,2972140,1328287617.48896,36.9912851008138,15.266526033976,15955380.620601,39.34728,1,-0.3268
2972141,2972141,1328287617.48896,36.9912851000281,15.2665260357798,15955380.6206012,39.31989,1,-0.3542
2972142,2972142,1328287617.48896,36.9912849524883,15.266526372031,15955380.6341103,34.212757,3,-5.4613
2972143,2972143,1328287617.48896,36.9912850972131,15.2665260422424,15955380.6209872,39.221767,1,-0.4523
2972144,2972144,1328287617.48896,36.9912850999144,15.2665260360408,15955380.6206012,39.31593,1,-0.3581
2972145,2972145,1328287617.48896,36.9912850992682,15.2665260375243,15955380.6206015,39.293404,1,-0.3807
2972146,2972146,1328287617.48896,36.9912851012889,15.2665260328852,15955380.620601,39.36384,1,-0.3102
2972147,2972147,1328287617.48906,36.9912786585331,15.2665253262957,15955381.338312,38.50902,0,-1.165
2972148,2972148,1328287617.48916,36.991272265055,15.2665245113329,15955382.0513902,39.306355,1,-0.3677
2972149,2972149,1328287617.48916,36.9912722691697,15.2665245018863,15955382.051004,39.449783,1,-0.2243
2972150,2972150,1328287617.48916,36.9912722673582,15.2665245060453,15955382.0513898,39.38664,1,-0.2874
2972151,2972151,1328287617.48916,36.9912722645161,15.26652451257,15955382.0513907,39.28757,1,-0.3865
2972152,2972152,1328287617.48926,36.9912658464678,15.2665237513774,15955382.7671715,39.26978,1,-0.4043
2972153,2972153,1328287617.48926,36.9912658497839,15.2665237437643,15955382.7667852,39.385372,1,-0.2887
2972154,2972154,1328287617.48926,36.9912658526235,15.2665237372454,15955382.766399,39.48435,1,-0.1897
2972155,2972155,1328287617.48926,36.9912656963904,15.2665240909842,15955382.7807017,34.1099,3,-5.5642
2972156,2972156,1328287617.48936,36.9912594310997,15.2665229838693,15955383.4821821,39.350914,1,-0.3232
2972157,2972157,1328287617.48936,36.9912594312884,15.2665229834362,15955383.4821821,39.357487,1,-0.3166
2972158,2972158,1328287617.48936,36.9912592720905,15.2665233439806,15955383.4968782,33.879715,3,-5.7943
2972159,2972159,1328287617.48936,36.9912594308376,15.2665229844711,15955383.4821826,39.341774,1,-0.3323
2972160,2972160,1328287617.48936,36.9912592724017,15.2665233432661,15955383.4968782,33.890564,3,-5.7835
2972161,2972161,1328287617.48936,36.991259432917,15.2665229796973,15955383.4821816,39.414257,1,-0.2598
2972162,2972162,1328287617.48946,36.9912530151434,15.2665222175577,15955384.1975785,39.416878,1,-0.2572
2972163,2972163,1328287617.48946,36.9912530119953,15.266522224785,15955384.1979652,39.307144,1,-0.3669
2972164,2972164,1328287617.48946,36.9912530077821,15.2665222344574,15955384.1983524,39.160286,1,-0.5138
2972165,2972165,1328287617.48946,36.9912530140674,15.266522220028,15955384.197579,39.37937,1,-0.2947
2972166,2972166,1328287617.48966,36.9912401772374,15.2665206982626,15955385.6287628,39.35529,1,-0.3188
2972167,2972167,1328287617.48966,36.991240177724,15.2665206971454,15955385.6287628,39.37225,1,-0.3018
2972168,2972168,1328287617.48966,36.991240174981,15.2665207034427,15955385.6287642,39.276638,1,-0.3974
2972169,2972169,1328287617.48966,36.9912401771245,15.2665206985217,15955385.6287637,39.351357,1,-0.3227
2972170,2972170,1328287617.48976,36.9912337496648,15.2665199582035,15955386.3449393,39.03143,0,-0.6426
2972171,2972171,1328287617.48976,36.9912337577021,15.266519939752,15955386.3441649,39.311577,1,-0.3625
2972172,2972172,1328287617.48976,36.9912337570701,15.2665199412029,15955386.3441659,39.28955,1,-0.3845
2972173,2972173,1328287617.48976,36.991233732541,15.2665199950476,15955386.34649,38.470222,0,-1.2038
2972174,2972174,1328287617.48976,36.9912337546165,15.2665199468357,15955386.3445521,39.204025,1,-0.47
2972175,2972175,1328287617.48976,36.9912337610638,15.2665199320344,15955386.3437777,39.428757,1,-0.2453
2972176,2972176,1328287617.48986,36.9912273439851,15.2665191677618,15955387.0591794,39.475376,1,-0.1987
2972177,2972177,1328287617.48986,36.9912273416793,15.2665191730552,15955387.0595656,39.395008,1,-0.2791
2972178,2972178,1328287617.48986,36.9912273364502,15.2665191850597,15955387.0599547,39.21274,1,-0.4613
2972179,2972179,1328287617.48986,36.9912273320263,15.2665191952157,15955387.0603429,39.05854,0,-0.6155
2972180,2972180,1328287617.48996,36.9912209200708,15.2665184259939,15955387.7753592,39.18828,1,-0.4858
2972181,2972181,1328287617.48996,36.9912209249485,15.2665184147963,15955387.7749701,39.358295,1,-0.3158
2972182,2972182,1328287617.48996,36.9912209252668,15.2665184140655,15955387.7749701,39.36939,1,-0.3047
2972183,2972183,1328287617.48996,36.9912209263658,15.2665184115426,15955387.7745848,39.407696,1,-0.2664
2972184,2972184,1328287617.49006,36.9912145074489,15.2665176512683,15955388.4903746,39.399185,1,-0.2749
2972185,2972185,1328287617.49006,36.9912145015985,15.266517664699,15955388.4907647,39.195267,1,-0.4788
2972186,2972186,1328287617.49016,36.9912080684742,15.2665169369416,15955389.2077237,38.69578,0,-0.9783
2972187,2972187,1328287617.49016,36.9912080871026,15.2665168941764,15955389.2061682,39.34509,1,-0.329
2972188,2972188,1328287617.49016,36.9912080851119,15.2665168987465,15955389.2061692,39.2757,1,-0.3984
2972189,2972189,1328287617.49026,36.9912016649907,15.2665161410469,15955389.9219638,39.23352,1,-0.4405
2972190,2972190,1328287617.49026,36.9912016696451,15.266516130362,15955389.9215747,39.395752,1,-0.2783
2972191,2972191,1328287617.49046,36.9911888322362,15.2665146059073,15955391.3523961,39.45508,1,-0.219
2972192,2972192,1328287617.49046,36.9911888305019,15.2665146098887,15955391.3527833,39.394627,1,-0.2794
2972193,2972193,1328287617.49046,36.9911888342167,15.2665146013607,15955391.3523942,39.52411,1,-0.15
2972194,2972194,1328287617.49046,36.9911888273963,15.2665146170183,15955391.3527852,39.286377,1,-0.3877
2972195,2972195,1328287617.49056,36.9911824128905,15.2665138485111,15955392.0681964,39.417847,1,-0.2562
2972196,2972196,1328287617.49066,36.9911759894646,15.2665130981129,15955392.7840014,39.275177,1,-0.3989
2972197,2972197,1328287617.49066,36.9911759909257,15.2665130947586,15955392.7840005,39.326107,1,-0.348
2972198,2972198,1328287617.49076,36.9911695636421,15.2665123531647,15955393.5001965,39.052254,0,-0.6218
2972199,2972199,1328287617.49076,36.991169576857,15.2665123228279,15955393.4990273,39.51286,1,-0.1612
2972200,2972200,1328287617.49086,36.9911631506648,15.266511578685,15955394.2152243,39.28016,1,-0.3939
2972201,2972201,1328287617.49096,36.9911567296253,15.2665108226773,15955394.9310332,39.23001,1,-0.4441
2972202,2972202,1328287617.49096,36.9911567304057,15.2665108208857,15955394.9310332,39.257214,1,-0.4169
2972203,2972203,1328287617.49096,36.9911567310226,15.2665108194694,15955394.9310332,39.278717,1,-0.3953
2972204,2972204,1328287617.49096,36.9911567281949,15.266510825961,15955394.931037,39.180157,1,-0.4939
2972205,2972205,1328287617.49106,36.991150313577,15.2665100551836,15955395.6464549,39.35663,1,-0.3174
2972206,2972206,1328287617.49106,36.9911503105943,15.2665100620307,15955395.6468421,39.25267,1,-0.4214
2972207,2972207,1328287617.49106,36.9911501370377,15.2665104555205,15955395.6624537,33.2747,3,-6.3994
2972208,2972208,1328287617.49116,36.9911438950353,15.2665092933938,15955396.3618804,39.39897,1,-0.2751
2972209,2972209,1328287617.49116,36.9911438962341,15.2665092906417,15955396.3618785,39.440758,1,-0.2333
2972210,2972210,1328287617.49116,36.9911438922256,15.2665092998438,15955396.3622695,39.30104,1,-0.373
2972211,2972211,1328287617.49116,36.991143676021,15.2665097912369,15955396.3817912,31.836609,3,-7.8375
2972212,2972212,1328287617.49126,36.9911374681477,15.2665085507509,15955397.0780898,39.152897,1,-0.5212
2972213,2972213,1328287617.49146,36.9911246359058,15.2665070181764,15955398.5080039,39.38699,1,-0.2871
2972214,2972214,1328287617.49156,36.9911182152686,15.2665062588858,15955399.2237884,39.39857,1,-0.2755
2972215,2972215,1328287617.49156,36.9911182156492,15.2665062580121,15955399.2237884,39.41184,1,-0.2622
2972216,2972216,1328287617.49156,36.9911182090653,15.2665062731261,15955399.2241742,39.18236,1,-0.4917
2972217,2972217,1328287617.49156,36.9911182153378,15.2665062587269,15955399.2237884,39.400986,1,-0.2731
2972218,2972218,1328287617.49156,36.9911180240375,15.266506692944,15955399.2411392,32.80466,3,-6.8694
2972219,2972219,1328287617.49166,36.9911117767589,15.2665055429515,15955399.9411166,38.75571,0,-0.9184
2972220,2972220,1328287617.49176,36.9911053722838,15.266504748914,15955400.6553599,39.300774,1,-0.3733
2972221,2972221,1328287617.49186,36.9910989523953,15.2665039902943,15955401.3711466,39.310123,1,-0.3639
2972222,2972222,1328287617.49196,36.9910925347277,15.2665032266183,15955402.0865489,39.398235,1,-0.2758
2972223,2972223,1328287617.49196,36.9910925211361,15.2665032578192,15955402.0877081,38.92451,0,-0.7496
2972224,2972224,1328287617.49196,36.9910925359057,15.2665032239142,15955402.0865485,39.439293,1,-0.2348
2972225,2972225,1328287617.49216,36.9910796960191,15.2665017094777,15955403.5177418,39.42695,1,-0.2471
2972226,2972226,1328287617.49216,36.9910796947635,15.26650171236,15955403.5177423,39.383186,1,-0.2909
2972227,2972227,1328287617.49216,36.991079692184,15.2665017182815,15955403.5181285,39.29328,1,-0.3808
2972228,2972228,1328287617.49216,36.991079689287,15.2665017249316,15955403.5181295,39.19231,1,-0.4818
2972229,2972229,1328287617.49226,36.991073275218,15.2665009531683,15955404.233533,39.40894,1,-0.2651
2972230,2972230,1328287617.49226,36.9910732715657,15.2665009615525,15955404.2339198,39.281643,1,-0.3924
2972231,2972231,1328287617.49226,36.9910732739849,15.2665009559991,15955404.2335335,39.365963,1,-0.3081
2972232,2972232,1328287617.49226,36.9910732698821,15.2665009654173,15955404.2339202,39.222965,1,-0.4511
2972233,2972233,1328287617.49226,36.9910732708407,15.2665009632167,15955404.2339202,39.256374,1,-0.4177
2972234,2972234,1328287617.49236,36.9910668490291,15.2665002069912,15955404.9497124,39.237206,1,-0.4369
2972235,2972235,1328287617.49246,36.9910604350094,15.2664994352689,15955405.6647331,39.456814,1,-0.2173
2972236,2972236,1328287617.49256,36.9910540132784,15.2664986813367,15955406.3805281,39.408054,1,-0.266
2972237,2972237,1328287617.49256,36.9910540115704,15.2664986852572,15955406.3809153,39.34853,1,-0.3255
2972238,2972238,1328287617.49256,36.9910540142992,15.2664986789932,15955406.3805281,39.443634,1,-0.2304
2972239,2972239,1328287617.49266,36.9910475906675,15.2664979318291,15955407.0963274,39.29552,1,-0.3785
2972240,2972240,1328287617.49266,36.9910475918793,15.2664979290475,15955407.0963265,39.337757,1,-0.3363
2972241,2972241,1328287617.49266,36.9910475942145,15.266497923687,15955407.0963255,39.419144,1,-0.2549
2972242,2972242,1328287617.49276,36.991041173719,15.2664971671182,15955407.8117377,39.413757,1,-0.2603
2972243,2972243,1328287617.49286,36.9910347497681,15.2664964185929,15955408.5279252,39.287857,1,-0.3862
2972244,2972244,1328287617.49286,36.9910347531764,15.2664964107689,15955408.527538,39.406647,1,-0.2674
2972245,2972245,1328287617.49296,36.9910283328596,15.2664956540203,15955409.2433382,39.40716,1,-0.2669
2972246,2972246,1328287617.49306,36.9910219144406,15.2664948930417,15955409.9587552,39.47342,1,-0.2006
2972247,2972247,1328287617.49306,36.9910219090494,15.2664949054172,15955409.9591452,39.285522,1,-0.3885
2972248,2972248,1328287617.49306,36.9910219091377,15.2664949052145,15955409.9591452,39.2886,1,-0.3855
2972249,2972249,1328287617.49316,36.9910154932429,15.2664941385754,15955410.6745612,39.442276,1,-0.2318
2972250,2972250,1328287617.49326,36.9910090723039,15.266493388274,15955411.39037,39.35275,1,-0.3213
2972251,2972251,1328287617.49326,36.9910090752581,15.2664933814928,15955411.3899819,39.455708,1,-0.2184
2972252,2972252,1328287617.49326,36.9910090677265,15.2664933987816,15955411.3907601,39.193214,1,-0.4809
2972253,2972253,1328287617.49326,36.9910090749238,15.26649338226,15955411.3899819,39.44406,1,-0.23
2972254,2972254,1328287617.49326,36.9910090776195,15.266493376072,15955411.3895947,39.538013,1,-0.1361
2972255,2972255,1328287617.49336,36.9910026411788,15.2664926568864,15955412.10696,38.974022,0,-0.7
2972256,2972256,1328287617.49346,36.9909962329304,15.2664918754502,15955412.8216044,39.358234,1,-0.3158
2972257,2972257,1328287617.49346,36.9909962339773,15.266491873047,15955412.8212182,39.394722,1,-0.2793
2972258,2972258,1328287617.49356,36.9909898116692,15.2664911217398,15955413.5370337,39.32107,1,-0.353
2972259,2972259,1328287617.49356,36.9909898131562,15.2664911183265,15955413.5370327,39.3729,1,-0.3012
2972260,2972260,1328287617.49356,36.990989810954,15.2664911233816,15955413.5374199,39.296146,1,-0.3779
2972261,2972261,1328287617.49356,36.9909898147395,15.266491114692,15955413.5370318,39.42808,1,-0.246
2972262,2972262,1328287617.49366,36.9909831780396,15.2664908507537,15955414.2723404,31.952402,3,-7.7217
2972263,2972263,1328287617.49366,36.9909833919384,15.2664903646875,15955414.2528492,39.335907,1,-0.3382
2972264,2972264,1328287617.49366,36.9909833914773,15.266490365746,15955414.2528492,39.319836,1,-0.3542
2972265,2972265,1328287617.49366,36.9909833900817,15.2664903689495,15955414.2528512,39.2712,1,-0.4029
2972266,2972266,1328287617.49366,36.9909833920864,15.2664903643478,15955414.2528473,39.341064,1,-0.333
2972267,2972267,1328287617.49386,36.9909705409119,15.2664888753639,15955415.68527,38.991203,0,-0.6829
2972268,2972268,1328287617.49386,36.9909705431516,15.2664888702227,15955415.6848809,39.06926,0,-0.6048
2972269,2972269,1328287617.49386,36.9909705494126,15.2664888558508,15955415.684488,39.287468,1,-0.3866
2972270,2972270,1328287617.49396,36.9909641316659,15.2664880948013,15955416.3999249,39.36649,1,-0.3076
2972271,2972271,1328287617.49396,36.9909641348557,15.2664880874793,15955416.3995339,39.477657,1,-0.1964
2972272,2972272,1328287617.49396,36.9909641298751,15.2664880989121,15955416.3999249,39.304073,1,-0.37
2972273,2972273,1328287617.49396,36.9909641337662,15.2664880899803,15955416.3995358,39.439686,1,-0.2344
2972274,2972274,1328287617.49396,36.9909641194046,15.2664881229468,15955416.401096,38.939156,0,-0.7349
2972275,2972275,1328287617.49406,36.9909575077197,15.2664878046485,15955417.134113,32.295113,3,-7.379
2972276,2972276,1328287617.49406,36.9909577088661,15.2664873478602,15955417.1157528,39.23409,1,-0.44
2972277,2972277,1328287617.49416,36.9909512852255,15.2664866007476,15955417.8315865,39.10361,0,-0.5705
2972278,2972278,1328287617.49416,36.9909512844421,15.266486602546,15955417.8315865,39.07631,0,-0.5978
2972279,2972279,1328287617.49416,36.9909512953128,15.2664865775928,15955417.8308026,39.45517,1,-0.2189
2972280,2972280,1328287617.49416,36.9909512951263,15.266486578021,15955417.8308026,39.44867,1,-0.2254
2972281,2972281,1328287617.49416,36.9909512881512,15.266486594032,15955417.8315827,39.205574,1,-0.4685
2972282,2972282,1328287617.49426,36.99094487594,15.2664858207497,15955418.545439,39.473274,1,-0.2008
2972283,2972283,1328287617.49426,36.9909448692819,15.2664858360331,15955418.5462096,39.241226,1,-0.4328
2972284,2972284,1328287617.49426,36.9909448727651,15.2664858280375,15955418.5458243,39.362625,1,-0.3114
2972285,2972285,1328287617.49426,36.9909448739641,15.2664858252853,15955418.5458243,39.40441,1,-0.2697
2972286,2972286,1328287617.49426,36.9909448618583,15.2664858530735,15955418.5469804,38.982506,0,-0.6916
2972287,2972287,1328287617.49426,36.9909448708102,15.2664858325248,15955418.5458244,39.294495,1,-0.3796
2972288,2972288,1328287617.49426,36.9909448710952,15.2664858318708,15955418.5458244,39.304424,1,-0.3696
2972289,2972289,1328287617.49436,36.9909384522565,15.2664850741727,15955419.261618,39.336597,1,-0.3375
2972290,2972290,1328287617.49436,36.9909384494641,15.2664850805824,15955419.2616182,39.23928,1,-0.4348
2972291,2972291,1328287617.49446,36.9909320324827,15.2664843188501,15955419.9770272,39.3336,1,-0.3405
2972292,2972292,1328287617.49446,36.9909320354191,15.2664843121098,15955419.9770267,39.435936,1,-0.2381
2972293,2972293,1328287617.49446,36.9909320359145,15.2664843109725,15955419.9766416,39.453205,1,-0.2209
2972294,2972294,1328287617.49456,36.9909256139909,15.266483560821,15955420.6924373,39.372547,1,-0.3015
2972295,2972295,1328287617.49456,36.9909256112906,15.2664835670192,15955420.6928231,39.278442,1,-0.3956
2972296,2972296,1328287617.49456,36.9909256132889,15.2664835624323,15955420.6928226,39.348083,1,-0.326
2972297,2972297,1328287617.49466,36.9909191593284,15.2664828835949,15955421.4113227,38.183685,0,-1.4904
2972298,2972298,1328287617.49466,36.9909191943617,15.266482805646,15955421.4082335,39.368973,1,-0.3051
2972299,2972299,1328287617.49466,36.9909191932012,15.2664828083099,15955421.4082338,39.328526,1,-0.3455
2972300,2972300,1328287617.49466,36.9909191921033,15.2664828108299,15955421.4086193,39.290264,1,-0.3838
2972301,2972301,1328287617.49476,36.9909127762494,15.2664820472395,15955422.1236452,39.415222,1,-0.2588
2972302,2972302,1328287617.49476,36.9909127743534,15.2664820515915,15955422.124031,39.349144,1,-0.3249
2972303,2972303,1328287617.49486,36.9909063535745,15.2664812995632,15955422.8394445,39.299274,1,-0.3748
2972304,2972304,1328287617.49486,36.9909063518711,15.266481303473,15955422.8398303,39.23991,1,-0.4342
2972305,2972305,1328287617.49486,36.9909063522352,15.2664813026374,15955422.8398303,39.252598,1,-0.4215
2972306,2972306,1328287617.49496,36.9908999360156,15.2664805404078,15955423.5548586,39.358284,1,-0.3158
2972307,2972307,1328287617.49496,36.9908999331051,15.2664805470886,15955423.5552448,39.25685,1,-0.4172
2972308,2972308,1328287617.49506,36.990893507438,15.2664798068159,15955424.2714337,39.029793,0,-0.6443
2972309,2972309,1328287617.49506,36.9908935145262,15.2664797905457,15955424.2706603,39.27682,1,-0.3972
2972310,2972310,1328287617.49506,36.9908935130937,15.2664797938338,15955424.2706608,39.2269,1,-0.4472
2972311,2972311,1328287617.49506,36.9908935159731,15.2664797872245,15955424.2706598,39.327248,1,-0.3468
2972312,2972312,1328287617.49516,36.9908870973297,15.2664790311077,15955424.9860763,39.34133,1,-0.3327
2972313,2972313,1328287617.49516,36.9908870912584,15.2664790450438,15955424.9864639,39.12974,1,-0.5443
2972314,2972314,1328287617.49516,36.9908870897903,15.2664790484137,15955424.9868502,39.07858,0,-0.5955
2972315,2972315,1328287617.49526,36.9908806775438,15.2664782778984,15955425.7014951,39.311813,1,-0.3623
2972316,2972316,1328287617.49536,36.9908742552883,15.2664775306494,15955426.4173025,39.19229,1,-0.4818
2972317,2972317,1328287617.49536,36.9908742598994,15.2664775200653,15955426.4169144,39.35299,1,-0.3211
2972318,2972318,1328287617.49546,36.9908675939757,15.2664773274896,15955427.1552128,30.808802,3,-8.8653
2972319,2972319,1328287617.49546,36.9908675823983,15.266477354064,15955427.155991,30.405329,3,-9.2687
2972320,2972320,1328287617.49546,36.99086783993,15.2664767678672,15955427.1327213,39.309055,1,-0.365
2972321,2972321,1328287617.49546,36.9908678409524,15.2664767655205,15955427.1327213,39.344685,1,-0.3294
2972322,2972322,1328287617.49556,36.9908614178433,15.2664760231423,15955427.848533,39.153767,1,-0.5203
2972323,2972323,1328287617.49556,36.9908614249199,15.266476006899,15955427.8477577,39.40039,1,-0.2737
2972324,2972324,1328287617.49556,36.9908614187824,15.2664760209869,15955427.8485321,39.186493,1,-0.4876
2972325,2972325,1328287617.49556,36.9908614201172,15.2664760179229,15955427.8481459,39.233013,1,-0.4411
2972326,2972326,1328287617.49566,36.9908550004732,15.2664752655952,15955428.5639566,39.19181,1,-0.4823
2972327,2972327,1328287617.49566,36.9908550040254,15.2664752574416,15955428.5635694,39.315605,1,-0.3585
2972328,2972328,1328287617.49576,36.9908485863156,15.2664745009927,15955429.2789959,39.337284,1,-0.3368
2972329,2972329,1328287617.49576,36.9908485860668,15.2664745015637,15955429.2789959,39.328613,1,-0.3455
2972330,2972330,1328287617.49586,36.9908421718299,15.2664737351608,15955429.9940351,39.49998,1,-0.1741
2972331,2972331,1328287617.49586,36.9908421620044,15.2664737577138,15955429.9948124,39.157562,1,-0.5165
2972332,2972332,1328287617.49596,36.9908357509705,15.2664729865983,15955430.7098516,39.402412,1,-0.2717
2972333,2972333,1328287617.49596,36.9908357502284,15.2664729883016,15955430.7098516,39.376553,1,-0.2975
2972334,2972334,1328287617.49596,36.990835744397,15.2664730016867,15955430.7102426,39.17333,1,-0.5007
2972335,2972335,1328287617.49606,36.9908293322146,15.2664722335456,15955431.4252838,39.373196,1,-0.3009
2972336,2972336,1328287617.49606,36.9908293259429,15.2664722479413,15955431.4256748,39.15463,1,-0.5194
2972337,2972337,1328287617.49606,36.9908293307964,15.2664722368008,15955431.4252848,39.323772,1,-0.3503
2972338,2972338,1328287617.49616,36.9908229162682,15.2664714766965,15955432.1403326,39.403458,1,-0.2706
2972339,2972339,1328287617.49616,36.9908229150702,15.2664714794464,15955432.1403335,39.361706,1,-0.3124
2972340,2972340,1328287617.49626,36.9908164985104,15.2664707220486,15955432.8557686,39.398678,1,-0.2754
2972341,2972341,1328287617.49636,36.9908100800554,15.2664699693587,15955433.5712074,39.364216,1,-0.3098
2972342,2972342,1328287617.49636,36.9908100776854,15.2664699747986,15955433.5715946,39.281624,1,-0.3924
2972343,2972343,1328287617.49646,36.9908036488947,15.2664692461962,15955434.2878174,38.881443,0,-0.7926
2972344,2972344,1328287617.49646,36.9908036652678,15.2664692086146,15955434.2862591,39.452038,1,-0.222
2972345,2972345,1328287617.49646,36.99080365988,15.2664692209814,15955434.2866501,39.264275,1,-0.4098
2972346,2972346,1328287617.49646,36.9908036622458,15.2664692155511,15955434.2866482,39.34672,1,-0.3273
2972347,2972347,1328287617.49656,36.9907972485955,15.2664684571813,15955435.0017036,39.401863,1,-0.2722
2972348,2972348,1328287617.49656,36.9907972487888,15.2664684567378,15955435.0017036,39.408592,1,-0.2655
2972349,2972349,1328287617.49656,36.9907972477864,15.2664684590386,15955435.0017036,39.37366,1,-0.3004
2972350,2972350,1328287617.49666,36.9907904687685,15.2664685276585,15955435.7499317,26.863909,0,-12.8102
2972351,2972351,1328287617.49666,36.9907908257982,15.2664677155686,15955435.7175411,39.199074,1,-0.475
2972352,2972352,1328287617.49666,36.9907908298189,15.2664677063399,15955435.7171501,39.33919,1,-0.3349
2972353,2972353,1328287617.49666,36.9907908249735,15.2664677174614,15955435.7175411,39.170334,1,-0.5037
2972354,2972354,1328287617.49666,36.9907908254389,15.2664677163932,15955435.7175411,39.186554,1,-0.4875
2972355,2972355,1328287617.49666,36.9907908330785,15.266467698858,15955435.716761,39.452785,1,-0.2213
2972356,2972356,1328287617.49666,36.9907908266087,15.2664677137083,15955435.7171539,39.227318,1,-0.4467
2972357,2972357,1328287617.49676,36.9907844143535,15.2664669482805,15955436.4322113,39.385975,1,-0.2881
2972358,2972358,1328287617.49676,36.9907844122595,15.2664669530869,15955436.4322151,39.313,1,-0.3611
2972359,2972359,1328287617.49686,36.9907779913203,15.2664662079803,15955437.1480545,39.16294,1,-0.5111
2972360,2972360,1328287617.49686,36.9907779997851,15.2664661885512,15955437.1472744,39.457928,1,-0.2161
2972361,2972361,1328287617.49686,36.9907779926989,15.2664662048161,15955437.1480526,39.210983,1,-0.4631
2972362,2972362,1328287617.49686,36.990777997409,15.266466194005,15955437.1476616,39.375126,1,-0.2989
2972363,2972363,1328287617.49686,36.9907779995698,15.2664661890453,15955437.1472744,39.450428,1,-0.2236
2972364,2972364,1328287617.49696,36.9907715696979,15.2664654648367,15955437.8638996,38.982853,0,-0.6912
2972365,2972365,1328287617.49706,36.9907651657299,15.2664646837231,15955438.5770957,39.38054,1,-0.2935
2972366,2972366,1328287617.49706,36.9907651663855,15.2664646822183,15955438.5770957,39.403385,1,-0.2707
2972367,2972367,1328287617.49706,36.9907651652804,15.2664646847547,15955438.5770957,39.364876,1,-0.3092
2972368,2972368,1328287617.49716,36.9907587486433,15.2664639309762,15955439.2925141,39.34567,1,-0.3284
2972369,2972369,1328287617.49716,36.9907587453253,15.266463938592,15955439.2925144,39.23004,1,-0.444
2972370,2972370,1328287617.49726,36.9907523321355,15.2664631750067,15955440.0075479,39.357662,1,-0.3164
2972371,2972371,1328287617.49726,36.9907523292543,15.2664631816197,15955440.0079337,39.257256,1,-0.4168
2972372,2972372,1328287617.49736,36.9907459163912,15.2664624200104,15955440.7225826,39.356182,1,-0.3179
2972373,2972373,1328287617.49736,36.9907459135068,15.2664624266309,15955440.7229684,39.255665,1,-0.4184
2972374,2972374,1328287617.49746,36.9907395029944,15.2664616600505,15955441.4376178,39.42961,1,-0.2445
2972375,2972375,1328287617.49746,36.9907394989382,15.2664616693604,15955441.4380041,39.28826,1,-0.3858
2972376,2972376,1328287617.49746,36.9907395010527,15.2664616645071,15955441.4380036,39.36195,1,-0.3121
2972377,2972377,1328287617.49746,36.9907394979771,15.2664616715664,15955441.4380043,39.25477,1,-0.4193
2972378,2972378,1328287617.49746,36.9907395039854,15.2664616577758,15955441.4376176,39.46415,1,-0.2099
2972379,2972379,1328287617.49756,36.9907330788951,15.2664609250858,15955442.1538127,39.123055,1,-0.551
2972380,2972380,1328287617.49766,36.9907266682829,15.2664601619075,15955442.8684643,39.24603,1,-0.428
2972381,2972381,1328287617.49766,36.9907266691029,15.2664601600255,15955442.8680785,39.274605,1,-0.3995
2972382,2972382,1328287617.49766,36.9907266726344,15.2664601519199,15955442.8680776,39.39767,1,-0.2764
2972383,2972383,1328287617.49776,36.9907202567345,15.2664593990133,15955443.5831168,39.362404,1,-0.3117
2972384,2972384,1328287617.49776,36.9907202538933,15.2664594055345,15955443.5835031,39.263393,1,-0.4107
2972385,2972385,1328287617.49776,36.9907202568016,15.2664593988591,15955443.5831168,39.364742,1,-0.3093
2972386,2972386,1328287617.49786,36.9907138413341,15.2664586454075,15955444.2981575,39.337128,1,-0.3369
2972387,2972387,1328287617.49786,36.9907138363457,15.2664586568571,15955444.2985442,39.163292,1,-0.5108
2972388,2972388,1328287617.49786,36.9907138410164,15.2664586461368,15955444.2981575,39.326054,1,-0.348
2972389,2972389,1328287617.49796,36.9907074230819,15.2664578988005,15955445.0135854,39.20492,1,-0.4691
2972390,2972390,1328287617.49806,36.9907010156446,15.2664571255228,15955445.7278541,39.47523,1,-0.1988
2972391,2972391,1328287617.49806,36.9907010131851,15.2664571311679,15955445.7282408,39.389523,1,-0.2845
2972392,2972392,1328287617.49816,36.9906945529902,15.2664564792841,15955446.4475472,37.815895,0,-1.8582
2972393,2972393,1328287617.49826,36.9906881811207,15.2664556323834,15955447.1583331,39.207657,1,-0.4664
2972394,2972394,1328287617.49826,36.9906881892565,15.2664556137099,15955447.157944,39.491173,1,-0.1829
2972395,2972395,1328287617.49826,36.9906881821439,15.2664556300347,15955447.1583331,39.243317,1,-0.4307
2972396,2972396,1328287617.49826,36.9906881890173,15.2664556142588,15955447.157944,39.482838,1,-0.1912
2972397,2972397,1328287617.49826,36.9906881844618,15.2664556247148,15955447.1583312,39.32409,1,-0.35
2972398,2972398,1328287617.49836,36.9906816270618,15.2664551968809,15955447.886184,34.347137,0,-5.3269
2972399,2972399,1328287617.49836,36.9906817677891,15.2664548763487,15955447.87338,39.21548,1,-0.4586
2972400,2972400,1328287617.49846,36.9906753585125,15.2664541114873,15955448.5880406,39.356426,1,-0.3176
2972401,2972401,1328287617.49856,36.990668942307,15.266453363014,15955449.3030942,39.247627,1,-0.4264
2972402,2972402,1328287617.49856,36.9906689432955,15.2664533607453,15955449.3030932,39.282074,1,-0.392
2972403,2972403,1328287617.49866,36.9906625325248,15.2664526002887,15955450.0177587,39.35424,1,-0.3198
2972404,2972404,1328287617.49876,36.9906561190666,15.2664518464962,15955450.7324279,39.324215,1,-0.3498
2972405,2972405,1328287617.49876,36.9906561227743,15.2664518379863,15955450.732425,39.45342,1,-0.2206
2972406,2972406,1328287617.49876,36.9906561104107,15.2664518663631,15955450.7332051,39.022583,0,-0.6515
2972407,2972407,1328287617.49886,36.9906497067387,15.26645109061,15955451.4474834,39.324917,1,-0.3491
2972408,2972408,1328287617.49896,36.9906432905375,15.2664503441192,15955452.1625445,39.18187,1,-0.4922
2972409,2972409,1328287617.49896,36.9906432933575,15.2664503376467,15955452.1621573,39.280136,1,-0.3939
2972410,2972410,1328287617.49906,36.9906368848403,15.266449576336,15955452.8768294,39.362663,1,-0.3114
2972411,2972411,1328287617.49906,36.9906368831746,15.2664495801591,15955452.8768304,39.30462,1,-0.3694
2972412,2972412,1328287617.49906,36.9906368868352,15.2664495717573,15955452.8764422,39.43218,1,-0.2419
2972413,2972413,1328287617.49916,36.9906304741233,15.2664488182842,15955453.5915044,39.39281,1,-0.2813
2972414,2972414,1328287617.49916,36.9906304741381,15.2664488182501,15955453.5915044,39.39333,1,-0.2807
2972415,2972415,1328287617.49916,36.9906304706921,15.2664488261595,15955453.5915082,39.273243,1,-0.4008
2972416,2972416,1328287617.49916,36.9906304730084,15.2664488208431,15955453.5915053,39.35396,1,-0.3201
2972417,2972417,1328287617.49916,36.9906304728236,15.2664488212673,15955453.5915063,39.34752,1,-0.3265
2972418,2972418,1328287617.49926,36.9906240562695,15.2664480748274,15955454.3065732,39.19843,1,-0.4756
2972419,2972419,1328287617.49936,36.990617642092,15.2664473257634,15955455.0216439,39.08962,0,-0.5844
2972420,2972420,1328287617.49946,36.9906112349355,15.2664465611147,15955455.7359384,39.21611,1,-0.458
2972421,2972421,1328287617.49946,36.9906112356671,15.2664465594355,15955455.7359384,39.241604,1,-0.4325
2972422,2972422,1328287617.49956,36.9906048252728,15.2664458027528,15955456.4502366,39.245796,1,-0.4283
2972423,2972423,1328287617.49956,36.990604825864,15.2664458013958,15955456.4502366,39.2664,1,-0.4077
2972424,2972424,1328287617.49966,36.9905984182417,15.2664450411948,15955457.1645368,39.32432,1,-0.3497
2972425,2972425,1328287617.49966,36.9905984176464,15.266445042561,15955457.1645368,39.30358,1,-0.3705
2972426,2972426,1328287617.49966,36.9905984187239,15.2664450400881,15955457.1645368,39.341125,1,-0.3329
2972427,2972427,1328287617.49966,36.9905984161439,15.2664450460096,15955457.164924,39.25122,1,-0.4228
2972428,2972428,1328287617.49976,36.9905920121288,15.2664442757678,15955457.8788369,39.458443,1,-0.2156
2972429,2972429,1328287617.49976,36.9905920047627,15.2664442926743,15955457.879617,39.201756,1,-0.4723
2972430,2972430,1328287617.49986,36.9905855978912,15.2664435293787,15955458.5929563,39.301884,1,-0.3722
2972431,2972431,1328287617.49986,36.9905856006307,15.2664435230911,15955458.5925709,39.397346,1,-0.2767
2972432,2972432,1328287617.49986,36.9905855983099,15.2664435284177,15955458.5929563,39.316475,1,-0.3576
2972433,2972433,1328287617.49986,36.9905855925238,15.2664435416975,15955458.5933417,39.114853,0,-0.5592
2972434,2972434,1328287617.49996,36.9905791934176,15.2664427658992,15955459.3068426,39.406857,1,-0.2672
2972435,2972435,1328287617.49996,36.9905788376778,15.2664435749701,15955459.3392309,27.117664,3,-12.5564
2972436,2972436,1328287617.49996,36.9905791867985,15.2664427810909,15955459.3076135,39.17621,1,-0.4979
2972437,2972437,1328287617.49996,36.9905788435969,15.266443561385,15955459.3388453,27.32392,3,-12.3501
2972438,2972438,1328287617.49996,36.9905788319564,15.2664435881014,15955459.3400019,26.918297,3,-12.7558
2972439,2972439,1328287617.49996,36.9905791896725,15.2664427744948,15955459.3072281,39.276356,1,-0.3977
2972440,2972440,1328287617.49996,36.9905791926221,15.2664427677249,15955459.3072279,39.37914,1,-0.2949
2972441,2972441,1328287617.50006,36.9905727748305,15.2664420307592,15955460.0222719,39.076576,0,-0.5975
2972442,2972442,1328287617.50006,36.9905727829744,15.2664420120679,15955460.0215004,39.36036,1,-0.3137
2972443,2972443,1328287617.50016,36.9905663703989,15.2664412636913,15955460.7361592,39.22944,1,-0.4446
2972444,2972444,1328287617.50016,36.990566376927,15.2664412487086,15955460.735773,39.456917,1,-0.2171
2972445,2972445,1328287617.50026,36.9905599672986,15.2664404941332,15955461.4500467,39.41847,1,-0.2556
2972446,2972446,1328287617.50026,36.9905599290099,15.2664405795438,15955461.4535223,38.11991,0,-1.5542
2972447,2972447,1328287617.50036,36.9905535549125,15.2664397464565,15955462.1650933,39.273594,1,-0.4005
2972448,2972448,1328287617.50036,36.9905534868985,15.2664399000899,15955462.1712753,36.93924,0,-2.7348
2972449,2972449,1328287617.50036,36.9905535593227,15.2664397363346,15955462.1647071,39.42727,1,-0.2468
2972450,2972450,1328287617.50036,36.9905535564728,15.2664397428753,15955462.1647075,39.327965,1,-0.3461
2972451,2972451,1328287617.50056,36.9905403874013,15.2664390320507,15955463.6257485,27.11644,3,-12.5576
2972452,2972452,1328287617.50066,36.9905343277873,15.2664374838551,15955464.3083114,39.1256,1,-0.5485
2972453,2972453,1328287617.50066,36.9905343355177,15.266437466113,15955464.3075374,39.394974,1,-0.2791
2972454,2972454,1328287617.50066,36.9905343340048,15.2664374695853,15955464.3075379,39.342255,1,-0.3318
2972455,2972455,1328287617.50066,36.9905343332043,15.2664374714225,15955464.3075384,39.31436,1,-0.3597
2972456,2972456,1328287617.50076,36.9905275808125,15.2664374990107,15955465.0531792,27.38644,3,-12.2876
2972457,2972457,1328287617.50076,36.9905279237754,15.2664367192756,15955465.0222038,39.230213,1,-0.4439
2972458,2972458,1328287617.50076,36.9905279271134,15.2664367116147,15955465.0218171,39.346527,1,-0.3275
2972459,2972459,1328287617.50076,36.9905279302703,15.2664367043692,15955465.0214309,39.45653,1,-0.2175
2972460,2972460,1328287617.50086,36.9905211741612,15.2664367410766,15955465.7674755,27.388277,3,-12.2858
2972461,2972461,1328287617.50086,36.9905215207461,15.2664359530303,15955465.7360972,39.358234,1,-0.3158
2972462,2972462,1328287617.50096,36.990515116909,15.2664351892314,15955466.4499916,39.447186,1,-0.2269
2972463,2972463,1328287617.50106,36.9905087051011,15.2664344443227,15955467.1646627,39.24737,1,-0.4267
2972464,2972464,1328287617.50106,36.9905087041062,15.2664344466061,15955467.1646637,39.212704,1,-0.4614
2972465,2972465,1328287617.50106,36.9905087109583,15.2664344308799,15955467.1638893,39.45147,1,-0.2226
2972466,2972466,1328287617.50116,36.9905022979051,15.2664336917329,15955467.8789486,39.16389,1,-0.5102
2972467,2972467,1328287617.50116,36.9905023009777,15.266433684681,15955467.8785614,39.270958,1,-0.4031
2972468,2972468,1328287617.50116,36.9905022997413,15.2664336875187,15955467.8785623,39.22787,1,-0.4462
2972469,2972469,1328287617.50116,36.9905022921402,15.2664337049638,15955467.8793377,38.963013,0,-0.7111
2972470,2972470,1328287617.50126,36.9904958965766,15.2664329239765,15955468.592461,39.30692,1,-0.3671
2972471,2972471,1328287617.50126,36.9904958928524,15.2664329325238,15955468.5928482,39.17715,1,-0.4969
2972472,2972472,1328287617.50126,36.9904958968718,15.266432923299,15955468.592461,39.317207,1,-0.3569
2972473,2972473,1328287617.50126,36.9904958974954,15.2664329218678,15955468.59246,39.338936,1,-0.3351
2972474,2972474,1328287617.50136,36.9904891605772,15.2664329175234,15955469.336655,27.883953,3,-11.7901
2972475,2972475,1328287617.50136,36.9904894913539,15.2664321657645,15955469.3063635,39.302963,1,-0.3711
2972476,2972476,1328287617.50136,36.9904894874922,15.2664321746275,15955469.3067507,39.1684,1,-0.5057
2972477,2972477,1328287617.50146,36.9904830876305,15.2664314047219,15955470.0202659,39.33986,1,-0.3342
2972478,2972478,1328287617.50146,36.9904830863816,15.2664314075883,15955470.0206522,39.29634,1,-0.3777
2972479,2972479,1328287617.50156,36.9904766795185,15.266430652062,15955470.7345585,39.245613,1,-0.4285
2972480,2972480,1328287617.50156,36.9904766769866,15.2664306578729,15955470.7349447,39.15739,1,-0.5167
2972481,2972481,1328287617.50166,36.9904702440799,15.2664299625721,15955471.4515728,38.19001,0,-1.4841
2972482,2972482,1328287617.50166,36.9904702755848,15.2664298927329,15955471.4484638,39.252148,1,-0.4219
2972483,2972483,1328287617.50166,36.9904699442659,15.2664306457324,15955471.478803,27.81431,3,-11.8598
2972484,2972484,1328287617.50166,36.9904702796972,15.2664298832945,15955471.4480747,39.395443,1,-0.2786
2972485,2972485,1328287617.50166,36.9904702808657,15.2664298806128,15955471.4480738,39.43616,1,-0.2379
2972486,2972486,1328287617.50176,36.9904638725979,15.2664291341538,15955472.162373,39.246777,1,-0.4273
2972487,2972487,1328287617.50176,36.9904638724522,15.2664291344882,15955472.162373,39.2417,1,-0.4324
2972488,2972488,1328287617.50176,36.9904638741513,15.2664291305887,15955472.162371,39.300903,1,-0.3732
2972489,2972489,1328287617.50176,36.9904638772933,15.2664291233775,15955472.1619829,39.41039,1,-0.2637
2972490,2972490,1328287617.50186,36.9904574628502,15.2664283894114,15955472.876675,39.027344,0,-0.6467
2972491,2972491,1328287617.50186,36.9904574714715,15.2664283696251,15955472.8758959,39.32775,1,-0.3463
2972492,2972492,1328287617.50196,36.9904510639064,15.2664276204997,15955473.590197,39.172554,1,-0.5015
2972493,2972493,1328287617.50196,36.99045062691,15.2664286135652,15955473.6299366,24.088129,0,-15.5859
2972494,2972494,1328287617.50196,36.9904510674905,15.2664276122741,15955473.5898079,39.29744,1,-0.3766
2972495,2972495,1328287617.50206,36.9904446665496,15.2664268485752,15955474.3033356,39.361164,1,-0.3129
2972496,2972496,1328287617.50236,36.990425460702,15.266424568225,15955476.4447025,39.374744,1,-0.2993
2972497,2972497,1328287617.50236,36.9904254620312,15.2664245651743,15955476.4443153,39.421062,1,-0.253
2972498,2972498,1328287617.50236,36.9904254597996,15.2664245702959,15955476.4447025,39.3433,1,-0.3308
2972499,2972499,1328287617.50256,36.9904126563466,15.2664230522383,15955477.8717789,39.30693,1,-0.3671
2972500,2972500,1328287617.50256,36.9904126552641,15.2664230547225,15955477.872166,39.269215,1,-0.4048
2972501,2972501,1328287617.50256,36.9904126549604,15.2664230554197,15955477.872166,39.25863,1,-0.4154
2972502,2972502,1328287617.50256,36.9904126586084,15.2664230470472,15955477.871775,39.385746,1,-0.2883
2972503,2972503,1328287617.50256,36.9904126517466,15.2664230627955,15955477.8725551,39.146645,1,-0.5274
2972504,2972504,1328287617.50266,36.9904062527181,15.2664222983758,15955478.5849287,39.206337,1,-0.4677
2972505,2972505,1328287617.50276,36.9903995479761,15.2664222289924,15955479.3261976,28.705791,3,-10.9683
2972506,2972506,1328287617.50276,36.9903995383814,15.2664222510126,15955479.3269689,28.371471,3,-11.3026
2972507,2972507,1328287617.50276,36.9903998568139,15.2664215275998,15955479.2980516,39.360085,1,-0.314
2972508,2972508,1328287617.50276,36.9903998579715,15.2664215249431,15955479.2980515,39.400417,1,-0.2736
2972509,2972509,1328287617.50286,36.9903934549104,15.2664207712428,15955480.0115606,39.292282,1,-0.3818
2972510,2972510,1328287617.50296,36.9903870186817,15.2664200918494,15955480.7285429,38.051514,0,-1.6226
2972511,2972511,1328287617.50296,36.9903870573664,15.2664200055337,15955480.7250694,39.3638,1,-0.3103
2972512,2972512,1328287617.50296,36.9903870579972,15.2664200040859,15955480.7250694,39.38578,1,-0.2883
2972513,2972513,1328287617.50296,36.9903870105173,15.2664201105869,15955480.7293147,37.767033,0,-1.907
2972514,2972514,1328287617.50306,36.9903806609529,15.266419237885,15955481.4381932,39.462067,1,-0.212
2972515,2972515,1328287617.50306,36.9903803638393,15.2664199123677,15955481.4652244,29.216337,3,-10.4577
2972516,2972516,1328287617.50306,36.9903806568743,15.2664192472455,15955481.4385792,39.31995,1,-0.3541
2972517,2972517,1328287617.50316,36.9903742482418,15.2664185082969,15955482.1528632,38.97974,0,-0.6943
2972518,2972518,1328287617.50316,36.9903742553534,15.2664184919758,15955482.1520904,39.22754,1,-0.4465
2972519,2972519,1328287617.50326,36.9903678630689,15.2664177230724,15955482.8648306,39.344517,1,-0.3295
2972520,2972520,1328287617.50326,36.9903678574014,15.2664177360796,15955482.8652173,39.147034,1,-0.527
2972521,2972521,1328287617.50336,36.9903614649321,15.2664169613567,15955483.5779568,39.3444,1,-0.3297
2972522,2972522,1328287617.50336,36.9903614680408,15.2664169542222,15955483.5779563,39.452717,1,-0.2213
2972523,2972523,1328287617.50346,36.9903547000955,15.2664170344849,15955484.3247491,26.661041,0,-13.013
2972524,2972524,1328287617.50346,36.9903550665118,15.266416200955,15955484.2914702,39.32149,1,-0.3526
2972525,2972525,1328287617.50346,36.9903550616147,15.266416212194,15955484.2918574,39.150856,1,-0.5232
2972526,2972526,1328287617.50356,36.9903486517785,15.266415478657,15955485.0061475,38.71721,0,-0.9569
2972527,2972527,1328287617.50356,36.9903486696133,15.2664154377261,15955485.0045987,39.338642,1,-0.3354
2972528,2972528,1328287617.50356,36.9903486649217,15.2664154484932,15955485.0049859,39.17517,1,-0.4989
2972529,2972529,1328287617.50366,36.9903422746676,15.2664146706825,15955485.7173411,39.410805,1,-0.2633
2972530,2972530,1328287617.50366,36.9903422690977,15.2664146834655,15955485.7181145,39.21673,1,-0.4573
2972531,2972531,1328287617.50366,36.9903422680249,15.2664146859275,15955485.718115,39.179348,1,-0.4947
2972532,2972532,1328287617.50376,36.9903358720476,15.2664139219202,15955486.4312464,39.202477,1,-0.4716
2972533,2972533,1328287617.50376,36.9903358713307,15.2664139235655,15955486.4312464,39.177498,1,-0.4966
2972534,2972534,1328287617.50376,36.9903358671625,15.2664139331316,15955486.4316336,39.03226,0,-0.6418
2972535,2972535,1328287617.50376,36.9903358754048,15.2664139142155,15955486.4308592,39.319454,1,-0.3546
2972536,2972536,1328287617.50376,36.9903358759824,15.2664139128898,15955486.4308583,39.33958,1,-0.3345
2972537,2972537,1328287617.50386,36.9903294764977,15.2664131576028,15955487.1439921,39.227345,1,-0.4467
2972538,2972538,1328287617.50396,36.9903230872959,15.2664123793883,15955487.8567349,39.460205,1,-0.2139
2972539,2972539,1328287617.50396,36.9903230809478,15.2664123939573,15955487.857123,39.239014,1,-0.4351
2972540,2972540,1328287617.50406,36.9903166887631,15.2664116232623,15955488.5698706,39.35468,1,-0.3194
2972541,2972541,1328287617.50406,36.9903166889146,15.2664116229147,15955488.5698706,39.359955,1,-0.3141
2972542,2972542,1328287617.50406,36.9903166886716,15.2664116234724,15955488.5698706,39.35149,1,-0.3226
2972543,2972543,1328287617.50406,36.9903163465696,15.2664124011954,15955488.6009251,27.538328,3,-12.1357
2972544,2972544,1328287617.50406,36.9903166854138,15.2664116309489,15955488.5702578,39.237976,1,-0.4361
2972545,2972545,1328287617.50406,36.9903165694956,15.2664118945143,15955488.5807387,35.234596,0,-4.4395
2972546,2972546,1328287617.50416,36.990309989918,15.2664115496265,15955489.3105799,28.878796,3,-10.7953
2972547,2972547,1328287617.50416,36.9903102927938,15.2664108619281,15955489.2830063,39.32516,1,-0.3489
2972548,2972548,1328287617.50416,36.9903102946441,15.2664108576815,15955489.2826201,39.389633,1,-0.2844
2972549,2972549,1328287617.50426,36.9903038954782,15.26641010436,15955489.9961439,39.235367,1,-0.4387
2972550,2972550,1328287617.50426,36.9903038983998,15.2664100976549,15955489.9957568,39.33717,1,-0.3369
2972551,2972551,1328287617.50426,36.9903038973703,15.2664101000178,15955489.9957577,39.301296,1,-0.3728
2972552,2972552,1328287617.50436,36.9902975007591,15.2664093415108,15955490.7088972,39.222633,1,-0.4514
2972553,2972553,1328287617.50436,36.9902975051864,15.2664093313501,15955490.7085081,39.376896,1,-0.2972
2972554,2972554,1328287617.50436,36.9902975030982,15.2664093361425,15955490.7088953,39.30414,1,-0.3699
2972555,2972555,1328287617.50446,36.9902911111242,15.2664085676722,15955491.4212614,39.37359,1,-0.3005
2972556,2972556,1328287617.50446,36.9902911093548,15.2664085717329,15955491.4216496,39.311935,1,-0.3621
2972557,2972557,1328287617.50456,36.9902847122182,15.2664078157908,15955492.1347929,39.18799,1,-0.4861
2972558,2972558,1328287617.50456,36.9902847159307,15.2664078072706,15955492.1344038,39.31735,1,-0.3567
2972559,2972559,1328287617.50456,36.9902843976056,15.2664085304225,15955492.1632048,28.332716,3,-11.3413
2972560,2972560,1328287617.50456,36.9902847147214,15.266407810046,15955492.1344048,39.27521,1,-0.3989
2972561,2972561,1328287617.50466,36.9902783291418,15.2664070305621,15955492.8463837,39.5072,1,-0.1669
2972562,2972562,1328287617.50466,36.9902783245803,15.2664070410305,15955492.8467738,39.348263,1,-0.3258
2972563,2972563,1328287617.50466,36.9902783233668,15.2664070438156,15955492.84716,39.30598,1,-0.3681
2972564,2972564,1328287617.50476,36.9902719224565,15.2664062955971,15955493.5606963,39.05658,0,-0.6175
2972565,2972565,1328287617.50476,36.9902719294192,15.2664062796179,15955493.559919,39.299183,1,-0.3749
2972566,2972566,1328287617.50486,36.9902655308885,15.2664055289216,15955494.273069,39.085857,0,-0.5882
2972567,2972567,1328287617.50486,36.9902652094165,15.2664062592934,15955494.3023049,27.99161,3,-11.6825
2972568,2972568,1328287617.50496,36.990259139662,15.266404762146,15955494.98583,39.113346,0,-0.5607
2972569,2972569,1328287617.50506,36.9902527571917,15.2664039759599,15955495.6974274,39.432205,1,-0.2419
2972570,2972570,1328287617.50516,36.9902463670509,15.2664032080629,15955496.4098069,39.47003,1,-0.204
2972571,2972571,1328287617.50516,36.990246362754,15.266403217924,15955496.4101979,39.320312,1,-0.3538
2972572,2972572,1328287617.50516,36.9902463639595,15.2664032151575,15955496.410196,39.362316,1,-0.3117
2972573,2972573,1328287617.50516,36.990246368043,15.266403205786,15955496.4098049,39.504597,1,-0.1695
2972574,2972574,1328287617.50516,36.9902463612047,15.2664032214796,15955496.4105831,39.26633,1,-0.4077
2972575,2972575,1328287617.50526,36.9902399727596,15.2664024526765,15955497.1225773,39.316254,1,-0.3578
2972576,2972576,1328287617.50526,36.9902399797109,15.2664024367234,15955497.1221844,39.55846,1,-0.1156
2972577,2972577,1328287617.50526,36.9902399704674,15.2664024579368,15955497.1229664,39.23639,1,-0.4377
2972578,2972578,1328287617.50526,36.9902399752492,15.2664024469628,15955497.1225754,39.403,1,-0.2711
2972579,2972579,1328287617.50526,36.9902399738096,15.2664024502667,15955497.1225773,39.35284,1,-0.3212
2972580,2972580,1328287617.50526,36.9902399682579,15.2664024630077,15955497.1229683,39.1594,1,-0.5147
2972581,2972581,1328287617.50536,36.9902335812316,15.2664016893353,15955497.8353478,39.278103,1,-0.396
2972582,2972582,1328287617.50546,36.9902271932114,15.2664009184746,15955498.5468481,39.350544,1,-0.3235
2972583,2972583,1328287617.50556,36.9902208027197,15.2664001541293,15955499.2592043,39.32072,1,-0.3533
2972584,2972584,1328287617.50556,36.9902208041796,15.2664001507789,15955499.258819,39.371586,1,-0.3025
2972585,2972585,1328287617.50556,36.9902208018817,15.2664001560525,15955499.2592044,39.29152,1,-0.3825
2972586,2972586,1328287617.50566,36.9902140938716,15.2664001136889,15955500.0004914,28.291332,3,-11.3827
2972587,2972587,1328287617.50566,36.9902144131047,15.2663993884597,15955499.9715608,39.307503,1,-0.3666
2972588,2972588,1328287617.50566,36.9902144081786,15.266399399765,15955499.9719465,39.135857,1,-0.5382
2972589,2972589,1328287617.50576,36.9902078193717,15.2663986440978,15955500.706266,39.378555,1,-0.2955
2972590,2972590,1328287617.50576,36.9902078191387,15.2663986446325,15955500.706266,39.370438,1,-0.3036
2972591,2972591,1328287617.50576,36.9902078193887,15.2663986440587,15955500.706266,39.37915,1,-0.2949
2972592,2972592,1328287617.50586,36.9902014424599,15.2663978815716,15955501.4170826,39.28574,1,-0.3883
2972593,2972593,1328287617.50586,36.9902011281845,15.266398595412,15955501.4456573,28.442486,3,-11.2316
2972594,2972594,1328287617.50586,36.9902014401113,15.2663978869615,15955501.4174684,39.203907,1,-0.4702
2972595,2972595,1328287617.50586,36.990201443386,15.2663978794463,15955501.4170824,39.318005,1,-0.3561
2972596,2972596,1328287617.50596,36.9901950663173,15.2663971156898,15955502.1278999,39.238533,1,-0.4355
2972597,2972597,1328287617.50596,36.9901950721357,15.2663971023369,15955502.1275132,39.44126,1,-0.2328
2972598,2972598,1328287617.50596,36.9901950695088,15.2663971083655,15955502.127899,39.349735,1,-0.3243
2972599,2972599,1328287617.50606,36.9901886877938,15.2663963559701,15955502.8391037,39.09416,0,-0.5799
2972600,2972600,1328287617.50606,36.9901886926276,15.2663963448768,15955502.8387175,39.262585,1,-0.4115
2972601,2972601,1328287617.50616,36.9901823189171,15.2663955748036,15955503.5495344,39.27177,1,-0.4023
2972602,2972602,1328287617.50616,36.9901823189982,15.2663955746174,15955503.5495344,39.274597,1,-0.3995
2972603,2972603,1328287617.50616,36.9901819999816,15.2663962993394,15955503.5785399,28.266134,3,-11.4079
2972604,2972604,1328287617.50626,36.9901759452365,15.2663948053476,15955504.2599674,39.267937,1,-0.4061
2972605,2972605,1328287617.50626,36.9901758890636,15.2663949317941,15955504.2649971,37.346367,0,-2.3277
2972606,2972606,1328287617.50626,36.9901756073175,15.2663955734496,15955504.2909217,27.600855,3,-12.0732
2972607,2972607,1328287617.50636,36.9901695729165,15.2663940334487,15955504.9703999,39.29752,1,-0.3765
2972608,2972608,1328287617.50636,36.9901695694653,15.2663940413689,15955504.9707866,39.177273,1,-0.4968
2972609,2972609,1328287617.50646,36.990163186419,15.2663932947596,15955505.6823812,38.819206,0,-0.8549
2972610,2972610,1328287617.50646,36.9901631970334,15.2663932704002,15955505.6812206,39.189045,1,-0.485
2972611,2972611,1328287617.50656,36.9901568232463,15.2663925077961,15955506.3920413,39.0736,0,-0.6005
2972612,2972612,1328287617.50656,36.9901568309253,15.2663924901732,15955506.3912669,39.34116,1,-0.3329
2972613,2972613,1328287617.50666,36.9901504549622,15.2663917286354,15955507.102089,39.20232,1,-0.4717
2972614,2972614,1328287617.50666,36.9901501337135,15.2663924584817,15955507.1311703,28.116045,3,-11.558
2972615,2972615,1328287617.50666,36.9901501397858,15.2663924445461,15955507.1307822,28.327621,3,-11.3464
2972616,2972616,1328287617.50666,36.9901504622584,15.2663917118911,15955507.1013146,39.45654,1,-0.2175
2972617,2972617,1328287617.50676,36.9901440915783,15.2663909411768,15955507.8117495,39.45502,1,-0.219
2972618,2972618,1328287617.50676,36.9901440925638,15.2663909389152,15955507.8117486,39.489357,1,-0.1847
2972619,2972619,1328287617.50676,36.990144087174,15.2663909512845,15955507.8121377,39.30156,1,-0.3725
2972620,2972620,1328287617.50686,36.990137716256,15.2663901794697,15955508.5225735,39.311245,1,-0.3628
2972621,2972621,1328287617.50686,36.9901377203849,15.2663901699942,15955508.5221854,39.45511,1,-0.219
2972622,2972622,1328287617.50696,36.9901313481527,15.2663894018363,15955509.2326232,39.4055,1,-0.2686
2972623,2972623,1328287617.50696,36.990131346252,15.2663894061982,15955509.2326241,39.33927,1,-0.3348
2972624,2972624,1328287617.50696,36.9901313487683,15.2663894004235,15955509.2326222,39.42695,1,-0.2471
2972625,2972625,1328287617.50696,36.9901313408942,15.2663894184941,15955509.2333985,39.152588,1,-0.5215
2972626,2972626,1328287617.50696,36.9901312617624,15.2663895976306,15955509.2403899,36.43105,0,-3.243
2972627,2972627,1328287617.50696,36.990131343568,15.2663894123579,15955509.2330113,39.245754,1,-0.4283
2972628,2972628,1328287617.50696,36.9901313448763,15.2663894093553,15955509.2330103,39.29134,1,-0.3827
2972629,2972629,1328287617.50706,36.9901249768477,15.2663886321849,15955509.9430609,39.374767,1,-0.2993
2972630,2972630,1328287617.50706,36.9901249774686,15.2663886307598,15955509.94306,39.396404,1,-0.2777
2972631,2972631,1328287617.50706,36.9901249751696,15.266388636036,15955509.9430628,39.3163,1,-0.3578
2972632,2972632,1328287617.50706,36.9901249770592,15.2663886316995,15955509.9430609,39.382137,1,-0.2919
2972633,2972633,1328287617.50716,36.9901186008744,15.266387871581,15955510.6538888,39.20112,1,-0.4729
2972634,2972634,1328287617.50716,36.9901186066742,15.2663878582708,15955510.6531134,39.403202,1,-0.2709
2972635,2972635,1328287617.50716,36.990118606878,15.2663878578031,15955510.6531134,39.4103,1,-0.2638
2972636,2972636,1328287617.50726,36.9901122392479,15.2663870809665,15955511.363165,39.481026,1,-0.193
2972637,2972637,1328287617.50726,36.9901122358451,15.2663870887758,15955511.3635531,39.36246,1,-0.3116
2972638,2972638,1328287617.50736,36.9901058663981,15.2663863190159,15955512.0739937,39.32365,1,-0.3504
2972639,2972639,1328287617.50736,36.9901055426968,15.2663870544939,15955512.1031838,28.151857,3,-11.5222
2972640,2972640,1328287617.50736,36.9901058704549,15.2663863097056,15955512.0736056,39.465004,1,-0.2091
2972641,2972641,1328287617.50736,36.9901055387018,15.2663870636621,15955512.1035729,28.012661,3,-11.6614
2972642,2972642,1328287617.50736,36.9901058542923,15.2663863467981,15955512.0747757,38.901848,0,-0.7722
2972643,2972643,1328287617.50746,36.99009949918,15.2663855424549,15955512.7836648,39.382496,1,-0.2916
2972644,2972644,1328287617.50746,36.9900994975951,15.266385546092,15955512.784051,39.327274,1,-0.3468
2972645,2972645,1328287617.50756,36.9900931267501,15.2663847784548,15955513.4941102,39.24676,1,-0.4273
2972646,2972646,1328287617.50756,36.9900931251234,15.2663847821881,15955513.4944983,39.19008,1,-0.484
2972647,2972647,1328287617.50756,36.99009312774,15.2663847761829,15955513.4941092,39.281254,1,-0.3928
2972648,2972648,1328287617.50776,36.9900800560199,15.2663839926864,15955514.9446459,27.689278,3,-11.9848
2972649,2972649,1328287617.50776,36.9900803877916,15.2663832386849,15955514.9146166,39.14231,1,-0.5318
2972650,2972650,1328287617.50786,36.9900740250655,15.2663824541745,15955515.6242877,39.30628,1,-0.3678
2972651,2972651,1328287617.50786,36.9900740264601,15.266382450974,15955515.6239005,39.35487,1,-0.3192
2972652,2972652,1328287617.50796,36.9900676592024,15.2663816774356,15955516.3339625,39.348324,1,-0.3257
2972653,2972653,1328287617.50796,36.990067656711,15.2663816831533,15955516.3343497,39.261513,1,-0.4126
2972654,2972654,1328287617.50796,36.9900676572801,15.2663816818471,15955516.3343497,39.281345,1,-0.3927
2972655,2972655,1328287617.50796,36.9900673299784,15.2663824255913,15955516.3640204,27.984034,3,-11.69
2972656,2972656,1328287617.50806,36.9900612974169,15.2663808919041,15955517.0436335,39.519924,1,-0.1541
2972657,2972657,1328287617.50816,36.9900549250275,15.2663801312661,15955517.7540904,39.30962,1,-0.3644
2972658,2972658,1328287617.50816,36.9900549276941,15.2663801251463,15955517.7537032,39.402534,1,-0.2715
2972659,2972659,1328287617.50826,36.9900482244897,15.2663801166928,15955518.4933586,27.762686,3,-11.9114
2972660,2972660,1328287617.50826,36.9900485523365,15.2663793716961,15955518.4636898,39.079018,0,-0.595
2972661,2972661,1328287617.50836,36.9900421912373,15.2663785862423,15955519.1729627,39.23754,1,-0.4365
2972662,2972662,1328287617.50836,36.9900421898491,15.266378589428,15955519.1729627,39.18917,1,-0.4849
2972663,2972663,1328287617.50846,36.9900358220929,15.2663778197883,15955519.8830062,39.103603,0,-0.5705
2972664,2972664,1328287617.50846,36.9900358245067,15.2663778142488,15955519.883006,39.18771,1,-0.4864
2972665,2972665,1328287617.50846,36.9900358265758,15.2663778095003,15955519.8826205,39.259804,1,-0.4143
2972666,2972666,1328287617.50856,36.9900294639336,15.2663770286531,15955520.5922779,39.340393,1,-0.3337
2972667,2972667,1328287617.50856,36.9900294631858,15.2663770303692,15955520.5922779,39.314335,1,-0.3597
2972668,2972668,1328287617.50866,36.9900230932554,15.2663762667702,15955521.3023218,39.12904,1,-0.545
2972669,2972669,1328287617.50866,36.9900230969234,15.2663762583522,15955521.3019358,39.256847,1,-0.4172
2972670,2972670,1328287617.50866,36.9900231000976,15.2663762510675,15955521.3019351,39.367447,1,-0.3066
2972671,2972671,1328287617.50876,36.9900167313672,15.266375487521,15955522.0119788,39.179085,1,-0.495
2972672,2972672,1328287617.50876,36.9900167382275,15.2663754717768,15955522.0112065,39.418125,1,-0.2559
2972673,2972673,1328287617.50876,36.9900167254785,15.2663755010353,15955522.0123657,38.973904,0,-0.7002
2972674,2972674,1328287617.50876,36.9900167220496,15.2663755089047,15955522.0127517,38.854427,0,-0.8196
2972675,2972675,1328287617.50886,36.9900103723208,15.266374699965,15955522.7208644,39.34946,1,-0.3246
2972676,2972676,1328287617.50896,36.9900040112001,15.2663739176688,15955523.4305211,39.435936,1,-0.2381
2972677,2972677,1328287617.50896,36.9900040116707,15.2663739165889,15955523.4305207,39.45233,1,-0.2217
2972678,2972678,1328287617.50896,36.9900040102557,15.2663739198363,15955523.4305211,39.403027,1,-0.271
2972679,2972679,1328287617.50896,36.9900040093841,15.2663739218366,15955523.4305216,39.372658,1,-0.3014
2972680,2972680,1328287617.50896,36.9900040068563,15.2663739276379,15955523.4309074,39.284576,1,-0.3895
2972681,2972681,1328287617.50906,36.9899976474391,15.2663731419244,15955524.1401783,39.41888,1,-0.2552
2972682,2972682,1328287617.50906,36.9899976452863,15.266373146865,15955524.1401788,39.34387,1,-0.3302
2972683,2972683,1328287617.50906,36.9899976491238,15.266373138058,15955524.1397926,39.47758,1,-0.1965
2972684,2972684,1328287617.50916,36.9899912792037,15.2663723746416,15955524.8502227,39.267536,1,-0.4065
2972685,2972685,1328287617.50916,36.9899912811182,15.2663723702478,15955524.8498365,39.334244,1,-0.3398
2972686,2972686,1328287617.50916,36.9899909571657,15.2663731063135,15955524.8792559,28.153467,3,-11.5206
2972687,2972687,1328287617.50916,36.9899912821134,15.2663723679638,15955524.849836,39.36892,1,-0.3051
2972688,2972688,1328287617.50926,36.9899849209359,15.2663715872523,15955525.5591074,39.419144,1,-0.2549
2972689,2972689,1328287617.50926,36.9899849174552,15.2663715952403,15955525.5594946,39.297863,1,-0.3762
2972690,2972690,1328287617.50926,36.9899849243539,15.266371579408,15955525.5587207,39.53824,1,-0.1358
2972691,2972691,1328287617.50926,36.9899849184723,15.2663715929061,15955525.5594942,39.3333,1,-0.3408
2972692,2972692,1328287617.50936,36.9899785563919,15.2663708170277,15955526.2687675,39.307823,1,-0.3662
2972693,2972693,1328287617.50936,36.9899782054417,15.2663716150543,15955526.300543,27.186314,3,-12.4878
2972694,2972694,1328287617.50936,36.9899785595744,15.2663708097239,15955526.2683808,39.418716,1,-0.2553
2972695,2972695,1328287617.50936,36.9899785533239,15.2663708240687,15955526.2691542,39.200924,1,-0.4731
2972696,2972696,1328287617.50936,36.9899785535814,15.2663708234779,15955526.2691542,39.209892,1,-0.4642
2972697,2972697,1328287617.50946,36.9899721961452,15.2663700351112,15955526.9780394,39.36817,1,-0.3059
2972698,2972698,1328287617.50946,36.9899721943851,15.2663700391507,15955526.9780404,39.30684,1,-0.3672
2972699,2972699,1328287617.50946,36.9899721918684,15.2663700449265,15955526.9784266,39.21915,1,-0.4549
2972700,2972700,1328287617.50956,36.9899658367104,15.2663692517859,15955527.6873108,39.44581,1,-0.2283
2972701,2972701,1328287617.50956,36.9899658338225,15.2663692584136,15955527.6873127,39.34518,1,-0.3289
2972702,2972702,1328287617.50956,36.9899658261671,15.2663692759826,15955527.6880871,39.078438,0,-0.5956
2972703,2972703,1328287617.50966,36.9899594668692,15.2663684927897,15955528.3973605,39.14996,1,-0.5241
2972704,2972704,1328287617.50976,36.9899531126659,15.2663676983437,15955529.1062447,39.38822,1,-0.2858
2972705,2972705,1328287617.50986,36.9899467569457,15.2663669123928,15955529.8147446,39.49691,1,-0.1772
2972706,2972706,1328287617.50996,36.9899403147153,15.2663663183574,15955530.5314051,36.68236,0,-2.9917
2972707,2972707,1328287617.50996,36.9899403912056,15.2663661452786,15955530.5247952,39.31196,1,-0.3621
2972708,2972708,1328287617.51006,36.9899340318975,15.2663653638184,15955531.2336842,39.34068,1,-0.3334
2972709,2972709,1328287617.51006,36.9899340218145,15.2663653869591,15955531.2348477,38.98934,0,-0.6847
2972710,2972710,1328287617.51006,36.9899340248268,15.2663653800459,15955531.2344605,39.094303,0,-0.5798
2972711,2972711,1328287617.51016,36.9899273670063,15.2663652766826,15955531.9705864,28.818184,3,-10.8559
2972712,2972712,1328287617.51016,36.9899276715763,15.2663645850916,15955531.9429604,39.323765,1,-0.3503
2972713,2972713,1328287617.51016,36.9899276695492,15.266364589744,15955531.9433476,39.253128,1,-0.4209
2972714,2972714,1328287617.51016,36.9899276673694,15.2663645947466,15955531.9433495,39.177177,1,-0.4969
2972715,2972715,1328287617.51016,36.9899276718612,15.266364584438,15955531.9429604,39.33369,1,-0.3404
2972716,2972716,1328287617.51026,36.9899213111753,15.2663638069483,15955532.6522376,39.293846,1,-0.3802
2972717,2972717,1328287617.51026,36.9899213094032,15.2663638110153,15955532.6526257,39.232098,1,-0.442
2972718,2972718,1328287617.51026,36.9899213150284,15.2663637981053,15955532.6518494,39.42811,1,-0.246
2972719,2972719,1328287617.51036,36.9899149502286,15.2663630304497,15955533.3615176,39.23481,1,-0.4393
2972720,2972720,1328287617.51036,36.9899149544124,15.2663630208477,15955533.3611275,39.380592,1,-0.2935
2972721,2972721,1328287617.51046,36.9899085867427,15.2663622601631,15955534.0711857,39.0773,0,-0.5968
2972722,2972722,1328287617.51056,36.989902236119,15.2663614607343,15955534.7792994,39.35809,1,-0.316
2972723,2972723,1328287617.51056,36.9899021928664,15.2663615575331,15955534.7835833,37.886623,0,-1.7874
2972724,2972724,1328287617.51076,36.9898895331251,15.2663598669836,15955536.196303,39.829643,0,0.1556
2972725,2972725,1328287617.51076,36.9898895198108,15.2663598975402,15955536.1974741,39.36571,1,-0.3084
2972726,2972726,1328287617.51076,36.9898895175002,15.266359902843,15955536.1978632,39.2852,1,-0.3889
2972727,2972727,1328287617.51076,36.989889421406,15.266360120915,15955536.206452,35.972473,0,-3.7016
2972728,2972728,1328287617.51086,36.9898831643119,15.2663591126736,15955536.9063689,39.414677,1,-0.2594
2972729,2972729,1328287617.51096,36.9898768039397,15.2663583370456,15955537.6156546,39.317432,1,-0.3566
2972730,2972730,1328287617.51106,36.9898704487021,15.2663575499707,15955538.324166,39.38981,1,-0.2843
2972731,2972731,1328287617.51106,36.9898704441956,15.2663575603135,15955538.324557,39.232777,1,-0.4413
2972732,2972732,1328287617.51116,36.9898640895976,15.2663567719227,15955539.0323938,39.320858,1,-0.3532
2972733,2972733,1328287617.51116,36.9898640809687,15.2663567917262,15955539.03355,39.020184,0,-0.6539
2972734,2972734,1328287617.51136,36.9898510750868,15.2663558897615,15955540.4779336,28.933022,3,-10.741
2972735,2972735,1328287617.51136,36.9898513795715,15.2663551983564,15955540.450153,39.435852,1,-0.2382
2972736,2972736,1328287617.51136,36.9898513781903,15.2663552015262,15955540.450153,39.387726,1,-0.2863
2972737,2972737,1328287617.51136,36.9898513755599,15.2663552075631,15955540.4505388,39.296066,1,-0.378
2972738,2972738,1328287617.51136,36.9898513734786,15.2663552123399,15955540.450539,39.223545,1,-0.4505
2972739,2972739,1328287617.51136,36.9898513702072,15.2663552198477,15955540.4509248,39.109554,0,-0.5645
2972740,2972740,1328287617.51146,36.9898450224763,15.2663544168136,15955541.159032,39.407513,1,-0.2666
2972741,2972741,1328287617.51156,36.9898386619598,15.2663536434203,15955541.868297,39.251255,1,-0.4228
2972742,2972742,1328287617.51156,36.9898386635295,15.2663536398178,15955541.8679112,39.30595,1,-0.3681
2972743,2972743,1328287617.51156,36.9898386620199,15.2663536432822,15955541.868297,39.25335,1,-0.4207
2972744,2972744,1328287617.51166,36.9898322993389,15.2663528751458,15955542.5775618,39.013096,0,-0.661
2972745,2972745,1328287617.51176,36.9898259535294,15.2663520685693,15955543.2856668,39.35228,1,-0.3218
2972746,2972746,1328287617.51176,36.989825951257,15.2663520737846,15955543.2856678,39.273098,1,-0.401
2972747,2972747,1328287617.51176,36.9898259511988,15.2663520739182,15955543.2856678,39.27107,1,-0.403
2972748,2972748,1328287617.51186,36.9898195985677,15.2663512832709,15955543.9941591,39.364223,1,-0.3098
2972749,2972749,1328287617.51186,36.9898195960537,15.2663512890407,15955543.9945449,39.27662,1,-0.3974
2972750,2972750,1328287617.51186,36.9898195971693,15.2663512864803,15955543.9941596,39.315495,1,-0.3586
2972751,2972751,1328287617.51196,36.9898132363313,15.2663505149336,15955544.7034244,39.11446,0,-0.5596
2972752,2972752,1328287617.51196,36.9898132369584,15.2663505134942,15955544.7034244,39.136314,1,-0.5378
2972753,2972753,1328287617.51206,36.989806884142,15.2663497237943,15955545.4119152,39.206715,1,-0.4673
2972754,2972754,1328287617.51206,36.9898065795493,15.2663504154539,15955545.4397954,28.699976,3,-10.9741
2972755,2972755,1328287617.51216,36.9898005288179,15.2663489400987,15955546.1207923,39.18177,1,-0.4923
2972756,2972756,1328287617.51226,36.989793864752,15.2663488578279,15955546.8575806,28.49763,3,-11.1764
2972757,2972757,1328287617.51226,36.9897941741905,15.266348155045,15955546.8292841,39.173267,1,-0.5008
2972758,2972758,1328287617.51226,36.9897941650079,15.2663481761198,15955546.8304447,38.85329,0,-0.8208
2972759,2972759,1328287617.51236,36.989787825128,15.2663473574524,15955547.5377726,39.35096,1,-0.3231
2972760,2972760,1328287617.51236,36.9897878147009,15.2663473813833,15955547.5385498,38.987617,0,-0.6864
2972761,2972761,1328287617.51236,36.9897878227337,15.2663473629475,15955547.5377745,39.26753,1,-0.4065
2972762,2972762,1328287617.51256,36.9897751149412,15.2663457906159,15955548.9551434,39.2634,1,-0.4107
2972763,2972763,1328287617.51256,36.9897751095793,15.2663458029221,15955548.9555325,39.076557,0,-0.5975
2972764,2972764,1328287617.51276,36.9897624132011,15.2663442052282,15955550.3717379,39.44082,1,-0.2332
2972765,2972765,1328287617.51276,36.9897620740192,15.2663449762799,15955550.4024405,27.728628,3,-11.9454
2972766,2972766,1328287617.51276,36.9897624093928,15.2663442139688,15955550.372126,39.308113,1,-0.366
2972767,2972767,1328287617.51276,36.9897620817124,15.2663449586232,15955550.4016642,27.996708,3,-11.6774
2972768,2972768,1328287617.51276,36.9897620947461,15.2663449287098,15955550.4004978,28.45088,3,-11.2232
2972769,2972769,1328287617.51286,36.9897560543578,15.2663434311266,15955551.0806183,39.240997,1,-0.4331
2972770,2972770,1328287617.51296,36.9897497016826,15.2663426453428,15955551.7891134,39.216167,1,-0.4579
2972771,2972771,1328287617.51306,36.9897433523017,15.2663418498848,15955552.4972166,39.332283,1,-0.3418
2972772,2972772,1328287617.51316,36.9897370035288,15.2663410531995,15955553.2053217,39.462883,1,-0.2112
2972773,2972773,1328287617.51316,36.9897369974428,15.2663410671673,15955553.2060989,39.250813,1,-0.4233
2972774,2972774,1328287617.51316,36.9897369989352,15.2663410637422,15955553.2057108,39.302814,1,-0.3713
2972775,2972775,1328287617.51326,36.9897306495764,15.2663402731416,15955553.9142031,39.34045,1,-0.3336
2972776,2972776,1328287617.51326,36.9897306451474,15.2663402833066,15955553.9145922,39.186115,1,-0.4879
2972777,2972777,1328287617.51336,36.9897242969426,15.2663394856297,15955554.6226982,39.323486,1,-0.3506
2972778,2972778,1328287617.51336,36.9897242961903,15.2663394873562,15955554.6226982,39.29727,1,-0.3768
2972779,2972779,1328287617.51346,36.9897179413073,15.2663387051506,15955555.3311962,39.19561,1,-0.4785
2972780,2972780,1328287617.51356,36.9897115954506,15.2663379023646,15955556.0392994,39.40229,1,-0.2718
2972781,2972781,1328287617.51366,36.9897052408383,15.2663371198018,15955556.7477974,39.2978,1,-0.3763
2972782,2972782,1328287617.51366,36.9897052418835,15.2663371174029,15955556.7477955,39.33422,1,-0.3398
2972783,2972783,1328287617.51366,36.9897052418549,15.2663371174686,15955556.7477955,39.333225,1,-0.3408
2972784,2972784,1328287617.51376,36.9896988918308,15.2663363267851,15955557.4559063,39.349705,1,-0.3244
2972785,2972785,1328287617.51376,36.9896988905431,15.2663363297405,15955557.4559082,39.304832,1,-0.3692
2972786,2972786,1328287617.51376,36.9896988910876,15.2663363284907,15955557.4559082,39.323807,1,-0.3503
2972787,2972787,1328287617.51386,36.9896925421902,15.2663355307535,15955558.1640152,39.4397,1,-0.2344
2972788,2972788,1328287617.51386,36.9896925395398,15.2663355368365,15955558.1644043,39.347343,1,-0.3267
2972789,2972789,1328287617.51396,36.9896861172378,15.2663349073335,15955558.8783441,36.904743,0,-2.7693
2972790,2972790,1328287617.51396,36.9896861911635,15.2663347401313,15955558.8717926,39.445183,1,-0.2289
2972791,2972791,1328287617.51396,36.989686186019,15.2663347519387,15955558.872178,39.265907,1,-0.4082
2972792,2972792,1328287617.51406,36.9896798320176,15.2663339684054,15955559.5806615,39.15974,1,-0.5143
2972793,2972793,1328287617.51406,36.9896798375762,15.2663339556478,15955559.5802757,39.35344,1,-0.3206
2972794,2972794,1328287617.51416,36.989674158196,15.2663316361909,15955560.2274233,62.572334,0,22.8983
2972795,2972795,1328287617.51416,36.989673481272,15.2663331774877,15955560.2891439,39.161606,1,-0.5125
2972796,2972796,1328287617.51416,36.989673485243,15.2663331683735,15955560.2887582,39.299988,1,-0.3741
2972797,2972797,1328287617.51416,36.9896734857085,15.2663331673052,15955560.2883728,39.316208,1,-0.3579
2972798,2972798,1328287617.51426,36.989667126507,15.2663323958749,15955560.9976261,39.01812,0,-0.6559
2972799,2972799,1328287617.51426,36.9896671392947,15.2663323665251,15955560.9964684,39.46374,1,-0.2103
2972800,2972800,1328287617.51436,36.9896607884421,15.2663315782946,15955561.7045635,39.418457,1,-0.2556
2972801,2972801,1328287617.51436,36.9896607856913,15.2663315846081,15955561.7049495,39.322598,1,-0.3515
2972802,2972802,1328287617.51446,36.9896544365785,15.2663307901585,15955562.4130438,39.365894,1,-0.3082
2972803,2972803,1328287617.51446,36.9896544370079,15.2663307891731,15955562.4130438,39.380856,1,-0.2932
2972804,2972804,1328287617.51446,36.9896544349782,15.2663307938314,15955562.4134293,39.310127,1,-0.3639
2972805,2972805,1328287617.51456,36.9896480862552,15.2663299985434,15955563.1215227,39.362106,1,-0.312
2972806,2972806,1328287617.51456,36.9896480841921,15.2663300032785,15955563.1215232,39.29021,1,-0.3839
2972807,2972807,1328287617.51456,36.989648082881,15.2663300062875,15955563.1215237,39.244526,1,-0.4295
2972808,2972808,1328287617.51466,36.9896417352423,15.266329206269,15955563.8296159,39.3625,1,-0.3116
2972809,2972809,1328287617.51466,36.9896417347519,15.2663292073948,15955563.8296159,39.345406,1,-0.3287
2972810,2972810,1328287617.51476,36.9896353851118,15.2663284142996,15955564.5380939,39.356026,1,-0.318
2972811,2972811,1328287617.51476,36.9896353787499,15.2663284289012,15955564.538482,39.13433,1,-0.5397
2972812,2972812,1328287617.51476,36.9896353871001,15.2663284097362,15955564.5377081,39.425316,1,-0.2487
2972813,2972813,1328287617.51486,36.9896290371716,15.2663276173353,15955565.2461851,39.42138,1,-0.2527
2972814,2972814,1328287617.51486,36.9896290348789,15.2663276225975,15955565.2461866,39.34148,1,-0.3326
2972815,2972815,1328287617.51496,36.9896226855753,15.2663268310766,15955565.9542778,39.321976,1,-0.3521
2972816,2972816,1328287617.51516,36.9896099881352,15.2663252408182,15955567.3704589,39.37698,1,-0.2971
2972817,2972817,1328287617.51516,36.9896099794562,15.266325260738,15955567.3712343,39.07453,0,-0.5995
2972818,2972818,1328287617.51526,36.9896036393454,15.2663244458545,15955568.0785487,39.39601,1,-0.2781
2972819,2972819,1328287617.51526,36.9896036355633,15.2663244545351,15955568.0789369,39.26421,1,-0.4099
2972820,2972820,1328287617.51526,36.9896036327819,15.2663244609188,15955568.0793241,39.167286,1,-0.5068
2972821,2972821,1328287617.51536,36.9895969925211,15.2663243275242,15955568.8138097,29.132206,3,-10.5419
2972822,2972822,1328287617.51536,36.9895972873819,15.2663236581679,15955568.7870267,39.300594,1,-0.3735
2972823,2972823,1328287617.51546,36.9895909360648,15.2663228689828,15955569.4955037,39.223988,1,-0.4501
2972824,2972824,1328287617.51546,36.9895909371188,15.2663228665638,15955569.4955028,39.260715,1,-0.4133
2972825,2972825,1328287617.51546,36.9895909399845,15.2663228599864,15955569.4951156,39.36058,1,-0.3135
2972826,2972826,1328287617.51556,36.989584328981,15.2663226618726,15955570.226908,30.302055,0,-9.372
2972827,2972827,1328287617.51556,36.9895845897726,15.2663220682423,15955570.2032064,39.318897,1,-0.3552
2972828,2972828,1328287617.51566,36.989578243232,15.2663212680416,15955570.9112943,39.401695,1,-0.2724
2972829,2972829,1328287617.51566,36.9895779392605,15.2663219583119,15955570.9388965,28.915737,3,-10.7583
2972830,2972830,1328287617.51566,36.9895782396853,15.266321276182,15955570.9116824,39.2781,1,-0.396
2972831,2972831,1328287617.51576,36.9895718878307,15.2663204881401,15955571.6197742,39.172382,1,-0.5017
2972832,2972832,1328287617.51586,36.9895655460718,15.2663196768807,15955572.327473,39.4153,1,-0.2588
2972833,2972833,1328287617.51586,36.9895655403934,15.2663196899138,15955572.327864,39.217415,1,-0.4566
2972834,2972834,1328287617.51586,36.9895655434997,15.2663196827844,15955572.3274749,39.32566,1,-0.3484
2972835,2972835,1328287617.51606,36.9895528530066,15.2663180761078,15955573.7432626,39.55935,1,-0.1147
2972836,2972836,1328287617.51606,36.9895528457854,15.266318092682,15955573.7440408,39.307697,1,-0.3664
2972837,2972837,1328287617.51606,36.9895528448145,15.2663180949102,15955573.7440418,39.273865,1,-0.4002
2972838,2972838,1328287617.51606,36.9895528459971,15.266318092196,15955573.7440408,39.31508,1,-0.359
2972839,2972839,1328287617.51616,36.9895465005574,15.2663172892018,15955574.4517425,39.42092,1,-0.2531
2972840,2972840,1328287617.51616,36.9895464961514,15.2663172993145,15955574.4521316,39.26738,1,-0.4067
2972841,2972841,1328287617.51626,36.9895401455466,15.2663165080994,15955575.1602233,39.19055,1,-0.4835
2972842,2972842,1328287617.51626,36.9895401509379,15.2663164957251,15955575.1598323,39.378433,1,-0.2956
2972843,2972843,1328287617.51626,36.9895400808615,15.2663166540981,15955575.1660732,36.971996,0,-2.7021
2972844,2972844,1328287617.51626,36.9895401467962,15.2663165052311,15955575.1602233,39.2341,1,-0.44
2972845,2972845,1328287617.51626,36.9895401472058,15.266316504291,15955575.1602214,39.248375,1,-0.4257
2972846,2972846,1328287617.51636,36.9895337971734,15.2663157116781,15955575.8683151,39.188957,1,-0.4851
2972847,2972847,1328287617.51636,36.9895338002306,15.2663157046613,15955575.8683112,39.295494,1,-0.3786
2972848,2972848,1328287617.51646,36.9895274566217,15.2663148995039,15955576.5756286,39.424553,1,-0.2495
2972849,2972849,1328287617.51646,36.989527448675,15.2663149177432,15955576.5764087,39.147617,1,-0.5264
2972850,2972850,1328287617.51646,36.9895274583813,15.2663148954652,15955576.5756248,39.485874,1,-0.1882
2972851,2972851,1328287617.51646,36.9895274493295,15.266314916241,15955576.5764068,39.17043,1,-0.5036
2972852,2972852,1328287617.51646,36.9895274570618,15.2663148984937,15955576.5756267,39.43989,1,-0.2342
2972853,2972853,1328287617.51646,36.9895274480965,15.2663149190709,15955576.5764087,39.12746,1,-0.5466
2972854,2972854,1328287617.51646,36.9895274479703,15.2663149193607,15955576.5764087,39.12306,1,-0.551
2972855,2972855,1328287617.51656,36.9895211132359,15.2663140960253,15955577.2833293,39.52615,1,-0.1479
2972856,2972856,1328287617.51656,36.9895211065048,15.2663141114747,15955577.2841075,39.291573,1,-0.3825
2972857,2972857,1328287617.51656,36.9895211093771,15.2663141048821,15955577.2837203,39.39167,1,-0.2824
2972858,2972858,1328287617.51666,36.9895147611618,15.2663133078023,15955577.9918121,39.38874,1,-0.2853
2972859,2972859,1328287617.51666,36.989514760529,15.2663133092547,15955577.9918121,39.366688,1,-0.3074
2972860,2972860,1328287617.51666,36.9895144621319,15.2663139867407,15955578.0191615,29.07473,3,-10.5993
2972861,2972861,1328287617.51686,36.9895020670153,15.2663117078736,15955579.4069508,39.459194,1,-0.2149
2972862,2972862,1328287617.51686,36.9895020651739,15.2663117120999,15955579.4069509,39.395023,1,-0.279
2972863,2972863,1328287617.51686,36.9895020630824,15.2663117169005,15955579.4073363,39.322132,1,-0.3519
2972864,2972864,1328287617.51686,36.9895020656256,15.2663117110633,15955579.4069509,39.410763,1,-0.2633
2972865,2972865,1328287617.51696,36.989495716152,15.2663109165081,15955580.1154169,39.35832,1,-0.3157
2972866,2972866,1328287617.51696,36.989495713374,15.2663109228841,15955580.1154172,39.26151,1,-0.4126
2972867,2972867,1328287617.51706,36.9894893679868,15.2663101188141,15955580.8231112,39.349842,1,-0.3242
2972868,2972868,1328287617.51706,36.9894893659328,15.2663101235284,15955580.8234967,39.27826,1,-0.3958
2972869,2972869,1328287617.51706,36.9894893693054,15.2663101157874,15955580.823111,39.395798,1,-0.2783
2972870,2972870,1328287617.51716,36.9894830221015,15.2663093157437,15955581.5311891,39.419323,1,-0.2547
2972871,2972871,1328287617.51716,36.98948302065,15.2663093190753,15955581.5311894,39.368736,1,-0.3053
2972872,2972872,1328287617.51716,36.9894830148594,15.2663093323661,15955581.5319614,39.166935,1,-0.5071
2972873,2972873,1328287617.51716,36.9894830161637,15.2663093293723,15955581.5315756,39.21239,1,-0.4617
2972874,2972874,1328287617.51726,36.9894766697848,15.2663085272847,15955582.2396528,39.263298,1,-0.4108
2972875,2972875,1328287617.51726,36.9894766732316,15.2663085193733,15955582.2392666,39.38342,1,-0.2906
2972876,2972876,1328287617.51726,36.989476673706,15.2663085182845,15955582.2392663,39.399952,1,-0.2741
2972877,2972877,1328287617.51736,36.98947031975,15.2663077334303,15955582.94773,39.18556,1,-0.4885
2972878,2972878,1328287617.51746,36.9894639745779,15.2663069282497,15955583.655805,39.276176,1,-0.3979
2972879,2972879,1328287617.51746,36.9894639765615,15.2663069236971,15955583.6554188,39.345303,1,-0.3288
2972880,2972880,1328287617.51746,36.9894639659648,15.2663069480191,15955583.656578,38.976006,0,-0.6981
2972881,2972881,1328287617.51756,36.9894573473262,15.2663067654061,15955584.389029,29.606625,3,-10.0674
2972882,2972882,1328287617.51766,36.989451278944,15.2663053295066,15955585.0715679,39.27025,1,-0.4038
2972883,2972883,1328287617.51766,36.9894512823636,15.2663053216578,15955585.0715665,39.38942,1,-0.2846
2972884,2972884,1328287617.51766,36.989451283319,15.2663053194648,15955585.0711807,39.422718,1,-0.2513
2972885,2972885,1328287617.51776,36.9894449323567,15.2663045270366,15955585.7796401,39.308987,1,-0.3651
2972886,2972886,1328287617.51776,36.989444934089,15.2663045230605,15955585.7796397,39.369358,1,-0.3047
2972887,2972887,1328287617.51776,36.9894449322853,15.2663045272004,15955585.7796401,39.3065,1,-0.3676
2972888,2972888,1328287617.51776,36.9894449287919,15.2663045352186,15955585.7800273,39.184753,1,-0.4893
2972889,2972889,1328287617.51786,36.9894385856672,15.2663037268979,15955586.4877123,39.310604,1,-0.3635
2972890,2972890,1328287617.51786,36.9894385830128,15.2663037329905,15955586.4877142,39.218098,1,-0.456
2972891,2972891,1328287617.51786,36.9894385875542,15.2663037225667,15955586.4873261,39.37637,1,-0.2977
2972892,2972892,1328287617.51786,36.9894385865632,15.2663037248413,15955586.487327,39.34183,1,-0.3322
2972893,2972893,1328287617.51796,36.9894322341138,15.2663029354325,15955587.1961712,39.17521,1,-0.4989
2972894,2972894,1328287617.51796,36.9894322374363,15.2663029278064,15955587.195784,39.291,1,-0.3831
2972895,2972895,1328287617.51806,36.9894256181372,15.2663027434567,15955587.9282936,29.928457,3,-9.7456
2972896,2972896,1328287617.51806,36.9894258901725,15.2663021239974,15955587.9038548,39.337723,1,-0.3363
2972897,2972897,1328287617.51816,36.9894192498773,15.2663019874492,15955588.6383166,29.24591,3,-10.4282
2972898,2972898,1328287617.51816,36.9894195399265,15.2663013291092,15955588.6119265,39.247337,1,-0.4267
2972899,2972899,1328287617.51826,36.9894131973548,15.2663005163851,15955589.3196081,39.42432,1,-0.2497
2972900,2972900,1328287617.51826,36.9894131967898,15.266300517682,15955589.3196081,39.40463,1,-0.2694
2972901,2972901,1328287617.51826,36.9894131941038,15.266300523847,15955589.3199953,39.31102,1,-0.363
2972902,2972902,1328287617.51836,36.9894068414025,15.2662997341449,15955590.0284542,39.13502,1,-0.539
2972903,2972903,1328287617.51836,36.9894068437322,15.2662997287976,15955590.028068,39.216213,1,-0.4579
2972904,2972904,1328287617.51836,36.9894068457347,15.2662997242014,15955590.0280661,39.286003,1,-0.3881
2972905,2972905,1328287617.51846,36.9894004154945,15.2662991120608,15955590.7435211,36.41056,0,-3.2635
2972906,2972906,1328287617.51846,36.9894004995298,15.2662989216436,15955590.7357487,39.30361,1,-0.3705
2972907,2972907,1328287617.51846,36.9894004994781,15.2662989217622,15955590.7357487,39.30181,1,-0.3723
2972908,2972908,1328287617.51846,36.9894005017751,15.2662989164898,15955590.7357468,39.381863,1,-0.2922
2972909,2972909,1328287617.51856,36.9893941527063,15.2662981179732,15955591.4438175,39.332924,1,-0.3411
2972910,2972910,1328287617.51856,36.9893941485813,15.2662981274413,15955591.4442066,39.18916,1,-0.4849
2972911,2972911,1328287617.51856,36.9893941516957,15.2662981202929,15955591.4438185,39.2977,1,-0.3764
2972912,2972912,1328287617.51856,36.9893941517393,15.2662981201927,15955591.4438185,39.29922,1,-0.3748
2972913,2972913,1328287617.51856,36.9893941498922,15.2662981244324,15955591.4442057,39.234848,1,-0.4392
2972914,2972914,1328287617.51856,36.9893941481272,15.2662981284836,15955591.4442066,39.173332,1,-0.5007
2972915,2972915,1328287617.51866,36.989387804284,15.2662973177242,15955592.1518864,39.30693,1,-0.3671
2972916,2972916,1328287617.51866,36.9893878038788,15.2662973186543,15955592.1518873,39.29281,1,-0.3813
2972917,2972917,1328287617.51866,36.9893878042364,15.2662973178334,15955592.1518864,39.30527,1,-0.3688
2972918,2972918,1328287617.51876,36.9893814566978,15.2662965153008,15955592.8599552,39.31062,1,-0.3634
2972919,2972919,1328287617.51876,36.9893814544233,15.2662965205213,15955592.8603424,39.231354,1,-0.4427
2972920,2972920,1328287617.51876,36.9893814528497,15.2662965241333,15955592.8603434,39.17651,1,-0.4976
2972921,2972921,1328287617.51886,36.9893751076211,15.2662957160366,15955593.568025,39.26304,1,-0.411
2972922,2972922,1328287617.51886,36.9893751044061,15.2662957234159,15955593.5684132,39.15099,1,-0.5231
2972923,2972923,1328287617.51886,36.9893751078424,15.2662957155285,15955593.568025,39.270752,1,-0.4033
2972924,2972924,1328287617.51896,36.9893687582523,15.2662949171741,15955594.2764782,39.20607,1,-0.468
2972925,2972925,1328287617.51906,36.9893624001911,15.2662941379884,15955594.9853291,38.847076,0,-0.827
2972926,2972926,1328287617.51906,36.9893624128906,15.2662941088394,15955594.984158,39.289673,1,-0.3844
2972927,2972927,1328287617.51926,36.9893497204813,15.2662924951879,15955596.3999066,39.40138,1,-0.2727
2972928,2972928,1328287617.51926,36.9893497169411,15.2662925033135,15955596.4002957,39.278,1,-0.3961
2972929,2972929,1328287617.51946,36.9893367652004,15.2662914787954,15955597.8398728,30.42801,3,-9.2461
2972930,2972930,1328287617.51946,36.9893370235084,15.266290890833,15955597.8164276,39.359196,1,-0.3149
2972931,2972931,1328287617.51946,36.9893370132929,15.2662909142808,15955597.8172116,39.003166,0,-0.6709
2972932,2972932,1328287617.51946,36.9893370184462,15.2662909024524,15955597.8168206,39.182766,1,-0.4913
2972933,2972933,1328287617.51956,36.9893306716834,15.2662900958609,15955598.5248875,39.22399,1,-0.4501
2972934,2972934,1328287617.51956,36.9893306705904,15.2662900983697,15955598.5248894,39.185898,1,-0.4882
2972935,2972935,1328287617.51956,36.989330671963,15.2662900952193,15955598.5248875,39.233734,1,-0.4403
2972936,2972936,1328287617.51956,36.9893306729565,15.2662900929387,15955598.5248875,39.26836,1,-0.4057
2972937,2972937,1328287617.51966,36.9893240603826,15.2662898910485,15955599.255989,30.121063,3,-9.553
2972938,2972938,1328287617.51976,36.9893179773743,15.2662884833587,15955599.9401525,39.28677,1,-0.3873
2972939,2972939,1328287617.51976,36.9893179767155,15.2662884848709,15955599.9401526,39.26381,1,-0.4103
2972940,2972940,1328287617.51976,36.9893179764924,15.266288485383,15955599.9401526,39.256035,1,-0.418
2972941,2972941,1328287617.51986,36.9893116310839,15.2662876793061,15955600.6478266,39.28385,1,-0.3902
2972942,2972942,1328287617.51986,36.9893116290982,15.2662876838639,15955600.6482121,39.21465,1,-0.4594
2972943,2972943,1328287617.52006,36.9892989347917,15.2662860718443,15955602.0643269,39.253754,1,-0.4203
2972944,2972944,1328287617.52026,36.9892862357365,15.2662844647654,15955603.4808227,39.20233,1,-0.4717
2972945,2972945,1328287617.52026,36.989286236443,15.2662844631437,15955603.4808223,39.226955,1,-0.4471
2972946,2972946,1328287617.52026,36.9892862393704,15.2662844564244,15955603.480436,39.328983,1,-0.3451
2972947,2972947,1328287617.52036,36.98927989121,15.2662836503614,15955604.1884896,39.33812,1,-0.3359
2972948,2972948,1328287617.52036,36.9892798865248,15.2662836611154,15955604.1888763,39.17483,1,-0.4992
2972949,2972949,1328287617.52056,36.9892671973083,15.2662820338821,15955605.6045916,39.415707,1,-0.2584
2972950,2972950,1328287617.52056,36.9892671948347,15.2662820395599,15955605.6049778,39.329494,1,-0.3446
2972951,2972951,1328287617.52056,36.9892671833173,15.2662820659962,15955605.6057541,38.92808,0,-0.746
2972952,2972952,1328287617.52066,36.9892608495494,15.2662812257941,15955606.3126409,39.447037,1,-0.227
2972953,2972953,1328287617.52066,36.9892606025814,15.2662817877359,15955606.3351108,30.910812,3,-8.7633
2972954,2972954,1328287617.52066,36.9892608488661,15.2662812273626,15955606.3126413,39.42322,1,-0.2508
2972955,2972955,1328287617.52076,36.9892544838115,15.2662804585951,15955607.0226256,38.85471,0,-0.8194
2972956,2972956,1328287617.52076,36.9892544921014,15.2662804395669,15955607.0218503,39.14364,1,-0.5304
2972957,2972957,1328287617.52076,36.9892544965875,15.2662804292697,15955607.0214621,39.29999,1,-0.3741
2972958,2972958,1328287617.52076,36.9892544963168,15.2662804298911,15955607.0214621,39.290554,1,-0.3835
2972959,2972959,1328287617.52086,36.9892481449861,15.2662796292376,15955607.7298982,39.203445,1,-0.4706
2972960,2972960,1328287617.52086,36.9892481471187,15.2662796243426,15955607.7295119,39.27777,1,-0.3963
2972961,2972961,1328287617.52086,36.9892481433731,15.26627963294,15955607.7298991,39.147224,1,-0.5268
2972962,2972962,1328287617.52086,36.9892481490798,15.2662796198412,15955607.729511,39.346123,1,-0.3279
2972963,2972963,1328287617.52086,36.9892481483979,15.2662796214064,15955607.729511,39.322357,1,-0.3517
2972964,2972964,1328287617.52086,36.9892481454469,15.2662796281799,15955607.7298982,39.219505,1,-0.4546
2972965,2972965,1328287617.52086,36.9892481489887,15.2662796200502,15955607.729511,39.34295,1,-0.3311
2972966,2972966,1328287617.52086,36.9892481435544,15.2662796325238,15955607.7298991,39.153545,1,-0.5205
2972967,2972967,1328287617.52096,36.9892418013413,15.2662788105517,15955608.4375569,39.387405,1,-0.2867
2972968,2972968,1328287617.52096,36.9892417986597,15.266278816707,15955608.4379451,39.293945,1,-0.3801
2972969,2972969,1328287617.52096,36.989241800395,15.2662788127239,15955608.4375579,39.354424,1,-0.3196
2972970,2972970,1328287617.52106,36.9892354464305,15.2662780173294,15955609.1463782,39.182022,1,-0.492
2972971,2972971,1328287617.52106,36.9892354396903,15.2662780328006,15955609.1467683,38.9471,0,-0.727
2972972,2972972,1328287617.52106,36.989235450584,15.2662780077957,15955609.145991,39.326782,1,-0.3473
2972973,2972973,1328287617.52116,36.9892290982652,15.2662772082221,15955609.8544242,39.215168,1,-0.4589
2972974,2972974,1328287617.52116,36.9892291013504,15.2662772011406,15955609.854036,39.322693,1,-0.3514
2972975,2972975,1328287617.52116,36.9892290985496,15.2662772075695,15955609.8544242,39.22508,1,-0.449
2972976,2972976,1328287617.52116,36.989229097095,15.2662772109081,15955609.8544251,39.17438,1,-0.4997
2972977,2972977,1328287617.52126,36.9892227468178,15.2662764062416,15955610.5628564,39.13746,1,-0.5366
2972978,2972978,1328287617.52126,36.9892227515171,15.266276395455,15955610.5624682,39.301247,1,-0.3728
2972979,2972979,1328287617.52126,36.9892227532118,15.2662763915652,15955610.5624673,39.36031,1,-0.3138
2972980,2972980,1328287617.52126,36.989222534059,15.2662768896646,15955610.5822865,31.793413,3,-7.8807
2972981,2972981,1328287617.52136,36.9892164007117,15.2662755915886,15955611.2708995,39.24956,1,-0.4245
2972982,2972982,1328287617.52136,36.9892164014829,15.2662755898185,15955611.2708985,39.27644,1,-0.3976
2972983,2972983,1328287617.52136,36.9892164025681,15.2662755873275,15955611.2708976,39.314262,1,-0.3598
2972984,2972984,1328287617.52146,36.9892100519897,15.2662747825222,15955611.9793288,39.274258,1,-0.3998
2972985,2972985,1328287617.52146,36.9892100541721,15.2662747775129,15955611.9789416,39.350323,1,-0.3237
2972986,2972986,1328287617.52156,36.9892037028899,15.2662739739004,15955612.6873729,39.289658,1,-0.3844
2972987,2972987,1328287617.52156,36.9892036997574,15.2662739810905,15955612.687761,39.18048,1,-0.4936
2972988,2972988,1328287617.52156,36.989203706593,15.2662739654004,15955612.6869838,39.418724,1,-0.2553
2972989,2972989,1328287617.52166,36.9891970770998,15.2662737950215,15955613.4207284,29.736683,3,-9.9374
2972990,2972990,1328287617.52166,36.9891973524151,15.2662731680064,15955613.3958022,39.261127,1,-0.4129
2972991,2972991,1328287617.52166,36.9891973535018,15.2662731655121,15955613.3958013,39.299,1,-0.3751
2972992,2972992,1328287617.52176,36.9891910053733,15.2662723537995,15955614.1038434,39.35634,1,-0.3177
2972993,2972993,1328287617.52176,36.9891910083625,15.2662723469381,15955614.1034543,39.460526,1,-0.2135
2972994,2972994,1328287617.52176,36.9891910095775,15.2662723441493,15955614.1034533,39.502872,1,-0.1712
2972995,2972995,1328287617.52186,36.9891846553399,15.2662715460209,15955614.8122718,39.351494,1,-0.3226
2972996,2972996,1328287617.52196,36.9891783055041,15.2662707373455,15955615.5207011,39.35785,1,-0.3162
2972997,2972997,1328287617.52196,36.989178303903,15.2662707410205,15955615.5207011,39.302044,1,-0.372
2972998,2972998,1328287617.52196,36.9891782861711,15.2662707817219,15955615.5222632,38.684013,0,-0.9901
2972999,2972999,1328287617.52196,36.9891783014952,15.2662707465474,15955615.5210902,39.218124,1,-0.4559
2973000,2973000,1328287617.52196,36.9891783052858,15.2662707378466,15955615.5207011,39.35024,1,-0.3238
2973001,2973001,1328287617.52216,36.9891656063548,15.2662691197388,15955616.9371707,39.36916,1,-0.3049
2973002,2973002,1328287617.52216,36.9891656077647,15.2662691165024,15955616.9371707,39.418304,1,-0.2558
2973003,2973003,1328287617.52226,36.9891592538681,15.2662683134963,15955617.6459853,39.329697,1,-0.3444
2973004,2973004,1328287617.52226,36.9891592516033,15.2662683186948,15955617.6459891,39.25076,1,-0.4233
2973005,2973005,1328287617.52236,36.9891529025299,15.2662675064473,15955618.3544146,39.30203,1,-0.372
2973006,2973006,1328287617.52236,36.98915290487,15.266267501076,15955618.3540255,39.38359,1,-0.2905
2973007,2973007,1328287617.52246,36.9891465466035,15.2662667092871,15955619.0626361,39.121918,1,-0.5521
2973008,2973008,1328287617.52246,36.9891465542244,15.2662666917942,15955619.0618653,39.38754,1,-0.2865
2973009,2973009,1328287617.52246,36.9891465549115,15.2662666902171,15955619.0618653,39.411488,1,-0.2626
2973010,2973010,1328287617.52246,36.9891465539109,15.2662666925139,15955619.0618653,39.37661,1,-0.2975
2973011,2973011,1328287617.52246,36.9891465500598,15.2662667013536,15955619.0622507,39.242382,1,-0.4317
2973012,2973012,1328287617.52246,36.9891465559401,15.2662666878562,15955619.06148,39.447334,1,-0.2267
2973013,2973013,1328287617.52256,36.9891402041595,15.2662658808832,15955619.7702885,39.41405,1,-0.26
2973014,2973014,1328287617.52266,36.9891338508063,15.2662650793361,15955620.4787103,39.29803,1,-0.376
2973015,2973015,1328287617.52266,36.9891338402065,15.2662651036667,15955620.4798672,38.92858,0,-0.7455
2973016,2973016,1328287617.52266,36.989133857603,15.2662650637352,15955620.4783242,39.534927,1,-0.1391
2973017,2973017,1328287617.52276,36.9891287095228,15.2662615150484,15955621.0771431,81.145775,0,41.4717
2973018,2973018,1328287617.52276,36.9891274996139,15.2662642700552,15955621.1875159,39.29547,1,-0.3786
2973019,2973019,1328287617.52276,36.9891274997784,15.2662642696776,15955621.1871306,39.301205,1,-0.3729
2973020,2973020,1328287617.52276,36.9891274995832,15.2662642701258,15955621.1875159,39.2944,1,-0.3797
2973021,2973021,1328287617.52276,36.9891274960542,15.2662642782261,15955621.1875163,39.1714,1,-0.5027
2973022,2973022,1328287617.52276,36.9891275041839,15.2662642595653,15955621.1867446,39.454758,1,-0.2193
2973023,2973023,1328287617.52276,36.9891275025823,15.2662642632417,15955621.1871303,39.398933,1,-0.2751
2973024,2973024,1328287617.52286,36.9891215228119,15.2662626083181,15955621.8619541,52.2405,0,12.5664
2973025,2973025,1328287617.52286,36.9891211477324,15.2662634618705,15955621.8959345,39.27416,1,-0.3999
2973026,2973026,1328287617.52286,36.989121151135,15.2662634540603,15955621.8955485,39.392754,1,-0.2813
2973027,2973027,1328287617.52286,36.9891211566324,15.2662634414416,15955621.895162,39.584366,1,-0.0897
2973028,2973028,1328287617.52306,36.9891084466202,15.2662618379419,15955623.3127672,39.34013,1,-0.3339
2973029,2973029,1328287617.52306,36.9891084409612,15.2662618509316,15955623.3131539,39.142887,1,-0.5312
2973030,2973030,1328287617.52306,36.9891084459213,15.2662618395464,15955623.3127676,39.31577,1,-0.3583
2973031,2973031,1328287617.52306,36.9891084475501,15.2662618358076,15955623.3127672,39.37254,1,-0.3015
2973032,2973032,1328287617.52306,36.9891084464197,15.2662618384023,15955623.3127676,39.333138,1,-0.3409
2973033,2973033,1328287617.52316,36.9891020930468,15.2662610367443,15955624.0215684,39.210274,1,-0.4638
2973034,2973034,1328287617.52316,36.9891020967068,15.2662610283433,15955624.0211822,39.33784,1,-0.3362
2973035,2973035,1328287617.52316,36.9891020943955,15.2662610336486,15955624.0215679,39.257282,1,-0.4168
2973036,2973036,1328287617.52316,36.9891020946005,15.2662610331779,15955624.0211827,39.264427,1,-0.4096
2973037,2973037,1328287617.52326,36.9890957381846,15.2662602334159,15955624.7303683,39.107143,0,-0.5669
2973038,2973038,1328287617.52326,36.9890957467747,15.2662602136983,15955624.7295944,39.40655,1,-0.2675
2973039,2973039,1328287617.52336,36.9890893916651,15.2662594104308,15955625.4383923,39.300564,1,-0.3735
2973040,2973040,1328287617.52336,36.9890893906753,15.2662594127025,15955625.4383932,39.266068,1,-0.408
2973041,2973041,1328287617.52346,36.9890830401208,15.2662586007619,15955626.1471888,39.291725,1,-0.3823
2973042,2973042,1328287617.52356,36.9890766922425,15.2662577798697,15955626.8552114,39.44962,1,-0.2244
2973043,2973043,1328287617.52366,36.9890703363308,15.2662569768986,15955627.5643922,39.333565,1,-0.3405
2973044,2973044,1328287617.52366,36.9890703316479,15.2662569876478,15955627.5647804,39.17034,1,-0.5037
2973045,2973045,1328287617.52366,36.9890703334674,15.2662569834713,15955627.5643951,39.23376,1,-0.4403
2973046,2973046,1328287617.52376,36.989063983776,15.2662561634055,15955628.2727996,39.373672,1,-0.3004
2973047,2973047,1328287617.52386,36.9890576258452,15.2662553640197,15955628.9819804,39.19965,1,-0.4744
2973048,2973048,1328287617.52386,36.9890576245108,15.2662553670826,15955628.9819814,39.15314,1,-0.5209
2973049,2973049,1328287617.52386,36.9890576311665,15.266255351805,15955628.9815913,39.385128,1,-0.2889
2973050,2973050,1328287617.52386,36.9890576294086,15.2662553558402,15955628.9815933,39.323856,1,-0.3502
2973051,2973051,1328287617.52406,36.9890449204117,15.2662537420107,15955630.3995639,39.20122,1,-0.4728
2973052,2973052,1328287617.52406,36.9890449187583,15.2662537458059,15955630.3995649,39.14359,1,-0.5305
2973053,2973053,1328287617.52406,36.9890449211069,15.266253740415,15955630.3991777,39.225452,1,-0.4486
2973054,2973054,1328287617.52406,36.9890449221711,15.2662537379722,15955630.3991767,39.262543,1,-0.4115
2973055,2973055,1328287617.52406,36.989044914939,15.2662537545728,15955630.399954,39.010468,0,-0.6636
2973056,2973056,1328287617.52416,36.9890385697078,15.2662529244344,15955631.1079665,39.298416,1,-0.3756
2973057,2973057,1328287617.52416,36.9890383194894,15.2662534938543,15955631.1309015,30.648197,0,-9.0259
2973058,2973058,1328287617.52426,36.9890322113149,15.2662521239667,15955631.8171455,39.134228,1,-0.5398
2973059,2973059,1328287617.52426,36.9890322142405,15.2662521172511,15955631.8167573,39.236202,1,-0.4379
2973060,2973060,1328287617.52436,36.9890258617691,15.2662513026466,15955632.5255452,39.285126,1,-0.3889
2973061,2973061,1328287617.52436,36.9890258603252,15.2662513059609,15955632.5255472,39.2348,1,-0.4393
2973062,2973062,1328287617.52436,36.9890258598551,15.2662513070402,15955632.5259324,39.21841,1,-0.4557
2973063,2973063,1328287617.52436,36.9890258629588,15.2662512999158,15955632.5255433,39.326595,1,-0.3475
2973064,2973064,1328287617.52446,36.9890192711791,15.2662510291408,15955633.2561361,31.112335,3,-8.5617
2973065,2973065,1328287617.52446,36.9890195055911,15.2662504960025,15955633.2347213,39.21166,1,-0.4624
2973066,2973066,1328287617.52446,36.9890195116473,15.2662504821009,15955633.233946,39.422756,1,-0.2513
2973067,2973067,1328287617.52456,36.9890131530539,15.2662496804498,15955633.9431239,39.27199,1,-0.4021
2973068,2973068,1328287617.52456,36.9890131564023,15.2662496727638,15955633.9431201,39.388702,1,-0.2854
2973069,2973069,1328287617.52456,36.989013153786,15.2662496787694,15955633.943123,39.29751,1,-0.3766
2973070,2973070,1328287617.52466,36.9890067996046,15.2662488664364,15955634.6522952,39.30751,1,-0.3666
2973071,2973071,1328287617.52476,36.9890004434434,15.2662480580905,15955635.3610832,39.255573,1,-0.4185
2973072,2973072,1328287617.52476,36.9890004454899,15.2662480533928,15955635.3610832,39.326912,1,-0.3472
2973073,2973073,1328287617.52486,36.9889940894701,15.2662472441616,15955636.0698692,39.28706,1,-0.387
2973074,2973074,1328287617.52486,36.988994091788,15.266247238841,15955636.0698673,39.36785,1,-0.3062
2973075,2973075,1328287617.52496,36.9889875040159,15.2662469560809,15955636.7997352,31.32854,3,-8.3455
2973076,2973076,1328287617.52496,36.9889877345494,15.2662464318436,15955636.7790424,39.292763,1,-0.3813
2973077,2973077,1328287617.52496,36.9889877344927,15.2662464319739,15955636.7790424,39.290783,1,-0.3833
2973078,2973078,1328287617.52496,36.9889875023976,15.2662469597954,15955636.8001243,31.272135,3,-8.4019
2973079,2973079,1328287617.52496,36.9889877354672,15.266246429737,15955636.7790405,39.324753,1,-0.3493
2973080,2973080,1328287617.52506,36.9889813806866,15.2662456165309,15955637.4878284,39.342667,1,-0.3314
2973081,2973081,1328287617.52506,36.9889813739594,15.2662456319725,15955637.4882213,39.10818,0,-0.5659
2973082,2973082,1328287617.52516,36.9889750227753,15.2662448099416,15955638.1970035,39.25886,1,-0.4152
2973083,2973083,1328287617.52516,36.9889748006676,15.2662453148381,15955638.2173225,31.588306,3,-8.0858
2973084,2973084,1328287617.52516,36.9889750223435,15.2662448109327,15955638.1970054,39.243813,1,-0.4303
2973085,2973085,1328287617.52526,36.9889686529074,15.266244030063,15955638.906676,38.768215,0,-0.9058
2973086,2973086,1328287617.52526,36.9889686721842,15.2662439858146,15955638.9047496,39.44014,1,-0.2339
2973087,2973087,1328287617.52536,36.988962308833,15.2662431905646,15955639.6143042,39.18179,1,-0.4923
2973088,2973088,1328287617.52536,36.9889623133156,15.2662431802751,15955639.6139187,39.33804,1,-0.336
2973089,2973089,1328287617.52536,36.9889623102212,15.2662431873781,15955639.6143042,39.23018,1,-0.4439
2973090,2973090,1328287617.52536,36.9889623088807,15.266243190455,15955639.6143042,39.183453,1,-0.4906
2973091,2973091,1328287617.52546,36.9889559568639,15.26624236861,15955640.3230862,39.327843,1,-0.3462
2973092,2973092,1328287617.52546,36.988955960526,15.2662423602039,15955640.3227005,39.45549,1,-0.2186
2973093,2973093,1328287617.52546,36.9889559536224,15.2662423760506,15955640.3234717,39.21485,1,-0.4592
2973094,2973094,1328287617.52546,36.9889559567459,15.2662423688808,15955640.3230862,39.32373,1,-0.3503
2973095,2973095,1328287617.52546,36.9889559310807,15.2662424277934,15955640.3254003,38.429123,0,-1.2449
2973096,2973096,1328287617.52556,36.9889495999402,15.2662415597432,15955641.0322521,39.275913,1,-0.3982
2973097,2973097,1328287617.52556,36.988949603723,15.2662415510603,15955641.0318661,39.40777,1,-0.2663
2973098,2973098,1328287617.52556,36.9889496024937,15.266241553882,15955641.0322518,39.364918,1,-0.3091
2973099,2973099,1328287617.52556,36.9889496020332,15.266241554939,15955641.0322518,39.348866,1,-0.3252
2973100,2973100,1328287617.52556,36.9889495997236,15.2662415602405,15955641.0322521,39.26836,1,-0.4057
2973101,2973101,1328287617.52556,36.9889496019079,15.2662415552266,15955641.0322518,39.344498,1,-0.3296
2973102,2973102,1328287617.52566,36.9889432428308,15.2662407484247,15955641.7414162,39.258343,1,-0.4157
2973103,2973103,1328287617.52566,36.9889432477893,15.2662407370428,15955641.74103,39.431183,1,-0.2429
2973104,2973104,1328287617.52576,36.9889369861279,15.2662400482466,15955642.438648,39.240902,1,-0.4332
2973105,2973105,1328287617.52576,36.9889367675312,15.2662405450906,15955642.4583487,31.692589,3,-7.9815
2973106,2973106,1328287617.52576,36.9889369892424,15.2662400410974,15955642.438262,39.349464,1,-0.3246
2973107,2973107,1328287617.52576,36.9889369883351,15.2662400431801,15955642.4382622,39.31784,1,-0.3562
2973108,2973108,1328287617.52586,36.9889306281572,15.2662392155973,15955643.1481941,39.436676,1,-0.2374
2973109,2973109,1328287617.52596,36.988924264652,15.2662383950496,15955643.858125,39.44771,1,-0.2264
2973110,2973110,1328287617.52606,36.9889176952823,15.2662380415189,15955644.5866244,32.362408,3,-7.3117
2973111,2973111,1328287617.52616,36.9889115338878,15.2662367630718,15955645.2783687,39.33052,1,-0.3435
2973112,2973112,1328287617.52616,36.9889115319838,15.2662367674423,15955645.2783692,39.26415,1,-0.4099
2973113,2973113,1328287617.52626,36.9889051476711,15.2662359928644,15955645.9902322,38.574585,0,-1.0995
2973114,2973114,1328287617.52626,36.9889051715123,15.2662359381382,15955645.9882943,39.40563,1,-0.2684
2973115,2973115,1328287617.52626,36.9889051690149,15.2662359438709,15955645.9882958,39.318573,1,-0.3555
2973116,2973116,1328287617.52636,36.988898804559,15.2662351231203,15955646.6986053,39.32945,1,-0.3446
2973117,2973117,1328287617.52636,36.9888988118981,15.2662351062739,15955646.6978309,39.58527,1,-0.0888
2973118,2973118,1328287617.52636,36.9888988031284,15.2662351264042,15955646.6986062,39.27958,1,-0.3945
2973119,2973119,1328287617.52646,36.9888924401012,15.2662343063832,15955647.4085309,39.282444,1,-0.3916
2973120,2973120,1328287617.52646,36.9888924433114,15.2662342990145,15955647.4081437,39.39434,1,-0.2797
2973121,2973121,1328287617.52656,36.988886072853,15.2662334908659,15955648.118839,39.21262,1,-0.4614
2973122,2973122,1328287617.52656,36.9888858930558,15.2662338986458,15955648.1351297,33.016674,3,-6.6574
2973123,2973123,1328287617.52656,36.988886075036,15.2662334858549,15955648.1184528,39.288715,1,-0.3853
2973124,2973124,1328287617.52656,36.988886078854,15.266233477091,15955648.1180656,39.4218,1,-0.2523
2973125,2973125,1328287617.52666,36.9888797039501,15.266232678563,15955648.829149,39.093468,0,-0.5806
2973126,2973126,1328287617.52666,36.9888797020181,15.2662326829977,15955648.8295352,39.026123,0,-0.6479
2973127,2973127,1328287617.52666,36.98887971447,15.266232654415,15955648.8283708,39.460167,1,-0.2139
2973128,2973128,1328287617.52676,36.9888733400263,15.2662318542494,15955649.5394533,39.156254,1,-0.5178
2973129,2973129,1328287617.52676,36.9888733444316,15.2662318441373,15955649.5390651,39.30981,1,-0.3643
2973130,2973130,1328287617.52696,36.9888606133223,15.2662302035655,15955650.9592864,39.313824,1,-0.3602
2973131,2973131,1328287617.52696,36.9888606171002,15.2662301948936,15955650.9588992,39.44551,1,-0.2286
2973132,2973132,1328287617.52696,36.9888604655481,15.2662305403048,15955650.9728896,34.198425,3,-5.4756
2973133,2973133,1328287617.52706,36.9888542514243,15.2662293728765,15955651.6692026,39.472466,1,-0.2016
2973134,2973134,1328287617.52716,36.9888477354677,15.2662288904824,15955652.3931196,34.338165,3,-5.3359
2973135,2973135,1328287617.52716,36.98884787607,15.2662285702063,15955652.3802793,39.20358,1,-0.4705
2973136,2973136,1328287617.52716,36.9888478731789,15.2662285768427,15955652.3806684,39.1028,0,-0.5713
2973137,2973137,1328287617.52716,36.9888478866051,15.2662285460237,15955652.3791149,39.57081,1,-0.1033
2973138,2973138,1328287617.52716,36.9888478762503,15.2662285697924,15955652.3802793,39.209866,1,-0.4642
2973139,2973139,1328287617.52726,36.9888415103435,15.2662277471704,15955653.0905807,39.245693,1,-0.4284
2973140,2973140,1328287617.52726,36.9888415145318,15.2662277375563,15955653.0901916,39.39169,1,-0.2824
2973141,2973141,1328287617.52726,36.9888415114797,15.2662277445623,15955653.0901945,39.285297,1,-0.3888
2973142,2973142,1328287617.52726,36.9888415120599,15.2662277432303,15955653.0901945,39.305527,1,-0.3685
2973143,2973143,1328287617.52726,36.9888415088946,15.2662277504961,15955653.0905826,39.19519,1,-0.4789
2973144,2973144,1328287617.52736,36.9888351458938,15.2662269206407,15955653.800493,39.340805,1,-0.3333
2973145,2973145,1328287617.52736,36.988835145402,15.2662269217696,15955653.800493,39.32366,1,-0.3504
2973146,2973146,1328287617.52746,36.9888287688966,15.2662261223536,15955654.5119598,39.00704,0,-0.667
2973147,2973147,1328287617.52756,36.9888224128162,15.2662252777976,15955655.221092,39.37783,1,-0.2962
2973148,2973148,1328287617.52756,36.9888224107547,15.2662252825297,15955655.2214792,39.30597,1,-0.3681
2973149,2973149,1328287617.52756,36.9888224168829,15.2662252684628,15955655.220701,39.51959,1,-0.1545
2973150,2973150,1328287617.52766,36.9888160408738,15.2662244667986,15955655.9321668,39.23732,1,-0.4367
2973151,2973151,1328287617.52766,36.9888160448761,15.2662244576117,15955655.9317758,39.37683,1,-0.2972
2973152,2973152,1328287617.52766,36.9888160399138,15.2662244690022,15955655.9321668,39.203854,1,-0.4702
2973153,2973153,1328287617.52776,36.9888097177418,15.2662235432101,15955656.6385591,40.80678,0,1.1327
2973154,2973154,1328287617.52776,36.9888096340451,15.2662237328624,15955656.6459749,37.92495,0,-1.7491
2973155,2973155,1328287617.52786,36.9888033099745,15.2662228133493,15955657.3523691,39.434593,1,-0.2395
2973156,2973156,1328287617.52796,36.9887982277204,15.2662190650094,15955657.9458558,83.919426,0,44.2454
2973157,2973157,1328287617.52796,36.9887968132881,15.2662222845855,15955658.0747735,35.007095,3,-4.667
2973158,2973158,1328287617.52796,36.988796941525,15.2662219926955,15955658.0630529,39.44151,1,-0.2326
2973159,2973159,1328287617.52796,36.9887969392351,15.2662219979517,15955658.0630548,39.36169,1,-0.3124
2973160,2973160,1328287617.52796,36.9887969367511,15.2662220036534,15955658.0634439,39.275105,1,-0.399
2973161,2973161,1328287617.52806,36.9887906407653,15.2662210136581,15955658.7665222,41.85217,0,2.1781
2973162,2973162,1328287617.52806,36.9887905858419,15.2662211397301,15955658.7715301,39.937645,1,0.2636
2973163,2973163,1328287617.52806,36.988790572796,15.2662211696758,15955658.7726857,39.482887,1,-0.1912
2973164,2973164,1328287617.52806,36.9887905687744,15.2662211789071,15955658.773071,39.3427,1,-0.3314
2973165,2973165,1328287617.52806,36.9887905670516,15.2662211828616,15955658.773071,39.28265,1,-0.3914
2973166,2973166,1328287617.52806,36.9887905683323,15.2662211799217,15955658.773071,39.327293,1,-0.3468
2973167,2973167,1328287617.52816,36.9887861614162,15.26621589497,15955659.3049415,107.15938,0,67.4853
2973168,2973168,1328287617.52816,36.9887842079579,15.2662203419589,15955659.4829837,39.599792,1,-0.0743
2973169,2973169,1328287617.52816,36.9887842184644,15.2662203178421,15955659.4818274,39.96603,1,0.292
2973170,2973170,1328287617.52816,36.9887841969486,15.2662203672298,15955659.4837546,39.21603,1,-0.458
2973171,2973171,1328287617.52816,36.9887841942815,15.2662203733519,15955659.48414,39.12306,1,-0.551
2973172,2973172,1328287617.52826,36.9887778368934,15.2662195257022,15955660.1936649,39.541344,1,-0.1327
2973173,2973173,1328287617.52826,36.9887778340705,15.2662195321818,15955660.1940503,39.442944,1,-0.2311
2973174,2973174,1328287617.52826,36.9887778463126,15.2662195040813,15955660.1928936,39.86968,1,0.1956
2973175,2973175,1328287617.52826,36.9887778395961,15.2662195194984,15955660.1932795,39.635555,1,-0.0385
2973176,2973176,1328287617.52836,36.9887714770082,15.2662186832567,15955660.9031873,39.881195,1,0.2071
2973177,2973177,1328287617.52836,36.9887714797032,15.2662186770705,15955660.9031868,39.97514,1,0.3011
2973178,2973178,1328287617.52836,36.9887714633838,15.2662187145303,15955660.9047301,39.406273,1,-0.2678
2973179,2973179,1328287617.52836,36.9887714874128,15.2662186593738,15955660.9024153,40.24388,1,0.5698
2973180,2973180,1328287617.52836,36.9887714682813,15.2662187032886,15955660.9043441,39.576992,1,-0.0971
2973181,2973181,1328287617.52846,36.9887651029933,15.2662178727207,15955661.6142504,39.737133,1,0.0631
2973182,2973182,1328287617.52846,36.9887651064151,15.2662178648662,15955661.6142497,39.856415,1,0.1824
2973183,2973183,1328287617.52846,36.988764985379,15.2662181402263,15955661.6250584,35.67298,3,-4.0011
2973184,2973184,1328287617.52846,36.9887651102055,15.2662178561657,15955661.6138635,39.98854,1,0.3145
2973185,2973185,1328287617.52846,36.988765089957,15.2662179026442,15955661.6154084,39.282715,1,-0.3913
2973186,2973186,1328287617.52846,36.9887651067405,15.2662178641194,15955661.6142495,39.867756,1,0.1937
2973187,2973187,1328287617.52846,36.9887651022134,15.2662178745109,15955661.6146355,39.70995,1,0.0359
2973188,2973188,1328287617.52846,36.9887651490228,15.2662177670642,15955661.6103892,41.34164,0,1.6676
2973189,2973189,1328287617.52846,36.9887651074022,15.2662178626005,15955661.6138642,39.89082,1,0.2168
2973190,2973190,1328287617.52856,36.9887587371722,15.2662170428565,15955662.3245394,39.887325,1,0.2133
2973191,2973191,1328287617.52856,36.9887587301413,15.2662170589953,15955662.3253114,39.64224,1,-0.0318
2973192,2973192,1328287617.52856,36.9887587329703,15.2662170525016,15955662.3249257,39.740852,1,0.0668
2973193,2973193,1328287617.52856,36.9887587306566,15.2662170578124,15955662.3253114,39.660202,1,-0.0139
2973194,2973194,1328287617.52856,36.9887587374826,15.266217042144,15955662.3245394,39.898144,1,0.2241
2973195,2973195,1328287617.52856,36.9887587367046,15.2662170439298,15955662.3249245,39.871025,1,0.197
2973196,2973196,1328287617.52856,36.9887587389394,15.2662170388,15955662.3245387,39.94893,1,0.2749
2973197,2973197,1328287617.52856,36.988758729608,15.2662170602195,15955662.3253114,39.62365,1,-0.0504
2973198,2973198,1328287617.52856,36.9887587394695,15.2662170375832,15955662.3245387,39.967407,1,0.2933
2973199,2973199,1328287617.52866,36.988752366778,15.2662162229731,15955663.0355983,39.88674,1,0.2127
2973200,2973200,1328287617.52866,36.9887523310831,15.2662163049074,15955663.0386901,38.64248,0,-1.0316
2973201,2973201,1328287617.52866,36.9887523708339,15.2662162136633,15955663.0352121,40.028122,1,0.3541
2973202,2973202,1328287617.52866,36.9887523676612,15.2662162209458,15955663.035213,39.91753,1,0.2435
2973203,2973203,1328287617.52866,36.9887523607566,15.2662162367947,15955663.0359855,39.676846,1,0.0028
2973204,2973204,1328287617.52866,36.9887523711639,15.2662162129058,15955663.0348268,40.039627,1,0.3656
2973205,2973205,1328287617.52876,36.9887459857771,15.266215426924,15955663.7470441,39.52507,1,-0.149
2973206,2973206,1328287617.52876,36.9887459854366,15.2662154277056,15955663.7470441,39.513203,1,-0.1609
2973207,2973207,1328287617.52876,36.9887459964275,15.2662154024772,15955663.7462697,39.896324,1,0.2223
2973208,2973208,1328287617.52876,36.9887459996963,15.2662153949738,15955663.7458835,40.01027,1,0.3362
2973209,2973209,1328287617.52876,36.988745988568,15.2662154205178,15955663.7466579,39.622356,1,-0.0517
2973210,2973210,1328287617.52876,36.9887460077512,15.2662153764849,15955663.7451105,40.291046,1,0.617
2973211,2973211,1328287617.52876,36.9887460442628,15.2662152926761,15955663.7416315,41.56378,0,1.8897
2973212,2973212,1328287617.52876,36.9887459872502,15.2662154235428,15955663.7470436,39.57642,1,-0.0976
2973213,2973213,1328287617.52886,36.988739626401,15.2662145807291,15955664.4569402,39.92585,1,0.2518
2973214,2973214,1328287617.52886,36.9887396493004,15.2662145281658,15955664.4546199,40.724083,0,1.05
2973215,2973215,1328287617.52886,36.9887395049378,15.2662148570684,15955664.4677715,35.727516,3,-3.9465
2973216,2973216,1328287617.52886,36.9887396235792,15.2662145872063,15955664.4569411,39.827484,1,0.1534
2973217,2973217,1328287617.52896,36.9887332526817,15.266213766953,15955665.167995,39.8353,1,0.1612
2973218,2973218,1328287617.52896,36.9887332665909,15.266213735026,15955665.1664481,40.320152,1,0.6461
2973219,2973219,1328287617.52896,36.988733246118,15.2662137820194,15955665.1683831,39.6065,1,-0.0676
2973220,2973220,1328287617.52896,36.9887332709548,15.266213725009,15955665.1660609,40.47227,1,0.7982
2973221,2973221,1328287617.52896,36.9887332753861,15.2662137148376,15955665.1656737,40.626736,0,0.9527
2973222,2973222,1328287617.52896,36.9887332534907,15.2662137650961,15955665.1676097,39.8635,1,0.1894
2973223,2973223,1328287617.52896,36.988733257121,15.266213756763,15955665.1676078,39.990047,1,0.316
2973224,2973224,1328287617.52896,36.9887332628322,15.2662137436536,15955665.1668348,40.189133,1,0.5151
2973225,2973225,1328287617.52896,36.9887332569403,15.266213757178,15955665.1676083,39.983746,1,0.3097
2973226,2973226,1328287617.52896,36.9887332593544,15.2662137516366,15955665.167222,40.067898,1,0.3938
2973227,2973227,1328287617.52906,36.9887269264708,15.2662128436263,15955665.874404,41.409473,0,1.7354
2973228,2973228,1328287617.52906,36.988726856648,15.266213003897,15955665.8809857,38.975567,1,-0.6985
2973229,2973229,1328287617.52906,36.9887268843908,15.2662129402163,15955665.8782759,39.942635,1,0.2686
2973230,2973230,1328287617.52906,36.9887268648391,15.2662129850953,15955665.8802114,39.261093,1,-0.413
2973231,2973231,1328287617.52906,36.988726884632,15.2662129396627,15955665.8782759,39.951042,1,0.277
2973232,2973232,1328287617.52916,36.9887205351201,15.2662120693248,15955666.58739,40.721638,0,1.0476
2973233,2973233,1328287617.52916,36.988720535574,15.2662120682828,15955666.5870047,40.73746,0,1.0634
2973234,2973234,1328287617.52916,36.9887205128876,15.266212120357,15955666.5893278,39.94665,1,0.2726
2973235,2973235,1328287617.52916,36.9887205076876,15.266212132293,15955666.5897155,39.765385,1,0.0913
2973236,2973236,1328287617.52926,36.9887141958498,15.2662111749862,15955667.2949538,41.85791,0,2.1838
2973237,2973237,1328287617.52926,36.9887141375979,15.2662113086968,15955667.3003793,39.82734,1,0.1533
2973238,2973238,1328287617.52926,36.988714128243,15.26621133017,15955667.3011556,39.501244,1,-0.1728
2973239,2973239,1328287617.52926,36.9887141399148,15.2662113033787,15955667.3003783,39.908104,1,0.234
